image_AUROC,image_F1Score,pixel_AUROC,pixel_F1Score
0.8375262022018433,0.8807339668273926,0.9298676252365112,0.22310766577720642
