image_id,category,split,evidence_available,encoded_views,matching_reason,u_mean,v_mean,bidirectional_mean,u_std,v_std,reference_contrast,visual_distance,match_error,reference_margin,swap_margin_mean,u_mean_z,v_mean_z,bidirectional_mean_z,u_std_z,v_std_z,reference_contrast_z,visual_distance_z,match_error_z,reference_margin_z,swap_margin_mean_z
00160ff324c599b2c715a0b5,pcb3,evaluation,1,7,ok,0.003373973071575165,-0.003392130136489868,-9.078532457351685e-06,0.0012156590819358826,0.0025796592235565186,-5.428493022918701e-05,0.03853383660316467,0.005750152978088461,0.0021512210369110107,-0.0012589730322360992,2.7447420167545706,-2.3379432029346794,0.2784159046559648,1.9013793949540194,5.615745678935188,-0.05918911183106457,-0.30373051862313505,1.2809604967731052,2.539455264137674,-0.3911296169953954
00825985d63dafd101884c28,pcb3,evaluation,1,7,ok,0.000957682728767395,-0.0009709447622299194,-6.631016731262207e-06,0.0018537342548370361,0.00012148916721343994,0.0005008205771446228,0.043779224157333374,0.0009363471733731886,-0.0008648410439491272,-0.001578744500875473,0.9100771417663538,-0.561117413515456,0.2809329399768767,3.4815753498804343,-0.6820210506742157,0.2387358156769388,-0.10253447017511787,-0.4234895026299445,-0.13588552103312113,-0.625477043538171
009b5b8e3f53c3ec7bca77e5,pcb3,evaluation,1,7,ok,-0.00303824245929718,-0.0017588287591934204,-0.0023985356092453003,0.0006907135248184204,0.00015650689601898193,-0.0011607706546783447,0.05256456136703491,0.009772157021728707,0.004271864891052246,0.004331186413764954,-2.1239885314440117,-1.1393187440531245,-2.1789116605840593,0.6013494280427223,-0.5923065547836807,-0.6530396048746667,0.2344425620501792,2.7050530065014162,4.42053225847721,3.705669530559411
00b31381bedc1d3eac00940e,pcb3,evaluation,1,7,ok,0.0006814971566200256,0.001111343502998352,0.0008964203298091888,0.0003955438733100891,0.0012218654155731201,0.0013018399477005005,0.028152018785476685,0.0001752547061804569,-0.0022676438093185425,-0.001401800662279129,0.7003722237685855,0.9670032871944169,1.2096346891055991,-0.1296395042014104,2.1371138212562326,0.6686426257073119,-0.7019433673507777,-0.6929735881702517,-1.3802151638343991,-0.49580214354133095
00def363460ce202d13ff3ac,pcb3,evaluation,1,7,ok,-0.0033449381589889526,-0.0014309585094451904,-0.0023879483342170715,0.0003263801336288452,0.0003483891487121582,-7.174909114837646e-05,0.11073905229568481,0.0058020627480938735,-0.002368733286857605,-0.0014476180076599121,-2.356859481414611,-0.8987058932035515,-2.1680236630467205,-0.3009238078594937,-0.10070929368477922,-0.06856212075769715,2.4658272928156695,1.2993404670178692,-1.4698846716101583,-0.5293798014440034
00ef6542a72fc9f71ed246e8,pcb3,calibration,1,7,ok,-0.000899873673915863,-0.00010385364294052124,-0.0005018636584281921,6.83218240737915e-06,0.0005537047982215881,-0.00020997226238250732,0.05392932891845703,0.00618675750871403,-0.0009303539991378784,-0.0006373301148414612,-0.5003466905584885,0.07521133640551973,-0.22836636214090716,-1.0922857059087807,0.4253039750929807,-0.1427464473817959,0.2867906174723154,1.4355514009668688,-0.19399754799894156,0.06444704386132903
0153cfb8c2d58810b0f93a89,pcb3,evaluation,1,7,ok,-0.00019931793212890625,-0.0003746151924133301,-0.00028696656227111816,6.414949893951416e-05,0.00021335482597351074,-0.000301554799079895,0.042420893907547,0.0001401389831478156,-0.0015989094972610474,-0.0018373355269432068,0.03157821501156066,-0.12349137715000297,-0.007365297419258898,-0.9503391209640825,-0.446663660391174,-0.1918987621113896,-0.15463561159168165,-0.7054072002705559,-0.787027049158614,-0.8149878267981115
03cbf5cf1a692f2373ab2a8d,pcb3,calibration,1,7,ok,0.0008067786693572998,0.0007652491331100464,0.0007860139012336731,0.001479119062423706,0.0019788891077041626,0.0017875134944915771,0.1058439314365387,0.0035026398792771846,-0.0009493827819824219,-7.639080286026001e-05,0.7954972121991467,0.7130163729630764,1.096092260177341,2.55383918830245,4.076588516884678,0.9293034447736391,2.2780663383838196,0.48517149835217516,-0.2108766696719434,0.47553651587960744
056786f0aa55115950c55363,pcb3,evaluation,1,7,ok,-0.0007242113351821899,-0.0001304522156715393,-0.0004273317754268646,0.000987038016319275,0.0006809607148170471,0.0004953518509864807,0.05557975172996521,0.02383710691527666,0.0005857273936271667,0.0011302828788757324,-0.36696804933176586,0.055691546432948366,-0.15171746462875488,1.3351983265765246,0.7513302707973076,0.2358007523014489,0.35009548189172573,7.685105133693467,1.1508137572597836,1.3598582885348025
058aa8dfb17e82e7a4658a4c,pcb3,evaluation,1,7,ok,0.0013296008110046387,-0.00034306198358535767,0.0004932694137096405,0.0003490447998046875,0.0003096535801887512,0.0008678212761878967,0.038960039615631104,0.0037629600432379368,-0.0013159587979316711,-0.001718379557132721,1.1924707886576267,-0.10033554786881538,0.7950326153931424,-0.2447946630003006,-0.1999487966922029,0.43570495975034634,-0.2873827538375306,0.5773444528309132,-0.5360409865996508,-0.7278098633744075
0623b00ea5cbe2a2f243afb8,pcb3,evaluation,1,7,ok,0.00568641722202301,0.006317883729934692,0.006002150475978851,0.00020746886730194092,0.0017358958721160889,0.006697162985801697,0.06434458494186401,0.0061816797679358874,0.004120662808418274,0.007784977555274963,4.500557525775189,4.7879064890802985,6.460388741455174,-0.5954080787183764,3.4540462681668256,3.5643105728929454,0.686286047284459,1.4337534980980415,4.286411312810844,6.236811753075524
07719a9f44a630b6e3e80f30,pcb3,evaluation,1,7,ok,0.0022764354944229126,0.0001329183578491211,0.0012046769261360168,0.00030522048473358154,0.000978618860244751,0.002797946333885193,0.08086946606636047,0.00477635751202071,-0.0003862828016281128,-5.906820297241211e-05,1.9113928094564716,0.2489702735311067,1.526647050900874,-0.35332577084440764,1.5139225740574698,1.471602388720762,1.3201268739131073,0.9361635213878376,0.2886105103602159,0.48823154061718177
07cfaa4af4a3a48294ee60f8,pcb3,evaluation,1,7,ok,-0.0003639310598373413,-0.00034355372190475464,-0.000353742390871048,0.0002835690975189209,0.00030387192964553833,-0.00015231221914291382,0.023049890995025635,0.003540144951532544,0.001401163637638092,0.0013351961970329285,-0.09341087177909166,-0.10069641793553517,-0.07603783642587307,-0.40694552592685834,-0.21476123260944865,-0.11180032277291814,-0.8976444360544132,0.4984511201268304,1.874131044113097,1.5100308757853431
08081b2d1087d1c1f63bc2dc,pcb3,evaluation,1,7,ok,0.0004619508981704712,-0.0022827982902526855,-0.0009104236960411072,0.0004774034023284912,0.0008220970630645752,-0.0008422136306762695,0.02779066562652588,0.0008615348920164541,1.0028481483459473e-05,-0.0017834529280662537,0.5336729651255082,-1.5238422033279295,-0.6485311988456988,0.07308597724762121,1.1129178656173935,-0.4820701638904081,-0.7158037021543197,-0.4499786877127584,0.640150933238178,-0.7754994745821383
08ffdedac93baea4ed5e6dcb,pcb3,evaluation,1,7,ok,0.0011954382061958313,-0.0011090636253356934,4.318729043006897e-05,0.0007346346974372864,0.001160651445388794,0.0009780973196029663,0.015296787023544312,0.0008581407776162829,-0.00020116567611694336,-0.0008643679320812225,1.0906024766344857,-0.6624781604374526,0.3321662936246006,0.7101204040272532,1.9802852471633314,0.4948900728574661,-1.1950283502380212,-0.4511804599740489,0.4528151529159733,-0.1019396835862986
093638d6cb3f3f3e540ecc4f,pcb3,calibration,1,7,ok,-0.0009775608777999878,0.0012991726398468018,0.00016080588102340698,0.00012667477130889893,0.0010159313678741455,-0.0008117407560348511,0.05026015639305115,0.004067932692809955,-0.0001294463872909546,0.0006030499935150146,-0.5593338005415668,1.1048447172248157,0.4531257398759718,-0.7954950106227451,1.6095162326574268,-0.4657153829561388,0.14605306365724924,0.6853277520059241,0.5164323906702082,0.9734708775542815
09b936bb93c833df03447faf,pcb3,evaluation,1,7,ok,0.0004250556230545044,0.0026572272181510925,0.0015411414206027985,0.0002072155475616455,0.0006585493683815002,0.0026080235838890076,0.0644749104976654,0.004463052647745507,-0.0026964619755744934,-0.00027636438608169556,0.5056587550328445,2.1014748901241003,1.8726685321024577,-0.596035426162562,0.6939129934273652,1.369670916643633,0.6912849127769034,0.8252299903335186,-1.760590202162364,0.3289840582639105
0bea9fcc06208b7fcf1752af,pcb3,evaluation,1,7,ok,-0.001269809901714325,-0.0022776201367378235,-0.0017737150192260742,0.0008937343955039978,0.0012053027749061584,-0.0013769790530204773,0.043124377727508545,0.0005560849730866489,-0.001478634774684906,-0.002671029418706894,-0.7812355353728937,-1.5200421321708044,-1.536343575097568,1.104131501766638,2.094680773519071,-0.7690785750290825,-0.12765225464012633,-0.5581309762050779,-0.680339632883254,-1.4259679711198268
0ea2a017a831f1fbe8e6fd3c,pcb3,evaluation,1,7,ok,-0.00041710585355758667,8.10474157333374e-05,-0.00016802921891212463,0.0008570924401283264,0.00050373375415802,0.0007953718304634094,0.04603308439254761,0.0009535266407479351,-0.0011325106024742126,-0.0004857480525970459,-0.1337859560745966,0.21090394922045072,0.11495035964429316,1.0133875391047342,0.2972794806381258,0.3968213681110225,-0.01608370397408953,-0.4174066766198156,-0.3733167368609461,0.17553533559722154
0f5903a3646440fdc211f908,pcb3,evaluation,1,7,ok,0.0029155761003494263,0.0024766772985458374,0.002696126699447632,0.000887259840965271,0.0008502155542373657,0.002111271023750305,0.11618629097938538,0.002696034701979803,3.5956501960754395e-05,0.0008721426129341125,2.396685822095619,1.9689754306268112,3.0604601818135677,1.088097239149071,1.1849566969984315,1.1030639950713745,2.6747656957069355,0.1995724838226855,0.6631498930745313,1.1706778489293235
0f7bf017462b45e7a68ca6e5,pcb3,calibration,1,7,ok,-0.00041624903678894043,-0.0005026832222938538,-0.0004594661295413971,0.0004223138093948364,0.0007648691534996033,-0.0015477314591407776,0.05961427092552185,0.0016294943474449985,0.001608438789844513,0.0007913559675216675,-0.13313538374813125,-0.2174761586173781,-0.18476456763969235,-0.06334364046732735,0.9663014735035214,-0.8607213303962179,0.5048465486434204,-0.17806317087479345,2.05799054487383,1.1114726217338318
0fbcacf75c2c461640afa107,pcb3,calibration,1,7,ok,0.0012599453330039978,0.0008009150624275208,0.0010304301977157593,0.0005581751465797424,0.0005685314536094666,0.0023453012108802795,0.11205935478210449,0.000713500027485787,-0.0020254328846931458,-0.0010822974145412445,1.1395820870913278,0.7391903882568297,1.3474509929095004,0.27311755496573825,0.4632894744168455,1.2286679129017737,2.516469812606722,-0.5023941849299026,-1.1653665473631314,-0.26165128512352426
1059ec31e732828121ee3007,pcb3,evaluation,1,7,ok,-0.001421228051185608,-0.001288488507270813,-0.0013548582792282104,6.705522537231445e-07,0.0005896538496017456,-0.002854868769645691,0.08499979972839355,0.006436259736740049,0.0003194957971572876,-0.0010415688157081604,-0.89620580833598,-0.794151992963913,-1.105589566966596,-1.1075450099188244,0.5174044948103915,-1.5622614579974745,1.4785530727384835,1.523893990938705,0.9146580584573657,-0.23180296136956718
11aa823d106daa2240583cd3,pcb3,evaluation,1,7,ok,-0.0005903542041778564,-0.0013026446104049683,-0.0009464994072914124,0.0007634758949279785,9.720027446746826e-05,-0.0017766356468200684,0.02037826180458069,0.002550903444041449,-0.00010538101196289062,-0.0013498440384864807,-0.26533168048588646,-0.8045406767028165,-0.6856316098772219,0.7815457556873243,-0.7442485520791399,-0.9835741261525884,-1.0001194639689304,0.14818508214061396,0.5377791263803867,-0.45772525966714833
122afcd920e04ff96c403870,pcb3,evaluation,1,7,ok,-0.00040455907583236694,-0.0005754157900810242,-0.0004899874329566956,0.00028980523347854614,5.3144991397857666e-05,-0.0020138248801231384,0.021384447813034058,0.00017757815369131723,0.0013050958514213562,0.00021275505423545837,-0.12425931435487816,-0.2708521221222077,-0.21615280262330125,-0.3915017079626425,-0.8571170231856788,-1.1108735029355867,-0.9615254331534925,-0.6921509126679245,1.788915932581505,0.687439684708921
12358e41084724e2c739056e,pcb3,evaluation,1,7,ok,-0.0003809630870819092,-0.0007668137550354004,-0.0005738884210586548,0.00012242794036865234,0.0001583695411682129,-0.002091348171234131,0.05084884166717529,0.01101539506052903,-0.0008542239665985107,-0.0020928233861923218,-0.10634311819908945,-0.41131259400046705,-0.3024369266683202,-0.8060123060105624,-0.5875345071299288,-1.1524802255813256,0.16863312084276383,3.1452529564901335,-0.1264678435139247,-1.0022244260566757
1257ca59dde2218bbaa50c3c,pcb3,evaluation,1,7,ok,-0.00012211501598358154,0.0013071000576019287,0.0005924925208091736,0.00017802417278289795,0.001014620065689087,0.0012152940034866333,0.032233089208602905,0.0021664806982474873,-0.001993328332901001,-0.0006710737943649292,0.09019761020141942,1.1106623801186017,0.8970740701457878,-0.6683279934072426,1.6061567111091857,0.6221934483644092,-0.5454067465402679,0.012070461937775771,-1.1368888123243823,0.03971768169510356
12f6de240f34609698a449ec,pcb3,evaluation,1,7,ok,-0.0002446696162223816,0.00032467395067214966,4.000216722488403e-05,0.00042244046926498413,0.0014424845576286316,0.0004389137029647827,0.027724266052246094,0.0005931216465852045,-0.0027960389852523804,-0.0022919103503227234,-0.0028568610857825395,0.38969319636698047,0.32889069971382484,-0.06302996674523455,2.7023342335572176,0.20551041841951984,-0.7183505743969828,-0.5450172028865387,-1.8489181039476694,-1.1481271168148366
1362c7e36c2b7ed1027b499c,pcb3,evaluation,1,7,ok,0.0025777816772460938,-0.0013749226927757263,0.0006014294922351837,0.0005932897329330444,0.0006424710154533386,0.002002924680709839,0.03381752967834473,0.002374706724357337,3.3989548683166504e-05,-0.0009409002959728241,2.1402019252496607,-0.8575831087823444,0.9062648886159059,0.3600789815671113,0.6527206780801792,1.0449145514659604,-0.4846327506779744,0.08579816606140006,0.6614051443972907,-0.1580271219107561
14f02280ec42c1ccc8aac851,pcb3,evaluation,1,7,ok,1.7687678337097168e-05,-0.0019842609763145447,-0.0009832866489887238,7.236003875732422e-05,2.763420343399048e-05,0.0011747032403945923,0.013111114501953125,0.002328806942684763,-0.0008600801229476929,-0.0012737028300762177,0.19634838527790174,-1.3047557987310214,-0.7234637617706844,-0.9300056832143024,-0.9224749878514643,0.6004084003130891,-1.2788636569726164,0.06954618456937837,-0.1316624361666183,-0.4019244831916038
1518c0861544d38ef8ffee22,pcb3,calibration,1,7,ok,-0.0010288506746292114,-5.812942981719971e-05,-0.0005434900522232056,0.0006171613931655884,5.155801773071289e-06,-0.00016573071479797363,0.042882710695266724,0.00011976544738661314,-0.00014674663543701172,0.0002557486295700073,-0.598277625718848,0.10876678488217813,-0.27117511811635525,0.41919725248389456,-0.9800640589369417,-0.11900202459751937,-0.13692181793265598,-0.7126209671786445,0.5010865329862966,0.7189479170737265
15c3ae0d8743e8989805d796,pcb3,evaluation,1,7,ok,0.0006645470857620239,0.0016191154718399048,0.0011418312788009644,0.00038282573223114014,0.001291230320930481,0.0016552358865737915,0.046044498682022095,0.009425079684355922,-0.0002538710832595825,0.0010510310530662537,0.6875022060059018,1.3396399051806027,1.4620163266028778,-0.16113603617861047,2.3148248758819516,0.858310099857498,-0.015645888862357026,2.5821614750444577,0.40606381904173083,1.301777867832188
1621ba8240391d551eebc9cd,pcb3,calibration,1,7,ok,-0.00019782036542892456,0.00044414401054382324,0.00012316182255744934,0.000602133572101593,0.00039771199226379395,5.289912223815918e-07,0.030733704566955566,0.0013022923132664282,-0.0018126890063285828,-0.001491442322731018,0.03271530229520876,0.4773682193950426,0.41441243406499073,0.3819807879273553,0.02565452818656999,-0.029770499769103887,-0.6029182767918968,-0.29391734729671243,-0.9766561165679493,-0.5614968489736432
168a3230b835f3681c7b312b,pcb3,calibration,1,7,ok,-0.0011945068836212158,-0.00029639899730682373,-0.0007454529404640198,0.0005866587162017822,0.00013782083988189697,-0.0006650686264038086,0.04556414484977722,0.004201875137575339,0.0003841221332550049,0.0005006417632102966,-0.7240587136025886,-0.06609116562841916,-0.47887458978746156,0.34365723964578265,-0.6401797368461194,-0.38699650337862646,-0.03407070340779946,0.7327534706912887,0.971983626739127,0.8984200753960194
1725fd60afdb8a35f9008848,pcb3,calibration,1,7,ok,0.0003067702054977417,-0.00048135221004486084,-8.729100227355957e-05,0.00044132769107818604,0.0002498626708984375,-0.001213274896144867,0.020240426063537598,0.0005156466314963191,-0.0010202452540397644,-0.002020943909883499,0.4158458310766394,-0.2018220525413356,0.19798187640247164,-0.016255679362573664,-0.35313152637763756,-0.6812186125137366,-1.0054063958012092,-0.5724491963609437,-0.2737338843281379,-0.9495468986778592
18e1a3f7f9f9b8caa40609cc,pcb3,evaluation,1,7,ok,0.004149049520492554,0.0027246177196502686,0.003436833620071411,0.0008993148803710938,0.0008521378040313721,0.003156214952468872,0.06920969486236572,0.00984784520770427,0.0017825961112976074,0.002648487687110901,3.333249743275109,2.150930492449565,3.822206250196447,1.1179515969341383,1.1898814501771036,1.6638850283308533,0.8728958794773672,2.7318523278231233,2.212473500671175,2.472488478115673
195b9a91e8b5e0aff0059c51,pcb3,evaluation,1,7,ok,0.00020240247249603271,0.0007478892803192139,0.0004751458764076233,9.177625179290771e-05,0.0008068680763244629,0.0008253157138824463,0.06446674466133118,0.0019837043231581675,-0.0014357566833496094,-0.0007503554224967957,0.3366004645624972,0.7002765660622106,0.7763942944856289,-0.8819213467570187,1.0739016040003182,0.4128922396452103,0.6909716977883532,-0.05264614796508452,-0.6423054334987099,-0.018384579910285085
1a55f10c2d0e3b015462d6fd,pcb3,evaluation,1,7,ok,0.00100746750831604,-0.0031100884079933167,-0.0010513104498386383,0.0006577670574188232,1.9781291484832764e-05,-0.0020414814352989197,0.08229809999465942,0.004038310155581374,-6.017833948135376e-05,-0.003139697015285492,0.947878222509322,-2.1309623487577354,-0.7934197206136844,0.5197573575077612,-0.9425939407596822,-1.1257167662187182,1.3749246363442325,0.6748391416194987,0.577875301474397,-1.769435278035959
1c4b2f28076091629cfa0602,pcb3,calibration,1,7,ok,0.002730652689933777,0.0030976980924606323,0.0029141753911972046,0.0004560202360153198,0.0023421496152877808,0.006651163101196289,0.0684223473072052,0.003091823825564887,-0.006181240081787109,-0.002672135829925537,2.2562753425924056,2.4247215185242252,3.284702360510089,0.020130472400190544,5.00725233850998,3.539622451257694,0.842695781730994,0.3397116582774454,-4.851696666443789,-1.4267788146353233
1e51370fdebf3dff56edbce7,pcb3,evaluation,1,7,ok,-0.0030942708253860474,0.002042919397354126,-0.0005256757140159607,0.002813205122947693,0.0009752810001373291,-0.0032834410667419434,0.27115970849990845,0.017189271599378213,0.0011466145515441895,0.0020734891295433044,-2.1665303044441795,1.6506552254102398,-0.2528547788399464,5.857709148919607,1.5053710646619463,-1.7922760567507845,8.619043196200495,5.331270483962539,1.6483380950300475,2.0510955602136085
1eceb5e37343e14cafa05cac,pcb3,evaluation,1,7,ok,-0.0008870959281921387,-0.0003587305545806885,-0.0006229132413864136,0.00021639466285705566,5.8203935623168945e-05,-0.000125005841255188,0.06080237030982971,0.016307726366423567,0.002788260579109192,0.002989940345287323,-0.4906446771681577,-0.1118341804492965,-0.3528542551663421,-0.573303307008543,-0.8441561417580888,-0.09714499951519272,0.5504181863570702,5.01913704261941,3.104529133082469,2.7227251614267676
1fbb9f1ade34b0442c15b1c1,pcb3,evaluation,1,7,ok,0.0010900795459747314,0.00011138617992401123,0.0006007328629493713,0.00026413798332214355,0.0008340328931808472,0.000709041953086853,0.11862006783485413,0.006962505068762701,0.0027917176485061646,0.002656891942024231,1.0106047090819097,0.23316853879140606,0.9055484721699234,-0.4550667651749765,1.1434971469826354,0.35048815376251924,2.768117479739632,1.7102244937133015,3.107595661060649,2.478647612698032
20090940cea17bc05537f0fa,pcb3,evaluation,1,7,ok,0.00040894001722335815,-0.00037698447704315186,1.597777009010315e-05,0.00019935518503189087,0.00027285516262054443,-0.0003910139203071594,0.030912071466445923,0.0006807606433253176,-0.0016536787152290344,-0.002242147922515869,0.49342233814463143,-0.1252301147441984,0.3041839100874006,-0.6155016483277325,-0.2942253701397246,-0.23991144051671268,-0.5960767012208289,-0.513986394000345,-0.835609047364658,-1.1116582694074133
20fc74090c6cda7fa43395f3,pcb3,evaluation,1,7,ok,0.0010102838277816772,0.0012729242444038391,0.0011416040360927582,0.0002851933240890503,0.0005608126521110535,0.0017976760864257812,0.03351253271102905,0.0029291560252507525,-0.002255260944366455,-0.0012251026928424835,0.9500166254606602,1.0855819104815752,1.461782629259536,-0.40292312172590367,0.4435141089396977,0.9347577042343587,-0.4963314448123619,0.2821149991274777,-1.369231177843589,-0.36630743099237906
21a2e2ae4ed5897da45480e0,pcb3,calibration,1,7,ok,-0.0004389658570289612,-0.0004330053925514221,-0.00043598562479019165,0.00013747066259384155,2.9675662517547607e-05,-0.0009315237402915955,0.022922158241271973,0.00011694182952245076,-0.0005109086632728577,-0.0009736903011798859,-0.1503840361254599,-0.16634196370883822,-0.16061711919569294,-0.7687589386631887,-0.9172448236229522,-0.5300028678168349,-0.902543850072391,-0.7136207406763978,0.17806349852611167,-0.18205757518820329
2303f3fe2615e901fed4c38a,pcb3,evaluation,1,7,ok,-0.0017962157726287842,0.00045533478260040283,-0.0006704404950141907,0.0008756816387176514,0.0003550499677658081,0.001605600118637085,0.05185842514038086,0.004001579879247525,-0.0033348798751831055,-0.0014063045382499695,-1.1809302013011982,0.48558074727706,-0.401731479860701,1.0594237706707061,-0.08364445127496258,0.8316706009371797,0.20735746738336489,0.6618338559858367,-2.326886716960528,-0.4991028499731003
245d76d36e337b973a9434ac,pcb3,evaluation,1,7,ok,0.000902317464351654,0.00040156394243240356,0.0006519407033920288,0.000479377806186676,0.0006823316216468811,0.0010199621319770813,0.07802709937095642,0.00022719350341889933,-0.0009688213467597961,-0.0007092170417308807,0.8680388551753636,0.44612015225407753,0.9582108276056231,0.07797559703318536,0.754842497870469,0.5173589027033485,1.2111029092489414,-0.6745833400976469,-0.22811928065270373,0.011764056256818893
249f8e1272d8883ea47662fb,pcb3,evaluation,1,7,ok,0.0008128434419631958,0.0010244250297546387,0.0009186342358589172,0.0003932267427444458,0.0002721548080444336,0.0003570765256881714,0.11165842413902283,0.009523524017847748,0.0027231425046920776,0.0030074715614318848,0.8001021328403883,0.9032167690375491,1.2324795621932665,-0.13537788817616683,-0.2960196600575353,0.16158843460973646,2.501091413917069,2.6170181873773517,3.0467673776313977,2.735573072483762
2529cdfcc40639faa27a9811,pcb3,calibration,1,7,ok,-0.0007815808057785034,-0.0012879297137260437,-0.0010347552597522736,0.0004596412181854248,3.077089786529541e-06,-0.0024424567818641663,0.09643667936325073,0.0006974862332929645,-0.0020185932517051697,-0.003492996096611023,-0.41052810945161844,-0.7937419133426404,-0.7763942944856289,0.029097850572961034,-0.9853896641185288,-1.3409200914804553,1.91723466973128,-0.50806427479428,-1.1592995803718176,-2.0283537201998465
272f7b06c106ec4aeab508f5,pcb3,calibration,1,7,ok,-0.00022058188915252686,-0.0011480599641799927,-0.0006843209266662598,0.0002387017011642456,0.0002367645502090454,-0.0011209473013877869,0.049063682556152344,0.0040303960439229455,-0.0002016797661781311,-0.0012258924543857574,0.015432707013890629,-0.69109625027399,-0.4160061733245027,-0.5180598291293766,-0.38668856547882063,-0.631666425389662,0.10016020911227608,0.6720369497242062,0.45235913905714903,-0.36688621491589857
2980b34e3867b9b914862f14,pcb3,evaluation,1,7,ok,-4.522502422332764e-05,-0.0005151480436325073,-0.0002801865339279175,0.0014284998178482056,0.0014571398496627808,0.0004378855228424072,0.06850266456604004,0.004808503262540127,-0.0022677183151245117,-0.002283737063407898,0.1485794050633517,-0.22662366803589684,-0.00039268815889416755,2.4284804078378355,2.739880704496937,0.20495859451513618,0.8457764911986678,0.9475455394160601,-1.3802812527994461,-1.142137249228979
2bfaa0e7466b482f776d9d31,pcb3,calibration,1,7,ok,0.0009450465440750122,0.0020924508571624756,0.001518748700618744,2.1770596504211426e-05,0.0005398690700531006,0.0007190033793449402,0.09259220957756042,0.00016171823533708346,-0.0005149319767951965,0.00041827186942100525,0.9004826142386564,1.6870046830398349,1.849639766023308,-1.0552906580972483,0.3898572051209119,0.355834447676729,1.7697732817459515,-0.6977665188901213,0.1744946944135741,0.8380545502406418
2eea259b2d4c53ba5ec306db,pcb3,calibration,1,7,ok,-0.0003275871276855469,-0.00021675974130630493,-0.0002721734344959259,0.00043261051177978516,3.7364661693573e-05,0.0002104043960571289,0.048040151596069336,0.00017528363022748883,-0.0018961727619171143,-0.0017355568706989288,-0.06581529083563181,-0.007646618004661361,0.007848016521899533,-0.03784381200072485,-0.8975458109082646,0.08286955503222417,0.06090088222626821,-0.6929633468780295,-1.0507088019031043,-0.7403984137109569
2fc4278c8f63d13465c3149e,pcb3,calibration,1,7,ok,-0.00031748414039611816,0.0021648630499839783,0.00092368945479393,7.972121238708496e-05,0.00017537921667099,0.0013971328735351562,0.02271711826324463,0.0004911440749501073,-0.003358125686645508,-0.0014183856546878815,-0.05814419453400582,1.7401455342284684,1.2376783703066265,-0.9117757045420859,-0.5439561679558669,0.7197863049614205,-0.9104085183980297,-0.5811249477694561,-2.3475064740551894,-0.5079566059352408
30d715d6ea9ac89ebc7d1318,pcb3,evaluation,1,7,ok,0.0008870288729667664,0.001128755509853363,0.0010078921914100647,8.087605237960815e-05,0.0009813830256462097,0.00042191892862319946,0.1147921085357666,0.00010093130122602377,-0.0005775764584541321,-0.000245753675699234,0.8564303820109561,0.9797813681932681,1.3242728137747715,-0.9089157382524163,1.5210042927756375,0.19638932910141021,2.621289380453781,-0.7192896741673496,0.11892709260206286,0.3514173955259854
31d8332cda3e1b4da0906e35,pcb3,calibration,1,7,ok,-0.001638367772102356,-0.0007518380880355835,-0.0011951029300689697,0.001065775752067566,0.00017525255680084229,-0.0007489174604415894,0.04734066128730774,0.007819949544614428,-0.0032555311918258667,-0.003186725080013275,-1.0610778073142895,-0.4003224601503638,-0.9412965034932549,1.5301926733457396,-0.544280667196322,-0.4319981426535083,0.03407070340779946,2.013824450928457,-2.256501969185481,-1.8039002226138383
32979cfd91f7a33c6b03b5c8,pcb3,evaluation,1,7,ok,0.0021424442529678345,0.0010871142148971558,0.0016147792339324951,9.904801845550537e-05,0.0003613680601119995,0.0018922686576843262,0.059195250272750854,0.005170932369214707,-0.001597076654434204,-0.0011786073446273804,1.8096546118986236,0.9492222348160408,1.9483979646571992,-0.8639127848298088,-0.06745766563343628,0.9855255034376553,0.4887742758732926,1.0758727540390591,-0.7854012606184579,-0.33223289255159083
32c9f568a03a9e26ef015b76,pcb3,evaluation,1,7,ok,0.0014111101627349854,0.0027357786893844604,0.002073444426059723,0.0005178153514862061,0.0020840615034103394,0.0016534030437469482,0.0887988805770874,0.015621858727258423,0.003277003765106201,0.004766039550304413,1.2543600169318068,2.1591211494184477,2.420091150016884,0.17316634599064,4.346037415606123,0.857326413767075,1.6242734883604477,4.7762882147708705,3.53805952599773,4.024355603165229
347b101fa9a9458488a65fb1,pcb3,calibration,1,7,ok,-0.002031862735748291,-0.0026497095823287964,-0.0023407861590385437,0.0003482699394226074,0.00058765709400177,-0.0025005489587783813,0.11526262760162354,0.023750765361483135,0.004784747958183289,0.003225550055503845,-1.3598545625311589,-1.7931059503837419,-2.1195218865433043,-0.2467136081236918,0.5122888597255696,-1.372098142078132,2.639336965268488,7.654533717379232,4.875475476067697,2.8953938785348594
3619a9c2118f7294856a2082,pcb3,calibration,1,7,ok,-0.0032084286212921143,-0.0009507089853286743,-0.0020795688033103943,0.0002976655960083008,0.0008684247732162476,-0.002062365412712097,0.08134663105010986,0.003159145235457895,7.338821887969971e-05,0.0001710653305053711,-2.253209166932021,-0.5462670634971075,-1.8508848748198017,-0.372035485797472,1.2316082348615096,-1.1369251894360182,1.3384293745761597,0.3635485103871738,0.6963529891141403,0.656886991840492
36890e55c2c6b3d21fb8bd1b,pcb3,evaluation,1,7,ok,0.004587352275848389,0.00486387312412262,0.004725612699985504,0.0010882914066314697,5.669891834259033e-05,0.0041887760162353516,0.08150765299797058,0.007537760215851841,0.0018402040004730225,0.004072852432727814,3.6660486025907826,3.7208574436160986,5.147591999680085,1.5859527902965882,-0.8480119562623203,2.2180601823940593,1.3446056540766578,1.9139081641580589,2.2635734884455094,3.516347125085899
36d1b72ee722b86a7f2dade4,pcb3,evaluation,1,7,ok,0.0003217458724975586,0.0009026452898979187,0.0006121955811977386,0.0012499690055847168,0.000966094434261322,0.0004663392901420593,0.06731969118118286,0.006827057967157659,0.0009614303708076477,0.0014850497245788574,0.4272167039131204,0.8138467502415606,0.9173367791447268,1.9863480708503325,1.4818353256336423,0.2202297212603622,0.800401470193159,1.6622660131232199,1.4840739724057477,1.619852395160325
36d1bc231ff620c59206465c,pcb3,calibration,1,7,ok,-0.0017745941877365112,-0.0012360289692878723,-0.0015053115785121918,0.00034905970096588135,0.0002675577998161316,-0.0017737001180648804,0.033090412616729736,0.0016795710363947708,0.0014643818140029907,0.00084681436419487,-1.1645131500716122,-0.75565371811885,-1.2603163637788766,-0.24475776020946616,-0.3077970736669949,-0.9819986289183337,-0.5125226021036913,-0.16033224945562446,1.93020753095547,1.1521158116839971
37d281bef1de8488cc105a14,pcb3,evaluation,1,7,ok,-0.00027895718812942505,-0.0007884353399276733,-0.0005336962640285492,0.0020960643887519836,9.916722774505615e-05,-0.002294793725013733,0.08668309450149536,0.004287341871105526,0.0007017701864242554,-0.0007003657519817352,-0.0288910684457256,-0.4271799414795713,-0.2611031457287185,4.08170698582562,-0.7392092697567779,-1.2616693816182833,1.5431187989548676,0.7630151347101854,1.2537473203204743,0.018250804380792365
39a698b070175e32c8e74726,pcb3,calibration,1,7,ok,-0.003670737147331238,-0.0011269599199295044,-0.002398848533630371,6.0752034187316895e-05,0.0004745572805404663,-0.0024566948413848877,0.03420630097389221,0.002549432959396753,-0.002947598695755005,-0.002904057502746582,-2.604235365690054,-0.6756116437747401,-2.179233473319153,-0.9587529572743363,0.22253012618975668,-1.3485616529389854,-0.4697207451099575,0.14766441976796077,-1.9833562766462614,-1.5967447200250928
3b28e2f9a6c5bdd055c3352d,pcb3,evaluation,1,7,ok,0.0007170885801315308,-0.0008543208241462708,-6.861612200737e-05,0.0005735605955123901,0.001970939338207245,0.0013496056199073792,0.09064489603042603,0.004038705022893914,-0.002736784517765045,-0.0028476864099502563,0.727396432494889,-0.4755310626917418,0.21718720070038833,0.31121968650230425,4.056221417498465,0.6942784449174831,1.6950806519399113,0.6749789544033804,-1.7963575500457962,-1.555432652427464
3c0b4bf6bf885018b620760d,pcb3,evaluation,1,7,ok,3.14861536026001e-05,0.0007148087024688721,0.0003731474280357361,0.0002673715353012085,0.0011539161205291748,-0.0006761103868484497,0.07629522681236267,0.006207661975330254,0.0034548789262771606,0.0034584850072860718,0.20682542830932601,0.6759998524828781,0.6714986672610211,-0.4470588595639016,1.9630295228473646,-0.3929226122648336,1.1446738967868029,1.442953157405951,3.6958403211509196,3.0661023746189557
3c4a804044a0d360622a6542,pcb3,evaluation,1,7,ok,0.001642376184463501,0.0022524595260620117,0.0019474178552627563,7.56978988647461e-05,0.00027933716773986816,0.0039019733667373657,0.06281024217605591,0.008179147245517566,0.0029440075159072876,0.005200035870075226,1.429957973570797,1.8044296156591466,2.2904849020618627,-0.9217394580673864,-0.27761864430466815,2.0641333028625772,0.6274336368081245,2.141007504405651,3.242681505616702,4.342413749816285
3d27aa8fc7e84c699d7cd4ca,pcb3,calibration,1,7,ok,0.001559823751449585,0.0019065812230110168,0.001733202487230301,0.00021266937255859375,0.0005374625325202942,0.0017438232898712158,0.02038520574569702,0.00014461737716679404,-0.0007469505071640015,0.0002983398735523224,1.3672767442035285,1.5506012655480317,2.07018492937024,-0.5825290047171546,0.38369171955226444,0.9058549275612784,-0.9998531169166232,-0.7038215113182726,-0.03131295163926501,0.7501612972510786
3d641a43fe8d5bacb4f61ff1,pcb3,evaluation,1,7,ok,0.0016552060842514038,0.001008450984954834,0.001331828534603119,9.401142597198486e-05,0.0008998215198516846,0.0015309303998947144,0.04826262593269348,0.0033488734379751323,0.0008539408445358276,0.0012960284948349,1.4396995870157823,0.891493959597439,1.6574102922606373,-0.8763859281318518,1.312045870113151,0.7915953895623027,0.06943427598366539,0.4307265910547579,1.3887274225324517,1.4813264693141912
3d87b297c6b243bf9e8a1daa,pcb3,evaluation,1,7,ok,0.000969812273979187,0.00037661194801330566,0.0006732121109962463,0.0003443509340286255,0.000496208667755127,0.002333730459213257,0.058071643114089966,0.004838641992568235,0.0035815536975860596,0.004451818764209747,0.9192869830488369,0.4278087302321891,0.9800864313840202,-0.25641904211315125,0.2780004081169683,1.2224578946154852,0.44567635069695116,0.9582169209512478,3.808204779523816,3.7940760447641706
3e5f8931ce690d0567529eb3,pcb3,calibration,1,7,ok,0.001255720853805542,-0.0016927048563957214,-0.00021849200129508972,0.00103837251663208,0.00039476901292800903,0.0008550211787223816,0.021174579858779907,0.0019097270337506433,0.00028074532747268677,-0.0007659569382667542,1.1363744826643205,-1.0907926555358778,0.06305422500643568,1.4623284410011927,0.018114692893642054,0.42883515201316424,-0.9695752869833104,-0.07883968297702544,0.880285187736425,-0.029818292512642366
3e9539255c363ca5e382d607,pcb3,evaluation,1,7,ok,-0.0006249845027923584,-0.00012552738189697266,-0.00037525594234466553,0.0017319023609161377,0.0018734633922576904,0.001842796802520752,0.05017971992492676,0.0034209473414167114,-0.0020906925201416016,-0.0009195655584335327,-0.29162611677641564,0.05930571482843006,-0.09816246196356886,3.179858132018,3.8064906196823225,0.9589739764441227,0.1429677817079907,0.4562461840050267,-1.223253871847792,-0.14239176563718872
3f5daadf1432eed743eaeb72,pcb3,evaluation,1,7,ok,0.0013872981071472168,0.0018118172883987427,0.0015995576977729797,0.0004794001579284668,0.0006731599569320679,0.000715598464012146,0.07373952865600586,0.006966481640978973,0.0028060823678970337,0.0033761411905288696,1.2362797634067355,1.481057229508498,1.9327440737572814,0.07803095121943704,0.7313449352233948,0.35400703083395124,1.0466456072133807,1.7116324999326242,3.1203376135217096,3.0057559602535058
3fc30739de9a174fc45f397b,pcb3,evaluation,1,7,ok,-0.0003354474902153015,0.000549808144569397,0.00010718032717704773,0.00034862011671066284,0.00021144747734069824,-0.0007160454988479614,0.017913222312927246,8.36932800140123e-05,-0.0014641731977462769,-0.0013795681297779083,-0.0717835847871181,0.554911541913532,0.39797699795127384,-0.24584639253908233,-0.45155023718861587,-0.41435577260901046,-1.094670381297208,-0.725393232648197,-0.6675117647676329,-0.47950883007168715
404a3241b72012378380fa64,pcb3,calibration,1,7,ok,0.00012762844562530518,0.0005794763565063477,0.0003535524010658264,0.0005418509244918823,0.00033795833587646484,-0.0012372955679893494,0.07685714960098267,0.002088947090361655,-0.0001133456826210022,-0.0005060695111751556,0.279825300489401,0.5766840359389603,0.6513470602777692,0.23269054760660215,-0.12743276054578964,-0.6941104985118012,1.1662274318565582,-0.015382277802010973,0.5307142160168632,0.1606425700179811
40d02a6e61695a63b944af29,pcb3,calibration,1,7,ok,-0.00028640031814575195,-0.0006757602095603943,-0.0004810802638530731,0.0001507401466369629,0.0012801513075828552,-0.0009590759873390198,0.02892586588859558,0.00011887557160282307,-0.0012572184205055237,-0.0019314363598823547,-0.034542561959976605,-0.34449148664618284,-0.20699263298509682,-0.7358970034251141,2.2864407364374357,-0.5447901489647391,-0.6722611031438687,-0.7129360502627322,-0.483936446556602,-0.8839504773080314
4306ab11db3608ce4a569108,pcb3,evaluation,1,7,ok,-0.0008449852466583252,-5.033612251281738e-05,-0.0004476606845855713,0.0006680339574813843,0.0002083033323287964,-0.0007576793432235718,0.012329787015914917,0.00018405906655209975,-0.00010259449481964111,-8.41096043586731e-05,-0.4586704616100529,0.11448602866685871,-0.17262379909788145,0.5451833803926948,-0.45960545362814903,-0.4367006420126038,-1.3088328443989634,-0.6898561811457532,0.5402508536731443,0.4698797220610582
43664e73192f5e6f26ceeaa0,pcb3,evaluation,1,7,ok,-0.0030660107731819153,-0.0017276033759117126,-0.002396807074546814,0.0007029250264167786,0.0003704950213432312,-0.0017100051045417786,0.04147493839263916,0.00010523552908070722,-0.0020325705409049988,-0.0022183693945407867,-2.1450727319721534,-1.1164034948164168,-2.1771340283330654,0.6315912651315512,-0.044074632130052166,-0.9478135379141605,-0.19091939608646316,-0.7177656531615251,-1.1716978702146332,-1.0942319591063516
4373511abe35d425e9676a2a,pcb3,evaluation,1,7,ok,-0.0013186782598495483,0.004949048161506653,0.0018151849508285522,0.00018988549709320068,0.00054951012134552,0.0011062175035476685,0.06948772072792053,0.006666086460673142,0.0022468119859695435,0.005933783948421478,-0.8183407865840773,3.7833645133545963,2.154496034860815,-0.6389533719030233,0.4145573237767315,0.5636521298124036,0.8835600496532223,1.605269969813228,2.6242474062929655,4.880147696571466
46bd2a9a13c68a3032f8a029,pcb3,evaluation,1,7,ok,-6.827712059020996e-05,-0.0003716200590133667,-0.00021994858980178833,0.0013705790042877197,0.0014762729406356812,0.00016006827354431152,0.08051738142967224,0.0076157836500086225,0.0024881958961486816,0.002416558563709259,0.13107618090610185,-0.12129335037998233,0.06155626334665402,2.285039259864342,2.788899177996276,0.05585417606109376,1.3066220495527738,1.9415343393086404,2.8383624352522117,2.30251711250021
4773564034a8e983012dbef8,pcb3,evaluation,1,7,ok,0.0019453167915344238,0.000662386417388916,0.00130385160446167,0.0001951754093170166,0.0011483728885650635,0.002099469304084778,0.042117565870285034,0.004292564819230795,0.0021487921476364136,0.0025570616126060486,1.6599777196062782,0.6375289162792332,1.6286387013016597,-0.6258528811567947,1.948827909029799,1.0967300163427969,-0.16627029098388374,0.7648644519220006,2.5373007638771425,2.4054860486297485
4a7108d565d999afd544524a,pcb3,evaluation,1,7,ok,0.0010167062282562256,-0.002777993679046631,-0.0008806437253952026,8.52346420288086e-05,0.000596359372138977,-0.0007373988628387451,0.053238093852996826,0.0010794474892187843,0.0006906390190124512,-0.0015754103660583496,0.9548930893338177,-1.8872492959713423,-0.6179053535559429,-0.8981216719333407,0.5345838663638982,-0.4258161154348334,0.26027708300358526,-0.37282120749043407,1.2438736289424537,-0.6230335925402938
4a749e9a94c97d05b64241aa,pcb3,evaluation,1,7,ok,-0.0009405612945556641,0.000807449221611023,-6.655603647232056e-05,3.0338764190673828e-05,0.000883832573890686,0.0003201812505722046,0.03936314582824707,0.003320173557574119,0.0012950152158737183,0.002329111099243164,-0.5312403903395944,0.7439855859615763,0.21930580120642224,-1.0340715533674414,1.271082613053345,0.14178675363504173,-0.2719209073589567,0.42056467071213444,1.779974095610647,2.238430443534657
4e6d3f5a25e3c6a86cdb754b,pcb3,calibration,1,7,ok,0.00010680407285690308,-0.0010500401258468628,-0.00047161802649497986,0.0006197318434715271,0.0009690821170806885,-0.003146529197692871,0.039716482162475586,0.0006745174946165374,-0.0006261318922042847,-0.002777818590402603,0.264013564380961,-0.6191628169745085,-0.1972616288524999,0.4255629839028366,1.48948969007026,-1.718795505540972,-0.258368071941984,-0.5161969390959802,0.0758569140809379,-1.504229385985914
4f82198a3d1004d1e280622f,pcb3,evaluation,1,7,ok,-0.0012302994728088379,0.0007421523332595825,-0.00024407356977462769,0.00024083256721496582,0.0005361586809158325,-0.0003238767385482788,0.06425061821937561,0.004636470152175644,-0.001231566071510315,-0.00040727853775024414,-0.7512356653968446,0.6960664152838127,0.036746033912521056,-0.5127827300400508,0.38035128619463815,-0.2038789390500377,0.6826817886753399,0.8866328547849459,-0.4611820158909225,0.2330424326020099
50b6cb3f5abbb04cc838c5af,pcb3,evaluation,1,7,ok,-0.001534000039100647,-0.0008453652262687683,-0.0011896826326847076,0.0003522038459777832,0.00020118802785873413,-0.002204105257987976,0.03852275013923645,0.00011769919018996389,-0.000513717532157898,-0.0012714527547359467,-0.9818324408001473,-0.46895885329481435,-0.9357222471889522,-0.23697127134339793,-0.4778346756654811,-1.2129969137620669,-0.30415575941050965,-0.7133525779291542,0.17557194454384006,-0.4002754950321425
50ea033230d5fe7c2043a5de,pcb3,evaluation,1,7,ok,-6.046891212463379e-05,0.0006075501441955566,0.0002735406160354614,0.000636756420135498,6.754696369171143e-05,0.00047713518142700195,0.01646435260772705,0.007032537764678076,-0.0027960538864135742,-0.002223476767539978,0.13700487480293375,0.5972864361116911,0.5690626087974869,0.46772442243119167,-0.8202195507268695,0.2260238722563906,-1.1502443224773315,1.7350213453840173,-1.8489313217406789,-1.097974943819301
52546fda84f54d6a1fecaf2e,pcb3,evaluation,1,7,ok,3.357231616973877e-05,0.0008053481578826904,0.0004194602370262146,0.0007019788026809692,0.0009155571460723877,0.001649424433708191,0.13125357031822205,0.0035098295627555773,4.513561725616455e-05,0.0012557357549667358,0.20840943049550248,0.7424436865855916,0.7191269520548971,0.6292479379135638,1.3523601286920468,0.8551910951805469,3.252697646879383,0.48771718808241954,0.6712920535683208,1.4517975687633087
560887d7ff6c9b943234f327,pcb3,evaluation,1,7,ok,-0.0006611794233322144,-0.0005373507738113403,-0.0005992650985717773,7.4043869972229e-05,0.001182064414024353,0.0018927454948425293,0.051487892866134644,0.0059459322974795385,0.000765383243560791,0.0017736703157424927,-0.3191085547065772,-0.2429174983211245,-0.3285344070428282,-0.92583566785001,2.0351447069908626,0.9857814217701231,0.19314505149780306,1.3502811287961891,1.3101740786775966,1.8313706180782412
57bedf196e96086dabc93186,pcb3,calibration,1,7,ok,0.002227485179901123,0.0013753324747085571,0.00180140882730484,0.0010591447353363037,0.00035868585109710693,0.0017582103610038757,0.07301607728004456,0.0037690624976151714,-0.003290824592113495,-0.00283779576420784,1.874225329587974,1.1607358357401167,2.1403286123087115,1.513770931424411,-0.07432941425483895,0.9135764634987048,1.0188963595963927,0.5795051815311542,-2.2878083119282415,-1.5481842028192359
5865302646a48d660a3a5df4,pcb3,evaluation,1,7,ok,0.001870661973953247,0.0027064532041549683,0.0022885575890541077,0.00017085671424865723,0.0002516806125640869,0.003173843026161194,0.08883011341094971,0.0009797727948560385,-0.0010033845901489258,0.0010014325380325317,1.6032930699438208,2.1376001708940664,2.6413144187699067,-0.6860782357986114,-0.3484740078675757,1.6733460091842718,1.6254714785356321,-0.40811356028552775,-0.25877795153800354,1.2654291453900235
5a9bd58da8232d623302a431,pcb3,evaluation,1,7,ok,-0.0008987188339233398,-8.61436128616333e-05,-0.0004924312233924866,0.0001468956470489502,0.0010403245687484741,0.0001671314239501953,0.04718160629272461,0.004047303439784277,0.001217573881149292,0.001707427203655243,-0.4994698322054265,0.08820812653571641,-0.21866600684022394,-0.7454179234604013,1.6720109687309612,0.05964496636077281,0.027969869853448653,0.6780234419166262,1.711281225340803,1.782823751436618
5ab4e77da9c98f1e3da1ffc8,pcb3,evaluation,1,7,ok,0.003537684679031372,0.005325987935066223,0.004431836307048798,0.0008563399314880371,0.0006969720125198364,0.006862208247184753,0.07463198900222778,0.006517678364717446,-0.0018637627363204956,0.0024614930152893066,2.869046588314768,4.059987822680179,4.845471139090875,1.0115239481675946,0.7923507924289587,3.652890305718357,1.08087749059704,1.5527223205467542,-1.0219601021076625,2.335447733658193
5abbc24af0582b0a57d4b1ad,pcb3,calibration,1,7,ok,0.001155063509941101,0.0016190111637115479,0.0013870373368263245,0.001480206847190857,0.001099705696105957,0.0017116963863372803,0.06260257959365845,0.00483273334384705,-0.0007644295692443848,0.00032339245080947876,1.0599463771813062,1.339563356984632,1.71418725338075,2.556533092033365,1.8241438479325705,0.8886124299112615,0.619468373887623,0.9561248140574815,-0.046817422839289434,0.7685213061457427
5df4539192f57bf417e8130d,pcb3,evaluation,1,7,ok,-0.0034247934818267822,7.301568984985352e-07,-0.0017120316624641418,0.0009023547172546387,0.0028596967458724976,-0.0016882717609405518,0.11846548318862915,0.014141726865203952,0.0038646459579467773,0.004733271896839142,-2.4174928222411793,0.15196183832288226,-1.4729081552442058,1.1254797662643654,6.333194411390857,-0.9361492601671523,2.7621881142447067,4.252210000206417,4.059316411116368,4.000341530564863
5e22de1b20c6b8a851188e87,pcb3,evaluation,1,7,ok,0.0003110840916633606,-0.0008149519562721252,-0.0002519339323043823,0.00018059462308883667,0.0006548985838890076,0.0007097199559211731,0.08562484383583069,0.002468063614034931,-0.00027567893266677856,-0.00048383697867393494,0.4191213213116257,-0.4466395864410227,0.02866240449528502,-0.6619622619883007,0.6845597800260116,0.35085203764149686,1.5025277368073235,0.11885353991951882,0.38671957897247616,0.1769358834876249
5e61114039561def564afb66,pcb3,calibration,1,7,ok,0.002007603645324707,0.003876626491546631,0.002942115068435669,0.0003268718719482422,0.0004130899906158447,0.0038378536701202393,0.09891900420188904,0.005180935527003088,-0.0008860528469085693,0.001967385411262512,1.7072714991649753,2.996350639664967,3.3134356404291743,-0.29970601576195693,0.06505255361594534,2.02972028459355,2.0124485968893358,1.0794146256845114,-0.15470104938199986,1.9733364861113305
5f570b16714e282159e85e06,pcb3,evaluation,1,7,ok,-0.0014923065900802612,-0.0008323639631271362,-0.0011623352766036987,0.00011365115642547607,0.0010314881801605225,-0.0017134249210357666,0.06337669491767883,0.00012890323003133137,-0.000694572925567627,-0.0012213140726089478,-0.9501750256792778,-0.459417667439874,-0.9075981128041515,-0.8277480498120513,1.6493723746615625,-0.9496489522048279,0.6491609261780975,-0.7093855035444283,0.015147590788770662,-0.3635309062271935
626d37ddb1ff82a0c2afbb6d,pcb3,evaluation,1,7,ok,-0.00023866444826126099,-0.00022576749324798584,-0.0002322159707546234,0.00019782036542892456,0.0002621114253997803,-0.0005690008401870728,0.0398077666759491,0.00018711784883705744,-0.00042353570461273193,-0.0007015876471996307,0.0017028023501396918,-0.014257101499574185,0.048940437910180906,-0.6193026357836805,-0.3217505410065653,-0.33543695683425767,-0.2548666941685202,-0.6887731417222136,0.25556602783671967,0.017355327367045186
6273ff3d99faff748cb73ccf,pcb3,evaluation,1,7,ok,-0.0019912421703338623,-0.003160804510116577,-0.0025760233402252197,0.0009956657886505127,0.00024646520614624023,-0.0012328475713729858,0.17243656516075134,0.01003147639539844,0.0005155056715011597,-0.0006856992840766907,-1.3290117771060372,-2.1681811751844284,-2.3614407790460468,1.3565650424696691,-0.36183574129808094,-0.6917232603167501,4.832343714973416,2.7968716058025405,1.0885249077029933,0.028999258658605313
627feee810359bfae22e27d0,pcb3,evaluation,1,7,ok,0.0005020946264266968,-0.0011166781187057495,-0.00030729174613952637,0.0009132474660873413,0.001048848032951355,0.0005112290382385254,0.0537872314453125,0.004442470998690886,-0.0008528828620910645,-0.001406654715538025,0.5641536929080752,-0.668066178743326,-0.028267800784396245,1.1524557063643457,1.6938478587945298,0.24432203302783712,0.2813402194233844,0.8179425356371741,-0.12527824214307884,-0.49935948058069857
62d37dfe44c3d4d468b2d037,pcb3,evaluation,1,7,ok,-0.0007476806640625,-0.00018828362226486206,-0.00046798214316368103,0.00045023858547210693,0.0003099367022514343,-0.0011915862560272217,0.03217577934265137,0.0017104227112514471,-0.0011049658060073853,-0.0014210604131221771,-0.38478807392625103,0.013251039495385633,-0.19352247135902959,0.005812189556425318,-0.1992234454488326,-0.6695783271103972,-0.5476049670620998,-0.1494084317271369,-0.348883646483073,-0.5099168269592362
63fe5945d26e0efa418a77e6,pcb3,evaluation,1,7,ok,-0.0015668496489524841,-0.0009461790323257446,-0.0012565143406391144,0.0006333515048027039,0.0014764368534088135,-0.00017118453979492188,0.0329383909702301,0.00023105173099683454,-0.000998571515083313,-0.0007738284766674042,-1.0067748180817615,-0.5429426847006584,-1.0044522527554047,0.45929213472552066,2.7893191181898063,-0.12192909052511963,-0.5183536592445463,-0.6732172367981605,-0.2545086043959678,-0.03558702095791002
64dceb09ff87fa1424e035bd,pcb3,evaluation,1,7,ok,-0.0007029026746749878,-0.00016927719116210938,-0.0004360899329185486,0.0010068267583847046,0.0007942020893096924,0.00031238794326782227,0.04912140965461731,0.004822242325943394,-0.00025537610054016113,0.0001676306128501892,-0.35078859843010635,0.02719921434693453,-0.16072439010739087,1.3842052328046694,1.0414516799548057,0.1376040883887714,0.10237443331965429,0.9524102031685028,0.4047288219477816,0.6543698277957515
650618991b0f82f5a3f8bddd,pcb3,evaluation,1,7,ok,0.002215445041656494,0.001801028847694397,0.0020082369446754456,0.0009565353393554688,0.0010633915662765503,0.0010177642107009888,0.08014833927154541,0.004359381180010873,-0.00031040608882904053,-8.732080459594727e-06,1.8650833741134698,1.4731399589537968,2.353031505789728,1.2596583137384127,1.7311080068750242,0.5161792791396298,1.2924667896870203,0.7885224785877554,0.355915512364073,0.5251208254030107
652343ecfc3c939f01d8e928,pcb3,evaluation,1,7,ok,0.0015700608491897583,0.0017094165086746216,0.00163973867893219,0.0005598515272140503,0.0005348175764083862,-0.0013355761766433716,0.044354796409606934,0.007515756201323368,0.0023020952939987183,0.0017039850354194641,1.375049669217123,1.40590877197824,1.9740663613849154,0.2772691189346135,0.3769154118839368,-0.7468576660677783,-0.08045738596391737,1.9061170849015623,2.673285418357834,1.780301127166184
6538009068567c2eeb2cff4f,pcb3,evaluation,1,7,ok,0.000697210431098938,-0.0011427104473114014,-0.0002227500081062317,0.00036035478115081787,0.0004743635654449463,-0.0005339682102203369,0.0518413782119751,0.008871126035091815,-0.0010851025581359863,-0.0022720471024513245,0.7123031545208932,-0.6871704213663412,0.05867527314676705,-0.21678544475695574,0.2220338332337665,-0.3166349568457652,0.20670360251675657,2.386020140005004,-0.3312643284015448,-1.1335701551157513
69bc193e1e9573b60025b5dc,pcb3,calibration,1,7,ok,-0.00018268823623657227,0.0009202137589454651,0.0003687627613544464,0.00012032687664031982,0.0012780651450157166,0.0006516724824905396,0.03933790326118469,0.0025955097519159633,-1.3262033462524414e-05,0.000864025205373764,0.044204975295652996,0.8267396535343683,0.6669894578657193,-0.8112155995182193,2.2810960430652334,0.319697979387489,-0.27288913033451134,0.16397907643835127,0.6194915227644882,1.1647289330361676
69e3fd46c1acc899ce940c7d,pcb3,calibration,1,7,ok,0.0001805722713470459,-0.0013773143291473389,-0.0005983710289001465,0.0002473592758178711,0.0004452317953109741,-0.00030309706926345825,0.029704779386520386,0.00933469206937858,0.0003293529152870178,-0.0006011389195919037,0.32002501311429354,-0.8593382495613908,-0.32761494208541747,-0.49661930765456325,0.14739900792908742,-0.19272649796796507,-0.6423845084696111,2.5501574481800446,0.9234016285330828,0.09097009016789565
6b05141a06e123ce944355e2,pcb3,evaluation,1,7,ok,0.0024532973766326904,0.0014877468347549438,0.001970522105693817,0.0008383393287658691,0.000128135085105896,0.001140698790550232,0.12854579091072083,0.0069300560575467325,-0.00012217462062835693,-3.460049629211426e-05,2.0456822519402458,1.243232920083578,2.3142454090029516,0.9669453768395834,-0.664994384645629,0.5821582242289803,3.1488360139243134,1.6987350985462777,0.5228826736587946,0.5061629217948997
6b53ac2b2cf0cb53190cd09d,pcb3,evaluation,1,7,ok,-0.0015514865517616272,-0.0013395920395851135,-0.0014455392956733704,0.00039920955896377563,0.0006391778588294983,-1.920759677886963e-05,0.07445520162582397,0.00012192489596787214,-0.0017884671688079834,-0.0016921237111091614,-0.995109773410705,-0.8316551412613548,-1.1988463002719798,-0.12056141765613658,0.6442836978283459,-0.04036311949890324,1.0740965004069691,-0.7118563596555424,-0.9551705940311721,-0.7085680280302302
6c1fc0e6d225520f1907a225,pcb3,evaluation,1,7,ok,0.0007973015308380127,-0.00021483004093170166,0.0002912357449531555,0.0005620867013931274,0.0008101016283035278,0.0004833340644836426,0.028323203325271606,0.0001546809774208101,-0.0003766566514968872,-0.0006410554051399231,0.7883013165533738,-0.006230476379200301,0.587260352746241,0.28280453755978047,1.0821858787272316,0.2293508105784718,-0.6953772837951863,-0.7002582384853411,0.29714920464428735,0.06171693101453885
6d06c8b2e967e47195f3f1a2,pcb3,calibration,1,7,ok,-0.0006479322910308838,-0.0011437535285949707,-0.0008958429098129272,0.0006010532379150391,7.027387619018555e-05,-0.0012052059173583984,0.09106811881065369,0.0020920623689008183,-0.0009956061840057373,-0.00184611976146698,-0.30905014082435667,-0.6879359033260498,-0.6335362578319255,0.3793053355918579,-0.8132332729617767,-0.6768879944815083,1.711314104685899,-0.014279234447205101,-0.25187826358709753,-0.8214254328908428
6d26b71a9fbabbcfab982660,pcb3,calibration,1,7,ok,-0.00139559805393219,-0.001276955008506775,-0.0013362765312194824,0.0004347860813140869,0.0005760937929153442,0.0024856477975845337,0.06919726729393005,0.004931161774179425,-0.0016103386878967285,-0.00030819326639175415,-0.8767452100486692,-0.7856879495808484,-1.0864800202684097,-0.03245600453889566,0.482663987891078,1.303991875850143,0.872419198272165,0.9909758954735468,-0.7971650963968225,0.3056579741009352
6e897da71c3dee1fd2084990,pcb3,evaluation,1,7,ok,-0.00014363974332809448,0.0007332265377044678,0.00029479339718818665,0.0002695992588996887,4.343688488006592e-05,9.466707706451416e-05,0.06024283170700073,0.0009642817430801536,-0.0010045170783996582,-0.00051875039935112,0.07385410193047733,0.6895160768000199,0.590919057055938,-0.4415418923341519,-0.8819889355570335,0.020753377273559324,0.5289561009190084,-0.4135985599430329,-0.2597825038067178,0.1513492658875073
6f4365a386bb556c20cb1700,pcb3,calibration,1,7,ok,-0.0004606395959854126,-0.0007500797510147095,-0.000605359673500061,0.00019325315952301025,0.00015470385551452637,-0.0005736425518989563,0.018063604831695557,0.0002573709947595124,-0.0008834823966026306,-0.0013150237500667572,-0.1668406874097003,-0.39903207627542636,-0.334802093169178,-0.6306133411744383,-0.5969258969125125,-0.3379281618518738,-1.0889021957781422,-0.6638982341369722,-0.15242098008787863,-0.43220689488820047
6f60f45be83b03b33ff8f44f,pcb3,calibration,1,7,ok,-0.001195758581161499,-0.0002476722002029419,-0.0007217153906822205,9.338557720184326e-05,0.0005341470241546631,-0.002006538212299347,0.025271058082580566,0.00012225962735272505,-0.0016398951411247253,-0.0021691210567951202,-0.7250091149142944,-0.030332222653456486,-0.4544627951682066,-0.8779358453468985,0.37519747472858617,-1.1069627509175635,-0.8124476729279817,-0.7117378395216073,-0.8233825888309645,-1.0581398672717854
7197ad0bd1ca57ef77bcdf39,pcb3,evaluation,1,7,ok,-0.002361014485359192,0.001197129487991333,-0.0005819424986839294,0.0001472681760787964,6.139278411865234e-06,-0.0017092376947402954,0.09919697046279907,0.01276431734168798,0.0017572492361068726,0.0026817023754119873,-1.6097761646058144,1.0299587106521721,-0.31071977349299523,-0.7444953536895401,-0.9775444177757607,-0.9474016693478452,2.0231104808243985,3.7645032341306273,2.1899900347621877,2.4968301642576542
727e5ef680606d3ca5b33357,pcb3,evaluation,1,7,ok,-0.0012425333261489868,-0.0002652406692504883,-0.0007538869976997375,0.0006126910448074341,0.00016605854034423828,-0.0006429404020309448,0.07713419198989868,0.0029344519455049797,-0.0036428719758987427,-0.003475695848464966,-0.7605247067886366,-0.04322512594626413,-0.4875482092190362,0.40812641523356064,-0.5678354944152412,-0.37512029326254337,1.1768538790593397,0.283990153971762,-2.6000852806717853,-2.015675076139353
7360b75ad1a4d71da420fe09,pcb3,calibration,1,7,ok,-0.0017225146293640137,-0.00020653009414672852,-0.0009645223617553711,6.070733070373535e-05,1.8417835235595703e-05,-0.0005455613136291504,0.06312155723571777,0.003124262135032757,-0.0005709528923034668,-8.574128150939941e-05,-1.1249696669238498,-0.00013942707123265263,-0.7041664909770267,-0.9588636656468396,-0.9460870796422285,-0.3228569713038882,0.6393746724664997,0.3511972642192118,0.12480240159474049,0.4686839326341641
73a1b8dcf35c02ae62779d94,pcb3,calibration,1,7,ok,0.0011038035154342651,-0.000795803964138031,0.00015399977564811707,0.0006274878978729248,7.48857855796814e-05,0.0003984123468399048,0.02719774842262268,0.0044482742101234676,0.0003458857536315918,-0.0004047118127346039,1.0210251806066848,-0.43258752475208473,0.4461263128876826,0.44477088653216595,-0.8014176829710872,0.18377335505553746,-0.7385460824360901,0.8199973097855436,0.9380667698770104,0.23492348035344834
73e73467f7c4ec0ef2864e33,pcb3,evaluation,1,7,ok,0.0029683783650398254,0.0019351392984390259,0.0024517588317394257,0.0006578192114830017,0.00021922588348388672,0.0030319690704345703,0.11756560206413269,0.00038367846591324454,-0.000675588846206665,0.00032377615571022034,2.436778048857878,1.5715590680591986,2.8091512534332685,0.5198865172756817,-0.43162216618654814,1.5972023078272164,2.7276715938824014,-0.619175871443882,0.03198705908274433,0.768802507768962
73ee4a30b1f3d101236287dd,pcb3,evaluation,1,7,ok,-0.0020010769367218018,-0.0018229708075523376,-0.0019120238721370697,0.00041384994983673096,0.00011195987462997437,-0.0018595904111862183,0.020901858806610107,0.0001014849699689971,-0.0004078298807144165,-0.0012485720217227936,-1.3364792159837262,-1.1863904168469248,-1.6785809729050194,-0.08430442566129294,-0.7064348464708101,-1.0280959185540932,-0.9800359817286476,-0.7190936337106061,0.2694975816686257,-0.38350714192715724
7462910baed1e7cd9439bb84,pcb3,evaluation,1,7,ok,0.002031669020652771,0.002495795488357544,0.0022637322545051575,0.00018699467182159424,0.0017741024494171143,0.001798674464225769,0.03716635704040527,0.0033189140393083153,-0.0024897605180740356,-0.0013583600521087646,1.7255440958126538,1.9830056214026146,2.6157839417858018,-0.6461125133249058,3.5519305096405835,0.9352935332429632,-0.3561825980013225,0.42011870633498943,-1.5772395864324928,-0.46396629763491065
74cf0eed3dc4ee871bf28999,pcb3,evaluation,1,7,ok,-0.0006468966603279114,-0.0015504807233810425,-0.001098688691854477,0.00020410865545272827,0.0004798620939254761,-0.0018034130334854126,0.02782076597213745,0.003012596408119245,-0.0010094791650772095,-0.0023629777133464813,-0.3082637968819334,-0.9864191903295991,-0.8421437011484748,-0.6037296580515441,0.23612091790764198,-0.9979455400102324,-0.7146491505541895,0.3116591823163973,-0.2641840288788475,-1.200209479593053
756646f18b84f9a66f9adf61,pcb3,evaluation,1,7,ok,0.0014749020338058472,5.026906728744507e-05,0.0007625855505466461,4.391372203826904e-05,0.001077495515346527,0.0009189769625663757,0.07225793600082397,0.0018803497840618267,-0.0023361369967460632,-0.0025889649987220764,1.302796540924817,0.188316763680761,1.0719984471891906,-1.0004531109172607,1.7672419517092333,0.46316019835540573,0.9898165198382645,-0.08924144309072168,-1.4409707494020993,-1.3658263152178858
76efefcee7bc7fd8c486ca1e,pcb3,evaluation,1,7,ok,0.001873120665550232,0.0010536760091781616,0.0014633983373641968,0.00088481605052948,0.00013540685176849365,0.0006869286298751831,0.06731069087982178,0.005150689819579285,-0.0028726011514663696,-0.0029388591647148132,1.605159929663243,0.924683070279094,1.792717222951605,1.0820451814522218,-0.6463643106053818,0.33861994109432575,0.8000562478335161,1.0687053660899617,-1.9168311244299587,-1.6222494342398068
77d504b48ac749d34ae5f78e,pcb3,evaluation,1,7,ok,-0.0015243887901306152,-0.0006662458181381226,-0.001095317304134369,0.00011244416236877441,0.0007640272378921509,-0.0016542822122573853,0.07537737488746643,0.010950655098610651,-0.0007977038621902466,-0.0011957734823226929,-0.9745347164424057,-0.3375091976279829,-0.8386765520382385,-0.8307371758696415,0.9641445079640255,-0.9179070815309331,1.109468074825608,3.1223301314885417,-0.07633275462927624,-0.3448132525496
7876f137dbbbfffcc6723509,pcb3,evaluation,1,7,ok,0.002230048179626465,0.0017308443784713745,0.0019804462790489197,1.2069940567016602e-05,0.0009007751941680908,0.0021234750747680664,0.11471262574195862,0.000283535303681091,-0.000995144248008728,-0.00018300861120224,1.876171389416705,1.4216339585219697,2.324451470030211,-1.0793143749304728,1.314489158511872,1.1096139048929718,2.6182406783572,-0.6546340971661615,-0.25146851200380615,0.39740068620447244
789f846e590f985548a61d1b,pcb3,calibration,1,7,ok,0.0007245615124702454,-0.0005196183919906616,0.00010247156023979187,0.0001558437943458557,0.0006919056177139282,-0.00035988539457321167,0.058169782161712646,0.00011770198920738894,-0.0008086636662483215,-0.0016106963157653809,0.7330705546117996,-0.22990430500607692,0.39313448250891064,-0.7232577975643162,0.7793708228107535,-0.22320477187530016,0.44944064616153373,-0.7133515868660656,-0.08605444138768883,-0.6488932214250904
7910bd415645bb993aef128f,pcb3,calibration,1,7,ok,0.002774536609649658,0.0007684081792831421,0.0017714723944664001,0.0004495680332183838,3.7863850593566895e-05,0.001675426959991455,0.041403353214263916,0.004579227029447996,-0.0006829500198364258,-0.0008483007550239563,2.2895959600087603,0.715334689755337,2.1095418606514085,0.004151563968875227,-0.8962669021370591,0.8691466417479307,-0.19366517127805968,0.8663644757814977,0.02545746933610148,-0.09016470687809254
7975583be402b6b3e95c4253,pcb3,evaluation,1,7,ok,0.00012156367301940918,-0.0005550235509872437,-0.00021672993898391724,0.000858008861541748,4.298985004425049e-05,0.0006558150053024292,0.0635254979133606,0.005340463224773535,0.0012910813093185425,0.0012806951999664307,0.2752203798481595,-0.255886949809903,0.06486633719333267,1.0156570607410527,-0.883134226993934,0.3219212699008029,0.6548685263161663,1.135899451911458,1.7764845982561657,1.4700893248368028
7a9b95682d3e28e1e07601b4,pcb3,calibration,1,7,ok,0.00012206286191940308,-0.00041290372610092163,-0.00014542043209075928,0.0009048059582710266,0.0007718279957771301,-0.00030250102281570435,0.045424848794937134,0.002304261075928556,0.00014603883028030396,-0.00027269497513771057,0.27559940894270885,-0.1515900327995952,0.1382013297548171,1.1315502753566318,0.9841298435379383,-0.19240660005238033,-0.03941364813949061,0.06085509808288509,0.7607963389314627,0.3316732194179988
7b3aa78e93b96651be784a04,pcb3,evaluation,1,7,ok,0.0028156042098999023,0.0028793811798095703,0.0028474926948547363,0.0002612471580505371,0.00020065903663635254,0.0033266544342041016,0.0884813666343689,0.009257054018755664,0.0019275844097137451,0.00362280011177063,2.320778174473777,2.2645061443571985,3.216125599103205,-0.46222590659685914,-0.47918993719914665,1.7553598372923067,1.6120946836596695,2.5226677278410437,2.341082626652622,3.186522192065177
7b4b5c2c09678c5e8e11b8dd,pcb3,evaluation,1,7,ok,-0.0001398921012878418,-0.0014469549059867859,-0.0007934235036373138,0.000248149037361145,0.0009508207440376282,0.0012102797627449036,0.04050174355506897,0.0011141918601559554,-0.0024371668696403503,-0.0024855583906173706,0.07669964871493004,-0.9104451058285126,-0.5282077158565367,-0.4946634597403376,1.4427045348728769,0.6195023071495527,-0.22824799262334258,-0.36051908201517857,-1.530587386005821,-1.2900438428166838
7b930fe92c62d542c51727f6,pcb3,evaluation,1,7,ok,0.001171499490737915,0.0014351382851600647,0.0013033188879489899,0.0004156529903411865,2.311915159225464e-05,0.0009610727429389954,0.027376413345336914,0.003091869888660341,-0.0004749968647956848,0.0001373589038848877,1.0724260515481108,1.2046252906728423,1.6280908534312024,-0.07983918797032492,-0.9340424313641588,0.48575298864357724,-0.7316930756610606,0.3397279680843227,0.20991837967876203,0.6321849308027345
7bd85e3c167af931c064eb67,pcb3,evaluation,1,7,ok,-0.002268359065055847,-0.0017170608043670654,-0.0019927099347114563,0.000813409686088562,0.00014793872833251953,-0.0010506212711334229,0.11036458611488342,0.003949490093902291,-0.0008254051208496094,-0.00107506662607193,-1.53942383893692,-1.1086666592950756,-1.7615588542073488,0.9052070077735545,-0.6142579739909393,-0.5939224700746087,2.4514639850378135,0.6433901467457127,-0.10090463183374802,-0.25635213608790447
7c25ac8e6a7ced4265891840,pcb3,evaluation,1,7,ok,-0.0009886324405670166,-0.0006437748670578003,-0.0008162036538124084,0.0014595985412597656,0.0014828592538833618,-0.001565098762512207,0.0473422110080719,0.006284375336382335,-0.000988006591796875,-0.0015981271862983704,-0.5677403264296318,-0.3210185291245445,-0.5516349167505643,2.505496532309325,2.805773138499943,-0.870042355911568,0.03413014566840022,1.4701154679568562,-0.24513718915230429,-0.6396818206800203
7d5f5d3cf83aca5e99c261d1,pcb3,evaluation,1,7,ok,-0.0006763935089111328,-0.0006234645843505859,-0.0006499290466308594,0.00040349364280700684,0.0011014044284820557,-0.0006877630949020386,0.056148260831832886,0.0027665513675557527,0.0006320327520370483,0.0003146156668663025,-0.3306604563643355,-0.3061135018233597,-0.3806374212961031,-0.10995186529123323,1.8284959553927922,-0.399176616514515,0.37190164656903435,0.2245406972227982,1.1918880490364896,0.7620891602787049
7dc7330688ef283dc165e81e,pcb3,evaluation,1,7,ok,-0.0015650540590286255,-0.0005614608526229858,-0.0010632574558258057,0.0009580105543136597,0.00016686320304870605,-0.0014282464981079102,0.06763654947280884,0.00012889815244054075,-0.0024863779544830322,-0.0026987046003341675,-1.0054114447715168,-0.2606110670469623,-0.8057060711070854,1.2633116900310228,-0.5657739698288203,-0.796593794493314,0.8125551262452215,-0.7093873013941902,-1.5742391474193596,-1.446249979458631
7e9bdf56b2622729636c1045,pcb3,evaluation,1,7,ok,-0.001269996166229248,-0.003908492624759674,-0.002589244395494461,0.0002683401107788086,0.000715993344783783,-0.004716075956821442,0.18018248677253723,0.0350718165970567,0.0033680275082588196,-0.00030925869941711426,-0.7813769641395166,-2.7168841116318942,-2.375037367103758,-0.44466017815966263,0.8410829430690726,-2.5611706904784057,5.129452137141548,11.663038953052443,3.6188004145956403,0.3048771618267532
7f6d90b003833d8dea084120,pcb3,calibration,1,7,ok,0.0007929205894470215,-0.0006050989031791687,9.391084313392639e-05,0.00020617246627807617,0.00010234862565994263,3.363192081451416e-05,0.016904175281524658,0.002672545683257353,-0.0013266056776046753,-0.0020087994635105133,0.7849749119624031,-0.29263555160420335,0.3843306055417029,-0.5986186215209732,-0.7310586123641698,-0.012004169282316972,-1.1333741516706781,0.191255601178969,-0.545485099704866,-0.9406467307973232
803359a2a7251fbf3c33abcc,pcb3,calibration,1,7,ok,-0.0007666945457458496,1.8619000911712646e-05,-0.0003740377724170685,0.0005684643983840942,0.00024192780256271362,-0.0005685463547706604,0.021327197551727295,0.0029097827684701266,0.00035759061574935913,0.00046597421169281006,-0.3992251224231164,0.16508985393188616,-0.09690969095909673,0.29859893203692356,-0.37346044938262046,-0.3351930346736243,-0.9637213674345321,0.27525540635457685,0.948449346285893,0.87301364524379
81644969a3d294cfdf20dfad,pcb3,evaluation,1,7,ok,-0.0002786368131637573,-0.0018777474761009216,-0.0010781921446323395,0.0014124661684036255,0.0013300254940986633,-0.0011827722191810608,0.03615826368331909,0.0022426880658408116,-0.0004717335104942322,-0.0018626749515533447,-0.028647810967134216,-1.2265891551881978,-0.8210649669998338,2.388773004899971,2.4142170844142954,-0.6648478366836881,-0.39484978852211516,0.03905361267512306,0.2128130763478203,-0.8335580543819783
819e3482a2214213cb5628bf,pcb3,evaluation,1,7,ok,0.000848427414894104,0.0012112483382225037,0.0010298378765583038,0.0005148649215698242,0.0006643757224082947,0.0025681182742118835,0.09035465121269226,0.0006310847237708347,-0.00037526339292526245,0.0010902062058448792,0.8271206844160267,1.0403200557496575,1.3468418473752157,0.16585959340541961,0.7088399584883011,1.3482537511952353,1.6839478024016272,-0.5315754128535873,0.2983850682906661,1.3304877345290336
84bd10d90c5b8b30fb19ab12,pcb3,calibration,1,7,ok,-0.0009824782609939575,-0.0009034425020217896,-0.0009429603815078735,0.000688597559928894,0.0002908557653427124,-0.0015467256307601929,0.06409519910812378,0.003705856345227052,-0.00010611116886138916,-0.0008399561047554016,-0.5630675199804113,-0.511579795265737,-0.6819920610874711,0.5961092317442309,-0.24810830161386663,-0.8601815026636687,0.6767204158093216,0.5571254406835543,0.5371314545229262,-0.08404925410128254
8544063c4f0dfa42a7779aab,pcb3,evaluation,1,7,ok,0.002305448055267334,-0.0017820298671722412,0.0002617090940475464,3.600120544433594e-05,0.0012998878955841064,0.0007585734128952026,0.10228675603866577,0.019403330852530598,0.002730146050453186,0.0010656937956809998,1.9334217541456542,-1.156345249928359,0.5568950225277516,-1.020048492850352,2.33700535337659,0.37707167054761026,2.1416246310175544,6.11521430010431,3.052979740345815,1.3125235919971543
86176e294f06afc599e8103e,pcb3,evaluation,1,7,ok,0.00020447373390197754,-0.000573575496673584,-0.00018455088138580322,0.0002021491527557373,0.0009004324674606323,-0.0005670934915542603,0.11097607016563416,0.00024167342732350032,-0.00045575201511383057,-0.0011283233761787415,0.33817315244734386,-0.26950159323615025,0.09795941345214065,-0.6085823750462738,1.3136111017435816,-0.33441328350438654,2.4749185293263967,-0.6694563559001584,0.22698915935040018,-0.2953818293456169
8a06f3e847432f46cd2e1394,pcb3,evaluation,1,7,ok,-0.0017483234405517578,0.0015547573566436768,-9.678304195404053e-05,0.0009450316429138184,0.00019878149032592773,0.001439213752746582,0.10980504751205444,0.007699004966122674,-0.0023216307163238525,4.951655864715576e-05,-1.1445660368271187,1.292409668266577,0.18822022343796102,1.23116935921422,-0.48400016123412853,0.7423710978017024,2.4300018995997514,1.9710009563587036,-1.42810322790745,0.567808869875422
8a598b3c690058c1f7a27d54,pcb3,evaluation,1,7,ok,0.0005567967891693115,0.00010214745998382568,0.0003294721245765686,0.0005981326103210449,0.0010545998811721802,-0.0017122775316238403,0.03242871165275574,0.006593192555776839,0.0035001784563064575,0.0024167150259017944,0.6056884930898878,0.2263885557197006,0.6265828040915068,0.37207238858830644,1.7085839419493154,-0.9490331487173272,-0.5379033042598185,1.5794600345567436,3.736022411899491,2.302631777239775
8a6811b3ecc271d759c78019,pcb3,calibration,1,7,ok,-0.00024653971195220947,-0.0006679743528366089,-0.0004572570323944092,4.2065978050231934e-05,0.00022892653942108154,-0.0017681717872619629,0.041755110025405884,0.007069217165311177,0.002789914608001709,0.0016951113939285278,-0.004276805902676435,-0.3387777105897859,-0.18249272297408997,-1.005029056980732,-0.40676934200580844,-0.9790315757512853,-0.18017292124208392,1.748008617185874,3.105996308106512,1.7737979983651297
8a7cddd693b1921d790d5b13,pcb3,evaluation,1,7,ok,0.0032912641763687134,0.005384176969528198,0.004337720572948456,0.0004934221506118774,0.0007460117340087891,0.007021009922027588,0.09726837277412415,0.006412934622211451,0.0007514655590057373,0.005308426916599274,2.681941987223339,4.102690780575356,4.748682127907438,0.11275647739465115,0.9179892630569375,3.7381191078780183,1.949135730627152,1.5156351427306196,1.2978286600068183,4.421849113206492
8ab966121bacd2464840dd22,pcb3,evaluation,1,7,ok,-0.0019185245037078857,0.0005867183208465576,-0.0006659030914306641,0.0016087889671325684,0.0010519623756408691,0.0019660741090774536,0.050271570682525635,0.003833914072845162,-0.001178935170173645,0.0010567232966423035,-1.273797986616458,0.581998667830652,-0.3970651952018415,2.874967274143803,1.7018267224716028,1.0251368628349344,0.14649087876898173,0.6024675260556821,-0.41449677098172705,1.3059494802620835
8ad964c5fc802723266cab68,pcb3,calibration,1,7,ok,-0.0006408542394638062,0.0006590187549591064,9.082257747650146e-06,0.0007190555334091187,2.086162567138672e-05,0.0010971128940582275,0.05916514992713928,0.007256531827040762,0.0035588443279266357,0.004757337272167206,-0.3036758476926866,0.635057503095031,0.2970925366033703,0.6715385362098395,-0.9398261531205061,0.558765689151847,0.48761972427316247,1.8143321225421642,3.788060862977493,4.017978059555127
8bf5550fa5c3ce1edd2f9b5b,pcb3,calibration,1,7,ok,-0.00023527443408966064,-0.000729873776435852,-0.00048257410526275635,0.0006945580244064331,0.0001675337553024292,0.00042375922203063965,0.034972041845321655,0.0001785954862248664,-0.0032216906547546387,-0.0032571107149124146,0.004276805902676435,-0.38420359717021246,-0.2085289056847706,0.6108703480780094,-0.5640560326734697,0.19737701391577808,-0.4403494096508064,-0.6917907002899133,-2.226484361261137,-1.855482974741092
8ce8c08e520f1414911c6870,pcb3,calibration,1,7,ok,-0.0019315555691719055,-0.0019295364618301392,-0.0019305460155010223,0.0008523687720298767,6.854534149169922e-07,-0.0026183873414993286,0.03874862194061279,0.0036736424240719307,0.0014951378107070923,0.00018695369362831116,-1.2836923431293958,-1.2645953344877339,-1.6976292219393783,1.0016893544102148,-0.9915169733059462,-1.435341959989233,-0.2954920499279493,0.5457192851132916,1.9574890557268685,0.6685309231320522
8da2a9c6251b199375ca8847,pcb3,calibration,1,7,ok,0.0018618479371070862,0.0023386403918266296,0.002100244164466858,0.000760294497013092,0.0006867721676826477,0.0006480813026428223,0.018345415592193604,0.002184054675152628,-0.001677781343460083,-0.0011153444647789001,1.5966006607072252,1.8676748287159346,2.4476521121152706,0.77366700984417,0.7662190594770134,0.317770594446091,-1.0780928493119737,0.018292974049946092,-0.8569888275573602,-0.28587011618739994
8ebf92cb1e8cafbdd898e5f8,pcb3,evaluation,1,7,ok,-0.0010643526911735535,-0.0007605031132698059,-0.0009124279022216797,0.00011233240365982056,0.0005623176693916321,-0.001310400664806366,0.035883545875549316,0.00011714878035526649,0.0001622810959815979,-0.0003409944474697113,-0.6252339486371723,-0.40668142814422953,-0.6505923327918945,-0.8310139468008998,0.44736992344392923,-0.7333459778582683,-0.40538707233399557,-0.7135474644867926,0.775203733311707,0.28161933048494764
8f3614488b51988dd4e462b9,pcb3,calibration,1,7,ok,0.001536056399345398,0.000390075147151947,0.0009630657732486725,0.0004515796899795532,0.00046772509813308716,0.0014748796820640564,0.06366848945617676,0.004915247961171964,0.001633472740650177,0.0017979219555854797,1.3492304335824468,0.43768891524071474,1.2781731394725908,0.0091334407315255,0.20502625539579486,0.7615129893255037,0.6603532179769824,0.9853412064828738,2.0801964371296195,1.8491436527108451
903715a78bb06e4f25826b1b,pcb3,evaluation,1,7,ok,-0.0013082176446914673,0.0008994713425636292,-0.00020437315106391907,0.0003659874200820923,0.00010847300291061401,-0.0008190497756004333,0.017663180828094482,0.0013397283290395945,-0.002593524754047394,-0.0018992051482200623,-0.8103981470505353,0.8115174979927328,0.07757410912554684,-0.20283618982153498,-0.7153681196786337,-0.4696381311459965,-1.1042611614210611,-0.28066217672050764,-1.6692816880534393,-0.8603295409576028
91b0cac38312f1899f1637c5,pcb3,evaluation,1,7,ok,0.003155425190925598,0.0057027339935302734,0.004429079592227936,0.0001986175775527954,0.0008418858051300049,0.004508614540100098,0.12391290068626404,0.015045124761267688,-0.003751695156097412,-0.00022373348474502563,2.578800816300592,4.336468971070388,4.842636122138858,-0.6173283364740376,1.1636160998908531,2.3897174038968254,2.9711333758583494,4.57208093099849,-2.6966148230194222,0.36755509256336216
934643e8423388494ab08704,pcb3,evaluation,1,7,ok,-0.0004972219467163086,-0.0001961737871170044,-0.0003466978669166565,0.00011932849884033203,1.5333294868469238e-05,-0.0003454834222793579,0.1049879789352417,0.016836991804050773,0.000815466046333313,0.0007932484149932861,-0.19461729717443746,0.0074607152430178235,-0.06879321878227433,-0.8136880865041273,-0.9539895905568416,-0.21547523848998415,2.2452347774854666,5.2065368903582,1.3545990809821848,1.112859519060001
93c53680529d7217c5f47f79,pcb3,evaluation,1,7,ok,0.0007315352559089661,-0.0012077465653419495,-0.0002381056547164917,0.000446416437625885,0.0004290565848350525,-0.00077056884765625,0.04844561219215393,0.000482168314049478,0.0004177689552307129,-0.0009371563792228699,0.7383656476341609,-0.7348982215541774,0.0428834625032377,-0.0036533762926101994,0.10595854610390627,-0.44361843443712357,0.07645303521613943,-0.5843030434971096,1.0018294033543487,-0.15528335849973196
93d4cde025c9b6d7563cb751,pcb3,calibration,1,7,ok,0.0011766999959945679,0.000346258282661438,0.0007614791393280029,0.0009865909814834595,1.0579824447631836e-06,0.0013082697987556458,0.032287269830703735,0.001767028720074591,-0.0013034865260124207,-0.0010645724833011627,1.076374742712222,0.4055332052046665,1.0708606093043949,1.3340912428514913,-0.9905625637751958,0.6720935244716821,-0.5433285536600337,-0.1293656390556275,-0.5249776938507843,-0.24866140819849655
943e78e137e7b0dabebf84ab,pcb3,calibration,1,7,ok,0.00013142824172973633,0.0022072121500968933,0.0011693201959133148,0.0007209926843643188,0.001377202570438385,0.0016783848404884338,0.04258084297180176,0.0013090683280733866,-0.00198180228471756,-0.0001047179102897644,0.28271044732850814,1.7712241017926407,1.4902860429392688,0.6763358990183175,2.5350835073885225,0.87073413515402,-0.1485004844254458,-0.2915181274481755,-1.1266648494316127,0.4547767377926149
97d5d87b9a1c9732d5901804,pcb3,evaluation,1,7,ok,-0.0006001070141792297,0.00021608173847198486,-0.00019201263785362244,4.2401254177093506e-05,0.0016521662473678589,1.693516969680786e-05,0.02197486162185669,0.0002042126100160008,-0.0007095560431480408,-0.00029299408197402954,-0.2727368907062614,0.31000105663302313,0.09028571216175024,-1.004198744186957,3.239533182035372,-0.020965309642634208,-0.9388790749850001,-0.6827203080884379,0.001857099917820487,0.3167968345158391
98e51d0425cc0eaec7e070fe,pcb3,evaluation,1,7,ok,0.0021067634224891663,0.0026044994592666626,0.0023556314408779144,0.00015134364366531372,7.517635822296143e-05,0.0009454712271690369,0.07515585422515869,0.005552521353877743,-0.0025545284152030945,-0.0018329247832298279,1.7825625173643413,2.0627797770608267,2.710293446095658,-0.734402440396319,-0.8006732435371019,0.47737966070314697,1.1009712609208884,1.2109840092633632,-1.6346907237478434,-0.8117553731875119
9b501d06984dd1b3dedbfd5d,pcb3,evaluation,1,7,ok,-0.0026129931211471558,0.0012389570474624634,-0.0006870180368423462,0.000142022967338562,0.00017310678958892822,0.0015873908996582031,0.054020822048187256,0.014464896550613301,0.0006874501705169678,0.003407120704650879,-1.8011010000932708,1.0606545372364904,-0.4187798926126917,-0.7574851360632653,-0.5497780660934442,0.8218977196160662,0.29029999708855236,4.366636421306225,1.2410450212384425,3.028459578687413
9c3ef593248f3b3700a2e21e,pcb3,calibration,1,7,ok,-0.0006500482559204102,-0.0005358085036277771,-0.0005929283797740936,0.0008065104484558105,0.0007157251238822937,-0.001744970679283142,0.044299304485321045,0.0006129413846242911,-0.0006378442049026489,-0.0014532096683979034,-0.31065677161319283,-0.24178567856641237,-0.3220176991571796,0.8881210156172057,0.8403957682069323,-0.9665795493871497,-0.08258587614158294,-0.5379995221035293,0.0654677287755507,-0.5334777008270355
9c663f19fe4e1e60d0346921,pcb3,calibration,1,7,ok,-0.0006817430257797241,-0.0012277662754058838,-0.000954754650592804,0.0005896240472793579,0.0005032122135162354,7.836520671844482e-05,0.055439919233322144,0.0034863342561659814,-0.003884539008140564,-0.004118368029594421,-0.3347222905417451,-0.7495900074523005,-0.6941213363173143,0.3510008950218375,0.2959433072950753,0.012004169282316972,0.34473196099290354,0.47939807905991094,-2.8144514476982097,-2.486663224016208
9c9585d138312ae2e742d9e8,pcb3,evaluation,1,7,ok,0.0012749731540679932,0.0021812915802001953,0.0017281323671340942,0.0006726086139678955,0.0003432035446166992,0.0016158819198608398,0.08070185780525208,0.0044041448384658,0.0011197328567504883,0.0023808330297470093,1.150992559982463,1.7522018750938801,2.064970796840923,0.5565125371788698,-0.1139946743528244,0.8371888399810162,1.3136979648050562,0.8043721868481182,1.6244931964410925,2.276335330299492
9deb66332e39fd160dbe328a,pcb3,calibration,1,7,ok,0.0005821287631988525,0.0012835413217544556,0.000932835042476654,0.0008307695388793945,0.0002705901861190796,0.0003121495246887207,0.05164527893066406,0.006151772199171471,-0.0015874207019805908,-0.001080639660358429,0.624922805350602,1.0933734232857528,1.2470837306001403,0.9481987590956846,-0.30002818008668686,0.1374761292225375,0.19918187030996842,1.4231639650693673,-0.7768361307483677,-0.2604363849067026
9e5488513ab7fffed707afc0,pcb3,calibration,1,7,ok,-0.0012919604778289795,0.0003190338611602783,-0.0004864633083343506,0.0007656514644622803,0.00010901689529418945,-0.001445472240447998,0.060984909534454346,0.004747201155773583,-0.0012336671352386475,-0.0011509060859680176,-0.7980542442996887,0.38555412605626993,-0.2125285782495073,0.7869335631491535,-0.7139746817637381,-0.8058388442537128,0.5574197987836017,0.9258399741979338,-0.4630457247052477,-0.311931773422859
9f05ba2132c2a26518a68fcb,pcb3,calibration,1,7,ok,0.00043904781341552734,0.001058533787727356,0.0007487908005714417,0.0001474320888519287,6.628036499023438e-05,0.0001711025834083557,0.03968772292137146,0.00012647975780810528,-0.002843819558620453,-0.0024485252797603607,0.5162828839815566,0.928248029120023,1.057811869117141,-0.7440894229903612,-0.8234645431314207,0.06177628622335607,-0.2594711831242865,-0.710243595332299,-1.8913009572323056,-1.2629037910067427
a0cd6ddd1e77326e4ea94cac,pcb3,evaluation,1,7,ok,-0.0003558993339538574,0.00010644644498825073,-0.00012472644448280334,0.00044927000999450684,0.000699065625667572,-0.0009976029396057129,0.030552178621292114,0.00010740709971113465,-0.00018727779388427734,-0.0004549063742160797,-0.0873124633623123,0.2295434349393571,0.15948311241488639,0.0034135081521862974,0.7977145739917757,-0.5654675504833471,-0.6098810231249586,-0.7169967535195598,0.46513413600073267,0.19813793985579745
a116345ea08c6cca0b754d82,pcb3,calibration,1,7,ok,0.0008541420102119446,-0.0015254169702529907,-0.00033563748002052307,0.00011392682790756226,0.0005398541688919067,0.0009847581386566162,0.02783656120300293,0.003021088229516708,-0.0002215057611465454,-0.000918906182050705,0.8314597189760172,-0.9680257523834562,-0.05741867103830572,-0.827065348181614,0.3898190287396818,0.49846493206412545,-0.7140432967442203,0.31466592699264884,0.43477286545814436,-0.14190853566330686
a1479eb073103ac29bf7aee5,pcb3,evaluation,1,7,ok,0.0004661679267883301,0.0021180659532546997,0.001292116940021515,0.0005679428577423096,0.0005575269460678101,0.00018797814846038818,0.04419976472854614,0.008012240173718517,0.0006316155195236206,0.0015515536069869995,0.5368749124018506,1.7058027328789667,1.6165707237356437,0.2973073343577179,0.4350962168784795,0.07083339595834873,-0.08640389826478544,2.0819098236995472,1.1915179508322264,1.6685903697012234
a16bde197fff924d734091fd,pcb3,evaluation,1,7,ok,-0.0010914802551269531,-0.0011321306228637695,-0.0011118054389953613,0.0003383904695510864,3.744661808013916e-05,-0.0016082748770713806,0.0333331823348999,0.00012207308158918817,-0.0007471814751625061,-0.0015716440975666046,-0.6458316342081312,-0.6794062472035817,-0.8556330182944881,-0.27118015844692983,-0.8973358408114995,-0.8932149611717368,-0.5032107433565034,-0.711803890779063,-0.03151782743091069,-0.6202734484521889
a2fc7a2f4dbd7b0a1425f6a0,pcb3,evaluation,1,7,ok,-0.00029736757278442383,-0.0007697343826293945,-0.0005335509777069092,0.0004812777042388916,0.0008146464824676514,0.00033229589462280273,0.06384509801864624,0.011542471804360088,0.00033336877822875977,0.0002633333206176758,-0.042869887738732834,-0.41345594348765136,-0.26095373267313926,0.0826807028645773,1.0938296750023861,0.14828867876930135,0.6671273494446763,3.331877841695976,0.9269638237491157,0.7245064268297913
a34a9649cc479852c9c16a76,pcb3,evaluation,1,7,ok,1.2516975402832031e-06,0.0009122341871261597,0.00045674294233322144,0.0004069507122039795,0.00012950599193572998,-0.00023820996284484863,0.031318217515945435,0.010551651218776239,0.0021247267723083496,0.0024611130356788635,0.18386871091109722,0.8208837165425968,0.7574686407789247,-0.10139041781764165,-0.6614821575724676,-0.15790161113262247,-0.5804982564618458,2.9810526910734305,2.5159540281669637,2.3351692621478204
a47668f1d6655cb4c8bb8e48,pcb3,calibration,1,7,ok,0.0014230906963348389,0.0024585574865341187,0.0019408240914344788,0.0004216432571411133,0.00020037591457366943,0.002242162823677063,0.06394511461257935,0.0021727188407162667,-0.004394069314002991,-0.0027552545070648193,1.2634567152009917,1.9556779154410147,2.2837038480009584,-0.06500426605487744,-0.4799152884425169,1.173313577333781,0.6709636614942176,0.014279234447205254,-3.2664206618615816,-1.487693092472906
a569d3990d1513165c49cccf,pcb3,evaluation,1,7,ok,0.0023433417081832886,0.0016277432441711426,0.0019855424761772156,0.0015218108892440796,0.0019011497497558594,0.00019615888595581055,0.05307704210281372,0.012352726700451039,0.003797084093093872,0.0035373643040657043,1.9621940224274166,1.3459715345330503,2.329692420287452,2.659565684043139,3.8774223360076903,0.07522399484974913,0.25409966038269116,3.618769131703099,3.9993869376117557,3.1239097840368912
a5fbbd4fd9bf7832a02775fe,pcb3,evaluation,1,7,ok,-0.001463562250137329,-0.000725865364074707,-0.001094713807106018,0.00032645463943481445,0.00048154592514038086,-0.0016485601663589478,0.06671759486198425,0.011874743084028713,0.001534387469291687,0.0010789558291435242,-0.9283497384140322,-0.3812619593536177,-0.8380559131919862,-0.30073929390532145,0.24043484898663364,-0.9148360615413197,0.7773070088293685,3.449526913014576,1.9923047225136241,1.3222427937317274
a677358ea82763fa149c1411,pcb3,evaluation,1,7,ok,-0.00045621395111083984,-0.001987069845199585,-0.0012216418981552124,0.0001567751169204712,0.0008249580860137939,-0.003214538097381592,0.0348227322101593,0.0045515466295841306,0.0023828595876693726,1.0162591934204102e-05,-0.16348033991474023,-1.3068171322939512,-0.9685892883123968,-0.7209513731371633,1.1202477308135563,-1.7552958577091897,-0.4460764428356101,0.8565635283720223,2.744925856468774,0.5389679577619305
a9db794e409615544b31ab56,pcb3,evaluation,1,7,ok,0.00047344714403152466,0.0005163028836250305,0.0004948750138282776,0.0005565807223320007,0.0016768500208854675,0.0018259808421134949,0.031984955072402954,0.007173138922559766,-0.001866765320301056,-0.0009323470294475555,0.5424019486014734,0.5303231678220325,0.7966838212124925,0.2691689563464525,3.3027723575428913,0.9499488565006886,-0.5549243669587661,1.7848047502801543,-1.0246234873990563,-0.15175878281452584
ab2961892bc385dfccec7a58,pcb3,evaluation,1,7,ok,-0.00032698363065719604,-0.0008487030863761902,-0.0005878433585166931,0.0002935156226158142,0.0014073625206947327,0.0011640116572380066,0.07581448554992676,0.0026923525446350466,-0.0018449947237968445,-0.0015238486230373383,-0.06535706163177361,-0.47140839556588215,-0.31678824221190605,-0.3823129130448653,2.6123525029980725,0.594670231452288,1.1262342216762102,0.1982687226535239,-1.0053122918123252,-0.5852461006278709
abb92f5ed9b2fec447effe1f,pcb3,evaluation,1,7,ok,0.0003269761800765991,-0.0017864108085632324,-0.0007297173142433167,0.0007642358541488647,0.0011880695819854736,-0.0013192296028137207,0.03819921612739563,0.005375212414289121,-0.0003955662250518799,-0.002111874520778656,0.4311880236798914,-1.1595602741591355,-0.4626920065370327,0.7834277980198812,2.0505297886265588,-0.738084465732867,-0.31656547443131394,1.1482032835265765,0.28037582531536065,-1.0161862231551608
b0ff82f2da12cc7c2476600c,pcb3,evaluation,1,7,ok,-0.00038646161556243896,-1.7248094081878662e-05,-0.0002018548548221588,0.0011805295944213867,0.0005243644118309021,-0.0018784552812576294,0.022187143564224243,0.0007508126290656622,-0.0012120455503463745,-0.001966666430234909,-0.1105180953897974,0.13876820997447478,0.08016393542225374,1.814381065561812,0.35013468045108137,-1.0382206875823499,-0.9307366284030926,-0.4891827122780045,-0.4438667070486105,-0.9097691545001262
b11e64aff85326eb28f70193,pcb3,evaluation,1,7,ok,0.002477020025253296,0.0006913542747497559,0.0015841871500015259,0.0006207525730133057,0.000273287296295166,0.0026340484619140625,0.06247353553771973,0.007581007146084659,-0.0008195936679840088,-0.00039540231227874756,2.063694619657338,0.658787443846,1.9169369386977952,0.4280908250749962,-0.29311825508405415,1.383638459382851,0.6145186625722138,1.929220836334678,-0.09574969256008262,0.24174603235757702
b1e4cce03596b43b79ea9b56,pcb3,evaluation,1,7,ok,0.0004749223589897156,-0.0006828159093856812,-0.00010394677519798279,0.00016858428716659546,0.00019845366477966309,-0.0021177753806114197,0.10830312967300415,0.0008833228721973579,0.0005156323313713074,-0.0011221244931221008,0.5435220644331268,-0.3496694253307837,0.18085301046670751,-0.6917059114008645,-0.4848400416211888,-1.1666636994135635,2.372393204114448,-0.44226410089457835,1.0886372589435733,-0.29083892156855806
b23cede9085e54318355d611,pcb3,calibration,1,7,ok,-0.00044634193181991577,-0.0012422949075698853,-0.0008443184196949005,0.0006783381104469299,0.0011728554964065552,-0.0007308870553970337,0.0782281756401062,0.003689356218164979,-0.00041316449642181396,-0.0011765845119953156,-0.15598461528372665,-0.7602520776053857,-0.5805482585571426,0.5707016602547145,2.0115517033907135,-0.4223212307070702,1.2188155425618896,0.5512831523358291,0.264765611771261,-0.33075044127578374
b284edc37259b804e1588c05,pcb3,evaluation,1,7,ok,0.00046262145042419434,-0.00011228024959564209,0.00017517060041427612,0.0008057653903961182,0.0003073364496231079,0.0008616894483566284,0.06970307230949402,0.002710018152729073,0.0013519972562789917,0.0014953911304473877,0.5341821086853507,0.06902733571673031,0.46789847685837094,0.8862758760754834,-0.2058852239734702,0.43241400994376844,0.8918202376359352,0.20452367911143177,1.8305189360785867,1.6274311884230146
b3a51be5b57e3efd3bbf1d87,pcb3,calibration,1,7,ok,0.0005213618278503418,0.0010537952184677124,0.0007875785231590271,0.0020329058170318604,0.0002247542142868042,0.0013443678617477417,0.07163658738136292,0.004314237549457501,2.409517765045166e-05,0.0009624958038330078,0.5787830845275477,0.9247705539316321,1.09770132385281,3.9252945068738185,-0.4174587287502126,0.6914673419842824,0.9659836026985493,0.7725382315717296,0.6526285298390502,1.2368940059153726
b3d3d7fd39292641381fee2e,pcb3,evaluation,1,7,ok,0.00033780932426452637,0.0012572407722473145,0.0007975250482559204,0.0004259347915649414,3.698468208312988e-05,-0.0004032999277114868,0.01695123314857483,0.00013755327435555282,-0.0008049607276916504,-0.0005468949675559998,0.4394135207466791,1.0740723424445267,1.1079303715040043,-0.05437626229455686,-0.89851930862963,-0.2465053363017029,-1.1315691645651282,-0.706322736029209,-0.0827698198248533,0.1307232633300075
b4b9fbe926831964c7de70f6,pcb3,evaluation,1,7,ok,0.0009135305881500244,-5.7131052017211914e-05,0.00042819976806640625,6.143748760223389e-05,0.00019690394401550293,0.0006866455078125,0.019337356090545654,0.003253838974676091,0.00031857192516326904,0.00017656385898590088,0.876552866926062,0.109499460472185,0.7281147220135871,-0.9570554288959517,-0.4888103852691104,0.338467989584423,-1.0400452300459044,0.39707722972101767,0.913838555290783,0.6609166384023544
b7e7a245d915c1cbdbaf76b9,pcb3,calibration,1,7,ok,0.0022736787796020508,-0.0002061501145362854,0.0010337643325328827,0.00017628073692321777,0.00021070986986160278,0.0009623989462852478,0.10075587034225464,0.0022984120496519055,2.212822437286377e-06,-0.0007565021514892578,1.9092996637104527,0.00013942707123265263,1.3508798309798447,-0.6726456199348728,-0.4534399680595016,0.4864647615057533,2.0829048225071753,0.05878410202733581,0.6332182008047484,-0.022889266107488884
b831d785f037d22df96d4bba,pcb3,evaluation,1,7,ok,0.0028267353773117065,0.003667399287223816,0.0032470673322677612,0.0012511759996414185,0.0018592923879623413,0.003088727593421936,0.06625229120254517,0.006417767496439507,0.001871541142463684,0.003836236894130707,2.3292299575671613,2.8428058940039724,3.627049812986019,1.9893371969079225,3.7701848811325784,1.6276645868387722,0.7594594700839912,1.5173463443887871,2.2913705071442743,3.342941277509174
b838036dacda8010bf828f1f,pcb3,evaluation,1,7,ok,0.002582266926765442,0.0013000965118408203,0.001941181719303131,0.00023908913135528564,0.0012325048446655273,0.004532873630523682,0.06679043173789978,0.003793134620529167,0.0006042420864105225,0.0022295936942100525,2.14360752994994,1.1055227155319862,2.2840716339839227,-0.517100356567681,2.164371757454463,2.402737249061124,0.7801007950776042,0.5880285269985182,1.1672368650739613,2.1654982089455044
b98d92f06c767a228d778397,pcb3,evaluation,1,7,ok,0.0013330057263374329,0.0005211979150772095,0.0009271018207073212,0.00019472092390060425,0.0008592456579208374,0.0018460005521774292,0.049151718616485596,0.004445328671708066,0.0016104429960250854,0.0021275393664836884,1.1950561065114933,0.5339154653043796,1.241187661560744,-0.6269784162772454,1.2080915840238207,0.9606934277403907,0.10353698676255756,0.8189543672253234,2.059768338033594,2.090706767507687
b9e45c261f1ce3d27a6c9e66,pcb3,calibration,1,7,ok,-0.0026054009795188904,0.002271704375743866,-0.0001668483018875122,0.0010326281189918518,0.0003788992762565613,0.0006389841437339783,0.012817531824111938,0.00021893278012830345,-0.00018537789583206177,0.0025726668536663055,-1.7953363635657213,1.8185527578157719,0.11616481960887318,1.4481024151345137,-0.02254315311632378,0.3128881525094791,-1.2901245359952713,-0.6775082586296602,0.46681940460943094,2.4169224913449527
bc0a151a73830b91cf629ae6,pcb3,evaluation,1,7,ok,0.0002332627773284912,-0.001643642783164978,-0.0007051900029182434,0.0005955100059509277,0.00018228590488433838,0.00260220468044281,0.0497719943523407,0.016716679766599428,-0.000377848744392395,-1.519918441772461e-05,0.36003238261657894,-1.0547876647881516,-0.43746801787206485,0.36557749740144385,-0.526261415255755,1.366547913242737,0.12732875156801068,5.163937362981907,0.29609178120353546,0.520381349500983
bcc4280fb7ff5c2da59097f0,pcb3,evaluation,1,7,ok,0.001488998532295227,-0.002356104552745819,-0.000433553010225296,0.0002718716859817505,0.0018725916743278503,-0.0003260895609855652,0.0572546124458313,0.0073165944896508035,-0.0009768679738044739,-0.0030624642968177795,1.3134998699828377,-1.577639181910599,-0.15811540829073792,-0.43591421673189884,3.8042573013803667,-0.205066560061646,0.4143377050359942,1.8355988311305231,-0.23525688887777893,-1.712834578496305
bd114adc58fac621d702f7df,pcb3,evaluation,1,7,ok,-0.0002453327178955078,0.00014334917068481445,-5.099177360534668e-05,0.0007806122303009033,0.0010797083377838135,-0.0002590864896774292,0.04383215308189392,0.0042268100504329695,0.00232560932636261,0.0023904070258140564,-0.003360347494960056,0.25662509312819354,0.23531215367334743,0.8239839651469378,1.7729111443218906,-0.16910603562597762,-0.10050428835152277,0.7415823088142709,2.6941430957266648,2.2833517203157427
bd25738f13117ef7258e660b,pcb3,calibration,1,7,ok,-0.0009949356317520142,-0.0002121254801750183,-0.0006035305559635162,0.0006086975336074829,6.263703107833862e-05,-0.0021520331501960754,0.020716995000839233,0.0008445069458284901,0.0007908418774604797,0.00010623037815093994,-0.5725262758921507,-0.0042456910122413635,-0.3329210211104752,0.39823646728992895,-0.8327986683421594,-1.185049832111796,-0.9871267575460803,-0.45600786380488095,1.3327566780341538,0.6093721078549558
bd6a8f0dad87649b74700383,pcb3,evaluation,1,7,ok,-0.0027646422386169434,-0.002736121416091919,-0.002750381827354431,0.0019790828227996826,0.0003453493118286133,-0.0030553191900253296,0.05962252616882324,0.00929239729263543,0.0023133307695388794,0.0007999315857887268,-1.9162466447269695,-1.8565206630173223,-2.5407517701570965,3.7920016263797978,-0.10849727545570226,-1.669843127008619,0.505163192993159,2.5351819100883337,2.6832516342869206,1.1177573415071427
be68c91ba135f7233398ea1c,pcb3,evaluation,1,7,ok,0.001386106014251709,0.001078680157661438,0.0012323930859565735,0.00031939148902893066,0.00029312074184417725,0.0035727620124816895,0.07725179195404053,0.003749067321812301,0.0012194514274597168,0.002852119505405426,1.235374619300349,0.9430327663989678,1.5551504645806067,-0.31823121676084903,-0.24230549166690438,1.8874456866372415,1.1813646321426203,0.5724253825596453,1.7129466672599871,2.621721906546918
bf29c42078fcf112de269058,pcb3,calibration,1,7,ok,-0.0003031492233276367,-0.00036591291427612305,-0.0003345310688018799,0.0001895129680633545,3.650784492492676e-05,0.0006726756691932678,0.00970834493637085,0.00013718682539349267,0.0004955008625984192,0.0008004568517208099,-0.04725983665470759,-0.11710507051471912,-0.056280833153509936,-0.6398759416738844,-0.8997409528289905,0.3309703821879059,-1.409382857566333,-0.7064524865755548,1.070780020587876,1.11814228741854
c01e7c00d79b21e51e4f511f,pcb3,evaluation,1,7,ok,0.0011164695024490356,0.0012858659029006958,0.0012011677026748657,0.000580325722694397,0.000600859522819519,0.0011052340269088745,0.03439787030220032,0.0023142968642137747,-0.0017437487840652466,-0.0011064335703849792,1.0306423367370419,1.0950793545102464,1.5230381509430369,0.32797355354114294,0.5461131334953627,0.5631242982516889,-0.46237276720338694,0.0644085233830903,-0.9155039972099672,-0.2793396862578778
c152fe1fa36b6850ec845502,pcb3,calibration,1,7,ok,-0.000944972038269043,0.0002989768981933594,-0.0003229975700378418,6.347894668579102e-05,0.0006861239671707153,0.0002977699041366577,0.0081501305103302,0.0007670273535488959,-0.0008602738380432129,-8.941441774368286e-05,-0.5345894235332246,0.3708350015167287,-0.04441973520291147,-0.9519997465516326,0.7645583868935077,0.1297585920090559,-1.4691509074799984,-0.4834414779497113,-0.13183426747574048,0.465992041367229
c33278aa63a0e2a149016e14,pcb3,calibration,1,7,ok,-0.0002314150333404541,0.0006175413727760315,0.0001930631697177887,0.00013862550258636475,0.001332409679889679,0.00047163665294647217,0.05637085437774658,0.0001430106208830585,-0.000457078218460083,0.00020321831107139587,0.007207209947102881,0.6046186597400436,0.4862992693185533,-0.7658989723735191,2.420325305411098,0.22307281398512147,0.3804396128080162,-0.7043904241199007,0.2258127757725637,0.6804505958211381
c416948642d628c37cf0631c,pcb3,evaluation,1,7,ok,-0.0013827532529830933,-0.001660183072090149,-0.001521468162536621,0.0003245621919631958,0.0003259032964706421,-0.0005296170711517334,0.07594382762908936,0.004839480888711421,0.0024001002311706543,0.0019965767860412598,-0.8669922823023541,-1.0669260215778178,-1.2769318617800864,-0.3054259483412961,-0.15831745296087166,-0.3142997020619967,1.1311953641955812,0.9585139534009887,2.760218842980648,1.9947296503787784
c43d3798d59b385f2232ea54,pcb3,calibration,1,7,ok,-8.732080459594727e-06,-0.0026298388838768005,-0.0013192854821681976,0.0009095370769500732,0.0009544268250465393,0.0013978108763694763,0.09391117095947266,0.01098345075884173,0.0014617815613746643,0.0008501335978507996,0.17628812902010987,-1.7785235190512914,-1.0690063549736166,1.1432669114465686,1.4519432191305406,0.7201501888403982,1.8203643611191769,3.1339422665286647,1.92790102607533,1.1545483422304872
c5c1b1b2a3612209143a7504,pcb3,evaluation,1,7,ok,-0.0011847689747810364,-0.0008128061890602112,-0.0009987875819206238,0.00034955888986587524,0.0002197548747062683,-0.0018774643540382385,0.10008662939071655,0.0007407105735242812,-0.0010229572653770447,-0.0017757080495357513,-0.7166648176835434,-0.4450648806953363,-0.7394049854697929,-0.2435215167165122,-0.4302669046528826,-1.0376888572976903,2.0572349108908177,-0.4927596011804629,-0.27613952265584846,-0.7698235699736615
c71f9767d83bfbbc135ecdae,pcb3,calibration,1,7,ok,-0.0005250126123428345,0.0007112249732017517,9.310618042945862e-05,5.263090133666992e-05,0.00011367350816726685,0.001049138605594635,0.06823062896728516,0.0001945980943066528,-0.001286424696445465,-0.0001437366008758545,-0.21571846915457385,0.6733698751784504,0.3835030870800332,-0.9788649782791096,-0.7020445626293584,0.533017905671221,0.8353420882224426,-0.6861245711517726,-0.509843320855023,0.4261815358353345
c72ca95f37844ed0c4b725ee,pcb3,calibration,1,7,ok,-0.00047919154167175293,-2.008676528930664e-05,-0.0002496391534805298,1.5944242477416992e-06,0.0010917186737060547,0.0009300336241722107,0.0601077675819397,0.0012051485619455015,-0.0010440722107887268,-0.0003495030105113983,-0.18092699256534095,0.13668500549841045,0.031022364552639237,-1.1052570368870887,1.8036813075932825,0.4690943046895025,0.5237754792835732,-0.3283135555356855,-0.29486913535016607,0.27538375274287885
c744cc8fb211642739d25c50,pcb3,evaluation,1,7,ok,-0.0006557852029800415,0.00045702606439590454,-9.937956929206848e-05,0.00031325221061706543,0.0004499480128288269,0.0010522082448005676,0.07659855484962463,0.0005514468999697387,-0.001256503164768219,-0.00017399340867996216,-0.31501277762517804,0.4868219215974448,0.18554994395748067,-0.333435166584641,0.1594818325883871,0.5346653799364824,1.1563085761790048,-0.5597732035906541,-0.4833019924921509,0.4040075592937047
c7c47caf2cb34889a65933e0,pcb3,evaluation,1,7,ok,0.0010245442390441895,-0.0014436766505241394,-0.00020956620573997498,0.0017418712377548218,0.0014460310339927673,0.0006347000598907471,0.03631234169006348,0.005089834350660461,-0.0014344900846481323,-0.0023512504994869232,0.9608444118333093,-0.9080393053837138,0.07223355016458616,3.2045460990862447,2.711420212289961,0.31058888624121384,-0.38893985607392445,1.047157944326342,-0.6411819210929111,-1.1916150843513575
c7db64dbf06445bbba36470d,pcb3,evaluation,1,7,ok,-0.004408836364746094,-0.002335384488105774,-0.003372110426425934,0.0006354451179504395,0.00012673437595367432,-0.0019457638263702393,0.05035701394081116,0.0036582910987394872,-0.0015005171298980713,-0.001436673104763031,-3.1646666534606145,-1.5624334295538145,-3.1801400393325427,0.46447697683776035,-0.6685829644812504,-1.0743451596997555,0.14976820494479656,0.5402837591458566,-0.6997499619175558,-0.5213587299001339
c850ed3e3fdd330aeb92bb23,pcb3,evaluation,1,7,ok,0.0010329484939575195,0.0017972588539123535,0.0014151036739349365,7.855892181396484e-05,0.0006841123104095459,0.000889211893081665,0.04616725444793701,0.008824228631585562,0.008806467056274414,0.009633228182792664,0.9672256777833345,1.4703732884422782,1.7430507908354687,-0.9146541222271728,0.7594045754274558,0.4471852961958933,-0.010937375950539346,2.3694149252080257,8.442865284753282,7.5913190204306185
c8832e9abcff5f1e39cb0882,pcb3,evaluation,1,7,ok,0.002056017518043518,0.0005994439125061035,0.0013277307152748108,0.0007066279649734497,0.0008058845996856689,0.0013591647148132324,0.07098963856697083,0.006783518457699273,-0.0014247596263885498,-0.0014734640717506409,1.744031664185599,0.591337547739098,1.6531960778725046,0.6407616086539111,1.0713819628391372,0.6994088077386733,0.9411687451385254,1.6468497458534306,-0.6325507022577739,-0.5483213243750337
c8d0e8e6a1f461b3389d1110,pcb3,evaluation,1,7,ok,-0.004485040903091431,-0.00171719491481781,-0.0031011179089546204,0.00011131167411804199,0.002149328589439392,-0.0010606199502944946,0.10367956757545471,0.007419312207500322,-0.0023459047079086304,-0.0014922916889190674,-3.2225279904613746,-1.108765078404181,-2.9014502107413493,-0.8335417879730594,4.513249965393588,-0.5992887576085425,2.195048362732485,1.8719686435470937,-1.44963501271976,-0.5621193147027113
c90840806a55391b3ad853b2,pcb3,calibration,1,7,ok,-0.00019809603691101074,0.0005936175584793091,0.00019776076078414917,0.0006247460842132568,0.00014097988605499268,-0.0018023848533630371,0.03333425521850586,0.00031650479828354723,1.189112663269043e-05,-0.0004934445023536682,0.03250598772060687,0.5870617842212966,0.4911302914489488,0.4379807730186278,-0.6320863440253562,-0.9973937161058487,-0.5031695910222413,-0.642960411659274,0.6418031573643528,0.16989492245575302
ca403679144af52109d5f27f,pcb3,calibration,1,7,ok,-0.0013750046491622925,-0.0022119656205177307,-0.0017934851348400116,0.00028358399868011475,3.3445656299591064e-05,-0.0013535767793655396,0.025339186191558838,0.0005134606241781177,-0.00029756128787994385,-0.0013928301632404327,-0.8611088456108416,-1.4718605105354265,-1.556675243968313,-0.4069086231360239,-0.9075861991717585,-0.7565185831184371,-0.8098344997023407,-0.5732232076782581,0.3673092499381745,-0.48922803180626023
ca4bbb42038836cd916fea40,pcb3,evaluation,1,7,ok,0.002743080258369446,0.004292547702789307,0.0035178139805793762,0.0005103200674057007,5.8591365814208984e-05,0.0013355165719985962,0.06240206956863403,0.0038023230206271456,-1.4200806617736816e-05,0.0014282912015914917,2.2657114699014853,3.30158110337052,3.905486788713924,0.15460424220091346,-0.8431635558461085,0.6867168579378491,0.611777459862202,0.5912819130254687,0.6186588018048961,1.5782563958266298
cb0e24bf3e640c774f49f0d4,pcb3,evaluation,1,7,ok,-0.001723647117614746,-0.0023520737886428833,-0.0020378604531288147,0.0013469159603118896,0.0009226351976394653,-0.001865491271018982,0.0842287540435791,0.009955700149914294,0.0033191293478012085,0.002072170376777649,-1.1258295538249172,-1.5746811409091532,-1.8079918345565908,2.2264376280192413,1.3704939097763038,-1.031262907918382,1.4489782618488143,2.7700411047790663,3.575426226835299,2.0501291002658446
cc5dac093c2ab51aba7f90b8,pcb3,calibration,1,7,ok,-0.0008984506130218506,-0.0002745017409324646,-0.0005864761769771576,0.0006713569164276123,0.000395260751247406,-0.0002574920654296875,0.03400641679763794,0.00015894409710705368,-0.0005184561014175415,-0.00033522769808769226,-0.49926617478148955,-0.050021512202820494,-0.3153822270478655,0.5534127027487763,0.019374513474232545,-0.16825030870178845,-0.47738765360705904,-0.6987487728688521,0.17136868636685135,0.28584554517177885
ccd22533cc8468c15cea8173,pcb3,evaluation,1,7,ok,0.0003873556852340698,-0.0007673054933547974,-0.00018997490406036377,0.0005923956632614136,0.0007771104574203491,0.00039665400981903076,0.034503787755966187,0.0029641211025799408,-0.0009520500898361206,-0.0013310536742210388,0.47703357266837,-0.41167346406718686,0.09238132604384887,0.35786481411704457,0.9976633706839786,0.1828296562045625,-0.45831011731540444,0.2944952712968465,-0.21324265462062575,-0.4439545704679386
ce08ed8426b8499dce325f94,pcb3,evaluation,1,7,ok,-0.0018265992403030396,-0.0016948431730270386,-0.001760721206665039,0.0004549771547317505,0.000592455267906189,-0.002178400754928589,0.10396385192871094,0.012961686707618289,0.0006237924098968506,-0.00039952993392944336,-1.2040000617127253,-1.0923618935532806,-1.5229806843831988,0.017547277041779292,0.5245816544816343,-1.1992013161524753,2.2059525881915354,3.83438686244662,1.184578609502292,0.2387210673233335
cf9a7dd1993f876a3309b56e,pcb3,evaluation,1,7,ok,-0.0010479092597961426,-0.0021574944257736206,-0.0016027018427848816,0.0010452568531036377,0.0025258511304855347,-0.0017191320657730103,0.09986114501953125,0.006779886737270416,0.00043545663356781006,-0.000978901982307434,-0.6127486171197029,-1.4318859490537825,-1.36047291536883,1.479377530366707,5.477890766313604,-0.9527119747465517,2.0485860619734075,1.6455638431531734,1.0175189236565048,-0.18587700306086274
cfae38c0d6d2deac117f131f,pcb3,calibration,1,7,ok,-0.0027814283967018127,-0.003606855869293213,-0.003194142132997513,0.0016984865069389343,0.0010531097650527954,-0.004971250891685486,0.05311867594718933,0.00022052478418238606,0.0016882866621017456,-0.0012100525200366974,-1.928992205175025,-2.495523132068995,-2.997116708455947,3.0971036235717535,1.7047663038263141,-2.698122986864173,0.25569659957613844,-0.6769445692289842,2.1288180887146915,-0.3552777750913467
d0ab37e5a4719ff16e84666d,pcb3,evaluation,1,7,ok,0.002315714955329895,0.0019967108964920044,0.0021562129259109497,0.00010670721530914307,9.806454181671143e-05,0.00324210524559021,0.02584400773048401,0.007330534130643002,0.0012057721614837646,0.0026673227548599243,1.9412173077619084,1.6167443745951453,2.5052106184491825,-0.8449447503409033,-0.7420343219677991,1.709982317966613,-0.790471183311644,1.84053451446398,1.7008127332773593,2.4862919286690444
d131209a7aa6c748e7ed53f3,pcb3,evaluation,1,7,ok,0.00041519105434417725,0.0001338273286819458,0.0002745091915130615,7.574260234832764e-05,0.000653877854347229,-0.0014948546886444092,0.08768364787101746,0.0034444435185589086,-0.00014343857765197754,-0.0010315477848052979,0.4981686875524959,0.24963733638170998,0.5700586958346819,-0.9216287496948832,0.6819446979117556,-0.8323423865599076,1.5814967800154296,0.46456560126875673,0.504020883034383,-0.22445895781170158
d1dd94e5adef3796605964cb,pcb3,evaluation,1,7,ok,-0.0012898966670036316,-0.0011801347136497498,-0.0012350156903266907,0.000751785933971405,0.000910244882106781,-0.0010391026735305786,0.05569484829902649,0.00015740382962110567,-0.001546904444694519,-0.0020115748047828674,-0.796487213565507,-0.7146348205350319,-0.9823429516336657,0.7525955162777012,1.3387502487835465,-0.5877404428559339,0.3545102128617281,-0.6992941436257971,-0.7408969515558133,-0.9426806648681819
d243ec7433b4e35e51034935,pcb3,calibration,1,7,ok,0.0017881691455841064,0.0016355067491531372,0.0017118379473686218,0.0002509951591491699,0.0007757097482681274,0.0014251917600631714,0.1471056342124939,0.007561301623465164,-0.0006593316793441772,-2.3066997528076172e-05,1.5406570977818717,1.3516689074045962,2.0482135479921126,-0.4876150266909583,0.9940747908483571,0.7348454993375717,3.8607313874441336,1.9222435964169116,0.04640767125599808,0.5146153511685622
d287b7262cec762ae6c7cc4f,pcb3,calibration,1,7,ok,-0.0003857165575027466,0.0023949146270751953,0.0010045990347862244,7.705390453338623e-05,0.0006402134895324707,0.0029257237911224365,0.05568134784698486,0.006062764555351919,-0.000740349292755127,0.0021128281950950623,-0.10995238032330582,1.908972580442218,1.3208861178483087,-0.9183813041014518,0.646936956323832,1.5401805043742385,0.35399237932226385,1.3916485519825954,-0.02545746933610148,2.079925551875713
d36d19d5a77d3aa36f92d353,pcb3,evaluation,1,7,ok,-0.001176491379737854,2.5704503059387207e-06,-0.0005869604647159576,0.00034993886947631836,0.0007809773087501526,-0.0008137449622154236,0.16910135746002197,0.0022594671120921054,-0.0012846961617469788,-0.0011020377278327942,-0.7103797232948218,0.15331236720893973,-0.31588027056646295,-0.2425804955502338,1.0075701416131675,-0.4667910396972924,4.704415968317813,0.04499465943379949,-0.5083100568659328,-0.2761181530986654
d3f9ce53374c295ee2be4662,pcb3,evaluation,1,7,ok,-0.000309675931930542,-0.000968150794506073,-0.0006389133632183075,0.0008842796087265015,0.0005599185824394226,-0.0004299357533454895,0.04020991921424866,0.002436430631924399,-0.0007588043808937073,-0.0013030096888542175,-0.05221550063717394,-0.5590670154090934,-0.36930884680000503,1.0807166809821818,0.4412235260658969,-0.2608007744043955,-0.23944142754262365,0.1076530805477262,-0.0418277059782415,-0.42340228095730215
d429ab3cad048b887e5471a0,pcb3,evaluation,1,7,ok,0.0011846423149108887,7.346272468566895e-05,0.0006290525197982788,0.001323103904724121,0.0005918145179748535,0.0006440281867980957,0.055215418338775635,0.0030415706581493865,-0.00016373395919799805,-0.00039730966091156006,1.0824052653210225,0.20533780182771189,0.9346725246959083,2.1674669682657957,0.5229400700887437,0.3155952886201148,0.33612083504856693,0.3219182501828666,0.48601824895558227,0.24034821458002045
d4b0eec4535fdfd674e4c71e,pcb3,evaluation,1,7,ok,0.0022639334201812744,0.0033745765686035156,0.002819254994392395,0.000338137149810791,0.0007267594337463379,0.0026162564754486084,0.05092412233352661,0.006449258847940488,0.0016637444496154785,0.0035271942615509033,1.9019001106407427,2.627913237000611,3.1870858308649828,-0.2718075058911154,0.8686653785077584,1.3740895066026468,0.17152064296348524,1.5284966558522182,2.1070483836282126,3.116456575965154
d56ef36b5765423d254484b6,pcb3,evaluation,1,7,ok,-0.0014448165893554688,-0.0014655515551567078,-0.0014551840722560883,0.00016427040100097656,9.075552225112915e-05,-0.0003834739327430725,0.06692343950271606,0.004222653470327851,0.0021309927105903625,0.0019288882613182068,-0.9141163473411038,-0.9240925556244616,-1.2087650285000482,-0.7023892693474367,-0.7607598369611214,-0.23586473188456583,0.7852025414057038,0.7401105662377947,2.521512110127416,1.9451234999526008
d894fb11bf70dcc7fc116ecd,pcb3,evaluation,1,7,ok,-0.0007207095623016357,-3.725290298461914e-07,-0.00036054104566574097,0.0006914734840393066,0.001368209719657898,-0.0009578615427017212,0.05402401089668274,0.006917436061761318,0.00020651519298553467,8.775293827056885e-05,-0.36430918851925537,0.15115261453690454,-0.08302960120618386,0.603231470375279,2.5120440613162085,-0.5441383569617352,0.2904223109709424,1.6942666690579409,0.8144407518601064,0.5958307481348765
d9073d112c00e2b0228667e9,pcb3,calibration,1,7,ok,0.0014187470078468323,0.0012805759906768799,0.001349661499261856,0.0005799606442451477,4.0784478187561035e-05,0.0022278428077697754,0.037091732025146484,0.0001551301966382904,-0.0018671602010726929,-0.0008223243057727814,1.2601585963633457,1.0911972674288666,1.6757497870569922,0.327069435165699,-0.8887843314159762,1.165628029911858,-0.3590449714733282,-0.7000991810314203,-1.0249737589138055,-0.07112762999742461
dbb4aa21ac55939e97e7877a,pcb3,evaluation,1,7,ok,0.003314599394798279,0.0007962733507156372,0.002055436372756958,0.0013728588819503784,6.20037317276001e-05,0.0026541948318481445,0.09618991613388062,0.008203562873459493,0.003023296594619751,0.0030912309885025024,2.6996601831058555,0.7357839935361261,2.401571593333036,2.2906853868620125,-0.834421164544435,1.394451008929615,1.9077696328510056,2.1496524765377383,3.313013382219711,2.796956929730993
dc1e7b75565f5b8171c95bf5,pcb3,evaluation,1,7,ok,0.002273358404636383,-0.0032649487257003784,-0.0004957951605319977,0.000212155282497406,0.0007527172565460205,0.00011236965656280518,0.08364692330360413,0.0026072802608960296,-0.0011045634746551514,-0.0038175322115421295,1.9090564062318613,-2.2446090811330563,-0.22212549374248183,-0.583802151000943,0.9351686346104443,0.030254345366425787,1.4266611223544186,0.16814672358448168,-0.3485267660718192,-2.2661929610736666
dc5fe9467ee732c258956139,pcb3,evaluation,1,7,ok,-0.0019346624612808228,-0.0025101304054260254,-0.002222396433353424,0.0008975416421890259,0.0005750656127929688,-0.0013118088245391846,0.14781901240348816,0.002856898421385293,0.0018532276153564453,0.0009095892310142517,-1.2860513749566658,-1.690673528718153,-1.9977694017661662,1.1135601648248392,0.480029817586207,-0.7341017366838372,3.8880942603672164,0.25653036238440224,2.2751258395357237,1.1981209432652584
dd8237122737951dbb3b11a1,pcb3,evaluation,1,7,ok,0.00027948617935180664,0.0018722712993621826,0.0010758787393569946,0.0006399750709533691,0.0015406012535095215,0.0022175759077072144,0.05273047089576721,0.0052635856296705166,-0.0032286494970321655,-0.0013234689831733704,0.3951293453417173,1.5254223768018997,1.3941904615778793,0.4756954252514321,2.9537066157662504,1.160117788315911,0.24080631329564875,1.1086789901306575,-2.232657070596526,-0.4383960607118738
ddbae263d9ad18e5490824e3,pcb3,evaluation,1,7,ok,-0.0007098838686943054,-0.0005794540047645569,-0.0006446689367294312,0.0004392489790916443,0.00030674785375595093,0.0009050145745277405,0.05322599411010742,0.0030765572267115685,-0.001750357449054718,-0.0012326352298259735,-0.35608934860313257,-0.27381563085193705,-0.37522790246333665,-0.021403618683978946,-0.20739319103205578,0.45566658968283347,0.2598129761227409,0.334306131868188,-0.9213660884096354,-0.3718277191685888
df4ab1814b8f9417ec52e6a1,pcb3,evaluation,1,7,ok,0.0017866045236587524,-0.002600565552711487,-0.0004069805145263672,0.0004695206880569458,0.0015580058097839355,0.0002829506993293762,0.03749978542327881,0.010990650571393135,0.0018571838736534119,-0.00019492581486701965,1.5394690961422393,-1.7570408146248957,-0.13078814353569307,0.05356440089619904,2.998296629042908,0.12180513008283055,-0.34339336700899037,3.136491542714033,2.2786351635797186,0.38866705520759065
e0014122fe4e6da9c17c7a45,pcb3,evaluation,1,7,ok,-2.2843480110168457e-05,0.0002501830458641052,0.00011366978287696838,2.4899840354919434e-05,0.0001123473048210144,-0.002476520836353302,0.04133594036102295,0.0003955274038993464,-0.00022529810667037964,-0.0013270452618598938,0.16557348566075913,0.33502684898721335,0.4046507811004801,-1.0475410720220144,-0.7054422605588297,-1.3592022573561227,-0.19625090961419261,-0.614980454519594,0.4314089371372524,-0.4410169690447924
e0be703688f2ce882b0764db,pcb3,calibration,1,7,ok,-0.0009793564677238464,-0.0006101205945014954,-0.0007947385311126709,0.0004532262682914734,0.00022026151418685913,-0.00032054632902145386,0.0267619788646698,0.00014673367209498656,-0.0013350173830986023,-0.0013106726109981537,-0.5606971738518115,-0.29632080046737225,-0.5295600955647283,0.013211199118731833,-0.4289689076910621,-0.20209150944670803,-0.7552607888688646,-0.7030721834402014,-0.5529465438586715,-0.4290181230831495
e219ccecbb0fa925b4ee168c,pcb3,evaluation,1,7,ok,0.00033943355083465576,-0.0004924386739730835,-7.650256156921387e-05,0.00046731531620025635,0.000883147120475769,-0.0007613003253936768,0.06087014079093933,0.007185966728405178,0.0002811551094055176,-0.0005154311656951904,0.4406467795916308,-0.20995803222738213,0.2090767535552278,0.04810278785270096,1.2693264995167644,-0.438644021849781,0.5530176421379572,1.7893467601892656,0.8806486770441834,0.15378179643399736
e27f709f5abc4bb43479a469,pcb3,calibration,1,7,ok,-0.001529701054096222,-0.0009797662496566772,-0.0012547336518764496,5.789846181869507e-05,0.00022743642330169678,-0.001680716872215271,0.027295351028442383,0.00014451247436804407,-0.0013483613729476929,-0.001913752406835556,-0.9785682648664908,-0.5675912038032779,-1.0026209850485617,-0.9658198417191327,-0.41058698012880995,-0.9320945540871158,-0.7348023631386386,-0.7038586548139847,-0.5647830774985878,-0.8709906316243184
e2965af600501776c8913d73,pcb3,evaluation,1,7,ok,0.0001540258526802063,0.00013927370309829712,0.0001466497778892517,0.0001199766993522644,0.000500895082950592,-5.596131086349487e-05,0.008619159460067749,0.0001920852409183629,-0.001408986747264862,-0.001444343477487564,0.29986858529519816,0.253634245757046,0.4385675447169685,-0.8120828151028288,0.290006880013808,-0.06008882471864662,-1.4511604786850998,-0.6870143106073974,-0.6185596683573256,-0.5269800322516749
e29a040a67f4cafdefa3910c,pcb3,evaluation,1,7,ok,-0.002078533172607422,-0.0010058879852294922,-0.001542210578918457,0.0008058845996856689,0.0013049840927124023,-0.0025318115949630737,0.08561992645263672,0.0038995990970180326,0.0029162615537643433,0.0021866783499717712,-1.3952909542961922,-0.5867610591656968,-1.2982634487920153,0.886571098402159,2.350061675757255,-1.388876787750551,1.5023391219419557,0.6257249743105687,3.218069975033202,2.1340473089504814
e47b8a6cd8fe57e21effa05d,pcb3,evaluation,1,7,ok,-0.001390613615512848,8.481740951538086e-05,-0.0006528981029987335,0.0007869526743888855,0.0008828341960906982,-0.0005844533443450928,0.03466072678565979,0.00014931944209063095,-0.002070218324661255,-0.0016247294843196869,-0.8729605762538405,0.21367061973196924,-0.3836908111755046,0.8396861026469947,1.268524795510934,-0.3437303102957918,-0.4522904453091816,-0.7021566260109392,-1.2050926242528786,-0.659177556518949
e57bd58b6b3e8258d3f11cb0,pcb3,evaluation,1,7,ok,-0.0005528777837753296,-0.0006369054317474365,-0.0005948916077613831,0.0005904436111450195,0.0011410117149353027,-0.0016249269247055054,0.022364944219589233,0.00012971513456615333,-0.00026907026767730713,-0.0011235475540161133,-0.23687621264135938,-0.3159772836470345,-0.324036690959494,0.3530305485177321,1.9299687767021718,-0.9021521091883852,-0.9239167721195518,-0.7090980281580018,0.3925816701721444,-0.2918818246760319
e5e640d7722512a777c0b230,pcb3,calibration,1,7,ok,-0.0007655099034309387,-0.0016672387719154358,-0.0012163743376731873,0.0008730217814445496,0.001458682119846344,-0.0023390501737594604,0.06543919444084167,0.003531545073726466,0.0025369226932525635,0.0009165331721305847,-0.3983256354673948,-1.0721039602624187,-0.9631721072716519,1.0528366225067576,2.743831959954244,-1.2854218018504495,0.7282717163153285,0.495406115339334,2.8815846183929446,1.2032098736116754
e62eb09a27e5eebd8bc72015,pcb3,evaluation,1,7,ok,-0.00067872554063797,0.001038089394569397,0.0001796819269657135,0.0003413185477256775,0.002591922879219055,0.00038382411003112793,0.06199321150779724,0.007412361658318829,-0.004924684762954712,-0.0038743652403354645,-0.3324311445224542,0.9132445827097329,0.47253794378930597,-0.26392876004796106,5.6471648406874895,0.1759438535716012,0.5960949911471676,1.8695076253779268,-3.7370930531332522,-2.3078435626642975
e6b9c43b4bb7b2b328c004da,pcb3,calibration,1,7,ok,0.002851322293281555,0.0020761191844940186,0.002463720738887787,6.592273712158203e-05,0.0004484802484512329,0.0020909160375595093,0.17473450303077698,0.0001045177508013808,-0.0013518929481506348,-0.0006940364837646484,2.3478985547613838,1.6750194226421105,2.821452928342626,-0.9459476888547833,0.15572145903723064,1.092139481254156,4.920485156240377,-0.7180198007606182,-0.5679156944418152,0.022889266107488884
e79a6c9e000ca00c71291f4e,pcb3,evaluation,1,7,ok,-0.0013611465692520142,-0.0009154528379440308,-0.0011382997035980225,0.0010899454355239868,3.854930400848389e-05,0.0005660951137542725,0.07145702838897705,0.0021129260375628784,-0.004345297813415527,-0.0038394033908843994,-0.850586545374098,-0.5203937732589541,-0.8828798298657595,1.5900490000792118,-0.8945107886004784,0.2737686361574115,0.9590963023116347,-0.006891923558228128,-3.2231588253418204,-2.2822214535971717
e8c4f14bf1512ee978e3215c,pcb3,evaluation,1,7,ok,0.002729550004005432,-6.749480962753296e-05,0.0013310275971889496,3.750622272491455e-05,0.00019925087690353394,-0.0023610591888427734,0.06574970483779907,0.003427597035207396,0.004366278648376465,0.0017872266471385956,2.2554380842939983,0.1018938504296509,1.6565866049029567,-1.0163213109760727,-0.48279760522538306,-1.2972340323834157,0.7401818877230071,0.4586006766948774,4.504280194984759,1.8413054987277107
e91bfb7b8657a277828b3514,pcb3,evaluation,1,7,ok,-0.0005509704351425171,-0.001747027039527893,-0.001148998737335205,0.00013293325901031494,0.00010614097118377686,-0.0020925700664520264,0.05859321355819702,0.009943535229348002,0.002264946699142456,0.0006206333637237549,-0.2354279820711409,-1.1306578624518493,-0.8938827605227747,-0.7799958384722776,-0.7213427233411309,-1.1531360163082742,0.46568210075029454,2.7657338062105103,2.6403334603854036,0.9863570101911312
eac2d75712f961160ead8151,pcb3,calibration,1,7,ok,-0.003025934100151062,-0.0009850561618804932,-0.0020054951310157776,0.00015823543071746826,0.0003662705421447754,-0.0002486482262611389,0.03247785568237305,0.0008334052138683514,-0.0021055862307548523,-0.0012094713747501373,-2.1146429185455706,-0.5714732908846577,-1.7747072030983224,-0.7173348996353875,-0.05489763620876138,-0.16350382337930003,-0.5360182987265367,-0.4599387134902373,-1.236465055960686,-0.35485187748724745
ec86db93f6863dbd040ff9b3,pcb3,calibration,1,7,ok,-0.001221969723701477,-4.680454730987549e-05,-0.0006343871355056763,2.5078654289245605e-05,0.00034143030643463135,0.001168280839920044,0.0494103729724884,0.0031548559672417206,-0.0037154555320739746,-0.002543732523918152,-0.7449109709534686,0.11707773187330095,-0.3646540554531132,-1.0470982385320011,-0.11853766371919618,0.5969615002726636,0.11345812868090319,0.36202978622066573,-2.6644691504205653,-1.3326772850321593
ed0b427ea2af383e2c74329d,pcb3,evaluation,1,7,ok,-0.0006486326456069946,0.0003008544445037842,-0.00017388910055160522,0.0003321617841720581,0.0006840527057647705,-0.0016116797924041748,0.04719609022140503,0.009812459303086912,0.004133164882659912,0.003802068531513214,-0.3095819129868588,0.37221286904420436,0.10892403306926365,-0.28660552501572845,0.7592518699025357,-0.8950423780145146,0.0285254263659865,2.7193230510822852,4.297501041145729,3.3179006824784145
ed49ac7324a7e91df5ff4eec,pcb3,evaluation,1,7,ok,0.0027261674404144287,0.002480342984199524,0.0026032552123069763,0.0011184513568878174,0.0002031773328781128,0.004071176052093506,0.054908961057662964,0.003942344089764069,0.002460986375808716,0.004373662173748016,2.252869737892126,1.971665552942359,2.964950759362528,1.660644038945508,-0.47273812877127414,2.1549443236491923,0.32436612801476716,0.6408599227933471,2.81422674521705,3.736798277238513
edc4c8f3703128d0cf84e2a1,pcb3,calibration,1,7,ok,0.0016957968473434448,0.0005482509732246399,0.0011220239102840424,0.00044621527194976807,0.0006795749068260193,0.0015060678124427795,0.04110860824584961,0.005332418438811396,-0.0001706257462501526,8.635222911834717e-06,1.470519743838244,0.5537687867022526,1.441646346692241,-0.004151563968875227,0.7477798673429162,0.7782516477584747,-0.20497063199616525,1.1330509914656848,0.47990501968873545,0.5378486114947466
edec0f96045bd10e9803db12,pcb3,evaluation,1,7,ok,0.0009454041719436646,0.0013096928596496582,0.0011275485157966614,0.0012446194887161255,2.0802021026611328e-05,0.0014493241906166077,0.03971269726753235,0.0013427355280324418,-0.0035100355744361877,-0.002603229135274887,0.9007541574705724,1.1125651495613063,1.4473278739082414,1.9730999689407662,-0.9399788586454261,0.7477973661948084,-0.25851324823229743,-0.27959740166943625,-2.4822552648895027,-1.3762799173082454
ee9760f5b7dc55b5e9f3f922,pcb3,calibration,1,7,ok,0.003113299608230591,0.0023254603147506714,0.002719379961490631,0.0005441159009933472,7.43865966796875e-05,0.003627687692642212,0.09710177779197693,0.0001519412726667005,-0.0005247294902801514,0.0008951947093009949,2.5468152864411575,1.858002417382187,3.0843739329142252,0.238299771813438,-0.8026965917422927,1.9169242795583743,1.9427456876125706,-0.70122830041886,0.16580399550989458,1.1875717872252611
ef98ce7f2a4f4ab08e617a63,pcb3,evaluation,1,7,ok,-0.0008737891912460327,-0.001783214509487152,-0.0013285018503665924,0.0001960545778274536,0.00041935592889785767,-0.0018075183033943176,0.03904062509536743,0.0012207957883758334,-0.0014955922961235046,-0.002854064106941223,-0.48054100608061784,-1.1572146187254568,-1.0784845062429256,-0.6236756164975624,0.08110572192316659,-1.0001488369038223,-0.2842917562862912,-0.3227732582819586,-0.6953814813279495,-1.5601066056211688
f09a73d450d0ebcaf5313f32,pcb3,calibration,1,7,ok,-0.0004151463508605957,-0.00015972554683685303,-0.00028743594884872437,0.0004266798496246338,0.00047822296619415283,-0.00017376244068145752,0.08161899447441101,0.007795892530156125,-0.0030374675989151,-0.0029966384172439575,-0.1322981254497237,0.034208842006552595,-0.007848016521899533,-0.05253112275283454,0.23192151597234034,-0.12331264901002359,1.3488763518767428,2.005306454992907,-2.0630727862859435,-1.6645934844935224
f3fbe0f219a7366dc4b7ec81,pcb3,evaluation,1,7,ok,-0.00025638192892074585,-0.0004476383328437805,-0.0003520101308822632,0.0001781061291694641,0.00022309273481369019,-0.0010747537016868591,0.027467548847198486,0.00017733408046794965,-0.00013705343008041382,-0.0007700584828853607,-0.011749901931030364,-0.1770805820578943,-0.07425637307088978,-0.6681250280576532,-0.42171539525735924,-0.6068743369318454,-0.7281974134895776,-0.6922373329811445,0.5096847073389102,-0.032824146756958356
f51a7ad211ef88f4b46e93ce,pcb3,evaluation,1,7,ok,4.157423973083496e-06,0.0007010847330093384,0.00035262107849121094,0.0004968494176864624,0.00017689168453216553,-0.0004121512174606323,0.05476224422454834,0.004365401905584246,-0.0004833489656448364,-0.00034096091985702515,0.1860749996704144,0.6659282969844252,0.6503892842804664,0.12124411928657385,-0.5400812652610204,-0.25125582034813615,0.3187385463044301,0.7906542691327518,0.20250980669699417,0.2816439015005687
f5b3ae4227e5ba972695e51a,pcb3,calibration,1,7,ok,0.0008284300565719604,0.0012067854404449463,0.0010176077485084534,0.00012420117855072021,1.6480684280395508e-05,-0.0006446987390518188,0.04509386420249939,0.0044763402659631114,-0.0012326985597610474,-0.0013658702373504639,0.8119368920313924,1.037044886507761,1.3342643329786348,-0.8016208739012632,-0.9510500092021305,-0.3760639921135183,-0.052109143259336965,0.8299348084715664,-0.4621865681596368,-0.46947020513403964
f6bb59049f148851ad929770,pcb3,calibration,1,7,ok,0.000302240252494812,-0.0015198960900306702,-0.0006088279187679291,0.001158013939857483,0.0004221722483634949,0.0006809309124946594,0.05546528100967407,0.005545035633269316,-0.0018351152539253235,-0.002405717968940735,0.4124062834723705,-0.9639741657252839,-0.33836885098313385,1.7586209486109632,0.0883210579756394,0.33540096831875443,0.3457047564500429,1.2083335000811966,-0.996548895047094,-1.2315320642842766
f7277cd24c31a03f79526d0e,pcb3,evaluation,1,7,ok,0.0023282915353775024,0.0034834444522857666,0.0029058679938316345,0.0006582587957382202,0.0001951754093170166,-0.00014890730381011963,0.08318182826042175,0.008369787190995836,-0.00011633336544036865,0.0003867894411087036,1.9507665780842864,2.707807682681063,3.2761589986141475,0.5209751496052979,-0.49323884549179214,-0.10997290593014038,1.4088215854518142,2.208508410785869,0.5280640485184789,0.814982366572418
f73d56126da134c469e66dd7,pcb3,evaluation,1,7,ok,-0.001325845718383789,-0.0011443942785263062,-0.0012351199984550476,0.0004551708698272705,0.0015311986207962036,-0.0002972930669784546,0.24668395519256592,0.016272835790844545,-0.002282068133354187,-0.002339988946914673,-0.8237829655237263,-0.6884061279584424,-0.9824502225453636,0.018027013322627097,2.929617319210111,-0.18961149201495878,7.680232708439265,5.006783149683683,-1.3930099874674968,-1.1833619532155106
faa43040d0a6fc9e74142c2f,pcb3,evaluation,1,7,ok,0.0026579871773719788,0.0017521753907203674,0.002205081284046173,4.490464925765991e-05,0.00028524547815322876,0.005001649260520935,0.0427345335483551,0.0020328781534974818,-0.0013630390167236328,0.000684879720211029,2.201101152157481,1.4372880645980124,2.5554670405796576,-0.9979990753267701,-0.2624817091469672,2.6543289622206236,-0.1426054125424053,-0.035234906528965285,-0.5778026036128453,1.0334405363468746
faa514ab45e01a4b854740cf,pcb3,evaluation,1,7,ok,0.0014790892601013184,-0.0004544183611869812,0.0005123354494571686,0.0008124113082885742,0.0009768083691596985,-0.0005087554454803467,0.036856621503829956,0.007150546201284218,0.0004628896713256836,-0.0007582418620586395,1.3059758595984996,-0.1820562147960007,0.8146402056099262,0.9027345207876465,1.5092841437380229,-0.30310327501653117,-0.3680630482787008,1.7768052244731718,1.0418528805868073,-0.0241642288069399
fb53dc979bd745fbddb56b50,pcb3,calibration,1,7,ok,0.0013218969106674194,-0.0019294396042823792,-0.00030377134680747986,0.0002615302801132202,0.0003806278109550476,-0.0013525038957595825,0.021093368530273438,0.0018012578179946491,0.00017230212688446045,-0.00212961807847023,1.1866212948701036,-1.2645242540200465,-0.02464740751459148,-0.46152475357100464,-0.018114692893642054,-0.7559427668703845,-0.9726902900628693,-0.11724595905684933,0.7840926991105275,-1.0291897506444223
fb567dd8df44f0de4e2c1491,pcb3,evaluation,1,7,ok,0.0030441582202911377,0.004740491509437561,0.0038923248648643494,0.0007241964340209961,6.307661533355713e-05,0.002792850136756897,0.07418006658554077,0.006739183472368735,-0.0019636601209640503,0.00028093159198760986,2.4943169282707376,3.630311863239129,4.290635334957324,0.6842699990477235,-0.8316724650958739,1.4688672615425127,1.0635432129095423,1.6311518201817823,-1.11057218644267,0.7374034799180281
fb95ed02fc4a3d2661758942,pcb3,evaluation,1,7,ok,0.00018781423568725586,0.0021587759256362915,0.0011732950806617737,0.0006349384784698486,0.0024919062852859497,0.0004953742027282715,0.07071462273597717,0.0021159963533928096,-0.004783213138580322,-0.0035500451922416687,0.3255237635605918,1.7356784002207397,1.4943738308957573,0.4632222819493892,5.39092496987163,0.23581274847328332,0.9306200301226834,-0.005804800390657195,-3.611603326302023,-2.070162668335591
fcb791ab3ea3fb7a609f757e,pcb3,evaluation,1,7,ok,0.0012626200914382935,-0.0005742907524108887,0.0003441646695137024,0.0004963576793670654,0.0003052949905395508,0.0001020580530166626,0.01675128936767578,0.002960032176798534,-0.0005944669246673584,-0.0014618933200836182,1.1416130041800325,-0.27002649515137905,0.6416926782249565,0.12002632718903711,-0.21111538820198222,0.02472011142680997,-1.139238359303022,0.29304748344905857,0.10394472422590968,-0.5398415938729034
fcee1f61a8facc5ae071042d,pcb3,evaluation,1,7,ok,-0.0002485811710357666,-0.00288546085357666,-0.0015670210123062134,0.00043579936027526855,4.649162292480469e-05,-0.0008935034275054932,0.06550893187522888,0.008910178235937316,0.002067089080810547,0.0003018975257873535,-0.005826865184863397,-1.966115808734471,-1.3237786013601633,-0.029946614762153302,-0.8741627774048805,-0.509597379526474,0.7309466180423625,2.3998475618845077,2.4648276048066107,0.7527685550197633
fcf86319d4f4b8e0e3e06fbe,pcb3,evaluation,1,7,ok,0.0005601644515991211,-0.0010499358177185059,-0.0002448856830596924,0.0007983744144439697,0.0010350346565246582,-0.0002047419548034668,0.04626438021659851,0.007036116548799353,0.001462489366531372,0.0005550682544708252,0.6082455251904298,-0.6190862687785377,0.03591085324287297,0.867972091821598,1.658458353394306,-0.1399393431725399,-0.007211946579426498,1.7362885046423737,1.9285288712432764,0.938307024087624
fd165653a988e711fd1f34d5,pcb3,calibration,1,7,ok,0.0008929520845413208,0.0005205869674682617,0.0007067695260047913,0.0010648220777511597,0.000608399510383606,0.0024109557271003723,0.023933470249176025,0.0003822928556436926,-0.0016314759850502014,-0.0006121806800365448,0.8609278167895643,0.5334671115851216,1.0145970161188365,1.5278308947323351,0.5654303823977502,1.2639046683034316,-0.8637532025488123,-0.619666481892022,-0.8159145357806543,0.08287803569000955
fd1ba76f2cac314fa9e195a7,pcb3,evaluation,1,7,ok,-0.0009896904230117798,-0.0021020546555519104,-0.001545872539281845,7.693469524383545e-05,0.001249261200428009,-0.00098525732755661,0.028248071670532227,0.0029711626771825868,0.0006100162863731384,-0.00043879449367523193,-0.5685436418240499,-1.391200582895266,-1.3020294240134103,-0.9186765264281274,2.2073010981476147,-0.5588416649067983,-0.6982590903139269,0.29698851932432613,1.1723587598651033,0.20994567791816499
fe00a822b06643a619b012a2,pcb3,calibration,1,7,ok,0.001069478690624237,0.0008587762713432312,0.0009641274809837341,0.0013355538249015808,0.000768028199672699,0.00017905235290527344,0.07939213514328003,0.001949644573624172,0.00048084557056427,0.0004650205373764038,0.9949626874934172,0.781652766107527,1.2792650041095162,2.1982992500079757,0.9743948663242845,0.0660429246724674,1.2634612527546432,-0.06470586587394198,1.0577803211631325,0.8723147363550118
fed78b28902ec90460c78fc3,pcb3,evaluation,1,7,ok,-0.0020301491022109985,0.0033012479543685913,0.0006355494260787964,0.0007127374410629272,1.0535120964050293e-05,0.0017955154180526733,0.0852002501487732,0.004892225486046261,-0.0028610676527023315,0.0007023885846138,-1.3585534178782281,2.574099855233091,0.9413539700530931,0.6558917528960342,-0.9662823853129063,0.9335980742903641,1.4862417005231123,0.9771895154288174,-1.9066005526406844,1.0462720667267886
ff9e6c1199683a65dd28821a,pcb3,evaluation,1,7,ok,0.0004082024097442627,-0.0008786320686340332,-0.00023521482944488525,0.0002332627773284912,5.295872688293457e-05,-0.0031706243753433228,0.032895684242248535,0.00631773449125744,0.0015432685613632202,-0.0006854608654975891,0.49286228022880474,-0.4933722600812377,0.04585639919886574,-0.5315293477839496,-0.857594227951054,-1.7317273787784848,-0.5199917507722557,1.4819271225631272,2.0001825271472256,0.029173985880799884
