image_id,category,gt_pixels,normal_calibration_max_q95,valid,within_anomaly_pixel_auc,peak_inside_gt,defect_peak,background_peak,defect_peak_beats_background,defect_peak_above_normal_q95,top1pct_gt_recall,top1pct_precision
ab47a8d0b593686af515ade9,candle,254,34.530327796936035,True,0.9985078786759963,True,31.22760581970215,30.976730346679688,True,False,0.9881889763779528,0.09572845156369184
8f3a88920755ec17b08f4033,candle,576,34.530327796936035,True,0.9995682023625044,True,49.323150634765625,47.24562454223633,True,True,1.0,0.21967963386727687
d9bcc5633b86b6332d42dc42,candle,566,34.530327796936035,True,0.9996845727319489,True,43.276641845703125,41.887516021728516,True,True,1.0,0.21586575133485889
8f927bcc86db94e9be1ad4dd,candle,319,34.530327796936035,True,0.9997765204270602,True,45.60938262939453,45.01009750366211,True,True,1.0,0.12166285278413425
a9112c607ddd101d6418aa7f,candle,866,34.530327796936035,True,0.9995742038949532,True,47.0439567565918,43.84709167480469,True,True,1.0,0.3302822273073989
80a9e056efbc5959cfb71d76,candle,442,34.530327796936035,True,0.9972712477951935,True,41.31853485107422,41.12218475341797,True,True,0.9728506787330317,0.16399694889397406
a735a47cf34fc010bfb48855,candle,1062,34.530327796936035,True,0.9965600239801709,True,44.83759307861328,44.378719329833984,True,True,0.8370998116760828,0.33905415713196035
cdb66e6b154c64f38bdd3655,candle,463,34.530327796936035,True,0.998521050596095,True,45.86113739013672,45.860538482666016,True,True,0.9978401727861771,0.17620137299771166
937deb748bcb8d4db75d6577,candle,388,34.530327796936035,True,0.999352735915387,True,46.28874206542969,45.85137176513672,True,True,1.0,0.14797864225781845
89359a70ff88d4af7d1d0038,candle,824,34.530327796936035,True,0.9995977549193862,True,49.332130432128906,45.954166412353516,True,True,1.0,0.3142639206712433
f74a61f2fb120b5eec42f95d,candle,812,34.530327796936035,True,0.9854889584613091,True,35.426971435546875,35.399444580078125,True,True,0.6133004926108374,0.18993135011441648
6e61d7dd6e997a7fdc6cd3a6,candle,1146,34.530327796936035,True,0.9954130959820799,True,34.129432678222656,32.44973373413086,True,False,0.7897033158813264,0.34515636918382914
dac420adaa0745b029dc1223,candle,578,34.530327796936035,True,0.998687675326415,True,42.68911361694336,42.32194519042969,True,True,1.0,0.2204424103737605
564b87f329cefaaca090bb92,candle,265,34.530327796936035,True,0.9974732317323275,False,33.160797119140625,33.23341369628906,False,False,0.9433962264150944,0.09534706331045004
28858dc685de10032ea5c704,candle,503,34.530327796936035,True,0.9931150405557375,False,32.43597412109375,40.790504455566406,False,False,0.7037773359840954,0.13501144164759726
8019ea1a39698cf472a4aba4,candle,305,34.530327796936035,True,0.9858879993769166,True,32.04844284057617,31.96994400024414,True,False,0.8163934426229508,0.09496567505720824
2848f0f0cce91ec34d541f46,candle,185,34.530327796936035,True,0.9885727424025402,True,32.20790100097656,32.18927764892578,True,False,0.7945945945945946,0.05606407322654462
a30e98e9f5a93b1da26f8e0e,candle,487,34.530327796936035,True,0.9971749110013682,True,28.652299880981445,28.411724090576172,True,False,0.9260780287474333,0.17200610221205187
ee2d487eb8d7c1feaa80ee8c,candle,568,34.530327796936035,True,0.9992876265837372,True,32.62867736816406,31.477962493896484,True,False,0.9894366197183099,0.2143401983218917
d6724990c6bb9cbf1def5522,candle,524,34.530327796936035,True,0.9990270253867418,True,34.76617431640625,34.310420989990234,True,True,0.9847328244274809,0.19679633867276888
d124a32220cef1434c09435c,candle,69,34.530327796936035,True,0.9981010524976947,False,39.66988754272461,40.725589752197266,False,True,1.0,0.02631578947368421
23e908cb5ae2243950b9b570,candle,477,34.530327796936035,True,0.9988166100882025,True,40.77233123779297,40.35631561279297,True,True,1.0,0.18192219679633867
7a3fed57e7f8a98a82e5da5c,candle,346,34.530327796936035,True,0.9973272149948199,False,37.26774215698242,37.39664840698242,False,True,0.9855491329479769,0.13005339435545385
f681e8e404a3867d86d046c0,candle,651,34.530327796936035,True,0.9983264069305723,True,46.698020935058594,45.97587203979492,True,True,1.0,0.2482837528604119
2fbf2833d60163d0ef245a37,candle,318,34.530327796936035,True,0.9992861335198512,True,46.405128479003906,45.24862289428711,True,True,1.0,0.12128146453089245
7f9133a19d90ab1a00004736,candle,366,34.530327796936035,True,0.9993454492182859,True,48.263240814208984,47.89739990234375,True,True,1.0,0.13958810068649885
7e1ce1f0bf66cadff14a2b82,candle,502,34.530327796936035,True,0.9983398516223211,True,43.941490173339844,43.84890365600586,True,True,0.9721115537848606,0.18611746758199849
5522c3c673d05e27a999e37a,candle,171,34.530327796936035,True,0.9721579160104062,False,33.45955276489258,37.278690338134766,False,False,0.631578947368421,0.041189931350114416
9513012dbaab06c2529c56e0,candle,168,34.530327796936035,True,0.9966581817018498,False,39.827877044677734,42.19982147216797,False,True,0.9642857142857143,0.06178489702517163
cc2c3ce37c483eecd8d4939e,candle,304,34.530327796936035,True,0.8737672702393587,False,41.98023986816406,42.1026611328125,False,True,0.45723684210526316,0.053012967200610224
02bd8d596731ab3417010866,candle,1186,34.530327796936035,True,0.9899226384009615,True,59.47719955444336,58.91593933105469,True,True,0.5902192242833052,0.2669717772692601
f40690fcf046f10a039f7d32,candle,418,34.530327796936035,True,0.996245589684409,False,33.03640365600586,33.11186218261719,False,False,0.9688995215311005,0.15446224256292906
0337f49d30789e965adb6aa3,candle,163,34.530327796936035,True,0.9975607981499525,False,33.57773971557617,34.234703063964844,False,False,0.950920245398773,0.05911517925247902
2c0793530b61ae702a523af3,candle,411,34.530327796936035,True,0.9863528296323003,False,29.637929916381836,30.817960739135742,False,False,0.5060827250608273,0.07932875667429443
b9346d87212caa450aa83345,candle,660,34.530327796936035,True,0.9683458035325644,True,36.16059112548828,35.77911376953125,True,True,0.6015151515151516,0.15141113653699467
16371c78eea616c440a3b728,candle,387,34.530327796936035,True,0.993909543438216,True,37.053768157958984,36.5530891418457,True,True,0.689922480620155,0.10183066361556065
35668050020a627f0adc5472,candle,326,34.530327796936035,True,0.9822703784725276,True,33.56749725341797,33.5057258605957,True,False,0.6012269938650306,0.07475209763539283
add583dcc62a5788ebcdb480,candle,255,34.530327796936035,True,0.9888010704130825,False,30.236181259155273,35.13701248168945,False,False,0.5254901960784314,0.05110602593440122
f0844f0c727e05164d32a48e,candle,346,34.530327796936035,True,0.9898591066129749,False,44.487728118896484,44.522457122802734,False,True,0.7283236994219653,0.09610983981693363
44432f9b6735f9e80a62743b,candle,627,34.530327796936035,True,0.9946072924934317,False,30.57594871520996,30.720993041992188,False,False,0.7256778309409888,0.17353165522501907
a34a253dc1080c944e5fff96,candle,28,34.530327796936035,True,0.999216132224991,False,35.822837829589844,36.89141082763672,False,True,1.0,0.010678871090770405
b01dcc3fd008f4514189617a,candle,85,34.530327796936035,True,0.9990464652885755,False,39.963470458984375,40.07447052001953,False,True,1.0,0.03241800152555301
1465cbb36ac902b4140e4c1d,candle,33,34.530327796936035,True,0.9995498090503642,False,41.75791931152344,42.01535415649414,False,True,1.0,0.012585812356979404
88468c2928079c2e11f2b47a,candle,19,34.530327796936035,True,0.999875511382175,False,44.79570770263672,44.79717254638672,False,True,1.0,0.007246376811594203
2b6509024bae3e6bccca7363,candle,21,34.530327796936035,True,0.9803285734814063,False,37.667518615722656,52.86021041870117,False,True,0.6190476190476191,0.004958047292143402
9ad360eac4e01158c2e380a4,candle,11,34.530327796936035,True,0.9997520342726784,False,49.96409606933594,50.43733596801758,False,True,1.0,0.004195270785659802
d73bdd44d7fda01fe8275bc9,candle,19,34.530327796936035,True,0.9992821825665738,False,35.41116714477539,36.29347610473633,False,True,1.0,0.007246376811594203
ab9afeb16fd9a8853dee5274,candle,10,34.530327796936035,True,0.9995910488528769,False,30.749666213989258,31.094257354736328,False,False,1.0,0.0038138825324180014
2b7947bcdf5eb1937e18cad7,candle,9,34.530327796936035,True,0.9998520694383513,False,38.42673873901367,38.56198501586914,False,True,1.0,0.003432494279176201
668fafb002ba2bedb08a302a,candle,22,34.530327796936035,True,0.9986215648369149,False,33.90321731567383,34.09238815307617,False,False,1.0,0.008390541571319604
be7a0a3a57e6b9b1acf92d0b,candle,479,34.530327796936035,True,0.9916191147368583,False,33.29673767089844,33.84333801269531,False,False,0.7265135699373695,0.13272311212814644
d4fed7dfb047418fbb3c000e,candle,16,34.530327796936035,True,0.9985376896020265,False,27.688949584960938,29.258310317993164,False,False,1.0,0.006102212051868803
efee3baaddc2a0906e188def,candle,23,34.530327796936035,True,0.998672534738769,False,31.7896671295166,32.77738952636719,False,False,1.0,0.008771929824561403
fbcbceba9fd9123d01f3030e,candle,303,34.530327796936035,True,0.9899209800601663,False,32.9693489074707,32.973411560058594,False,False,0.768976897689769,0.08886346300533944
b0080cf2c66a63e3093dff88,candle,11,34.530327796936035,True,0.9990885959001381,False,34.405311584472656,34.95696258544922,False,False,1.0,0.004195270785659802
2cfa0214b5f2d2f4cb9d4013,candle,22,34.530327796936035,True,0.9997737001021731,False,40.73398208618164,40.82788848876953,False,True,1.0,0.008390541571319604
66dc8ad1e500ba364d4213d5,candle,6,34.530327796936035,True,0.9077947493305053,False,30.343097686767578,30.456199645996094,False,False,0.3333333333333333,0.0007627765064836003
8f0e247dce28bee97bc07c8b,candle,24,34.530327796936035,True,0.9997510682130322,False,33.87924575805664,33.98353576660156,False,False,1.0,0.009153318077803204
b55d0e80a1d91603885be041,candle,5,34.530327796936035,True,0.9973044834992122,False,30.997907638549805,33.88392639160156,False,False,1.0,0.0019069412662090007
d998b10fcedcef4853cb56f1,candle,6,34.530327796936035,True,0.9998645751474414,False,34.05733871459961,34.21792221069336,False,False,1.0,0.002288329519450801
25f27de6af83355048803af0,candle,772,34.530327796936035,True,0.9985836447827047,True,38.47987365722656,36.80729293823242,True,True,0.9689119170984456,0.28527841342486654
630dde95782ed7537300aa3e,candle,1377,34.530327796936035,True,0.99708581599259,True,50.17142105102539,48.20882797241211,True,True,0.7952069716775599,0.41762013729977115
2ae17c08f2618611a574a091,candle,1002,34.530327796936035,True,0.9981851420731153,True,44.16635513305664,43.15595626831055,True,True,0.909181636726547,0.34744469870327993
9566227abae86ed57cfee51a,candle,1889,34.530327796936035,True,0.9975362519345287,True,55.960899353027344,55.16307067871094,True,True,0.7993647432503971,0.5758962623951183
3aaddddf417ac998f01f564f,candle,1198,34.530327796936035,True,0.9992722254805608,True,54.21166229248047,52.71318435668945,True,True,0.9991652754590985,0.45652173913043476
fbf5ba916f7105bc36044471,candle,1157,34.530327796936035,True,0.9963529197398008,False,46.199466705322266,46.34868621826172,False,True,0.8798617113223854,0.3882532418001526
164a61895f124d74a7c4405b,candle,2349,34.530327796936035,True,0.9985602133115878,True,48.15221405029297,46.480224609375,True,True,0.8148148148148148,0.7299771167048055
4cd51110d2020c2bfdf72e34,candle,3110,34.530327796936035,True,0.995785674090084,True,40.92886734008789,40.53112030029297,True,True,0.5530546623794212,0.6559877955758963
1957eccd65cb87cda25c940f,candle,3959,34.530327796936035,True,0.9936658068438711,False,49.73146438598633,49.73716735839844,False,True,0.4354635008840616,0.6575133485888635
a2ab71b18b170589f60cb9a1,candle,1773,34.530327796936035,True,0.9910619458546356,True,37.01190948486328,36.98684310913086,True,True,0.6486181613085167,0.43859649122807015
bc57e888b248de105c8df944,candle,311,34.530327796936035,True,0.9881638799665426,False,46.76476287841797,47.55460739135742,False,True,0.8392282958199357,0.09954233409610984
c53dd2043d1837cc96845432,candle,153,34.530327796936035,True,0.9958102138069255,True,42.19390869140625,42.06648635864258,True,True,0.8366013071895425,0.04881769641495042
80cc2bdb921107826f71c3ff,candle,216,34.530327796936035,True,0.996244656433716,False,41.09737014770508,41.28789138793945,False,True,0.9722222222222222,0.08009153318077804
da7ccb5a11536704b9bf106b,candle,78,34.530327796936035,True,0.9981775974617472,False,43.91698455810547,44.18363571166992,False,True,1.0,0.029748283752860413
fa040b119c0dda16630297c2,candle,600,34.530327796936035,True,0.9935094541135208,False,45.26422882080078,45.30070114135742,False,True,0.8233333333333334,0.18840579710144928
3d38231c78d6540e798da39e,candle,139,34.530327796936035,True,0.9965583335701622,False,44.74134063720703,45.39888381958008,False,True,0.9928057553956835,0.05263157894736842
ab2efb527cf824d54854ead1,candle,167,34.530327796936035,True,0.996274596396324,False,43.98115158081055,44.024654388427734,False,True,0.9820359281437125,0.06254767353165523
04c7bc4c4d076ed304e64942,candle,252,34.530327796936035,True,0.994537385336837,False,47.158782958984375,47.197044372558594,False,True,0.7896825396825397,0.07589626239511824
e73dca61276a3f2c907d2512,candle,197,34.530327796936035,True,0.9991730802908381,True,48.660400390625,48.60734176635742,True,True,0.9847715736040609,0.07398932112890923
311730124e71844f46e71f0e,candle,391,34.530327796936035,True,0.9969522281421417,True,49.60964584350586,49.584861755371094,True,True,0.9744245524296675,0.14530892448512586
4c34d07b1a724a2306c8048e,candle,219,34.530327796936035,True,0.9870731495779186,False,48.28062438964844,48.387874603271484,False,True,0.9634703196347032,0.08047292143401984
c8182918e7c3a2c4de94070d,candle,539,34.530327796936035,True,0.9821701726451799,True,50.13826370239258,50.11170959472656,True,True,0.9499072356215214,0.1952707856598017
3b705eaea187dc69831b6022,candle,249,34.530327796936035,True,0.9881703564482255,False,41.85157775878906,41.99139404296875,False,True,0.6546184738955824,0.062166285278413426
5a58f0b785aa7f090ae7826b,candle,237,34.530327796936035,True,0.9958824724703791,False,46.2830810546875,46.31825637817383,False,True,0.890295358649789,0.08047292143401984
433fea52c6a7370fa6aeb8f5,candle,224,34.530327796936035,True,0.9987513567392443,False,53.40589904785156,53.514564514160156,False,True,0.9955357142857143,0.08504958047292144
ed4350a04f216387973bdd6b,candle,1385,34.530327796936035,True,0.9980398681477507,True,46.06232833862305,42.014312744140625,True,True,0.8584837545126354,0.45347063310450036
9c2e67c110da9dcd1c003b6b,candle,1886,34.530327796936035,True,0.9894985518367299,True,52.038692474365234,49.6438102722168,True,True,0.6643690349946978,0.4778794813119756
5b7a35f2be4da81e6f199877,candle,708,34.530327796936035,True,0.9995500027531558,True,49.5994758605957,47.42091369628906,True,True,1.0,0.2700228832951945
7c25547c8e25f6647a888898,candle,2269,34.530327796936035,True,0.9936793747036144,True,41.98420333862305,41.21940994262695,True,True,0.5235786690171882,0.45308924485125857
3b04f439dbfad1e077c3e306,candle,2097,34.530327796936035,True,0.9693512732619101,True,47.498146057128906,44.806182861328125,True,True,0.5164520743919886,0.41304347826086957
b43b95de4d0c97a22829d9ef,candle,1223,34.530327796936035,True,0.9919093376455588,True,46.59701919555664,45.85663986206055,True,True,0.7309893704006541,0.34096109839816935
76192909eb93b254c213e39b,candle,3756,34.530327796936035,True,0.9841116766130726,True,39.540950775146484,37.89228057861328,True,True,0.5394036208732694,0.7726926010678871
15d1b4999c94ed929aba6f73,candle,780,34.530327796936035,True,0.9992195063255921,True,45.118412017822266,44.70502471923828,True,True,1.0,0.2974828375286041
1ba5359ad13a8a9089d50cb2,candle,645,34.530327796936035,True,0.996240494316444,True,46.45095443725586,45.962364196777344,True,True,0.8589147286821706,0.2112890922959573
127520589c1faaae9b19ec3c,candle,3548,34.530327796936035,True,0.9864906737820358,True,36.82684326171875,36.16492462158203,True,True,0.5710259301014656,0.7726926010678871
611be7471202b6452d9c2538,candle,629,34.530327796936035,True,0.9921504197125549,True,38.82966995239258,38.614471435546875,True,True,0.670906200317965,0.16094584286803967
e24a04266cc632803bbc3009,candle,557,34.530327796936035,True,0.9990461343607006,True,52.422874450683594,50.37504577636719,True,True,1.0,0.2124332570556827
bd259225d453ef914c123ac0,candle,4096,34.530327796936035,True,0.9788720612488095,True,45.279720306396484,45.24722671508789,True,True,0.46875,0.7322654462242563
bfeb102980f53b94cff860a9,candle,3218,34.530327796936035,True,0.9913496897090807,True,41.088523864746094,36.6337890625,True,True,0.49658172778123055,0.6094584286803967
b963dc480a8a941790b51b9c,candle,982,34.530327796936035,True,0.9960053042589495,True,51.75626754760742,51.29401397705078,True,True,0.7932790224032586,0.2971014492753623
f101fd3229a85499e4a69947,capsules,146,41.02666225433349,True,0.9999565771023872,True,38.80139923095703,38.36521911621094,True,False,1.0,0.05568268497330282
718484fc3c551eb152d8c2b4,capsules,187,41.02666225433349,True,0.9999048502857727,True,44.73767852783203,43.727752685546875,True,True,1.0,0.07131960335621663
85945f69dd67b5684f68a99b,capsules,362,41.02666225433349,True,0.9996796288388242,True,42.49253463745117,41.407249450683594,True,True,1.0,0.13806254767353165
a258cc393006a1a04bbbe20f,capsules,432,41.02666225433349,True,0.9998081984805464,True,47.110206604003906,43.95151138305664,True,True,1.0,0.16475972540045766
906bc6e642b1cf0750840cd7,capsules,207,41.02666225433349,True,0.9999366112281415,True,44.41876983642578,42.74278259277344,True,True,1.0,0.07894736842105263
ed4da152dc4341d6f32eed14,capsules,147,41.02666225433349,True,0.998639102659923,True,41.46484375,41.321224212646484,True,True,0.9795918367346939,0.05491990846681922
fc3ae0173aab74bb4fc58582,capsules,410,41.02666225433349,True,0.9990276760225938,True,45.86304473876953,45.1156120300293,True,True,1.0,0.15636918382913806
0d3deca4b0e32e2057cae97f,capsules,145,41.02666225433349,True,0.9997512493796041,True,44.615482330322266,44.54964828491211,True,True,1.0,0.055301296720061024
8704aeb2018ef5778370ecfb,capsules,155,41.02666225433349,True,0.9998675640038568,True,40.72517395019531,40.119625091552734,True,False,1.0,0.05911517925247902
50f75b7d2a73acc1a847da2e,capsules,393,41.02666225433349,True,0.9989652481623976,True,52.73798370361328,50.070526123046875,True,True,0.9923664122137404,0.14874141876430205
19ac65f02264b423eb5c985f,capsules,458,41.02666225433349,True,0.994982173375091,True,44.03739929199219,43.5462646484375,True,True,0.7270742358078602,0.12700228832951946
740a5ee8c5f4192bf3babfd2,capsules,472,41.02666225433349,True,0.9984484837985813,True,44.500694274902344,43.59953308105469,True,True,1.0,0.18001525553012968
126ea6ab4ad2ded6c054b50d,capsules,344,41.02666225433349,True,0.9997881115977045,True,39.617889404296875,38.85296630859375,True,False,1.0,0.13119755911517925
9b6a68e10e1ef898048e3c49,capsules,359,41.02666225433349,True,0.9974897163852006,True,38.228492736816406,38.12572479248047,True,False,0.9052924791086351,0.12395118230358505
bf3f8db49f5ecd2ddea8928d,capsules,301,41.02666225433349,True,0.9993761319503383,True,44.40115737915039,42.58449172973633,True,True,1.0,0.11479786422578185
0230568537d49a20054718fc,capsules,333,41.02666225433349,True,0.9997797966790866,True,45.63111877441406,42.32044219970703,True,True,1.0,0.12700228832951946
63040d0286b32baf387aef98,capsules,339,41.02666225433349,True,0.9996696746587778,True,49.492313385009766,47.53919219970703,True,True,1.0,0.12929061784897025
3fe04fe0823a2d706add53c0,capsules,516,41.02666225433349,True,0.9996645853044437,True,48.81243896484375,46.444889068603516,True,True,1.0,0.19679633867276888
5b527561d5fe5bb2dcac2cd6,capsules,678,41.02666225433349,True,0.9997295598110107,True,52.060211181640625,47.69599151611328,True,True,1.0,0.2585812356979405
7d83ef8609fe05e220983875,capsules,363,41.02666225433349,True,0.9998476951214337,True,48.79668426513672,47.140071868896484,True,True,1.0,0.13844393592677345
42aeac834a78b48dab8e0b27,capsules,503,41.02666225433349,True,0.9998837737864343,True,45.883121490478516,42.496822357177734,True,True,1.0,0.19183829138062547
09dc9cfb0f5f0c6e5358d145,capsules,190,41.02666225433349,True,0.999539011067833,True,44.59433364868164,44.125885009765625,True,True,1.0,0.07246376811594203
35ed1b29dc27265ecc7a2bb5,capsules,225,41.02666225433349,True,0.9999478888935552,True,45.57514572143555,43.711517333984375,True,True,1.0,0.08581235697940504
45dd9375e0018b2b01b0ca8e,capsules,132,41.02666225433349,True,0.9973362311881159,False,38.51615905761719,39.47554016113281,False,False,1.0,0.05034324942791762
43c3e7b030bf71e4a1e156d7,capsules,174,41.02666225433349,True,0.9998893003015613,True,43.2414436340332,42.259666442871094,True,True,1.0,0.06636155606407322
c36619b63c9043eed4c5849b,capsules,398,41.02666225433349,True,0.9966768965133139,True,49.18016052246094,48.33138656616211,True,True,0.9447236180904522,0.14340198321891687
6d5929d061d0833f7db7f212,capsules,358,41.02666225433349,True,0.9964100117683227,False,42.73644256591797,44.96992874145508,False,True,0.9357541899441341,0.12776506483600306
25af3dad41b1dd1d352cfeb9,capsules,67,41.02666225433349,True,0.9988401494627391,False,36.38713455200195,36.49538803100586,False,False,1.0,0.02555301296720061
b55514a565c6afe55eec2519,capsules,390,41.02666225433349,True,0.9998619911864791,True,45.57542037963867,42.837406158447266,True,True,1.0,0.14874141876430205
42e847a39519793337b1bcc3,capsules,107,41.02666225433349,True,0.9967934363553352,False,34.551082611083984,34.80949020385742,False,False,0.9439252336448598,0.038520213577421816
721f15c7da361dff53afdf8c,capsules,35,41.02666225433349,True,0.9998006282010266,False,44.58846664428711,44.89376449584961,False,True,1.0,0.013348588863463006
c2901b191e7526e7a08e1eea,capsules,27,41.02666225433349,True,0.98843773327687,False,35.617271423339844,40.3272705078125,False,False,0.0,0.0
62b5760cd361553de8da2449,capsules,45,41.02666225433349,True,0.9996086296484238,False,38.22740173339844,38.54694747924805,False,False,1.0,0.017162471395881007
81bcf0781bf56862fae25e1a,capsules,39,41.02666225433349,True,0.9724942881082597,False,34.43138122558594,38.49663543701172,False,False,0.0,0.0
55ad57b3e25e9cd7d640dbfe,capsules,30,41.02666225433349,True,0.9808410335452005,False,34.0499153137207,37.417701721191406,False,False,0.0,0.0
9ffaa14ec0fab9931f2cb5c3,capsules,26,41.02666225433349,True,0.9997571557613218,True,44.85274124145508,44.83612823486328,True,True,1.0,0.009916094584286803
98aea145bbef2f2f060d0a8b,capsules,62,41.02666225433349,True,0.9916392210170124,False,36.29359817504883,41.662899017333984,False,False,0.7741935483870968,0.018306636155606407
3b66f59f9c5ac43c885e27ed,capsules,32,41.02666225433349,True,0.9999704324868758,True,40.34281539916992,40.2612419128418,True,False,1.0,0.012204424103737605
80c79373680ca72bd693d783,capsules,20,41.02666225433349,True,0.9996476858280814,False,44.41878128051758,44.72522735595703,False,True,1.0,0.007627765064836003
30f48754fa679c36708dda03,capsules,37,41.02666225433349,True,0.9998526494079837,True,38.09815979003906,38.092079162597656,True,False,1.0,0.014111365369946605
7de613b617ed3cbafbc6b3c9,capsules,26,41.02666225433349,True,0.9897543942334839,False,34.774410247802734,40.142398834228516,False,False,0.5,0.004958047292143402
71af10410082da9596ced49b,capsules,36,41.02666225433349,True,0.9991628768802682,False,35.153297424316406,35.21139907836914,False,False,1.0,0.013729977116704805
e29e79ba3e27a55803f6acea,capsules,40,41.02666225433349,True,0.9998686590055855,True,39.01008224487305,39.008487701416016,True,False,1.0,0.015255530129672006
804fa77a446eb0413bbb56f8,capsules,45,41.02666225433349,True,0.9999548092726624,True,42.69294738769531,42.544734954833984,True,True,1.0,0.017162471395881007
346c5897461de3a44f7daf03,capsules,30,41.02666225433349,True,0.9987571565552902,False,38.734046936035156,38.79405975341797,False,False,1.0,0.011441647597254004
05b91854e3218bb7fff74ab9,capsules,1516,41.02666225433349,True,0.9985164398226601,True,53.487327575683594,53.23012924194336,True,True,0.9689973614775725,0.5602593440122045
efaa48865bd8733baeea305f,capsules,1120,41.02666225433349,True,0.9976114094325207,True,50.93092727661133,49.13270950317383,True,True,0.9107142857142857,0.3890160183066362
fa8b1a5066d24b182917e091,capsules,1760,41.02666225433349,True,0.996763177609363,True,51.90939712524414,50.10293197631836,True,True,0.7420454545454546,0.498093058733791
1aea693e1f4615c67d9117cd,capsules,2226,41.02666225433349,True,0.997622204326837,True,55.67958068847656,54.256263732910156,True,True,0.7551662174303684,0.641113653699466
074325c08472083d737fcba6,capsules,2295,41.02666225433349,True,0.9980312262968276,True,51.25189208984375,51.158451080322266,True,True,0.7816993464052288,0.6842105263157895
2a7e6ad0e13612f0c7fcb2d0,capsules,1045,41.02666225433349,True,0.9965938656313814,True,52.327613830566406,49.8285026550293,True,True,0.8172248803827751,0.32570556826849734
fdc91d030e27f69309e2cc82,capsules,1163,41.02666225433349,True,0.998493079074689,True,55.114418029785156,54.62541580200195,True,True,0.9905417024935511,0.43935926773455375
c6a064efd1864d8a74744a35,capsules,2369,41.02666225433349,True,0.9978320265219613,True,51.894378662109375,50.950958251953125,True,True,0.7788096243140565,0.7036613272311213
edb69f8b12ecaa270a8cd4f2,capsules,1335,41.02666225433349,True,0.9988496453479675,True,48.852516174316406,46.773555755615234,True,True,0.9955056179775281,0.5068649885583524
367825824fbf202a48c58ab2,capsules,1683,41.02666225433349,True,0.9969587335027843,True,54.678932189941406,53.84883117675781,True,True,0.9387997623291741,0.6025934401220442
7c1b1c4c5673ab73918750cb,capsules,1426,41.02666225433349,True,0.998786531533961,True,51.29702377319336,50.242305755615234,True,True,0.9943899018232819,0.5408085430968727
49d11e476e0c779cef4550b9,capsules,4206,41.02666225433349,True,0.9956370184127562,True,53.006446838378906,47.35734558105469,True,True,0.6067522586780789,0.973302822273074
39e7cd68f53b712ca8b8f1df,capsules,5012,41.02666225433349,True,0.985120294697359,True,55.84498977661133,48.11511993408203,True,True,0.4980047885075818,0.9519450800915332
928c5a36a36da37b5f9d1f90,capsules,2423,41.02666225433349,True,0.9991875810199663,True,51.3129768371582,48.34823226928711,True,True,0.8865043334709038,0.8192219679633868
d579527da6cfe5dbe0a1e2ca,capsules,4694,41.02666225433349,True,0.9954537509113794,True,51.71165466308594,49.871578216552734,True,True,0.5494247976139753,0.9836003051106026
8eb64ff5814eafd0aa3f1144,capsules,1846,41.02666225433349,True,0.9991490241449822,True,54.13502502441406,53.00954055786133,True,True,0.9631635969664138,0.6781083142639207
f4204410b976824fb49a7187,capsules,1793,41.02666225433349,True,0.997993403486785,True,52.48788070678711,52.47159957885742,True,True,0.8918014500836586,0.6098398169336384
c6422a5d81dfc9f98364e959,capsules,2379,41.02666225433349,True,0.9980272142214226,True,57.39176940917969,54.34579086303711,True,True,0.7587221521647751,0.6884057971014492
8a082ff8154b35e3ddade297,capsules,1608,41.02666225433349,True,0.9930794673842688,False,49.0811653137207,49.76906967163086,False,True,0.44154228855721395,0.2707856598016781
38e48d375151c434affdea91,capsules,2862,41.02666225433349,True,0.9984673958868007,True,56.45423126220703,53.900352478027344,True,True,0.7211740041928721,0.7871853546910755
cd0b7ac8eb7457bdf41f885a,capsules,3733,41.02666225433349,True,0.9987429542492215,True,50.32289505004883,40.199615478515625,True,True,0.6914010179480311,0.9843630816170862
ec5a449b5eefaff119825918,capsules,3536,41.02666225433349,True,0.9801415675812417,True,41.42548751831055,39.09604263305664,True,True,0.5882352941176471,0.7932875667429443
0e3e18366515ae2514a8e77d,capsules,4006,41.02666225433349,True,0.9986839208874514,True,49.27668380737305,41.97140884399414,True,True,0.6537693459810284,0.9988558352402745
d0eb64421295aa0bcc678ab8,capsules,4394,41.02666225433349,True,0.9979472051430683,True,54.23634338378906,46.09721374511719,True,True,0.5696404187528448,0.9546147978642258
77defa5063eedec887997eb2,capsules,4348,41.02666225433349,True,0.9953575868586849,True,53.82808303833008,45.36497116088867,True,True,0.6030358785648574,1.0
7668cac7cf3127b106685eca,capsules,4333,41.02666225433349,True,0.9970493504902366,True,59.4636116027832,46.92897415161133,True,True,0.5963535656588969,0.9855072463768116
1e834e3ec0a0f99cc61db643,capsules,4310,41.02666225433349,True,0.9991564843776982,True,59.39875793457031,47.08345031738281,True,True,0.6060324825986079,0.996186117467582
0b38ea5bd86c4923a78bc374,capsules,4470,41.02666225433349,True,0.9920056682794254,True,58.16559982299805,43.943050384521484,True,True,0.5865771812080537,1.0
8413c67bf75249480fff74f6,capsules,4149,41.02666225433349,True,0.9992350119206106,True,59.2685546875,45.52757263183594,True,True,0.6319595083152567,1.0
3c74e62c8d3924662e67cd75,capsules,4558,41.02666225433349,True,0.9990090943678388,True,53.62846374511719,44.635250091552734,True,True,0.5752523036419482,1.0
ccf5db34214f8a47bd3d9d28,capsules,4223,41.02666225433349,True,0.9993943827873223,True,59.51533126831055,46.06725311279297,True,True,0.6208856263319915,1.0
c57e44b3346aa5e39fc1f089,capsules,4184,41.02666225433349,True,0.9989891686187877,True,56.29413986206055,44.47175598144531,True,True,0.6195028680688337,0.988558352402746
747508bd75973f9def4f00a9,capsules,4217,41.02666225433349,True,0.9970885578847042,True,56.684844970703125,46.38499069213867,True,True,0.6193976760730378,0.996186117467582
ed855d61c593ddac773b16e3,capsules,4677,41.02666225433349,True,0.9992010945495589,True,48.8940315246582,42.5057373046875,True,True,0.5606157793457345,1.0
9c14550990169152bef6e22a,capsules,4368,41.02666225433349,True,0.9986729665253848,True,56.96987533569336,43.84304428100586,True,True,0.6002747252747253,1.0
1231df93803c72ad88984451,capsules,4151,41.02666225433349,True,0.9944788012886865,True,56.0633544921875,45.93356704711914,True,True,0.6265960009636232,0.9919908466819222
6f06d90ad80841cb588a5caf,capsules,4045,41.02666225433349,True,0.9661939903657382,True,48.885982513427734,41.03290557861328,True,True,0.5510506798516688,0.8501144164759725
6f89fb3b1474729f2e89063a,capsules,4015,41.02666225433349,True,0.9829268810428596,True,52.13912582397461,47.09252166748047,True,True,0.46650062266500625,0.7143401983218917
690c94ddc3eb0acc0d7ac268,capsules,4362,41.02666225433349,True,0.9895805938709586,True,56.15351867675781,52.16106414794922,True,True,0.4653828519027969,0.7742181540808543
63d72d4c3d76aa492c2db741,capsules,4207,41.02666225433349,True,0.9947798790995594,True,55.18733215332031,44.0953254699707,True,True,0.6232469693368196,1.0
2dcba40fe36bbfa17f56a50c,capsules,1255,41.02666225433349,True,0.9981590726736542,True,48.93682861328125,48.90632247924805,True,True,0.9426294820717132,0.45118230358504957
5eaa195ea317cabd8658d9e5,capsules,172,41.02666225433349,True,0.9983929580260485,True,46.1126594543457,46.09670639038086,True,True,1.0,0.06559877955758962
ec4e2218a0ba582042b6b5bb,capsules,88,41.02666225433349,True,0.9989309189985763,False,39.65180587768555,40.053348541259766,False,False,1.0,0.033562166285278416
37d915e603b9ccdd2eab691d,capsules,233,41.02666225433349,True,0.9984478559314033,True,41.65290832519531,41.614200592041016,True,True,0.9957081545064378,0.08848207475209764
3d1ac6166461c3ade74fcc1a,capsules,134,41.02666225433349,True,0.9996108442938546,True,43.699974060058594,43.67238235473633,True,True,1.0,0.05110602593440122
8464956cf1c5d0f0c6546da1,capsules,101,41.02666225433349,True,0.9930467915419974,False,40.591949462890625,43.02839660644531,False,False,0.7722772277227723,0.029748283752860413
a1ee847507401a76c6f0e428,capsules,135,41.02666225433349,True,0.9944711540160551,False,39.26249694824219,39.45408630371094,False,False,0.8962962962962963,0.046147978642257816
9d8aa15592ea05df0ee5d4d6,capsules,83,41.02666225433349,True,0.9987795079256586,False,44.04902648925781,44.05240249633789,False,True,1.0,0.031655225019069415
50f664187194dfa448be093d,capsules,163,41.02666225433349,True,0.9942896388098018,False,44.08810043334961,44.14573669433594,False,True,0.7239263803680982,0.04500381388253242
1105707fa54824973b85fcd2,capsules,98,41.02666225433349,True,0.9983812625513483,False,42.99495315551758,43.55647277832031,False,True,1.0,0.03737604881769641
e290027671c01f76b8bcf690,capsules,210,41.02666225433349,True,0.9995388696607325,True,46.23847961425781,46.1229248046875,True,True,1.0,0.08009153318077804
64587f67aef7ad1557251435,capsules,289,41.02666225433349,True,0.9995045727451979,True,47.94102478027344,46.83135986328125,True,True,1.0,0.11022120518688025
a41ee7bc6d532342670c3c50,capsules,255,41.02666225433349,True,0.9976343517486341,False,44.903221130371094,44.91791915893555,False,True,0.9411764705882353,0.09153318077803203
a2f26a5fbd8b77618e5176d2,capsules,243,41.02666225433349,True,0.9998613492991564,True,46.11654281616211,44.9910888671875,True,True,1.0,0.09267734553775744
c8c14f6187a0f1c4e341d7e2,capsules,351,41.02666225433349,True,0.9993351459700828,False,43.32340621948242,43.356353759765625,False,True,1.0,0.13386727688787187
dbda893cc54d6d998dc446f1,cashew,637,35.77096405029297,True,0.8565278041640051,True,48.322059631347656,46.81302261352539,True,True,0.46467817896389324,0.11289092295957284
1fca1737a5e8d04c32fba8e8,cashew,302,35.77096405029297,True,0.9848851901032679,False,35.21588897705078,35.346832275390625,False,False,0.6854304635761589,0.07894736842105263
538a5282e0c96eb75a33f44b,cashew,1089,35.77096405029297,True,0.9837576015763824,True,35.06207275390625,34.390899658203125,True,False,0.7961432506887053,0.3306636155606407
7579c5a47e5d9627c0d61fbd,cashew,388,35.77096405029297,True,0.9992685700210615,True,36.25434875488281,36.06157302856445,True,True,1.0,0.14797864225781845
ad17782eaf707946a982c3c7,cashew,408,35.77096405029297,True,0.99944435854239,True,37.70344924926758,37.27831268310547,True,True,1.0,0.15560640732265446
e7cedae458e2d977b5a0c3cd,cashew,492,35.77096405029297,True,0.9939443203527705,True,34.323429107666016,33.89925765991211,True,False,0.8678861788617886,0.16285278413424867
72fea2b8553e59ab6da351be,cashew,631,35.77096405029297,True,0.9982090565590389,True,44.230628967285156,42.39901351928711,True,True,0.9952456418383518,0.2395118230358505
f9d9af57400f66220a34f637,cashew,189,35.77096405029297,True,0.9998621880509991,True,43.757450103759766,43.19405746459961,True,True,1.0,0.07208237986270023
8a98798bbed2c0fd8e08c0d7,cashew,177,35.77096405029297,True,0.9994990312209721,True,38.756656646728516,38.60973358154297,True,True,1.0,0.06750572082379863
6353f0b207ea6944bca761d9,cashew,572,35.77096405029297,True,0.9992729107518725,True,36.89044952392578,35.91949462890625,True,True,0.9982517482517482,0.21777269260106788
85bd8e436424d830033b21a4,cashew,393,35.77096405029297,True,0.9998743148303941,True,34.431007385253906,33.21773147583008,True,False,1.0,0.14988558352402745
411aa1c900988878136abefd,cashew,1158,35.77096405029297,True,0.9975139019427679,True,39.787906646728516,38.90507125854492,True,True,0.8825561312607945,0.3897787948131198
bfa40cbea241ce4ceaa8f82f,cashew,899,35.77096405029297,True,0.9996293524817662,True,52.29804992675781,48.0509147644043,True,True,1.0,0.34286803966437834
8e16249e4d7cf431bd380dca,cashew,608,35.77096405029297,True,0.9995957397129992,True,42.997074127197266,41.08495330810547,True,True,1.0,0.2318840579710145
e4e4c93e7b5c12bae85dd5d4,cashew,594,35.77096405029297,True,0.9987412839926699,True,47.227325439453125,46.98772430419922,True,True,0.9865319865319865,0.2234935163996949
7dde5d02c50b180c47c1a3d4,cashew,432,35.77096405029297,True,0.998430181734969,False,41.724449157714844,41.97747039794922,False,True,1.0,0.16475972540045766
9304f27355b04912b3245760,cashew,623,35.77096405029297,True,0.999168234761084,True,50.51803970336914,49.85346603393555,True,True,1.0,0.2376048817696415
5119be18347f740e34b065a2,cashew,479,35.77096405029297,True,0.9996202733682292,True,57.09453582763672,55.595069885253906,True,True,1.0,0.18268497330282227
6f9e634022de64ca561ca183,cashew,811,35.77096405029297,True,0.9955621011488464,True,49.86885070800781,49.61418533325195,True,True,0.8014796547472256,0.2479023646071701
4068276a6ac8d654ac1d5df2,cashew,616,35.77096405029297,True,0.9987442182943238,True,50.404571533203125,49.146156311035156,True,True,0.9935064935064936,0.2334096109839817
22bf68b10aef9749882a4dfe,cashew,324,35.77096405029297,True,0.9996682529039365,True,54.377742767333984,53.860435485839844,True,True,1.0,0.12356979405034325
add19460de66698aca7bf015,cashew,814,35.77096405029297,True,0.998749984839412,True,39.43064498901367,39.16938400268555,True,True,0.9742014742014742,0.30244088482074755
fe8ed26e05c408e11a9b70ab,cashew,1037,35.77096405029297,True,0.9916815970090465,True,48.840545654296875,47.64347457885742,True,True,0.6624879459980714,0.2620137299771167
205e0b1a7a93178f6b42bee9,cashew,743,35.77096405029297,True,0.9993270396179674,True,45.83406066894531,44.46345901489258,True,True,0.990578734858681,0.2807017543859649
1bc4a12c41328e22e24ed83b,cashew,572,35.77096405029297,True,0.9972339710127012,True,48.459529876708984,48.3628044128418,True,True,0.9283216783216783,0.20251716247139587
7f8cdc27651c7e75619bfbe4,cashew,365,35.77096405029297,True,0.9993087340691592,True,58.61288833618164,58.17534637451172,True,True,1.0,0.13920671243325705
e536952d5769122adf6a4f40,cashew,164,35.77096405029297,True,0.9998974041958146,True,66.11653137207031,64.6268310546875,True,True,1.0,0.06254767353165523
ee5b00d62ec57d3927f84f56,cashew,264,35.77096405029297,True,0.9998871794159712,True,55.73878479003906,54.48817443847656,True,True,1.0,0.10068649885583524
4b113e77d75a66a4a9b92342,cashew,183,35.77096405029297,True,0.9993096415323827,False,52.537349700927734,52.640621185302734,False,True,1.0,0.06979405034324943
c9bafba371c2d8b1b3cc5d12,cashew,266,35.77096405029297,True,0.9996852118535136,True,60.242679595947266,59.57749557495117,True,True,1.0,0.10144927536231885
27effd8e1cf24c2a7ff0a200,cashew,340,35.77096405029297,True,0.997219934176173,True,65.62438201904297,64.53007507324219,True,True,0.9382352941176471,0.12166285278413425
d4d5c47af532576b348a5ebf,cashew,239,35.77096405029297,True,0.9990788604798492,True,60.90729904174805,60.31544876098633,True,True,1.0,0.09115179252479023
83cb64eac67e14ea3f243a8f,cashew,2363,35.77096405029297,True,0.9987564764156966,True,52.66567611694336,48.033973693847656,True,True,0.8197206940330088,0.7387490465293669
ffc319baed47c4ac460ee579,cashew,2182,35.77096405029297,True,0.9987881354738788,True,47.55970001220703,45.609981536865234,True,True,0.8854262144821264,0.7368421052631579
d102687a66daf3c817844090,cashew,1718,35.77096405029297,True,0.9994899934125127,True,50.067562103271484,46.13884735107422,True,True,0.9674039580908033,0.6338672768878718
8f59176e42569bcbd2986379,cashew,1755,35.77096405029297,True,0.9997231930193768,True,46.758148193359375,44.28010940551758,True,True,0.9994301994301994,0.6689549961861174
00bb69b97e4fb3be8e1bb095,cashew,2562,35.77096405029297,True,0.9988889902748892,True,41.048309326171875,38.54278564453125,True,True,0.8165495706479313,0.7978642257818459
37165ec33c568323cf4b101a,cashew,1376,35.77096405029297,True,0.9984573602758721,True,47.887001037597656,46.980411529541016,True,True,0.9229651162790697,0.4843630816170862
140d2904b822ec2bc4949ad9,cashew,230,35.77096405029297,True,0.9995404233251473,True,53.278839111328125,52.837833404541016,True,True,1.0,0.08771929824561403
c3a49673335eb86ad9183e24,cashew,373,35.77096405029297,True,0.9998159218283241,True,57.60658264160156,55.52356719970703,True,True,1.0,0.14225781845919147
2308db987d42256521fd6a3d,cashew,249,35.77096405029297,True,0.999926623771092,True,47.54728698730469,47.101409912109375,True,True,1.0,0.09496567505720824
d47fdeb4ee11ad5662f38c63,cashew,1187,35.77096405029297,True,0.9992395529669212,True,54.232276916503906,51.09356689453125,True,True,1.0,0.45270785659801677
ec49f72f6e3aee4222900e6a,cashew,278,35.77096405029297,True,0.9984799463858912,True,53.76546096801758,53.348358154296875,True,True,1.0,0.10602593440122045
c37641ccf15e6ff71b33b4cb,cashew,98,35.77096405029297,True,0.9993117347990157,False,47.37257766723633,47.550018310546875,False,True,1.0,0.03737604881769641
a467b1288157bbb3013d8f8a,cashew,184,35.77096405029297,True,0.9882181854846741,False,30.553150177001953,30.559242248535156,False,False,0.5543478260869565,0.038901601830663615
4bfb631e057edbd1b1fbc454,cashew,166,35.77096405029297,True,0.9563227832889859,False,29.77963638305664,30.873748779296875,False,False,0.2891566265060241,0.018306636155606407
0e3251fb1896fd4c3a5a2670,cashew,504,35.77096405029297,True,0.9958230009185043,False,35.86636734008789,36.64490509033203,False,True,0.9146825396825397,0.17581998474446986
54de2f0679cdf5222bf2b47b,cashew,533,35.77096405029297,True,0.9982144191959155,True,36.84687805175781,36.41754150390625,True,True,0.9662288930581614,0.19641495041952708
6e70d42541d34113e7c80d64,cashew,533,35.77096405029297,True,0.9831172040139254,False,33.26266860961914,41.50881576538086,False,False,0.225140712945591,0.04576659038901602
df54b67f7dd10f66bf4a784f,cashew,197,35.77096405029297,True,0.9984677801002059,True,33.858402252197266,33.78800582885742,True,False,0.9695431472081218,0.07284515636918383
7271e58c1f6dcc27da8be0e2,cashew,180,35.77096405029297,True,0.999590041210073,False,41.66355514526367,42.04478454589844,False,True,1.0,0.06864988558352403
375185b386e7023808749ac0,cashew,351,35.77096405029297,True,0.9999056691481623,True,33.97219467163086,33.37626266479492,True,False,1.0,0.13386727688787187
baeea786a09892dfa0340bfb,cashew,231,35.77096405029297,True,0.9998075267153167,True,37.764102935791016,37.119728088378906,True,True,1.0,0.08810068649885583
e7cbce5c566a94df22447ef5,cashew,149,35.77096405029297,True,0.9956942925418296,False,32.28160095214844,32.94693374633789,False,False,0.8791946308724832,0.04996186117467582
659f078c5e39bc068079b028,cashew,243,35.77096405029297,True,0.9690991992497778,False,31.466524124145508,31.96478271484375,False,False,0.6502057613168725,0.060259344012204424
3904625837f92270b91a3cc4,cashew,16,35.77096405029297,True,0.9978693615332966,False,34.67121124267578,34.76130676269531,False,False,1.0,0.006102212051868803
c6ae62ce191877d0c18b2f70,cashew,425,35.77096405029297,True,0.981544170746218,True,30.839672088623047,30.2113094329834,True,False,0.7411764705882353,0.12013729977116705
d2db796ba6026d0875167e68,cashew,22,35.77096405029297,True,0.9992503490740953,False,36.720558166503906,37.46597671508789,False,True,1.0,0.008390541571319604
825287c092c98c035cba3279,cashew,179,35.77096405029297,True,0.546531824851437,False,27.51120376586914,35.414146423339844,False,False,0.0,0.0
461d7ee726c191d89677944e,cashew,176,35.77096405029297,True,0.9987829013120271,False,35.60334777832031,35.70565414428711,False,False,0.9829545454545454,0.06598016781083142
5c2e8b5e80ca6875a61dbd0a,cashew,538,35.77096405029297,True,0.9871769514796038,True,39.80219268798828,38.83917999267578,True,True,0.8828996282527881,0.18115942028985507
d7df4a2b68fb3f9ad9bf0632,cashew,85,35.77096405029297,True,0.9968114948519675,False,38.24127960205078,38.723663330078125,False,True,1.0,0.03241800152555301
aa254c5f45dbb8eb7d5b4f86,cashew,54,35.77096405029297,True,0.9970203902250147,True,54.17829895019531,54.047542572021484,True,True,0.7407407407407407,0.015255530129672006
82a4680a7e1144295cc31cb2,cashew,25,35.77096405029297,True,0.9999555926888168,True,44.39888381958008,44.3293342590332,True,True,1.0,0.009534706331045004
caee2124d7d7403ff534e571,cashew,46,35.77096405029297,True,0.9889539325980623,False,39.012577056884766,44.62821960449219,False,True,0.717391304347826,0.012585812356979404
491eb2822a9738f7e2fdd625,cashew,72,35.77096405029297,True,0.9988990514905149,True,53.218841552734375,53.025367736816406,True,True,1.0,0.02745995423340961
1f059309b9010edf5938cb5e,cashew,56,35.77096405029297,True,0.999275733995561,False,34.36188888549805,34.91537857055664,False,False,1.0,0.02135774218154081
52717e1d70ec3483647e9f4f,cashew,19,35.77096405029297,True,0.9956981151017745,False,32.29309844970703,32.99614715576172,False,False,1.0,0.007246376811594203
0681c40cd5573f05d97c2d7f,cashew,49,35.77096405029297,True,0.9993622813974213,True,48.30638122558594,48.218135833740234,True,True,1.0,0.018688024408848206
d7562f154a039b9cb037d700,cashew,35,35.77096405029297,True,0.99798589790616,False,38.7026481628418,38.72886657714844,False,True,1.0,0.013348588863463006
4cefeaf687486a537c3ef760,cashew,31,35.77096405029297,True,0.9995565812971825,False,40.658203125,40.799766540527344,False,True,1.0,0.011823035850495805
99767e65133fab9d27272b83,cashew,65,35.77096405029297,True,0.9968576415743109,False,42.450050354003906,42.50393295288086,False,True,1.0,0.02479023646071701
44ffe7dba665e6f41f4c9a62,cashew,79,35.77096405029297,True,0.9975325959087838,True,45.18296432495117,45.10652542114258,True,True,1.0,0.030129672006102212
3c1917e729daa7d3bd4c2e6c,cashew,43,35.77096405029297,True,0.9978588939129892,True,42.71647644042969,42.67122268676758,True,True,1.0,0.016399694889397406
03c6538ff8044a32980bae8f,cashew,74,35.77096405029297,True,0.9977278094670394,True,40.971134185791016,40.942874908447266,True,True,1.0,0.02822273073989321
b5067b257b192b1707b224cb,cashew,75,35.77096405029297,True,0.9081427410338498,False,39.81230163574219,39.87873077392578,False,True,0.49333333333333335,0.014111365369946605
359ce67c42828fde7b24aabc,cashew,189,35.77096405029297,True,0.999048384557346,True,48.06014633178711,47.907928466796875,True,True,1.0,0.07208237986270023
f04e9dad27415fdc7e6079a1,cashew,76,35.77096405029297,True,0.9950949351835562,True,40.99077606201172,40.97587966918945,True,True,0.618421052631579,0.01792524790236461
3c62fd7f46b8de64cee5687f,cashew,63,35.77096405029297,True,0.9927806458478274,False,33.187198638916016,34.040775299072266,False,False,0.7777777777777778,0.018688024408848206
b58f07063665ea2bf20bbf77,cashew,393,35.77096405029297,True,0.9955056299597048,True,38.6288948059082,38.62410354614258,True,True,0.8295165394402035,0.12433257055682685
04499a54b7db9c55b7403fb7,cashew,350,35.77096405029297,True,0.9968998907537987,True,32.685935974121094,32.65887451171875,True,False,0.8571428571428571,0.11441647597254005
786e3415453022d8ff31ac3e,cashew,410,35.77096405029297,True,0.9949666362068955,True,32.6197624206543,32.56050491333008,True,False,0.7829268292682927,0.12242562929061784
0449fa75a103b21fcaa8d5ae,cashew,521,35.77096405029297,True,0.9902363610447269,True,32.759010314941406,32.7239990234375,True,False,0.7946257197696737,0.15789473684210525
20e0ba99993580839ec7d10c,cashew,821,35.77096405029297,True,0.9946674325126539,True,40.98736572265625,40.79698944091797,True,True,0.7222898903775883,0.22616323417238748
4ed1682650e60fc90ba815c8,cashew,386,35.77096405029297,True,0.9085039767182812,False,34.50848388671875,36.4158935546875,False,False,0.6761658031088082,0.09954233409610984
105640f34633543091913ec9,cashew,282,35.77096405029297,True,0.9949494132879584,True,34.773258209228516,34.714962005615234,True,False,0.8156028368794326,0.08771929824561403
e3cc8b4f0b2ea31708ddcd7d,cashew,577,35.77096405029297,True,0.9968217182512178,True,37.49489212036133,37.37153244018555,True,True,0.8648180242634316,0.19031273836765827
7541f2527c1af0a2054170ec,cashew,422,35.77096405029297,True,0.9897377407908418,False,34.125972747802734,34.13739013671875,False,False,0.6255924170616114,0.10068649885583524
c60dd4d2e61eb5c350e3e0cb,cashew,522,35.77096405029297,True,0.97649379112112,False,32.62335968017578,34.68978500366211,False,False,0.39846743295019155,0.07932875667429443
3d2362f1d154d4e53d413a42,cashew,1049,35.77096405029297,True,0.9973408427596243,False,34.81370162963867,34.847599029541016,False,False,0.9609151572926596,0.38443935926773454
cfa0d8c20570d10e5efc7f63,cashew,663,35.77096405029297,True,0.9901937393938275,True,33.81475830078125,33.791263580322266,True,False,0.8733031674208145,0.2208237986270023
9e06799b178ca9f7fce52add,cashew,165,35.77096405029297,True,0.9989111086512024,False,38.99043655395508,39.069210052490234,False,True,1.0,0.06292906178489703
32065f01befb47840ffbb10e,cashew,1201,35.77096405029297,True,0.9342463997300664,True,36.06192398071289,35.960655212402344,True,True,0.5936719400499584,0.2719298245614035
21a651a7c2428b1d71a82407,cashew,438,35.77096405029297,True,0.9630397194984075,False,30.34227752685547,33.64439392089844,False,False,0.363013698630137,0.06064073226544622
e0913a5a9591f115018022a9,cashew,83779,35.77096405029297,True,0.9087996899435741,False,55.36485290527344,55.423973083496094,False,True,0.022093842132276584,0.7059496567505721
bc01772894f2a1b9e6580af3,cashew,59969,35.77096405029297,True,0.8662323748354852,True,53.667545318603516,50.51371765136719,True,True,0.039220263802964866,0.897025171624714
7e0c6821b6a6c48101d0a574,cashew,58401,35.77096405029297,True,0.884475715432959,True,53.03937911987305,48.76526641845703,True,True,0.04400609578603106,0.9801678108314263
f7a207a5dd270e194eab27c7,cashew,71043,35.77096405029297,True,0.8757161998927361,True,56.1486701965332,53.58030319213867,True,True,0.03597821037962924,0.9748283752860412
3e039509cc2dbdd0924b0cea,cashew,57474,35.77096405029297,True,0.9378033296776456,True,52.598873138427734,45.85953140258789,True,True,0.04562062845808539,1.0
0b12c84fb0f37ec286fc0b0a,cashew,66872,35.77096405029297,True,0.8643308249888348,False,62.144561767578125,62.154537200927734,False,True,0.027963871276468478,0.7131960335621663
83ea52edfb4329b3c3776f42,chewinggum,2810,37.8207290649414,True,0.9959715492959834,True,59.37678146362305,58.118038177490234,True,True,0.7476868327402135,0.8012967200610221
a5f89ec211748982c4996b06,chewinggum,2587,37.8207290649414,True,0.99696815494821,True,52.7710075378418,51.719730377197266,True,True,0.7023579435639737,0.6929824561403509
fc6e887528a8307b0920d255,chewinggum,1843,37.8207290649414,True,0.9948479904028965,True,57.743038177490234,55.626136779785156,True,True,0.6701030927835051,0.47101449275362317
f90c7ef05315e1fbbd3fa860,chewinggum,1265,37.8207290649414,True,0.9994455958085274,True,56.508880615234375,53.37094497680664,True,True,0.9857707509881423,0.4755911517925248
4a67af721b0f452ae820ab9e,chewinggum,3334,37.8207290649414,True,0.9976483902245863,True,60.34178161621094,58.21624755859375,True,True,0.6160767846430714,0.7833714721586575
bccc338c2696bbd76ac7532f,chewinggum,3502,37.8207290649414,True,0.9984888695390423,True,60.935638427734375,57.21580505371094,True,True,0.6864648772130212,0.9168573607932876
550d24c52247875e84fee4c5,chewinggum,4415,37.8207290649414,True,0.9972399692027286,True,60.370174407958984,56.92898178100586,True,True,0.546545866364666,0.9202898550724637
3de82da3ee7f68761919ff55,chewinggum,3253,37.8207290649414,True,0.9913979604387972,True,58.10768127441406,53.93461608886719,True,True,0.7608361512450046,0.9439359267734554
06b0186aca1c70e236744d28,chewinggum,3468,37.8207290649414,True,0.9940351812699014,True,52.94940948486328,51.88313674926758,True,True,0.5239331026528259,0.6929824561403509
316a2b9030ceb3d732e954e9,chewinggum,1859,37.8207290649414,True,0.9942478060963568,True,63.612186431884766,60.300537109375,True,True,0.8041958041958042,0.5701754385964912
57c2ecd0a96379ea0c7060fd,chewinggum,2937,37.8207290649414,True,0.9965611538281778,True,52.716304779052734,51.81721496582031,True,True,0.6254681647940075,0.7006102212051869
bc2f79cdb92b2ba2a7899fb5,chewinggum,7223,37.8207290649414,True,0.9955582634827382,True,59.111671447753906,58.2147216796875,True,True,0.3462550186902949,0.9538520213577422
ae4d8b7bd0627a96a5d5eaec,chewinggum,3684,37.8207290649414,True,0.9973080079764188,True,58.711551666259766,56.7674446105957,True,True,0.6609663409337676,0.9286803966437833
f64396309a7f0ebc28e5d4d2,chewinggum,1887,37.8207290649414,True,0.9984647131205205,True,57.37993240356445,55.493438720703125,True,True,0.8569157392686805,0.6167048054919908
23d7a1f983cb6af4c2c9d031,chewinggum,3646,37.8207290649414,True,0.9967836091231405,True,64.67108154296875,64.5518798828125,True,True,0.5386725178277565,0.7490465293668955
1426282f6fdb9fcf4076b880,chewinggum,8373,37.8207290649414,True,0.9969979432415104,True,57.72811508178711,53.30179214477539,True,True,0.31302997730801385,0.9996186117467581
058fdc068c35a2b940e25fab,chewinggum,2412,37.8207290649414,True,0.9983530414907327,True,54.23021697998047,54.114845275878906,True,True,0.8014096185737977,0.7372234935163997
6dee22a05f1671109ed92efd,chewinggum,4062,37.8207290649414,True,0.9977070081936217,True,55.685035705566406,55.648826599121094,True,True,0.5482520925652388,0.8493516399694889
14071f493f44fe45e4e06ab9,chewinggum,3515,37.8207290649414,True,0.998107158632691,True,58.8249397277832,58.77939987182617,True,True,0.6526315789473685,0.8749046529366895
a9cad478be6c540796456358,chewinggum,3575,37.8207290649414,True,0.991175838768551,True,59.5687141418457,57.36173629760742,True,True,0.6293706293706294,0.8581235697940504
7dcfeac546baef5e8aaa8fb8,chewinggum,2612,37.8207290649414,True,0.9996135669956894,True,55.71319580078125,52.933021545410156,True,True,0.8931852986217458,0.8897787948131197
c518af4299fef196c70923cb,chewinggum,4660,37.8207290649414,True,0.9964904657103408,True,58.547637939453125,54.22774124145508,True,True,0.519098712446352,0.9225781845919145
d24de2d56bf3392292afe0e5,chewinggum,1189,37.8207290649414,True,0.9991778693318981,True,54.61161804199219,51.85246276855469,True,True,0.990748528174937,0.4492753623188406
4ce8caa4d5fb35894db6152c,chewinggum,1151,37.8207290649414,True,0.9992899969691709,True,48.65435791015625,45.69126892089844,True,True,0.9904430929626412,0.43478260869565216
cd39f903e1e4c42b6e6a850f,chewinggum,1529,37.8207290649414,True,0.9995988610077835,True,62.526512145996094,56.64401626586914,True,True,0.973185088293002,0.5675057208237986
e12271f726d719bb5ae25d4a,chewinggum,722,37.8207290649414,True,0.9952054177545181,False,44.321475982666016,45.95158004760742,False,True,0.8157894736842105,0.2246376811594203
961217d6e90800dc2dd6d640,chewinggum,936,37.8207290649414,True,0.9941787455725103,False,40.41445541381836,40.970062255859375,False,True,0.7275641025641025,0.2597254004576659
11378845b801961ca81f4c3f,chewinggum,595,37.8207290649414,True,0.9641019079253462,False,48.255950927734375,50.06154251098633,False,True,0.1899159663865546,0.04309687261632342
f1f82d74d86d7fe2c2a2991b,chewinggum,332,37.8207290649414,True,0.9944131828062407,False,34.73323059082031,35.9405632019043,False,False,0.8132530120481928,0.10297482837528604
acc95f7dd191a50935c60f0e,chewinggum,470,37.8207290649414,True,0.9995773976682697,True,46.46246337890625,45.02273178100586,True,True,1.0,0.17925247902364608
2c8daa2c454cf275b65d181e,chewinggum,1732,37.8207290649414,True,0.9895473537509348,True,53.732479095458984,52.85163116455078,True,True,0.4942263279445728,0.32646834477498093
f2ef6adff4305d98747705d9,chewinggum,533,37.8207290649414,True,0.9924382414653532,False,38.35442352294922,39.27526092529297,False,True,0.6754221388367729,0.13729977116704806
db132f55d3695ef283792e72,chewinggum,1032,37.8207290649414,True,0.7487017325245325,False,31.04228973388672,33.60789489746094,False,False,0.0,0.0
349a6a13625d07784818747e,chewinggum,197,37.8207290649414,True,0.9027180373353706,False,33.024627685546875,34.632938385009766,False,False,0.4263959390862944,0.032036613272311214
01c91be7ff0cb9e3f109b773,chewinggum,490,37.8207290649414,True,0.8502746343785055,False,32.52330017089844,34.269691467285156,False,False,0.024489795918367346,0.004576659038901602
0ca74c4813d20d80df7541b2,chewinggum,662,37.8207290649414,True,0.9905956914746993,True,49.96942138671875,49.79964828491211,True,True,0.6797583081570997,0.17162471395881007
0de49ef61d0bd6bccf204ccc,chewinggum,1264,37.8207290649414,True,0.9971651905284548,True,53.07582473754883,52.574771881103516,True,True,0.8947784810126582,0.43135011441647597
5ecd4be6a68581edcdb39434,chewinggum,427,37.8207290649414,True,0.9922928979573633,False,38.39775466918945,39.50961685180664,False,True,0.7049180327868853,0.11479786422578185
de60294a69c40673294f5c8f,chewinggum,1710,37.8207290649414,True,0.9942249356865263,True,56.40774154663086,55.207794189453125,True,True,0.6637426900584795,0.43287566742944317
a9e5455f49085fb182da81e8,chewinggum,1349,37.8207290649414,True,0.985107541175596,True,51.58376693725586,51.55926513671875,True,True,0.5344699777613047,0.2749809305873379
628d52de4893ab48b55425e2,chewinggum,3484,37.8207290649414,True,0.9993831440108666,True,57.90897750854492,54.94662857055664,True,True,0.7146957520091849,0.9496567505720824
8fb92549b3e43959f6eb17fc,chewinggum,2759,37.8207290649414,True,0.9965684478682579,True,56.09982681274414,55.412837982177734,True,True,0.7814425516491482,0.8222730739893211
0656dd5366d7e40d22f6acab,chewinggum,4565,37.8207290649414,True,0.9972265304481688,True,50.77362823486328,45.91248321533203,True,True,0.5312157721796276,0.9248665141113653
55ffe1213acac57a90248c8a,chewinggum,5008,37.8207290649414,True,0.9994283507038356,True,55.272796630859375,47.24617385864258,True,True,0.5235623003194888,1.0
5adeb3e51cd2592ede1e6f48,chewinggum,8665,37.8207290649414,True,0.9926491486880573,True,49.116783142089844,46.753944396972656,True,True,0.28955568378534335,0.9569031273836766
6eb4bac5e25cf94ca96e504a,chewinggum,4832,37.8207290649414,True,0.9973132034583624,True,61.4265251159668,55.38614273071289,True,True,0.5353890728476821,0.986651411136537
6b489d8ce783a4e5cfab852e,chewinggum,2721,37.8207290649414,True,0.9972653139349054,True,57.36519241333008,56.58977127075195,True,True,0.7034178610804851,0.7299771167048055
da706121f003b105e2a4388a,chewinggum,2658,37.8207290649414,True,0.9993687541012302,True,61.73208236694336,58.02130889892578,True,True,0.8472535741158767,0.858886346300534
0a215adeb5b013c30c68fd0e,chewinggum,2867,37.8207290649414,True,0.9975750085566681,True,63.375946044921875,59.189971923828125,True,True,0.7125915591210324,0.7791762013729977
f8841723d4d2a206066c55af,chewinggum,4984,37.8207290649414,True,0.999184227293711,True,55.76651382446289,51.07471466064453,True,True,0.5256821829855538,0.9992372234935164
8b4a3ccfd4132686b42fbcb9,chewinggum,5673,37.8207290649414,True,0.997868716297196,True,58.46189880371094,55.58803176879883,True,True,0.4528468182619425,0.9797864225781846
594811ad03538d5f3e534da8,chewinggum,5747,37.8207290649414,True,0.9972242691795956,True,50.17755889892578,50.15616989135742,True,True,0.39255263615799546,0.8604118993135011
0d13d83973f60d6578a512be,chewinggum,6935,37.8207290649414,True,0.9978372284679871,True,60.92543029785156,59.902984619140625,True,True,0.3372746935832733,0.8920671243325705
b05d167600b68cfe85542e05,chewinggum,7257,37.8207290649414,True,0.9860439456498984,False,56.27693176269531,56.39308547973633,False,True,0.22791787239906297,0.6308161708619374
71510b5258e73094aff46487,chewinggum,921,37.8207290649414,True,0.9989438138732898,True,59.20598602294922,58.83529281616211,True,True,1.0,0.3512585812356979
714ddb5f39389254f52215cb,chewinggum,3033,37.8207290649414,True,0.9953237684239785,True,64.38301849365234,55.421791076660156,True,True,0.7969007583250907,0.9218154080854309
a6604db46904f300e84025c6,chewinggum,2992,37.8207290649414,True,0.9990198144507682,True,60.48910903930664,56.11587905883789,True,True,0.7787433155080213,0.8886346300533944
760e3fb40a3440d60bbcaffa,chewinggum,1697,37.8207290649414,True,0.9992627730613511,True,63.98591232299805,59.49745559692383,True,True,0.9652327637006483,0.6247139588100686
c6aeb6255ff59209d6664c5b,chewinggum,6858,37.8207290649414,True,0.9989770577865736,True,53.374210357666016,49.04867935180664,True,True,0.3805774278215223,0.9954233409610984
066a3dca9607bb33aaa4780b,chewinggum,2678,37.8207290649414,True,0.9992660868703124,True,58.078609466552734,52.889320373535156,True,True,0.8693054518297236,0.8878718535469108
28ab490ec39dbee5492f45e3,chewinggum,2545,37.8207290649414,True,0.9926553475164442,True,60.29747772216797,55.16953659057617,True,True,0.8455795677799607,0.820747520976354
95c759c74a2bc4da6fb0233c,chewinggum,3979,37.8207290649414,True,0.9981881345601974,True,58.67412185668945,55.074954986572266,True,True,0.6408645388288514,0.9725400457665904
9682ae478ce44793fcb0d7ed,chewinggum,5958,37.8207290649414,True,0.9996518941619412,True,52.84416961669922,48.74677276611328,True,True,0.44008056394763345,1.0
bd8f7b7c687a57c6cf11cf1c,chewinggum,5350,37.8207290649414,True,0.991011308821013,True,58.51141357421875,56.11345291137695,True,True,0.431588785046729,0.8806254767353165
546ff008627482c4c8df8e5e,chewinggum,3425,37.8207290649414,True,0.9941144662121515,True,57.66942596435547,56.00239562988281,True,True,0.6084671532846715,0.7948131197559115
bbb87f02316bdcdb3ec20877,chewinggum,613,37.8207290649414,True,0.9807560640707829,False,53.18497848510742,53.217437744140625,False,True,0.5954323001631321,0.13920671243325705
7d09d6313d3bb04b55659b4b,chewinggum,502,37.8207290649414,True,0.9889806700685961,False,49.647369384765625,49.65245056152344,False,True,0.6314741035856574,0.12090007627765065
aa6df5c1695f18acce21dd6e,chewinggum,121,37.8207290649414,True,0.9985470961905022,False,51.3138542175293,51.413543701171875,False,True,1.0,0.046147978642257816
2f3f1dded7b308e1144f5993,chewinggum,209,37.8207290649414,True,0.9941129702454579,True,48.875755310058594,48.871002197265625,True,True,0.8947368421052632,0.07131960335621663
a6c99a156fd2b092f486ab36,chewinggum,511,37.8207290649414,True,0.9971501587167451,False,51.15702819824219,51.261497497558594,False,True,0.9608610567514677,0.18726163234172388
c1c358dc514e6c44ee209df1,chewinggum,86,37.8207290649414,True,0.9964267629729403,True,42.8689079284668,42.85691833496094,True,True,0.8953488372093024,0.02936689549961861
4db38eca7671a54c08d8a241,chewinggum,317,37.8207290649414,True,0.9973076353701367,False,45.250431060791016,45.515743255615234,False,True,0.9274447949526814,0.11212814645308924
b91c2b36915f8ed62dfefe3b,chewinggum,93,37.8207290649414,True,0.9963094272505355,False,45.065311431884766,45.07633590698242,False,True,0.967741935483871,0.034324942791762014
3a714fadba9884c8fdd58c13,chewinggum,241,37.8207290649414,True,0.9959777164340229,False,42.211185455322266,42.55488967895508,False,True,0.91701244813278,0.08428680396643784
7d923ff020fdfd9fd54a3b58,chewinggum,392,37.8207290649414,True,0.9968053184475599,False,59.057708740234375,59.11513900756836,False,True,0.8903061224489796,0.13310450038138824
058136b0d5e25024c80f75ca,chewinggum,343,37.8207290649414,True,0.9996828316720611,True,51.463836669921875,50.0037727355957,True,True,1.0,0.13081617086193745
7eafb47d721a03d0036f76f9,chewinggum,779,37.8207290649414,True,0.9996338812426624,True,55.88882827758789,54.524635314941406,True,True,1.0,0.2971014492753623
fa38428ed8c89036246b6862,chewinggum,652,37.8207290649414,True,0.9998562754421325,True,58.839134216308594,55.44762420654297,True,True,1.0,0.2486651411136537
bb8826192d94b0b3d45ab97e,chewinggum,614,37.8207290649414,True,0.999917797685407,True,54.910343170166016,49.250545501708984,True,True,1.0,0.2341723874904653
a868ec24a48bd959b6736005,chewinggum,877,37.8207290649414,True,0.9998065693020826,True,58.2572135925293,52.1595573425293,True,True,1.0,0.3344774980930587
c874b101e22e7a655bb3d46c,chewinggum,925,37.8207290649414,True,0.9889549526787247,True,57.8162727355957,55.88395309448242,True,True,0.7556756756756757,0.2665903890160183
1efee72500fad7320b5be130,chewinggum,478,37.8207290649414,True,0.9986878334503339,True,56.43622589111328,54.739322662353516,True,True,0.9728033472803347,0.17734553775743708
6ccd23e541128fabb48b58f5,chewinggum,516,37.8207290649414,True,0.999747407497218,True,59.36498260498047,58.77984619140625,True,True,1.0,0.19679633867276888
de5dd2d41b4cbbc5fcf362a9,chewinggum,670,37.8207290649414,True,0.9998163026168864,True,58.1027946472168,52.92372512817383,True,True,1.0,0.2555301296720061
71a1f49ea0dfd82d2e66a6fd,chewinggum,520,37.8207290649414,True,0.9994731208498868,True,62.17776107788086,59.4434928894043,True,True,1.0,0.19832189168573608
ed40ad1222413fa954e7d598,chewinggum,853,37.8207290649414,True,0.9963455086568688,True,54.02766799926758,50.610076904296875,True,True,0.8253223915592028,0.26849733028222733
16586200efa0c514159f57b9,chewinggum,510,37.8207290649414,True,0.9587268893966081,True,53.2202033996582,49.638126373291016,True,True,0.6588235294117647,0.12814645308924486
907f1f919b76044071c3b3f4,chewinggum,614,37.8207290649414,True,0.9997601062452461,True,52.33137893676758,50.60887908935547,True,True,1.0,0.2341723874904653
fe2294ea97d7e7dd86903869,chewinggum,707,37.8207290649414,True,0.9998656998338726,True,54.32112503051758,51.37899398803711,True,True,1.0,0.26964149504195273
d0a5fa27d6e1dc450a56749e,chewinggum,467,37.8207290649414,True,0.9999277514585363,True,53.9572868347168,49.14524841308594,True,True,1.0,0.17810831426392068
678f6a5b1c4cb06377ba65ff,chewinggum,557,37.8207290649414,True,0.9996148834912577,True,58.65754318237305,55.69623947143555,True,True,1.0,0.2124332570556827
75cfb13a0d50b224590bae09,chewinggum,922,37.8207290649414,True,0.995457415141327,True,53.535465240478516,46.08036422729492,True,True,0.8351409978308026,0.2936689549961861
d6bddf44995bd449ba0c2466,chewinggum,763,37.8207290649414,True,0.9992612006005825,True,55.33799743652344,53.119590759277344,True,True,0.9659239842726082,0.2810831426392067
c5b93025a1692c44cd687858,chewinggum,695,37.8207290649414,True,0.9922132962861568,True,62.07815933227539,57.1383171081543,True,True,0.8820143884892087,0.2337909992372235
96fa156262347f370ab71a7b,chewinggum,537,37.8207290649414,True,0.9998560181238779,True,54.048500061035156,50.860599517822266,True,True,1.0,0.2048054919908467
1da7d41a6310e559ae3be57e,chewinggum,496,37.8207290649414,True,0.9999038892809449,True,59.85554122924805,55.122554779052734,True,True,1.0,0.18916857360793288
25e539f58ee72a7486474724,chewinggum,1008,37.8207290649414,True,0.9996946491665719,True,50.84622573852539,46.794837951660156,True,True,1.0,0.38443935926773454
48069a8a6bd662ffe1e95f65,chewinggum,1468,37.8207290649414,True,0.9997383296825862,True,54.16684341430664,48.921260833740234,True,True,1.0,0.5598779557589626
badc60789706fd22253c8c7d,chewinggum,1440,37.8207290649414,True,0.999658446190145,True,59.07907485961914,51.05015563964844,True,True,1.0,0.5491990846681922
f34461e5d329aaa195f61e70,chewinggum,850,37.8207290649414,True,0.9995924221487718,True,57.75078201293945,54.455928802490234,True,True,1.0,0.32418001525553014
ea02790de71c63f77a669219,fryum,876,33.87791442871094,True,0.9824137785914189,True,49.93680953979492,49.55374526977539,True,True,0.7123287671232876,0.2379862700228833
2bbd3ec51e301a81e9e62ea5,fryum,8336,33.87791442871094,True,0.9899939784193725,True,49.966758728027344,47.55843734741211,True,True,0.27315259117082535,0.868421052631579
70a994ee33a5a5f98d1a906c,fryum,2702,33.87791442871094,True,0.9922492984445334,True,49.21413803100586,49.11034393310547,True,True,0.6184307920059215,0.6372997711670481
fe17b3bb7e6d91bf855be45a,fryum,1382,33.87791442871094,True,0.9871969808377808,True,46.2027473449707,45.02131652832031,True,True,0.6519536903039074,0.34363081617086194
66794ed65d542169dff2c7dd,fryum,610,33.87791442871094,True,0.9972234309377949,True,58.14116668701172,57.399757385253906,True,True,0.8934426229508197,0.20785659801678108
3d13dece78f48cf7fa45ca33,fryum,3269,33.87791442871094,True,0.990348322528223,True,53.139434814453125,52.631805419921875,True,True,0.4144998470480269,0.5167810831426392
7b79b85be79dbd15a7ef0bce,fryum,2792,33.87791442871094,True,0.9959395943756584,True,40.14345932006836,37.42721176147461,True,True,0.6973495702005731,0.7425629290617849
a0f1a3cc0818e0e5eb11e7e0,fryum,2676,33.87791442871094,True,0.9803028724544643,True,37.76725387573242,37.7556037902832,True,True,0.45366218236173395,0.4630053394355454
0dc73ea3b7f6abcbf1a04e2d,fryum,1772,33.87791442871094,True,0.9980132176921098,True,59.967044830322266,58.76298904418945,True,True,0.8335214446952596,0.5633104500381388
80e711df3b1e427366c7b265,fryum,2473,33.87791442871094,True,0.9967151823019051,True,47.294864654541016,46.277156829833984,True,True,0.6914678528103518,0.6521739130434783
af89a3fc93367d11c2b90e46,fryum,549,33.87791442871094,True,0.7720348244764821,False,35.42754364013672,50.31763458251953,False,True,0.0,0.0
3f1ab61fe56559b5322f63dc,fryum,688,33.87791442871094,True,0.9990388462356777,True,50.55034255981445,50.43336486816406,True,True,1.0,0.2623951182303585
3f616e47db6081139aa9591a,fryum,550,33.87791442871094,True,0.9940577001001553,False,49.94948196411133,50.10655212402344,False,True,0.8018181818181818,0.16819221967963388
3155f2ae7b4e017f3e4e86f1,fryum,126,33.87791442871094,True,0.9973974282876725,False,43.25709533691406,43.75508117675781,False,True,0.9444444444444444,0.04538520213577422
436d87387232af5c8e6b4e54,fryum,699,33.87791442871094,True,0.9975078694230762,False,49.04024887084961,49.25563430786133,False,True,0.9413447782546495,0.2509534706331045
92680a1824ed9434e44ccf98,fryum,173,33.87791442871094,True,0.9671401213870405,False,38.85923385620117,41.13571548461914,False,True,0.6358381502890174,0.041952707856598014
51e720649157b6d8b3828bf7,fryum,336,33.87791442871094,True,0.9997053115805694,True,51.26444625854492,51.05927658081055,True,True,1.0,0.12814645308924486
0991fdba5270f68770239306,fryum,1424,33.87791442871094,True,0.9731511050535079,True,38.900630950927734,38.72075653076172,True,True,0.5702247191011236,0.3096872616323417
da625f2507c8f5821a0fb44f,fryum,964,33.87791442871094,True,0.9957104967115412,True,49.84782028198242,49.446083068847656,True,True,0.754149377593361,0.2772692601067887
7a2a31fbbd8f0df55dc8617b,fryum,409,33.87791442871094,True,0.9942763876357705,False,47.70293045043945,48.42539978027344,False,True,0.726161369193154,0.11327231121281464
a173dd6ce470aa641462ae9e,fryum,56,33.87791442871094,True,0.9995640777143555,False,36.81060028076172,36.84636688232422,False,True,1.0,0.02135774218154081
707a80fdfed85fafe655c101,fryum,109,33.87791442871094,True,0.998658033461809,True,39.871238708496094,39.82835006713867,True,True,0.981651376146789,0.04080854309687262
f547d01d4f8f187c7a38cfd7,fryum,59,33.87791442871094,True,0.9674584484332455,False,34.1956901550293,38.6048469543457,False,True,0.0,0.0
affc226aa78a52c4a9e5f55d,fryum,99,33.87791442871094,True,0.9980388903054856,False,38.96805953979492,39.03315734863281,False,True,0.9393939393939394,0.03546910755148741
11a192dfa2971876b4b07756,fryum,42,33.87791442871094,True,0.9957409347360588,False,30.54703712463379,33.47422790527344,False,False,0.9285714285714286,0.014874141876430207
f9d8f08a7f6b5e7422431cf4,fryum,56,33.87791442871094,True,0.9983239680674321,False,33.666648864746094,33.67542266845703,False,False,0.9464285714285714,0.02021357742181541
e977d01059e3d0cd388b1029,fryum,45,33.87791442871094,True,0.9931760729936229,False,33.71592712402344,34.08697509765625,False,False,0.6666666666666666,0.011441647597254004
b8f197ee8c7dea0ba265d809,fryum,93,33.87791442871094,True,0.9994328855710307,True,34.27378463745117,34.21154022216797,True,True,1.0,0.03546910755148741
e1923bf3529e43dab3ed7a36,fryum,15,33.87791442871094,True,0.9726682918206939,False,29.206701278686523,39.5457878112793,False,False,0.0,0.0
0fdaf1bb08e3c9e6bdb2479d,fryum,105,33.87791442871094,True,0.9998255439621038,True,41.876304626464844,41.69430160522461,True,True,1.0,0.04004576659038902
f3738daf5812e9a050851a6b,fryum,39,33.87791442871094,True,0.9997752906816069,False,37.933509826660156,37.94973373413086,False,True,1.0,0.014874141876430207
232aebca13c2a3b682c8b7ff,fryum,29,33.87791442871094,True,0.9997841168689447,False,37.18656539916992,37.20554733276367,False,True,1.0,0.011060259344012205
bf4604877c2cfdcdbd8c029c,fryum,16,33.87791442871094,True,0.9996526029268143,False,40.895904541015625,41.299888610839844,False,True,1.0,0.006102212051868803
2659ffa91556eeb0ae66d2a3,fryum,27,33.87791442871094,True,0.9998659066441774,True,38.95216369628906,38.91748809814453,True,True,1.0,0.010297482837528604
1e408470abc1d14f529400cf,fryum,20,33.87791442871094,True,0.9896260929941555,False,32.48124694824219,34.82133865356445,False,False,0.4,0.0030511060259344014
d2227a3a0a5ded10b84aa59f,fryum,68,33.87791442871094,True,0.9999357505635994,True,35.982704162597656,35.6921272277832,True,True,1.0,0.02593440122044241
eea7ab4a971c68837368d286,fryum,21,33.87791442871094,True,0.983475042523657,False,30.784751892089844,34.70247268676758,False,False,0.0,0.0
68972805f6af0e593581611e,fryum,17,33.87791442871094,True,0.9339868707557337,False,29.722095489501953,37.208003997802734,False,False,0.0,0.0
34bfd09d3c9568afa40da658,fryum,14,33.87791442871094,True,0.9977274089737371,False,37.78254318237305,42.741580963134766,False,True,1.0,0.005339435545385202
ddec27e78f9f74f3e2195d7b,fryum,37,33.87791442871094,True,0.9973950188900572,False,36.4264030456543,39.398799896240234,False,True,1.0,0.014111365369946605
c081952d49fb8a38e8ea14c0,fryum,38540,33.87791442871094,True,0.9101675277287735,True,38.1057243347168,36.70695114135742,True,True,0.06507524649714583,0.9565217391304348
cf120c6cf7e688ef95928891,fryum,52895,33.87791442871094,True,0.951825107972555,True,52.92347717285156,46.2109375,True,True,0.04040079402590037,0.8150266971777269
162aa2d55827363b0db982d3,fryum,41467,33.87791442871094,True,0.9036927709934461,False,42.84944534301758,43.34038162231445,False,True,0.04521667832252153,0.7151029748283753
c3d104097bd1c0951b4d0e40,fryum,37121,33.87791442871094,True,0.8738678989064194,True,52.31791305541992,52.292972564697266,True,True,0.050294981277444036,0.7120518688024409
8a3117f44d61e250231d0e6d,fryum,50683,33.87791442871094,True,0.7522820084223765,True,52.00627517700195,51.616249084472656,True,True,0.025136633585225814,0.4858886346300534
b86aaa95e050983aa8e7257b,fryum,34768,33.87791442871094,True,0.919125653743804,False,54.17892074584961,54.21335983276367,False,True,0.02277956741831569,0.30205949656750575
05e7d385d49a93944ed7d660,fryum,42046,33.87791442871094,True,0.9118364437044086,True,50.13329315185547,49.290252685546875,True,True,0.05189554297673976,0.8321891685736079
d6ce54cb0cacacb1fac75ba2,fryum,50820,33.87791442871094,True,0.9191055568780273,False,45.48955154418945,45.55738830566406,False,True,0.04358520267611177,0.8447749809305873
9bcd6e833b236cbc795dd8f5,fryum,44267,33.87791442871094,True,0.9444799424607504,False,43.04352951049805,43.74653244018555,False,True,0.04353129871010007,0.7349351639969489
96e455da889c6a6022d6b24b,fryum,41881,33.87791442871094,True,0.9251252924591293,True,47.57170486450195,47.52240753173828,True,True,0.054798118478546355,0.8752860411899314
983e626043ee09675b8a9bac,fryum,54068,33.87791442871094,True,0.9310756504390871,True,51.185768127441406,50.61235809326172,True,True,0.03255160168676482,0.6712433257055682
eaebca4cccfbf87f3708bf9a,fryum,33397,33.87791442871094,True,0.8717737878537344,False,51.028202056884766,51.208953857421875,False,True,0.03641045602898464,0.463768115942029
936780b8fbb9114eb6559c17,fryum,37113,33.87791442871094,True,0.931710227214598,False,49.22661209106445,49.23502731323242,False,True,0.0358095546035082,0.5068649885583524
8c73db972249d627ce5cc42d,fryum,37019,33.87791442871094,True,0.9197530552426227,True,51.76458740234375,50.98362350463867,True,True,0.058969718252789106,0.8325705568268498
9a233808680ccbe66eed60fd,fryum,34719,33.87791442871094,True,0.9514216491800058,True,43.27710723876953,43.031776428222656,True,True,0.05023186151674876,0.6651411136536994
e20ded403e7b3f4022f9eb66,fryum,41508,33.87791442871094,True,0.9264393964412861,True,49.41259002685547,47.921321868896484,True,True,0.03563168545822492,0.5640732265446224
76ae63a58d116bcef0b90bb7,fryum,40385,33.87791442871094,True,0.9201138324155261,True,50.55823516845703,49.012210845947266,True,True,0.05380710659898477,0.8287566742944318
2f9c70e940c5c4abd5608c63,fryum,36423,33.87791442871094,True,0.853411502930631,True,50.48998260498047,50.23707580566406,True,True,0.045767784092469045,0.6357742181540809
8777878505d769902e372e93,fryum,48662,33.87791442871094,True,0.8893732978631429,True,51.21980667114258,50.48470687866211,True,True,0.04262052525584645,0.7909992372234935
713a892fbe15f9c59edffe30,fryum,53654,33.87791442871094,True,0.8300172787974502,False,51.950321197509766,52.03603744506836,False,True,0.034815670779438625,0.7124332570556827
7d64493def194919d5bbdfcb,fryum,497,33.87791442871094,True,0.999032271651057,True,41.81559371948242,41.3603630065918,True,True,0.993963782696177,0.18840579710144928
42f250bd04d6cb63ef16c4d1,fryum,111,33.87791442871094,True,0.9972546955522382,False,43.4865837097168,43.550716400146484,False,True,1.0,0.04233409610983982
48f113c2ead423d88638113c,fryum,375,33.87791442871094,True,0.998583300543609,True,48.91373825073242,48.91309356689453,True,True,1.0,0.14302059496567507
e9808288b354bbd6915aa556,fryum,606,33.87791442871094,True,0.9991582163362817,True,49.08993911743164,48.584720611572266,True,True,1.0,0.2311212814645309
d45de799c69ef8b198c8b57e,fryum,441,33.87791442871094,True,0.9981706123513003,False,48.39833068847656,48.418087005615234,False,True,1.0,0.16819221967963388
731d88a997a147686f6da045,fryum,192,33.87791442871094,True,0.9696795794967527,False,39.227115631103516,43.70692443847656,False,True,0.15625,0.011441647597254004
8158fb697f286afef8136831,fryum,599,33.87791442871094,True,0.99822907992065,True,38.360965728759766,37.787986755371094,True,True,0.989983305509182,0.22616323417238748
f7dd88eae08a372459563c8e,fryum,1138,33.87791442871094,True,0.9995953974595012,True,48.5696907043457,47.53514862060547,True,True,1.0,0.43401983218916856
a307dc7bbe40b873d7ec1a1b,fryum,1116,33.87791442871094,True,0.9997213165804923,True,54.741424560546875,50.164737701416016,True,True,1.0,0.425629290617849
75cd49382fc73712226d88a5,fryum,783,33.87791442871094,True,0.9974098498241811,True,49.10521697998047,48.74393081665039,True,True,0.9782886334610472,0.2921434019832189
cf1dff7c1f54fed52392a5af,fryum,1073,33.87791442871094,True,0.9975832525096109,False,49.88396072387695,50.68448257446289,False,True,0.9972041006523765,0.4080854309687262
c75ae74b9c782ad4d76052db,fryum,985,33.87791442871094,True,0.9982711895196273,False,50.98953628540039,51.05295944213867,False,True,1.0,0.37566742944317316
81f47bf243d5be7b46a06904,fryum,866,33.87791442871094,True,0.9991579010098294,True,47.46135330200195,47.4340934753418,True,True,1.0,0.3302822273073989
331edf617fbde0bfb7ff3460,fryum,970,33.87791442871094,True,0.9994473072776304,True,48.71250534057617,47.09091567993164,True,True,1.0,0.3699466056445461
353de009f49fc1c9357fcd65,fryum,1249,33.87791442871094,True,0.997393920425825,False,48.821685791015625,49.20433807373047,False,True,0.9599679743795037,0.4572845156369184
daa4b281797800bcf13aac29,fryum,1559,33.87791442871094,True,0.9994375461743863,True,45.92958450317383,44.29637145996094,True,True,0.9910198845413727,0.5892448512585813
0ce7b5f90467de3134ed6800,fryum,2099,33.87791442871094,True,0.9991674288864744,True,42.42332458496094,40.755592346191406,True,True,0.9080514530728918,0.7269260106788711
3532bae072497217ef8de7cb,fryum,510,33.87791442871094,True,0.9993889683043233,True,43.40809631347656,43.25300216674805,True,True,1.0,0.1945080091533181
7af56bdfdd3960808ce41cae,fryum,681,33.87791442871094,True,0.9978410817616493,False,47.68582534790039,48.39802169799805,False,True,1.0,0.2597254004576659
78bec2dc1371a65962c51669,fryum,592,33.87791442871094,True,0.9996401870477103,True,40.78485870361328,40.27113342285156,True,True,1.0,0.22578184591914569
5b2fab7a0e399dec855935ef,fryum,156,33.87791442871094,True,0.9620064928595281,False,33.988426208496094,35.403594970703125,False,True,0.38461538461538464,0.02288329519450801
75b27c6c6e52d134a67b971e,fryum,168,33.87791442871094,True,0.9280880032449356,False,41.185508728027344,41.26371765136719,False,True,0.05952380952380952,0.0038138825324180014
0567f015e56225dc7b608691,fryum,507,33.87791442871094,True,0.9835867269284267,True,44.62037658691406,44.6026611328125,True,True,0.7692307692307693,0.14874141876430205
d4ec56d92b5bc3454049717e,fryum,272,33.87791442871094,True,0.9892925700229838,True,40.00753402709961,39.95304489135742,True,True,0.6360294117647058,0.06598016781083142
7c4a79c3d182c14dd86bf5e9,fryum,292,33.87791442871094,True,0.9914908471249785,False,45.56017303466797,45.73060989379883,False,True,0.6986301369863014,0.07780320366132723
e6b2601125b73e982bd8a6d1,fryum,94,33.87791442871094,True,0.9964951060988037,False,41.6434326171875,41.64805603027344,False,True,0.8723404255319149,0.031273836765827616
abccf93ccdf1ddd69aec4953,fryum,441,33.87791442871094,True,0.996050975130859,True,42.5723762512207,42.092464447021484,True,True,0.927437641723356,0.15598779557589626
4fcabf5d56be189db9f6ef7d,fryum,52,33.87791442871094,True,0.9563880387274463,False,32.4237060546875,38.165279388427734,False,False,0.0,0.0
e7ef16aed3002dad8595e1a8,fryum,119,33.87791442871094,True,0.9210461828085875,False,32.322837829589844,35.24838638305664,False,False,0.0,0.0
e155f540bc071f756a015d82,fryum,353,33.87791442871094,True,0.9942664835581329,False,37.55010986328125,37.5738525390625,False,True,0.8583569405099151,0.11556064073226545
b02417ed927c24517ea53019,fryum,76,33.87791442871094,True,0.9926307796369443,False,35.44502258300781,40.923912048339844,False,True,0.8552631578947368,0.02479023646071701
5d5db8e43375cbdd66727f4c,fryum,102,33.87791442871094,True,0.9799926362650143,False,33.682838439941406,35.2503662109375,False,False,0.28431372549019607,0.011060259344012205
c09fe3ad04c8af091445e1e8,fryum,142,33.87791442871094,True,0.9407997880029085,False,33.643978118896484,34.40034866333008,False,False,0.5845070422535211,0.031655225019069415
be287c3d130dbab9e49c5e01,fryum,616,33.87791442871094,True,0.9490840908941934,True,33.72732925415039,33.71678161621094,True,False,0.2694805194805195,0.06331045003813883
d45d40f0cfe3ec168b544349,fryum,176,33.87791442871094,True,0.9286506692524555,False,29.25156593322754,33.42174530029297,False,False,0.0,0.0
2b0ddfa999dd7cd84c31ef1b,fryum,362,33.87791442871094,True,0.9463278637520123,False,33.297000885009766,33.48491287231445,False,False,0.281767955801105,0.038901601830663615
e13aaf7261b73fb3560ccb8a,fryum,29,33.87791442871094,True,0.9913771725624512,False,33.650875091552734,36.06806945800781,False,False,0.6896551724137931,0.007627765064836003
44b07ba50ec832f94c291ff2,fryum,84,33.87791442871094,True,0.9405699303685452,False,30.32483673095703,32.190773010253906,False,False,0.16666666666666666,0.005339435545385202
46c4a50ff056ee2902a26b38,fryum,472,33.87791442871094,True,0.911787082165485,False,29.219762802124023,35.12471008300781,False,False,0.0,0.0
6a83f42612ccc8d8c1801a32,fryum,96,33.87791442871094,True,0.8906431065746225,False,29.723297119140625,39.44764709472656,False,False,0.0,0.0
259c3149bfd2e3b96010f6bd,macaroni1,181,39.998821258544915,True,0.9994655944727381,True,37.74862289428711,37.517433166503906,True,False,1.0,0.06903127383676583
51085c0dde6572394f925b75,macaroni1,134,39.998821258544915,True,0.9991995292420763,False,31.830881118774414,31.905141830444336,False,False,1.0,0.05110602593440122
9be5a91d9e1c43972f2cbb9f,macaroni1,249,39.998821258544915,True,0.99731535010007,False,33.74675750732422,34.27566909790039,False,False,0.9518072289156626,0.09038901601830664
8c2143fdd3b3980b2d19b468,macaroni1,86,39.998821258544915,True,0.9996422325822777,False,36.232643127441406,36.44193649291992,False,False,1.0,0.03279938977879481
2345d287749147fc1d326ea3,macaroni1,50,39.998821258544915,True,0.9995677123474784,True,36.72635269165039,36.674598693847656,True,False,1.0,0.01906941266209001
251140b68bcbff57a5e06fec,macaroni1,120,39.998821258544915,True,0.9961010887043426,False,32.17289352416992,35.00381851196289,False,False,0.9833333333333333,0.04500381388253242
0f35d2c299de03a383e80afe,macaroni1,241,39.998821258544915,True,0.9969706484249506,False,35.744972229003906,35.91444778442383,False,False,0.9045643153526971,0.08314263920671243
10d3e03993e06518157e65fc,macaroni1,738,39.998821258544915,True,0.9996550030150692,True,40.246978759765625,37.167972564697266,True,True,1.0,0.2814645308924485
78f5e80e155e6e49e3262332,macaroni1,126,39.998821258544915,True,0.9979889906994152,False,30.512746810913086,30.666532516479492,False,False,1.0,0.04805491990846682
53eca411b8cb199d728dcd82,macaroni1,592,39.998821258544915,True,0.9987272148817703,True,48.35663986206055,48.229488372802734,True,True,1.0,0.22578184591914569
41931e192be7cce3b45b2940,macaroni1,604,39.998821258544915,True,0.9996145569517686,True,40.91361999511719,38.430641174316406,True,True,1.0,0.2303585049580473
6cc0a6b7e23183b3cb8e719c,macaroni1,218,39.998821258544915,True,0.9990629225272464,True,38.3721923828125,37.81720733642578,True,False,1.0,0.08314263920671243
6a6f17ea1be5882b16aed7f7,macaroni1,411,39.998821258544915,True,0.9999204534722859,True,34.867164611816406,32.240318298339844,True,False,1.0,0.15675057208237986
29e7714a876f73909eaf12fb,macaroni1,1248,39.998821258544915,True,0.9962024729570993,True,45.471519470214844,45.16206741333008,True,True,0.7684294871794872,0.36575133485888633
1da88bfbc807996365e990b0,macaroni1,356,39.998821258544915,True,0.9996753741727374,True,40.18464660644531,39.010440826416016,True,True,1.0,0.13577421815408086
13295077e692b776977e90f1,macaroni1,155,39.998821258544915,True,0.9975460186151622,False,31.631013870239258,32.00515365600586,False,False,1.0,0.05911517925247902
ba6523958ae850d02b5b3d0a,macaroni1,203,39.998821258544915,True,0.9975151964710287,True,37.27266311645508,37.083946228027344,True,False,0.9901477832512315,0.07665903890160183
c421503b61809f1136f3a315,macaroni1,200,39.998821258544915,True,0.9992516339370247,False,34.80221176147461,34.80546569824219,False,False,1.0,0.07627765064836003
271f58cf3f9e2c3f6c6cb1d5,macaroni1,832,39.998821258544915,True,0.9997017086265283,True,38.11027908325195,34.85348129272461,True,False,1.0,0.3173150266971777
9f508efba2b34d78c14ebf4b,macaroni1,82,39.998821258544915,True,0.9962790410238054,False,30.926660537719727,31.79361343383789,False,False,1.0,0.031273836765827616
25f3f4cadc2dde03d0bacab4,macaroni1,379,39.998821258544915,True,0.998681761879613,True,42.12221145629883,41.71523666381836,True,True,1.0,0.14454614797864226
e92a3be4f89c01fdecf3c13f,macaroni1,203,39.998821258544915,True,0.994435910933427,True,36.98643112182617,36.62974548339844,True,False,0.9901477832512315,0.07665903890160183
95d4e2804290b11c11db41b7,macaroni1,119,39.998821258544915,True,0.9967159461819266,False,37.09016418457031,37.48707962036133,False,False,0.9915966386554622,0.04500381388253242
654501aee741251968ca0c14,macaroni1,54,39.998821258544915,True,0.9996910871724867,False,39.667415618896484,39.68646240234375,False,False,1.0,0.020594965675057208
df88bf7e9bb033178fb41335,macaroni1,81,39.998821258544915,True,0.9998112318953746,True,46.17768096923828,46.154903411865234,True,True,1.0,0.030892448512585814
623e70869370a4627f59c678,macaroni1,84,39.998821258544915,True,0.9997926229180523,True,42.99798583984375,42.9871711730957,True,True,1.0,0.032036613272311214
584c4d4b937541e3e8fc4467,macaroni1,53,39.998821258544915,True,0.9998405422054546,True,43.868797302246094,43.67049789428711,True,True,1.0,0.02021357742181541
067ddfed88952e43c12bc42a,macaroni1,136,39.998821258544915,True,0.9993096023561023,True,45.02265548706055,44.68168258666992,True,True,1.0,0.05186880244088482
bd48310a6a7abe1c8bc80fba,macaroni1,64,39.998821258544915,True,0.9998108878968255,True,42.36658477783203,42.29340362548828,True,True,1.0,0.02440884820747521
ff8d68cda19e242035f7a986,macaroni1,63,39.998821258544915,True,0.9999554239350333,True,39.34260940551758,38.72221755981445,True,False,1.0,0.02402745995423341
c8551eaef4dfb2c931d4c605,macaroni1,51,39.998821258544915,True,0.9996705255723103,True,36.11439514160156,36.10515213012695,True,False,1.0,0.019450800915331808
d96aae817b19c7a8723b8caf,macaroni1,97,39.998821258544915,True,0.9993391836256336,False,48.39731216430664,48.480716705322266,False,True,1.0,0.036994660564454614
969ed4892a21b13adc0de64a,macaroni1,52,39.998821258544915,True,0.9997611672472027,True,39.759979248046875,39.66631317138672,True,False,1.0,0.019832189168573607
ebd7680b63278eca4ab27673,macaroni1,76,39.998821258544915,True,0.9998044400689897,True,42.6155891418457,42.549800872802734,True,True,1.0,0.028985507246376812
e1f6891848736d49bcf75c60,macaroni1,41,39.998821258544915,True,0.9998617188569416,False,40.80825424194336,40.84068298339844,False,True,1.0,0.015636918382913808
fc302ffa90bc1fac6118d74c,macaroni1,43,39.998821258544915,True,0.9999623791396589,True,38.12705993652344,37.88515853881836,True,False,1.0,0.016399694889397406
e5babd47840b5fb47ed26fc9,macaroni1,106,39.998821258544915,True,0.995448089266039,True,41.005104064941406,40.84477996826172,True,True,0.9716981132075472,0.039282990083905414
985d85bec4b4efa1c7c68607,macaroni1,97,39.998821258544915,True,0.9999079412802275,True,44.2928352355957,43.58148193359375,True,True,1.0,0.036994660564454614
78285238f65b7c9fa932013a,macaroni1,226,39.998821258544915,True,0.9993585947692742,True,55.12287521362305,54.81846618652344,True,True,1.0,0.08619374523264683
98b83d9bb42ef3e610d8f55c,macaroni1,193,39.998821258544915,True,0.9984138749360295,True,42.1954231262207,42.127532958984375,True,True,1.0,0.07360793287566743
ce696f2bf7f8b1de7e417355,macaroni1,292,39.998821258544915,True,0.9988773264475028,True,52.276885986328125,51.953941345214844,True,True,1.0,0.11136536994660565
4ffd9e26024323e77bcc20d1,macaroni1,360,39.998821258544915,True,0.9984597883072388,False,46.97235107421875,47.17725372314453,False,True,1.0,0.13729977116704806
cb801eb202924f8a85d48e26,macaroni1,306,39.998821258544915,True,0.9957877899057178,False,48.21425247192383,48.23231887817383,False,True,0.8464052287581699,0.09877955758962624
40de7bc67bc4efe486eb4fa8,macaroni1,278,39.998821258544915,True,0.9982663438112974,False,51.401554107666016,51.522064208984375,False,True,1.0,0.10602593440122045
a9fa9d0cf2c594cfa408e420,macaroni1,313,39.998821258544915,True,0.9992451536581843,True,55.561222076416016,55.05207061767578,True,True,1.0,0.11937452326468345
4e0ded510d62c7ba61cb9f50,macaroni1,369,39.998821258544915,True,0.9984765977733314,True,47.72969436645508,47.49986267089844,True,True,1.0,0.14073226544622425
d8895294a23c7168af5aa474,macaroni1,538,39.998821258544915,True,0.9985750727554848,True,60.51449203491211,60.35359573364258,True,True,0.9888475836431226,0.2028985507246377
b7f407f081d3c4a18a659b99,macaroni1,372,39.998821258544915,True,0.9992236225762582,True,52.28830337524414,51.683597564697266,True,True,1.0,0.14187643020594964
d3ca4706e5369328cc9988c8,macaroni1,87,39.998821258544915,True,0.999763015495576,True,33.97002029418945,33.934913635253906,True,False,1.0,0.03318077803203661
6fce8600bc3038b0e9240de1,macaroni1,85,39.998821258544915,True,0.9998311112248409,True,32.265933990478516,32.201568603515625,True,False,1.0,0.03241800152555301
14c183f1381f0b21cf8a2106,macaroni1,139,39.998821258544915,True,0.9908425878522006,False,30.4133243560791,34.62718963623047,False,False,0.6690647482014388,0.03546910755148741
99684aada658938377885f6f,macaroni1,179,39.998821258544915,True,0.9945835870649701,False,36.130558013916016,36.8832893371582,False,False,0.8324022346368715,0.05682684973302822
f51af20dafe318b44789c933,macaroni1,186,39.998821258544915,True,0.9998601105471475,True,40.32341384887695,38.44002151489258,True,True,1.0,0.07093821510297482
dbb50a366a8b491693704c54,macaroni1,220,39.998821258544915,True,0.9921319820739117,True,32.61552047729492,32.491146087646484,True,False,0.7181818181818181,0.060259344012204424
f033b99711b2346d705e4972,macaroni1,198,39.998821258544915,True,0.9521123445367373,False,32.083011627197266,39.96610641479492,False,False,0.0,0.0
7d1c867164af3b9437402cb4,macaroni1,114,39.998821258544915,True,0.9811294541739227,False,30.977188110351562,38.30001449584961,False,False,0.0,0.0
2fc54af7eb831978d6c0c25e,macaroni1,214,39.998821258544915,True,0.9998949387561991,True,38.06027603149414,35.66374588012695,True,False,1.0,0.08161708619374523
c26f9c46fe963265e51e7d9c,macaroni1,82,39.998821258544915,True,0.9940530736442745,False,35.57516098022461,39.311767578125,False,False,1.0,0.031273836765827616
0e433b70c0668ca3dd3dd1ae,macaroni1,300,39.998821258544915,True,0.9980737831176834,True,36.61619567871094,36.26273727416992,True,False,0.9533333333333334,0.10907704042715484
16181216c45b3f0bfba3307b,macaroni1,172,39.998821258544915,True,0.9980133905665047,True,33.564849853515625,33.14732360839844,True,False,0.9767441860465116,0.06407322654462243
c565b413df23a0ebcfbc6a7c,macaroni1,217,39.998821258544915,True,0.9912309791736921,False,40.631526947021484,40.895084381103516,False,True,0.695852534562212,0.057589626239511825
a1fc30499cc531de35f8d50e,macaroni1,105,39.998821258544915,True,0.9999323255952994,True,39.110225677490234,38.30765914916992,True,False,1.0,0.04004576659038902
b17630256afb67385ea21ce9,macaroni1,135,39.998821258544915,True,0.9901584664253121,False,34.421173095703125,40.563499450683594,False,False,0.5851851851851851,0.030129672006102212
e24af5bcea5b127faf12cb40,macaroni1,188,39.998821258544915,True,0.9977747399839441,True,34.69206619262695,34.41878890991211,True,False,0.9468085106382979,0.06788710907704043
e65ae977eb1fcd92a6bd63ce,macaroni1,125,39.998821258544915,True,0.9999062663394639,True,39.08176803588867,38.28049850463867,True,False,1.0,0.04767353165522502
638abd854a72e1f7d01f8b49,macaroni1,230,39.998821258544915,True,0.9992928146676755,True,42.045318603515625,40.219635009765625,True,True,1.0,0.08771929824561403
fe0f59551edb0f27d3946825,macaroni1,212,39.998821258544915,True,0.9966102573359815,True,37.03559875488281,36.649471282958984,True,False,0.8726415094339622,0.07055682684973302
f35da06699298c8dccfa5b4b,macaroni1,306,39.998821258544915,True,0.9547351772714626,True,36.50743865966797,36.40827178955078,True,False,0.5490196078431373,0.06407322654462243
5e269e1aef429fb78dd6a9f4,macaroni1,175,39.998821258544915,True,0.9997779453730349,True,40.78579330444336,39.941246032714844,True,True,1.0,0.06674294431731502
2803f7fccd0d5162a7a3db22,macaroni1,115,39.998821258544915,True,0.9999486946931031,True,36.79103088378906,35.671661376953125,True,False,1.0,0.043859649122807015
c6a5c6a7893471795272c2e8,macaroni1,101,39.998821258544915,True,0.9503053746412944,False,29.791561126708984,34.362815856933594,False,False,0.0,0.0
c290d272e54b12aa5b4c6cf8,macaroni1,40,39.998821258544915,True,0.9442257653450539,False,30.761281967163086,34.24360656738281,False,False,0.075,0.0011441647597254005
de1e2110de9d0d2285f2af2f,macaroni1,125,39.998821258544915,True,0.9836639175021659,False,40.006141662597656,40.75579071044922,False,True,0.712,0.033943554538520215
b32933441242293194c28408,macaroni1,127,39.998821258544915,True,0.9966941497064009,False,38.59443283081055,40.398170471191406,False,False,1.0,0.048436308161708616
b6642c6bb684eb9e7880574e,macaroni1,113,39.998821258544915,True,0.9666599267133933,False,38.9991340637207,39.17866134643555,False,False,0.3185840707964602,0.013729977116704805
e2025032a865176e25e58206,macaroni1,34,39.998821258544915,True,0.977430670104828,False,32.722129821777344,36.089752197265625,False,False,0.4117647058823529,0.005339435545385202
2905db12308a3447e25ef517,macaroni1,22,39.998821258544915,True,0.9869750102485241,False,35.503353118896484,35.87421798706055,False,False,0.6818181818181818,0.005720823798627002
63063328f8c10b1f7f826f03,macaroni1,39,39.998821258544915,True,0.9616646098475901,False,29.271163940429688,37.762718200683594,False,False,0.0,0.0
bd8c82f8bbbd108306a3bfb5,macaroni1,128,39.998821258544915,True,0.9894323903406662,False,44.04055404663086,44.21822738647461,False,True,0.7265625,0.03546910755148741
67b394201437c775a3f8cf6d,macaroni1,109,39.998821258544915,True,0.8798977410924341,False,42.623905181884766,48.0494499206543,False,True,0.22018348623853212,0.009153318077803204
0b3d289359dc893c12d78013,macaroni1,204,39.998821258544915,True,0.9926322185742282,False,31.83353042602539,33.37757873535156,False,False,0.7156862745098039,0.05568268497330282
4bfdfe23349cc38a681dc6ea,macaroni1,42,39.998821258544915,True,0.962193290071368,False,35.99467086791992,38.06199264526367,False,False,0.47619047619047616,0.007627765064836003
6deecf099081e1f744af9a3e,macaroni1,27,39.998821258544915,True,0.9873963549497757,False,38.021759033203125,38.939510345458984,False,False,0.48148148148148145,0.004958047292143402
11a8694ae92e988093708a31,macaroni1,30,39.998821258544915,True,0.982904766628261,False,34.184879302978516,34.73481369018555,False,False,0.36666666666666664,0.004195270785659802
ac1c53cb6301e55ec304a394,macaroni1,42,39.998821258544915,True,0.9847871839062292,False,36.30946731567383,36.54458999633789,False,False,0.7142857142857143,0.011441647597254004
009ae6d6a7cf15f60e00275e,macaroni1,143,39.998821258544915,True,0.9987938176609212,True,36.211463928222656,36.01119613647461,True,False,1.0,0.05453852021357742
f60a118233ac31406d15c996,macaroni1,213,39.998821258544915,True,0.9956336026064851,True,41.812564849853516,41.79182052612305,True,True,0.9061032863849765,0.07360793287566743
5129989f8e81fb6a8abbd966,macaroni1,109,39.998821258544915,True,0.9884085797768805,False,30.058923721313477,32.02649688720703,False,False,0.7614678899082569,0.031655225019069415
5ba9be9dce43d728a9f9989d,macaroni1,75,39.998821258544915,True,0.9978199634447417,True,40.565948486328125,40.513919830322266,True,True,0.9466666666666667,0.02707856598016781
d22f9c55dedb39fc3784ba9c,macaroni1,71,39.998821258544915,True,0.995752608011648,False,35.45408630371094,35.53031539916992,False,False,0.8873239436619719,0.02402745995423341
d87c34803bde260541762a13,macaroni1,150,39.998821258544915,True,0.9704326562185903,False,32.357234954833984,34.78594207763672,False,False,0.56,0.032036613272311214
fc763410d8b93160846ffc72,macaroni1,90,39.998821258544915,True,0.9972341154452474,False,33.84614562988281,34.225093841552734,False,False,0.9888888888888889,0.033943554538520215
b3520e891492cf0620a45437,macaroni1,166,39.998821258544915,True,0.9977062821517156,False,45.59188461303711,45.96396255493164,False,True,0.9457831325301205,0.059877955758962625
158c1a24504aa99270a9ace6,macaroni1,157,39.998821258544915,True,0.9747247389797311,False,29.860342025756836,32.06821060180664,False,False,0.5286624203821656,0.031655225019069415
124a3ce41aebda69a518a35e,macaroni1,89,39.998821258544915,True,0.978982369041236,False,34.92255783081055,35.5607795715332,False,False,0.4943820224719101,0.016781083142639208
6dbf6a1c2a242638f234b770,macaroni1,62,39.998821258544915,True,0.9983929555659876,False,35.68170166015625,35.713134765625,False,False,0.9193548387096774,0.021739130434782608
502de3d0a3b80d5fe9a20206,macaroni1,302,39.998821258544915,True,0.9988992274851964,True,36.784828186035156,36.77265930175781,True,False,1.0,0.11517925247902365
5d7adaa1a43aa8239aaae18a,macaroni1,126,39.998821258544915,True,0.9946580369432998,True,38.99348068237305,38.95884323120117,True,False,0.8888888888888888,0.04271548436308162
8686cee89c231ee9ac208eed,macaroni1,147,39.998821258544915,True,0.9968496549487935,False,43.50553894042969,43.51947784423828,False,True,0.9659863945578231,0.05415713196033562
704a758c54b5f09596f8244a,macaroni1,263,39.998821258544915,True,0.9967807338494077,True,47.12495040893555,46.72612380981445,True,True,0.9277566539923955,0.09305873379099924
6c43f4bb8134d5daccdba116,macaroni2,185,38.41723690032959,True,0.9997751659714028,True,48.13610076904297,47.63418960571289,True,True,1.0,0.07055682684973302
169f7ea77a6f29b7261b88e9,macaroni2,139,38.41723690032959,True,0.9983859114117076,True,49.10163879394531,49.03019332885742,True,True,0.9640287769784173,0.05110602593440122
a4ad1746927a2d08c40f7b23,macaroni2,200,38.41723690032959,True,0.9995447881990044,False,49.798828125,49.8956298828125,False,True,1.0,0.07627765064836003
f1974de0999ddbae2228d155,macaroni2,63,38.41723690032959,True,0.9996796700983575,True,38.569461822509766,38.54907989501953,True,True,1.0,0.02402745995423341
0822b68a9a064a98dd389a74,macaroni2,242,38.41723690032959,True,0.9995260671283833,True,54.348121643066406,53.349761962890625,True,True,1.0,0.09229595728451563
56f5ac5c6ad735dba1cd3bb8,macaroni2,143,38.41723690032959,True,0.9994998417638026,False,45.00624465942383,45.04019546508789,False,True,1.0,0.05453852021357742
57a3f07a9f8ab3e2fb963fa5,macaroni2,137,38.41723690032959,True,0.9994277748025844,True,46.26666259765625,46.265865325927734,True,True,1.0,0.05225019069412662
519fe0e89bba0403a2a1022d,macaroni2,107,38.41723690032959,True,0.9989589827133994,False,48.05189895629883,48.21438980102539,False,True,1.0,0.04080854309687262
9fe1a7a0cd53409fd91c9cb5,macaroni2,119,38.41723690032959,True,0.9997382698905343,True,47.40188217163086,47.213138580322266,True,True,1.0,0.04538520213577422
b615744a82c716e79d04f34d,macaroni2,209,38.41723690032959,True,0.9992241217665765,True,49.784427642822266,49.455352783203125,True,True,1.0,0.07971014492753623
d0dce877e6cda5e371822352,macaroni2,107,38.41723690032959,True,0.9998232396302457,True,36.050575256347656,35.47734451293945,True,False,1.0,0.04080854309687262
fd40c99a12d76a57de528883,macaroni2,145,38.41723690032959,True,0.9998211364586678,True,40.5501594543457,40.078819274902344,True,True,1.0,0.055301296720061024
b93330f8ec0ec06fd567db25,macaroni2,76,38.41723690032959,True,0.9998614762902035,True,36.00899124145508,35.925174713134766,True,False,1.0,0.028985507246376812
912ee1c771818f300df8bf39,macaroni2,87,38.41723690032959,True,0.9998730205181737,True,38.91423034667969,38.72509765625,True,True,1.0,0.03318077803203661
b215ef7749e71b9cb6e4e9fb,macaroni2,100,38.41723690032959,True,0.9991118285478775,False,36.565921783447266,36.59737777709961,False,False,1.0,0.03813882532418002
9da86506405268facfc8f498,macaroni2,95,38.41723690032959,True,0.9998560333533443,True,36.512413024902344,35.81293487548828,True,False,1.0,0.036231884057971016
26d6fd632bf434a131f6ec4e,macaroni2,89,38.41723690032959,True,0.9997468153074479,True,40.75802230834961,40.68243408203125,True,True,1.0,0.033943554538520215
38adb42e111febc3aaefacba,macaroni2,116,38.41723690032959,True,0.9999467679947865,True,40.23175048828125,39.42262268066406,True,True,1.0,0.04424103737604882
a347c980a564f328aebde63b,macaroni2,81,38.41723690032959,True,0.9910547378980542,False,32.37487030029297,34.49336624145508,False,False,0.7283950617283951,0.02250190694126621
74889680237c02d94022f094,macaroni2,164,38.41723690032959,True,0.9999353655743596,True,35.36833190917969,34.279640197753906,True,False,1.0,0.06254767353165523
e3d133714c0f05814f496648,macaroni2,123,38.41723690032959,True,0.999955722533628,True,37.95698928833008,37.346370697021484,True,False,1.0,0.04691075514874142
37adcf1d496e402eae667b36,macaroni2,85,38.41723690032959,True,0.9995848712110855,False,40.71767807006836,40.72456741333008,False,True,1.0,0.03241800152555301
77480b68d94b0c9f9f2bd72e,macaroni2,110,38.41723690032959,True,0.9997610997046186,True,37.947021484375,37.56691360473633,True,False,1.0,0.041952707856598014
b715236e21705c0f16885250,macaroni2,91,38.41723690032959,True,0.9977888459188043,True,32.085697174072266,31.9296875,True,False,0.9230769230769231,0.032036613272311214
3f4645ae574aa13ac1a18dd6,macaroni2,93,38.41723690032959,True,0.9986478459027696,True,34.25033187866211,34.207542419433594,True,False,1.0,0.03546910755148741
2ca215e8e7ea31fa3a35a3cc,macaroni2,117,38.41723690032959,True,0.9997429964074623,True,40.469383239746094,40.32184982299805,True,True,1.0,0.04462242562929062
260dc45bbc85f7b24f7f267c,macaroni2,61,38.41723690032959,True,0.9613835261673768,False,28.41025733947754,32.289146423339844,False,False,0.0,0.0
398c22d13c653f57cd601bfe,macaroni2,54,38.41723690032959,True,0.9998937317263084,True,33.01313018798828,32.828399658203125,True,False,1.0,0.020594965675057208
e2b654828a5193f8b616f3bb,macaroni2,66,38.41723690032959,True,0.9996731253036628,True,30.688901901245117,30.522293090820312,True,False,1.0,0.02517162471395881
1dea0ee12acb9c510e2cdd46,macaroni2,94,38.41723690032959,True,0.9999842891765823,True,38.037353515625,37.0137939453125,True,False,1.0,0.03585049580472922
89ddb9c1cd38234b74750970,macaroni2,44,38.41723690032959,True,0.9973870139780098,False,39.32815170288086,42.40556335449219,False,True,1.0,0.016781083142639208
d79c739cfd0c7a8ddad5bb2b,macaroni2,51,38.41723690032959,True,0.9997035927151439,False,47.921226501464844,48.07453918457031,False,True,1.0,0.019450800915331808
a9a764ece6fb7ca57e54752f,macaroni2,38,38.41723690032959,True,0.9997485950842708,False,42.502376556396484,42.53712463378906,False,True,1.0,0.014492753623188406
a5e0aa291b7e878eb282bd94,macaroni2,45,38.41723690032959,True,0.9998852850767586,True,44.21141052246094,44.19123840332031,True,True,1.0,0.017162471395881007
d4191d1b56f640d6a801911e,macaroni2,37,38.41723690032959,True,0.9998927609407299,False,33.6017951965332,33.61186599731445,False,False,1.0,0.014111365369946605
7e8ffcd62777541ce5d7dcfe,macaroni2,57,38.41723690032959,True,0.9998204694182506,False,44.822853088378906,44.87884521484375,False,True,1.0,0.021739130434782608
14947f4fbed997508681936b,macaroni2,77,38.41723690032959,True,0.9999190253667163,True,39.2558479309082,39.0303955078125,True,True,1.0,0.02936689549961861
576ecdd2034b836ce755cc5a,macaroni2,60,38.41723690032959,True,0.999720700233513,True,50.54313278198242,50.50175857543945,True,True,1.0,0.02288329519450801
8248cbd34f6cce2df014846e,macaroni2,52,38.41723690032959,True,0.999791030513067,True,46.924251556396484,46.880859375,True,True,1.0,0.019832189168573607
a05c6cd02e90eae80a4d2f1c,macaroni2,44,38.41723690032959,True,0.9998813776837432,True,42.5109748840332,42.46169662475586,True,True,1.0,0.016781083142639208
f1d17364deb292c99d749920,macaroni2,53,38.41723690032959,True,0.9994366784459063,False,47.660221099853516,47.84846878051758,False,True,1.0,0.02021357742181541
b7e61b03528d51c88838e31c,macaroni2,81,38.41723690032959,True,0.9996271747491874,False,38.250675201416016,38.27672576904297,False,False,1.0,0.030892448512585814
21b2c0a524a8bfb810c613c6,macaroni2,219,38.41723690032959,True,0.9998126271811749,True,52.5395393371582,52.48575973510742,True,True,1.0,0.08352402745995423
f85176278608d1dceff94b4b,macaroni2,146,38.41723690032959,True,0.9992923714674388,False,41.77008819580078,41.85474395751953,False,True,1.0,0.05568268497330282
d8767d99c1d4860e49c078b3,macaroni2,22,38.41723690032959,True,0.999973468287841,True,45.30313491821289,45.250267028808594,True,True,1.0,0.008390541571319604
0d589de7718ba1b4532880ec,macaroni2,49,38.41723690032959,True,0.9925979480099715,False,31.16431999206543,33.898441314697266,False,False,0.8775510204081632,0.016399694889397406
8911db1dabb5828791f3bdb1,macaroni2,258,38.41723690032959,True,0.9818849295749551,False,37.271602630615234,37.60505676269531,False,False,0.5891472868217055,0.057971014492753624
bbac3c92a49a7df39fd013a2,macaroni2,132,38.41723690032959,True,0.999516041134364,True,32.498931884765625,32.27585220336914,True,False,1.0,0.05034324942791762
b2bfc2ce945399e86fa4d118,macaroni2,486,38.41723690032959,True,0.9984973945979874,True,36.83659744262695,35.584510803222656,True,False,0.9691358024691358,0.17963386727688788
d535fdc73b7a40b73f50cba8,macaroni2,448,38.41723690032959,True,0.9992783850345439,True,39.9826545715332,39.17932891845703,True,True,1.0,0.17086193745232647
0d393af7221ca9197c2c5d73,macaroni2,159,38.41723690032959,True,0.9971077368561237,False,35.418548583984375,35.5389289855957,False,False,0.9308176100628931,0.05644546147978642
379fa23ea1bb36eb6d0acb95,macaroni2,69,38.41723690032959,True,0.99979140831187,True,34.097537994384766,33.85688400268555,True,False,1.0,0.02631578947368421
b86929d14e198629e6ab27c3,macaroni2,315,38.41723690032959,True,0.9989040951058146,True,35.97748947143555,35.93355941772461,True,False,0.9873015873015873,0.11861174675819985
65d42137359fa24e0df540b1,macaroni2,191,38.41723690032959,True,0.9495115555979898,False,30.031574249267578,33.577056884765625,False,False,0.0,0.0
26eec54b18e8cba99626757c,macaroni2,506,38.41723690032959,True,0.9982310667483211,False,38.65324783325195,38.74647903442383,False,True,0.9664031620553359,0.18649885583524028
243cf774d89a3f3be1a370ad,macaroni2,240,38.41723690032959,True,0.9996760104211212,True,40.96733856201172,39.84402084350586,True,True,1.0,0.09153318077803203
b0850a01724998d12c702626,macaroni2,225,38.41723690032959,True,0.9993048996063669,True,35.302146911621094,34.96304702758789,True,False,1.0,0.08581235697940504
3428f8693b2e18ca84800e9d,macaroni2,298,38.41723690032959,True,0.9986294264772771,False,34.749977111816406,35.214393615722656,False,False,1.0,0.11365369946605644
d2aa4f8570cfabc3225ef991,macaroni2,346,38.41723690032959,True,0.9984695763538646,True,34.41143798828125,34.284263610839844,True,False,0.9913294797687862,0.13081617086193745
eae40d57f118ed32069bdd26,macaroni2,193,38.41723690032959,True,0.9986559603175399,True,33.2494010925293,32.85642623901367,True,False,0.9637305699481865,0.07093821510297482
74d31bb9848465744b6b502a,macaroni2,268,38.41723690032959,True,0.9991526410015633,True,36.596675872802734,36.545047760009766,True,False,1.0,0.10221205186880244
6e71b0a437d17eba07a7a7a4,macaroni2,464,38.41723690032959,True,0.9939577178364731,False,41.32080841064453,43.430885314941406,False,True,0.7844827586206896,0.13882532418001525
22fea48efc706041289e9a7b,macaroni2,268,38.41723690032959,True,0.9942502339035701,False,33.27973937988281,34.53215408325195,False,False,0.7947761194029851,0.08123569794050343
15fe0ec6952569c6d987e369,macaroni2,180,38.41723690032959,True,0.997337123506368,False,33.32473373413086,34.042911529541016,False,False,1.0,0.06864988558352403
6e319946b7cb0bbef87a6245,macaroni2,179,38.41723690032959,True,0.9996774271628038,True,31.980470657348633,31.715579986572266,True,False,1.0,0.06826849733028223
bca9e17fdbb4da05ef608bb9,macaroni2,171,38.41723690032959,True,0.998019058390085,True,33.75886154174805,33.54347610473633,True,False,1.0,0.06521739130434782
cc1ee3abeee827425ec2c456,macaroni2,307,38.41723690032959,True,0.998430433116637,False,38.11683654785156,38.36977005004883,False,False,0.9674267100977199,0.11327231121281464
6008113371fb50d467d8cf5c,macaroni2,228,38.41723690032959,True,0.9971342090928844,False,38.05266571044922,38.940067291259766,False,False,1.0,0.08695652173913043
66283ca0969bbb84dc6cfe06,macaroni2,384,38.41723690032959,True,0.9920507006656861,False,35.490257263183594,36.747554779052734,False,False,0.8828125,0.12929061784897025
3ca20c2162a9adab9d240819,macaroni2,55,38.41723690032959,True,0.9988830997381528,False,31.613479614257812,32.30510330200195,False,False,1.0,0.020976353928299007
a68e74f6c39286379bdb618b,macaroni2,225,38.41723690032959,True,0.9991094787150056,True,34.99460220336914,34.729793548583984,True,False,1.0,0.08581235697940504
2d9695a99f4fdfb5f7fe0814,macaroni2,260,38.41723690032959,True,0.993570413735735,False,52.71733093261719,52.73451232910156,False,True,0.8807692307692307,0.08733790999237223
21cbc2dafd0b25d4fa7f8cd9,macaroni2,27,38.41723690032959,True,0.9887809500959354,False,42.57021713256836,44.652076721191406,False,True,0.6666666666666666,0.006864988558352402
de66bcee40cc4031e5eaa38a,macaroni2,69,38.41723690032959,True,0.9139556521462631,False,31.40131187438965,32.1802864074707,False,False,0.5507246376811594,0.014492753623188406
9d5b78927cb437cce31ee393,macaroni2,49,38.41723690032959,True,0.9910315273594128,False,34.48250198364258,34.96712112426758,False,False,0.7755102040816326,0.014492753623188406
abd2cc4c976920cbddc44c3d,macaroni2,102,38.41723690032959,True,0.9603602685454854,False,31.860698699951172,33.12611770629883,False,False,0.5882352941176471,0.02288329519450801
5d05d063e9d61804665f67a7,macaroni2,30,38.41723690032959,True,0.8651004270406515,False,33.4752311706543,33.74125289916992,False,False,0.5666666666666667,0.0064836003051106025
a182f91d4187d68dae715f40,macaroni2,326,38.41723690032959,True,0.9955312234645084,False,37.07658004760742,37.42326354980469,False,False,0.8711656441717791,0.10831426392067124
b4eb10027246cf9f94854690,macaroni2,42,38.41723690032959,True,0.97907285095479,False,32.144264221191406,32.1531982421875,False,False,0.7380952380952381,0.011823035850495805
dd4edc1e6dd864bcb8fa34b5,macaroni2,95,38.41723690032959,True,0.9649348223544371,False,44.37208557128906,44.67525863647461,False,True,0.7684210526315789,0.02784134248665141
bf7f49ab37ec49e2b3ec1cb7,macaroni2,129,38.41723690032959,True,0.985271051556756,False,33.493202209472656,33.726192474365234,False,False,0.5968992248062015,0.02936689549961861
5e7411eabc11c44764966a52,macaroni2,28,38.41723690032959,True,0.9466904511197878,False,31.91038703918457,35.924110412597656,False,False,0.35714285714285715,0.0038138825324180014
930961ee952b2753e5c2f2e4,macaroni2,27,38.41723690032959,True,0.9972289728123955,False,43.5924186706543,43.69327926635742,False,True,1.0,0.010297482837528604
626d3cf021255d3a68499679,macaroni2,289,38.41723690032959,True,0.987073282520722,False,38.87220764160156,38.98248291015625,False,True,0.6332179930795848,0.06979405034324943
652031ff416a3dde1a8e50d7,macaroni2,76,38.41723690032959,True,0.962872206530567,False,30.781694412231445,34.78287887573242,False,False,0.0,0.0
88d8ef3400369b5d4bfedaea,macaroni2,171,38.41723690032959,True,0.9976605999506711,False,48.275821685791016,49.52278518676758,False,True,0.9707602339181286,0.06331045003813883
80456b01901cdc1d20ba82c8,macaroni2,133,38.41723690032959,True,0.9917734039921356,False,39.306068420410156,39.339988708496094,False,True,0.7669172932330827,0.038901601830663615
c0a76fcded4285964ed51841,macaroni2,139,38.41723690032959,True,0.9933914024102182,False,40.74534225463867,41.05778884887695,False,True,0.6906474820143885,0.036613272311212815
4b036904c7b811b28bb4fa44,macaroni2,148,38.41723690032959,True,0.9980419032599219,False,48.145816802978516,48.489017486572266,False,True,1.0,0.05644546147978642
ceaee2e842571126fc9e9988,macaroni2,120,38.41723690032959,True,0.9963821539248313,False,48.72440719604492,48.7580680847168,False,True,0.9333333333333333,0.04271548436308162
8ce78565de343dad369b1098,macaroni2,300,38.41723690032959,True,0.9973973561866353,False,50.76063919067383,50.7996826171875,False,True,0.9233333333333333,0.10564454614797865
da459dabcb47161c978b77d5,macaroni2,280,38.41723690032959,True,0.9952973340032557,True,49.564842224121094,49.55684280395508,True,True,0.9321428571428572,0.09954233409610984
8055987a8be0ec738d12db2d,macaroni2,106,38.41723690032959,True,0.997524232046425,False,43.206443786621094,43.220237731933594,False,True,0.9622641509433962,0.038901601830663615
7b1a21bf83ad6a88ead37086,macaroni2,170,38.41723690032959,True,0.9981299895499284,False,49.96051025390625,50.072322845458984,False,True,1.0,0.06483600305110603
a4ea2f7f8f34bb57d9bb8dba,macaroni2,189,38.41723690032959,True,0.9904978125913019,False,46.53194046020508,47.00148391723633,False,True,0.7248677248677249,0.05225019069412662
9297e2a5561e5cc51211a8a4,macaroni2,183,38.41723690032959,True,0.9981709203240803,True,46.58408737182617,46.572574615478516,True,True,1.0,0.06979405034324943
699733d5d2d16aff08b0199d,macaroni2,126,38.41723690032959,True,0.9949329786745538,False,43.159915924072266,43.40532302856445,False,True,0.9126984126984127,0.043859649122807015
28485adba20bcc1631a8d377,macaroni2,201,38.41723690032959,True,0.9959687975107873,True,39.865604400634766,39.85783386230469,True,True,0.9154228855721394,0.07017543859649122
310376fc298561257b2f6ac1,macaroni2,144,38.41723690032959,True,0.9986691051738762,True,40.317623138427734,40.194244384765625,True,True,1.0,0.05491990846681922
9bfbaa8b3543a070404c6402,macaroni2,124,38.41723690032959,True,0.9747411395584183,True,38.17112350463867,38.146263122558594,True,False,0.6693548387096774,0.031655225019069415
e627b7117defb3cdfbc53291,pcb1,269,38.094193840026854,True,0.9951720914551375,True,45.972412109375,45.87104415893555,True,True,0.8327137546468402,0.08543096872616324
3a8bf07b45d07dbde32c82d7,pcb1,289,38.094193840026854,True,0.9968005550497816,False,48.459693908691406,48.67765426635742,False,True,0.9204152249134948,0.10144927536231885
6016a0b692e7aea96d304bed,pcb1,295,38.094193840026854,True,0.9974026238825314,False,55.212860107421875,55.219451904296875,False,True,0.911864406779661,0.10259344012204424
b3c5e4b55365dfe49bbfc529,pcb1,283,38.094193840026854,True,0.9980534543837172,True,56.229454040527344,55.69870376586914,True,True,0.9893992932862191,0.10678871090770405
9bb458c7f0a120e60f0f5780,pcb1,383,38.094193840026854,True,0.9965785912194253,False,53.52056884765625,53.57476806640625,False,True,0.8746736292428199,0.12776506483600306
bd5ea3af2c9e7796fc4885b2,pcb1,486,38.094193840026854,True,0.9977188675935387,True,58.143436431884766,57.9356575012207,True,True,0.9609053497942387,0.17810831426392068
635fa95eba6aeafd2fbc4b1b,pcb1,502,38.094193840026854,True,0.9914761916856618,False,45.820072174072266,45.8764533996582,False,True,0.7051792828685259,0.13501144164759726
1a691e974afca341bb5607c6,pcb1,480,38.094193840026854,True,0.9925885152332763,False,51.14286804199219,51.25339889526367,False,True,0.7125,0.13043478260869565
76b6c61f2186903165b99fd7,pcb1,658,38.094193840026854,True,0.996719590513392,True,61.87693786621094,61.07041931152344,True,True,0.851063829787234,0.2135774218154081
562e3709953ca4e6e4b2876d,pcb1,833,38.094193840026854,True,0.9967717354707113,True,59.86882781982422,59.63862228393555,True,True,0.858343337334934,0.2726926010678871
9edccd3149b8c7ecf98d85b0,pcb1,905,38.094193840026854,True,0.9959203125082281,True,65.04595947265625,64.46725463867188,True,True,0.8375690607734807,0.28909229595728453
8ad961d56efb06cc9e822f11,pcb1,680,38.094193840026854,True,0.9980278833797387,True,53.01420593261719,52.928585052490234,True,True,0.9676470588235294,0.2509534706331045
c415f04e8f8cc4ea36be7511,pcb1,651,38.094193840026854,True,0.9935018129940513,False,49.42365646362305,50.40007400512695,False,True,0.7419354838709677,0.18421052631578946
6c3010fedf8b5c28e9914b8f,pcb1,1006,38.094193840026854,True,0.9928895330389589,True,50.3256721496582,50.295494079589844,True,True,0.6411530815109344,0.2459954233409611
5a72ee44d10a570b1fd8bb25,pcb1,811,38.094193840026854,True,0.991506577467718,True,54.05409622192383,53.81174087524414,True,True,0.5018495684340321,0.15522501906941266
d178bd5629b190173e283933,pcb1,412,38.094193840026854,True,0.9997999139117921,True,39.38819122314453,37.40475845336914,True,True,1.0,0.15713196033562166
4aa0507748155ccd41c16e7b,pcb1,617,38.094193840026854,True,0.9988790804416543,True,63.62568283081055,62.626808166503906,True,True,1.0,0.23531655225019069
88214944719c4af8d3143df7,pcb1,515,38.094193840026854,True,0.9995532768609162,True,41.32909393310547,39.877845764160156,True,True,1.0,0.19641495041952708
d36616000cd05d03f27f9267,pcb1,410,38.094193840026854,True,0.9995907779765978,True,42.18705368041992,41.517478942871094,True,True,1.0,0.15636918382913806
c4ac42eb5ee0a4789bf270c7,pcb1,713,38.094193840026854,True,0.9978565592782325,True,44.638648986816406,43.238704681396484,True,True,0.876577840112202,0.2383676582761251
cd76c7f3317d58ab297a3951,pcb1,1096,38.094193840026854,True,0.9934166643458696,True,41.957847595214844,40.60543441772461,True,True,0.8558394160583942,0.35774218154080856
af0b57367f305eb2a17d8514,pcb1,459,38.094193840026854,True,0.9977611951171316,True,52.69376754760742,52.52556610107422,True,True,0.9869281045751634,0.17276887871853547
6a3a02b2881c1317d6944352,pcb1,551,38.094193840026854,True,0.9995355206859317,True,43.99993896484375,42.767337799072266,True,True,1.0,0.21014492753623187
76a42f157de24284ad441e6a,pcb1,295,38.094193840026854,True,0.9989876168118889,True,47.57127380371094,47.27777862548828,True,True,1.0,0.11250953470633104
50228ea6895579d622003f6f,pcb1,434,38.094193840026854,True,0.9996870634767051,True,40.54990768432617,40.16767120361328,True,True,1.0,0.16552250190694126
dbe0623545dce8b3b6d109c2,pcb1,380,38.094193840026854,True,0.9997530519656517,True,38.337196350097656,37.888389587402344,True,True,1.0,0.14492753623188406
39c5197be54ded8547348437,pcb1,396,38.094193840026854,True,0.9980234285023624,True,39.20213317871094,38.477664947509766,True,True,0.946969696969697,0.14302059496567507
b10423a934a65fe8029be8b3,pcb1,669,38.094193840026854,True,0.9964674590267841,True,42.47514343261719,40.86805725097656,True,True,0.8251121076233184,0.21052631578947367
529b697585bca5778aab04c4,pcb1,374,38.094193840026854,True,0.9986404769341743,False,53.153648376464844,53.21189498901367,False,True,1.0,0.14263920671243327
52c0fe23ccdac65dc7944451,pcb1,468,38.094193840026854,True,0.9994636725680077,True,39.59319305419922,38.11759567260742,True,True,1.0,0.17848970251716248
90be51adb35b52806ba0d167,pcb1,484,38.094193840026854,True,0.9989090789068901,True,47.390350341796875,46.62663269042969,True,True,1.0,0.18459191456903126
422a9abdea5f8a6bac79fde4,pcb1,589,38.094193840026854,True,0.9949210512197537,True,49.31471252441406,49.2239875793457,True,True,0.7385398981324278,0.16590389016018306
df6255da319f5f5a957fca34,pcb1,505,38.094193840026854,True,0.9992348916705162,True,55.11540985107422,53.42336654663086,True,True,1.0,0.19260106788710907
6be096202c2f5627f69df8cb,pcb1,426,38.094193840026854,True,0.9997986669305783,True,42.24644470214844,39.8711051940918,True,True,1.0,0.16247139588100687
3072ce20cf90f5e99440e6bc,pcb1,706,38.094193840026854,True,0.9997480322765739,True,43.47519302368164,42.70638656616211,True,True,1.0,0.26926010678871093
f2bf98b580ac49811aac941d,pcb1,424,38.094193840026854,True,0.9998165348103547,True,40.757957458496094,38.84650421142578,True,True,1.0,0.16170861937452327
4fed9d166ca54ae4e2cbdd5e,pcb1,514,38.094193840026854,True,0.9998226845140707,True,42.69325637817383,41.503440856933594,True,True,1.0,0.19603356216628529
48ae52448a5b6943103b118e,pcb1,290,38.094193840026854,True,0.9905103739040682,True,34.706695556640625,34.499629974365234,True,False,0.7655172413793103,0.08466819221967964
4bdd749184a92487f374f3ab,pcb1,440,38.094193840026854,True,0.9992040539207376,False,56.800628662109375,57.06731414794922,False,True,1.0,0.16781083142639205
842cbf0745e696a8e10da9a2,pcb1,610,38.094193840026854,True,0.9986471244625186,True,51.83340072631836,50.43658447265625,True,True,0.9459016393442623,0.2200610221205187
84796433e41b95aa753bf782,pcb1,12989,38.094193840026854,True,0.9982064554883474,True,64.41027069091797,55.88530731201172,True,True,0.19886057433212717,0.9851258581235698
d05061981f58affed931bdbd,pcb1,27056,38.094193840026854,True,0.999033916207826,True,66.60784149169922,44.335121154785156,True,True,0.09691011235955056,1.0
23f9a42b155f330ad983066b,pcb1,2697,38.094193840026854,True,0.9990504174919634,True,62.50497055053711,54.82733917236328,True,True,0.7927326659251019,0.8154080854309688
d244dab5ed65b8c4fabe3bd3,pcb1,33346,38.094193840026854,True,0.9990284614538107,True,65.81695556640625,44.76450729370117,True,True,0.07863012055418941,1.0
3dab225ec30eb8d5cbdec634,pcb1,20702,38.094193840026854,True,0.9997837980873222,True,56.125492095947266,40.06393814086914,True,True,0.12665442952371753,1.0
3ef2a58bb9f86d4d6fba6aa6,pcb1,20691,38.094193840026854,True,0.9995617744076106,True,58.37040710449219,43.46405029296875,True,True,0.12672176308539945,1.0
a7b0d374a67a0a9b5daee1c9,pcb1,16593,38.094193840026854,True,0.9997211922577467,True,70.692138671875,41.634403228759766,True,True,0.15801844151148076,1.0
5f832185524985ca3f0e92d9,pcb1,465,38.094193840026854,True,0.9975138997968742,True,39.442047119140625,39.31370162963867,True,True,0.9075268817204301,0.16094584286803967
1d3eb297e517f209f1d7d84c,pcb1,286,38.094193840026854,True,0.7778983946725623,False,27.59133529663086,32.28775405883789,False,False,0.0,0.0
2c951b1265924f7382f5e6b3,pcb1,1802,38.094193840026854,True,0.6496465960837938,False,37.99639129638672,40.299774169921875,False,False,0.03496115427302997,0.02402745995423341
96d29042e067ef2b0e292923,pcb1,16737,38.094193840026854,True,0.9993752218202478,True,68.14057922363281,43.10478973388672,True,True,0.15665889944434486,1.0
01a83a014fad55e405a3e709,pcb1,742,38.094193840026854,True,0.9416319322361891,False,36.70449447631836,43.09793472290039,False,False,0.2830188679245283,0.08009153318077804
6c029ad079d487365496de90,pcb1,406,38.094193840026854,True,0.9970066708682134,False,40.180686950683594,40.467002868652344,False,True,0.9285714285714286,0.14378337147215867
c62ede3434899c46ab3c060b,pcb1,4892,38.094193840026854,True,0.9944586705224432,True,46.992252349853516,43.2334098815918,True,True,0.5026573998364677,0.9378337147215866
374ea579413f7ebcbcf16d3c,pcb1,10336,38.094193840026854,True,0.9998928505626259,True,58.22319412231445,40.32841873168945,True,True,0.2536764705882353,1.0
fdc9ef93a38479ccb01d0720,pcb1,10262,38.094193840026854,True,0.9999318140251259,True,53.70380783081055,38.86677932739258,True,True,0.2555057493665952,1.0
ae88f967f93fdad6f994fcae,pcb1,5108,38.094193840026854,True,0.9952568144536409,True,49.78754425048828,47.80613327026367,True,True,0.43519968676585746,0.8478260869565217
9ee551b136ab48c842ab8213,pcb1,613,38.094193840026854,True,0.7636556180916934,False,29.69244384765625,38.64677429199219,False,False,0.0,0.0
b9d7dae8a5c5fcbebbb0a494,pcb1,309,38.094193840026854,True,0.3136946468733274,False,24.766014099121094,33.528846740722656,False,False,0.0,0.0
5b86366603ab17a8469074b2,pcb1,13958,38.094193840026854,True,0.9990817404617061,True,59.62074279785156,46.205875396728516,True,True,0.18784926207193006,1.0
8a19c172453e419aab8e520d,pcb1,239,38.094193840026854,True,0.9998776904877595,True,44.5207405090332,42.31760787963867,True,True,1.0,0.09115179252479023
8be118bc14a8534c33f3d714,pcb1,285,38.094193840026854,True,0.9997460934346414,True,41.44089889526367,39.87761306762695,True,True,1.0,0.10869565217391304
f8d31cce26e9ee33e673a259,pcb1,332,38.094193840026854,True,0.9989985801455252,True,47.97248077392578,47.61426544189453,True,True,1.0,0.12662090007627766
7b2bbe00b4d165b6e192aef2,pcb1,509,38.094193840026854,True,0.9980257893885748,True,49.164398193359375,48.25505065917969,True,True,0.9410609037328095,0.18268497330282227
8c0ead322ee64bc3d0700295,pcb1,543,38.094193840026854,True,0.9965812126283471,True,51.67893600463867,50.95895767211914,True,True,0.7053406998158379,0.14607170099160946
04c892b9392b4664c9714d83,pcb1,205,38.094193840026854,True,0.9987637784593117,True,52.85601806640625,51.943077087402344,True,True,0.9658536585365853,0.07551487414187644
494233199c4bb5688f9e6a0c,pcb1,580,38.094193840026854,True,0.9985882073300185,False,42.61442184448242,42.7257194519043,False,True,1.0,0.2212051868802441
65cffa9bb35f0e26103179b1,pcb1,371,38.094193840026854,True,0.996802578370225,True,42.34968566894531,39.62935256958008,True,True,0.8436657681940701,0.11937452326468345
a7816abdfded36a3b8a8d38b,pcb1,387,38.094193840026854,True,0.9965755711707642,True,55.874298095703125,55.86321258544922,True,True,0.8191214470284238,0.12090007627765065
baa4d638140bceaf22b6a72c,pcb1,997,38.094193840026854,True,0.9953542039268253,True,52.95094299316406,51.804710388183594,True,True,0.7713139418254764,0.2932875667429443
bcb8634e535bdd0ef7b0d2c3,pcb1,522,38.094193840026854,True,0.9991306664515629,True,57.728370666503906,56.887718200683594,True,True,1.0,0.19908466819221968
88df36a01535eb14c196767d,pcb1,1363,38.094193840026854,True,0.9976287043606354,True,54.97148513793945,54.884159088134766,True,True,0.8848129126925899,0.459954233409611
69ee6908ed17d05a195326d6,pcb1,236,38.094193840026854,True,0.9909184697537731,True,48.37238693237305,48.35734939575195,True,True,0.8389830508474576,0.07551487414187644
0602bbc2de6433225c631535,pcb1,588,38.094193840026854,True,0.9928174809509973,False,40.29705810546875,40.328392028808594,False,True,0.6819727891156463,0.15293668954996187
8663dc42040eee78d0739f78,pcb1,473,38.094193840026854,True,0.9920805205878696,True,47.28242111206055,45.93809509277344,True,True,0.9175475687103594,0.16552250190694126
1912e7e3197ae3b58cf6d6d8,pcb1,328,38.094193840026854,True,0.9981612598719488,True,37.10068893432617,37.07251739501953,True,False,0.9451219512195121,0.11823035850495804
f6f9cbebb8ba45b8c42b58c3,pcb1,280,38.094193840026854,True,0.9995072005752168,True,42.48337173461914,41.91482162475586,True,True,1.0,0.10678871090770405
1f3ea9d7cd96153a56bc5fd3,pcb1,1353,38.094193840026854,True,0.994605898265225,True,42.333492279052734,42.228939056396484,True,True,0.8248337028824834,0.425629290617849
b7d6be412991b8875483fd9d,pcb1,292,38.094193840026854,True,0.9992917284238153,True,44.771759033203125,44.172264099121094,True,True,1.0,0.11136536994660565
fabb976489bbb5dcb38fc0f5,pcb1,344,38.094193840026854,True,0.9998800455700251,True,48.50574493408203,46.8441162109375,True,True,1.0,0.13119755911517925
6fd668f7feb0390bd1144115,pcb1,473,38.094193840026854,True,0.9972316761757132,False,50.28495788574219,50.542816162109375,False,True,0.8731501057082452,0.15751334858886346
90ea34a359c519167346cf51,pcb1,1104,38.094193840026854,True,0.9994256877173581,True,46.9598503112793,41.14988327026367,True,True,1.0,0.42105263157894735
1d4ee84e7ce290fe11f558e6,pcb1,526,38.094193840026854,True,0.9971627209520677,False,46.5330924987793,46.617698669433594,False,True,0.9771863117870723,0.19603356216628529
50898a82c14d334f089ba557,pcb1,268,38.094193840026854,True,0.9976551152841393,False,44.18912124633789,45.75221633911133,False,True,0.9701492537313433,0.09916094584286804
3680c24978c1d42b2a37599c,pcb1,593,38.094193840026854,True,0.9913115716768145,True,38.37453079223633,38.32740783691406,True,True,0.7032040472175379,0.15903890160183065
71cc4b3b7db056e9c9c0e4cf,pcb1,400,38.094193840026854,True,0.9920061968946757,True,42.9972038269043,42.85206985473633,True,True,0.855,0.13043478260869565
75ab2d0d05101c31bd2b6306,pcb1,714,38.094193840026854,True,0.9906688980913102,True,49.84041976928711,49.64008331298828,True,True,0.8137254901960784,0.2215865751334859
f5be8c821d0e2b33f0067ae5,pcb1,410,38.094193840026854,True,0.9983916364911164,False,41.93690872192383,42.094730377197266,False,True,1.0,0.15636918382913806
a51198ecdfd31320f770ef6d,pcb1,592,38.094193840026854,True,0.9966330334911438,True,51.92338562011719,51.90635681152344,True,True,0.9172297297297297,0.20709382151029748
684f34e6e9fc7364eaf50826,pcb1,967,38.094193840026854,True,0.9871190263150438,True,43.56788635253906,43.087562561035156,True,True,0.7580144777662875,0.2795575896262395
6a559f080171b70ceb05a76d,pcb1,680,38.094193840026854,True,0.9988530419664118,True,50.87400436401367,50.73996353149414,True,True,0.9911764705882353,0.2570556826849733
f0c3fba61a2efd6739f3d64b,pcb1,956,38.094193840026854,True,0.99746359296944,False,44.59949493408203,44.607147216796875,False,True,0.9539748953974896,0.34782608695652173
43b1e7fcfe515f7fccfef929,pcb1,1236,38.094193840026854,True,0.9956338625332503,True,55.919677734375,55.744178771972656,True,True,0.7354368932038835,0.34668192219679633
0c33699be9e9a16d7c17ce77,pcb1,505,38.094193840026854,True,0.9951766811643842,False,50.25272750854492,50.272926330566406,False,True,0.8198019801980198,0.15789473684210525
eba74f816c6d5107132eca7e,pcb1,639,38.094193840026854,True,0.9970499670874075,True,47.69559097290039,47.69087600708008,True,True,0.9139280125195618,0.2227307398932113
6cfc6e55e1a48e120ca08f74,pcb1,363,38.094193840026854,True,0.9977045982634971,True,45.3490104675293,45.29971694946289,True,True,0.9256198347107438,0.12814645308924486
b3987a6e76637494d22b6173,pcb1,457,38.094193840026854,True,0.998836927129249,True,40.515892028808594,39.91719436645508,True,True,0.973741794310722,0.16971777269260108
32cf4b2e165e3206846aaf60,pcb1,514,38.094193840026854,True,0.9872570026789549,False,40.65799331665039,41.05078887939453,False,True,0.7198443579766537,0.14111365369946605
410c85cbd877dc37da9438a0,pcb1,489,38.094193840026854,True,0.9986804929249512,True,41.8870849609375,41.71120071411133,True,True,1.0,0.18649885583524028
4d7ad789330c4ea70ea3ae32,pcb1,598,38.094193840026854,True,0.9989015534002382,True,57.642208099365234,57.57635498046875,True,True,0.979933110367893,0.2234935163996949
785ab307e32681ec6061b1ad,pcb2,318,37.10352382659912,True,0.9962655716382194,False,42.66999435424805,42.69745635986328,False,True,0.8773584905660378,0.10640732265446225
628387340d1a6acdb1c9cfb8,pcb2,479,37.10352382659912,True,0.9945162636236623,False,51.54159164428711,51.610267639160156,False,True,0.7828810020876826,0.14302059496567507
483f148fc75c8678fab89bb4,pcb2,485,37.10352382659912,True,0.9975955287362875,True,56.813453674316406,56.58649826049805,True,True,0.9257731958762887,0.17124332570556827
235b228ca68afd7f5ba618d2,pcb2,624,37.10352382659912,True,0.9942177995652635,False,47.38722610473633,47.396080017089844,False,True,0.7916666666666666,0.18840579710144928
75a5838a6d051b79a9684558,pcb2,765,37.10352382659912,True,0.9979808575367245,False,58.57198715209961,58.625205993652344,False,True,0.930718954248366,0.2715484363081617
e6cc72556acfea6bdc4af38a,pcb2,781,37.10352382659912,True,0.9920684411905218,True,41.4284782409668,41.408119201660156,True,True,0.5787451984635084,0.17238749046529367
f3f49db511a77f3f8bae01fa,pcb2,795,37.10352382659912,True,0.9917458765166922,False,46.14618682861328,46.201316833496094,False,True,0.7157232704402515,0.21700991609458428
9cc4e91c8188d17a460ae54d,pcb2,872,37.10352382659912,True,0.9963800884262484,True,57.579036712646484,57.53532409667969,True,True,0.8371559633027523,0.2784134248665141
34b654a1dca527cd5f37709f,pcb2,1188,37.10352382659912,True,0.9955321653874284,True,55.33955383300781,55.26652145385742,True,True,0.76010101010101,0.34439359267734554
49bb6414f376f55f9dfed75a,pcb2,940,37.10352382659912,True,0.9953284414203686,False,46.67164993286133,46.747920989990234,False,True,0.8563829787234043,0.30701754385964913
8fac390667fd5e96d54f7365,pcb2,563,37.10352382659912,True,0.9910219421792623,True,35.1728401184082,35.148651123046875,True,False,0.7850799289520426,0.16857360793287568
a15cc8af2dae04ebbcd5c355,pcb2,3794,37.10352382659912,True,0.9890191907628385,False,57.743896484375,58.58075714111328,False,True,0.30152872957301,0.43630816170861936
2c6d7c05b7b6a314e07d03bc,pcb2,541,37.10352382659912,True,0.9928457792180378,True,39.42692947387695,39.345279693603516,True,True,0.6136783733826248,0.12662090007627766
45835dece90eca01ae528c98,pcb2,1789,37.10352382659912,True,0.9967218878458927,True,68.9871597290039,68.80796813964844,True,True,0.7931805477920626,0.5411899313501144
be1b9150631085938abac877,pcb2,880,37.10352382659912,True,0.9945530039451561,False,45.769405364990234,46.700653076171875,False,True,0.7943181818181818,0.2665903890160183
1da24f7dc6e05ac42a2e436a,pcb2,1065,37.10352382659912,True,0.9933587565377608,True,45.96412658691406,45.721710205078125,True,True,0.8169014084507042,0.3318077803203661
b0dbfa0887ba168b245c9f5b,pcb2,656,37.10352382659912,True,0.9989803081016263,True,45.85024642944336,45.30301284790039,True,True,1.0,0.2501906941266209
320c443c643128d0f13cbd13,pcb2,802,37.10352382659912,True,0.9994775718447375,True,39.67049026489258,39.03299331665039,True,True,1.0,0.30587337909992374
64922825f529b3488defd830,pcb2,675,37.10352382659912,True,0.8399730865340173,False,43.788639068603516,55.66773986816406,False,True,0.0,0.0
44e8a317d17ba03d731c70e9,pcb2,1232,37.10352382659912,True,0.9972855532247924,True,48.102996826171875,47.83499526977539,True,True,0.8823051948051948,0.41456903127383676
d8de5fa5354169f39de7d6d0,pcb2,565,37.10352382659912,True,0.9996660038776759,True,42.99355697631836,41.659297943115234,True,True,0.9964601769911504,0.2147215865751335
58896642a6f3987d7f1143f5,pcb2,1026,37.10352382659912,True,0.997332369745467,True,54.321441650390625,54.29645538330078,True,True,0.9200779727095516,0.36003051106025935
e26b913937c2f4a11d007da4,pcb2,515,37.10352382659912,True,0.999660669724011,True,38.847129821777344,37.1317024230957,True,True,1.0,0.19641495041952708
2727cab027a82fb59ff47289,pcb2,851,37.10352382659912,True,0.9908687224861854,True,41.41521453857422,40.603519439697266,True,True,0.6721504112808461,0.21815408085430968
6fdb7f891ca8919f0898fcd1,pcb2,1042,37.10352382659912,True,0.9984051779442252,True,43.83383560180664,43.70738220214844,True,True,0.935700575815739,0.3718535469107552
73fc18451c00b691448763c1,pcb2,1135,37.10352382659912,True,0.996510584989533,True,43.3369255065918,42.35675048828125,True,True,0.8651982378854626,0.37452326468344777
faf71a290ac9d8c0d6bf4424,pcb2,723,37.10352382659912,True,0.9958945492621313,True,56.86219787597656,56.55366134643555,True,True,0.7842323651452282,0.21624713958810068
b19543d0edfdd53b19e85ff8,pcb2,857,37.10352382659912,True,0.9986018494869926,True,45.89204025268555,43.81019973754883,True,True,0.9521586931155193,0.3112128146453089
592c6eaa6aadd46ac503d739,pcb2,1623,37.10352382659912,True,0.9979154667185784,True,53.14882278442383,52.717140197753906,True,True,0.8656808379544054,0.5358504958047292
017154c854febdf67bcc4cd3,pcb2,847,37.10352382659912,True,0.9988744730621529,True,41.25210189819336,40.930816650390625,True,True,0.9905548996458088,0.31998474446987035
fc0211f53eb8a3eb1fa5941b,pcb2,489,37.10352382659912,True,0.998105444817027,True,44.338069915771484,43.971641540527344,True,True,0.9570552147239264,0.17848970251716248
467b73b06b77bb4318220828,pcb2,587,37.10352382659912,True,0.9960306989804125,True,41.98091506958008,39.69744110107422,True,True,0.8756388415672913,0.19603356216628529
cc08af32cf19a56d899bcf9a,pcb2,419,37.10352382659912,True,0.9982172847623089,True,42.920692443847656,41.10184097290039,True,True,0.9236276849642004,0.14759725400457666
c7ae6b358d344ed02f059979,pcb2,683,37.10352382659912,True,0.9952689936714048,True,37.33504104614258,36.75627136230469,True,True,0.8784773060029283,0.2288329519450801
d5d38247b3750584b90e5c29,pcb2,584,37.10352382659912,True,0.9946113820239784,True,55.1609001159668,55.06608963012695,True,True,0.9058219178082192,0.20175438596491227
2ea061e8a06eade2f04c6203,pcb2,514,37.10352382659912,True,0.9987591485346803,True,39.856117248535156,39.64237976074219,True,True,1.0,0.19603356216628529
ea80968873d9da594441c2d7,pcb2,447,37.10352382659912,True,0.9913882338044531,True,34.18207931518555,34.09202194213867,True,False,0.7337807606263982,0.12509534706331046
ba63aa941366b93f0ebaeca2,pcb2,873,37.10352382659912,True,0.9847369596883345,True,48.26774597167969,44.66217041015625,True,True,0.7342497136311569,0.2444698703279939
05a260a03941e14c4b7fa404,pcb2,673,37.10352382659912,True,0.9989134112719668,True,38.358055114746094,38.11176681518555,True,True,0.9881129271916791,0.2536231884057971
40288d3216a8b6e9f3ff6f84,pcb2,724,37.10352382659912,True,0.998615524604043,True,46.148075103759766,43.368927001953125,True,True,0.9447513812154696,0.2608695652173913
23604140fec2eef8bd39e1b5,pcb2,4457,37.10352382659912,True,0.9512478443838689,False,52.25655746459961,53.880619049072266,False,True,0.17747363697554408,0.3016781083142639
bd71e15273755fea66216dfa,pcb2,4602,37.10352382659912,True,0.9806915195337936,True,56.196571350097656,53.048458099365234,True,True,0.37266405910473704,0.6540808543096872
feb3e41656025da3bc354582,pcb2,4900,37.10352382659912,True,0.997141635797856,True,54.88275909423828,49.77442169189453,True,True,0.4940816326530612,0.9233409610983981
55f1898177a830b5e12abe3d,pcb2,2376,37.10352382659912,True,0.9967173473465627,True,50.08475112915039,49.19086456298828,True,True,0.8202861952861953,0.7433257055682685
0396aae0e8543b910447f326,pcb2,9375,37.10352382659912,True,0.9955433296540847,True,57.51647186279297,52.05925750732422,True,True,0.2756266666666667,0.9855072463768116
d0055a1c157529b0573e9797,pcb2,1627,37.10352382659912,True,0.9933948972663476,True,34.19187927246094,34.174949645996094,True,False,0.6275353411186232,0.389397406559878
11474c54f7e82004a4d08d3d,pcb2,8129,37.10352382659912,True,0.968326076736944,True,56.9655876159668,54.41413497924805,True,True,0.22622708820273096,0.7013729977116705
e96e226b798c2f75f8be448b,pcb2,215,37.10352382659912,True,0.8342184953902384,False,42.58673095703125,54.0654411315918,False,True,0.0,0.0
843bca24abf251865e56ed56,pcb2,3091,37.10352382659912,True,0.8251430621072467,True,47.1254768371582,47.12226486206055,True,True,0.19087673891944354,0.2250190694126621
c838acdc59364f0ae0139747,pcb2,860,37.10352382659912,True,0.8944008555423787,False,43.30350875854492,43.630191802978516,False,True,0.3453488372093023,0.11327231121281464
9a426de3fe539d30129fb6e1,pcb2,420,37.10352382659912,True,0.8012525008169276,False,35.454227447509766,35.56151580810547,False,False,0.37142857142857144,0.059496567505720827
50b92309c855312aa506352e,pcb2,571,37.10352382659912,True,0.9935695354569224,False,33.06249237060547,33.399993896484375,False,False,0.7548161120840631,0.16437833714721586
b883a7338b6052eac5107f56,pcb2,2672,37.10352382659912,True,0.7710179308687768,False,54.93975830078125,55.14427185058594,False,True,0.16803892215568864,0.17124332570556827
e4861796e2e4468e0112e833,pcb2,195,37.10352382659912,True,0.9835834358439904,True,31.41240119934082,31.16708755493164,True,False,0.4666666666666667,0.03470633104500381
cd68690ce790f663ed5457f7,pcb2,1464,37.10352382659912,True,0.9756920673945654,True,45.7325325012207,45.7146110534668,True,True,0.28005464480874315,0.15636918382913806
2fa5078aab210427dc187c96,pcb2,301,37.10352382659912,True,0.9909295967633873,False,30.943012237548828,32.64982986450195,False,False,0.6677740863787376,0.07665903890160183
d343c2a2cbca687849a3010d,pcb2,210,37.10352382659912,True,0.9672229045702898,True,31.536333084106445,31.34212875366211,True,False,0.47619047619047616,0.03813882532418002
a3f3d4706393e7fb6290639a,pcb2,407,37.10352382659912,True,0.9888255657424709,False,30.9652156829834,31.003633499145508,False,False,0.5798525798525799,0.09000762776506484
f19f9dd394dcf709d33a91a1,pcb2,143,37.10352382659912,True,0.998587311215889,False,32.13751983642578,32.82267761230469,False,False,1.0,0.05453852021357742
2a6f82efe4a992edee519e90,pcb2,946,37.10352382659912,True,0.9746441413136125,True,35.78872299194336,35.768516540527344,True,False,0.25792811839323465,0.09305873379099924
9dcd7b88aa145c9956d55e28,pcb2,354,37.10352382659912,True,0.9985136499410944,False,37.51118850708008,37.5965576171875,False,True,0.9887005649717514,0.13348588863463004
f645c03fd2cdd71d8649824d,pcb2,463,37.10352382659912,True,0.9981074347005339,True,59.59511947631836,59.37669372558594,True,True,0.9956803455723542,0.17581998474446986
d5ba7127f32231a9ea444738,pcb2,377,37.10352382659912,True,0.9997603919309496,True,40.39055633544922,38.09022903442383,True,True,1.0,0.14378337147215867
1396120765feff59f1681771,pcb2,446,37.10352382659912,True,0.9996656794037779,True,40.694541931152344,38.87423324584961,True,True,1.0,0.17009916094584288
14865019f5e6980bbff89391,pcb2,720,37.10352382659912,True,0.9962063677100121,True,51.19187927246094,51.01289367675781,True,True,0.8819444444444444,0.2421815408085431
8b68baa11ed86b3af31e169e,pcb2,638,37.10352382659912,True,0.9970752063158066,True,45.84587478637695,44.81108093261719,True,True,0.8557993730407524,0.20823798627002288
6027ce71478d7b3c6f712726,pcb2,593,37.10352382659912,True,0.9961118600950873,True,42.262821197509766,40.75901794433594,True,True,0.8178752107925801,0.18497330282227306
96643ba666ef12f988aa091b,pcb2,359,37.10352382659912,True,0.9931649347795078,False,35.95008087158203,40.78445816040039,False,False,0.8467966573816156,0.11594202898550725
844ad8281954962a34a5bf8c,pcb2,460,37.10352382659912,True,0.9967927713013306,True,50.234710693359375,49.56376266479492,True,True,0.9326086956521739,0.16361556064073227
3a12002344b707eeebd29c0b,pcb2,394,37.10352382659912,True,0.9994139698146505,True,42.64286804199219,41.38349914550781,True,True,1.0,0.15026697177726925
96557f21d6aa5ae880a4458f,pcb2,413,37.10352382659912,True,0.9994178356402245,True,42.15155029296875,41.4237174987793,True,True,1.0,0.15751334858886346
42ee2d6c129abdc1c0309610,pcb2,689,37.10352382659912,True,0.9928761867098599,False,43.5782585144043,43.767642974853516,False,True,0.7387518142235123,0.1941266209000763
580fe2e2970cd28c647aca81,pcb2,472,37.10352382659912,True,0.9986560554071833,True,35.99746322631836,35.71873474121094,True,False,0.9957627118644068,0.17925247902364608
ade09ecec40f2c9d7e7a559e,pcb2,243,37.10352382659912,True,0.9993916904768291,True,36.225860595703125,35.77443313598633,True,False,1.0,0.09267734553775744
3756ebdbf929ed787cce6dfc,pcb2,965,37.10352382659912,True,0.9992715932001214,True,44.86294174194336,43.00197982788086,True,True,1.0,0.36803966437833713
c75d1316fd33a72b0af4c5e4,pcb2,1017,37.10352382659912,True,0.9936456286209268,False,43.697120666503906,47.523712158203125,False,True,0.6361848574237955,0.2467581998474447
f5b0f44066263eac6e77f054,pcb2,358,37.10352382659912,True,0.999833332244978,True,39.285770416259766,37.02422332763672,True,True,1.0,0.13653699466056446
6074e88848b9c71cf3e3e076,pcb2,672,37.10352382659912,True,0.9752992023456213,False,32.981849670410156,32.98508834838867,False,False,0.6130952380952381,0.15713196033562166
6f83b8bb8a22fbd61cb75ad4,pcb2,645,37.10352382659912,True,0.9996295537733244,True,46.683292388916016,44.52983856201172,True,True,1.0,0.2459954233409611
aadfd2dcc350943f2416b2dd,pcb2,637,37.10352382659912,True,0.9974235346041836,True,46.40195083618164,46.329837799072266,True,True,0.9654631083202512,0.2345537757437071
d9b148f21cbbcaf360fd45b1,pcb2,429,37.10352382659912,True,0.9996515631805929,True,41.72705078125,39.012840270996094,True,True,1.0,0.16361556064073227
d9fc0603ee4f26815a3e863a,pcb2,678,37.10352382659912,True,0.9933206457386509,True,45.576759338378906,45.29929733276367,True,True,0.8333333333333334,0.2154843630816171
e12cc7f03dd0bec2c8be0d63,pcb2,239,37.10352382659912,True,0.9983857972072822,True,45.504329681396484,45.402671813964844,True,True,1.0,0.09115179252479023
27be79a2c4dff4ebb32b823e,pcb2,311,37.10352382659912,True,0.9961971354486119,False,33.7150993347168,33.98422622680664,False,False,0.9196141479099679,0.10907704042715484
5554622b54ec46458487fccd,pcb2,1078,37.10352382659912,True,0.9975849605315225,True,38.86648178100586,38.59142303466797,True,True,0.8831168831168831,0.36308161708619374
11f01d17018e97dc327c1871,pcb2,726,37.10352382659912,True,0.9980546154436768,False,45.265235900878906,45.30961990356445,False,True,0.9724517906336089,0.26926010678871093
52d274d86324a2d347948688,pcb2,977,37.10352382659912,True,0.9979849087646948,True,55.857337951660156,55.77409362792969,True,True,0.9426816786079836,0.3512585812356979
734f3cec9eec135b130266c0,pcb2,643,37.10352382659912,True,0.9967327156158177,False,59.66188430786133,59.718994140625,False,True,0.9346811819595645,0.2292143401983219
0034b5c2e42b8d83e6fcf6d9,pcb2,1004,37.10352382659912,True,0.9979227152048924,True,48.16143798828125,47.492855072021484,True,True,0.9173306772908366,0.3512585812356979
0cfdad5173e59da7138f0989,pcb2,801,37.10352382659912,True,0.9977983836233835,False,63.62228775024414,63.63236999511719,False,True,0.968789013732834,0.2959572845156369
d2289d206bd04eca591264a1,pcb2,698,37.10352382659912,True,0.9981625498848403,True,51.599517822265625,51.59516143798828,True,True,0.9570200573065902,0.2547673531655225
d04fb07abcc9f87fd3b69169,pcb2,708,37.10352382659912,True,0.9978003361140638,False,60.607025146484375,60.64079666137695,False,True,0.9661016949152542,0.2608695652173913
1ac6ad7feff9327f8055eead,pcb2,1260,37.10352382659912,True,0.9936290224348326,True,42.43135452270508,42.41641616821289,True,True,0.6174603174603175,0.2967200610221205
117bc18a710b4e277abb6a6f,pcb2,635,37.10352382659912,True,0.9983339216310376,False,56.047359466552734,56.15094757080078,False,True,0.9921259842519685,0.2402745995423341
f05ab3c24065985287fcdc4d,pcb2,974,37.10352382659912,True,0.9936830071030073,False,44.95041275024414,44.98948287963867,False,True,0.6386036960985626,0.2372234935163997
76c30b6fb52eb38e507d2dc5,pcb2,1153,37.10352382659912,True,0.9967984294753406,False,48.371315002441406,48.37617874145508,False,True,0.8412836079791848,0.3699466056445461
eeb0f9de2bffec5cced2a0ff,pcb2,1070,37.10352382659912,True,0.9801754492352547,True,47.99257278442383,47.98598861694336,True,True,0.5738317757009346,0.2341723874904653
372ae5bdec2320a7643a9f3a,pcb2,704,37.10352382659912,True,0.9969263681437424,True,42.96821594238281,42.40214157104492,True,True,0.9048295454545454,0.2429443173150267
b11dc48e6859c0e3757254f8,pcb2,1147,37.10352382659912,True,0.9978446491545084,True,45.7984504699707,45.676143646240234,True,True,0.916303400174368,0.40083905415713195
044cd9bc7b24ef53e8aae994,pcb2,703,37.10352382659912,True,0.9980358177143644,False,49.69384002685547,49.70968246459961,False,True,0.968705547652916,0.2597254004576659
7975583be402b6b3e95c4253,pcb3,1058,37.82666149139404,True,0.9970985756932941,True,57.7458381652832,57.55162811279297,True,True,0.8752362948960303,0.3531655225019069
6273ff3d99faff748cb73ccf,pcb3,4369,37.82666149139404,True,0.9988681717070164,True,68.33908081054688,58.35550308227539,True,True,0.6001373311970702,1.0
e219ccecbb0fa925b4ee168c,pcb3,521,37.82666149139404,True,0.9981283892091198,False,57.04646682739258,57.121986389160156,False,True,0.9942418426103646,0.19755911517925248
5f570b16714e282159e85e06,pcb3,643,37.82666149139404,True,0.9976440473216642,True,48.52491760253906,48.023414611816406,True,True,0.9222395023328149,0.22616323417238748
00def363460ce202d13ff3ac,pcb3,3979,37.82666149139404,True,0.9992202891804483,True,63.069252014160156,54.283390045166016,True,True,0.640361899974868,0.9717772692601068
fcee1f61a8facc5ae071042d,pcb3,4400,37.82666149139404,True,0.9978953680784034,True,56.44182205200195,50.48989486694336,True,True,0.56,0.9397406559877955
195b9a91e8b5e0aff0059c51,pcb3,1085,37.82666149139404,True,0.9981762372589362,True,59.750282287597656,59.008235931396484,True,True,0.9271889400921659,0.38367658276125094
f51a7ad211ef88f4b46e93ce,pcb3,561,37.82666149139404,True,0.9987248281430469,True,54.07249069213867,52.81977081298828,True,True,1.0,0.2139588100686499
e29a040a67f4cafdefa3910c,pcb3,1864,37.82666149139404,True,0.9923528272787774,True,59.76898956298828,58.57503890991211,True,True,0.5466738197424893,0.3886346300533944
bc0a151a73830b91cf629ae6,pcb3,4141,37.82666149139404,True,0.9974595630571279,True,54.98786926269531,51.74380874633789,True,True,0.5489012315865733,0.8668954996186118
8a06f3e847432f46cd2e1394,pcb3,6069,37.82666149139404,True,0.9982313904594865,True,60.733482360839844,56.05586624145508,True,True,0.4317020926017466,0.9992372234935164
5df4539192f57bf417e8130d,pcb3,8622,37.82666149139404,True,0.9973910437714508,True,67.15303039550781,58.5662727355957,True,True,0.30143818139642775,0.9912280701754386
7bd85e3c167af931c064eb67,pcb3,1510,37.82666149139404,True,0.9975858918042285,False,70.26579284667969,70.60594940185547,False,True,0.8450331125827815,0.486651411136537
c8d0e8e6a1f461b3389d1110,pcb3,4498,37.82666149139404,True,0.9982610743643358,True,67.93023681640625,63.190799713134766,True,True,0.5704757670075589,0.9786422578184591
4773564034a8e983012dbef8,pcb3,472,37.82666149139404,True,0.9985585525364656,True,42.72280502319336,42.34947204589844,True,True,0.9661016949152542,0.17391304347826086
560887d7ff6c9b943234f327,pcb3,520,37.82666149139404,True,0.997929904984017,False,55.860206604003906,55.8670654296875,False,True,1.0,0.19832189168573608
3d641a43fe8d5bacb4f61ff1,pcb3,550,37.82666149139404,True,0.9988728717019504,True,52.71055603027344,52.24953079223633,True,True,1.0,0.20976353928299007
dc5fe9467ee732c258956139,pcb3,538,37.82666149139404,True,0.9983804925634217,True,53.835289001464844,53.671871185302734,True,True,0.9758364312267658,0.20022883295194507
7d5f5d3cf83aca5e99c261d1,pcb3,975,37.82666149139404,True,0.997519916124651,True,65.02749633789062,64.01648712158203,True,True,0.9015384615384615,0.3352402745995423
cb0e24bf3e640c774f49f0d4,pcb3,4192,37.82666149139404,True,0.9971320764430344,True,56.89228057861328,53.8968620300293,True,True,0.5007156488549618,0.8005339435545386
b831d785f037d22df96d4bba,pcb3,801,37.82666149139404,True,0.98140658664297,True,48.16596221923828,46.714630126953125,True,True,0.6142322097378277,0.18764302059496568
b0ff82f2da12cc7c2476600c,pcb3,287,37.82666149139404,True,0.998661436604246,True,38.684303283691406,38.61976623535156,True,True,0.9825783972125436,0.10755148741418764
ccd22533cc8468c15cea8173,pcb3,592,37.82666149139404,True,0.9983447525653522,True,40.87995529174805,40.33477783203125,True,True,0.9712837837837838,0.21929824561403508
4a749e9a94c97d05b64241aa,pcb3,829,37.82666149139404,True,0.9982046034361748,True,42.52092361450195,41.938472747802734,True,True,0.9951749095295537,0.3146453089244851
15c3ae0d8743e8989805d796,pcb3,957,37.82666149139404,True,0.9973317239458173,True,47.682830810546875,47.112579345703125,True,True,0.8620689655172413,0.3146453089244851
b1e4cce03596b43b79ea9b56,pcb3,1271,37.82666149139404,True,0.9743381964563378,True,48.83251953125,47.92034912109375,True,True,0.7962234461054288,0.38596491228070173
3d87b297c6b243bf9e8a1daa,pcb3,676,37.82666149139404,True,0.9984403207542883,True,48.70070266723633,46.38240051269531,True,True,0.9393491124260355,0.2421815408085431
1eceb5e37343e14cafa05cac,pcb3,980,37.82666149139404,True,0.9982200253246142,True,46.98752975463867,46.96539306640625,True,True,0.9551020408163265,0.35697940503432496
52546fda84f54d6a1fecaf2e,pcb3,459,37.82666149139404,True,0.9970930640844738,False,45.74442672729492,46.80729675292969,False,True,0.934640522875817,0.16361556064073227
5e22de1b20c6b8a851188e87,pcb3,557,37.82666149139404,True,0.9932459282043257,True,51.257362365722656,50.97224807739258,True,True,0.8456014362657092,0.17963386727688788
7b4b5c2c09678c5e8e11b8dd,pcb3,711,37.82666149139404,True,0.9887636040683119,False,40.89667892456055,44.78602981567383,False,True,0.49507735583684953,0.13424866514111367
8a7cddd693b1921d790d5b13,pcb3,1194,37.82666149139404,True,0.9974763419190864,True,46.98126220703125,46.48848342895508,True,True,0.8877721943048577,0.40427154843630814
ca4bbb42038836cd916fea40,pcb3,690,37.82666149139404,True,0.9964217054614201,True,44.302635192871094,44.080291748046875,True,True,0.8420289855072464,0.2215865751334859
1fbb9f1ade34b0442c15b1c1,pcb3,474,37.82666149139404,True,0.9991385903493287,True,42.25385284423828,41.85177230834961,True,True,1.0,0.18077803203661327
b284edc37259b804e1588c05,pcb3,1083,37.82666149139404,True,0.9883321033041446,True,45.55713653564453,44.96587371826172,True,True,0.7313019390581718,0.30205949656750575
7197ad0bd1ca57ef77bcdf39,pcb3,799,37.82666149139404,True,0.9939099389360387,True,43.76227951049805,43.11113357543945,True,True,0.7509386733416771,0.2288329519450801
32c9f568a03a9e26ef015b76,pcb3,811,37.82666149139404,True,0.9983773885289987,True,49.249271392822266,48.31867218017578,True,True,0.935881627620222,0.2894736842105263
14f02280ec42c1ccc8aac851,pcb3,633,37.82666149139404,True,0.9936686487012835,False,39.755958557128906,39.86454391479492,False,True,0.7045813586097947,0.17009916094584288
6b05141a06e123ce944355e2,pcb3,587,37.82666149139404,True,0.9962422026777803,True,44.35552978515625,44.14622116088867,True,True,0.8262350936967632,0.18497330282227306
e8c4f14bf1512ee978e3215c,pcb3,416,37.82666149139404,True,0.9987446046453394,True,44.751426696777344,43.94638442993164,True,True,0.96875,0.15369946605644547
ed49ac7324a7e91df5ff4eec,pcb3,525,37.82666149139404,True,0.8011444414168987,True,37.629310607910156,37.14795684814453,True,False,0.3142857142857143,0.06292906178489703
4f82198a3d1004d1e280622f,pcb3,421,37.82666149139404,True,0.9048388977329235,False,30.62003517150879,38.100730895996094,False,False,0.0,0.0
edec0f96045bd10e9803db12,pcb3,501,37.82666149139404,True,0.9958607110908227,True,37.29216766357422,36.98467254638672,True,False,0.8403193612774451,0.16056445461479787
8544063c4f0dfa42a7779aab,pcb3,6834,37.82666149139404,True,0.8498204793917319,True,50.799400329589844,50.732662200927734,True,True,0.038776704711735444,0.10106788710907703
f7277cd24c31a03f79526d0e,pcb3,3775,37.82666149139404,True,0.9939409052492535,True,52.74189758300781,52.27652359008789,True,True,0.447682119205298,0.6445461479786423
d3f9ce53374c295ee2be4662,pcb3,504,37.82666149139404,True,0.9922063372245398,True,35.41154098510742,35.398136138916016,True,False,0.6527777777777778,0.12547673531655226
934643e8423388494ab08704,pcb3,1074,37.82666149139404,True,0.9880310092564913,True,40.351234436035156,39.75392532348633,True,True,0.6433891992551211,0.2635392829900839
91b0cac38312f1899f1637c5,pcb3,9921,37.82666149139404,True,0.9917160643441993,True,55.23839569091797,50.1445198059082,True,True,0.2608608003225481,0.9870327993897788
ce08ed8426b8499dce325f94,pcb3,4443,37.82666149139404,True,0.9814978768317397,True,48.555999755859375,47.64082336425781,True,True,0.41188386225523294,0.6979405034324943
7b930fe92c62d542c51727f6,pcb3,198,37.82666149139404,True,0.9921962094585459,False,34.384620666503906,35.115440368652344,False,False,0.6717171717171717,0.050724637681159424
cf9a7dd1993f876a3309b56e,pcb3,4166,37.82666149139404,True,0.9432952834307601,True,51.29146194458008,50.1724739074707,True,True,0.3451752280364858,0.5484363081617086
b838036dacda8010bf828f1f,pcb3,739,37.82666149139404,True,0.9370702826629669,True,44.407039642333984,43.91790008544922,True,True,0.31799729364005414,0.08962623951182304
46bd2a9a13c68a3032f8a029,pcb3,5635,37.82666149139404,True,0.9980454837046335,True,54.13159942626953,42.363365173339844,True,True,0.46530612244897956,1.0
7e9bdf56b2622729636c1045,pcb3,1447,37.82666149139404,True,0.9019983810398619,False,49.51667022705078,55.93907165527344,False,True,0.0,0.0
f73d56126da134c469e66dd7,pcb3,538,37.82666149139404,True,0.7730761975918438,False,40.36093521118164,56.627220153808594,False,True,0.0,0.0
50ea033230d5fe7c2043a5de,pcb3,485,37.82666149139404,True,0.7557485557164332,False,38.801143646240234,38.85197067260742,False,True,0.35670103092783506,0.06598016781083142
12f6de240f34609698a449ec,pcb3,220,37.82666149139404,True,0.9936318099212679,False,32.753265380859375,34.313621520996094,False,False,0.7772727272727272,0.06521739130434782
be68c91ba135f7233398ea1c,pcb3,578,37.82666149139404,True,0.9975783004822669,True,44.35319137573242,44.32912063598633,True,True,0.9463667820069204,0.20861937452326468
dc1e7b75565f5b8171c95bf5,pcb3,335,37.82666149139404,True,0.9746300524542131,False,31.724864959716797,35.64963150024414,False,False,0.14328358208955225,0.018306636155606407
9b501d06984dd1b3dedbfd5d,pcb3,704,37.82666149139404,True,0.9977020898676561,True,40.02318572998047,38.92845153808594,True,True,0.8920454545454546,0.2395118230358505
fcb791ab3ea3fb7a609f757e,pcb3,465,37.82666149139404,True,0.9625008675366729,True,38.54705810546875,37.97035598754883,True,True,0.8301075268817204,0.14721586575133486
ed0b427ea2af383e2c74329d,pcb3,713,37.82666149139404,True,0.9970717322278173,True,42.13768005371094,41.137935638427734,True,True,0.8737727910238429,0.2376048817696415
249f8e1272d8883ea47662fb,pcb3,455,37.82666149139404,True,0.9593244795779101,False,46.30989456176758,48.3240852355957,False,True,0.7868131868131868,0.13653699466056446
6c1fc0e6d225520f1907a225,pcb3,274,37.82666149139404,True,0.9989917268249499,True,50.488277435302734,50.461883544921875,True,True,0.9744525547445255,0.10183066361556065
3f5daadf1432eed743eaeb72,pcb3,833,37.82666149139404,True,0.9849729774463525,True,52.13260269165039,51.38837814331055,True,True,0.6410564225690276,0.2036613272311213
7b3aa78e93b96651be784a04,pcb3,947,37.82666149139404,True,0.9826535465374081,True,46.2812614440918,46.191829681396484,True,True,0.6399155227032735,0.2311212814645309
a569d3990d1513165c49cccf,pcb3,623,37.82666149139404,True,0.9976551975241663,False,45.021488189697266,46.05113983154297,False,True,0.9534510433386838,0.22654462242562928
18e1a3f7f9f9b8caa40609cc,pcb3,1198,37.82666149139404,True,0.9982505255342489,True,54.50921630859375,52.83037185668945,True,True,0.9365609348914858,0.4279176201372998
bcc4280fb7ff5c2da59097f0,pcb3,353,37.82666149139404,True,0.9917081477414519,False,37.775516510009766,38.658363342285156,False,False,0.6742209631728046,0.09077040427154844
93c53680529d7217c5f47f79,pcb3,349,37.82666149139404,True,0.9997462744942879,True,46.091346740722656,44.86385726928711,True,True,1.0,0.13310450038138824
a1479eb073103ac29bf7aee5,pcb3,445,37.82666149139404,True,0.9981757754030051,True,53.28242874145508,50.514347076416016,True,True,0.9258426966292135,0.15713196033562166
c416948642d628c37cf0631c,pcb3,391,37.82666149139404,True,0.9998654165511632,True,43.45016098022461,42.07305145263672,True,True,1.0,0.14912280701754385
63fe5945d26e0efa418a77e6,pcb3,413,37.82666149139404,True,0.9633936902649333,False,33.44692611694336,35.676231384277344,False,False,0.42857142857142855,0.06750572082379863
00160ff324c599b2c715a0b5,pcb3,474,37.82666149139404,True,0.9858053771466913,True,43.82222366333008,42.26079559326172,True,True,0.8481012658227848,0.15331807780320367
a34a9649cc479852c9c16a76,pcb3,624,37.82666149139404,True,0.9989503915962695,False,49.1105842590332,49.22262191772461,False,True,1.0,0.2379862700228833
d0ab37e5a4719ff16e84666d,pcb3,379,37.82666149139404,True,0.9990301377592653,False,40.86604309082031,40.94015884399414,False,True,1.0,0.14454614797864226
fed78b28902ec90460c78fc3,pcb3,757,37.82666149139404,True,0.999287840353775,True,45.053714752197266,44.291282653808594,True,True,1.0,0.28871090770404273
d4b0eec4535fdfd674e4c71e,pcb3,1719,37.82666149139404,True,0.9847826741795571,True,52.818145751953125,52.652225494384766,True,True,0.3263525305410122,0.2139588100686499
11aa823d106daa2240583cd3,pcb3,529,37.82666149139404,True,0.9998822278382998,True,48.877052307128906,46.34165954589844,True,True,1.0,0.20175438596491227
faa43040d0a6fc9e74142c2f,pcb3,407,37.82666149139404,True,0.98870496716235,False,35.961265563964844,42.32826614379883,False,False,0.47665847665847666,0.07398932112890923
4306ab11db3608ce4a569108,pcb3,953,37.82666149139404,True,0.995542454663333,True,41.0537109375,41.033992767333984,True,True,0.8457502623294858,0.30739893211289093
3c4a804044a0d360622a6542,pcb3,974,37.82666149139404,True,0.9991988743750579,True,52.93533706665039,50.885520935058594,True,True,0.9897330595482546,0.36765827612509533
dbb4aa21ac55939e97e7877a,pcb3,943,37.82666149139404,True,0.9960107248781074,False,50.674800872802734,50.765953063964844,False,True,0.8494167550371156,0.30549199084668194
d131209a7aa6c748e7ed53f3,pcb3,594,37.82666149139404,True,0.9892488415667541,True,36.92424392700195,36.474700927734375,True,False,0.7424242424242424,0.16819221967963388
4373511abe35d425e9676a2a,pcb3,586,37.82666149139404,True,0.9983030017004693,True,42.45264434814453,42.43892288208008,True,True,0.9829351535836177,0.21967963386727687
37d281bef1de8488cc105a14,pcb3,587,37.82666149139404,True,0.9912343691990644,True,40.85169982910156,40.83316421508789,True,True,0.7649063032367973,0.17124332570556827
a2fc7a2f4dbd7b0a1425f6a0,pcb3,363,37.82666149139404,True,0.9939511190893765,False,44.0580940246582,44.065452575683594,False,True,0.790633608815427,0.10945842868039664
a5fbbd4fd9bf7832a02775fe,pcb3,433,37.82666149139404,True,0.9979245039812308,True,53.59679412841797,53.57793426513672,True,True,0.9792147806004619,0.16170861937452327
652343ecfc3c939f01d8e928,pcb3,552,37.82666149139404,True,0.9987765547942564,True,52.72233963012695,52.5991096496582,True,True,0.9981884057971014,0.21014492753623187
36890e55c2c6b3d21fb8bd1b,pcb3,767,37.82666149139404,True,0.9927340412582425,False,54.90964889526367,54.94231033325195,False,True,0.9335071707953064,0.2730739893211289
c850ed3e3fdd330aeb92bb23,pcb3,487,37.82666149139404,True,0.9991551159908006,True,40.817955017089844,40.76766586303711,True,True,1.0,0.1857360793287567
0623b00ea5cbe2a2f243afb8,pcb3,698,37.82666149139404,True,0.9968663862761757,True,39.80459976196289,38.281742095947266,True,True,0.9111747851002865,0.2425629290617849
faa514ab45e01a4b854740cf,pcb3,766,37.82666149139404,True,0.9829751583528368,False,36.57950973510742,40.95497131347656,False,False,0.15013054830287206,0.043859649122807015
36d1b72ee722b86a7f2dade4,pcb3,477,37.82666149139404,True,0.9991416266993659,False,41.523414611816406,41.54608917236328,False,True,0.9916142557651991,0.18039664378337147
fd1ba76f2cac314fa9e195a7,pcb3,577,37.82666149139404,True,0.9947787053761221,True,45.31578826904297,44.13069534301758,True,True,0.7400346620450606,0.16285278413424867
3c0b4bf6bf885018b620760d,pcb3,555,37.82666149139404,True,0.9988404821413854,True,54.17124557495117,53.59792709350586,True,True,1.0,0.2116704805491991
009b5b8e3f53c3ec7bca77e5,pcb3,338,37.82666149139404,True,0.9993243450014729,True,46.06986618041992,45.60819625854492,True,True,1.0,0.12890922959572845
5a9bd58da8232d623302a431,pcb3,381,37.82666149139404,True,0.9984172735925305,True,45.32954788208008,45.32258987426758,True,True,0.973753280839895,0.14149504195270785
ef98ce7f2a4f4ab08e617a63,pcb3,385,37.82666149139404,True,0.9763021184897797,False,35.31344985961914,38.47845458984375,False,False,0.45454545454545453,0.06674294431731502
1e51370fdebf3dff56edbce7,pcb3,621,37.82666149139404,True,0.9356836418811515,False,51.56731033325195,55.38189697265625,False,True,0.00322061191626409,0.0007627765064836003
f3d0156953e0d9ac3a5b0539,pcb4,7284,34.12640857696533,True,0.9722755182901722,True,46.76554489135742,45.862789154052734,True,True,0.22611202635914332,0.6281464530892449
16f97c0d505f09955e660ae5,pcb4,5410,34.12640857696533,True,0.9822450700824621,True,52.3221549987793,51.01620101928711,True,True,0.2754158964879852,0.5682684973302822
9855a151dc87d8ed941a265d,pcb4,6841,34.12640857696533,True,0.9416194173048682,False,42.90616989135742,45.90459060668945,False,True,0.08756029820201724,0.2284515636918383
388e45cb72ef6d36729020ea,pcb4,2631,34.12640857696533,True,0.9680746039613951,True,48.90301513671875,46.03425216674805,True,True,0.3599391866210566,0.36117467581998475
fe2c02c1f27a44e28d550220,pcb4,6990,34.12640857696533,True,0.9857951515897331,True,41.58019256591797,40.17253494262695,True,True,0.2565092989985694,0.6838291380625476
49092abc7738fc32ba92fb08,pcb4,558,34.12640857696533,True,0.9998796629230018,True,41.717552185058594,39.71526336669922,True,True,1.0,0.2128146453089245
55376591cd13917e8f433996,pcb4,4545,34.12640857696533,True,0.9959373125500391,True,43.22697448730469,41.07722854614258,True,True,0.44334433443344334,0.7684973302822273
b3a751786ba15b26ece1fc1d,pcb4,731,34.12640857696533,True,0.9899373395358382,True,47.81989669799805,44.77330017089844,True,True,0.7291381668946648,0.2032799389778795
068868c67451fd61d22440f1,pcb4,1140,34.12640857696533,True,0.99968492786425,True,46.857025146484375,42.83336639404297,True,True,0.9885964912280701,0.4298245614035088
47f8c3c8d23ea75f9eaed475,pcb4,4389,34.12640857696533,True,0.9499662620888509,True,46.89921951293945,44.12521743774414,True,True,0.253816359079517,0.4248665141113654
027038eb34c752939a1e0aa2,pcb4,4208,34.12640857696533,True,0.9898411097622766,True,50.82560348510742,50.56694412231445,True,True,0.4990494296577947,0.8009153318077803
056f325717dc75cdf75734d6,pcb4,1783,34.12640857696533,True,0.9994442894221874,True,55.272586822509766,48.285865783691406,True,True,0.9697139652271453,0.6594202898550725
f69a7ad702682a7c21480f93,pcb4,918,34.12640857696533,True,0.9957937260212932,True,41.15467834472656,40.486690521240234,True,True,0.7407407407407407,0.2593440122044241
c01a47cbeebb24b5df8b09d9,pcb4,2608,34.12640857696533,True,0.9893926763070896,True,47.65780258178711,45.164058685302734,True,True,0.5483128834355828,0.5453852021357742
7297bdf13d802055a3b2332e,pcb4,2664,34.12640857696533,True,0.9715780407257111,False,53.50658416748047,53.979698181152344,False,True,0.21771771771771772,0.2212051868802441
b0703ab5fecbd9a2b2951bd2,pcb4,989,34.12640857696533,True,0.9987113286259129,True,45.671417236328125,44.10255432128906,True,True,0.9544994944388271,0.36003051106025935
1e7940bd5a34afe21e45549f,pcb4,3809,34.12640857696533,True,0.9568107629769964,True,47.919246673583984,47.46735382080078,True,True,0.23470727224993437,0.34096109839816935
bdd0f82397445b34db5a60de,pcb4,4777,34.12640857696533,True,0.9912323093680409,True,51.4429931640625,50.8482780456543,True,True,0.32195938873770147,0.5865751334858886
37b09625a0bfb14b576704b7,pcb4,1833,34.12640857696533,True,0.9991858871451097,True,49.56832504272461,48.063392639160156,True,True,0.9579923622476814,0.669717772692601
79f751ffd9ae6b5e35702cb8,pcb4,7148,34.12640857696533,True,0.9765642485626007,True,52.608829498291016,50.82157516479492,True,True,0.25937325125909344,0.7070938215102975
c894a684e68453e869a7b59d,pcb4,1337,34.12640857696533,True,0.9990910296924632,True,45.31590270996094,43.36433410644531,True,True,0.9723261032161555,0.4958047292143402
52e4b266e84dec5255c98f5d,pcb4,880,34.12640857696533,True,0.9973341359001554,False,51.2572135925293,51.41889190673828,False,True,0.9295454545454546,0.3119755911517925
e6b56c2512bb8660ea532707,pcb4,1129,34.12640857696533,True,0.9941321020292332,True,43.36113739013672,43.352542877197266,True,True,0.7378210806023029,0.3176964149504195
072d4a79bd05c7d78e259898,pcb4,2230,34.12640857696533,True,0.9920453983554616,False,39.29972839355469,39.709983825683594,False,True,0.5955156950672645,0.5064836003051106
84c62456176a47f1aed1e84a,pcb4,2298,34.12640857696533,True,0.9860865479022062,True,45.65357971191406,45.41415786743164,True,True,0.33768494342906874,0.2959572845156369
53cc9622e70431b774da2d9c,pcb4,1494,34.12640857696533,True,0.9995729808420972,True,52.92385482788086,47.59059524536133,True,True,0.9906291834002677,0.5644546147978642
e1ea53378faad7537e477a2c,pcb4,1443,34.12640857696533,True,0.999191543495171,True,50.434654235839844,46.47333908081055,True,True,0.9674289674289674,0.532418001525553
f8f05304ac4fdc3e8f3c9257,pcb4,1840,34.12640857696533,True,0.9983786870769161,True,58.46829605102539,52.32756042480469,True,True,0.8429347826086957,0.5915331807780321
005e070227309d82c55c4275,pcb4,1544,34.12640857696533,True,0.9996217924757137,True,53.528629302978516,50.40290069580078,True,True,0.9987046632124352,0.5881006864988558
3c2fbca5ce7276e377337e6c,pcb4,1761,34.12640857696533,True,0.9776761894121795,True,47.44646072387695,47.37543869018555,True,True,0.4514480408858603,0.30320366132723114
cbf6c89149a15b1bc70a8375,pcb4,555,34.12640857696533,True,0.9990804638553589,True,50.00941848754883,49.676570892333984,True,True,1.0,0.2116704805491991
b18da311930bfdfeb131ac29,pcb4,7161,34.12640857696533,True,0.9702453963674794,True,51.982460021972656,49.54490661621094,True,True,0.05753386398547689,0.15713196033562166
a8a94a64acd471f75b56c857,pcb4,946,34.12640857696533,True,0.9995389150725199,True,57.98468017578125,53.33158493041992,True,True,1.0,0.36079328756674295
44452abcc72d422a96de6497,pcb4,2608,34.12640857696533,True,0.944717458017574,True,49.04289627075195,45.39476013183594,True,True,0.5977760736196319,0.5945842868039665
2de9d5cdfc61fe53c1d226f1,pcb4,7219,34.12640857696533,True,0.9284641122321354,True,49.178977966308594,48.23976516723633,True,True,0.11663665327607702,0.32112890922959575
2a3381ab00f3a412b4144b3b,pcb4,4149,34.12640857696533,True,0.9547130886335025,True,58.62547302246094,55.41461944580078,True,True,0.4866232827187274,0.7700228832951945
4c816b72ee515729decd9575,pcb4,1602,34.12640857696533,True,0.9982189317992451,True,62.48197555541992,57.273231506347656,True,True,0.8795255930087391,0.5373760488176964
48659a6236cca2b8a9785293,pcb4,895,34.12640857696533,True,0.9973816499171974,True,65.61299133300781,65.27566528320312,True,True,0.8949720670391061,0.30549199084668194
f3b3eb6ad758e704e90ac7d3,pcb4,513,34.12640857696533,True,0.9996895989912671,True,49.04169464111328,47.48292922973633,True,True,1.0,0.1956521739130435
d451674ba2957ea9a1018211,pcb4,5590,34.12640857696533,True,0.9635035588583923,True,57.757545471191406,54.31169128417969,True,True,0.16690518783542038,0.35583524027459956
e713192788ad43790d8658d7,pcb4,7561,34.12640857696533,True,0.934810460536142,True,46.154327392578125,43.38022232055664,True,True,0.09879645549530486,0.28489702517162474
18f0fd2d3dbdc60d5f3513d9,pcb4,1418,34.12640857696533,True,0.9996414265484811,True,61.99650192260742,55.10041809082031,True,True,0.998589562764457,0.540045766590389
a31e27ed2e8db09c3e91c9ae,pcb4,4651,34.12640857696533,True,0.9558317864749598,True,51.689144134521484,45.458168029785156,True,True,0.21371748011180391,0.37909992372234935
373efaec363f842465bd3acb,pcb4,932,34.12640857696533,True,0.9970705248771343,True,60.70009994506836,58.621063232421875,True,True,0.8851931330472103,0.3146453089244851
fc402da6880e1e06b238b903,pcb4,1444,34.12640857696533,True,0.9986823656637202,True,50.35843276977539,47.68400573730469,True,True,0.9445983379501385,0.5202135774218154
6e2de9d61f899d21b2cfc8e8,pcb4,7259,34.12640857696533,True,0.9924396036803851,True,54.26224899291992,48.58000946044922,True,True,0.3308995729439317,0.916094584286804
bd271671372ec7b546a25301,pcb4,225,34.12640857696533,True,0.9999013265763673,True,36.54378128051758,35.561866760253906,True,True,1.0,0.08581235697940504
beb6670b85f21ac45fd6b48b,pcb4,5579,34.12640857696533,True,0.9588729251099326,True,41.23165512084961,38.94802474975586,True,True,0.15450797633984584,0.3287566742944317
755b7f59b1d26d1c46179b0f,pcb4,1976,34.12640857696533,True,0.9991464737297744,True,43.643333435058594,41.239192962646484,True,True,0.9271255060728745,0.6987032799389779
83592b0bc775afea95d3c11d,pcb4,7562,34.12640857696533,True,0.988279463295841,True,50.053565979003906,48.446502685546875,True,True,0.2669928590320021,0.7700228832951945
eb662872bc6bce7c9aac9465,pcb4,7021,34.12640857696533,True,0.9670196942681004,True,45.445594787597656,43.326656341552734,True,True,0.27659877510326164,0.7406559877955758
db1bd561f26bd21285df12af,pcb4,1554,34.12640857696533,True,0.9965589803812682,True,41.199989318847656,39.91963577270508,True,True,0.7895752895752896,0.4679633867276888
b55a295f7c7ec1ad3fac8596,pcb4,8578,34.12640857696533,True,0.9940328390622819,True,49.66535949707031,46.08811950683594,True,True,0.3027512240615528,0.990465293668955
6ae93e59b3c647f7e16d08ed,pcb4,9171,34.12640857696533,True,0.9864615550697838,True,51.50699234008789,47.2715950012207,True,True,0.26649220368553045,0.9321128909229596
22cdb4294c4c5b5f755fc763,pcb4,2207,34.12640857696533,True,0.9981947099973384,True,45.33043670654297,43.279869079589844,True,True,0.8214771182600815,0.6914569031273837
18b56ae51ab1f4c17be2c55f,pcb4,1596,34.12640857696533,True,0.9986622457840257,True,45.29008865356445,43.647361755371094,True,True,0.9279448621553885,0.564836003051106
7702f6e31aa74020b48b62c4,pcb4,5086,34.12640857696533,True,0.9794331903417235,False,36.23701858520508,36.37716293334961,False,True,0.3397561934722768,0.6590389016018307
7df7bce17e9dbffda7284557,pcb4,9220,34.12640857696533,True,0.9895404267093377,True,49.466064453125,47.394718170166016,True,True,0.25184381778741866,0.88558352402746
73f7e96255ed2f2a4762cc32,pcb4,767,34.12640857696533,True,0.9912166663169161,False,37.127891540527344,38.14250946044922,False,True,0.9126466753585397,0.2669717772692601
d92f74d23c5d7507316ef1f6,pcb4,1388,34.12640857696533,True,0.9984025210026638,True,45.67818069458008,43.280635833740234,True,True,0.9329971181556196,0.4938977879481312
9407debbd13a3bb3cb165677,pcb4,3214,34.12640857696533,True,0.9964595399077978,True,42.12003707885742,39.57737731933594,True,True,0.6499688861232109,0.7967200610221206
a618c028ba8f003626d69f29,pcb4,1200,34.12640857696533,True,0.9993253756872483,True,40.54788589477539,39.08027648925781,True,True,0.9933333333333333,0.45461479786422576
9b02325c82f1ba6da823079c,pcb4,8782,34.12640857696533,True,0.9904085604906375,True,53.5610466003418,47.21614074707031,True,True,0.28695058073331814,0.9610983981693364
579cdbb9cbf43dc43c4648ba,pcb4,545,34.12640857696533,True,0.9924912037967207,False,37.33461380004883,42.18612289428711,False,True,0.6990825688073394,0.14530892448512586
5212af2e2f675e11ac441f21,pcb4,6068,34.12640857696533,True,0.975189258983997,True,43.402801513671875,41.29438781738281,True,True,0.23780487804878048,0.5503432494279176
d646baf1c18f122f83fdb5d9,pcb4,9836,34.12640857696533,True,0.9813810654813131,True,51.616241455078125,48.159210205078125,True,True,0.2522366815778772,0.9462242562929062
17e584cd0c3324b6eb08e5bf,pcb4,875,34.12640857696533,True,0.9993602302607657,True,43.81390380859375,41.22593688964844,True,True,0.984,0.32837528604118993
660565f9c151fe4823f9903e,pcb4,871,34.12640857696533,True,0.9995248074073498,True,44.31073760986328,42.04839324951172,True,True,1.0,0.3321891685736079
19beac86001ba6a35484fd4e,pcb4,8016,34.12640857696533,True,0.990135137118887,True,49.45960998535156,46.79121017456055,True,True,0.2861776447105788,0.8749046529366895
0faf418cf81ced5dd69c34c7,pcb4,2168,34.12640857696533,True,0.9985390487222948,True,44.170982360839844,41.100624084472656,True,True,0.8394833948339483,0.6941266209000763
00fa6be94b9f1137a440b277,pcb4,6275,34.12640857696533,True,0.9773660145655648,True,42.32392883300781,40.71010971069336,True,True,0.27298804780876496,0.6533180778032036
656d7b1bb516335c5b215df9,pcb4,2714,34.12640857696533,True,0.9970302787549292,True,43.029998779296875,41.649356842041016,True,True,0.7078113485630066,0.7326468344774981
a594b3da8fff3917c805e6e2,pcb4,204,34.12640857696533,True,0.9997421576861637,True,40.53330993652344,40.240482330322266,True,True,1.0,0.07780320366132723
32ccad4fbea9506978472013,pcb4,7128,34.12640857696533,True,0.9930234384492483,True,52.79801559448242,49.98198699951172,True,True,0.3327721661054994,0.9046529366895499
7899993537b41d8220507079,pcb4,2854,34.12640857696533,True,0.9613642746810918,True,41.29216003417969,40.0737419128418,True,True,0.3843728100911002,0.41838291380625475
190a2a3d2a2b8ee2288dcdb1,pcb4,1457,34.12640857696533,True,0.9391709160525815,False,48.77183151245117,49.45594024658203,False,True,0.3870967741935484,0.2151029748283753
72e94075c44242bba2f16fd4,pcb4,689,34.12640857696533,True,0.9957646778457243,False,52.64973068237305,53.3012809753418,False,True,0.841799709724238,0.2212051868802441
6a2113d159a9b9248744b3c4,pcb4,573,34.12640857696533,True,0.9961101461959116,False,51.978782653808594,52.063026428222656,False,True,0.8708551483420593,0.19031273836765827
c599b05f2e1a8757cf156c2b,pcb4,1592,34.12640857696533,True,0.9756442487545961,False,53.169254302978516,53.17043685913086,False,True,0.32474874371859297,0.19717772692601068
b47939562c67b3a5671dc4cc,pcb4,6540,34.12640857696533,True,0.976635072376627,True,48.95272445678711,48.919376373291016,True,True,0.1547400611620795,0.38596491228070173
afcb52664763e120dc376f55,pcb4,3754,34.12640857696533,True,0.9758140265023345,True,50.05624771118164,47.612083435058594,True,True,0.2743740010655301,0.39282990083905417
50c468e621f244dde7ab1428,pcb4,4589,34.12640857696533,True,0.981179914058389,True,40.51491165161133,38.27340316772461,True,True,0.2715188494225321,0.475209763539283
18bb01bf7702c211e846338c,pcb4,5499,34.12640857696533,True,0.9524101890393103,False,42.47686004638672,42.91217803955078,False,True,0.18857974177123113,0.39549961861174676
9ad36bc24600f804a1e17b9f,pcb4,963,34.12640857696533,True,0.9985895801371566,True,45.23139953613281,45.18070602416992,True,True,0.9781931464174455,0.35926773455377575
047764c95331feae308c90e2,pcb4,5376,34.12640857696533,True,0.9827158162324782,True,45.24094009399414,44.629600524902344,True,True,0.21465773809523808,0.4401220442410374
563c172d1fd3f1a051c73278,pcb4,3540,34.12640857696533,True,0.9709927327536193,True,52.49052810668945,47.74273681640625,True,True,0.30056497175141245,0.4057971014492754
b253c99dac508bb4f47a228a,pcb4,1236,34.12640857696533,True,0.9979770764960586,True,44.95500564575195,44.952457427978516,True,True,0.9611650485436893,0.45308924485125857
37f5bc28dd23597ed6ab1e0b,pcb4,4494,34.12640857696533,True,0.963491620152743,True,50.76350402832031,49.525962829589844,True,True,0.2674677347574544,0.4584286803966438
8ed7bbc72b2275a95c7a18f6,pcb4,8276,34.12640857696533,True,0.8931550228380275,True,40.273948669433594,39.036888122558594,True,True,0.1318269695505075,0.41609458428680396
4e0d26e1684570372c9ff29d,pcb4,6979,34.12640857696533,True,0.9915179344169153,True,53.37282180786133,51.08324432373047,True,True,0.33629459807995415,0.8951182303585049
c5a5497d8136faa6b62d321c,pcb4,2207,34.12640857696533,True,0.9975521481444184,True,47.43418502807617,46.87908935546875,True,True,0.7856819211599456,0.6613272311212814
0526d987ae6faeb2ac46b9cc,pcb4,1204,34.12640857696533,True,0.9993319864267877,True,51.095008850097656,47.20038986206055,True,True,0.9950166112956811,0.4569031273836766
7bae5855faac0d2cdea685c1,pcb4,4996,34.12640857696533,True,0.9698589428264811,True,42.8593635559082,42.33768081665039,True,True,0.2800240192153723,0.5335621662852784
d2c8cb6cdfcad1fe3b1f8dff,pcb4,940,34.12640857696533,True,0.997522516028069,False,44.706947326660156,45.34626007080078,False,True,1.0,0.35850495804729215
238d45a7dd220fd6070bce30,pcb4,1006,34.12640857696533,True,0.9994341976844066,True,40.64591979980469,40.34162521362305,True,True,1.0,0.38367658276125094
b80f07883522b9d821bd85bb,pcb4,4107,34.12640857696533,True,0.9760438010543878,True,44.2225456237793,44.11677169799805,True,True,0.2658875091307524,0.41647597254004576
4b8d2b38330fa5942f9509a6,pcb4,1001,34.12640857696533,True,0.9979479437707305,True,44.97268295288086,43.61363220214844,True,True,0.8721278721278721,0.3329519450800915
5a4ebea6d6c6dcc23d694629,pcb4,5286,34.12640857696533,True,0.9522736138790087,True,43.40896224975586,42.01742935180664,True,True,0.19693530079455165,0.39702517162471396
c643255e8f0cfd6ae1af7537,pcb4,5118,34.12640857696533,True,0.9430006285836026,True,38.89004135131836,37.888404846191406,True,True,0.22332942555685814,0.43592677345537756
5000d4717291375122bf2493,pcb4,994,34.12640857696533,True,0.9996074937081806,True,49.02181625366211,47.7432975769043,True,True,1.0,0.37909992372234935
aa388c0b54898cd2df16d788,pipe_fryum,483,32.6172607421875,True,0.999722579742064,True,55.31987380981445,53.620426177978516,True,True,1.0,0.18421052631578946
702485fb6d28c085f95458f5,pipe_fryum,292,32.6172607421875,True,0.9988501556562642,True,44.602638244628906,43.39360427856445,True,True,0.9931506849315068,0.11060259344012205
24988ee82878247416514fff,pipe_fryum,516,32.6172607421875,True,0.9994546668605628,True,56.10183334350586,54.798492431640625,True,True,1.0,0.19679633867276888
733e12e6f055dfbc969c7ae4,pipe_fryum,589,32.6172607421875,True,0.999460663287179,True,60.22580337524414,59.464324951171875,True,True,1.0,0.2246376811594203
4ee40b105c9abce2b17b343a,pipe_fryum,771,32.6172607421875,True,0.9983408602074182,True,44.707557678222656,44.188636779785156,True,True,0.9610894941634242,0.2826086956521739
cf45fb37af36b9cb2e036161,pipe_fryum,538,32.6172607421875,True,0.999284474080847,True,52.898956298828125,52.10523223876953,True,True,0.9925650557620818,0.2036613272311213
9c7c483bee80475cb9be16b7,pipe_fryum,560,32.6172607421875,True,0.9959332613997798,False,39.76891326904297,40.19239044189453,False,True,0.7982142857142858,0.17048054919908467
f9991632fc5297445556de43,pipe_fryum,227,32.6172607421875,True,0.9987806609011003,False,47.1547966003418,47.2629280090332,False,True,1.0,0.08657513348588863
85aa351ddd6bf045da1da401,pipe_fryum,640,32.6172607421875,True,0.9988756266634544,True,53.11077117919922,53.08948516845703,True,True,1.0,0.2440884820747521
0449c1a215feb95ea376c73c,pipe_fryum,387,32.6172607421875,True,0.9994885881444434,True,52.22720718383789,51.70506286621094,True,True,1.0,0.14759725400457666
99bf917f1d6959dd4bcb317d,pipe_fryum,283,32.6172607421875,True,0.9989117847608385,True,62.22334289550781,61.900909423828125,True,True,1.0,0.10793287566742944
92c8db57341a024a86d2b692,pipe_fryum,1136,32.6172607421875,True,0.9938895905219677,True,50.284908294677734,49.97279357910156,True,True,0.6813380281690141,0.2951945080091533
7eb01c3335029e91e2ce4985,pipe_fryum,494,32.6172607421875,True,0.9985630895802178,True,54.6876220703125,54.09588623046875,True,True,1.0,0.18840579710144928
ddddf6167e2d1efb8ae176af,pipe_fryum,558,32.6172607421875,True,0.9977514059741505,True,54.78483200073242,54.75779342651367,True,True,0.9802867383512545,0.20861937452326468
9d5222b6e52561ea7d059cfd,pipe_fryum,662,32.6172607421875,True,0.9994495355095524,True,48.041175842285156,46.187782287597656,True,True,1.0,0.2524790236460717
9fef093da9744935a3718f38,pipe_fryum,728,32.6172607421875,True,0.9980108569533566,True,46.58596420288086,46.0607795715332,True,True,0.929945054945055,0.2581998474446987
6c59c63705e5998b15f24bd7,pipe_fryum,277,32.6172607421875,True,0.998579348827268,False,46.19060134887695,46.286643981933594,False,True,1.0,0.10564454614797865
81ee1534cf0fac2ff1f581ee,pipe_fryum,135,32.6172607421875,True,0.9897520059743494,False,37.72196960449219,40.817989349365234,False,True,0.6888888888888889,0.03546910755148741
1f768d6f038138aeb90761ef,pipe_fryum,241,32.6172607421875,True,0.9942607746686742,False,39.24167251586914,41.453857421875,False,True,0.9087136929460581,0.08352402745995423
d5fc2b3e86237af915b953c8,pipe_fryum,1324,32.6172607421875,True,0.995241124262754,False,51.2785758972168,51.34658432006836,False,True,0.7658610271903323,0.38672768878718533
d432ab3933e2a8e67264beef,pipe_fryum,132,32.6172607421875,True,0.9977373809850949,False,42.1422004699707,42.34446716308594,False,True,0.9772727272727273,0.04919908466819222
af4ba14f7bbdb808da54580e,pipe_fryum,242,32.6172607421875,True,0.9986476551603966,False,48.96503829956055,48.97197723388672,False,True,1.0,0.09229595728451563
be75f9f76ad7cd0b167fc750,pipe_fryum,400,32.6172607421875,True,0.9970356531572835,False,47.00912857055664,47.02495574951172,False,True,0.9325,0.14225781845919147
44303df434a9f4b33a7a6654,pipe_fryum,972,32.6172607421875,True,0.9958427267299496,False,52.51303482055664,52.53230667114258,False,True,0.845679012345679,0.3135011441647597
eaabd5c8c55e835bed64407e,pipe_fryum,268,32.6172607421875,True,0.9975579760547489,False,44.43665313720703,44.95561981201172,False,True,1.0,0.10221205186880244
ba0c8a426ec24b0bd3b22f26,pipe_fryum,371,32.6172607421875,True,0.9973217675284042,False,45.586708068847656,46.05338668823242,False,True,1.0,0.14149504195270785
cb3e29917e9f7b99822d2813,pipe_fryum,1781,32.6172607421875,True,0.9938099865293457,True,56.2866325378418,55.08340072631836,True,True,0.622122403144301,0.4225781845919146
bf73f2ad1ca1f8a863c4c74e,pipe_fryum,468,32.6172607421875,True,0.9979823110670036,False,41.39409637451172,41.5528450012207,False,True,0.9914529914529915,0.17696414950419528
8fdc0decf27dd16474875aee,pipe_fryum,716,32.6172607421875,True,0.9970572187409367,True,46.66325759887695,46.58835220336914,True,True,0.9315642458100558,0.2543859649122807
6d97b059a95c16c2ec2f72b8,pipe_fryum,1082,32.6172607421875,True,0.9755432279449032,False,44.76652145385742,46.77861785888672,False,True,0.5138632162661737,0.2120518688024409
3bd90d4365f1e8cd9f5a7f7c,pipe_fryum,52,32.6172607421875,True,0.9997996886589442,False,58.05611801147461,58.1600456237793,False,True,1.0,0.019832189168573607
71d17a00bca4cf9fd77446b8,pipe_fryum,67,32.6172607421875,True,0.9961548272328987,False,56.37274169921875,56.37705612182617,False,True,0.8656716417910447,0.02212051868802441
0c4d03db8dfde3f3032d7099,pipe_fryum,103,32.6172607421875,True,0.9961361934653151,False,51.67896270751953,51.733253479003906,False,True,0.9514563106796117,0.03737604881769641
4b32ad4ec07b6614e21c6852,pipe_fryum,66,32.6172607421875,True,0.9985027589519382,False,40.151878356933594,40.64844512939453,False,True,1.0,0.02517162471395881
c258d3a75fc25eb2c47648af,pipe_fryum,51,32.6172607421875,True,0.9999184543310214,True,57.26860046386719,57.10081481933594,True,True,1.0,0.019450800915331808
48d85fa3550ce0d7862dfb05,pipe_fryum,66,32.6172607421875,True,0.9996540470139933,True,52.53355407714844,52.42889404296875,True,True,1.0,0.02517162471395881
b84f34cda76ef08ff8e99f51,pipe_fryum,84,32.6172607421875,True,0.9990279398029531,False,51.324405670166016,51.512474060058594,False,True,1.0,0.032036613272311214
6d936d7f701b0448f20b8956,pipe_fryum,52,32.6172607421875,True,0.9997996152848265,False,55.874935150146484,55.89180374145508,False,True,1.0,0.019832189168573607
e021418646356481c77b8613,pipe_fryum,109,32.6172607421875,True,0.999211324630455,False,49.1921501159668,49.451778411865234,False,True,1.0,0.041571319603356215
bfb6d7405f02d93d1ad109f5,pipe_fryum,43,32.6172607421875,True,0.9998994706727204,True,55.2691535949707,55.165199279785156,True,True,1.0,0.016399694889397406
3faee577018566a57ee7dc85,pipe_fryum,1034,32.6172607421875,True,0.9988383842910793,True,69.73234558105469,69.39952850341797,True,True,0.9622823984526112,0.37948131197559115
e1b7deab408eee537147a175,pipe_fryum,1585,32.6172607421875,True,0.9960848008376264,True,61.75052261352539,61.23361587524414,True,True,0.8914826498422713,0.5389016018306636
95da451e4152cd14590a84de,pipe_fryum,704,32.6172607421875,True,0.9983601394505606,True,65.92791748046875,65.83092498779297,True,True,0.9730113636363636,0.2612509534706331
4422f862d41ba0d8e8992654,pipe_fryum,269,32.6172607421875,True,0.9963157881661949,False,63.29737854003906,63.306644439697266,False,True,0.8587360594795539,0.08810068649885583
de0ea409166c9b6a3023fdcd,pipe_fryum,1091,32.6172607421875,True,0.9953839632278526,True,69.10916137695312,64.20835876464844,True,True,0.8533455545371219,0.35507246376811596
1a8ba50ac8a59956b346085d,pipe_fryum,2802,32.6172607421875,True,0.990625741268859,True,66.64085388183594,65.48235321044922,True,True,0.43219129193433264,0.46186117467582
d779115fd6d4617d2a54b54a,pipe_fryum,1304,32.6172607421875,True,0.9980074873720862,True,61.16621398925781,56.728939056396484,True,True,0.9202453987730062,0.4576659038901602
2b2db9e826f5daf3cb3071ea,pipe_fryum,806,32.6172607421875,True,0.994988174712356,True,68.85523223876953,67.88197326660156,True,True,0.8573200992555832,0.2635392829900839
c41e2548d6303abc53802db7,pipe_fryum,556,32.6172607421875,True,0.9993249104555981,True,63.67966842651367,62.61591720581055,True,True,0.9838129496402878,0.20861937452326468
2b648c40bebad7995a5ad986,pipe_fryum,1200,32.6172607421875,True,0.9981368416211908,True,65.89656829833984,64.26277923583984,True,True,0.9183333333333333,0.42028985507246375
62119a98c3d5576e86d6a789,pipe_fryum,127,32.6172607421875,True,0.999825400521737,True,48.904117584228516,48.63346862792969,True,True,1.0,0.048436308161708616
8ed6c90ae60347ba4c72a07a,pipe_fryum,98,32.6172607421875,True,0.9999249625435759,True,49.18766784667969,48.76888656616211,True,True,1.0,0.03737604881769641
0b7d763512126c93322f8af2,pipe_fryum,136,32.6172607421875,True,0.9997434266713006,True,42.97526550292969,42.93040466308594,True,True,1.0,0.05186880244088482
c39c7f23ba46526d4f88e6d7,pipe_fryum,123,32.6172607421875,True,0.9999800487660285,True,48.8975715637207,46.979400634765625,True,True,1.0,0.04691075514874142
dd75a67f4915e33534943c10,pipe_fryum,115,32.6172607421875,True,0.9999178650487907,True,46.18069076538086,45.776588439941406,True,True,1.0,0.043859649122807015
e1287049e1c0516f22255bc4,pipe_fryum,102,32.6172607421875,True,0.9999160439929478,True,50.04133987426758,49.16661834716797,True,True,1.0,0.038901601830663615
057a07d881ec15a46279132e,pipe_fryum,156,32.6172607421875,True,0.9993703225005803,True,46.476844787597656,46.443695068359375,True,True,1.0,0.059496567505720827
bdb30dc88493807718e7d1f6,pipe_fryum,121,32.6172607421875,True,0.9998239697776831,True,51.59226608276367,50.9865608215332,True,True,1.0,0.046147978642257816
fd5e2c989bb909c18fe9c77c,pipe_fryum,111,32.6172607421875,True,0.9998984379348684,True,56.06018829345703,54.558902740478516,True,True,1.0,0.04233409610983982
57bb6a0476ceb3509b91b43d,pipe_fryum,118,32.6172607421875,True,0.9994064180718514,False,49.78489303588867,49.85801315307617,False,True,0.9915254237288136,0.04462242562929062
e0ddc332cd9e88be32f13168,pipe_fryum,147,32.6172607421875,True,0.9998212837198452,True,51.096275329589844,50.79766082763672,True,True,1.0,0.05606407322654462
771d685ed94af1f169c48a71,pipe_fryum,101,32.6172607421875,True,0.9997184348438316,True,50.35871887207031,50.18181610107422,True,True,1.0,0.038520213577421816
496a39db40d0871f481f064c,pipe_fryum,91,32.6172607421875,True,0.9998621199981229,True,43.798274993896484,43.16487121582031,True,True,1.0,0.03470633104500381
a4f0decdaeb9a8df57c1a327,pipe_fryum,77,32.6172607421875,True,0.99952753234166,False,41.8576545715332,41.8776969909668,False,True,1.0,0.02936689549961861
901934e119123ecb36d9f0e3,pipe_fryum,117,32.6172607421875,True,0.9996150654403431,True,45.68634033203125,45.58464431762695,True,True,1.0,0.04462242562929062
abc77e893b93053c28c53516,pipe_fryum,139,32.6172607421875,True,0.9996755237934802,True,52.631744384765625,52.374385833740234,True,True,1.0,0.053012967200610224
dad09c8a3db135aa0ab0ca8a,pipe_fryum,167,32.6172607421875,True,0.9996515898376506,True,55.720359802246094,55.5413818359375,True,True,1.0,0.06369183829138063
af76920517b7bf9e84ca4933,pipe_fryum,190,32.6172607421875,True,0.9992204939155649,True,50.687103271484375,50.54852294921875,True,True,1.0,0.07246376811594203
360090d515946477b25a2eba,pipe_fryum,117,32.6172607421875,True,0.9998271855523208,True,51.33260726928711,51.0770149230957,True,True,1.0,0.04462242562929062
12ef41b8576c7c4e0df76fb2,pipe_fryum,121,32.6172607421875,True,0.9997127247330473,True,46.717132568359375,46.46883773803711,True,True,1.0,0.046147978642257816
9f5996b1113b389991f83b3b,pipe_fryum,314,32.6172607421875,True,0.996464667719683,False,40.43694305419922,40.53895568847656,False,True,0.8885350318471338,0.10640732265446225
5b0010b9839800bf37045817,pipe_fryum,1381,32.6172607421875,True,0.9917541502162721,False,49.953399658203125,49.9921989440918,False,True,0.720492396813903,0.37948131197559115
7a5bf53731e0a9a669ef7889,pipe_fryum,725,32.6172607421875,True,0.9941816381180114,True,54.078311920166016,54.03973388671875,True,True,0.8151724137931035,0.22540045766590389
978319c9ebc05207a4478bce,pipe_fryum,552,32.6172607421875,True,0.9949715296771474,False,46.97093200683594,46.98317337036133,False,True,0.8786231884057971,0.18497330282227306
308a5df6dd48db5b057d2ee5,pipe_fryum,495,32.6172607421875,True,0.9962362600740733,True,40.84223175048828,40.79707717895508,True,True,0.8949494949494949,0.16895499618611748
e72a2af22fa59baef68800fa,pipe_fryum,371,32.6172607421875,True,0.9939043913306793,True,46.74915313720703,46.724342346191406,True,True,0.784366576819407,0.11098398169336385
92219acf00c528a158b9b5cc,pipe_fryum,739,32.6172607421875,True,0.992369059888431,True,44.76861572265625,44.72560119628906,True,True,0.7077131258457375,0.19946605644546148
a7b903f127fa92c66e04c9e3,pipe_fryum,282,32.6172607421875,True,0.9978478865295894,True,44.65822982788086,44.65650177001953,True,True,0.9574468085106383,0.10297482837528604
8d62649f443ae79817c13a24,pipe_fryum,986,32.6172607421875,True,0.9896904754696305,True,46.89826965332031,46.8867073059082,True,True,0.7079107505070994,0.2662090007627765
56a9d5dc513156c13df1ea93,pipe_fryum,965,32.6172607421875,True,0.9980529383824212,True,51.29814147949219,51.28242111206055,True,True,0.9305699481865285,0.34248665141113654
33b64b0c0133325b4ea95503,pipe_fryum,251,32.6172607421875,True,0.9987288382410608,True,45.748294830322266,45.7036247253418,True,True,0.9960159362549801,0.09534706331045004
ec6dc1b1f43ad8c8911e025d,pipe_fryum,445,32.6172607421875,True,0.9987749370352619,True,47.28879928588867,47.103294372558594,True,True,0.9685393258426966,0.16437833714721586
4ec231856480e7aa7fca76be,pipe_fryum,238,32.6172607421875,True,0.9983125320412924,True,41.343849182128906,41.30996322631836,True,True,1.0,0.09077040427154844
259ee2c9ef0f9a9c45b411f3,pipe_fryum,581,32.6172607421875,True,0.9942447692460832,False,43.07371139526367,43.7139892578125,False,True,0.8209982788296041,0.18192219679633867
fadb436ceeea2e435f8dca9e,pipe_fryum,722,32.6172607421875,True,0.9799966922862603,False,46.01007843017578,65.4418716430664,False,True,0.17174515235457063,0.04729214340198322
f57730953547b32edefd782d,pipe_fryum,995,32.6172607421875,True,0.9974619930003571,True,36.070068359375,35.83160400390625,True,True,0.9216080402010051,0.3497330282227307
fa2b4fefc6133cb7d6460db2,pipe_fryum,335,32.6172607421875,True,0.9981145192835406,False,51.91770935058594,52.05071258544922,False,True,1.0,0.12776506483600306
8d1ddfce04bbda2df6c274e2,pipe_fryum,543,32.6172607421875,True,0.9961402496595848,False,41.79682922363281,41.91440200805664,False,True,0.8471454880294659,0.17543859649122806
715b3f75141c544aed0e386f,pipe_fryum,238,32.6172607421875,True,0.9978013152066169,False,44.05021667480469,44.396141052246094,False,True,1.0,0.09077040427154844
985b2d3e9e0d6f16160f4fc4,pipe_fryum,1102,32.6172607421875,True,0.9959423350959329,True,38.607181549072266,38.60261535644531,True,True,0.7676950998185118,0.32265446224256294
e779547ac415b9900bd04058,pipe_fryum,62591,32.6172607421875,True,0.9619111848659119,True,52.38897705078125,50.860084533691406,True,True,0.040485053761722935,0.9664378337147216
92c4dce718327918dcb3afe1,pipe_fryum,67934,32.6172607421875,True,0.9646560246998216,True,52.97563934326172,48.6251220703125,True,True,0.03852268378131716,0.998093058733791
927b327bf71e71304da94c00,pipe_fryum,40394,32.6172607421875,True,0.9306518142407768,True,49.94496154785156,49.4621696472168,True,True,0.035698371045204735,0.5499618611746758
dbffe09b728470ee63402d0d,pipe_fryum,33193,32.6172607421875,True,0.9900856835825546,True,61.79869079589844,61.3554573059082,True,True,0.07149097701322568,0.9050343249427918
8739060da5262e8b525be173,pipe_fryum,39808,32.6172607421875,True,0.9929096002655724,True,59.796592712402344,59.727081298828125,True,True,0.061771503215434086,0.9378337147215866
9324dd2f3bff7d261313254b,pipe_fryum,23563,32.6172607421875,True,0.9858473437777228,True,55.27218246459961,54.96977233886719,True,True,0.08929253490642108,0.8024408848207475
8d602a6fd0e112599dd329b7,pipe_fryum,28926,32.6172607421875,True,0.9961904457913738,True,59.14231872558594,59.08302688598633,True,True,0.08722256793196433,0.9622425629290617
de49fabd2dc494b1cb0f31f4,pipe_fryum,38407,32.6172607421875,True,0.986553375581581,True,54.35304260253906,51.82944869995117,True,True,0.06730543911266175,0.9858886346300534
013f6d6986ec962ab26302b8,pipe_fryum,71656,32.6172607421875,True,0.9294228053313971,True,57.7027587890625,56.835269927978516,True,True,0.03476331360946745,0.9500381388253242
9c93f059c631dc3ee1e97869,pipe_fryum,40486,32.6172607421875,True,0.9767631672574213,True,50.096351623535156,43.6953239440918,True,True,0.06471372820234154,0.9992372234935164
