image_id,category,split,detector,map_max,top01,top1,top5
380098d5d0df7c3e5cff93b3,candle,calibration,35.53310012817383,34.62167739868164,33.47635269165039,30.346120834350586,26.987743377685547
f6be679c5895210d92f225a8,candle,calibration,32.28073501586914,30.984865188598633,30.02085304260254,26.603410720825195,23.911897659301758
5e54cd215840db218ecaebc7,candle,calibration,26.98093032836914,26.195247650146484,25.687124252319336,24.306289672851562,22.915836334228516
9eb04cad270ff79e42487352,candle,calibration,28.105472564697266,27.229225158691406,26.506994247436523,24.950159072875977,23.119937896728516
ef8c958a7be8baa6b876909f,candle,calibration,27.963428497314453,27.11859893798828,26.474849700927734,25.012454986572266,23.696382522583008
ada04767902d8f2fdbb4dfe6,candle,calibration,29.83225440979004,29.38111114501953,29.00414276123047,26.646059036254883,23.956806182861328
374d1b7e63e3e8805e3ad727,candle,calibration,29.53773498535156,28.82152557373047,28.08472442626953,25.622600555419922,23.385425567626953
7979bb1186c1491bf79e60f3,candle,calibration,28.55438041687012,27.48015594482422,26.93501091003418,25.310659408569336,23.765207290649414
4f3aa4924e256e829a1ff63b,candle,calibration,36.80036544799805,35.92271423339844,35.070343017578125,30.513578414916992,25.967348098754883
e7061b36fe7484d083d41a4c,candle,calibration,29.37848472595215,28.06156349182129,27.61693572998047,26.08809471130371,24.232240676879883
409b59d1b05a0599ae1ff2e2,candle,calibration,31.050281524658203,29.82447624206543,28.88187599182129,26.635723114013672,23.891225814819336
51c10aeb7a24d9378ed3359d,candle,calibration,31.453622817993164,30.30904769897461,29.624691009521484,26.436790466308594,24.223541259765625
e368f26497632eb606d2765c,candle,calibration,26.346275329589844,25.502349853515625,24.996627807617188,24.236650466918945,23.196475982666016
41895d6b97653c22ec1c985c,candle,calibration,28.232318878173828,26.63455581665039,26.259498596191406,25.118501663208008,23.540653228759766
28023ea0a103af5b6d8c691c,candle,calibration,29.91731834411621,28.179174423217773,27.299388885498047,24.826745986938477,23.322818756103516
b07b40e908edd0013ce1534a,candle,calibration,29.852758407592773,28.52779769897461,27.816959381103516,26.406103134155273,24.163192749023438
1dd3bc2747366c4eb6b20337,candle,calibration,32.09356689453125,30.688695907592773,29.496070861816406,25.6668758392334,23.861143112182617
32af7e9c3515f7af9bb99b62,candle,calibration,27.655235290527344,27.18729591369629,26.54242515563965,24.874820709228516,23.558265686035156
f2f14b25e8bfd1c2df4df386,candle,calibration,26.895896911621094,25.965707778930664,25.407014846801758,24.2297420501709,22.964311599731445
0dda1a135de067aabc798673,candle,calibration,28.223852157592773,27.89035987854004,27.50629997253418,25.635929107666016,23.678815841674805
38388c206a95973c3f970bab,candle,calibration,26.29015350341797,25.47742462158203,25.098785400390625,24.178930282592773,23.151369094848633
b5e6006b7e7d306ecd29b8c3,candle,calibration,29.11222648620605,27.987815856933594,27.621347427368164,26.345632553100586,23.911893844604492
03d45ac46432e3ce12e9c228,candle,calibration,33.050270080566406,31.539653778076172,30.624614715576172,28.512222290039062,25.836803436279297
66b75ddaa7644fa98b36d8d5,candle,calibration,26.385255813598636,25.889265060424805,25.356327056884766,24.10236167907715,23.110504150390625
448d37cae11c1c3ebcadf87d,candle,calibration,29.2346305847168,27.70941162109375,26.992813110351562,25.329259872436523,23.555261611938477
d2ed04aa053eec8f77042bf5,candle,calibration,29.95363426208496,28.68337631225586,27.8150577545166,25.683555603027344,23.98211669921875
24c93f8bdc5630c40b583c23,candle,calibration,29.26721572875977,27.659940719604492,27.028350830078125,25.510780334472656,23.660945892333984
9ecd1c8ba159d53d2fbd2dee,candle,calibration,26.727523803710938,26.01734733581543,25.678014755249023,24.379318237304688,23.1016845703125
ede64eb3ca357db1b75dd938,candle,calibration,27.243083953857425,26.201589584350586,25.58430290222168,24.257041931152344,23.182636260986328
d912751a5b94c6c655d0fd34,candle,calibration,32.69359588623047,31.285165786743164,30.117700576782227,26.74726104736328,24.163583755493164
b4b193c78ebc505b1d14eb68,candle,calibration,31.893423080444336,30.930400848388672,30.24541664123535,27.374380111694336,24.48641586303711
f0877727b7c3ffd0d6f59114,candle,calibration,30.253719329833984,29.44254493713379,28.732954025268555,25.609664916992188,23.654138565063477
ee92674a4bc0f08f4c96a6a4,candle,calibration,33.83137130737305,32.847049713134766,31.9967098236084,28.77062225341797,25.979463577270508
81ca1c8faddb2d3b3b0e7918,candle,calibration,29.03742027282715,28.314151763916016,27.7930908203125,25.53879737854004,23.40567398071289
bcde48a4be13c3c82c774c27,candle,calibration,35.48735427856445,34.29023742675781,33.024654388427734,27.883283615112305,24.251201629638672
af992824cd5a264abb5fc47f,candle,calibration,30.979677200317383,30.44461441040039,29.86172866821289,27.552751541137695,25.073495864868164
8dce5409b4acc9ad238bda5b,candle,calibration,29.029077529907227,28.152849197387695,27.712642669677734,26.234405517578125,24.404447555541992
730258815fa38b1e598f7883,candle,calibration,26.477441787719727,25.67255973815918,25.414899826049805,24.442230224609375,23.21072006225586
958702dcb905072c6597cc0c,candle,calibration,28.586790084838867,27.924856185913086,27.133224487304688,24.950393676757812,23.132802963256836
78206fed1fa02dbff8a87a77,candle,calibration,25.514352798461918,24.654098510742188,24.438791275024414,23.658159255981445,22.655925750732422
0cb264047a386dc042459bb5,candle,calibration,28.90778923034668,28.265830993652344,27.804685592651367,25.81905174255371,23.73214340209961
cf5faca9287456a5ed598e01,candle,calibration,26.760372161865234,26.143936157226562,25.527912139892578,24.641801834106445,23.452720642089844
5b68c80e7bea5147eed2f155,candle,calibration,31.26457405090332,30.05084228515625,29.08945655822754,26.69875144958496,24.07272720336914
018907bf1dcc6fa36230be24,candle,calibration,28.854780197143555,27.544681549072266,26.4440860748291,24.232309341430664,23.15155792236328
cbdd67cd19c7fbb60c058fab,candle,calibration,38.74264144897461,37.3091926574707,36.854801177978516,31.441450119018555,26.007150650024414
f354705c3cd03bca9ccb6073,candle,calibration,27.19576644897461,26.319551467895508,26.024276733398438,24.968679428100586,23.256378173828125
2fb1025316c6a72a5b1a6459,candle,calibration,29.319860458374023,28.404987335205078,27.448806762695312,25.527524948120117,23.678993225097656
49bb0092a4a460b1f0a34fc1,candle,calibration,26.36130142211914,25.795190811157227,25.441831588745117,24.14714813232422,22.72986602783203
1eacea85f68939f737504131,candle,calibration,26.20191192626953,25.750713348388672,25.47939682006836,24.666259765625,23.3066349029541
ea7324d84d9a77b023a80556,candle,calibration,27.100008010864254,25.626420974731445,25.427473068237305,24.807571411132812,23.6157169342041
68f60c1f1d771ddfcae1d3d1,candle,calibration,27.488325119018555,26.60888671875,26.185596466064453,24.824573516845703,23.422060012817383
4a31eb32a2d6a573f21182c3,candle,calibration,29.224529266357425,27.933000564575195,27.512985229492188,25.75466537475586,23.685096740722656
9a90effcb61b02ad58c8e0c6,candle,calibration,27.11190414428711,26.539201736450195,26.1589412689209,25.093690872192383,23.719112396240234
4616c9fc2bca6b5444db9701,candle,calibration,38.56874465942383,36.853858947753906,35.951107025146484,30.060405731201172,25.12807846069336
3e8166e4ca9fda8b6c05f63c,candle,calibration,32.32526016235352,30.598058700561523,29.562822341918945,26.615257263183594,24.620695114135742
1407a172b880c651154bb622,candle,calibration,25.742889404296875,25.060319900512695,24.797115325927734,23.991683959960938,23.01350975036621
d176ba5ab844dd991a3851df,candle,calibration,25.238008499145508,24.511903762817383,24.304332733154297,23.60824966430664,22.814552307128906
a72ebfc22b18abd990fa1837,candle,calibration,28.535663604736328,27.850683212280273,27.458877563476562,25.86003303527832,23.915142059326172
46b0e12d6e07e7f1aaadf6c3,candle,calibration,28.99761962890625,28.21693229675293,27.48406410217285,25.85019874572754,23.9721736907959
e09faa3254cd17c2f340361c,candle,calibration,29.239490509033203,27.783132553100586,26.706998825073242,25.179887771606445,23.616750717163086
e7584ece1238dd0f168e9cd6,candle,calibration,26.506271362304688,25.30864715576172,24.986562728881836,23.964250564575195,22.9176082611084
7d20f6536960e35f4eb70a0b,candle,calibration,32.01567840576172,30.415542602539062,29.443761825561523,26.646650314331055,23.897886276245117
63f8e27719f8e494afb5c4f4,candle,calibration,28.87405776977539,27.661806106567383,27.21116065979004,26.07596206665039,24.511781692504883
bb68f2e3a02a08bfb64c976d,candle,calibration,27.098371505737305,26.16828155517578,25.44723129272461,24.30586051940918,23.19556427001953
ccab445f214890acc8616d16,candle,calibration,32.81429672241211,31.230241775512695,30.236766815185547,27.086048126220703,24.86444854736328
dd9041ae3b8cf040e1a6e9c0,candle,calibration,27.78243637084961,27.101335525512695,26.462566375732422,24.784835815429688,23.245708465576172
2e80f741e604873cc90e0eda,candle,calibration,30.237796783447266,29.63933753967285,29.37843894958496,27.841449737548828,24.8862247467041
35555342b9e396a1963cb9ad,candle,calibration,26.739181518554688,25.770050048828125,25.07917594909668,24.09185218811035,23.050127029418945
eea827c68098c31d38f7f73a,candle,calibration,26.854766845703125,26.17090606689453,25.678491592407227,24.33467674255371,23.092815399169922
91b1b293e0f955082fca04f5,candle,calibration,26.26393699645996,25.65343475341797,24.9185848236084,23.383377075195312,22.61656951904297
4f00350f4809acd0fd306558,candle,calibration,39.80685806274414,38.179710388183594,36.85313034057617,29.78038215637207,25.265077590942383
6a2be6ac3069e965f9402809,candle,calibration,26.99471664428711,26.031768798828125,25.583362579345703,24.62470817565918,23.365957260131836
bd876f0e8afe8f5f505c430f,candle,calibration,33.114776611328125,31.30644416809082,29.87725067138672,26.70861053466797,24.068603515625
ad1bbd45e7b9d377171f5ef4,candle,calibration,27.613744735717773,26.26887321472168,25.713346481323242,24.795425415039062,23.48665428161621
7520ff5bc199413fa9806d90,candle,calibration,28.19681167602539,27.42404556274414,27.071420669555664,25.403196334838867,23.48967170715332
c71910f1a1324611e19ab730,candle,calibration,32.10636520385742,30.606481552124023,29.982738494873047,27.852622985839844,25.420373916625977
af4739aaf0337cbb70b773f4,candle,calibration,26.152931213378903,25.49607276916504,25.167945861816406,23.95743179321289,22.926454544067383
11b7553dab9fb5b3074cafdd,candle,calibration,27.42958068847656,26.833654403686523,26.42497444152832,24.883522033691406,23.570276260375977
3a8a0b54a7eedf424bceb3c5,candle,calibration,33.160064697265625,32.36603546142578,31.601951599121094,28.11505699157715,24.45939064025879
cb04a07f41c5507c4760003b,candle,calibration,26.49471092224121,25.855581283569336,25.37137222290039,24.353683471679688,23.167055130004883
716a512d04c9ac13b1bd61e9,candle,calibration,35.803009033203125,34.086181640625,32.858158111572266,28.74073600769043,25.035659790039062
d4dc2cc9ed7c1506a8ed8334,candle,calibration,35.51353073120117,34.418678283691406,33.926116943359375,30.472352981567383,25.284814834594727
fde249f4c7e4850325128999,candle,calibration,30.59853172302246,29.71781349182129,29.249704360961914,26.473224639892578,24.39735221862793
5c978ff781b668c77d23f69f,candle,calibration,26.34650993347168,25.308732986450195,24.877307891845703,24.1696720123291,22.993921279907227
fe4605f0f6d168ee2af8dced,candle,calibration,30.821311950683597,29.522722244262695,29.002079010009766,26.836530685424805,24.27962875366211
a0ebaa9fed0b9b31264be499,candle,calibration,27.64854621887207,26.568653106689453,26.27895164489746,25.503950119018555,24.185943603515625
e00fa1ad8866373e4bb7d5d4,candle,calibration,25.548141479492188,24.93464469909668,24.815664291381836,24.13258934020996,23.02519416809082
4b64c6c4d511dd2981168b64,candle,calibration,35.45496368408203,33.44158935546875,32.27649688720703,27.32817840576172,24.196420669555664
3a9e7bbb83efa89926c297da,candle,calibration,29.05695533752441,27.969280242919922,27.18479347229004,25.38264274597168,23.523271560668945
c0110b29b1056478d6dde485,candle,calibration,30.517986297607425,29.70769500732422,28.955839157104492,26.963083267211914,24.787067413330078
0b8725cbe33f5e0feb795a4a,candle,evaluation,28.930095672607425,27.380043029785156,26.703210830688477,24.914161682128906,23.62710952758789
a1a087923eb10c04ecb17a9a,candle,evaluation,29.390295028686523,28.887449264526367,28.177032470703125,25.72542381286621,23.91109848022461
909d10fa96bc614abc3d5fc3,candle,evaluation,30.33847999572754,29.36740493774414,28.41086196899414,25.834449768066406,24.00650405883789
dc194af351555f8b101b5c78,candle,evaluation,25.924165725708008,25.674898147583008,25.19550895690918,24.17241668701172,22.973512649536133
152d0fd95c8887703acb0d8a,candle,evaluation,30.16476249694824,29.19877815246582,28.684402465820312,26.56141471862793,24.595745086669922
9eca56e5803170da4e9503df,candle,evaluation,26.139305114746094,25.376468658447266,24.723318099975586,23.735631942749023,22.69597053527832
ec483234a76471d72864355e,candle,evaluation,28.1083984375,26.816001892089844,26.178237915039062,24.627166748046875,23.291248321533203
3a0fabced1a25417899bd736,candle,evaluation,28.86948776245117,27.359716415405273,26.953371047973633,25.418203353881836,23.76886749267578
8d25fc54361deba2c55ee409,candle,evaluation,27.72480773925781,26.776702880859375,26.455507278442383,25.584144592285156,23.90900993347168
f05e6ebb49d2f51bd53bb05a,candle,evaluation,27.195743560791016,26.3637638092041,25.546981811523438,24.002172470092773,22.7940673828125
b3bca572e4dba600e0a32bfc,candle,evaluation,28.5707950592041,27.755001068115234,27.384382247924805,25.833471298217773,23.84740447998047
cfe2dced92b00134864bc208,candle,evaluation,28.381654739379883,27.664274215698242,26.940677642822266,25.28660774230957,23.550172805786133
28a912bcbfc060adbd6b5c80,candle,evaluation,25.77560043334961,25.387109756469727,25.04402732849121,23.995403289794922,22.814102172851562
fb70680edc9f094d41952baa,candle,evaluation,29.516101837158203,28.406618118286133,27.787748336791992,26.085878372192383,24.137048721313477
07e83d7d169ce5da90f06bcb,candle,evaluation,26.090246200561523,25.256803512573242,24.84913444519043,24.078983306884766,23.054656982421875
afaf5ae38dde29fa24f94147,candle,evaluation,25.89676856994629,24.662160873413086,23.993494033813477,22.9656925201416,22.125316619873047
4de6dd383f983d0681a2c5b6,candle,evaluation,29.252485275268555,28.500778198242188,27.863391876220703,26.267528533935547,24.532251358032227
d336f3be70c17478dbd137f3,candle,evaluation,31.88187789916992,29.4063663482666,28.3937931060791,27.39322853088379,25.48272132873535
916d5945c5ab5f827e9f47e0,candle,evaluation,34.966487884521484,32.15534591674805,30.626558303833008,25.779129028320312,23.3123722076416
090458eedba8b03d5dceaeaa,candle,evaluation,30.974384307861328,30.646692276000977,30.312477111816406,28.064973831176758,25.404191970825195
206dcc79be4ebd28bb821bd5,candle,evaluation,24.720333099365234,24.246244430541992,23.5483341217041,22.534259796142578,21.877784729003906
6a235ff1c591fcaab5ee145e,candle,evaluation,35.6618766784668,34.66818618774414,33.42629623413086,30.284229278564453,26.727657318115234
96ac46ea894fc675101cd534,candle,evaluation,25.91240882873535,25.115854263305664,24.840341567993164,23.90796661376953,22.838197708129883
89a0283a97650b8c4ad2ca4b,candle,evaluation,25.96536064147949,24.62439727783203,24.301424026489258,23.529020309448242,22.703075408935547
b9a614a2ab5ee2eb824a20f3,candle,evaluation,27.248231887817383,25.69458770751953,25.1213436126709,24.129878997802734,23.00382423400879
d89308a0403f81bc92e6cc97,candle,evaluation,28.1000919342041,26.917713165283203,26.48052406311035,25.17148780822754,23.732830047607422
5a0c81242b700a179e91dac6,candle,evaluation,27.93547248840332,27.340370178222656,26.73405647277832,24.75295639038086,23.41978645324707
a65615a3920be0ea2ad00971,candle,evaluation,25.037548065185547,24.436269760131836,23.957191467285156,23.29971694946289,22.399141311645508
c28fcb490c44e8fae22a6fb5,candle,evaluation,30.27140235900879,28.780847549438477,28.03837013244629,25.708721160888672,23.774946212768555
516898df19f1c090a7b218ab,candle,evaluation,36.240177154541016,34.688663482666016,33.10266876220703,28.448280334472656,25.174840927124023
5c62a5405c5217938000e6eb,candle,evaluation,26.888093948364254,25.873199462890625,25.322246551513672,23.783124923706055,22.751508712768555
760008f6fc093a45ece0ac35,candle,evaluation,32.53328323364258,31.6628360748291,30.826082229614258,27.31582260131836,24.59853744506836
a8da42aff1066a23c4b4e677,candle,evaluation,32.00968933105469,30.792083740234375,29.93815803527832,27.01097297668457,25.068387985229492
8f3b4e408c485524a4fc1ae7,candle,evaluation,30.5862979888916,30.123851776123047,29.339614868164062,27.353588104248047,25.1235408782959
49394ccb1efc6c22a2987367,candle,evaluation,25.728126525878903,24.82499885559082,24.462575912475586,23.63181495666504,22.57472038269043
702376d1e341046ee522ec4d,candle,evaluation,29.754688262939453,28.724254608154297,27.921039581298828,25.879091262817383,24.21056365966797
2a261e3bdfd586d154d91f87,candle,evaluation,27.929128646850582,27.1380615234375,26.85621452331543,25.026744842529297,23.297279357910156
3805625b1dd1455114f818a2,candle,evaluation,30.363941192626957,28.88369369506836,28.4449462890625,26.14550018310547,23.58018684387207
e709091228608972ecc7e643,candle,evaluation,26.85365295410156,25.98828887939453,25.641550064086914,24.46959686279297,23.266740798950195
22dec60b6af2e8c94be95e24,candle,evaluation,41.04605484008789,39.95613098144531,39.044586181640625,33.8316535949707,26.59537124633789
2e8106dd75db3fc5e984bc53,candle,evaluation,28.36395835876465,26.82954978942871,26.39076042175293,25.50819969177246,24.228044509887695
57182add803c888ac5d8e2e3,candle,evaluation,27.8413143157959,27.13123893737793,26.657066345214844,24.982091903686523,23.457658767700195
14332dc2dfe6114dc398c392,candle,evaluation,25.76188087463379,25.22145652770996,24.931859970092773,23.881391525268555,22.785465240478516
f9206903efac692c7ab0dbbe,candle,evaluation,29.616565704345703,28.807838439941406,28.116130828857422,26.01089859008789,24.07683563232422
b3386a528d7b3fac2db43a74,candle,evaluation,31.90389060974121,30.514381408691406,29.58929443359375,26.465585708618164,24.470012664794922
2f58b6308449872980d0f985,candle,evaluation,28.21108055114746,26.901636123657227,26.248886108398438,24.742557525634766,23.558013916015625
8291aa6161af6b7c51bf52b5,candle,evaluation,28.832738876342773,27.391565322875977,26.414321899414062,24.98564910888672,23.529300689697266
6bd63112425bda2aedb01901,candle,evaluation,28.29262924194336,27.12497329711914,26.534772872924805,24.989994049072266,23.373952865600586
b6338bb1621a91b22b7f99bf,candle,evaluation,29.59543228149414,28.888017654418945,28.3482723236084,26.101600646972656,23.79851531982422
6993e24e4599200daa428d22,candle,evaluation,28.5013484954834,27.458354949951172,26.471113204956055,24.596576690673828,22.8146915435791
0397572d12c4b5519744c5d9,candle,evaluation,28.700082778930664,26.760282516479492,25.90557098388672,24.673870086669922,23.43257713317871
0405531b175ece4bbd28c84e,candle,evaluation,28.52030563354492,26.96784210205078,26.445533752441406,24.989835739135742,23.602031707763672
e946de8546afa425662408aa,candle,evaluation,33.09503555297852,31.645620346069336,30.837385177612305,28.66862678527832,26.23472785949707
60b8d7bc2f2600871270d2fd,candle,evaluation,32.137081146240234,30.384544372558594,29.003883361816406,26.29745864868164,24.61285400390625
c74baf36c749fec2d845d29c,candle,evaluation,33.08412551879883,30.95214080810547,29.57179832458496,27.269527435302734,25.07944107055664
fbd6177374b723bb9d4072ea,candle,evaluation,31.18290328979492,30.382732391357422,29.543804168701172,27.49977684020996,25.442996978759766
f99d4cd59929cee55b694315,candle,evaluation,27.179759979248047,25.794418334960938,25.368505477905273,24.49136734008789,23.160734176635742
2c5663c18239325c54e74b87,candle,evaluation,28.11917495727539,26.899642944335938,26.28128433227539,24.54753875732422,22.941699981689453
44575a057dce2cd30505a81e,candle,evaluation,34.51769256591797,33.87214660644531,33.254722595214844,28.7239933013916,24.428255081176758
528a606734c2cd1b788abba8,candle,evaluation,29.243520736694336,27.302186965942383,26.76027488708496,25.467330932617188,23.62947654724121
1c17d2c430226e43ea124d85,candle,evaluation,27.87546730041504,27.24504852294922,26.904077529907227,25.77423667907715,24.196308135986328
dc446dd7514e9f7edb5d6d55,candle,evaluation,28.59191131591797,27.9252872467041,27.21289825439453,24.814302444458008,23.289600372314453
643ae60e1cbd975cd01427a4,candle,evaluation,26.157262802124023,25.899560928344727,25.548072814941406,24.17816734313965,22.95690155029297
0376a84cc136cb65b92d2401,candle,evaluation,28.044506072998047,26.534088134765625,25.908742904663086,24.142717361450195,22.79181671142578
171adaf8191f9b9b11622eaa,candle,evaluation,27.63681983947754,26.63871192932129,26.078811645507812,24.799121856689453,23.56646156311035
c85954fed5c188fc6118390d,candle,evaluation,29.185544967651367,27.859180450439453,27.173988342285156,25.31715202331543,23.3798828125
7ec7b3c03939cbd21a14b77c,candle,evaluation,30.045360565185547,28.691015243530273,27.67837142944336,25.84281349182129,23.86819076538086
826de035097f12d7b1455ba7,candle,evaluation,28.741670608520508,27.85878562927246,27.241580963134766,25.017427444458008,23.48336410522461
eb7e63212f062d77c0c998be,candle,evaluation,34.53713607788086,33.261653900146484,32.4334602355957,28.823762893676758,25.668373107910156
e75bcc9cf5db48399993a17e,candle,evaluation,28.28288078308105,27.284957885742188,26.80170249938965,25.25128173828125,23.77826690673828
2ad2206381d4bdca32f03741,candle,evaluation,34.89839172363281,33.79005432128906,32.74866485595703,28.28435516357422,24.816438674926758
d760362d2e715eda4018b3d5,candle,evaluation,29.398313522338867,28.604768753051758,27.943021774291992,26.155391693115234,23.782522201538086
2bef5c91b8c706579aea7dcc,candle,evaluation,32.76003646850586,31.930681228637695,31.313852310180664,27.791851043701172,24.22345542907715
ad0c9e6d1f91cf6216b5af90,candle,evaluation,30.622802734375,29.515769958496094,28.938777923583984,27.280635833740234,24.608694076538086
25cf114d9f935bb74411ce61,candle,evaluation,25.17833137512207,24.149744033813477,23.853652954101562,22.9223690032959,22.197010040283203
3d5fde0649bf18fcee72d34a,candle,evaluation,27.337270736694336,26.536170959472656,25.903287887573242,25.0322208404541,23.825740814208984
81c1c4bbe1e6c8dc099759c3,candle,evaluation,28.13436508178711,27.0935001373291,26.46746826171875,24.886518478393555,23.26206398010254
c3756ba572dbab976479c83a,candle,evaluation,25.79759979248047,24.844398498535156,24.519033432006836,23.709857940673828,22.66374397277832
34a077336b6fdfd91ed8d6ee,candle,evaluation,28.954835891723636,27.73597526550293,27.194068908691406,25.785362243652344,24.278966903686523
cbbad478715625d078a033d1,candle,evaluation,27.304473876953125,26.681514739990234,26.227575302124023,25.06914520263672,23.784210205078125
20410585cac5208e0a0f7532,candle,evaluation,29.32309341430664,28.43700408935547,28.093852996826172,26.509387969970703,24.214553833007812
40b567c425466876d29022d3,candle,evaluation,32.79729461669922,32.26639938354492,31.673995971679688,28.59929847717285,24.737207412719727
3a8f69b9a03aa2ff82aad84a,candle,evaluation,28.886234283447266,27.537647247314453,26.642187118530273,24.80574607849121,23.160778045654297
4362c986c451ca0169a06bfe,candle,evaluation,30.425312042236328,28.90340805053711,27.987211227416992,25.74142837524414,24.17842674255371
6ddc20204206078e5ade3661,candle,evaluation,27.19183158874512,25.69202995300293,25.293182373046875,24.01036262512207,22.748872756958008
1c550c6a0bf286189a4768e1,candle,evaluation,29.61829376220703,27.840795516967773,26.685302734375,24.922992706298828,23.468660354614258
de51d0d277f1b6f2c304283c,candle,evaluation,26.68708229064941,25.58261489868164,25.20477294921875,24.217496871948242,22.803607940673828
e099ac47d5c45ed5af94be61,candle,evaluation,29.11203956604004,28.216876983642578,27.575014114379883,25.306324005126953,23.59708023071289
9ef8a36b8102484135fb8e79,candle,evaluation,26.307470321655277,25.696176528930664,25.473447799682617,24.538684844970703,23.44646644592285
872b6fd9d2acad667a7ab345,candle,evaluation,28.48531150817871,27.543376922607422,27.0113582611084,25.470335006713867,23.66151237487793
ef2b0a6652e72c192aee684f,candle,evaluation,31.276700973510746,30.135787963867188,29.58629035949707,27.03635025024414,24.829374313354492
9f6272e1413571f594aabe39,candle,evaluation,30.676048278808597,28.8223876953125,27.69674301147461,26.246212005615234,24.7064266204834
954acf1771c25521baf56067,candle,evaluation,29.633155822753903,28.59010887145996,27.724706649780273,25.813549041748047,23.745450973510742
fff1bee28b7eae7e1c413d82,candle,evaluation,41.0404167175293,40.28275680541992,39.47554016113281,35.45357131958008,29.855667114257812
ed7869948ab424bba1a010de,candle,evaluation,27.6412296295166,26.253721237182617,25.985929489135742,25.205833435058594,23.79300880432129
f931ab0ec8d5f0a922d4963c,candle,evaluation,27.10198402404785,26.5021915435791,26.135671615600586,24.999977111816406,23.462919235229492
630088109ead89c8d371f7c6,candle,evaluation,29.00055313110352,27.96196937561035,27.261123657226562,25.57969856262207,23.869508743286133
7e422b807c93d1f858ef804f,candle,evaluation,29.962596893310547,28.803308486938477,27.834522247314453,25.927854537963867,24.38010597229004
ffe46cdf3d6a51b27ddb2abc,candle,evaluation,27.24099922180176,26.662729263305664,26.304672241210938,24.704662322998047,23.15605926513672
b1b79079c4a2cdbae0fe1267,candle,evaluation,26.254467010498047,25.339599609375,24.91987419128418,23.92278289794922,22.879915237426758
ab47a8d0b593686af515ade9,candle,evaluation,32.12038803100586,31.22760581970215,30.247140884399414,28.02309226989746,25.731847763061523
8f3a88920755ec17b08f4033,candle,evaluation,50.682010650634766,49.323150634765625,47.82813262939453,39.36083221435547,29.30513572692871
d9bcc5633b86b6332d42dc42,candle,evaluation,44.420936584472656,43.276641845703125,42.21075439453125,35.40498733520508,27.43151092529297
8f927bcc86db94e9be1ad4dd,candle,evaluation,46.8554916381836,45.60938262939453,44.453243255615234,38.99373245239258,31.690155029296875
a9112c607ddd101d6418aa7f,candle,evaluation,48.69817352294922,47.0439567565918,45.65720748901367,37.59977340698242,30.20931625366211
80a9e056efbc5959cfb71d76,candle,evaluation,42.1231689453125,41.31853485107422,40.980247497558594,36.553466796875,29.111370086669922
a735a47cf34fc010bfb48855,candle,evaluation,46.79696273803711,44.83759307861328,43.21906280517578,35.95469284057617,28.351516723632812
cdb66e6b154c64f38bdd3655,candle,evaluation,46.5419921875,45.86113739013672,45.05264663696289,39.811607360839844,31.06366539001465
937deb748bcb8d4db75d6577,candle,evaluation,47.325714111328125,46.28874206542969,45.11410903930664,38.00272750854492,29.88461685180664
89359a70ff88d4af7d1d0038,candle,evaluation,50.1988525390625,49.332130432128906,47.88156509399414,39.103939056396484,29.876873016357422
f74a61f2fb120b5eec42f95d,candle,evaluation,36.57020950317383,35.426971435546875,34.30377960205078,30.022647857666016,26.411088943481445
6e61d7dd6e997a7fdc6cd3a6,candle,evaluation,35.630615234375,34.129432678222656,32.804439544677734,28.610605239868164,25.44430160522461
dac420adaa0745b029dc1223,candle,evaluation,44.69741439819336,42.68911361694336,40.93408203125,33.01507568359375,27.267908096313477
564b87f329cefaaca090bb92,candle,evaluation,34.05424880981445,33.23341369628906,32.66701889038086,29.32297706604004,26.697412490844727
28858dc685de10032ea5c704,candle,evaluation,42.51015853881836,40.790504455566406,39.247676849365234,32.7588005065918,26.948814392089844
8019ea1a39698cf472a4aba4,candle,evaluation,33.18792724609375,32.04844284057617,31.413259506225586,28.69247817993164,26.139333724975586
2848f0f0cce91ec34d541f46,candle,evaluation,32.8975944519043,32.20790100097656,31.449316024780273,29.223155975341797,26.639442443847656
a30e98e9f5a93b1da26f8e0e,candle,evaluation,29.48824119567871,28.652299880981445,27.85191535949707,26.126800537109375,24.443235397338867
ee2d487eb8d7c1feaa80ee8c,candle,evaluation,33.52000427246094,32.62867736816406,31.39468002319336,26.402385711669922,23.619779586791992
d6724990c6bb9cbf1def5522,candle,evaluation,35.673492431640625,34.76617431640625,33.614200592041016,28.885303497314453,25.468364715576172
d124a32220cef1434c09435c,candle,evaluation,41.443660736083984,40.725589752197266,39.78883361816406,33.626853942871094,28.142793655395508
23e908cb5ae2243950b9b570,candle,evaluation,42.029598236083984,40.77233123779297,39.48358154296875,32.823543548583984,27.633615493774414
7a3fed57e7f8a98a82e5da5c,candle,evaluation,38.85960006713867,37.39664840698242,36.334529876708984,31.914705276489258,26.57584571838379
f681e8e404a3867d86d046c0,candle,evaluation,49.40092468261719,46.698020935058594,44.58940887451172,36.77182388305664,28.24603271484375
2fbf2833d60163d0ef245a37,candle,evaluation,48.73648452758789,46.405128479003906,44.426090240478516,36.517032623291016,28.964397430419922
7f9133a19d90ab1a00004736,candle,evaluation,50.51592254638672,48.263240814208984,46.26491928100586,37.958892822265625,29.30424690246582
7e1ce1f0bf66cadff14a2b82,candle,evaluation,44.9371337890625,43.941490173339844,42.6887321472168,35.70287322998047,28.870161056518555
5522c3c673d05e27a999e37a,candle,evaluation,38.26985931396485,37.278690338134766,35.96516799926758,29.770645141601562,26.00057029724121
9513012dbaab06c2529c56e0,candle,evaluation,43.934608459472656,42.19982147216797,40.84808349609375,33.85590744018555,27.580595016479492
cc2c3ce37c483eecd8d4939e,candle,evaluation,43.52002334594727,42.1026611328125,40.753177642822266,34.31306457519531,27.86862564086914
02bd8d596731ab3417010866,candle,evaluation,61.67417907714844,59.47719955444336,58.81321334838867,50.77964782714844,36.78847885131836
f40690fcf046f10a039f7d32,candle,evaluation,34.25187301635742,33.11186218261719,32.391666412353516,29.184738159179688,25.219226837158203
0337f49d30789e965adb6aa3,candle,evaluation,35.488494873046875,34.234703063964844,33.43415069580078,30.745649337768555,28.006534576416016
2c0793530b61ae702a523af3,candle,evaluation,32.01007080078125,30.817960739135742,30.110139846801758,27.834897994995117,25.268333435058594
b9346d87212caa450aa83345,candle,evaluation,36.90105819702149,36.16059112548828,35.327308654785156,31.82613182067871,27.2940731048584
16371c78eea616c440a3b728,candle,evaluation,38.14155578613281,37.053768157958984,36.137550354003906,33.60936737060547,28.882457733154297
35668050020a627f0adc5472,candle,evaluation,34.79178237915039,33.56749725341797,32.3448486328125,29.38977813720703,27.247770309448242
add583dcc62a5788ebcdb480,candle,evaluation,35.84305953979492,35.13701248168945,34.276432037353516,29.85475730895996,26.126815795898438
f0844f0c727e05164d32a48e,candle,evaluation,46.51112747192383,44.522457122802734,42.286956787109375,32.645652770996094,26.81500816345215
44432f9b6735f9e80a62743b,candle,evaluation,31.798748016357425,30.720993041992188,30.328611373901367,28.31781578063965,25.721725463867188
a34a253dc1080c944e5fff96,candle,evaluation,38.07872009277344,36.89141082763672,35.48891067504883,29.419330596923828,24.568689346313477
b01dcc3fd008f4514189617a,candle,evaluation,41.7790412902832,40.07447052001953,38.73273468017578,33.666751861572266,27.093164443969727
1465cbb36ac902b4140e4c1d,candle,evaluation,42.58831787109375,42.01535415649414,40.8006477355957,34.10210037231445,26.82577133178711
88468c2928079c2e11f2b47a,candle,evaluation,46.83918380737305,44.79717254638672,42.88396072387695,34.14188766479492,26.401832580566406
2b6509024bae3e6bccca7363,candle,evaluation,54.97867584228516,52.86021041870117,50.9621696472168,40.9123420715332,30.36356544494629
9ad360eac4e01158c2e380a4,candle,evaluation,52.05247497558594,50.43733596801758,48.5210075378418,38.33386993408203,28.284400939941406
d73bdd44d7fda01fe8275bc9,candle,evaluation,36.93112564086914,36.29347610473633,35.433536529541016,29.956331253051758,25.025604248046875
ab9afeb16fd9a8853dee5274,candle,evaluation,31.5388126373291,31.094257354736328,30.500211715698242,28.00300407409668,25.005054473876953
2b7947bcdf5eb1937e18cad7,candle,evaluation,40.0872802734375,38.56198501586914,37.09981918334961,31.038555145263672,26.431774139404297
668fafb002ba2bedb08a302a,candle,evaluation,35.15166091918945,34.09238815307617,33.0678825378418,28.75973129272461,25.20746612548828
be7a0a3a57e6b9b1acf92d0b,candle,evaluation,35.261905670166016,33.84333801269531,32.39990234375,28.801803588867188,25.38481330871582
d4fed7dfb047418fbb3c000e,candle,evaluation,30.737682342529297,29.258310317993164,28.44153594970703,26.089344024658203,24.276891708374023
efee3baaddc2a0906e188def,candle,evaluation,33.29597091674805,32.77738952636719,31.95735740661621,29.805789947509766,26.78763771057129
fbcbceba9fd9123d01f3030e,candle,evaluation,33.918060302734375,32.973411560058594,32.635860443115234,30.880273818969727,27.721525192260742
b0080cf2c66a63e3093dff88,candle,evaluation,37.510498046875,34.95696258544922,33.08161544799805,27.984676361083984,24.8896484375
2cfa0214b5f2d2f4cb9d4013,candle,evaluation,42.24127578735352,40.82788848876953,39.25606155395508,32.662689208984375,27.161975860595703
66dc8ad1e500ba364d4213d5,candle,evaluation,30.999378204345703,30.456199645996094,29.64225959777832,27.61262321472168,25.52863883972168
8f0e247dce28bee97bc07c8b,candle,evaluation,35.66299057006836,33.98353576660156,33.052669525146484,29.972698211669922,25.61015510559082
b55d0e80a1d91603885be041,candle,evaluation,34.25232696533203,33.88392639160156,33.40066146850586,29.81166648864746,25.868000030517578
d998b10fcedcef4853cb56f1,candle,evaluation,35.01167297363281,34.21792221069336,33.01405334472656,28.588756561279297,25.921926498413086
25f27de6af83355048803af0,candle,evaluation,39.50370788574219,38.47987365722656,37.44975280761719,32.410526275634766,26.689891815185547
630dde95782ed7537300aa3e,candle,evaluation,51.760990142822266,50.17142105102539,48.71504592895508,41.598392486572266,31.522777557373047
2ae17c08f2618611a574a091,candle,evaluation,45.51820755004883,44.16635513305664,42.78056716918945,35.707908630371094,26.82434844970703
9566227abae86ed57cfee51a,candle,evaluation,57.295936584472656,55.960899353027344,54.66786575317383,48.089073181152344,34.8657341003418
3aaddddf417ac998f01f564f,candle,evaluation,55.22638320922852,54.21166229248047,53.584922790527344,48.28321075439453,34.915382385253906
fbf5ba916f7105bc36044471,candle,evaluation,47.34999465942383,46.34868621826172,45.5135612487793,41.026851654052734,31.308147430419922
164a61895f124d74a7c4405b,candle,evaluation,48.47257995605469,48.15221405029297,47.61810302734375,43.855491638183594,32.854835510253906
4cd51110d2020c2bfdf72e34,candle,evaluation,41.76820373535156,40.92886734008789,40.65419387817383,38.27190017700195,30.164159774780273
1957eccd65cb87cda25c940f,candle,evaluation,50.8123893737793,49.73716735839844,49.204345703125,46.11625671386719,36.62431335449219
a2ab71b18b170589f60cb9a1,candle,evaluation,37.67045974731445,37.01190948486328,36.31110382080078,33.958648681640625,29.60113525390625
bc57e888b248de105c8df944,candle,evaluation,48.467323303222656,47.55460739135742,46.635780334472656,41.14833450317383,30.356109619140625
c53dd2043d1837cc96845432,candle,evaluation,43.778263092041016,42.19390869140625,40.8428955078125,35.50912857055664,29.663711547851562
80cc2bdb921107826f71c3ff,candle,evaluation,42.61952972412109,41.28789138793945,40.28075408935547,36.83269119262695,29.75290870666504
da7ccb5a11536704b9bf106b,candle,evaluation,45.415164947509766,44.18363571166992,43.02141571044922,35.96772003173828,28.4064884185791
fa040b119c0dda16630297c2,candle,evaluation,45.96840286254883,45.30070114135742,44.479087829589844,38.99029541015625,30.575056076049805
3d38231c78d6540e798da39e,candle,evaluation,45.94083404541016,45.39888381958008,44.90259552001953,40.29780960083008,30.143516540527344
ab2efb527cf824d54854ead1,candle,evaluation,45.01685333251953,44.024654388427734,43.37173080444336,38.70813751220703,30.560304641723633
04c7bc4c4d076ed304e64942,candle,evaluation,48.0602912902832,47.197044372558594,46.1756706237793,39.39783477783203,30.82552719116211
e73dca61276a3f2c907d2512,candle,evaluation,50.4133186340332,48.660400390625,46.96337890625,37.558441162109375,28.536123275756836
311730124e71844f46e71f0e,candle,evaluation,50.426002502441406,49.60964584350586,48.59354782104492,40.96968078613281,29.819290161132812
4c34d07b1a724a2306c8048e,candle,evaluation,49.64996337890625,48.387874603271484,47.19008255004883,40.24901580810547,29.629758834838867
c8182918e7c3a2c4de94070d,candle,evaluation,50.88629913330078,50.13826370239258,49.096473693847656,41.62555694580078,30.1908016204834
3b705eaea187dc69831b6022,candle,evaluation,43.17714309692383,41.99139404296875,40.88394546508789,34.08766555786133,27.59491539001465
5a58f0b785aa7f090ae7826b,candle,evaluation,46.85443878173828,46.31825637817383,45.59832000732422,39.930538177490234,30.592134475708008
433fea52c6a7370fa6aeb8f5,candle,evaluation,55.12886047363281,53.514564514160156,51.8895263671875,41.05466842651367,29.4677734375
ed4350a04f216387973bdd6b,candle,evaluation,47.03678512573242,46.06232833862305,45.17076873779297,39.02381896972656,29.251619338989258
9c2e67c110da9dcd1c003b6b,candle,evaluation,53.35379409790039,52.038692474365234,50.4183235168457,40.79819107055664,30.408634185791016
5b7a35f2be4da81e6f199877,candle,evaluation,51.23820877075195,49.5994758605957,48.35872268676758,42.231204986572266,31.760894775390625
7c25547c8e25f6647a888898,candle,evaluation,42.47705841064453,41.98420333862305,41.49382781982422,39.40259552001953,31.68351936340332
3b04f439dbfad1e077c3e306,candle,evaluation,48.90824508666992,47.498146057128906,46.12257766723633,38.98210525512695,30.555925369262695
b43b95de4d0c97a22829d9ef,candle,evaluation,48.58429718017578,46.59701919555664,45.11483383178711,37.33342742919922,28.007572174072266
76192909eb93b254c213e39b,candle,evaluation,40.93001174926758,39.540950775146484,38.4031982421875,34.7253303527832,28.530359268188477
15d1b4999c94ed929aba6f73,candle,evaluation,46.04989242553711,45.118412017822266,44.68296813964844,40.582786560058594,31.25714683532715
1ba5359ad13a8a9089d50cb2,candle,evaluation,47.4161376953125,46.45095443725586,45.271446228027344,40.47844314575195,31.49922752380371
127520589c1faaae9b19ec3c,candle,evaluation,37.57520294189453,36.82684326171875,36.19676208496094,33.07432174682617,27.491575241088867
611be7471202b6452d9c2538,candle,evaluation,40.311012268066406,38.82966995239258,37.905574798583984,32.65488052368164,26.700984954833984
e24a04266cc632803bbc3009,candle,evaluation,54.25107192993164,52.422874450683594,50.8619499206543,43.174461364746094,31.728710174560547
bd259225d453ef914c123ac0,candle,evaluation,45.65088653564453,45.279720306396484,44.96364212036133,40.78645706176758,32.14623260498047
bfeb102980f53b94cff860a9,candle,evaluation,42.44663238525391,41.088523864746094,39.873634338378906,34.66533660888672,27.743301391601562
b963dc480a8a941790b51b9c,candle,evaluation,52.59769821166992,51.75626754760742,50.77666091918945,43.44295883178711,31.52410316467285
72e8307b91629e381b32e1f7,capsules,calibration,35.4036865234375,34.10608673095703,33.854095458984375,33.23090744018555,32.4194221496582
146c618853c1f49e4fe5f1b4,capsules,calibration,37.034088134765625,35.80974197387695,35.26344680786133,34.29777908325195,33.13075637817383
bd343a1cb20ef01c899108f1,capsules,calibration,39.45497131347656,38.09130096435547,37.03327560424805,35.09281539916992,33.72878646850586
7a5f1986d4406c07d967f00c,capsules,calibration,38.20901870727539,36.58531188964844,35.83016586303711,34.62884521484375,33.48566818237305
d1030e038c3741196d8f5d0c,capsules,calibration,37.64781951904297,36.38618087768555,35.7779655456543,34.23565673828125,33.04423904418945
e2f3f664d80eb941b4e4de69,capsules,calibration,39.51317596435547,37.37478256225586,36.90283966064453,35.999820709228516,34.813880920410156
bc70c0d0dd37ae5fd11655eb,capsules,calibration,37.53092575073242,36.584991455078125,35.979888916015625,35.03092956542969,34.06193542480469
c976f9a42b2d350291b2f1db,capsules,calibration,37.38115310668945,36.01869583129883,35.25049591064453,33.80070877075195,32.739707946777344
f8124e6185eca2b16c950de2,capsules,calibration,40.80696487426758,39.192237854003906,38.361698150634766,35.46016311645508,33.663448333740234
76c4de8e25f76c4fa2e367c3,capsules,calibration,38.40028762817383,37.12397766113281,36.48522186279297,34.940269470214844,33.377254486083984
37cc53368a48db45ad355685,capsules,calibration,36.84926223754883,35.59308624267578,35.402000427246094,34.60161209106445,33.40657043457031
41ed1c93e75bc8c689a7f654,capsules,calibration,37.83493423461914,36.83298110961914,36.339717864990234,34.79634475708008,33.2497444152832
7ae51c37ab854853cc53cff5,capsules,calibration,38.04253005981445,36.85157012939453,36.25047302246094,34.92414474487305,33.61476135253906
812cff0db57e7df870a3a293,capsules,calibration,38.52004623413086,37.358238220214844,36.841514587402344,35.483062744140625,33.9751091003418
bd70d35697b0c19b8306c9bc,capsules,calibration,39.489845275878906,37.7497444152832,36.72019958496094,35.1813850402832,33.83519744873047
af20d253bd55a6fe9c5ece4c,capsules,calibration,37.86164855957031,35.45654296875,34.78249740600586,33.529170989990234,32.7025146484375
602b3ef46a76603da33ba00e,capsules,calibration,37.449031829833984,36.54110336303711,36.35346603393555,35.262393951416016,33.39741897583008
a0db12097d461aeab2d32e07,capsules,calibration,38.20444488525391,37.246482849121094,36.86701583862305,35.45175552368164,33.799564361572266
d50e58c18fce5e92e55cd957,capsules,calibration,40.61481475830078,39.24467468261719,38.54494094848633,35.89624786376953,33.2950553894043
2c84e980c743129cd0195112,capsules,calibration,43.75924301147461,43.342960357666016,42.58322525024414,37.85273361206055,34.383636474609375
fe197d673c063e9d101df4cb,capsules,calibration,37.34809875488281,35.33274459838867,34.86288833618164,34.0833740234375,33.081886291503906
dd28b04f22e8a1df7b324a74,capsules,calibration,39.92286682128906,38.620052337646484,37.462406158447266,34.77431106567383,33.034297943115234
92b140421af13b130aaf8735,capsules,calibration,40.78929138183594,39.3369255065918,38.091190338134766,35.51231002807617,33.77035903930664
c2e6b06a90f32519aa44ebb6,capsules,calibration,37.19598007202149,35.932655334472656,35.555580139160156,34.58624267578125,33.399513244628906
09e0b6e30fcde8d2f54bf4c9,capsules,calibration,36.31240463256836,34.84358215332031,34.30844497680664,33.39991760253906,32.553611755371094
d861bfe05200244bd4faaf86,capsules,calibration,39.55243682861328,37.69272232055664,36.59385299682617,34.61940002441406,33.501182556152344
66b57ab47ae381dadc083545,capsules,calibration,36.20336532592773,35.05940246582031,34.741943359375,34.03590393066406,33.18486404418945
f70f635e24944566a8435a92,capsules,calibration,38.05523300170898,37.20541763305664,36.48869323730469,34.88449478149414,33.49917221069336
24ee535041cee94a25f2fdb5,capsules,calibration,36.79851913452149,35.99279022216797,35.57979202270508,34.58049392700195,33.348243713378906
db02f90c88a29db61d20ba62,capsules,calibration,39.240047454833984,37.45173645019531,36.70037078857422,35.06770706176758,33.76944351196289
104202d8105249aef86ff520,capsules,calibration,39.633880615234375,37.86711883544922,36.613746643066406,34.87914276123047,33.55878448486328
1b33480f8aea3be16cb6a2d8,capsules,calibration,39.7812614440918,38.721527099609375,38.243919372558594,35.83753204345703,34.05337142944336
3facff53d495e28f01bd0949,capsules,calibration,39.62689208984375,37.820098876953125,36.69967269897461,35.491519927978516,34.08808898925781
458e337e4cf943748142918d,capsules,calibration,36.13542175292969,34.78110885620117,34.4305534362793,33.785667419433594,33.019649505615234
96927573e4456c2314cebcec,capsules,calibration,36.94799041748047,35.465660095214844,35.13563537597656,34.32038879394531,33.36774826049805
0d8fb53cb46104723849863f,capsules,calibration,39.59156799316406,38.54553985595703,37.508113861083984,35.00877380371094,33.5990104675293
3e0fcdbef073fb82a436537c,capsules,calibration,37.67959213256836,36.44550704956055,35.93867874145508,34.750675201416016,33.569698333740234
62831272a8e56ca1a97f4d0b,capsules,calibration,37.81642150878906,36.09912109375,35.20207214355469,34.04580307006836,32.994834899902344
710cfb90aff8a37f307c8efa,capsules,calibration,37.59391403198242,36.89602279663086,36.47223663330078,35.289695739746094,34.00062942504883
0845266d6be0fd688dc17242,capsules,calibration,39.551055908203125,38.193443298339844,37.35301971435547,35.551918029785156,34.04703140258789
ec7c077c565d2d5ecfbbd274,capsules,calibration,36.23166275024414,34.73890686035156,34.424713134765625,33.7982292175293,33.00086212158203
5565905bcc19ab896b7abda1,capsules,calibration,37.450138092041016,36.55952453613281,35.699275970458984,34.165748596191406,33.09964370727539
8c4486b7bb56d7ea213e520e,capsules,calibration,38.93700408935547,37.49420166015625,36.905784606933594,35.31534957885742,33.78146743774414
554f81b2fbe028b702ce16c8,capsules,calibration,41.31160354614258,39.41226577758789,38.265438079833984,35.25625991821289,33.62325668334961
e59106c6f4439c29fc0c3c5a,capsules,calibration,40.02412414550781,38.28651809692383,37.83525085449219,36.63105010986328,35.04616928100586
12ba1308e47a4f1dc1747127,capsules,calibration,43.50367736816406,42.475982666015625,41.7442626953125,38.38349914550781,35.666259765625
9aa7652eeb14ec0d482dc6f8,capsules,calibration,37.46807861328125,36.040985107421875,35.093448638916016,33.92216491699219,32.9216194152832
d7142ef128f89b8e288f0838,capsules,calibration,38.64849853515625,37.01824951171875,36.137752532958984,34.808502197265625,33.65202713012695
047db873a05810fcda286a47,capsules,calibration,41.29560852050781,40.498130798339844,39.07421112060547,35.477760314941406,33.53994369506836
d3e571d09c9fc01809f2a8e7,capsules,calibration,39.17115020751953,37.71954345703125,37.05192184448242,35.46268081665039,34.13443374633789
9f7560b521f55709997b5d14,capsules,calibration,39.538612365722656,38.218013763427734,37.51670837402344,35.8499641418457,34.3892936706543
89f13d36b4756af4ec506b16,capsules,calibration,43.01324844360352,42.00822067260742,40.86700439453125,36.03533172607422,33.786720275878906
173701949d743b7b1d521070,capsules,calibration,36.17078399658203,35.28860855102539,34.923458099365234,34.164005279541016,33.3686408996582
62098a3250d0be03ef8be353,capsules,calibration,38.72160339355469,37.35930252075195,36.851444244384766,35.41732406616211,34.15957260131836
1f9d63139f3b6ecb2d4b6e65,capsules,evaluation,36.15711975097656,35.02809143066406,34.70228958129883,33.95599365234375,33.022705078125
2a1ff0250299abe415b0a6a8,capsules,evaluation,37.341251373291016,35.68808364868164,34.943885803222656,33.88050079345703,32.86634063720703
fc0cf164e26c8cf8877c0d35,capsules,evaluation,38.24631118774414,36.54899215698242,35.666988372802734,34.443199157714844,33.33503341674805
0f78e1718fe95a9f71163e8b,capsules,evaluation,39.05571365356445,37.74052429199219,37.23371505737305,35.612205505371094,34.075279235839844
fc24aa4f3263f422dcb7c715,capsules,evaluation,38.66021728515625,36.94026565551758,35.775657653808594,34.005435943603516,32.95058059692383
3f3513e83cb3694e5e2368c3,capsules,evaluation,38.739654541015625,36.95387268066406,36.27664566040039,35.14573287963867,33.643463134765625
f05f036ede610532be09d76e,capsules,evaluation,35.653564453125,34.8829231262207,34.60554122924805,33.82963562011719,32.853797912597656
d0379a9180e91a5a41fe6533,capsules,evaluation,39.07509231567383,37.30033493041992,36.630977630615234,35.31218338012695,33.7122688293457
cb7a71a0e6cead7955da2eae,capsules,evaluation,36.65154647827149,35.26262283325195,34.68854522705078,33.80089569091797,32.899723052978516
72b71eb729a3c426f8204d4e,capsules,evaluation,44.15040969848633,43.33722686767578,42.01898193359375,36.4948844909668,33.93353271484375
034819db59fed268623329cd,capsules,evaluation,42.11896896362305,39.93728256225586,38.89262390136719,36.09508514404297,33.782257080078125
7a230c57fc497a7942b657c9,capsules,evaluation,37.26739501953125,36.357505798339844,35.66972732543945,34.47958755493164,33.2427864074707
3c0358d9a587616925762eba,capsules,evaluation,36.61846160888672,35.870304107666016,35.258140563964844,33.86366653442383,32.75693893432617
4e4129ce59c5b23e7966a9dc,capsules,evaluation,40.10507583618164,38.343963623046875,37.573646545410156,35.162574768066406,33.71371078491211
95045a0b8c6559c805814131,capsules,evaluation,37.4165267944336,36.569496154785156,35.94514846801758,34.74617385864258,33.4720458984375
0632f91792b863bb94bb5ecb,capsules,evaluation,36.87445068359375,35.57258224487305,35.336490631103516,34.56114196777344,33.602378845214844
b5b98054d664d87d25633916,capsules,evaluation,39.138309478759766,38.2363166809082,37.84830093383789,36.66453170776367,34.73443603515625
b47a60df54a4977f9ce92b2b,capsules,evaluation,39.274993896484375,38.033626556396484,37.459808349609375,35.99702453613281,33.96763610839844
c20357e7e5ff08ec08b7fd24,capsules,evaluation,36.86139678955078,35.714256286621094,34.93831253051758,33.965126037597656,32.84303665161133
f7bcbf59a9b8484694cdb240,capsules,evaluation,40.43091583251953,38.8029670715332,38.092525482177734,36.200435638427734,34.190425872802734
993bbc7c34cbc4cd0a7a69f1,capsules,evaluation,37.736629486083984,36.221900939941406,35.78520202636719,34.8587760925293,33.63669204711914
ad56d3a2dc1a35d6b49bebbe,capsules,evaluation,37.93414306640625,36.90521240234375,36.26443862915039,35.04704284667969,33.72682571411133
a9facbbe95d6f95d2ab4156c,capsules,evaluation,36.74640655517578,35.77340316772461,35.258060455322266,34.169227600097656,33.09454345703125
ddeed004d43b3352a536206d,capsules,evaluation,38.12153625488281,36.762935638427734,36.086456298828125,34.65715408325195,33.432647705078125
571b5e6b0110c155c8df2001,capsules,evaluation,42.57018661499024,40.758453369140625,39.73178482055664,36.73676300048828,34.2415885925293
0dc091049dc0a1f03092bd10,capsules,evaluation,39.56839370727539,38.02803421020508,37.55329513549805,35.9057731628418,33.90513610839844
c2658c539bd3c21a9e531574,capsules,evaluation,40.27891540527344,39.55555725097656,38.473968505859375,35.08586120605469,33.26924514770508
66167a0394c64f20fe5ca043,capsules,evaluation,38.5615119934082,37.56596374511719,37.0363655090332,35.44270324707031,33.79216766357422
4c49244a247a2e654beb2d37,capsules,evaluation,36.45602416992188,34.93346405029297,34.52445983886719,33.71821975708008,32.900413513183594
ba7cbfefd938ed0b085eb679,capsules,evaluation,37.89542007446289,36.79763412475586,36.11573028564453,34.787269592285156,33.50230026245117
c4875df92247435722e75520,capsules,evaluation,42.415748596191406,41.02436065673828,40.10055923461914,36.14811706542969,33.9632682800293
89d7d4f1eecf2fe7363e620a,capsules,evaluation,38.106590270996094,37.23379898071289,36.57545852661133,35.0887451171875,33.46797561645508
8847ccc457b0dee3ac1f0d85,capsules,evaluation,36.46250915527344,35.18832015991211,34.638851165771484,33.988059997558594,33.06462097167969
ea17449718f9ea9c1bb75b4b,capsules,evaluation,37.26736831665039,36.22586441040039,35.805809020996094,34.75025939941406,33.55189514160156
33c5b07f6aec728b4ad1b85d,capsules,evaluation,37.64438247680664,36.3314208984375,35.95733642578125,34.66063690185547,33.14897537231445
a2148a205b0e9d1694b789be,capsules,evaluation,37.33297729492188,36.14891815185547,35.402870178222656,33.983726501464844,32.97357177734375
4d2ae85cd54a528ae30799d5,capsules,evaluation,37.43440628051758,36.19350051879883,35.7987174987793,34.616905212402344,33.31619644165039
331cdf0473bcf0edee82152a,capsules,evaluation,36.76372528076172,35.39226150512695,34.69617462158203,33.77805709838867,32.724334716796875
5ca3e26cdf8ec996bf20a8c0,capsules,evaluation,36.24888610839844,35.49938201904297,35.0126838684082,34.241798400878906,33.124446868896484
2f0ead59b8a7bf775ff20d23,capsules,evaluation,36.74990463256836,35.687782287597656,35.39898681640625,34.37213897705078,33.0523567199707
4680fa8cd352c5b8904b1d1e,capsules,evaluation,37.85856628417969,36.872615814208984,36.529632568359375,35.07887268066406,33.682960510253906
fabfa0806f31fb0b0e9b6820,capsules,evaluation,36.320404052734375,35.2392578125,35.01884841918945,34.29635238647461,33.392356872558594
03d8ab7c6352f052febc78e0,capsules,evaluation,38.823638916015625,37.95703887939453,37.43046569824219,36.0065803527832,34.30027389526367
1a194723ee0217fa9e1c4eec,capsules,evaluation,37.22775268554688,35.93688201904297,35.34891891479492,34.30076217651367,33.39035415649414
3b5677861dc39d67411e6e62,capsules,evaluation,37.46731185913086,36.51152801513672,36.17131805419922,34.5596809387207,33.410091400146484
55080f795d40470330594c74,capsules,evaluation,37.460079193115234,36.519508361816406,35.53120422363281,34.61663818359375,33.57942199707031
8a8f0197af2bec8b65c68c3d,capsules,evaluation,41.94508361816406,40.82042694091797,40.27510070800781,36.69862747192383,34.00306701660156
aa96b788fd82bfd2356e2c5d,capsules,evaluation,35.909603118896484,34.8666877746582,34.36460494995117,33.50128936767578,32.52887725830078
75b76f92baf111686d85176c,capsules,evaluation,36.842079162597656,36.09482192993164,35.5723991394043,34.409278869628906,33.53205108642578
e0a9a2323b7d6473c2393403,capsules,evaluation,40.392974853515625,38.25251388549805,36.97761154174805,35.07221984863281,33.791015625
a011ef8008d602d3710fc5f4,capsules,evaluation,45.55972671508789,44.580772399902344,43.690128326416016,41.22884750366211,39.34712219238281
d284db387469b189bb5e02d0,capsules,evaluation,39.94926071166992,38.942176818847656,38.112937927246094,36.104454040527344,34.12363815307617
b9c0e7d9b6acb63e821abeac,capsules,evaluation,35.864585876464844,34.9389533996582,34.6546630859375,34.098941802978516,33.2637939453125
c43b53947956787e8076f2fd,capsules,evaluation,40.92670822143555,39.38642120361328,38.244876861572266,35.48390579223633,33.85565185546875
c9d414441e5e2d178b6a7d32,capsules,evaluation,40.26846694946289,38.580474853515625,37.43486404418945,35.25282287597656,33.583805084228516
87a325782db911dfacd1361d,capsules,evaluation,38.0297966003418,36.49363708496094,36.247703552246094,35.44520568847656,34.10054397583008
99dca3fe9c96e8d6eaf14a4b,capsules,evaluation,36.93128204345703,35.11088943481445,34.58305358886719,33.316688537597656,32.45088577270508
32fc02f2435739aa802dfd08,capsules,evaluation,36.00605392456055,34.49759292602539,34.170326232910156,33.34174346923828,32.56492233276367
5ad436e4557f4981e0b732cf,capsules,evaluation,37.40974807739258,36.02045822143555,35.52183151245117,34.2086296081543,33.07942199707031
1bfcf025d1a0e6201d1bcbfe,capsules,evaluation,38.379791259765625,37.02109146118164,36.16891098022461,34.257781982421875,33.04234313964844
f101fd3229a85499e4a69947,capsules,evaluation,39.616973876953125,38.80139923095703,38.15602493286133,35.26408767700195,33.625186920166016
718484fc3c551eb152d8c2b4,capsules,evaluation,47.044219970703125,44.73767852783203,42.82696533203125,37.35669708251953,34.44768142700195
85945f69dd67b5684f68a99b,capsules,evaluation,44.15780258178711,42.49253463745117,41.568328857421875,37.321563720703125,34.497127532958984
a258cc393006a1a04bbbe20f,capsules,evaluation,48.4256477355957,47.110206604003906,45.35895919799805,37.52009582519531,33.736419677734375
906bc6e642b1cf0750840cd7,capsules,evaluation,46.64061737060547,44.41876983642578,42.8191032409668,37.39874267578125,34.170257568359375
ed4da152dc4341d6f32eed14,capsules,evaluation,43.58738708496094,41.46484375,40.99833679199219,39.54727554321289,37.65928649902344
fc3ae0173aab74bb4fc58582,capsules,evaluation,47.148738861083984,45.86304473876953,44.27082061767578,38.18034362792969,34.222755432128906
0d3deca4b0e32e2057cae97f,capsules,evaluation,45.34322738647461,44.615482330322266,43.020774841308594,36.646812438964844,33.6231575012207
8704aeb2018ef5778370ecfb,capsules,evaluation,42.46881484985352,40.72517395019531,39.2155876159668,36.236263275146484,34.39706039428711
50f75b7d2a73acc1a847da2e,capsules,evaluation,55.25685501098633,52.73798370361328,50.46524429321289,45.17131042480469,39.10441970825195
19ac65f02264b423eb5c985f,capsules,evaluation,45.41193008422852,44.03739929199219,42.87684631347656,40.94612503051758,37.33964157104492
740a5ee8c5f4192bf3babfd2,capsules,evaluation,45.60957336425781,44.500694274902344,43.500022888183594,40.09467315673828,35.74510955810547
126ea6ab4ad2ded6c054b50d,capsules,evaluation,40.884578704833984,39.617889404296875,38.525726318359375,35.087425231933594,33.325931549072266
9b6a68e10e1ef898048e3c49,capsules,evaluation,39.11640548706055,38.228492736816406,37.636131286621094,35.670982360839844,34.14917755126953
bf3f8db49f5ecd2ddea8928d,capsules,evaluation,46.09894180297852,44.40115737915039,42.902618408203125,39.89638900756836,35.95711135864258
0230568537d49a20054718fc,capsules,evaluation,47.63846969604492,45.63111877441406,43.567359924316406,39.159812927246094,36.079017639160156
63040d0286b32baf387aef98,capsules,evaluation,51.58399200439453,49.492313385009766,47.27735900878906,40.930599212646484,35.239646911621094
3fe04fe0823a2d706add53c0,capsules,evaluation,50.70099639892578,48.81243896484375,46.704978942871094,38.58101272583008,34.2254524230957
5b527561d5fe5bb2dcac2cd6,capsules,evaluation,55.38261032104492,52.060211181640625,49.450584411621094,40.400230407714844,35.36429214477539
7d83ef8609fe05e220983875,capsules,evaluation,50.28750991821289,48.79668426513672,47.401065826416016,40.17123794555664,35.45844268798828
42aeac834a78b48dab8e0b27,capsules,evaluation,46.94094467163086,45.883121490478516,44.27830123901367,37.852630615234375,34.30143737792969
09dc9cfb0f5f0c6e5358d145,capsules,evaluation,45.89023208618164,44.59433364868164,43.479591369628906,39.37044906616211,34.5429801940918
35ed1b29dc27265ecc7a2bb5,capsules,evaluation,47.60691452026367,45.57514572143555,43.469505310058594,36.552032470703125,33.859683990478516
45dd9375e0018b2b01b0ca8e,capsules,evaluation,40.86074066162109,39.47554016113281,38.9671516418457,36.868751525878906,34.37758255004883
43c3e7b030bf71e4a1e156d7,capsules,evaluation,44.703739166259766,43.2414436340332,41.8523063659668,38.823768615722656,35.89667510986328
c36619b63c9043eed4c5849b,capsules,evaluation,51.43600082397461,49.18016052246094,47.215087890625,39.71030044555664,36.21541976928711
6d5929d061d0833f7db7f212,capsules,evaluation,45.56634521484375,44.96992874145508,43.87293243408203,39.33158874511719,34.996883392333984
25af3dad41b1dd1d352cfeb9,capsules,evaluation,37.65052795410156,36.49538803100586,36.16331481933594,35.11629104614258,33.75393295288086
b55514a565c6afe55eec2519,capsules,evaluation,47.02627182006836,45.57542037963867,43.809688568115234,38.496280670166016,35.44781494140625
42e847a39519793337b1bcc3,capsules,evaluation,35.929725646972656,34.80949020385742,34.38606643676758,33.69820785522461,32.78009796142578
721f15c7da361dff53afdf8c,capsules,evaluation,47.283729553222656,44.89376449584961,42.97290802001953,37.21279525756836,34.245323181152344
c2901b191e7526e7a08e1eea,capsules,evaluation,42.22965240478516,40.3272705078125,39.5068473815918,37.376705169677734,34.15094757080078
62b5760cd361553de8da2449,capsules,evaluation,39.6675910949707,38.54694747924805,37.948394775390625,36.18994140625,34.52919387817383
81bcf0781bf56862fae25e1a,capsules,evaluation,39.75559997558594,38.49663543701172,37.69105911254883,36.36882019042969,34.54418182373047
55ad57b3e25e9cd7d640dbfe,capsules,evaluation,38.70367431640625,37.417701721191406,36.81751251220703,35.12401580810547,33.391456604003906
9ffaa14ec0fab9931f2cb5c3,capsules,evaluation,48.08131408691406,44.85274124145508,42.881412506103516,37.180702209472656,34.83401870727539
98aea145bbef2f2f060d0a8b,capsules,evaluation,42.65789413452149,41.662899017333984,40.8022346496582,37.319175720214844,35.118412017822266
3b66f59f9c5ac43c885e27ed,capsules,evaluation,42.02716445922852,40.34281539916992,38.98577880859375,35.62938690185547,34.1199836730957
80c79373680ca72bd693d783,capsules,evaluation,46.45306396484375,44.72522735595703,43.268306732177734,37.6068115234375,34.5717887878418
30f48754fa679c36708dda03,capsules,evaluation,39.1636848449707,38.09815979003906,37.23167037963867,35.40148162841797,34.2151985168457
7de613b617ed3cbafbc6b3c9,capsules,evaluation,42.28926849365234,40.142398834228516,39.22234344482422,36.14476013183594,33.739322662353516
71af10410082da9596ced49b,capsules,evaluation,36.4439811706543,35.21139907836914,34.859798431396484,34.116580963134766,33.15481185913086
e29e79ba3e27a55803f6acea,capsules,evaluation,39.94953918457031,39.01008224487305,37.8250617980957,35.20000076293945,33.77667236328125
804fa77a446eb0413bbb56f8,capsules,evaluation,44.908599853515625,42.69294738769531,40.983699798583984,36.27129364013672,34.004051208496094
346c5897461de3a44f7daf03,capsules,evaluation,40.51139450073242,38.79405975341797,38.41959762573242,36.63443374633789,34.40841293334961
05b91854e3218bb7fff74ab9,capsules,evaluation,54.65210723876953,53.487327575683594,52.57443618774414,47.8719596862793,38.96638107299805
efaa48865bd8733baeea305f,capsules,evaluation,51.5930290222168,50.93092727661133,49.840946197509766,44.9588508605957,37.70058059692383
fa8b1a5066d24b182917e091,capsules,evaluation,53.369571685791016,51.90939712524414,50.697471618652344,47.77096939086914,39.00544357299805
1aea693e1f4615c67d9117cd,capsules,evaluation,56.89656066894531,55.67958068847656,55.06155014038086,51.575645446777344,40.419029235839844
074325c08472083d737fcba6,capsules,evaluation,51.75508117675781,51.25189208984375,50.94822311401367,47.8203239440918,38.74094009399414
2a7e6ad0e13612f0c7fcb2d0,capsules,evaluation,53.24065399169922,52.327613830566406,50.95994186401367,47.16160202026367,42.19901657104492
fdc91d030e27f69309e2cc82,capsules,evaluation,56.710968017578125,55.114418029785156,54.225379943847656,49.28034591674805,38.026771545410156
c6a064efd1864d8a74744a35,capsules,evaluation,52.576751708984375,51.894378662109375,51.23018264770508,46.91170120239258,37.50635528564453
edb69f8b12ecaa270a8cd4f2,capsules,evaluation,50.82233428955078,48.852516174316406,47.326080322265625,42.251949310302734,36.61359405517578
367825824fbf202a48c58ab2,capsules,evaluation,56.28583908081055,54.678932189941406,53.45047378540039,47.62510681152344,38.78083038330078
7c1b1c4c5673ab73918750cb,capsules,evaluation,52.86006927490234,51.29702377319336,50.063934326171875,45.478599548339844,36.73469543457031
49d11e476e0c779cef4550b9,capsules,evaluation,54.01028823852539,53.006446838378906,52.565975189208984,47.92448425292969,39.11686325073242
39e7cd68f53b712ca8b8f1df,capsules,evaluation,57.67624282836914,55.84498977661133,54.3081169128418,49.63328170776367,43.35555648803711
928c5a36a36da37b5f9d1f90,capsules,evaluation,52.895145416259766,51.3129768371582,50.15553665161133,47.39594268798828,38.06781005859375
d579527da6cfe5dbe0a1e2ca,capsules,evaluation,52.55862808227539,51.71165466308594,51.36943054199219,48.27259826660156,37.964935302734375
8eb64ff5814eafd0aa3f1144,capsules,evaluation,55.26019287109375,54.13502502441406,52.905242919921875,47.016048431396484,37.323482513427734
f4204410b976824fb49a7187,capsules,evaluation,52.84079360961914,52.48788070678711,51.85655975341797,46.06748962402344,37.046783447265625
c6422a5d81dfc9f98364e959,capsules,evaluation,58.82527160644531,57.39176940917969,56.00069046020508,50.6920051574707,38.42952346801758
8a082ff8154b35e3ddade297,capsules,evaluation,50.99743270874024,49.76906967163086,48.869781494140625,46.852725982666016,40.25551986694336
38e48d375151c434affdea91,capsules,evaluation,57.13952255249024,56.45423126220703,55.4925651550293,49.962005615234375,41.43896484375
cd0b7ac8eb7457bdf41f885a,capsules,evaluation,50.7777214050293,50.32289505004883,49.6767692565918,44.094871520996094,36.589576721191406
ec5a449b5eefaff119825918,capsules,evaluation,42.2619514465332,41.42548751831055,41.0210075378418,37.95036697387695,34.6198616027832
0e3e18366515ae2514a8e77d,capsules,evaluation,50.41484451293945,49.27668380737305,48.33130645751953,45.26154708862305,37.25966262817383
d0eb64421295aa0bcc678ab8,capsules,evaluation,54.90934371948242,54.23634338378906,53.56981658935547,48.78962707519531,39.79780578613281
77defa5063eedec887997eb2,capsules,evaluation,54.97553253173828,53.82808303833008,53.38331604003906,50.00157165527344,42.495033264160156
7668cac7cf3127b106685eca,capsules,evaluation,60.01604461669922,59.4636116027832,58.78054428100586,52.24552917480469,39.904762268066406
1e834e3ec0a0f99cc61db643,capsules,evaluation,60.12653732299805,59.39875793457031,58.30937194824219,52.259010314941406,39.25575637817383
0b38ea5bd86c4923a78bc374,capsules,evaluation,58.62532424926758,58.16559982299805,57.56267166137695,52.279457092285156,41.154361724853516
8413c67bf75249480fff74f6,capsules,evaluation,59.996219635009766,59.2685546875,58.77916717529297,54.15681457519531,42.279075622558594
3c74e62c8d3924662e67cd75,capsules,evaluation,54.39787673950195,53.62846374511719,52.96012496948242,49.64299011230469,39.09754180908203
ccf5db34214f8a47bd3d9d28,capsules,evaluation,59.95624923706055,59.51533126831055,58.59207534790039,52.55461120605469,39.685813903808594
c57e44b3346aa5e39fc1f089,capsules,evaluation,58.1957893371582,56.29413986206055,54.61783218383789,48.248443603515625,38.25501251220703
747508bd75973f9def4f00a9,capsules,evaluation,57.53165054321289,56.684844970703125,55.76492691040039,51.01250076293945,39.4770622253418
ed855d61c593ddac773b16e3,capsules,evaluation,49.70697784423828,48.8940315246582,48.12392044067383,45.37133026123047,37.98527908325195
9c14550990169152bef6e22a,capsules,evaluation,57.9394760131836,56.96987533569336,56.164283752441406,50.271488189697266,39.14616012573242
1231df93803c72ad88984451,capsules,evaluation,56.74406814575195,56.0633544921875,55.44641876220703,50.56484603881836,39.963558197021484
6f06d90ad80841cb588a5caf,capsules,evaluation,51.29685974121094,48.885982513427734,47.121604919433594,41.71504592895508,36.90407180786133
6f89fb3b1474729f2e89063a,capsules,evaluation,53.16964340209961,52.13912582397461,51.3109245300293,46.67936325073242,40.383243560791016
690c94ddc3eb0acc0d7ac268,capsules,evaluation,56.79972839355469,56.15351867675781,55.554744720458984,51.94609832763672,45.061187744140625
63d72d4c3d76aa492c2db741,capsules,evaluation,55.96294403076172,55.18733215332031,54.55946731567383,50.29563522338867,39.16857147216797
2dcba40fe36bbfa17f56a50c,capsules,evaluation,50.26922607421875,48.93682861328125,47.933841705322266,41.860435485839844,35.46945571899414
5eaa195ea317cabd8658d9e5,capsules,evaluation,47.13441848754883,46.1126594543457,45.19328689575195,39.18623733520508,34.812904357910156
ec4e2218a0ba582042b6b5bb,capsules,evaluation,41.5627326965332,40.053348541259766,39.142860412597656,36.14445877075195,34.28292465209961
37d915e603b9ccdd2eab691d,capsules,evaluation,42.98151016235352,41.65290832519531,40.58050537109375,37.24784851074219,34.535430908203125
3d1ac6166461c3ade74fcc1a,capsules,evaluation,45.79585647583008,43.699974060058594,42.019264221191406,37.5018310546875,35.217105865478516
8464956cf1c5d0f0c6546da1,capsules,evaluation,43.91810989379883,43.02839660644531,41.40233612060547,38.36729431152344,35.384925842285156
a1ee847507401a76c6f0e428,capsules,evaluation,40.08510208129883,39.45408630371094,38.89708709716797,36.17955780029297,34.0880241394043
9d8aa15592ea05df0ee5d4d6,capsules,evaluation,45.334354400634766,44.05240249633789,43.34230041503906,39.54179000854492,35.66880416870117
50f664187194dfa448be093d,capsules,evaluation,44.889347076416016,44.14573669433594,43.376609802246094,38.465572357177734,34.73527908325195
1105707fa54824973b85fcd2,capsules,evaluation,45.82356643676758,43.55647277832031,41.95048141479492,37.176387786865234,34.6561279296875
e290027671c01f76b8bcf690,capsules,evaluation,47.37737274169922,46.23847961425781,45.03630828857422,39.817440032958984,36.49056625366211
64587f67aef7ad1557251435,capsules,evaluation,50.036468505859375,47.94102478027344,45.993560791015625,39.35976791381836,35.24898910522461
a41ee7bc6d532342670c3c50,capsules,evaluation,47.70200729370117,44.91791915893555,43.18181228637695,36.761009216308594,34.1196174621582
a2f26a5fbd8b77618e5176d2,capsules,evaluation,48.13589477539063,46.11654281616211,44.18893814086914,36.946224212646484,33.90266418457031
c8c14f6187a0f1c4e341d7e2,capsules,evaluation,43.97772979736328,43.356353759765625,42.561134338378906,37.34999084472656,33.629913330078125
ab59854d0906455c84d40545,cashew,calibration,32.06725311279297,31.396156311035156,31.224660873413086,30.466751098632812,29.389347076416016
7ae53b7ee78ec4f48bfd58bc,cashew,calibration,30.04425430297852,28.844974517822266,28.5530948638916,28.042232513427734,27.434429168701172
7bde8fc08be9d473d6e46fd2,cashew,calibration,32.32860565185547,31.869043350219727,31.301652908325195,30.130184173583984,28.893136978149414
f7179e48e6a8018194d44f0c,cashew,calibration,34.681007385253906,33.54047393798828,32.50407791137695,29.78282928466797,28.32000732421875
eb0c371ae29dfb2ae77d4082,cashew,calibration,32.4739875793457,31.23234748840332,30.673402786254883,29.114177703857422,27.910913467407227
ce245b8ce50430bdb84a2522,cashew,calibration,37.00919342041016,35.947021484375,35.28972625732422,32.06294250488281,29.53171157836914
d9ba9d33be4b953210765327,cashew,calibration,34.06790542602539,33.453514099121094,32.979854583740234,31.11975860595703,28.895395278930664
9f4360aab3f22d6d1d7ba172,cashew,calibration,30.17755508422852,29.234420776367188,28.776437759399414,28.109683990478516,27.421127319335938
0a3f4efacc8c080b5e45f1e3,cashew,calibration,30.613121032714844,29.71157455444336,29.234355926513672,28.4446964263916,27.738130569458008
1df4ee66b6f32f1a078f9bda,cashew,calibration,30.380077362060547,29.85140609741211,29.158790588378906,28.095073699951172,27.35344886779785
c0b852050241668970496edf,cashew,calibration,40.22467422485352,38.654109954833984,37.50618362426758,32.489158630371094,29.2402400970459
97b013d33eb84eb49e3eaa81,cashew,calibration,34.80369567871094,32.73904037475586,31.498462677001953,29.30402374267578,28.285112380981445
b041c5aac8278561e6bcb38a,cashew,calibration,30.805519104003903,29.856050491333008,29.574705123901367,28.96819496154785,28.22425651550293
01ee342dfd5b8354b1aea66e,cashew,calibration,31.685932159423828,30.040542602539062,29.87101936340332,29.260326385498047,28.378442764282227
e61b4a192ef60698eb3248ee,cashew,calibration,30.999834060668945,30.285978317260742,29.833391189575195,28.890560150146484,28.040843963623047
6951c91b111281adff7cce00,cashew,calibration,30.18293571472168,29.59465217590332,29.27698516845703,28.49813461303711,27.626237869262695
647d3af05bdafc9bf8a852a6,cashew,calibration,33.06437301635742,31.805309295654297,31.12543487548828,29.67361831665039,28.627092361450195
344f885b7c547eb7711c6bd8,cashew,calibration,38.13666915893555,37.59123229980469,37.195526123046875,35.778587341308594,31.870410919189453
28ffc27c6e8ec847a133f404,cashew,calibration,31.368616104125977,30.45996856689453,30.109088897705078,29.300018310546875,28.355236053466797
8eea66e5c1cb3f4b38fa7a45,cashew,calibration,30.806005477905277,30.318923950195312,30.041616439819336,29.277984619140625,28.399599075317383
043a19ecad6b6e632a61de6e,cashew,calibration,32.55683517456055,31.633668899536133,30.9067440032959,29.452760696411133,28.4581298828125
0262cbcec5e1cd0d258765b7,cashew,calibration,33.763301849365234,32.80631637573242,32.196590423583984,30.546934127807617,29.01750373840332
112b7a19f164b02addb8b832,cashew,calibration,31.856298446655277,31.068740844726562,30.585607528686523,29.456510543823242,28.351837158203125
cc8a2e0e8da234d63b3424ab,cashew,calibration,31.415061950683597,30.757568359375,30.40598487854004,29.619169235229492,28.2198486328125
7b519b7b774e161dbfdccf0d,cashew,calibration,33.46253967285156,32.08899688720703,31.541505813598633,29.954763412475586,28.626211166381836
e5bd90bc21cc9a3ab40082be,cashew,calibration,35.4835319519043,34.75654602050781,33.916046142578125,31.715627670288086,30.307884216308594
c726e527b7020e2aeb8dadd6,cashew,calibration,30.72471237182617,30.188644409179688,29.80453872680664,28.56713104248047,27.65223503112793
45e6ba5641acbdec83b0a2a7,cashew,calibration,30.24991226196289,29.619251251220703,29.38351821899414,28.798227310180664,28.080026626586914
14babdb5dce488da2e9a34ad,cashew,calibration,34.47774887084961,33.753631591796875,33.376625061035156,31.2733211517334,29.260520935058594
edb1c9e27821a1fce39bdda8,cashew,calibration,30.54340362548828,29.673471450805664,29.25942039489746,28.552942276000977,27.952186584472656
3b9b86dbd9a1f1f9414d782e,cashew,calibration,34.179927825927734,32.9785041809082,32.51165771484375,31.728792190551758,30.82170295715332
cd86224b1ba9e8aba5fb9bec,cashew,calibration,31.03459930419922,30.318262100219727,29.747604370117188,28.725313186645508,28.05359649658203
e61ab00b596ac59fd9337ca5,cashew,calibration,33.34515380859375,32.22442626953125,31.6389102935791,30.361787796020508,29.049434661865234
86e2f8e34d83f9fa6085fb72,cashew,calibration,31.44509506225586,30.586933135986328,30.269508361816406,29.166318893432617,28.233600616455078
a89c9bdbed1b2abbd6b2de9e,cashew,calibration,30.97908973693848,29.689268112182617,29.463115692138672,28.697872161865234,27.75015640258789
cab103538a7720c28468a45f,cashew,calibration,31.88843536376953,31.57643699645996,31.1538143157959,29.952482223510742,28.63734245300293
e9f6cc9806a819978daa11d3,cashew,calibration,31.55458641052246,30.352725982666016,29.948841094970703,28.935216903686523,27.741491317749023
f6f9f0af66b2cd74aef75336,cashew,calibration,33.094696044921875,31.848514556884766,31.013334274291992,29.186758041381836,27.972898483276367
a0dc6473059776e91c5e83b8,cashew,calibration,31.07624244689941,30.40427017211914,29.928499221801758,29.112247467041016,28.301137924194336
4057fbed4c88ff180fbd60c0,cashew,calibration,30.88687896728516,29.807329177856445,29.46268653869629,28.945281982421875,28.20220947265625
aa3cae68e49201500e5ca710,cashew,calibration,32.1677360534668,31.563169479370117,31.069129943847656,29.325719833374023,28.24756622314453
ed4be3c7c7ec540f02d933c0,cashew,calibration,35.69657516479492,35.066734313964844,34.847774505615234,33.11623764038086,31.061676025390625
e88d3a3c4ecbb8a1a7fd9b59,cashew,calibration,31.27436828613281,30.3748722076416,30.098583221435547,29.195955276489258,28.190237045288086
da5337ab00fd57df3def1971,cashew,calibration,31.60081672668457,31.15950584411621,30.595500946044922,28.687400817871094,27.504962921142578
d469a34a5db11dfdbb3ccb0a,cashew,calibration,30.326305389404297,29.31226348876953,28.977720260620117,28.357833862304688,27.66937828063965
cb945654674b987b5c38ebe9,cashew,evaluation,33.398067474365234,32.32697296142578,31.400943756103516,29.146465301513672,28.1710262298584
2ba0d38372d197908ad61da6,cashew,evaluation,30.408845901489254,29.684520721435547,29.315814971923828,28.71634292602539,28.008440017700195
ad42dee4d78554ec6cfaa68c,cashew,evaluation,31.568538665771484,30.781965255737305,30.2044734954834,28.621519088745117,27.68546485900879
3064f284ec1e8e0ab5fe7e7c,cashew,evaluation,30.654741287231445,29.302804946899414,28.99949073791504,28.530933380126953,27.90080451965332
330068b42041ddafda182873,cashew,evaluation,31.409521102905277,30.821609497070312,30.204683303833008,29.05394172668457,28.02159309387207
583ecaaf0e79e5fbe130e784,cashew,evaluation,30.683103561401367,30.45011329650879,29.87495994567871,28.82113265991211,28.028274536132812
7f6cf33066bbc98d837401b0,cashew,evaluation,31.535083770751957,30.72588539123535,30.308744430541992,29.393159866333008,28.44127082824707
aa38f96a55cc885915d6eff3,cashew,evaluation,29.88228416442871,29.09779167175293,28.84075355529785,28.332683563232422,27.65277671813965
b3737487fd5a6afe2b6d631e,cashew,evaluation,31.65337371826172,30.634872436523438,30.078227996826172,29.259048461914062,28.504243850708008
25449ae74ecb81447c54ff39,cashew,evaluation,31.782075881958008,30.85152816772461,30.36860466003418,28.894933700561523,27.82382583618164
273f04c169c8ccceb254906c,cashew,evaluation,31.667774200439453,30.548419952392578,30.02366065979004,29.132509231567383,28.29570960998535
abece95c47d86c4dd3228f35,cashew,evaluation,32.031341552734375,31.094402313232422,30.749126434326172,29.733474731445312,28.62200164794922
50e8a62cb1ab0491a6949502,cashew,evaluation,31.345428466796875,30.153383255004883,29.809444427490234,28.866579055786133,28.02397918701172
c986836c1675cf21197828f6,cashew,evaluation,33.69055938720703,32.8977165222168,32.25989532470703,30.519939422607422,28.796964645385742
6f3c140edff762fa8298530c,cashew,evaluation,30.74446678161621,30.123775482177734,29.75110626220703,28.870166778564453,28.019018173217773
46f7dcf3b334c25c7a16ad84,cashew,evaluation,30.99211883544922,30.224233627319336,29.889358520507812,29.047548294067383,28.052091598510742
d02190b7c774eda9c166232a,cashew,evaluation,31.642230987548828,30.685890197753906,30.067081451416016,28.981842041015625,27.986499786376953
dbd5f6dcbdf7253bbb2e5abb,cashew,evaluation,30.61998748779297,29.939189910888672,29.40992546081543,28.808656692504883,28.075359344482422
c10ae5f3d59c42d9df74afe7,cashew,evaluation,32.78312683105469,32.077762603759766,31.7724609375,30.418811798095703,28.852746963500977
0d8eaefae78ac59664d13564,cashew,evaluation,33.11824417114258,32.616573333740234,32.01686096191406,30.353952407836914,28.926921844482422
ba614eb7de857efc2a8f1c10,cashew,evaluation,31.39072608947754,30.769662857055664,30.074012756347656,28.6988468170166,27.502159118652344
70861f727a0974973c77545b,cashew,evaluation,30.124265670776367,29.53702163696289,28.95900535583496,28.06545639038086,27.390703201293945
701f72404d177041a9bc305b,cashew,evaluation,30.820276260375977,30.076351165771484,29.7524356842041,29.19919204711914,28.483793258666992
c155dc00f8c0f918c2d7ccc6,cashew,evaluation,30.382160186767575,29.51982879638672,29.26007080078125,28.69130516052246,27.86188316345215
a9c951a4bc723bc3afe426b0,cashew,evaluation,34.219730377197266,33.19431686401367,32.507591247558594,30.6995906829834,29.446840286254883
a6ba424b4ad8d5817ca4389a,cashew,evaluation,31.24928855895996,30.510042190551758,29.9074649810791,28.535940170288086,27.623865127563477
bf3d24ca66a53f167f293e43,cashew,evaluation,32.23817825317383,30.027318954467773,29.401670455932617,28.41658592224121,27.71466827392578
589fbd8bf990a59044d5bc35,cashew,evaluation,29.264543533325195,28.732017517089844,28.34274673461914,27.843088150024414,27.29669952392578
881397f594fd09eca24285b8,cashew,evaluation,30.258262634277344,29.43439483642578,29.107542037963867,28.452001571655273,27.80718421936035
1126d26b2a1147a09bb77838,cashew,evaluation,30.17818260192871,28.922456741333008,28.539901733398438,28.030153274536133,27.455718994140625
893c191624f64df304a49fbc,cashew,evaluation,33.29245376586914,33.0848274230957,32.814266204833984,31.68354034423828,30.026386260986328
9a917ebca96fb80e628168a2,cashew,evaluation,33.59663009643555,32.64284133911133,32.004642486572266,30.742700576782227,29.246334075927734
d41cc11ea6debe6ecb41f3b7,cashew,evaluation,35.0423469543457,33.17481994628906,31.94452476501465,30.046361923217773,28.924030303955078
bc471a4fd5c85ee25571ba0d,cashew,evaluation,33.062156677246094,32.44914245605469,31.714969635009766,30.178081512451172,28.92241859436035
19a836c3150e0e2a0b50e10b,cashew,evaluation,32.28925704956055,31.03447914123535,30.426361083984375,29.062711715698242,27.8873348236084
d842c7aee444a1673eaa1318,cashew,evaluation,32.56174850463867,31.606172561645508,30.963523864746094,29.439586639404297,28.20197105407715
ee9278787c5210bba6dbf923,cashew,evaluation,30.66868019104004,29.820629119873047,29.417516708374023,28.60881233215332,27.793415069580078
85d86a9f08aef0d1b7d88f9e,cashew,evaluation,30.785907745361328,30.21760368347168,29.91925048828125,28.95811653137207,28.036027908325195
03959a9459d4a58a12e5c7ea,cashew,evaluation,31.164852142333984,30.116073608398438,29.564287185668945,28.531381607055664,27.57765769958496
bef9b44ca652fe20f6430d94,cashew,evaluation,30.65718460083008,29.87301254272461,29.56020164489746,28.934118270874023,28.183542251586914
2def63027096cb5dcd99cee1,cashew,evaluation,33.443321228027344,32.58675003051758,31.763212203979492,29.52923011779785,28.195558547973633
c47307b5123927b1fdccd7a9,cashew,evaluation,33.31969451904297,32.71940612792969,31.91047477722168,29.43099021911621,28.087594985961914
814d580c88d983acc748c3c2,cashew,evaluation,35.35932159423828,34.40766525268555,33.796913146972656,31.705801010131836,29.38360595703125
b69409e02974aadd02b5e658,cashew,evaluation,32.34980773925781,31.651582717895508,31.12552261352539,29.667625427246094,28.425168991088867
4a3bbd19efd91c76fc11894f,cashew,evaluation,33.99824523925781,32.79674530029297,32.10319519042969,29.944129943847656,28.572710037231445
9ccca623c9b1494903908e11,cashew,evaluation,31.414981842041016,30.67815589904785,30.265235900878906,29.479875564575195,28.60423469543457
718b703d5d48445ce9590ced,cashew,evaluation,31.10433578491211,30.139057159423828,29.677288055419922,28.89741325378418,28.10088348388672
7c99876aa4ca25893a5fe129,cashew,evaluation,32.18007278442383,31.376258850097656,31.13814926147461,30.24850082397461,28.99214744567871
a147310f59f6baf808c92877,cashew,evaluation,30.864688873291016,29.88748550415039,29.204696655273438,28.232545852661133,27.450605392456055
9e1f1379e5aea06de39f91dc,cashew,evaluation,32.208038330078125,30.507837295532227,30.139188766479492,29.047151565551758,27.99908447265625
dbda893cc54d6d998dc446f1,cashew,evaluation,50.72212600708008,48.322059631347656,46.129695892333984,36.78247833251953,32.30059051513672
1fca1737a5e8d04c32fba8e8,cashew,evaluation,36.06216812133789,35.346832275390625,34.45627212524414,31.0556583404541,29.229368209838867
538a5282e0c96eb75a33f44b,cashew,evaluation,36.10349655151367,35.06207275390625,34.40032196044922,31.422107696533203,29.38368797302246
7579c5a47e5d9627c0d61fbd,cashew,evaluation,37.64274978637695,36.25434875488281,35.16413116455078,31.628746032714844,29.69748878479004
ad17782eaf707946a982c3c7,cashew,evaluation,38.46227264404297,37.70344924926758,36.906673431396484,33.11599349975586,30.45170021057129
e7cedae458e2d977b5a0c3cd,cashew,evaluation,34.74046325683594,34.323429107666016,33.666961669921875,31.283084869384766,29.480607986450195
72fea2b8553e59ab6da351be,cashew,evaluation,46.02283477783203,44.230628967285156,42.27614974975586,36.86354064941406,31.756122589111328
f9d9af57400f66220a34f637,cashew,evaluation,45.84059143066406,43.757450103759766,42.088966369628906,34.83686828613281,30.321487426757812
8a98798bbed2c0fd8e08c0d7,cashew,evaluation,39.86982345581055,38.756656646728516,37.58687210083008,32.13827133178711,29.700666427612305
6353f0b207ea6944bca761d9,cashew,evaluation,38.02394104003906,36.89044952392578,36.07466506958008,31.855876922607422,29.398359298706055
85bd8e436424d830033b21a4,cashew,evaluation,35.2337646484375,34.431007385253906,33.54384231567383,30.46212387084961,28.795751571655273
411aa1c900988878136abefd,cashew,evaluation,40.5292854309082,39.787906646728516,39.10470962524414,35.861846923828125,30.537145614624023
bfa40cbea241ce4ceaa8f82f,cashew,evaluation,53.734642028808594,52.29804992675781,50.89994430541992,42.81481170654297,33.42510986328125
8e16249e4d7cf431bd380dca,cashew,evaluation,44.38356018066406,42.997074127197266,41.758758544921875,36.54462432861328,31.192249298095703
e4e4c93e7b5c12bae85dd5d4,cashew,evaluation,48.80640411376953,47.227325439453125,46.126399993896484,39.95095443725586,33.43183898925781
7dde5d02c50b180c47c1a3d4,cashew,evaluation,42.76836395263672,41.97747039794922,41.18290328979492,36.06997299194336,31.08768653869629
9304f27355b04912b3245760,cashew,evaluation,51.37701797485352,50.51803970336914,49.610626220703125,42.348876953125,33.36516189575195
5119be18347f740e34b065a2,cashew,evaluation,58.53972244262695,57.09453582763672,55.43998718261719,44.8315315246582,33.39311981201172
6f9e634022de64ca561ca183,cashew,evaluation,51.11332321166992,49.86885070800781,48.558860778808594,40.984012603759766,32.90203857421875
4068276a6ac8d654ac1d5df2,cashew,evaluation,51.38150405883789,50.404571533203125,49.20265579223633,41.83516311645508,32.88872146606445
22bf68b10aef9749882a4dfe,cashew,evaluation,55.5614013671875,54.377742767333984,52.722835540771484,43.19021987915039,34.33372116088867
add19460de66698aca7bf015,cashew,evaluation,40.703731536865234,39.43064498901367,38.816097259521484,35.14567947387695,30.92483139038086
fe8ed26e05c408e11a9b70ab,cashew,evaluation,49.634864807128906,48.840545654296875,47.809940338134766,41.2315673828125,33.943763732910156
205e0b1a7a93178f6b42bee9,cashew,evaluation,46.28895568847656,45.83406066894531,45.01942443847656,39.32732391357422,32.62975311279297
1bc4a12c41328e22e24ed83b,cashew,evaluation,50.30916595458984,48.459529876708984,46.92644119262695,38.88821792602539,32.690616607666016
7f8cdc27651c7e75619bfbe4,cashew,evaluation,60.63592529296875,58.61288833618164,56.34430694580078,44.137908935546875,33.39583969116211
e536952d5769122adf6a4f40,cashew,evaluation,68.95408630371094,66.11653137207031,63.46199035644531,50.454978942871094,35.37925338745117
ee5b00d62ec57d3927f84f56,cashew,evaluation,57.882286071777344,55.73878479003906,53.490234375,42.25347137451172,32.31133270263672
4b113e77d75a66a4a9b92342,cashew,evaluation,53.85205841064453,52.640621185302734,50.821380615234375,40.22521209716797,31.642131805419922
c9bafba371c2d8b1b3cc5d12,cashew,evaluation,63.29599380493164,60.242679595947266,57.72947692871094,45.46360778808594,33.63187026977539
27effd8e1cf24c2a7ff0a200,cashew,evaluation,67.67471313476562,65.62438201904297,63.42873764038086,52.99917221069336,37.45917510986328
d4d5c47af532576b348a5ebf,cashew,evaluation,62.487789154052734,60.90729904174805,58.92122268676758,48.99538803100586,37.86391830444336
83cb64eac67e14ea3f243a8f,cashew,evaluation,54.020809173583984,52.66567611694336,51.47197341918945,45.17993927001953,34.60678482055664
ffc319baed47c4ac460ee579,cashew,evaluation,48.89815139770508,47.55970001220703,46.60169982910156,42.04424285888672,33.36836242675781
d102687a66daf3c817844090,cashew,evaluation,50.75201416015625,50.067562103271484,49.296695709228516,43.50450134277344,33.84928512573242
8f59176e42569bcbd2986379,cashew,evaluation,47.18401336669922,46.758148193359375,46.153236389160156,42.69224166870117,35.174346923828125
00bb69b97e4fb3be8e1bb095,cashew,evaluation,41.5164680480957,41.048309326171875,40.60528564453125,37.44123458862305,31.656047821044922
37165ec33c568323cf4b101a,cashew,evaluation,48.57181930541992,47.887001037597656,47.01396179199219,42.007713317871094,33.877342224121094
140d2904b822ec2bc4949ad9,cashew,evaluation,55.20056915283203,53.278839111328125,51.45221710205078,42.514793395996094,33.61692428588867
c3a49673335eb86ad9183e24,cashew,evaluation,59.929481506347656,57.60658264160156,55.74309539794922,45.55807113647461,33.413387298583984
2308db987d42256521fd6a3d,cashew,evaluation,50.37989044189453,47.54728698730469,45.633934020996094,38.46434783935547,31.231428146362305
d47fdeb4ee11ad5662f38c63,cashew,evaluation,55.85181427001953,54.232276916503906,52.688968658447266,44.34632873535156,33.74015808105469
ec49f72f6e3aee4222900e6a,cashew,evaluation,56.12967300415039,53.76546096801758,51.81654739379883,42.40070343017578,33.16653060913086
c37641ccf15e6ff71b33b4cb,cashew,evaluation,48.637962341308594,47.550018310546875,46.24520492553711,38.65317916870117,32.03554153442383
a467b1288157bbb3013d8f8a,cashew,evaluation,31.62388801574707,30.559242248535156,30.259618759155273,29.67875862121582,28.921085357666016
4bfb631e057edbd1b1fbc454,cashew,evaluation,32.74615859985352,30.873748779296875,30.43764877319336,29.700597763061523,28.890588760375977
0e3251fb1896fd4c3a5a2670,cashew,evaluation,38.37994766235352,36.64490509033203,35.25785827636719,32.27581024169922,29.494915008544922
54de2f0679cdf5222bf2b47b,cashew,evaluation,37.82986068725586,36.84687805175781,35.717838287353516,32.486541748046875,30.202247619628906
6e70d42541d34113e7c80d64,cashew,evaluation,42.398868560791016,41.50881576538086,40.798301696777344,36.28863525390625,30.71100616455078
df54b67f7dd10f66bf4a784f,cashew,evaluation,34.49501419067383,33.858402252197266,33.2501335144043,30.879182815551758,29.311450958251953
7271e58c1f6dcc27da8be0e2,cashew,evaluation,44.440731048583984,42.04478454589844,39.94968032836914,32.46320343017578,29.602563858032227
375185b386e7023808749ac0,cashew,evaluation,34.61471939086914,33.97219467163086,33.450374603271484,31.448575973510742,29.56865119934082
baeea786a09892dfa0340bfb,cashew,evaluation,38.66389465332031,37.764102935791016,36.82318878173828,33.56087875366211,31.563819885253906
e7cbce5c566a94df22447ef5,cashew,evaluation,33.878570556640625,32.94693374633789,32.47073745727539,30.7625675201416,29.19821548461914
659f078c5e39bc068079b028,cashew,evaluation,32.83607864379883,31.96478271484375,31.673683166503906,30.24985122680664,29.152996063232422
3904625837f92270b91a3cc4,cashew,evaluation,36.19356155395508,34.76130676269531,33.404075622558594,30.45197868347168,29.001720428466797
c6ae62ce191877d0c18b2f70,cashew,evaluation,31.50536346435547,30.839672088623047,30.283344268798828,29.304384231567383,28.548171997070312
d2db796ba6026d0875167e68,cashew,evaluation,38.67964172363281,37.46597671508789,36.444801330566406,33.61082458496094,30.542827606201172
825287c092c98c035cba3279,cashew,evaluation,36.68212127685547,35.414146423339844,34.61279296875,32.012447357177734,30.025882720947266
461d7ee726c191d89677944e,cashew,evaluation,36.91486740112305,35.70565414428711,34.34009552001953,30.87009620666504,29.24129867553711
5c2e8b5e80ca6875a61dbd0a,cashew,evaluation,40.35932922363281,39.80219268798828,38.805999755859375,33.75275802612305,30.396310806274414
d7df4a2b68fb3f9ad9bf0632,cashew,evaluation,39.8157958984375,38.723663330078125,37.93666076660156,34.990108489990234,31.381155014038086
aa254c5f45dbb8eb7d5b4f86,cashew,evaluation,56.11016082763672,54.17829895019531,51.939754486083984,40.9821662902832,31.92321014404297
82a4680a7e1144295cc31cb2,cashew,evaluation,46.793827056884766,44.39888381958008,42.755035400390625,36.20277786254883,30.80904769897461
caee2124d7d7403ff534e571,cashew,evaluation,45.79447555541992,44.62821960449219,43.614959716796875,38.82912063598633,33.88450241088867
491eb2822a9738f7e2fdd625,cashew,evaluation,54.819461822509766,53.218841552734375,51.335594177246094,44.17409896850586,34.26887512207031
1f059309b9010edf5938cb5e,cashew,evaluation,36.5041389465332,34.91537857055664,33.794105529785156,31.94779396057129,29.616928100585938
52717e1d70ec3483647e9f4f,cashew,evaluation,33.6114616394043,32.99614715576172,32.641902923583984,31.72808265686035,30.45808219909668
0681c40cd5573f05d97c2d7f,cashew,evaluation,50.17965316772461,48.30638122558594,46.314876556396484,39.48653793334961,32.4887580871582
d7562f154a039b9cb037d700,cashew,evaluation,40.23127365112305,38.72886657714844,37.69178009033203,33.72685623168945,29.92159080505371
4cefeaf687486a537c3ef760,cashew,evaluation,42.49069595336914,40.799766540527344,40.12113952636719,36.47184753417969,31.29733657836914
99767e65133fab9d27272b83,cashew,evaluation,44.812255859375,42.50393295288086,40.67766571044922,35.19318389892578,30.64206314086914
44ffe7dba665e6f41f4c9a62,cashew,evaluation,47.37372970581055,45.18296432495117,43.871337890625,41.33725357055664,35.232994079589844
3c1917e729daa7d3bd4c2e6c,cashew,evaluation,44.21907043457031,42.71647644042969,41.49086380004883,35.651912689208984,30.799325942993164
03c6538ff8044a32980bae8f,cashew,evaluation,42.10742950439453,40.971134185791016,39.675960540771484,36.224334716796875,31.56794548034668
b5067b257b192b1707b224cb,cashew,evaluation,41.165340423583984,39.87873077392578,38.47164535522461,33.521446228027344,30.58523941040039
359ce67c42828fde7b24aabc,cashew,evaluation,49.92797088623047,48.06014633178711,46.371665954589844,37.960731506347656,31.89016342163086
f04e9dad27415fdc7e6079a1,cashew,evaluation,41.72172164916992,40.99077606201172,39.87225341796875,35.982521057128906,30.707740783691406
3c62fd7f46b8de64cee5687f,cashew,evaluation,34.97268295288086,34.040775299072266,33.65498733520508,32.79023742675781,31.55994987487793
b58f07063665ea2bf20bbf77,cashew,evaluation,38.97391128540039,38.6288948059082,38.47519302368164,35.43285369873047,30.573871612548828
04499a54b7db9c55b7403fb7,cashew,evaluation,33.21744155883789,32.685935974121094,32.224578857421875,30.679861068725586,29.344436645507812
786e3415453022d8ff31ac3e,cashew,evaluation,33.45485305786133,32.6197624206543,32.41326141357422,31.48516082763672,29.886981964111328
0449fa75a103b21fcaa8d5ae,cashew,evaluation,33.67948913574219,32.759010314941406,32.12807846069336,30.659584045410156,29.24911880493164
20e0ba99993580839ec7d10c,cashew,evaluation,41.38793563842773,40.98736572265625,40.50646209716797,36.98828887939453,31.97330665588379
4ed1682650e60fc90ba815c8,cashew,evaluation,36.92648315429688,36.4158935546875,35.51276397705078,32.99016571044922,30.643800735473633
105640f34633543091913ec9,cashew,evaluation,35.57415008544922,34.773258209228516,34.10090255737305,32.184593200683594,29.72716522216797
e3cc8b4f0b2ea31708ddcd7d,cashew,evaluation,38.226829528808594,37.49489212036133,36.92144775390625,33.487117767333984,30.391826629638672
7541f2527c1af0a2054170ec,cashew,evaluation,35.12805938720703,34.13739013671875,33.7666130065918,32.4586296081543,30.206073760986328
c60dd4d2e61eb5c350e3e0cb,cashew,evaluation,35.57461166381836,34.68978500366211,34.219242095947266,32.62377166748047,31.336856842041016
3d2362f1d154d4e53d413a42,cashew,evaluation,35.7974853515625,34.847599029541016,34.120338439941406,32.55288314819336,29.96982192993164
cfa0d8c20570d10e5efc7f63,cashew,evaluation,34.10908126831055,33.81475830078125,33.473655700683594,31.492795944213867,29.44106674194336
9e06799b178ca9f7fce52add,cashew,evaluation,40.17654037475586,39.069210052490234,38.31575012207031,34.20851516723633,30.300413131713867
32065f01befb47840ffbb10e,cashew,evaluation,36.63352584838867,36.06192398071289,35.43168640136719,33.40514373779297,30.89480209350586
21a651a7c2428b1d71a82407,cashew,evaluation,34.54758834838867,33.64439392089844,32.8325309753418,30.654287338256836,28.84980010986328
e0913a5a9591f115018022a9,cashew,evaluation,56.33642578125,55.423973083496094,54.518272399902344,50.225032806396484,46.8376579284668
bc01772894f2a1b9e6580af3,cashew,evaluation,55.91831970214844,53.667545318603516,51.759952545166016,48.82857131958008,45.70042037963867
7e0c6821b6a6c48101d0a574,cashew,evaluation,54.04753875732422,53.03937911987305,52.18117904663086,48.9935417175293,44.45268630981445
f7a207a5dd270e194eab27c7,cashew,evaluation,57.2288818359375,56.1486701965332,55.15961456298828,51.816795349121094,45.83135223388672
3e039509cc2dbdd0924b0cea,cashew,evaluation,53.57522964477539,52.598873138427734,51.85279083251953,48.298954010009766,43.55250930786133
0b12c84fb0f37ec286fc0b0a,cashew,evaluation,62.58976745605469,62.154537200927734,61.9178581237793,58.745853424072266,50.10158920288086
3fe84800bdb0ea71c4cda19f,chewinggum,calibration,35.97856903076172,35.15780258178711,34.70277786254883,33.21318435668945,31.42129898071289
bfb628e7889c6d96fb7db331,chewinggum,calibration,34.29559326171875,33.74494171142578,33.17686462402344,32.07062911987305,31.02027702331543
4589e21b3164b5a7eb46ac97,chewinggum,calibration,35.426780700683594,33.90800857543945,33.212059020996094,32.290367126464844,31.232437133789062
d534c1e0ac8a7607a4e8c738,chewinggum,calibration,35.80903625488281,35.04558563232422,34.63132858276367,33.53915786743164,31.900432586669922
9f48baf5424aa2b2f85db718,chewinggum,calibration,35.154056549072266,34.318687438964844,33.794952392578125,32.66462707519531,31.546720504760742
29d74589cbfd2cdc682d9d58,chewinggum,calibration,36.79464340209961,35.18550491333008,34.050540924072266,32.57497024536133,31.58647918701172
0927c1f5d5a9a77901bb2193,chewinggum,calibration,35.26371765136719,34.21965026855469,33.4398193359375,31.702695846557617,30.682119369506836
a77e41cc52628dea64a4196d,chewinggum,calibration,33.862003326416016,32.81257247924805,32.26790237426758,31.615787506103516,30.883737564086914
77ed5551df47394325d63269,chewinggum,calibration,32.77520751953125,31.857349395751953,31.03489875793457,29.894224166870117,29.152341842651367
2929092d7f0bbb793639ef89,chewinggum,calibration,33.74709701538086,33.001285552978516,32.67327880859375,31.777385711669922,30.985443115234375
52dc101a51a7ef22780e40fe,chewinggum,calibration,34.156612396240234,33.66104507446289,33.240760803222656,32.190147399902344,31.176815032958984
916c3aa624b1aca020daf9a2,chewinggum,calibration,33.87193298339844,33.24702835083008,32.665191650390625,31.590608596801758,30.784624099731445
73b86ef0c1290ffc22cc7dc0,chewinggum,calibration,34.74537658691406,34.205665588378906,33.826786041259766,32.91958236694336,31.835128784179688
0c394bf08e88a3dd9642b486,chewinggum,calibration,40.697052001953125,39.5689697265625,38.65205383300781,34.633583068847656,31.77880096435547
b6ee1efcda23bcf04d3eb769,chewinggum,calibration,35.32935333251953,34.22761535644531,33.92878723144531,33.14716339111328,32.06599426269531
d211477852eca6d229c6c9b1,chewinggum,calibration,34.28417205810547,33.8671760559082,33.46649169921875,32.08060836791992,30.96967315673828
3d854ba58dd959f8d352803c,chewinggum,calibration,34.148197174072266,33.27265548706055,32.83613967895508,31.561420440673828,30.40852165222168
ac29dc77ca899fdacda142a3,chewinggum,calibration,40.24593734741211,39.338340759277344,38.39993667602539,34.472835540771484,31.803125381469727
df3d639a173cf3a9a6ad26e3,chewinggum,calibration,33.23122787475586,32.72879409790039,32.338768005371094,31.440414428710938,30.532377243041992
ab851383be1aed9b04fa3428,chewinggum,calibration,35.91151809692383,35.24768829345703,34.624969482421875,32.62734603881836,31.176738739013672
49cfd3771e36f1dff1350104,chewinggum,calibration,35.11320877075195,34.5439453125,33.963932037353516,32.16217041015625,30.5202693939209
b5ca370d665668da4b52c306,chewinggum,calibration,34.9454345703125,34.25830078125,33.78913879394531,32.75734329223633,31.506383895874023
1dc8e0d8c3bc9d1762191a5f,chewinggum,calibration,32.315391540527344,31.36319351196289,30.97393035888672,30.36079978942871,29.60015869140625
25e2fb347df6fba18f1fc333,chewinggum,calibration,33.21387481689453,32.44672393798828,32.22085189819336,31.343528747558594,30.50404167175293
5d4ac6d3cb4623ce5901a5a5,chewinggum,calibration,33.08002471923828,32.6177864074707,32.25564956665039,31.35298728942871,30.380910873413086
61a6ab35351096a06016bbc2,chewinggum,calibration,37.631290435791016,36.20275115966797,35.294960021972656,33.61128234863281,32.07053756713867
176cb741405f664a94c7ce31,chewinggum,calibration,35.14042663574219,34.59329605102539,34.09510040283203,32.489410400390625,31.18749237060547
3856a91635d30099bb7fcf74,chewinggum,calibration,33.99726104736328,33.35902404785156,32.94515609741211,31.560056686401367,30.39733123779297
b12734fefa5d5d63bfa1707a,chewinggum,calibration,33.68515396118164,32.50148391723633,31.91411018371582,31.181241989135742,30.392316818237305
74f06ed4b50b29a4bca10707,chewinggum,calibration,34.3056526184082,32.78790283203125,32.32642364501953,30.80409812927246,29.788558959960938
527ed2fad5ba23b1f4562171,chewinggum,calibration,34.49263000488281,33.627681732177734,33.30672836303711,32.30111312866211,31.344058990478516
aa84979a7812de7ac64e7679,chewinggum,calibration,33.58893966674805,32.7276725769043,32.444644927978516,31.507843017578125,30.62899398803711
4c96b6c59484715d5387d374,chewinggum,calibration,38.9399528503418,37.903602600097656,36.922157287597656,33.14260482788086,31.0517578125
cd85a0c56bf56e9328db3a63,chewinggum,calibration,35.71562194824219,35.038055419921875,34.45891571044922,32.92700958251953,31.575254440307617
0f6e007aa1c83969d60acf53,chewinggum,calibration,34.70658493041992,33.90642166137695,33.433265686035156,32.591163635253906,31.385473251342773
eaf488fca4444e52ebd44e0b,chewinggum,calibration,33.40118789672852,32.70228958129883,32.33904266357422,31.537668228149414,30.733736038208008
d88fff380eb785138634e40c,chewinggum,calibration,35.00055694580078,34.40761184692383,34.045894622802734,32.702762603759766,31.030744552612305
0da3703324727ac18dba4a01,chewinggum,calibration,34.58441925048828,33.912513732910156,33.53048324584961,32.6649284362793,31.829805374145508
fb36e084aa92c2409ab3095e,chewinggum,calibration,36.20044708251953,35.024993896484375,34.57477569580078,33.607383728027344,32.440284729003906
68faff61ad67253f1a901e65,chewinggum,calibration,33.86457443237305,32.70023727416992,32.20293045043945,31.570253372192383,30.604001998901367
83e25c6b57074c4097abde02,chewinggum,calibration,34.30907440185547,33.6146240234375,33.24830627441406,32.168426513671875,31.297632217407227
c9c8533ccfb09cbe4267de62,chewinggum,calibration,34.63066482543945,33.181053161621094,32.707698822021484,31.199302673339844,29.92909812927246
3a560017489e930e654071f8,chewinggum,calibration,33.91304016113281,33.03700256347656,32.40834426879883,31.665000915527344,30.85144805908203
c639721e66feb16b2eab2756,chewinggum,calibration,35.48028564453125,34.855506896972656,34.14472579956055,32.60666275024414,31.557388305664062
a6b6e8feb7762aed2cf68197,chewinggum,calibration,38.51674270629883,37.489234924316406,37.11045837402344,34.509368896484375,32.50118637084961
231379537caa4174d94051e2,chewinggum,evaluation,35.888858795166016,34.847171783447266,33.978736877441406,32.17731857299805,31.137819290161133
fcece3d2025e9e0dc3fd3593,chewinggum,evaluation,34.1981201171875,33.72873306274414,33.130165100097656,31.724618911743164,30.354450225830078
a0116ed039f83a48335ae1d0,chewinggum,evaluation,35.49283981323242,34.5229377746582,33.69611740112305,31.598876953125,30.362964630126953
34a63268a8fdeb1b262e5143,chewinggum,evaluation,35.77725982666016,34.965972900390625,34.469661712646484,32.86018371582031,31.488534927368164
cd3a367d4ef0cdebd425f875,chewinggum,evaluation,33.144287109375,32.44671630859375,32.176578521728516,31.55682373046875,30.835796356201172
7bb9f16e9d0af04f5dd648e4,chewinggum,evaluation,33.82267761230469,32.70547866821289,32.36510467529297,31.575899124145508,30.351627349853516
e256bf7f650988a8e67a64e4,chewinggum,evaluation,33.37897872924805,32.8653564453125,32.66236877441406,31.952329635620117,31.07176399230957
a2ae477069878bb6baf54916,chewinggum,evaluation,36.98701095581055,35.448665618896484,34.32490921020508,32.7336540222168,31.243492126464844
10900085cd75ee1b01f3be8f,chewinggum,evaluation,34.456756591796875,33.671409606933594,33.06922149658203,31.76807975769043,30.777193069458008
c8f6682bf613e7f5e8b9e9a3,chewinggum,evaluation,32.865474700927734,31.657556533813477,31.373764038085938,30.412126541137695,29.529767990112305
39d6c269322b94c12d0f6a54,chewinggum,evaluation,33.852291107177734,33.07443618774414,32.76542282104492,32.07316207885742,31.259069442749023
643858384b2d2c8254ef5be0,chewinggum,evaluation,36.32320785522461,35.43829345703125,35.102298736572266,33.4171257019043,31.38400650024414
df28201302d74ac0fb6037a6,chewinggum,evaluation,34.754920959472656,33.81311798095703,33.278621673583984,32.22677230834961,31.197471618652344
52e013a1f13b98e39e33d574,chewinggum,evaluation,36.02241134643555,35.41215133666992,34.765892028808594,33.09869384765625,31.695751190185547
0460bfe75a262d4797c9b32d,chewinggum,evaluation,32.87514114379883,31.97592544555664,31.48795509338379,30.784557342529297,30.037738800048828
c46107bace7fa7c916d49c6f,chewinggum,evaluation,33.78165054321289,33.201595306396484,32.72911071777344,31.981185913085938,30.947399139404297
8f3748fa3473bf9a6a307781,chewinggum,evaluation,34.1080436706543,32.84151840209961,32.52167510986328,31.537403106689453,30.682065963745117
cd4093246e027baa9ffbd4b1,chewinggum,evaluation,33.811058044433594,32.9544792175293,32.540069580078125,31.59331512451172,30.51764488220215
9e8d59966a6eb48d80049191,chewinggum,evaluation,34.5209846496582,33.481571197509766,32.66903305053711,31.32298469543457,30.05276870727539
a7aa777741a381e36eb5dba3,chewinggum,evaluation,34.32399368286133,33.74420928955078,33.26359939575195,32.14591598510742,31.078006744384766
d662bf829831cb59e8ce8104,chewinggum,evaluation,34.309165954589844,33.63560485839844,32.97683334350586,31.621585845947266,30.746257781982422
a6332124138ca90beb26bc8a,chewinggum,evaluation,34.29389953613281,33.63153076171875,33.10601043701172,31.977691650390625,30.826051712036133
c1adf3870ae657fb808f3e6c,chewinggum,evaluation,36.369728088378906,35.38776779174805,34.98276901245117,33.6611442565918,32.04849624633789
2b482978d8bddd0b4febc783,chewinggum,evaluation,36.44435119628906,35.86812210083008,35.05421829223633,31.70956039428711,30.276735305786133
9470a7558ebde1d9476253c3,chewinggum,evaluation,35.054931640625,34.6075325012207,34.332096099853516,32.45524215698242,31.266590118408203
b00e4d0903b4bf478306d4ea,chewinggum,evaluation,34.10789489746094,33.49089813232422,33.210205078125,32.19692611694336,31.050575256347656
5a718058dd7c07faaa443c80,chewinggum,evaluation,34.05438232421875,32.6928825378418,32.16749572753906,31.37354278564453,30.663206100463867
55aff87e0262bc5e90547415,chewinggum,evaluation,32.74350357055664,32.28078842163086,31.994720458984375,31.265911102294922,30.410593032836914
439461fbf7ee75047f00f95f,chewinggum,evaluation,33.82020950317383,33.373653411865234,32.72744369506836,31.48236083984375,30.425537109375
43749ef55ca32d60fe057566,chewinggum,evaluation,34.50544357299805,33.93181610107422,33.769004821777344,32.824989318847656,31.655065536499023
98fe9efceefbaf49432b90cf,chewinggum,evaluation,33.464359283447266,32.85668182373047,32.32114791870117,31.152996063232422,30.153284072875977
40bb39e87277a618b92f0faa,chewinggum,evaluation,35.654781341552734,34.62673568725586,33.75373458862305,32.15463638305664,30.81510353088379
458a971b48f0e442e24c4391,chewinggum,evaluation,34.68813705444336,33.74637222290039,33.37211227416992,32.4957389831543,31.681806564331055
1db809e183fd55290b9194fc,chewinggum,evaluation,34.75483703613281,34.35576248168945,34.07241439819336,33.06495666503906,31.8262939453125
561536eeb0f5c771fea6dada,chewinggum,evaluation,34.22819137573242,33.4664421081543,32.891414642333984,31.888193130493164,31.004146575927734
abdd950c347d9a66afee5ce3,chewinggum,evaluation,34.127498626708984,32.87811279296875,32.62815856933594,31.926204681396484,31.04869842529297
30226471f3251485965572de,chewinggum,evaluation,35.67482376098633,34.996280670166016,34.663230895996094,33.19295120239258,31.427270889282227
ef4657f98e39b73d2d4942c7,chewinggum,evaluation,37.55943298339844,36.605812072753906,35.53125,33.58168411254883,31.89364242553711
755202c6c61883acf06f6975,chewinggum,evaluation,34.30963897705078,33.18929672241211,32.639102935791016,31.72542953491211,30.700756072998047
5528724a08314d2a3ba2af8c,chewinggum,evaluation,35.432254791259766,34.53782272338867,33.8834228515625,32.40322494506836,31.236797332763672
4c531f56f440b2d8fa09ca60,chewinggum,evaluation,33.687984466552734,32.94776916503906,32.615806579589844,32.0107421875,31.187297821044922
8ee98b453fbf22387c3a94ef,chewinggum,evaluation,32.65835189819336,31.66167449951172,31.495298385620117,30.932083129882812,30.154233932495117
0226a1a2b5c3e5e187ddae50,chewinggum,evaluation,36.03723907470703,35.510799407958984,34.700199127197266,31.936391830444336,30.421737670898438
aa133890b0c3c8dae34ec8c0,chewinggum,evaluation,34.932247161865234,34.08009338378906,33.89072799682617,32.944488525390625,31.83890724182129
e3ddd00c1c9aacc82180d106,chewinggum,evaluation,34.13364791870117,33.35429000854492,32.95996856689453,32.189353942871094,31.171228408813477
1f39f107c638e81a3a736b0b,chewinggum,evaluation,32.3642692565918,31.286775588989258,30.934133529663086,30.27643585205078,29.65643882751465
7fbe294e05183265a65cd84e,chewinggum,evaluation,34.13199615478516,32.895179748535156,32.44302749633789,31.52272605895996,30.4372615814209
86646f095dd3601dcd6e4c76,chewinggum,evaluation,35.08627700805664,34.10750961303711,33.77809524536133,32.71289825439453,31.449859619140625
c60cc89e96bd9d772b05386b,chewinggum,evaluation,34.50374221801758,33.77217102050781,33.101314544677734,31.865962982177734,31.0578556060791
c7ccddf5c463405be0df2eac,chewinggum,evaluation,33.861236572265625,33.06557846069336,32.78314208984375,31.4060115814209,30.373355865478516
83ea52edfb4329b3c3776f42,chewinggum,evaluation,59.66243362426758,59.37678146362305,58.949180603027344,55.0181999206543,43.13593292236328
a5f89ec211748982c4996b06,chewinggum,evaluation,52.52314758300781,52.7710075378418,52.48314666748047,49.526344299316406,38.9315185546875
fc6e887528a8307b0920d255,chewinggum,evaluation,58.96216583251953,57.743038177490234,56.694480895996094,52.65388870239258,43.40943908691406
f90c7ef05315e1fbbd3fa860,chewinggum,evaluation,57.867469787597656,56.508880615234375,55.21943283081055,48.51127624511719,37.595375061035156
4a67af721b0f452ae820ab9e,chewinggum,evaluation,61.18436050415039,60.34178161621094,59.87819290161133,55.724124908447266,44.370174407958984
bccc338c2696bbd76ac7532f,chewinggum,evaluation,61.236141204833984,60.935638427734375,60.42496109008789,55.943267822265625,44.27304458618164
550d24c52247875e84fee4c5,chewinggum,evaluation,61.24351501464844,60.370174407958984,59.650543212890625,56.33854293823242,47.75566101074219
3de82da3ee7f68761919ff55,chewinggum,evaluation,58.535274505615234,58.10768127441406,57.659027099609375,54.958744049072266,43.56431198120117
06b0186aca1c70e236744d28,chewinggum,evaluation,53.52150344848633,52.94940948486328,52.251739501953125,49.43559265136719,41.438575744628906
316a2b9030ceb3d732e954e9,chewinggum,evaluation,64.29220581054688,63.612186431884766,62.90294647216797,57.686153411865234,46.2358512878418
57c2ecd0a96379ea0c7060fd,chewinggum,evaluation,52.95214080810547,52.716304779052734,52.35359191894531,49.50508499145508,39.300254821777344
bc2f79cdb92b2ba2a7899fb5,chewinggum,evaluation,59.38209915161133,59.111671447753906,58.896419525146484,56.56692886352539,50.12062454223633
ae4d8b7bd0627a96a5d5eaec,chewinggum,evaluation,59.3505744934082,58.711551666259766,58.21757507324219,56.1758918762207,47.24721908569336
f64396309a7f0ebc28e5d4d2,chewinggum,evaluation,58.61920547485352,57.37993240356445,56.513031005859375,51.20298385620117,39.328731536865234
23d7a1f983cb6af4c2c9d031,chewinggum,evaluation,66.46483612060547,64.67108154296875,63.155372619628906,59.50004577636719,49.193058013916016
1426282f6fdb9fcf4076b880,chewinggum,evaluation,58.05923843383789,57.72811508178711,57.47848129272461,55.308067321777344,48.223636627197266
058fdc068c35a2b940e25fab,chewinggum,evaluation,54.81203842163086,54.23021697998047,53.66938018798828,49.969608306884766,39.1720085144043
6dee22a05f1671109ed92efd,chewinggum,evaluation,56.38833618164063,55.685035705566406,55.34404373168945,53.475929260253906,43.265628814697266
14071f493f44fe45e4e06ab9,chewinggum,evaluation,59.51755905151367,58.8249397277832,58.610347747802734,56.86726379394531,46.14772033691406
a9cad478be6c540796456358,chewinggum,evaluation,59.86753082275391,59.5687141418457,59.11345291137695,56.45935821533203,45.99971389770508
7dcfeac546baef5e8aaa8fb8,chewinggum,evaluation,56.42448425292969,55.71319580078125,55.085166931152344,51.66654586791992,39.46706008911133
c518af4299fef196c70923cb,chewinggum,evaluation,58.947879791259766,58.547637939453125,58.18275451660156,55.59388732910156,46.99324417114258
d24de2d56bf3392292afe0e5,chewinggum,evaluation,55.24919891357422,54.61161804199219,53.99351119995117,48.18657684326172,37.538265228271484
4ce8caa4d5fb35894db6152c,chewinggum,evaluation,50.47880935668945,48.65435791015625,47.20778274536133,41.6204833984375,34.604583740234375
cd39f903e1e4c42b6e6a850f,chewinggum,evaluation,63.04133224487305,62.526512145996094,61.80242919921875,54.39881896972656,38.89293670654297
e12271f726d719bb5ae25d4a,chewinggum,evaluation,46.980655670166016,45.95158004760742,45.07876968383789,41.51140594482422,35.18595504760742
961217d6e90800dc2dd6d640,chewinggum,evaluation,41.76065444946289,40.970062255859375,40.53475570678711,38.404563903808594,33.70172119140625
11378845b801961ca81f4c3f,chewinggum,evaluation,51.23933410644531,50.06154251098633,49.22234344482422,47.526851654052734,44.88911819458008
f1f82d74d86d7fe2c2a2991b,chewinggum,evaluation,37.18365097045898,35.9405632019043,35.14827346801758,33.46314239501953,31.80554962158203
acc95f7dd191a50935c60f0e,chewinggum,evaluation,47.666133880615234,46.46246337890625,45.17349624633789,40.468727111816406,34.54712677001953
2c8daa2c454cf275b65d181e,chewinggum,evaluation,55.18885040283203,53.732479095458984,52.79437255859375,47.79282760620117,36.80662155151367
f2ef6adff4305d98747705d9,chewinggum,evaluation,40.29709243774414,39.27526092529297,38.86588668823242,36.45794677734375,33.422122955322266
db132f55d3695ef283792e72,chewinggum,evaluation,34.7631950378418,33.60789489746094,33.130287170410156,32.55735397338867,31.569232940673828
349a6a13625d07784818747e,chewinggum,evaluation,35.16548538208008,34.632938385009766,34.3695182800293,33.0258674621582,32.04600524902344
01c91be7ff0cb9e3f109b773,chewinggum,evaluation,34.96410369873047,34.269691467285156,33.69840621948242,32.713722229003906,31.65947723388672
0ca74c4813d20d80df7541b2,chewinggum,evaluation,50.319602966308594,49.96942138671875,49.33195877075195,44.76179504394531,37.06120300292969
0de49ef61d0bd6bccf204ccc,chewinggum,evaluation,54.80323791503906,53.07582473754883,52.129798889160156,45.644020080566406,35.465965270996094
5ecd4be6a68581edcdb39434,chewinggum,evaluation,40.7510986328125,39.50961685180664,38.953311920166016,35.15798568725586,31.911785125732422
de60294a69c40673294f5c8f,chewinggum,evaluation,57.16642761230469,56.40774154663086,55.533565521240234,48.28396224975586,38.109474182128906
a9e5455f49085fb182da81e8,chewinggum,evaluation,52.45273208618164,51.58376693725586,50.74921417236328,45.42656326293945,37.58112716674805
628d52de4893ab48b55425e2,chewinggum,evaluation,58.14628219604492,57.90897750854492,57.478641510009766,55.36616134643555,43.54488754272461
8fb92549b3e43959f6eb17fc,chewinggum,evaluation,56.53155517578125,56.09982681274414,55.555274963378906,51.00861740112305,38.97652053833008
0656dd5366d7e40d22f6acab,chewinggum,evaluation,51.461181640625,50.77362823486328,50.13084411621094,46.558109283447266,39.16069793701172
55ffe1213acac57a90248c8a,chewinggum,evaluation,55.44615173339844,55.272796630859375,54.7961540222168,51.27989196777344,41.7513427734375
5adeb3e51cd2592ede1e6f48,chewinggum,evaluation,49.74283218383789,49.116783142089844,48.67271041870117,46.0311279296875,39.60350036621094
6eb4bac5e25cf94ca96e504a,chewinggum,evaluation,61.83294296264648,61.4265251159668,60.86345672607422,56.928470611572266,45.154850006103516
6b489d8ce783a4e5cfab852e,chewinggum,evaluation,57.605918884277344,57.36519241333008,57.00730514526367,53.49115753173828,41.230289459228516
da706121f003b105e2a4388a,chewinggum,evaluation,62.14594268798828,61.73208236694336,61.138389587402344,55.938228607177734,40.894020080566406
0a215adeb5b013c30c68fd0e,chewinggum,evaluation,63.80733871459961,63.375946044921875,62.59767150878906,56.14607238769531,42.08251190185547
f8841723d4d2a206066c55af,chewinggum,evaluation,56.0272216796875,55.76651382446289,55.58790588378906,53.469669342041016,44.316776275634766
8b4a3ccfd4132686b42fbcb9,chewinggum,evaluation,59.0729866027832,58.46189880371094,57.96103286743164,55.55380630493164,47.42510223388672
594811ad03538d5f3e534da8,chewinggum,evaluation,51.06494140625,50.17755889892578,49.404273986816406,47.48325729370117,42.4755973815918
0d13d83973f60d6578a512be,chewinggum,evaluation,61.14316177368164,60.92543029785156,60.49373245239258,57.531959533691406,49.28834915161133
b05d167600b68cfe85542e05,chewinggum,evaluation,57.23054504394531,56.39308547973633,55.63258361816406,52.86805725097656,49.03806686401367
71510b5258e73094aff46487,chewinggum,evaluation,59.69243621826172,59.20598602294922,58.5094108581543,52.00438690185547,38.33036422729492
714ddb5f39389254f52215cb,chewinggum,evaluation,64.91555786132812,64.38301849365234,63.357666015625,57.60536575317383,43.68902587890625
a6604db46904f300e84025c6,chewinggum,evaluation,60.77521514892578,60.48910903930664,60.06793212890625,56.345882415771484,42.08611297607422
760e3fb40a3440d60bbcaffa,chewinggum,evaluation,64.42411804199219,63.98591232299805,63.14047622680664,56.09760665893555,40.18865203857422
c6aeb6255ff59209d6664c5b,chewinggum,evaluation,53.82512664794922,53.374210357666016,53.01958465576172,50.50539779663086,43.25767517089844
066a3dca9607bb33aaa4780b,chewinggum,evaluation,58.64031219482422,58.078609466552734,57.36613845825195,53.19677734375,41.60093688964844
28ab490ec39dbee5492f45e3,chewinggum,evaluation,60.230560302734375,60.29747772216797,59.7518424987793,54.77094650268555,41.7175407409668
95c759c74a2bc4da6fb0233c,chewinggum,evaluation,58.89356994628906,58.67412185668945,58.27482604980469,55.29220962524414,45.5153694152832
9682ae478ce44793fcb0d7ed,chewinggum,evaluation,52.73101806640625,52.84416961669922,52.645851135253906,51.29219055175781,42.29207229614258
bd8f7b7c687a57c6cf11cf1c,chewinggum,evaluation,58.7774658203125,58.51141357421875,58.22724533081055,55.68838119506836,46.00282287597656
546ff008627482c4c8df8e5e,chewinggum,evaluation,57.88785552978516,57.66942596435547,57.27537536621094,53.6983757019043,44.005950927734375
bbb87f02316bdcdb3ec20877,chewinggum,evaluation,54.1472053527832,53.217437744140625,52.450050354003906,47.50947952270508,38.433292388916016
7d09d6313d3bb04b55659b4b,chewinggum,evaluation,50.5948371887207,49.65245056152344,48.47132110595703,44.856876373291016,36.205230712890625
aa6df5c1695f18acce21dd6e,chewinggum,evaluation,52.445499420166016,51.413543701171875,50.52991485595703,44.157188415527344,34.90407943725586
2f3f1dded7b308e1144f5993,chewinggum,evaluation,50.38841247558594,48.875755310058594,47.93903732299805,42.7331657409668,36.09720230102539
a6c99a156fd2b092f486ab36,chewinggum,evaluation,51.87766647338867,51.261497497558594,50.33967971801758,44.59270095825195,35.89590835571289
c1c358dc514e6c44ee209df1,chewinggum,evaluation,44.06076431274414,42.8689079284668,42.089576721191406,39.03536605834961,34.375732421875
4db38eca7671a54c08d8a241,chewinggum,evaluation,46.63687515258789,45.515743255615234,44.84715270996094,41.3724250793457,34.68616485595703
b91c2b36915f8ed62dfefe3b,chewinggum,evaluation,46.350704193115234,45.07633590698242,44.25764083862305,39.928619384765625,34.06913757324219
3a714fadba9884c8fdd58c13,chewinggum,evaluation,43.81101989746094,42.55488967895508,41.600345611572266,38.080772399902344,34.53843688964844
7d923ff020fdfd9fd54a3b58,chewinggum,evaluation,60.62482833862305,59.11513900756836,57.80338668823242,49.165672302246094,37.222625732421875
058136b0d5e25024c80f75ca,chewinggum,evaluation,53.09253692626953,51.463836669921875,49.47340774536133,40.06283187866211,33.069427490234375
7eafb47d721a03d0036f76f9,chewinggum,evaluation,56.77069854736328,55.88882827758789,54.8590087890625,46.670345306396484,35.063758850097656
fa38428ed8c89036246b6862,chewinggum,evaluation,60.3303337097168,58.839134216308594,57.192386627197266,47.04780578613281,35.96829605102539
bb8826192d94b0b3d45ab97e,chewinggum,evaluation,56.55152893066406,54.910343170166016,52.9144172668457,42.42348861694336,33.48619842529297
a868ec24a48bd959b6736005,chewinggum,evaluation,59.40148162841797,58.2572135925293,56.58547592163086,47.36334228515625,35.793758392333984
c874b101e22e7a655bb3d46c,chewinggum,evaluation,59.49787902832031,57.8162727355957,56.28630828857422,50.055206298828125,45.07139205932617
1efee72500fad7320b5be130,chewinggum,evaluation,57.86613845825195,56.43622589111328,54.353267669677734,44.21483612060547,35.47868347167969
6ccd23e541128fabb48b58f5,chewinggum,evaluation,60.496341705322266,59.36498260498047,58.28806686401367,52.301387786865234,45.38127517700195
de5dd2d41b4cbbc5fcf362a9,chewinggum,evaluation,60.61062240600586,58.1027946472168,56.10832977294922,45.793128967285156,34.97690963745117
71a1f49ea0dfd82d2e66a6fd,chewinggum,evaluation,64.53046417236328,62.17776107788086,60.18793869018555,52.042476654052734,46.41012954711914
ed40ad1222413fa954e7d598,chewinggum,evaluation,55.14029693603516,54.02766799926758,52.60431671142578,42.7514762878418,34.00404357910156
16586200efa0c514159f57b9,chewinggum,evaluation,55.406246185302734,53.2202033996582,50.85401153564453,39.44707489013672,32.295326232910156
907f1f919b76044071c3b3f4,chewinggum,evaluation,53.376312255859375,52.33137893676758,50.973628997802734,42.47759246826172,33.65699768066406
fe2294ea97d7e7dd86903869,chewinggum,evaluation,55.3886833190918,54.32112503051758,53.17959213256836,45.2478141784668,35.14129638671875
d0a5fa27d6e1dc450a56749e,chewinggum,evaluation,56.432010650634766,53.9572868347168,51.76167297363281,41.76352310180664,33.79896926879883
678f6a5b1c4cb06377ba65ff,chewinggum,evaluation,59.72346115112305,58.65754318237305,57.421363830566406,50.50984573364258,37.68976593017578
75cfb13a0d50b224590bae09,chewinggum,evaluation,55.851070404052734,53.535465240478516,51.544639587402344,41.120643615722656,33.26526641845703
d6bddf44995bd449ba0c2466,chewinggum,evaluation,56.55580139160156,55.33799743652344,54.08642578125,49.087791442871094,45.164817810058594
c5b93025a1692c44cd687858,chewinggum,evaluation,63.99922561645508,62.07815933227539,59.941497802734375,49.2760124206543,38.99079132080078
96fa156262347f370ab71a7b,chewinggum,evaluation,55.25022888183594,54.048500061035156,52.29080581665039,43.214359283447266,34.65858840942383
1da7d41a6310e559ae3be57e,chewinggum,evaluation,62.2659912109375,59.85554122924805,57.595027923583984,46.142005920410156,34.81740951538086
25e539f58ee72a7486474724,chewinggum,evaluation,51.70745849609375,50.84622573852539,50.06610870361328,43.24838638305664,34.67731857299805
48069a8a6bd662ffe1e95f65,chewinggum,evaluation,54.82272338867188,54.16684341430664,53.34165954589844,46.04890441894531,35.606319427490234
badc60789706fd22253c8c7d,chewinggum,evaluation,59.58553314208984,59.07907485961914,57.81926727294922,49.0094108581543,36.285545349121094
f34461e5d329aaa195f61e70,chewinggum,evaluation,59.02083206176758,57.75078201293945,56.42107391357422,47.33658981323242,35.72849655151367
bdab47567e39be5a207695ab,fryum,calibration,30.763734817504883,29.53475570678711,29.068878173828125,28.421436309814453,27.494861602783203
c8116faeb5cca8e561307d5b,fryum,calibration,31.198802947998047,29.780488967895508,29.451284408569336,28.391220092773438,27.101055145263672
187ec13b1b510eb383f41998,fryum,calibration,31.0825309753418,30.397424697875977,30.117231369018555,29.190277099609375,28.11669921875
f4a0b98559b6f2d2640e8e8c,fryum,calibration,30.0543212890625,29.715669631958008,29.133434295654297,27.98578643798828,26.94547462463379
c4f897686c7ebaf6e50fcea8,fryum,calibration,32.31328582763672,31.015670776367188,30.453433990478516,29.530624389648438,28.404132843017578
3fe2f9167356a5a592763715,fryum,calibration,37.4013557434082,35.6091423034668,34.543033599853516,31.3520565032959,28.378570556640625
d4bc84e0d697d162bd3ffdb9,fryum,calibration,32.14240646362305,31.66584014892578,30.894779205322266,28.61359977722168,27.321928024291992
46169b496645eb9d5932bbbc,fryum,calibration,31.468067169189453,30.434635162353516,29.964828491210938,28.513940811157227,27.115568161010742
6285dbc152b7d9c364c33d45,fryum,calibration,34.009674072265625,32.88346862792969,31.86577606201172,29.745208740234375,28.1793270111084
b0d3b9c6a65a7f8b3ed71f58,fryum,calibration,34.30226135253906,33.59306335449219,32.870765686035156,30.174423217773438,28.058982849121094
510797c4bd095a7ae7be3154,fryum,calibration,35.33970642089844,33.949127197265625,32.819793701171875,29.668537139892578,27.64596939086914
3c14e5eb31b02c627988fe3a,fryum,calibration,32.17442321777344,31.543842315673828,30.98978042602539,29.665069580078125,28.19286346435547
2b5b9374be68900df24ecb5e,fryum,calibration,30.413471221923828,29.875391006469727,29.533430099487305,28.03911018371582,26.81299591064453
f759839b6a5968cf05adfde6,fryum,calibration,34.822601318359375,33.008480072021484,32.02415084838867,30.83652687072754,29.378293991088867
5f2369df860435c0defe62cf,fryum,calibration,30.318574905395508,29.693941116333008,29.260271072387695,28.06194496154785,26.962665557861328
fc3347d25c7f87fdbc817e87,fryum,calibration,32.44184494018555,31.234315872192383,30.65831184387207,29.579195022583008,27.720260620117188
a07ce5eb0fe9a91c13f57f67,fryum,calibration,32.50342559814453,31.26239013671875,30.976224899291992,29.8243465423584,28.271259307861328
dbe56e736eab833622499c10,fryum,calibration,29.953588485717773,29.029579162597656,28.491731643676758,27.585247039794922,26.46080207824707
9630ea7f42cf0797d0418f9e,fryum,calibration,33.18069839477539,32.330787658691406,31.623952865600586,30.221643447875977,28.746601104736328
8d51558824b43428d3c4e9c0,fryum,calibration,30.518564224243164,29.895715713500977,29.58595848083496,28.826250076293945,27.93638038635254
96c233800e9a84a5ad017bfb,fryum,calibration,30.96501922607422,29.88692283630371,29.374187469482422,28.34522247314453,27.357751846313477
d010ca1b1c86807fdfff63fe,fryum,calibration,29.71143341064453,28.549800872802734,28.390405654907227,27.993593215942383,27.329347610473633
feccba9e29adec609d083bde,fryum,calibration,32.74629592895508,32.334571838378906,31.88437271118164,30.01169776916504,28.47213363647461
52f493974b2004efd5db4fe3,fryum,calibration,33.15913391113281,31.608909606933594,31.263582229614258,30.343395233154297,29.118511199951172
e41320da8444664abb2c2a48,fryum,calibration,32.49324417114258,31.18355941772461,30.91448974609375,29.961524963378906,28.455251693725586
2fba81ebd3e3930a429cd180,fryum,calibration,32.38766860961914,31.188461303710938,30.374406814575195,29.09429168701172,28.089000701904297
7525e9405ec902e68f6a86d1,fryum,calibration,33.766841888427734,32.677188873291016,31.912050247192383,29.3607120513916,27.472759246826172
eb572aa5908fd13a5de66065,fryum,calibration,32.255916595458984,31.080726623535156,30.631471633911133,29.591167449951172,28.19428062438965
217a0b17c65497c55f185785,fryum,calibration,29.605751037597656,28.551733016967773,28.247129440307617,27.674949645996094,26.979082107543945
7885dc4bb2a09ea2d7907cae,fryum,calibration,30.05931854248047,28.93265151977539,28.689319610595703,28.195711135864258,27.320396423339844
854fa288b1797e2ec031d513,fryum,calibration,31.67645835876465,30.58443260192871,30.03813362121582,29.109577178955078,28.13182258605957
38571e483c7dc6bf66d971cb,fryum,calibration,32.851226806640625,31.558517456054688,30.741445541381836,29.081375122070312,27.548030853271484
6d19909d0afd736c1e2f6a11,fryum,calibration,32.39961624145508,31.503177642822266,31.031213760375977,29.464738845825195,28.04846954345703
76eece14e3339860e803e0fc,fryum,calibration,30.27640724182129,29.393850326538086,29.003860473632812,28.185169219970703,26.80707359313965
ccc5bb072080e8fe6e1e185f,fryum,calibration,32.91794204711914,31.993206024169922,31.460283279418945,30.54088592529297,29.23304557800293
bb770b00d69a6d88eceeb2dd,fryum,calibration,33.64823913574219,31.671234130859375,30.765348434448242,29.72391128540039,28.34256935119629
8159e604ba80cbdec81775d8,fryum,calibration,30.32603454589844,29.62441062927246,29.472009658813477,28.084787368774414,26.8541202545166
abe2272eb35ea7809ecbef94,fryum,calibration,29.636627197265625,28.653316497802734,28.46501922607422,27.84054946899414,27.032827377319336
6ee4b1e9a1fabfc3b5fbba22,fryum,calibration,36.2524528503418,35.56159591674805,34.93577575683594,32.5531120300293,29.976627349853516
7105d077867440369a954e81,fryum,calibration,32.24993896484375,31.369016647338867,30.607887268066406,29.259540557861328,28.211984634399414
1f98dd2b529de9650d508502,fryum,calibration,32.47245788574219,31.698266983032227,30.992420196533203,29.386686325073242,27.99471664428711
6e4cc7b1731a4955bfbd3c17,fryum,calibration,31.71728134155273,30.370527267456055,29.785245895385742,28.858144760131836,27.636207580566406
d6aca0ff3fc70b7c184e3e62,fryum,calibration,29.279964447021484,27.11180305480957,26.667856216430664,26.129505157470703,25.47768783569336
5c9e7645e9d13d63d1be91c0,fryum,calibration,30.12759017944336,28.347702026367188,27.899120330810547,27.371984481811523,26.563676834106445
5af2b3138898c85544f9bf83,fryum,calibration,31.7886905670166,31.429269790649414,31.230566024780273,29.921112060546875,28.392332077026367
5aa78f8b66cf726a2dc156a9,fryum,evaluation,34.06879425048828,33.61140823364258,33.20692825317383,30.99236297607422,28.985776901245117
711cbbd2d270bab44cc9fec8,fryum,evaluation,32.376644134521484,30.490867614746094,30.091875076293945,28.6733341217041,27.385608673095703
2454edc095428fb36d06020a,fryum,evaluation,31.557485580444336,30.55230712890625,30.118032455444336,28.480480194091797,27.311294555664062
5f6fd58767c305b317e855a3,fryum,evaluation,32.43403625488281,31.794124603271484,30.91678237915039,29.271541595458984,28.120485305786133
cf4f50b1ad3107941ef30973,fryum,evaluation,31.19841957092285,29.804590225219727,29.435840606689453,28.35032844543457,26.7857608795166
c557a543cf26f93e3e0a7f78,fryum,evaluation,33.443878173828125,32.33461380004883,31.60970115661621,30.10240936279297,28.799762725830078
8b538ea2567337a701b8b248,fryum,evaluation,29.496957778930664,28.292905807495117,27.97039031982422,27.361347198486328,26.62891960144043
66f8e76089fd44a815b10c40,fryum,evaluation,29.84050178527832,28.990510940551758,28.726970672607422,27.942642211914062,27.002050399780273
d3ed971db268fafd6ad16591,fryum,evaluation,30.52731704711914,29.557605743408203,28.84947395324707,27.854589462280273,26.905216217041016
16a8e7a9d23283a19f912f1c,fryum,evaluation,32.509334564208984,31.80635643005371,31.330322265625,28.86414909362793,27.127925872802734
3f022ceaac221140ef60091c,fryum,evaluation,32.78993606567383,31.9408016204834,31.465364456176758,30.290403366088867,28.70533561706543
085d4d97d4ccb17a25835d26,fryum,evaluation,33.3033447265625,32.084957122802734,31.303585052490234,30.047527313232422,28.735502243041992
617b6addb45c8bb6d8384c70,fryum,evaluation,33.319034576416016,32.11980438232422,31.311538696289062,29.693220138549805,28.088361740112305
13a69a91c9741f453af93f0b,fryum,evaluation,30.52155876159668,29.309322357177734,28.974544525146484,28.161840438842773,27.183332443237305
9237a6f55a27b5e7917adace,fryum,evaluation,31.34196281433105,30.71628189086914,30.236370086669922,28.96786117553711,27.6284236907959
804c2c210657617b35941f08,fryum,evaluation,32.69626998901367,31.281999588012695,30.664722442626953,29.86641502380371,28.43053436279297
98d8ae00c33fe647f9d199c3,fryum,evaluation,33.03571701049805,32.38645553588867,32.03899002075195,30.369192123413086,28.045547485351562
556766e22dc4fd23503aee6a,fryum,evaluation,31.971532821655277,31.343624114990234,30.967994689941406,29.857261657714844,28.150253295898438
9dd704384ac3629b7e53cb78,fryum,evaluation,38.31010818481445,37.646080017089844,36.85624694824219,32.821651458740234,29.189180374145508
c50428e560acce78d861ebeb,fryum,evaluation,36.87160873413086,36.35429382324219,35.703895568847656,32.71006774902344,30.22468376159668
6a48efa934e623a1d55d1f92,fryum,evaluation,29.26777648925781,28.704368591308594,28.456871032714844,27.66524887084961,26.76621437072754
68e089b63bd0881b530e8ab3,fryum,evaluation,33.231868743896484,32.164608001708984,31.656414031982422,30.33097267150879,28.597396850585938
7b49a8eb6d7e8a8fa276db61,fryum,evaluation,32.35034942626953,31.449289321899414,31.038288116455078,29.440628051757812,27.66322135925293
725ba2d795704a4d8931d293,fryum,evaluation,31.72124481201172,30.738195419311523,30.29901695251465,29.261680603027344,28.1057186126709
3a97cbe18f73ea327e5a12b6,fryum,evaluation,34.412532806396484,32.951873779296875,31.932687759399414,29.154193878173828,27.593772888183594
c611f14486a9c4a85a4ac2aa,fryum,evaluation,34.3199577331543,32.84561538696289,31.9205379486084,30.72174835205078,28.239469528198242
d6e51804a22ef5890ec094e3,fryum,evaluation,32.92717742919922,31.51261329650879,31.053916931152344,29.99679946899414,28.279335021972656
08db9c8cd1485c7caa97f390,fryum,evaluation,35.696617126464844,33.95078659057617,33.619808197021484,31.828083038330078,30.152936935424805
feab6973e4af8550dbe107af,fryum,evaluation,30.79596328735352,29.707719802856445,29.252134323120117,28.51812171936035,27.446216583251953
67f08995b2489387569a681f,fryum,evaluation,33.03386306762695,31.750041961669922,30.99150276184082,29.266477584838867,27.872854232788086
e791496adeca993506e0286c,fryum,evaluation,34.13877868652344,32.6700553894043,31.805274963378906,30.582857131958008,28.421924591064453
e733eaf8042a3012cf09f6df,fryum,evaluation,31.518115997314453,30.978981018066406,30.43179702758789,29.18705940246582,27.722719192504883
6519e9efcbd8c610ec520c5c,fryum,evaluation,32.21015548706055,31.44639778137207,31.033592224121094,30.126394271850586,28.75230598449707
e62c3ffaab1472ce8636f9bc,fryum,evaluation,32.08993911743164,31.198923110961914,30.337474822998047,29.006656646728516,27.812814712524414
0a5fb07aa4961d588f1ca0e4,fryum,evaluation,31.274168014526367,30.1866455078125,29.63304328918457,28.577802658081055,27.434295654296875
a21114d5a1a041931c6fa29f,fryum,evaluation,31.8916130065918,30.998613357543945,30.45305824279785,28.858293533325195,27.71828269958496
6311cc1c58efc24d76fd2692,fryum,evaluation,35.26641082763672,33.960716247558594,33.44289779663086,31.03680419921875,29.021814346313477
ecd10f70d94cc957e09fc413,fryum,evaluation,31.06655502319336,30.002334594726562,29.6090145111084,28.575193405151367,27.306255340576172
5ee84eb25b9f7eafcb0af435,fryum,evaluation,30.23096466064453,29.150737762451172,28.814491271972656,27.728750228881836,26.796051025390625
92ba6372b52e70ddae5967bc,fryum,evaluation,31.585750579833984,31.14697265625,30.70954132080078,29.449262619018555,28.110309600830078
ba552ffcec4839a339199394,fryum,evaluation,33.009033203125,32.46720886230469,32.23250198364258,30.55036735534668,28.23723602294922
edb94e71024b077a0317e9f4,fryum,evaluation,32.82611083984375,32.15731430053711,31.60113525390625,30.32906150817871,28.41497039794922
c036b0f3db53b0d6b313bd71,fryum,evaluation,36.69666290283203,36.09060287475586,35.266395568847656,32.01449966430664,29.3956356048584
9f93d8c5a0ed34fc0c650dc0,fryum,evaluation,30.561742782592773,28.661693572998047,28.037471771240234,27.267797470092773,26.426837921142578
b30db16c50602f2a6a1f923c,fryum,evaluation,32.129051208496094,31.73329734802246,31.308504104614258,29.914905548095703,28.164243698120117
4016a29bb66cea68e71fe186,fryum,evaluation,31.55611991882324,31.127716064453125,30.847492218017578,29.60441780090332,28.166988372802734
623555b6db9b9813180085d6,fryum,evaluation,31.22630500793457,30.453237533569336,29.971603393554688,28.43583106994629,27.004329681396484
467d16782bfbc399313c2707,fryum,evaluation,33.000919342041016,32.290985107421875,31.637557983398438,30.088815689086914,28.655540466308594
50b7b5bad5e656a04f0bf6a4,fryum,evaluation,30.4639835357666,29.52548599243164,29.221691131591797,28.5815372467041,27.61022186279297
9d8d730064e413ba889a495f,fryum,evaluation,31.466840744018555,30.531755447387695,29.6975040435791,28.136714935302734,27.159257888793945
ea02790de71c63f77a669219,fryum,evaluation,51.33146667480469,49.93680953979492,49.1571044921875,46.141204833984375,42.93616485595703
2bbd3ec51e301a81e9e62ea5,fryum,evaluation,51.52394485473633,49.966758728027344,48.629268646240234,44.76300048828125,39.01852035522461
70a994ee33a5a5f98d1a906c,fryum,evaluation,50.43929672241211,49.21413803100586,48.18825912475586,42.598976135253906,35.51512145996094
fe17b3bb7e6d91bf855be45a,fryum,evaluation,47.14508438110352,46.2027473449707,45.181640625,39.233158111572266,33.917293548583984
66794ed65d542169dff2c7dd,fryum,evaluation,59.50179290771485,58.14116668701172,56.23533248901367,46.955753326416016,35.75023651123047
3d13dece78f48cf7fa45ca33,fryum,evaluation,53.98936462402344,53.139434814453125,52.36626434326172,46.21457290649414,37.3999137878418
7b79b85be79dbd15a7ef0bce,fryum,evaluation,40.78926467895508,40.14345932006836,39.59774398803711,36.980533599853516,32.087860107421875
a0f1a3cc0818e0e5eb11e7e0,fryum,evaluation,39.01724624633789,37.76725387573242,37.07603073120117,34.67286682128906,30.905916213989258
0dc73ea3b7f6abcbf1a04e2d,fryum,evaluation,61.16784286499024,59.967044830322266,59.040992736816406,51.4909553527832,38.8916015625
80e711df3b1e427366c7b265,fryum,evaluation,48.09275817871094,47.294864654541016,45.68212890625,41.62570571899414,35.492767333984375
af89a3fc93367d11c2b90e46,fryum,evaluation,50.6681022644043,50.31763458251953,50.03371047973633,48.5468635559082,44.90031051635742
3f1ab61fe56559b5322f63dc,fryum,evaluation,51.14045715332031,50.55034255981445,50.063446044921875,46.421302795410156,36.831214904785156
3f616e47db6081139aa9591a,fryum,evaluation,51.3703498840332,50.10655212402344,49.01477813720703,41.85587692260742,33.675514221191406
3155f2ae7b4e017f3e4e86f1,fryum,evaluation,45.86246871948242,43.75508117675781,41.68079376220703,33.26398468017578,29.449691772460938
436d87387232af5c8e6b4e54,fryum,evaluation,50.595333099365234,49.25563430786133,48.61652755737305,43.319950103759766,33.840633392333984
92680a1824ed9434e44ccf98,fryum,evaluation,41.9080696105957,41.13571548461914,40.10536575317383,34.915504455566406,30.920473098754883
51e720649157b6d8b3828bf7,fryum,evaluation,52.33649063110352,51.26444625854492,50.047908782958984,41.947471618652344,34.4377555847168
0991fdba5270f68770239306,fryum,evaluation,40.457218170166016,38.900630950927734,38.06889724731445,35.770790100097656,31.98457908630371
da625f2507c8f5821a0fb44f,fryum,evaluation,51.02367401123047,49.84782028198242,49.145164489746094,43.529510498046875,33.80902862548828
7a2a31fbbd8f0df55dc8617b,fryum,evaluation,49.69681930541992,48.42539978027344,47.1624641418457,41.40799331665039,34.93562316894531
a173dd6ce470aa641462ae9e,fryum,evaluation,38.20674896240234,36.84636688232422,35.286739349365234,31.78299331665039,29.459152221679688
707a80fdfed85fafe655c101,fryum,evaluation,41.33997344970703,39.871238708496094,38.435611724853516,36.235565185546875,33.053131103515625
f547d01d4f8f187c7a38cfd7,fryum,evaluation,39.855587005615234,38.6048469543457,38.08942794799805,35.50419616699219,33.171390533447266
affc226aa78a52c4a9e5f55d,fryum,evaluation,41.49074172973633,39.03315734863281,37.6723518371582,35.70284652709961,33.73663330078125
11a192dfa2971876b4b07756,fryum,evaluation,34.87530899047852,33.47422790527344,32.379234313964844,29.710973739624023,28.13654327392578
f9d8f08a7f6b5e7422431cf4,fryum,evaluation,35.1278190612793,33.67542266845703,32.81038284301758,31.277931213378906,29.614545822143555
e977d01059e3d0cd388b1029,fryum,evaluation,35.24363327026367,34.08697509765625,33.84395980834961,32.789794921875,30.19753646850586
b8f197ee8c7dea0ba265d809,fryum,evaluation,35.75823974609375,34.27378463745117,33.06689453125,29.93440055847168,28.366901397705078
e1923bf3529e43dab3ed7a36,fryum,evaluation,40.463504791259766,39.5457878112793,38.74159240722656,35.05184555053711,30.312244415283203
0fdaf1bb08e3c9e6bdb2479d,fryum,evaluation,43.113014221191406,41.876304626464844,39.963138580322266,32.17123031616211,28.58702850341797
f3738daf5812e9a050851a6b,fryum,evaluation,40.458614349365234,37.94973373413086,36.766048431396484,34.32280349731445,30.882427215576172
232aebca13c2a3b682c8b7ff,fryum,evaluation,38.03950500488281,37.20554733276367,35.58181381225586,32.964481353759766,30.975387573242188
bf4604877c2cfdcdbd8c029c,fryum,evaluation,42.43413543701172,41.299888610839844,39.81565475463867,34.26769256591797,31.35042953491211
2659ffa91556eeb0ae66d2a3,fryum,evaluation,40.90237808227539,38.95216369628906,37.2540397644043,35.84069061279297,33.35991287231445
1e408470abc1d14f529400cf,fryum,evaluation,35.78692626953125,34.82133865356445,34.323238372802734,32.58155059814453,30.641124725341797
d2227a3a0a5ded10b84aa59f,fryum,evaluation,37.51118087768555,35.982704162597656,34.51683807373047,32.63561248779297,30.58810043334961
eea7ab4a971c68837368d286,fryum,evaluation,35.246089935302734,34.70247268676758,34.211944580078125,32.75662612915039,29.903919219970703
68972805f6af0e593581611e,fryum,evaluation,38.65792846679688,37.208003997802734,36.29332733154297,33.74928283691406,31.17646026611328
34bfd09d3c9568afa40da658,fryum,evaluation,45.07884216308594,42.741580963134766,40.81219482421875,34.98276138305664,30.666105270385742
ddec27e78f9f74f3e2195d7b,fryum,evaluation,40.18144989013672,39.398799896240234,38.49753189086914,34.54355239868164,30.47289276123047
c081952d49fb8a38e8ea14c0,fryum,evaluation,39.56539916992188,38.1057243347168,37.70273971557617,35.904903411865234,33.01591873168945
cf120c6cf7e688ef95928891,fryum,evaluation,54.42397689819336,52.92347717285156,51.70717239379883,46.42966842651367,41.40185546875
162aa2d55827363b0db982d3,fryum,evaluation,45.21173858642578,43.34038162231445,42.66836166381836,40.698917388916016,37.865455627441406
c3d104097bd1c0951b4d0e40,fryum,evaluation,53.42706680297852,52.31791305541992,51.45988464355469,47.18740463256836,38.592281341552734
8a3117f44d61e250231d0e6d,fryum,evaluation,52.89137649536133,52.00627517700195,50.937461853027344,47.650115966796875,42.75062561035156
b86aaa95e050983aa8e7257b,fryum,evaluation,56.132080078125,54.21335983276367,53.17689514160156,50.148616790771484,44.46619415283203
05e7d385d49a93944ed7d660,fryum,evaluation,51.29587936401367,50.13329315185547,48.50788116455078,41.94593048095703,36.31391906738281
d6ce54cb0cacacb1fac75ba2,fryum,evaluation,47.77946853637695,45.55738830566406,44.1240348815918,41.33814239501953,37.68169403076172
9bcd6e833b236cbc795dd8f5,fryum,evaluation,45.4249267578125,43.74653244018555,42.48008728027344,39.519378662109375,35.91193771362305
96e455da889c6a6022d6b24b,fryum,evaluation,48.6439094543457,47.57170486450195,46.67738723754883,43.4311637878418,37.39152526855469
983e626043ee09675b8a9bac,fryum,evaluation,53.23957824707031,51.185768127441406,49.61869430541992,45.32452392578125,41.10309600830078
eaebca4cccfbf87f3708bf9a,fryum,evaluation,51.42204284667969,51.208953857421875,50.94211959838867,47.707393646240234,40.86817169189453
936780b8fbb9114eb6559c17,fryum,evaluation,49.942020416259766,49.23502731323242,48.90571594238281,46.525428771972656,41.12101745605469
8c73db972249d627ce5cc42d,fryum,evaluation,52.6866569519043,51.76458740234375,51.056392669677734,47.876041412353516,42.77583312988281
9a233808680ccbe66eed60fd,fryum,evaluation,44.15311050415039,43.27710723876953,42.74030685424805,40.32875061035156,35.803863525390625
e20ded403e7b3f4022f9eb66,fryum,evaluation,52.256160736083984,49.41259002685547,47.40053176879883,40.1588134765625,33.87080001831055
76ae63a58d116bcef0b90bb7,fryum,evaluation,51.917518615722656,50.55823516845703,48.75054931640625,42.7853889465332,36.81092071533203
2f9c70e940c5c4abd5608c63,fryum,evaluation,52.09912872314453,50.48998260498047,49.02298355102539,43.577850341796875,36.465702056884766
8777878505d769902e372e93,fryum,evaluation,52.47364044189453,51.21980667114258,49.89375305175781,45.823543548583984,41.94697952270508
713a892fbe15f9c59edffe30,fryum,evaluation,52.69851303100586,52.03603744506836,51.23527908325195,47.9119873046875,41.44026565551758
7d64493def194919d5bbdfcb,fryum,evaluation,42.4210205078125,41.81559371948242,40.59406661987305,34.81324005126953,30.458568572998047
42f250bd04d6cb63ef16c4d1,fryum,evaluation,44.40205001831055,43.550716400146484,42.93674850463867,37.54650115966797,33.17695617675781
48f113c2ead423d88638113c,fryum,evaluation,49.708152770996094,48.91373825073242,48.185516357421875,41.6533088684082,34.09069061279297
e9808288b354bbd6915aa556,fryum,evaluation,50.140506744384766,49.08993911743164,48.39032745361328,43.0333366394043,34.82040023803711
d45de799c69ef8b198c8b57e,fryum,evaluation,49.30876159667969,48.418087005615234,47.46409225463867,42.696353912353516,37.476680755615234
731d88a997a147686f6da045,fryum,evaluation,44.44112777709961,43.70692443847656,42.70153045654297,39.839290618896484,37.21007537841797
8158fb697f286afef8136831,fryum,evaluation,39.04653930664063,38.360965728759766,37.64033889770508,34.2757453918457,31.27430534362793
f7dd88eae08a372459563c8e,fryum,evaluation,49.06558227539063,48.5696907043457,48.271854400634766,44.72355270385742,34.41205978393555
a307dc7bbe40b873d7ec1a1b,fryum,evaluation,56.22032928466797,54.741424560546875,53.59919357299805,46.31133270263672,35.709007263183594
75cd49382fc73712226d88a5,fryum,evaluation,50.26710510253906,49.10521697998047,48.18354034423828,43.17795181274414,34.650997161865234
cf1dff7c1f54fed52392a5af,fryum,evaluation,51.67377853393555,50.68448257446289,49.916481018066406,45.544090270996094,34.99229049682617
c75ae74b9c782ad4d76052db,fryum,evaluation,52.39532470703125,51.05295944213867,49.451332092285156,43.99144744873047,36.03929138183594
81f47bf243d5be7b46a06904,fryum,evaluation,48.4233283996582,47.46135330200195,47.079410552978516,44.606727600097656,35.923912048339844
331edf617fbde0bfb7ff3460,fryum,evaluation,49.93051910400391,48.71250534057617,47.92829513549805,42.56900405883789,32.93950271606445
353de009f49fc1c9357fcd65,fryum,evaluation,49.997535705566406,49.20433807373047,48.3162841796875,43.31383514404297,34.829505920410156
daa4b281797800bcf13aac29,fryum,evaluation,46.61658477783203,45.92958450317383,45.287933349609375,41.630615234375,33.598323822021484
0ce7b5f90467de3134ed6800,fryum,evaluation,42.90849304199219,42.42332458496094,42.068016052246094,39.18610382080078,33.10527038574219
3532bae072497217ef8de7cb,fryum,evaluation,44.11531829833984,43.40809631347656,42.66585159301758,39.337913513183594,32.76373291015625
7af56bdfdd3960808ce41cae,fryum,evaluation,49.9896240234375,48.39802169799805,47.59619140625,43.22264099121094,33.47059631347656
78bec2dc1371a65962c51669,fryum,evaluation,41.4946403503418,40.78485870361328,40.205509185791016,36.828880310058594,31.66283416748047
5b2fab7a0e399dec855935ef,fryum,evaluation,36.54750442504883,35.403594970703125,34.77638244628906,33.02175521850586,31.16948699951172
75b27c6c6e52d134a67b971e,fryum,evaluation,42.152191162109375,41.26371765136719,40.99546813964844,39.32465744018555,35.048648834228516
0567f015e56225dc7b608691,fryum,evaluation,45.55758666992188,44.62037658691406,43.258544921875,36.68612289428711,31.774002075195312
d4ec56d92b5bc3454049717e,fryum,evaluation,40.99739074707031,40.00753402709961,38.407020568847656,33.512229919433594,30.388364791870117
7c4a79c3d182c14dd86bf5e9,fryum,evaluation,46.491737365722656,45.73060989379883,44.888648986816406,41.91544723510742,35.77804183959961
e6b2601125b73e982bd8a6d1,fryum,evaluation,42.614044189453125,41.64805603027344,40.327735900878906,35.67156982421875,31.396869659423828
abccf93ccdf1ddd69aec4953,fryum,evaluation,44.650367736816406,42.5723762512207,41.05717849731445,35.666629791259766,31.26959228515625
4fcabf5d56be189db9f6ef7d,fryum,evaluation,38.76756286621094,38.165279388427734,38.00216293334961,36.885528564453125,33.92052459716797
e7ef16aed3002dad8595e1a8,fryum,evaluation,35.803436279296875,35.24838638305664,35.07265853881836,33.561767578125,31.472576141357422
e155f540bc071f756a015d82,fryum,evaluation,38.5282096862793,37.5738525390625,36.909645080566406,33.74261474609375,30.818490982055664
b02417ed927c24517ea53019,fryum,evaluation,41.72920227050781,40.923912048339844,39.97992706298828,35.659278869628906,31.557598114013672
5d5db8e43375cbdd66727f4c,fryum,evaluation,35.86167907714844,35.2503662109375,34.85521697998047,33.73347473144531,31.750036239624023
c09fe3ad04c8af091445e1e8,fryum,evaluation,34.891326904296875,34.40034866333008,34.02704620361328,32.53416061401367,30.093595504760742
be287c3d130dbab9e49c5e01,fryum,evaluation,34.60111999511719,33.72732925415039,33.180389404296875,31.936237335205078,29.774837493896484
d45d40f0cfe3ec168b544349,fryum,evaluation,34.25913619995117,33.42174530029297,33.22089385986328,32.23102951049805,30.097097396850586
2b0ddfa999dd7cd84c31ef1b,fryum,evaluation,34.06919479370117,33.48491287231445,33.2205696105957,31.984445571899414,30.094772338867188
e13aaf7261b73fb3560ccb8a,fryum,evaluation,37.00120544433594,36.06806945800781,35.042396545410156,33.4382438659668,31.475109100341797
44b07ba50ec832f94c291ff2,fryum,evaluation,33.15504455566406,32.190773010253906,31.451885223388672,30.312606811523438,29.26348876953125
46c4a50ff056ee2902a26b38,fryum,evaluation,35.91252136230469,35.12471008300781,34.86898422241211,32.98954772949219,29.639394760131836
6a83f42612ccc8d8c1801a32,fryum,evaluation,41.38121795654297,39.44764709472656,39.088600158691406,36.64286804199219,32.07060241699219
1baa800086090523864d3a1b,macaroni1,calibration,29.25786781311035,28.711645126342773,28.11187171936035,26.344327926635742,24.986997604370117
e09bd6863d1654ac0543dd0e,macaroni1,calibration,28.160898208618164,27.30645751953125,26.78691291809082,25.6709041595459,24.6785831451416
cd1fb687ea1e87b19abdb116,macaroni1,calibration,30.23279190063477,29.379444122314453,28.611717224121094,26.53768539428711,25.008588790893555
392b9d09ab52a18184bcf00c,macaroni1,calibration,26.33390998840332,25.501476287841797,25.002580642700195,24.131725311279297,23.285322189331055
ba840ca6fb303414c2350a4c,macaroni1,calibration,35.51723098754883,34.05952453613281,33.309959411621094,31.246585845947266,26.921491622924805
52c13276a01666c9b0e46b11,macaroni1,calibration,26.041189193725582,25.00995635986328,24.550533294677734,23.67603302001953,22.926847457885742
3b9054ce77f5886e41ff24a8,macaroni1,calibration,26.053272247314453,24.828752517700195,24.68565559387207,24.25201416015625,23.651674270629883
4ac599618d1f2aeebf058990,macaroni1,calibration,29.217103958129883,27.78567123413086,27.007776260375977,25.713815689086914,24.28091812133789
7d7e3e0fd6a61398789cc9fd,macaroni1,calibration,29.794410705566406,29.240875244140625,28.832616806030273,27.5242862701416,25.652202606201172
d2ff715157550acadadba0f8,macaroni1,calibration,30.8637752532959,29.76518440246582,29.40703010559082,28.169483184814453,26.063825607299805
b2f794a5b7e2de9e500979e1,macaroni1,calibration,27.72886276245117,26.94840431213379,26.7543888092041,25.57345962524414,24.360443115234375
eeae1efb31de90434401ff99,macaroni1,calibration,28.41157531738281,27.440937042236328,26.894208908081055,25.44963264465332,24.10079574584961
133fb97b4a46d6fc89458056,macaroni1,calibration,34.24064636230469,32.7533073425293,31.401397705078125,27.690919876098633,25.50267219543457
0001d619793eb3ae695414e2,macaroni1,calibration,26.42988586425781,25.51465606689453,25.113086700439453,24.279029846191406,23.526729583740234
08002ab5283f57e3502de94f,macaroni1,calibration,34.61879348754883,33.769893646240234,32.84098815917969,28.41577911376953,25.087919235229492
30e7567552ad9fb07fb9be63,macaroni1,calibration,28.698257446289062,28.057777404785156,27.52816390991211,26.50766944885254,25.398990631103516
576ab87bd5e1cfb32f5d13e5,macaroni1,calibration,31.21322250366211,30.034915924072266,29.147924423217773,27.070201873779297,25.431549072265625
261fb9a95a88fcb1fa0c78ef,macaroni1,calibration,27.86463737487793,26.92332649230957,26.514493942260742,24.941553115844727,23.747631072998047
676f26dc31d7d0e1f0ccce31,macaroni1,calibration,27.111093521118164,26.233179092407227,25.93389892578125,25.402210235595703,24.4670352935791
f554fd777ec2aef6c5374735,macaroni1,calibration,25.308313369750977,24.366840362548828,23.96157455444336,23.37276268005371,22.725963592529297
47dd0f533c734e3b3505c354,macaroni1,calibration,32.813018798828125,32.28504943847656,31.8012638092041,28.017534255981445,24.85983657836914
cc60f26238c37c68ed1a1fc7,macaroni1,calibration,29.20231819152832,28.243379592895508,27.91730308532715,26.235483169555664,23.86152458190918
669be523c3509e7a2b15e6fe,macaroni1,calibration,33.5869255065918,32.3743782043457,31.625608444213867,28.046218872070312,25.46635627746582
88ac314651d3cebfb04cedad,macaroni1,calibration,36.46499633789063,35.771240234375,35.21368408203125,31.986228942871094,27.58462905883789
27b0da8578b6ce1798565d80,macaroni1,calibration,30.39781951904297,28.76222801208496,28.238611221313477,26.735605239868164,24.90251922607422
cb1196f52d9dc7a432887b0f,macaroni1,calibration,42.50226593017578,41.447174072265625,40.43171310424805,35.716732025146484,30.906702041625977
b4db62ae4823c2fd5c6dece5,macaroni1,calibration,30.707353591918945,29.70155906677246,28.909591674804688,26.653282165527344,25.4061279296875
da773592c46fe1762ac4ea30,macaroni1,calibration,25.72026252746582,24.741649627685547,24.5168399810791,24.064428329467773,23.488622665405273
fbd0c98cae077bdf6faefe1c,macaroni1,calibration,26.122636795043945,25.60167121887207,25.355520248413086,24.775129318237305,24.139225006103516
ed4f5b83837fb6572932690e,macaroni1,calibration,29.011865615844727,28.45802116394043,27.88158416748047,26.379728317260742,24.673908233642578
ff2b22887b306f60c9365830,macaroni1,calibration,27.444334030151367,26.631118774414062,26.129011154174805,24.978586196899414,23.88224220275879
f1240665086213d781ff8ca0,macaroni1,calibration,35.39384460449219,32.59492874145508,31.281564712524414,26.97774314880371,24.085224151611328
a529b74c22e6fdb338661f4d,macaroni1,calibration,44.14899063110352,42.792625427246094,41.60521697998047,36.68439865112305,32.0709114074707
ddb12d34c412020b1eee9007,macaroni1,calibration,30.452320098876957,30.035715103149414,29.489946365356445,27.241111755371094,25.6028995513916
0abb3a0c5d5451b75cb255da,macaroni1,calibration,26.93939971923828,26.458032608032227,25.872682571411133,24.803340911865234,23.940427780151367
cb1e8763b28065eaf5bcf525,macaroni1,calibration,32.212646484375,31.863502502441406,30.984386444091797,27.40216827392578,25.139047622680664
0c0fa1e3a2dc78d848aeaf69,macaroni1,calibration,26.802217483520508,25.941984176635742,25.7725887298584,25.01303482055664,23.908300399780273
9535332a494397383fb09091,macaroni1,calibration,27.158523559570312,26.078357696533203,25.691347122192383,25.03338623046875,24.080904006958008
3427678904fe954eebc75d3b,macaroni1,calibration,32.593299865722656,31.917654037475586,31.737972259521484,29.842891693115234,26.416168212890625
f7687fafe513433f4c1d1957,macaroni1,calibration,27.16325569152832,26.650785446166992,26.03229522705078,25.09551429748535,24.075206756591797
7bdc3027b85781cce61da74f,macaroni1,calibration,27.856613159179688,27.0805721282959,26.874614715576172,25.96758270263672,24.7818603515625
3c542d1e8af9b5d03efd01e8,macaroni1,calibration,35.289794921875,34.640262603759766,34.26454544067383,32.32698059082031,29.048755645751953
40150784a6ff635defdc56e1,macaroni1,calibration,25.946556091308597,25.3649845123291,25.104719161987305,24.592191696166992,23.907808303833008
e31cd9882211d0204eba6443,macaroni1,calibration,34.98372268676758,33.44935989379883,32.36249542236328,29.0432186126709,26.127851486206055
3b9a6ec1a5c03ff1e1f9c224,macaroni1,calibration,26.43050575256348,25.952402114868164,25.421171188354492,24.441667556762695,23.67325782775879
a9dedcf73a19fe46baef9e77,macaroni1,calibration,32.62284851074219,31.593427658081055,30.895471572875977,27.332826614379883,24.690105438232422
a5b61b445a31650ff6e3b7f4,macaroni1,calibration,30.192455291748047,29.13100242614746,28.82710075378418,27.864330291748047,25.558818817138672
5d1801c94f95702081c405e0,macaroni1,calibration,27.101043701171875,26.137744903564453,25.880836486816406,25.172088623046875,24.44979476928711
ba62f5269a98e07f8320c6b3,macaroni1,calibration,25.76833915710449,25.203126907348633,24.770626068115234,23.856075286865234,23.188953399658203
b4a493944675a25c98996489,macaroni1,calibration,29.365238189697266,28.54048728942871,28.23600959777832,27.158348083496094,25.529211044311523
935efd3b4dddea3e067bb2fe,macaroni1,calibration,31.068225860595703,29.731170654296875,28.942852020263672,27.19477653503418,25.138675689697266
dac0807767fd621f4a765b69,macaroni1,calibration,27.143787384033203,26.424732208251953,26.043312072753906,25.087677001953125,23.826337814331055
3baf62d32e743499c9a19a25,macaroni1,calibration,32.09067153930664,31.339862823486328,30.749677658081055,28.43450164794922,26.44520378112793
8e5a32f55eb8602c36176472,macaroni1,calibration,31.823835372924805,30.734580993652344,29.978389739990234,28.739431381225586,27.22356605529785
2069e979e6e32af63dfa850b,macaroni1,calibration,37.30484008789063,35.791748046875,35.27884292602539,32.6927604675293,29.970130920410156
4be21640999640edfd31c128,macaroni1,calibration,39.19824600219727,38.14421081542969,36.8996696472168,32.097904205322266,28.50189208984375
5c367cfe98d0a884398daa8f,macaroni1,calibration,27.858661651611328,27.045616149902344,26.343015670776367,24.698158264160156,23.78343391418457
2f1344e756188716f7a60d59,macaroni1,calibration,33.669532775878906,32.76247024536133,32.161842346191406,29.6204776763916,25.816686630249023
43c8d656eae09a307d3c0b8b,macaroni1,calibration,39.5174446105957,38.50251007080078,37.69878387451172,33.269989013671875,28.08821678161621
88878b03c6b6bfd2f38972d3,macaroni1,calibration,29.190916061401367,28.39259910583496,28.003368377685547,26.70892906188965,24.97555923461914
231c0cde2c49e0eeea924c3b,macaroni1,calibration,32.01306915283203,31.63752555847168,31.256122589111328,28.892240524291992,26.4484806060791
6c364e32432be2c33262d345,macaroni1,calibration,41.78171920776367,41.22307586669922,40.845176696777344,36.341712951660156,29.462604522705078
4ac4a0b2cc200d2bf21a9c2f,macaroni1,calibration,26.057796478271484,25.05706787109375,24.78801918029785,24.288005828857422,23.578763961791992
68a7923896000fafc618026d,macaroni1,calibration,28.582353591918945,27.691265106201172,27.081655502319336,25.434431076049805,24.022226333618164
9538113161c9375861d9386f,macaroni1,calibration,27.35746192932129,26.86527442932129,26.534086227416992,25.77093505859375,24.80254364013672
85a9854cc3bbb6a42985bf84,macaroni1,calibration,30.19717788696289,29.50499153137207,28.99018669128418,27.499982833862305,25.98417091369629
a911c3996dab93796bd97d77,macaroni1,calibration,31.781930923461918,31.219722747802734,30.921953201293945,28.849035263061523,25.286108016967773
c0d08fc19b1f525e034a12bd,macaroni1,calibration,37.59391021728516,37.054779052734375,36.62611770629883,33.399627685546875,29.292240142822266
c21eb34bf8aa3be3ad4e9970,macaroni1,calibration,30.85123634338379,29.932817459106445,29.52941131591797,28.423486709594727,27.172571182250977
b71bfcb3737b39896b3981e3,macaroni1,calibration,36.75116729736328,36.0624885559082,35.40756607055664,30.648706436157227,27.150362014770508
6f48cde1b9e0b3890fa22d1a,macaroni1,calibration,26.09275245666504,25.268638610839844,25.041366577148438,24.497581481933594,23.758310317993164
1cb28881694d944bbb3f80b9,macaroni1,calibration,35.6832389831543,34.57138442993164,34.006343841552734,31.56137466430664,27.905426025390625
832abab0242cd26880edbb6b,macaroni1,calibration,27.02732276916504,26.408578872680664,25.904481887817383,24.587032318115234,23.676923751831055
7b469fffd6d6f774d40981c3,macaroni1,calibration,31.382850646972656,30.741941452026367,30.006450653076172,26.82489776611328,24.67105484008789
dea88015e1869fe434e0ecc6,macaroni1,calibration,27.963790893554688,27.466949462890625,26.83109474182129,25.29291534423828,23.92884063720703
89febed44d2f9491ba1954ef,macaroni1,calibration,32.32491683959961,31.896717071533203,31.499290466308594,29.10057830810547,25.954299926757812
398aa1c0f13d04f0836274b8,macaroni1,calibration,29.21304702758789,28.76352882385254,28.477725982666016,26.7388858795166,24.918413162231445
54feb56bcefe88fc74711721,macaroni1,calibration,47.5258903503418,46.28255844116211,45.06211471557617,36.411827087402344,26.87699317932129
79eeed8db6a03996dd986d67,macaroni1,calibration,32.394187927246094,31.20109748840332,30.37444305419922,27.252914428710938,24.990530014038086
1166c8594ae3b5c7697f2665,macaroni1,calibration,29.17734718322754,28.235591888427734,27.90353012084961,27.085580825805664,25.584199905395508
ce1f39d95343ce85691e6ace,macaroni1,calibration,30.18931007385254,29.229183197021484,28.754106521606445,27.85902976989746,26.15791130065918
02df69748a07b50164f8a2b3,macaroni1,calibration,26.95998954772949,26.007734298706055,25.72300148010254,25.153982162475586,24.32547950744629
68933c3c7608b313c6fbfb60,macaroni1,calibration,29.480802536010746,27.497661590576172,27.16716766357422,25.804645538330078,24.532699584960938
a839b6ebccc86ab7876fc721,macaroni1,calibration,39.05379486083984,37.90428161621094,37.14853286743164,32.93382263183594,26.5562744140625
8cd2136a6f5d323a5dfa50ea,macaroni1,calibration,44.33584976196289,43.46470642089844,42.74928665161133,38.11622619628906,30.117225646972656
56ff3d4e6f0b75112ccfd32f,macaroni1,calibration,39.23143768310547,38.230621337890625,37.28068542480469,33.540565490722656,28.990144729614258
89efd41663d7c8c45b83022f,macaroni1,calibration,31.77142143249512,30.703956604003906,29.773330688476562,27.469385147094727,25.209447860717773
ebb6df0981300e850ef06864,macaroni1,calibration,27.15924644470215,26.325653076171875,25.914960861206055,24.739171981811523,23.487218856811523
144fe1ec8e238618d53ce167,macaroni1,calibration,38.574851989746094,37.57069396972656,36.60532760620117,31.30434226989746,26.011018753051758
1a0f97b2cb81dc637bd48e50,macaroni1,calibration,28.089570999145508,26.866615295410156,26.048044204711914,25.204051971435547,24.39708137512207
e038dcce54a79b61a08a271c,macaroni1,evaluation,29.08928108215332,28.334707260131836,27.94791603088379,26.642871856689453,25.024202346801758
86eeb761e12b0f0c274e1f54,macaroni1,evaluation,36.07200241088867,35.39198684692383,35.008880615234375,33.15248489379883,29.883224487304688
4c2b87e998d1b5e51872271c,macaroni1,evaluation,28.42876434326172,27.096786499023438,26.846664428710938,26.25577735900879,25.16973876953125
6dc0bee62270288893be907b,macaroni1,evaluation,30.47344970703125,28.994625091552734,28.66632080078125,27.65129280090332,26.217185974121094
23bfbf5ef2a7f82eabbe32e2,macaroni1,evaluation,28.5561637878418,27.452863693237305,26.673839569091797,24.821414947509766,23.687700271606445
0f0fbdb4f186b1f6a2ee813d,macaroni1,evaluation,27.925525665283203,26.785598754882812,26.32579231262207,24.984609603881836,23.729978561401367
cc3859abf9a3b6f9c23cc414,macaroni1,evaluation,30.965124130249023,30.066078186035156,29.273818969726562,26.8946475982666,24.816543579101562
9bf48ad0de8dac2f8b60643b,macaroni1,evaluation,28.474214553833008,27.582090377807617,26.9330997467041,25.83612823486328,24.497882843017578
97b83bc1016922377294512c,macaroni1,evaluation,39.974647521972656,38.708553314208984,38.20789337158203,35.03129577636719,30.035659790039062
91fc5e19d8e892f4987ed7d5,macaroni1,evaluation,30.730379104614254,29.344276428222656,28.934249877929688,27.851688385009766,26.48486328125
8705a1c6127602a8a65f0859,macaroni1,evaluation,29.59604263305664,28.883169174194336,28.387998580932617,26.743104934692383,25.335363388061523
bd72045ddb156541fc1b57d8,macaroni1,evaluation,33.79774856567383,33.1124153137207,32.471744537353516,28.682220458984375,25.88285255432129
1d199f25afb8a12990b79de8,macaroni1,evaluation,32.34513473510742,31.426361083984375,30.69528579711914,28.0650691986084,25.691556930541992
355774e9d68ca541c307aa11,macaroni1,evaluation,33.619850158691406,32.49779510498047,31.902841567993164,28.56308364868164,25.56383514404297
2d7667d36b170f2fa8061346,macaroni1,evaluation,36.57445526123047,35.0949592590332,33.47294616699219,27.425430297851562,24.286706924438477
c9150880266351b4ea30f303,macaroni1,evaluation,30.73287773132324,30.01605987548828,29.50601577758789,28.10318374633789,26.30674934387207
a102796723837e755f6a51ee,macaroni1,evaluation,32.51024627685547,31.55805015563965,31.18930435180664,29.944311141967773,27.840097427368164
a03d919a020dfbeb44648b51,macaroni1,evaluation,34.649471282958984,33.72563934326172,32.857940673828125,28.40156364440918,24.553348541259766
cb13ee2309ea70fdfa9a82aa,macaroni1,evaluation,31.01728820800781,30.37143325805664,29.75151252746582,28.067028045654297,25.777698516845703
2e04bcc4021810e813fbcce7,macaroni1,evaluation,28.48101806640625,27.45854377746582,26.532546997070312,24.296796798706055,23.33367347717285
5ac982fc779fe515d968c55c,macaroni1,evaluation,27.906429290771484,27.102725982666016,26.75921058654785,25.538759231567383,24.053159713745117
d7b75dc170f79ba4079656f8,macaroni1,evaluation,27.43212890625,26.56336784362793,26.19143295288086,24.99237823486328,23.96796417236328
716775ebb7356a6c56c16b15,macaroni1,evaluation,29.37638282775879,29.090904235839844,28.664451599121094,26.823190689086914,25.460132598876953
c4dae2c5b6376b2e180790d5,macaroni1,evaluation,30.723617553710938,29.539749145507812,28.70701789855957,27.285024642944336,25.74444007873535
1b0032887856297d9c6df6d9,macaroni1,evaluation,27.70238304138184,26.85903549194336,26.56399917602539,25.630146026611328,24.482765197753906
520cd1ade211b12ba5e5f41e,macaroni1,evaluation,29.42262077331543,28.319536209106445,27.99681854248047,26.57802963256836,24.921728134155273
416300b678c37fba68363a3e,macaroni1,evaluation,32.45266342163086,31.432790756225586,30.491912841796875,27.88500213623047,25.405027389526367
b3f701616ea63cdd3c6033be,macaroni1,evaluation,33.429443359375,32.59197235107422,31.6519832611084,27.7342586517334,24.645801544189453
65fcd249b735d8e19349215c,macaroni1,evaluation,33.38787841796875,32.9600944519043,32.43966293334961,30.21278190612793,27.918243408203125
f78316c6ad95e095ce2064de,macaroni1,evaluation,44.20472717285156,43.61983108520508,42.898075103759766,39.526302337646484,30.45819854736328
9f89722dfc85075078cb67bf,macaroni1,evaluation,30.48643684387207,29.23701286315918,29.017333984375,27.756996154785156,25.181711196899414
7d6a7af201ca8181b65bd8ff,macaroni1,evaluation,26.03348922729492,25.34368896484375,25.08928871154785,24.24870491027832,23.447803497314453
72910ae560227fdcaad0aadc,macaroni1,evaluation,28.056137084960938,27.723190307617188,27.241403579711914,25.889081954956055,24.513742446899414
42a4f4d003782c1ab08404e8,macaroni1,evaluation,29.890321731567383,28.809329986572266,27.950057983398438,25.835895538330078,24.2347469329834
827d468e3d21d0e6dd9b270b,macaroni1,evaluation,33.08565139770508,31.924381256103516,31.12565803527832,29.12767791748047,26.66961097717285
f9425ff9505a9a5ef3ccc7ec,macaroni1,evaluation,32.69916915893555,31.875225067138672,30.75214195251465,26.660533905029297,24.562421798706055
d731cc7ef0d67138a3813b47,macaroni1,evaluation,32.53082275390625,31.06971549987793,30.698884963989258,28.2457275390625,25.357505798339844
2da8e091a994a4312f3b7c7c,macaroni1,evaluation,25.01238441467285,24.193801879882812,23.954795837402344,23.550601959228516,22.983016967773438
bf8ffd873dfc4dd768cd3d04,macaroni1,evaluation,27.538976669311523,26.682907104492188,26.202360153198242,25.20799446105957,24.038240432739258
b584fc55d4626fb9091417d9,macaroni1,evaluation,34.38250732421875,33.60130310058594,33.16790008544922,30.959823608398438,27.518447875976562
61560c6085eb134e5fcf083b,macaroni1,evaluation,31.805747985839844,31.01255989074707,30.3273868560791,27.928022384643555,25.935827255249023
e56d0912729acab49b30eca4,macaroni1,evaluation,40.395774841308594,39.49922180175781,38.29867935180664,32.92781448364258,27.795246124267578
3b9e3860cb3fc3c4fdb5e382,macaroni1,evaluation,31.903732299804688,30.270328521728516,29.7563533782959,27.709178924560547,24.508745193481445
9763d34caa5cf6e2e40559fa,macaroni1,evaluation,32.83614730834961,30.864036560058594,30.301265716552734,28.028085708618164,25.277122497558594
8cf50f81987d2fe0d6b3a76b,macaroni1,evaluation,28.700977325439453,27.44300079345703,26.729022979736328,25.31170654296875,23.946311950683594
133f5a68841537ec52c70973,macaroni1,evaluation,29.46476173400879,28.541357040405273,28.110477447509766,27.130226135253906,25.664880752563477
a5c5b59cb3aec6d5a84328b5,macaroni1,evaluation,27.16405296325684,26.702747344970703,26.302120208740234,25.33598518371582,24.356714248657227
aae0002b4c724394fa04f1d8,macaroni1,evaluation,30.069913864135746,28.897193908691406,28.59494972229004,27.220754623413086,25.595508575439453
99e57f8a6142249aa70c03ff,macaroni1,evaluation,34.24087142944336,33.40125274658203,32.67019271850586,30.127756118774414,27.758014678955078
1cfb217527b81f10167f2367,macaroni1,evaluation,30.667219161987305,30.15450668334961,29.616291046142578,28.07184410095215,25.57741928100586
ab1a1ad3bdb2f32731272e06,macaroni1,evaluation,39.112586975097656,37.74199295043945,36.892234802246094,32.78528594970703,27.74683952331543
adae9db36e1b1ca951ee26bd,macaroni1,evaluation,32.88950729370117,32.64100646972656,32.20047378540039,30.011810302734375,27.263370513916016
325afcd3b34093a75cef6138,macaroni1,evaluation,29.77439308166504,29.036216735839844,28.28601837158203,26.12101936340332,24.919401168823242
819c7147d9d7d4d0b76b5d76,macaroni1,evaluation,29.045167922973636,28.018674850463867,27.7157039642334,26.754528045654297,25.39148712158203
61bb5e06d63a99abe1c9ca59,macaroni1,evaluation,31.07416534423828,30.111303329467773,29.634057998657227,28.169795989990234,25.887292861938477
79d0fac8b20d6d9f7b17ba0c,macaroni1,evaluation,28.597957611083984,27.780139923095703,27.321203231811523,26.16541290283203,24.737640380859375
f54057a6a40346c568758ba4,macaroni1,evaluation,37.45166397094727,36.271568298339844,35.364891052246094,31.584686279296875,27.963542938232422
527124ecbaa64f17c39c5337,macaroni1,evaluation,29.78180313110352,28.750240325927734,28.255382537841797,26.73706817626953,25.196237564086914
bdb949ab8a73c03fac50dc51,macaroni1,evaluation,27.360538482666016,26.338891983032227,25.659284591674805,24.7172908782959,23.85642433166504
3a450993b1fd2050872e6bb2,macaroni1,evaluation,30.99533462524414,29.28814125061035,28.38382339477539,25.70754623413086,24.05872917175293
80fa55667e07b0a58bbf3af9,macaroni1,evaluation,28.678194046020508,28.22447967529297,27.873523712158203,26.698280334472656,25.361143112182617
a899b9de6c3d9c6dd5067117,macaroni1,evaluation,32.739501953125,32.3387451171875,32.123146057128906,30.081661224365234,27.15416145324707
e24c41fff25b9a759a3e7109,macaroni1,evaluation,34.95285415649414,33.91337203979492,32.83684158325195,28.580886840820312,26.28857421875
9cb028b16f7d97e922164775,macaroni1,evaluation,29.760581970214844,29.233774185180664,28.929716110229492,28.07502555847168,26.738008499145508
24651fd8edb41c5aad89d79e,macaroni1,evaluation,34.674991607666016,34.061866760253906,33.34467697143555,30.406801223754883,27.186534881591797
2d495fb96aae7e3d4984b61a,macaroni1,evaluation,32.21693420410156,31.501148223876953,30.75347900390625,27.076683044433594,23.98505401611328
d6e3dfdb4dcfd9d1abbb3bbd,macaroni1,evaluation,27.28923797607422,26.562847137451172,25.967979431152344,24.93438720703125,24.07813262939453
3d6b40836f0878dc1f897eca,macaroni1,evaluation,37.36164474487305,35.05219268798828,33.71807098388672,30.767322540283203,27.424991607666016
60c800d3cb38836c7ed959bf,macaroni1,evaluation,29.0658016204834,28.112516403198242,27.816299438476562,26.19251823425293,24.69409942626953
d847731059250850ed61867d,macaroni1,evaluation,32.83418655395508,31.235048294067383,30.736059188842773,29.407278060913086,27.18551254272461
beb72c20da77740b1cf2894b,macaroni1,evaluation,29.362194061279297,28.674631118774414,28.022275924682617,26.47768783569336,25.296924591064453
56a8bc11f880d5bd3e348b9b,macaroni1,evaluation,30.34575080871582,29.507335662841797,28.738723754882812,26.36463737487793,24.768041610717773
fbd19f86cedb4224b8ae8cc4,macaroni1,evaluation,35.166893005371094,34.737728118896484,34.23560333251953,31.291154861450195,27.44779396057129
5e3d4604dc5ea8337cee66d3,macaroni1,evaluation,28.729713439941406,27.834394454956055,27.600534439086914,26.449928283691406,24.91280174255371
abafc5d3bf2bbc5b1f12dc0a,macaroni1,evaluation,29.793529510498047,29.272205352783203,28.57767105102539,26.236480712890625,24.626144409179688
ccf029bd832ca16db792071d,macaroni1,evaluation,31.62322425842285,31.030654907226562,30.548702239990234,28.687007904052734,26.3914852142334
143c918fb8c7224562f0141d,macaroni1,evaluation,29.429832458496094,28.688213348388672,28.4130802154541,27.310972213745117,25.65599250793457
8de6efba55d47e2f9fcf26b2,macaroni1,evaluation,27.87961769104004,27.335905075073242,27.05961036682129,25.73369598388672,24.159225463867188
acadad5421bbb3fb90ce8731,macaroni1,evaluation,32.6921272277832,32.14980697631836,31.62657356262207,28.779695510864258,25.9664306640625
db56010d35504e42159af7bc,macaroni1,evaluation,30.765043258666992,29.927522659301758,29.626554489135742,28.468046188354492,26.585533142089844
bece8c7d3b0ac077c78d54d6,macaroni1,evaluation,31.757469177246094,30.93375015258789,30.551774978637695,29.248289108276367,27.007699966430664
f5c1a5244fd99ed800de704b,macaroni1,evaluation,28.41669273376465,27.532310485839844,27.042633056640625,25.979467391967773,24.52533531188965
6dda6c3c425297162e2cb481,macaroni1,evaluation,28.13839340209961,27.826465606689453,27.49590301513672,26.27510643005371,24.713123321533203
2440bf790bd243c686a3d8f3,macaroni1,evaluation,29.11796188354492,28.456151962280273,28.226369857788086,26.801469802856445,24.902555465698242
eaf9a66d2d04e6c3a6e5829e,macaroni1,evaluation,28.858715057373047,27.8828067779541,27.61667823791504,26.847707748413086,25.795650482177734
483e948bfe041e56d33ff034,macaroni1,evaluation,32.910057067871094,31.873836517333984,31.12763214111328,28.903026580810547,26.2225399017334
773ebf1c61a0d24126d6c7fb,macaroni1,evaluation,25.983997344970703,25.200456619262695,24.7313232421875,24.041872024536133,23.36091423034668
d389cda0bb605d982a7ad6a8,macaroni1,evaluation,34.82744216918945,32.73939895629883,31.4460506439209,27.179508209228516,24.55756950378418
6eea5f4ec8c873b499a24d78,macaroni1,evaluation,30.99207878112793,29.803621292114258,28.81149673461914,26.681732177734375,25.030664443969727
aa508c9e9b36a321288ea94e,macaroni1,evaluation,31.996362686157227,31.011327743530273,30.432764053344727,28.45050048828125,26.319032669067383
3ce378aff142c86c5415f797,macaroni1,evaluation,27.44911766052246,26.508543014526367,26.287015914916992,25.306093215942383,23.983322143554688
2082fd2f443731d54b457329,macaroni1,evaluation,29.87407875061035,28.578655242919922,27.843400955200195,26.638914108276367,25.54605484008789
4828c3fd010cd485680035b0,macaroni1,evaluation,30.263093948364254,28.950824737548828,28.03951072692871,26.562925338745117,24.995241165161133
32005d81be5fcfec4c8e4576,macaroni1,evaluation,26.99103164672852,26.307544708251953,25.65922737121582,24.50952911376953,23.67190170288086
4040f2f8333a99a40e58a1e9,macaroni1,evaluation,30.43448257446289,29.197851181030273,28.96413803100586,27.384525299072266,25.014991760253906
0b6f4855f72258c394c54157,macaroni1,evaluation,31.802413940429688,30.67434310913086,29.85651206970215,27.55588150024414,25.321054458618164
635c1f78face430b990865a1,macaroni1,evaluation,34.69437026977539,34.13212203979492,33.395057678222656,30.817138671875,27.907812118530273
36ee95659f39eabf650c9734,macaroni1,evaluation,34.30367660522461,33.53018569946289,32.80773162841797,31.072071075439453,29.109529495239258
0a5fc896034108697d256245,macaroni1,evaluation,25.704620361328125,25.37298583984375,25.019296646118164,24.19219970703125,23.236515045166016
fa2bf5f7b5c229d58704a75a,macaroni1,evaluation,26.992525100708008,26.601774215698242,26.389406204223633,25.423311233520508,24.380382537841797
259c3149bfd2e3b96010f6bd,macaroni1,evaluation,40.05150604248047,37.74862289428711,36.32461929321289,29.920194625854492,26.05817985534668
51085c0dde6572394f925b75,macaroni1,evaluation,32.71238327026367,31.905141830444336,31.454349517822266,29.43499755859375,27.063465118408203
9be5a91d9e1c43972f2cbb9f,macaroni1,evaluation,35.79962921142578,34.27566909790039,33.054325103759766,29.363122940063477,25.896129608154297
8c2143fdd3b3980b2d19b468,macaroni1,evaluation,38.19784927368164,36.44193649291992,34.6109504699707,29.507400512695312,26.19700050354004
2345d287749147fc1d326ea3,macaroni1,evaluation,38.19021224975586,36.72635269165039,35.15966796875,30.667625427246094,27.24659538269043
251140b68bcbff57a5e06fec,macaroni1,evaluation,36.00835037231445,35.00381851196289,34.045143127441406,30.629196166992188,27.167240142822266
0f35d2c299de03a383e80afe,macaroni1,evaluation,37.12084579467773,35.91444778442383,34.69350814819336,30.757339477539062,27.5351619720459
10d3e03993e06518157e65fc,macaroni1,evaluation,41.63451385498047,40.246978759765625,38.861328125,31.69894790649414,26.515451431274414
78f5e80e155e6e49e3262332,macaroni1,evaluation,31.9102783203125,30.666532516479492,30.39342498779297,28.591205596923828,25.89356231689453
53eca411b8cb199d728dcd82,macaroni1,evaluation,48.8962287902832,48.35663986206055,47.24835205078125,40.27771759033203,29.715173721313477
41931e192be7cce3b45b2940,macaroni1,evaluation,42.6615104675293,40.91361999511719,39.56447982788086,32.59628677368164,25.813518524169922
6cc0a6b7e23183b3cb8e719c,macaroni1,evaluation,39.7524299621582,38.3721923828125,36.55382537841797,30.83509063720703,25.67920684814453
6a6f17ea1be5882b16aed7f7,macaroni1,evaluation,35.601898193359375,34.867164611816406,33.54417037963867,27.512815475463867,24.686870574951172
29e7714a876f73909eaf12fb,macaroni1,evaluation,46.149227142333984,45.471519470214844,44.10665512084961,37.770652770996094,30.54854393005371
1da88bfbc807996365e990b0,macaroni1,evaluation,41.0610237121582,40.18464660644531,38.875247955322266,32.27952194213867,28.109926223754883
13295077e692b776977e90f1,macaroni1,evaluation,33.3829460144043,32.00515365600586,31.61016273498535,29.109582901000977,26.150238037109375
ba6523958ae850d02b5b3d0a,macaroni1,evaluation,39.08778381347656,37.27266311645508,35.57554626464844,31.06140899658203,26.505367279052734
c421503b61809f1136f3a315,macaroni1,evaluation,36.20600509643555,34.80546569824219,33.501224517822266,29.604658126831055,26.728565216064453
271f58cf3f9e2c3f6c6cb1d5,macaroni1,evaluation,39.25693893432617,38.11027908325195,37.2871208190918,32.88749313354492,28.45103645324707
9f508efba2b34d78c14ebf4b,macaroni1,evaluation,32.536468505859375,31.79361343383789,31.46820068359375,29.084257125854492,25.837839126586914
25f3f4cadc2dde03d0bacab4,macaroni1,evaluation,42.81513977050781,42.12221145629883,41.067527770996094,34.659515380859375,27.835899353027344
e92a3be4f89c01fdecf3c13f,macaroni1,evaluation,39.03690719604492,36.98643112182617,35.446922302246094,29.911840438842773,26.365901947021484
95d4e2804290b11c11db41b7,macaroni1,evaluation,39.17900848388672,37.48707962036133,36.8022346496582,33.063289642333984,26.682865142822266
654501aee741251968ca0c14,macaroni1,evaluation,40.92983627319336,39.68646240234375,38.163734436035156,30.41162872314453,25.680566787719727
df88bf7e9bb033178fb41335,macaroni1,evaluation,48.05765914916992,46.17768096923828,43.469085693359375,33.763160705566406,26.489700317382812
623e70869370a4627f59c678,macaroni1,evaluation,45.47657775878906,42.99798583984375,40.37004089355469,30.647335052490234,26.29242706298828
584c4d4b937541e3e8fc4467,macaroni1,evaluation,46.344688415527344,43.868797302246094,41.2432861328125,31.86905288696289,27.110576629638672
067ddfed88952e43c12bc42a,macaroni1,evaluation,47.97713088989258,45.02265548706055,42.59876251220703,34.6505012512207,27.534833908081055
bd48310a6a7abe1c8bc80fba,macaroni1,evaluation,45.499168395996094,42.36658477783203,40.99564743041992,34.16486740112305,27.451017379760742
ff8d68cda19e242035f7a986,macaroni1,evaluation,41.69783782958984,39.34260940551758,37.11250305175781,30.395915985107422,25.655132293701172
c8551eaef4dfb2c931d4c605,macaroni1,evaluation,37.28208923339844,36.11439514160156,34.75352478027344,29.253318786621094,25.99188232421875
d96aae817b19c7a8723b8caf,macaroni1,evaluation,50.678367614746094,48.480716705322266,45.6373291015625,35.83927917480469,28.072860717773438
969ed4892a21b13adc0de64a,macaroni1,evaluation,42.083438873291016,39.759979248046875,37.982696533203125,31.541112899780273,26.902612686157227
ebd7680b63278eca4ab27673,macaroni1,evaluation,44.595741271972656,42.6155891418457,40.378177642822266,31.119136810302734,26.718921661376953
e1f6891848736d49bcf75c60,macaroni1,evaluation,43.31870651245117,40.84068298339844,38.628936767578125,31.043258666992188,26.340612411499023
fc302ffa90bc1fac6118d74c,macaroni1,evaluation,39.325439453125,38.12705993652344,36.39239501953125,30.000030517578125,26.20106315612793
e5babd47840b5fb47ed26fc9,macaroni1,evaluation,41.75665283203125,41.005104064941406,39.05337142944336,33.1358642578125,28.152034759521484
985d85bec4b4efa1c7c68607,macaroni1,evaluation,47.30931854248047,44.2928352355957,41.584407806396484,31.376943588256836,26.40549659729004
78285238f65b7c9fa932013a,macaroni1,evaluation,57.34342956542969,55.12287521362305,52.795108795166016,39.08698654174805,27.4462890625
98b83d9bb42ef3e610d8f55c,macaroni1,evaluation,43.22881317138672,42.1954231262207,41.00779724121094,33.42566680908203,26.26553726196289
ce696f2bf7f8b1de7e417355,macaroni1,evaluation,54.87177276611328,52.276885986328125,49.825862884521484,37.29133605957031,27.316991806030273
4ffd9e26024323e77bcc20d1,macaroni1,evaluation,48.84423828125,47.17725372314453,45.69004821777344,36.294254302978516,27.473556518554688
cb801eb202924f8a85d48e26,macaroni1,evaluation,50.02120208740234,48.23231887817383,46.18429946899414,35.83742141723633,28.217220306396484
40de7bc67bc4efe486eb4fa8,macaroni1,evaluation,52.74750518798828,51.522064208984375,50.16594314575195,39.63864517211914,27.65077781677246
a9fa9d0cf2c594cfa408e420,macaroni1,evaluation,57.167388916015625,55.561222076416016,53.79861831665039,41.7953987121582,28.344955444335938
4e0ded510d62c7ba61cb9f50,macaroni1,evaluation,49.78985595703125,47.72969436645508,45.96223831176758,36.082759857177734,28.492088317871094
d8895294a23c7168af5aa474,macaroni1,evaluation,62.272071838378906,60.51449203491211,58.63349533081055,46.47813415527344,30.424625396728516
b7f407f081d3c4a18a659b99,macaroni1,evaluation,53.74875259399414,52.28830337524414,50.69412612915039,39.653865814208984,28.724422454833984
d3ca4706e5369328cc9988c8,macaroni1,evaluation,35.29887771606445,33.97002029418945,32.4680061340332,26.65363311767578,24.183210372924805
6fce8600bc3038b0e9240de1,macaroni1,evaluation,33.74821472167969,32.265933990478516,30.857263565063477,27.03134536743164,24.547504425048828
14c183f1381f0b21cf8a2106,macaroni1,evaluation,35.395206451416016,34.62718963623047,33.92381286621094,30.705429077148438,26.746633529663086
99684aada658938377885f6f,macaroni1,evaluation,38.29924774169922,36.8832893371582,36.46603012084961,33.74445343017578,28.821407318115234
f51af20dafe318b44789c933,macaroni1,evaluation,42.46954345703125,40.32341384887695,37.96958923339844,29.639516830444336,25.444942474365234
dbb50a366a8b491693704c54,macaroni1,evaluation,35.41109848022461,32.61552047729492,32.02695083618164,29.89153289794922,27.175722122192383
f033b99711b2346d705e4972,macaroni1,evaluation,40.94465255737305,39.96610641479492,39.41585922241211,36.99638748168945,31.547876358032227
7d1c867164af3b9437402cb4,macaroni1,evaluation,38.99980545043945,38.30001449584961,37.49044418334961,33.98177719116211,28.76024627685547
2fc54af7eb831978d6c0c25e,macaroni1,evaluation,40.7736701965332,38.06027603149414,35.81072998046875,30.338869094848633,26.324602127075195
c26f9c46fe963265e51e7d9c,macaroni1,evaluation,40.35975646972656,39.311767578125,38.639408111572266,35.608612060546875,29.00640296936035
0e433b70c0668ca3dd3dd1ae,macaroni1,evaluation,38.73093032836914,36.61619567871094,34.95393371582031,30.663984298706055,26.813947677612305
16181216c45b3f0bfba3307b,macaroni1,evaluation,35.06801986694336,33.564849853515625,32.5255012512207,30.07094383239746,26.80375862121582
c565b413df23a0ebcfbc6a7c,macaroni1,evaluation,42.47145080566406,40.895084381103516,40.04383850097656,37.614952087402344,34.57167053222656
a1fc30499cc531de35f8d50e,macaroni1,evaluation,41.17113876342773,39.110225677490234,36.81830596923828,29.652067184448242,26.143417358398438
b17630256afb67385ea21ce9,macaroni1,evaluation,40.84260177612305,40.563499450683594,40.02383804321289,35.991424560546875,30.42508316040039
e24af5bcea5b127faf12cb40,macaroni1,evaluation,36.62811279296875,34.69206619262695,33.970523834228516,31.36798095703125,27.834299087524414
e65ae977eb1fcd92a6bd63ce,macaroni1,evaluation,41.802642822265625,39.08176803588867,36.38357925415039,29.33377456665039,26.376611709594727
638abd854a72e1f7d01f8b49,macaroni1,evaluation,44.80750274658203,42.045318603515625,39.688270568847656,35.323944091796875,29.497173309326172
fe0f59551edb0f27d3946825,macaroni1,evaluation,39.40023422241211,37.03559875488281,35.40147399902344,31.84368133544922,28.506439208984375
f35da06699298c8dccfa5b4b,macaroni1,evaluation,38.55489349365234,36.50743865966797,34.58243942260742,30.595598220825195,28.19645881652832
5e269e1aef429fb78dd6a9f4,macaroni1,evaluation,42.53275680541992,40.78579330444336,38.75458908081055,32.826377868652344,28.84454917907715
2803f7fccd0d5162a7a3db22,macaroni1,evaluation,40.29856872558594,36.79103088378906,34.13594055175781,30.45344352722168,27.22115135192871
c6a5c6a7893471795272c2e8,macaroni1,evaluation,35.40693283081055,34.362815856933594,33.675785064697266,31.417173385620117,28.412633895874023
c290d272e54b12aa5b4c6cf8,macaroni1,evaluation,34.77711868286133,34.24360656738281,33.880611419677734,31.88364601135254,28.546100616455078
de1e2110de9d0d2285f2af2f,macaroni1,evaluation,42.94134140014648,40.75579071044922,39.043235778808594,31.81898307800293,26.644119262695312
b32933441242293194c28408,macaroni1,evaluation,42.02377700805664,40.398170471191406,38.79482650756836,32.85054397583008,26.508651733398438
b6642c6bb684eb9e7880574e,macaroni1,evaluation,39.87232971191406,39.17866134643555,37.96433639526367,34.53628921508789,29.138288497924805
e2025032a865176e25e58206,macaroni1,evaluation,38.33699417114258,36.089752197265625,35.36454391479492,32.933406829833984,29.60910415649414
2905db12308a3447e25ef517,macaroni1,evaluation,36.79825210571289,35.87421798706055,34.707515716552734,31.63290786743164,28.754819869995117
63063328f8c10b1f7f826f03,macaroni1,evaluation,40.03503036499024,37.762718200683594,36.371620178222656,32.6320915222168,28.83592414855957
bd8c82f8bbbd108306a3bfb5,macaroni1,evaluation,45.01005935668945,44.21822738647461,43.12847900390625,37.11849594116211,29.50579833984375
67b394201437c775a3f8cf6d,macaroni1,evaluation,50.20075607299805,48.0494499206543,46.36909866333008,41.31510543823242,34.681007385253906
0b3d289359dc893c12d78013,macaroni1,evaluation,34.322200775146484,33.37757873535156,32.7122802734375,30.575942993164062,27.204544067382812
4bfdfe23349cc38a681dc6ea,macaroni1,evaluation,38.96231842041016,38.06199264526367,37.20416259765625,34.58863067626953,30.53392791748047
6deecf099081e1f744af9a3e,macaroni1,evaluation,40.67624282836914,38.939510345458984,37.6352424621582,33.55977249145508,28.727256774902344
11a8694ae92e988093708a31,macaroni1,evaluation,36.40625,34.73481369018555,33.65890884399414,29.622764587402344,27.328372955322266
ac1c53cb6301e55ec304a394,macaroni1,evaluation,37.93583297729492,36.54458999633789,36.06049728393555,32.5440673828125,27.5877628326416
009ae6d6a7cf15f60e00275e,macaroni1,evaluation,37.90849685668945,36.211463928222656,34.914608001708984,28.71034812927246,25.253341674804688
f60a118233ac31406d15c996,macaroni1,evaluation,44.47793960571289,41.812564849853516,40.084896087646484,32.7331428527832,27.641529083251953
5129989f8e81fb6a8abbd966,macaroni1,evaluation,32.744808197021484,32.02649688720703,31.353404998779297,28.917787551879883,26.310544967651367
5ba9be9dce43d728a9f9989d,macaroni1,evaluation,41.91445159912109,40.565948486328125,39.17497634887695,33.91680908203125,29.573184967041016
d22f9c55dedb39fc3784ba9c,macaroni1,evaluation,37.657493591308594,35.53031539916992,34.11991500854492,31.309490203857422,28.086023330688477
d87c34803bde260541762a13,macaroni1,evaluation,35.51788711547852,34.78594207763672,33.91803741455078,31.056198120117188,28.255287170410156
fc763410d8b93160846ffc72,macaroni1,evaluation,35.574745178222656,34.225093841552734,33.1610107421875,29.15964126586914,25.59100341796875
b3520e891492cf0620a45437,macaroni1,evaluation,48.04341125488281,45.96396255493164,44.13493728637695,35.10525131225586,29.50438690185547
158c1a24504aa99270a9ace6,macaroni1,evaluation,33.4063720703125,32.06821060180664,31.585529327392578,29.698753356933594,27.472801208496094
124a3ce41aebda69a518a35e,macaroni1,evaluation,36.59747314453125,35.5607795715332,35.16115951538086,33.56534957885742,29.822141647338867
6dbf6a1c2a242638f234b770,macaroni1,evaluation,37.69622039794922,35.713134765625,34.17116165161133,29.61420440673828,26.461183547973633
502de3d0a3b80d5fe9a20206,macaroni1,evaluation,38.14459228515625,36.784828186035156,35.57808303833008,30.763456344604492,27.807308197021484
5d7adaa1a43aa8239aaae18a,macaroni1,evaluation,40.644187927246094,38.99348068237305,37.19721984863281,31.29717254638672,28.135433197021484
8686cee89c231ee9ac208eed,macaroni1,evaluation,45.33172225952149,43.51947784423828,41.94884490966797,34.51760482788086,30.60616111755371
704a758c54b5f09596f8244a,macaroni1,evaluation,49.77294158935547,47.12495040893555,44.944576263427734,36.829078674316406,30.315351486206055
05d2d292b4646a3f67482643,macaroni2,calibration,36.61328125,35.59235763549805,34.78586196899414,31.86247444152832,29.219669342041016
65bc4a02d63dd018103d595f,macaroni2,calibration,36.07926940917969,34.83207702636719,34.05970001220703,31.461509704589844,28.550989151000977
f7a528d194fcf92ee0b434a4,macaroni2,calibration,34.66158676147461,33.35786437988281,32.496482849121094,30.35425567626953,27.869674682617188
dc7e97618bc706d76487ffb9,macaroni2,calibration,35.67441940307617,35.1183967590332,34.27717971801758,31.219079971313477,28.515195846557617
6ee441020718a884f6f4845d,macaroni2,calibration,29.40740203857422,28.6557559967041,28.21817398071289,27.15113067626953,26.20876121520996
62a17b5727dc6530a85ef1f8,macaroni2,calibration,30.245939254760746,28.783845901489258,28.415184020996094,27.56853675842285,26.58333969116211
10c1074d12d0b26bffeddcc9,macaroni2,calibration,33.270469665527344,32.55205154418945,32.03300857543945,30.416940689086914,28.451658248901367
4e7db1334b8ab2104573f185,macaroni2,calibration,30.89562225341797,29.9186954498291,29.322874069213867,27.513181686401367,26.331199645996094
e6be939d64a739392b7397b7,macaroni2,calibration,32.67241668701172,31.57500648498535,30.428659439086914,28.350618362426758,26.541505813598633
9ca550a1faa02c06a4384112,macaroni2,calibration,32.34381484985352,31.77325439453125,31.020980834960938,29.210466384887695,27.550004959106445
192e84e7b946be7da306b6f5,macaroni2,calibration,29.55538558959961,28.999923706054688,28.52417755126953,27.462799072265625,26.39876937866211
45162f333ae26fddfe303563,macaroni2,calibration,38.77692413330078,37.71162414550781,37.23922348022461,32.97852325439453,28.707426071166992
219a53f868d7ce546ab83cb9,macaroni2,calibration,40.38851165771485,39.27945327758789,37.77358627319336,33.83234405517578,31.439058303833008
bb8b04022b075abed1b222de,macaroni2,calibration,35.215354919433594,33.63161849975586,33.17991638183594,31.858287811279297,29.26568031311035
6a448888a37d7aa172cf9901,macaroni2,calibration,32.50382232666016,30.988611221313477,30.674558639526367,29.586286544799805,27.44550132751465
a3965838f0687bb2179b8e14,macaroni2,calibration,34.2000732421875,32.78544616699219,32.29618453979492,30.809162139892578,28.74714469909668
16d9a21640b4c5398bb37591,macaroni2,calibration,34.611358642578125,33.507686614990234,32.66920852661133,30.55594825744629,28.145492553710938
a2c072c56a6fc594dd4b9005,macaroni2,calibration,30.441579818725582,28.818429946899414,28.296833038330078,27.219465255737305,26.29525375366211
18981c79a709a2099955afbc,macaroni2,calibration,32.64727783203125,31.588485717773438,31.21805191040039,29.549551010131836,27.44561767578125
b480eb12dc620178605862d2,macaroni2,calibration,36.49947738647461,35.6590461730957,34.71195602416992,30.978755950927734,28.1298828125
30d36e2e153df1df035ac044,macaroni2,calibration,36.44337844848633,34.83684158325195,33.9434700012207,30.939722061157227,28.74998664855957
ef1b049c0844d16c1abe6f72,macaroni2,calibration,38.43710708618164,37.777587890625,37.33282470703125,35.52903747558594,31.26043701171875
fa596eb6ab6844a05be3fc82,macaroni2,calibration,32.98509216308594,31.792510986328125,30.891328811645508,28.822654724121094,27.449195861816406
e572a17608ce7d5140016c3e,macaroni2,calibration,33.37607192993164,32.38783645629883,31.347558975219727,29.224483489990234,27.270069122314453
6caafa7ba6dfcc11d0f617ad,macaroni2,calibration,35.44296646118164,33.58455276489258,32.25669860839844,28.77338981628418,26.79120635986328
c7ec61dde32b86fdbb863003,macaroni2,calibration,36.47124862670898,35.61506271362305,34.85408020019531,32.945125579833984,29.032665252685547
e733c4d34f2a4090dbe05f50,macaroni2,calibration,37.61117935180664,35.29518508911133,33.51787567138672,28.990394592285156,26.801742553710938
a6f28d4d399e3a9ac3db718c,macaroni2,calibration,33.55632400512695,32.58933639526367,31.990331649780273,29.61507797241211,28.165828704833984
f3b6a8a6a19e925006c24670,macaroni2,calibration,35.49758529663086,34.14859390258789,33.726131439208984,32.18315505981445,29.75232696533203
58488d5dcb302e760a5ed6e7,macaroni2,calibration,29.60047721862793,28.704692840576172,28.289438247680664,27.524099349975586,26.738136291503906
b72e1259680ec000434ec917,macaroni2,calibration,32.979469299316406,31.530637741088867,31.00832748413086,29.499183654785156,27.71232795715332
6724122786e2eba422f8ee5f,macaroni2,calibration,32.84137344360352,31.616594314575195,30.69977378845215,28.8160343170166,26.98153305053711
11d840114e02446df8c492a5,macaroni2,calibration,31.939281463623047,31.27294158935547,30.77155876159668,29.28792953491211,27.698137283325195
d675d193811f8c300e9230de,macaroni2,calibration,34.57795715332031,33.52083206176758,33.0086669921875,31.49921989440918,28.999004364013672
de156ea15fa7cab5f07aaf40,macaroni2,calibration,31.88844108581543,30.74062728881836,30.18843650817871,28.660112380981445,27.283061981201172
b265fa5146a29488fc40eea7,macaroni2,calibration,30.59971809387207,29.58574867248535,29.207763671875,28.128742218017578,27.05471420288086
6ab23c95c271ad571f49d7da,macaroni2,calibration,30.832399368286133,29.840747833251953,29.648324966430664,28.806814193725586,27.129241943359375
7a10ec610ab203b6893dd7b5,macaroni2,calibration,41.147274017333984,40.15052795410156,39.07291030883789,35.14501190185547,30.691848754882812
d33aa12b8658fed291467a76,macaroni2,calibration,39.19108963012695,38.16057586669922,37.31107711791992,35.24802017211914,33.37364196777344
c350b51db1e355fd6398e627,macaroni2,calibration,30.722984313964844,29.220226287841797,28.401288986206055,27.231693267822266,26.113096237182617
76d05b933dff5a0066174508,macaroni2,calibration,32.96683883666992,32.14704132080078,31.638973236083984,30.092754364013672,28.17783546447754
099c144062092abe11aa0aa5,macaroni2,calibration,37.91673278808594,37.20823669433594,37.049407958984375,34.89931869506836,30.949684143066406
778716c91547175fe20060b8,macaroni2,calibration,35.12902069091797,34.4521369934082,33.87125015258789,30.54363250732422,27.85658073425293
79893cf6254eb3696175fd44,macaroni2,calibration,38.04751968383789,36.88689041137695,36.36821365356445,32.59476852416992,28.913869857788086
01bf8cf7ec65fafffc6f828f,macaroni2,calibration,36.46122741699219,34.90433120727539,33.612300872802734,28.48118019104004,26.017189025878906
64a099958ffe5629f914e44b,macaroni2,calibration,30.358064651489254,29.89293670654297,29.531421661376953,28.248498916625977,26.816532135009766
c29d193014026f8f4efcd407,macaroni2,calibration,40.15289688110352,38.351749420166016,37.28376007080078,33.053382873535156,28.790782928466797
038b8c6619fae0cd7ce7e762,macaroni2,calibration,28.55564308166504,26.6003360748291,26.265357971191406,25.782102584838867,25.138141632080078
55f09ede030d92299aa29874,macaroni2,calibration,35.86275863647461,35.19378662109375,34.75582504272461,32.11003494262695,29.334819793701172
41b3f8b05e5bc98d5245914f,macaroni2,calibration,32.42610549926758,31.848779678344727,31.192476272583008,29.568737030029297,27.596057891845703
8d2e5fb037a1fab33652937b,macaroni2,calibration,32.49944305419922,31.206947326660156,30.809240341186523,29.47901725769043,27.633630752563477
a8063424bef0a5c49a44679b,macaroni2,calibration,29.77693748474121,28.963096618652344,28.467483520507812,27.268842697143555,26.200807571411133
88d2328ba25746437caa9248,macaroni2,calibration,30.702709197998047,29.311635971069336,28.945392608642578,27.848081588745117,26.79108238220215
020a5d954626c4b1a404f800,macaroni2,calibration,39.73385238647461,38.15467071533203,36.932498931884766,32.95541763305664,28.444412231445312
090d122e739584d0c7f23cdb,macaroni2,calibration,41.01073455810547,40.22311019897461,39.36186218261719,34.2515869140625,29.49219512939453
b4f5a2d551794845686b176b,macaroni2,calibration,35.8420295715332,34.084251403808594,32.57357406616211,28.701904296875,26.784770965576172
c3babb607a6a64943bba3937,macaroni2,calibration,29.334774017333984,28.409812927246094,28.078725814819336,26.937578201293945,25.996583938598633
15edde4d42eec0fcaf86805b,macaroni2,calibration,31.303821563720703,30.04422378540039,29.280092239379883,27.413681030273438,26.202917098999023
0bb0a482b6f4ae9c5be79648,macaroni2,calibration,34.2313232421875,32.44449996948242,31.44659423828125,29.719602584838867,27.629520416259766
fca9006125515432f8a446e9,macaroni2,calibration,29.781938552856445,28.26178741455078,27.884483337402344,27.24730682373047,26.145273208618164
c9c4caa88736a874c3a1136c,macaroni2,calibration,31.90179443359375,30.885892868041992,30.253047943115234,28.46352767944336,27.225543975830078
bf0ad3fbede0cb319c6d6aee,macaroni2,calibration,30.791248321533203,29.395143508911133,28.819782257080078,27.848264694213867,26.9533634185791
fc4208e0aa9276a5c5d77be2,macaroni2,calibration,33.876792907714844,32.53718185424805,31.519790649414062,29.135154724121094,27.047426223754883
b6eaa5d9cc8ef769aadb9765,macaroni2,calibration,32.6353874206543,30.994691848754883,30.25525665283203,28.937318801879883,27.659515380859375
8f649a1f85943358b244cd1d,macaroni2,calibration,28.11122131347656,26.803966522216797,26.44101333618164,25.785951614379883,25.13669204711914
48535eccfad5bf4c712bb61e,macaroni2,calibration,39.13286209106445,38.614585876464844,37.86979293823242,34.91902542114258,30.572166442871094
52cb14fc6c14605414b5ff20,macaroni2,calibration,39.54384231567383,38.47081756591797,37.9417610168457,36.095149993896484,30.864910125732422
2e1a8a38ba204b4a41f3616a,macaroni2,calibration,39.19285583496094,38.24966812133789,37.47465515136719,34.58207702636719,31.04522132873535
9137b2c1e4ef5ccd14a19704,macaroni2,calibration,32.41136169433594,31.378520965576172,30.901805877685547,29.40496253967285,28.011314392089844
1db345e123c520e083b4a5e7,macaroni2,calibration,30.84192276000977,30.06491470336914,29.538469314575195,28.509180068969727,27.28609848022461
0c2ef6fb8a6a89471eabc757,macaroni2,calibration,31.11973190307617,30.321884155273438,29.542604446411133,27.492008209228516,26.04416275024414
239a66b32787de4bb2bfbeb2,macaroni2,calibration,39.7196159362793,37.70512008666992,36.109745025634766,31.215356826782227,27.875734329223633
863c2224efc178ed6e09a4b4,macaroni2,calibration,37.7856559753418,36.46784973144531,35.598670959472656,32.23438262939453,29.340839385986328
13bf20341c4830cea3091af1,macaroni2,calibration,31.994930267333984,30.872074127197266,30.338483810424805,28.535343170166016,27.079486846923828
07bb5a747e1b35f0eec2a0a6,macaroni2,calibration,33.66056823730469,32.27003860473633,31.450857162475586,29.54411506652832,27.71870231628418
d3dc65e1f44a1665365e902a,macaroni2,calibration,29.28245735168457,28.41636848449707,28.16509437561035,27.470901489257812,26.218080520629883
5e7de9e9ada2b80ced024acc,macaroni2,calibration,36.37833404541016,35.58356857299805,34.692787170410156,31.950702667236328,29.35708236694336
955d78e4475bca1933731af7,macaroni2,calibration,38.0147590637207,37.58769989013672,36.67315673828125,33.759849548339844,30.368257522583008
3a8c5c94921fa3868f9314a4,macaroni2,calibration,35.111690521240234,34.38941955566406,33.49006271362305,30.679241180419922,28.10287857055664
714ecc0d6bfa03cc128bf6ad,macaroni2,calibration,30.660978317260746,29.873239517211914,29.47538948059082,28.168354034423828,26.620851516723633
44c5f564aad3a060da360872,macaroni2,calibration,34.885536193847656,33.70145797729492,32.041717529296875,29.444028854370117,27.565956115722656
67efc558dd9ed652857ed611,macaroni2,calibration,28.592737197875977,27.822723388671875,27.52984619140625,26.847074508666992,26.000629425048828
e5431d6fd62cf3cb0a9cccbf,macaroni2,calibration,32.15237808227539,30.85129737854004,29.98147964477539,28.142438888549805,26.92776107788086
83e256e517f4a26b84b1ffd0,macaroni2,calibration,32.86597442626953,32.201229095458984,31.7105655670166,30.054805755615234,28.202543258666992
a5d63de02791d43b23029aba,macaroni2,calibration,32.692535400390625,31.332860946655273,30.313692092895508,28.566225051879883,26.94784164428711
1e41c8109edbe19d63e3ac0a,macaroni2,calibration,32.68039321899414,31.736045837402344,31.302976608276367,29.81744384765625,28.167938232421875
27ea559654c1229f157208ab,macaroni2,calibration,33.00210952758789,32.180137634277344,31.486858367919922,29.69698715209961,27.765268325805664
22071d38ffec95cc2dc737db,macaroni2,calibration,31.233333587646484,30.404157638549805,29.901456832885742,28.495357513427734,26.785131454467773
a119b31abdc36384445192e2,macaroni2,calibration,31.425233840942383,29.45724105834961,28.743532180786133,27.522964477539062,26.341833114624023
f2716ea8426152f3b061ae8d,macaroni2,calibration,35.728271484375,35.1079216003418,34.47126770019531,30.919727325439453,28.242902755737305
9da0ffc2091c2342b27f0ed6,macaroni2,evaluation,31.732038497924805,30.13233757019043,29.263452529907227,27.42000389099121,26.18527603149414
4ce08cc3f03aef08b962dfed,macaroni2,evaluation,41.31885147094727,39.19801330566406,37.79808044433594,33.879947662353516,30.392866134643555
0e4daf882b8988af5fcf1473,macaroni2,evaluation,43.37515258789063,41.60599136352539,39.872005462646484,36.19358444213867,33.063392639160156
e78674eb9a38c75a58aed675,macaroni2,evaluation,31.799842834472656,31.244035720825195,30.69354820251465,28.86272430419922,27.31394386291504
c7103f841b898a97a1674921,macaroni2,evaluation,31.728107452392575,30.05904769897461,29.543787002563477,28.463241577148438,27.21213722229004
d375ce7f704f3b7c889f1734,macaroni2,evaluation,30.033559799194336,28.737001419067383,28.16158676147461,27.22333335876465,26.074182510375977
309e0cbefe455b2ea22f3eec,macaroni2,evaluation,40.73328399658203,39.912296295166016,39.35680389404297,36.109989166259766,32.84378433227539
164c0016c2da5c69740eee95,macaroni2,evaluation,32.80097579956055,32.41189193725586,31.93535804748535,29.96687889099121,27.761838912963867
dcbe16d9b9ec8faa5595ad42,macaroni2,evaluation,34.936973571777344,33.9022331237793,33.58795928955078,32.443145751953125,29.636014938354492
3310468cd5959578286518b4,macaroni2,evaluation,45.5760383605957,44.98887634277344,44.017337799072266,39.17427062988281,31.97670555114746
21f0bb03132d4e3d206597ca,macaroni2,evaluation,34.78571701049805,33.35880661010742,31.938186645507812,29.274761199951172,27.571666717529297
b72ce5b7a2813bddf34f0065,macaroni2,evaluation,33.83517074584961,32.73429489135742,32.00450897216797,29.48762321472168,27.64171600341797
aa33aef7a2c073fb92ac6337,macaroni2,evaluation,32.0649299621582,30.854080200195312,30.281829833984375,27.91917610168457,26.32893943786621
02a89308f4b562fed27e6207,macaroni2,evaluation,29.94606590270996,29.136123657226562,28.758020401000977,27.74675750732422,26.70962905883789
6a5e077611d91f85af23e4e8,macaroni2,evaluation,31.099327087402344,29.969764709472656,29.51481056213379,28.214397430419922,26.955446243286133
c306d8f37fb5e260b7c60323,macaroni2,evaluation,36.12876510620117,35.10371780395508,34.13690948486328,29.589149475097656,26.405988693237305
ea5e29282e9754ce4894f880,macaroni2,evaluation,31.396059036254883,30.738550186157227,29.907150268554688,28.637210845947266,27.435321807861328
6121cf68a38bea901bb0f71c,macaroni2,evaluation,38.91963577270508,37.95442581176758,37.50094223022461,35.9203987121582,32.933441162109375
fb6fd948ff3d2f81adef3bad,macaroni2,evaluation,33.731319427490234,33.15476989746094,32.417266845703125,30.150850296020508,28.021244049072266
56f69bf206010558832c42a1,macaroni2,evaluation,35.456485748291016,34.1868782043457,33.406455993652344,29.850656509399414,26.83814239501953
b04be9f194980fbb2a9cf26a,macaroni2,evaluation,36.30537796020508,34.37443923950195,33.91883087158203,30.400970458984375,27.644062042236328
ed993a9c64ca89886c148271,macaroni2,evaluation,32.288055419921875,30.88314437866211,30.06290626525879,28.50467872619629,26.73344612121582
50189745af4b016360d4129b,macaroni2,evaluation,32.4281005859375,30.959348678588867,30.27955436706543,28.787343978881836,27.68951988220215
bf9f82d3c74a69eaef139ef6,macaroni2,evaluation,32.94825744628906,31.480602264404297,31.203533172607422,29.860578536987305,28.010112762451172
09f1a0bba5eccd98d28321b7,macaroni2,evaluation,33.42022705078125,32.58399200439453,32.06975173950195,31.020153045654297,29.281415939331055
e342c21e8cf0553d4ef011ad,macaroni2,evaluation,32.82651138305664,31.757080078125,31.043745040893555,28.561037063598633,27.11878776550293
1aff5fdea116b013b67f3db7,macaroni2,evaluation,32.4874382019043,31.287982940673828,30.38674545288086,28.05253028869629,26.128244400024414
6a8cb89542d8aed5de20cdb8,macaroni2,evaluation,35.28574752807617,34.2286376953125,33.35500717163086,30.43694496154785,27.93592643737793
41e5417234996b87cd1835ec,macaroni2,evaluation,32.651241302490234,31.757505416870117,31.3046875,29.968727111816406,28.228891372680664
59d3f3d775269be95a8f8a32,macaroni2,evaluation,35.0290641784668,33.05158615112305,32.44529724121094,30.911100387573242,28.558902740478516
3c1c6d0235e4b7d97bbf6e9e,macaroni2,evaluation,32.21477508544922,31.076139450073242,30.333126068115234,28.713024139404297,27.074546813964844
c665ef64c2eca25fee802f1b,macaroni2,evaluation,31.834131240844727,31.44553565979004,31.077693939208984,29.452695846557617,27.692707061767578
2e3f1b75a27dd34d2dbf7338,macaroni2,evaluation,38.91368865966797,37.94455337524414,37.28091049194336,33.6664924621582,30.134746551513672
717ef4406a5e2364275bb6fb,macaroni2,evaluation,31.766334533691406,31.082050323486328,30.471847534179688,29.134660720825195,27.828632354736328
118ef857f2ae60c7e8957fd4,macaroni2,evaluation,39.99296188354492,39.16807174682617,38.363399505615234,33.97968673706055,29.696401596069336
a5b79a1b2ba4a1da799096c7,macaroni2,evaluation,36.88272476196289,36.04768371582031,35.12348556518555,31.23845100402832,28.932146072387695
cd1f67970d567bf75d873a22,macaroni2,evaluation,38.065547943115234,37.2720947265625,36.52907943725586,33.89086151123047,30.355037689208984
fd916768b573d0a26a5c2686,macaroni2,evaluation,30.56524085998535,29.389257431030273,29.1074275970459,28.472152709960938,27.442529678344727
0b1f80db3ba12c4ac074aee5,macaroni2,evaluation,31.944568634033203,30.446529388427734,29.71082305908203,28.127214431762695,26.710628509521484
b639b503ce63224c0cefbd13,macaroni2,evaluation,35.3575325012207,34.30939483642578,33.67547607421875,31.836307525634766,29.6932315826416
12aa988e2c192ec197791e10,macaroni2,evaluation,48.16483688354492,46.82680892944336,44.94893264770508,35.74015426635742,29.54631996154785
3920b4cb838bea1997e763d6,macaroni2,evaluation,37.92576599121094,37.226898193359375,36.7785758972168,35.007568359375,31.7821102142334
b7b8ebc2d46f90d036593472,macaroni2,evaluation,33.41402053833008,32.08256149291992,30.755645751953125,28.074787139892578,26.427949905395508
0deb769b37a56e959b7f77c2,macaroni2,evaluation,36.50901794433594,35.75387954711914,34.764408111572266,32.15388107299805,28.67593765258789
71468190937308a18f30e53e,macaroni2,evaluation,30.555938720703125,29.507783889770508,29.311479568481445,28.52860450744629,27.222043991088867
35427a6ae432f98d18759137,macaroni2,evaluation,35.936710357666016,35.17742919921875,34.44914627075195,32.20857620239258,28.439964294433594
1b7432f592af1c52df4dc2ff,macaroni2,evaluation,37.116024017333984,36.03730010986328,34.942649841308594,30.81938362121582,28.0867862701416
c5e900adfeb212975ed0b2e9,macaroni2,evaluation,32.243255615234375,31.16447639465332,30.74549674987793,29.996496200561523,28.686660766601562
f3622dc004565594e8cf378c,macaroni2,evaluation,37.596309661865234,36.77705383300781,35.957069396972656,34.099727630615234,31.294424057006836
35325a2687895d2bacdc9adf,macaroni2,evaluation,34.401004791259766,33.25294876098633,32.474124908447266,30.433578491210938,27.861347198486328
452935a32559a9d95deda4a0,macaroni2,evaluation,30.97956275939941,30.469825744628906,30.24334716796875,28.5087833404541,27.083154678344727
d0993e7b4c424800241a3808,macaroni2,evaluation,36.013771057128906,34.46278381347656,33.551239013671875,31.746152877807617,29.101341247558594
acdf486bceecd691f962c6ce,macaroni2,evaluation,32.23015594482422,31.13129997253418,30.48600196838379,29.268259048461914,28.224227905273438
c325c4637ed0fa9d401e9f02,macaroni2,evaluation,34.572608947753906,33.73060607910156,33.03007507324219,30.632558822631836,28.80283546447754
fac9a280713713c1ee92c98c,macaroni2,evaluation,35.09632110595703,32.623966217041016,31.595115661621094,29.879940032958984,27.90513038635254
e67e1dd2e4230ef649ae849a,macaroni2,evaluation,33.0286750793457,32.012264251708984,31.38507843017578,28.525272369384766,26.64855194091797
7af698b52f598887c4bb78b9,macaroni2,evaluation,33.79271697998047,32.63935852050781,31.70948600769043,29.188953399658203,27.460323333740234
a325436f9233ae63da45f6d3,macaroni2,evaluation,35.28655242919922,33.397945404052734,32.544090270996094,31.021806716918945,28.72206687927246
ae3fd6797784509642603703,macaroni2,evaluation,32.3990592956543,31.38731575012207,30.582382202148438,28.501861572265625,27.010730743408203
6243c02a73546cacb7e4eefd,macaroni2,evaluation,34.06538772583008,32.28959655761719,31.33778953552246,29.833324432373047,28.187076568603516
ad4f0fbd7905e6cfb6aa38fd,macaroni2,evaluation,37.58208847045898,35.905643463134766,34.819007873535156,31.448888778686523,28.5157527923584
bf5878376781c99626df030d,macaroni2,evaluation,34.74591827392578,33.5295524597168,32.71756362915039,30.29753303527832,28.36978530883789
540691390f66f545f0222fa4,macaroni2,evaluation,32.5314826965332,30.989479064941406,29.99062728881836,27.992664337158203,26.55486297607422
5ebc528bdf155246b8101882,macaroni2,evaluation,37.2122688293457,36.146507263183594,35.306854248046875,31.563146591186523,28.111072540283203
27f6af7a7e085f3e53255dce,macaroni2,evaluation,38.23160552978516,37.332374572753906,36.48639678955078,33.008426666259766,29.548572540283203
112963ef3ded1b898260b897,macaroni2,evaluation,33.309547424316406,32.39479446411133,31.39356231689453,28.769996643066406,27.255258560180664
f11e3521ef9d69e591cad3df,macaroni2,evaluation,37.66748809814453,36.84986877441406,35.698692321777344,29.932836532592773,26.762210845947266
e8a24b423b327939418141bc,macaroni2,evaluation,32.953163146972656,31.989192962646484,31.632455825805664,29.957212448120117,27.942148208618164
058e9aea4df0e4413124ca53,macaroni2,evaluation,35.74812698364258,34.41390609741211,33.71528244018555,31.65026092529297,28.108097076416016
e4c92fe01ea54f67f7627042,macaroni2,evaluation,35.789146423339844,35.007232666015625,34.19752883911133,31.376663208007812,28.047603607177734
f3008f1cf24c86b15166c62d,macaroni2,evaluation,33.83476638793945,32.84423065185547,32.25615692138672,30.63368797302246,27.675642013549805
80986fdc48fd5333d3e742ad,macaroni2,evaluation,37.5126838684082,36.15061569213867,35.218875885009766,33.136192321777344,30.518943786621094
fec2ff06b90f1d99dbb27c30,macaroni2,evaluation,32.51506042480469,31.71842384338379,31.116361618041992,29.547096252441406,27.68504524230957
3af11a0cd3054d7196be9fbe,macaroni2,evaluation,39.65239334106445,37.877532958984375,36.64572525024414,32.840293884277344,28.88529396057129
5c67ec12418aacb2a446ba46,macaroni2,evaluation,38.17141342163086,37.12723922729492,36.29959487915039,31.54653549194336,28.498538970947266
3eb54681750f513e21ec52b3,macaroni2,evaluation,39.11161422729492,37.423622131347656,36.344276428222656,31.75495719909668,27.579381942749023
eb02ba2ff6dcfb3bda968f32,macaroni2,evaluation,30.773487091064453,30.368824005126953,30.04660415649414,28.776018142700195,27.476457595825195
df30177d9764643c62bc4257,macaroni2,evaluation,33.20538711547852,32.00562286376953,31.61810874938965,30.516590118408203,28.5700626373291
feda7c635ed25dd9493c7802,macaroni2,evaluation,37.56406021118164,36.18212890625,35.33929443359375,32.084781646728516,28.522977828979492
7500067abb6ef1a422f17013,macaroni2,evaluation,33.79916000366211,32.61226272583008,32.30329895019531,30.296127319335938,27.9056453704834
ea21fcff9fd1734e44949055,macaroni2,evaluation,33.95709609985352,32.300289154052734,31.650026321411133,29.724632263183594,27.619998931884766
91226ab04466566299a30600,macaroni2,evaluation,33.65951156616211,33.331111907958984,32.98985290527344,31.79722023010254,28.907814025878906
33960b3cb617142b581adb73,macaroni2,evaluation,30.565095901489254,29.719860076904297,29.465600967407227,28.607419967651367,27.339950561523438
acc1696d07b5d6bd1dfdae41,macaroni2,evaluation,32.70139694213867,31.948123931884766,31.30410385131836,29.97280502319336,28.31383514404297
cab40b14618160dc68f2870f,macaroni2,evaluation,36.44120407104492,35.575016021728516,34.610843658447266,31.916440963745117,28.809858322143555
6a4390dbe3b8e6b616bd6cef,macaroni2,evaluation,32.8665771484375,32.22382354736328,31.864425659179688,30.545576095581055,28.57573699951172
cfff5e11e5db9907d417bb57,macaroni2,evaluation,38.2213134765625,36.8027229309082,35.942867279052734,32.784210205078125,29.362125396728516
943d293f3ccaaeec87a2153d,macaroni2,evaluation,37.98017501831055,36.134307861328125,34.39208984375,29.184917449951172,26.606081008911133
2c85cb0ad09b73d534abf8b9,macaroni2,evaluation,37.64595031738281,36.12683868408203,35.68704605102539,33.09102249145508,28.16887664794922
39f845199393307fbf2b60a9,macaroni2,evaluation,31.9185733795166,30.313127517700195,29.73012351989746,28.084983825683594,26.380285263061523
7a9b644a7222f68cf42429ae,macaroni2,evaluation,31.500696182250977,30.45941925048828,29.654953002929688,28.01778221130371,26.897253036499023
3aa1a84a25f5dcbaef6bd1e2,macaroni2,evaluation,36.46941375732422,35.83626937866211,35.23876190185547,32.76839065551758,29.42534637451172
3ee6c47f9ef08b16ed10dfb3,macaroni2,evaluation,53.45471954345703,50.418914794921875,47.993282318115234,37.933780670166016,30.51979637145996
dc17dd0347418dcda136fbf6,macaroni2,evaluation,34.848487854003906,33.34710693359375,32.192283630371094,29.649524688720703,27.892560958862305
b1d42592bf2998a70a0868be,macaroni2,evaluation,34.89350128173828,34.1390266418457,33.70958709716797,31.507478713989258,28.011768341064453
3930ace9c61b018381801321,macaroni2,evaluation,38.76016998291016,37.0136604309082,36.18868637084961,32.16048049926758,29.30137062072754
4f94b8f0b3c53faa0b0a065e,macaroni2,evaluation,31.820810317993164,30.230268478393555,29.531484603881836,28.16217613220215,26.903636932373047
e8aa70ccda5f15a47e752d6b,macaroni2,evaluation,34.515625,33.31976318359375,33.05902862548828,31.345186233520508,28.633563995361328
ec2fa0ec4fc668f824a5006b,macaroni2,evaluation,38.018367767333984,36.99228286743164,36.363548278808594,32.75923538208008,28.98008918762207
eac5b9adf7b6dc54a203e870,macaroni2,evaluation,32.630584716796875,31.300058364868164,30.0971736907959,27.807220458984375,26.46292495727539
6c43f4bb8134d5daccdba116,macaroni2,evaluation,50.96132659912109,48.13610076904297,45.605838775634766,37.780357360839844,30.971975326538086
169f7ea77a6f29b7261b88e9,macaroni2,evaluation,51.70784759521485,49.10163879394531,46.674346923828125,37.366920471191406,29.815155029296875
a4ad1746927a2d08c40f7b23,macaroni2,evaluation,52.57250595092773,49.8956298828125,47.429420471191406,35.644588470458984,29.683788299560547
f1974de0999ddbae2228d155,macaroni2,evaluation,40.81863021850586,38.569461822509766,36.67978286743164,32.37141418457031,28.62651824951172
0822b68a9a064a98dd389a74,macaroni2,evaluation,56.44748306274414,54.348121643066406,51.46418380737305,37.415645599365234,28.810993194580078
56f5ac5c6ad735dba1cd3bb8,macaroni2,evaluation,47.71009826660156,45.04019546508789,42.38711929321289,32.452796936035156,27.718753814697266
57a3f07a9f8ab3e2fb963fa5,macaroni2,evaluation,48.73157501220703,46.26666259765625,43.900272369384766,34.368690490722656,29.455995559692383
519fe0e89bba0403a2a1022d,macaroni2,evaluation,50.54718399047852,48.21438980102539,46.04207992553711,35.68265151977539,29.13150405883789
9fe1a7a0cd53409fd91c9cb5,macaroni2,evaluation,49.56771469116211,47.40188217163086,45.250205993652344,34.76173400878906,28.750030517578125
b615744a82c716e79d04f34d,macaroni2,evaluation,52.67456817626953,49.784427642822266,47.06882858276367,37.0405158996582,31.58271598815918
d0dce877e6cda5e371822352,macaroni2,evaluation,37.81296157836914,36.050575256347656,34.420936584472656,31.015832901000977,28.57988166809082
fd40c99a12d76a57de528883,macaroni2,evaluation,42.34201431274414,40.5501594543457,38.396514892578125,31.964805603027344,29.12066078186035
b93330f8ec0ec06fd567db25,macaroni2,evaluation,37.3848762512207,36.00899124145508,34.35776901245117,29.84566879272461,27.66927719116211
912ee1c771818f300df8bf39,macaroni2,evaluation,41.771480560302734,38.91423034667969,36.79473876953125,32.73737716674805,29.258655548095703
b215ef7749e71b9cb6e4e9fb,macaroni2,evaluation,37.90924453735352,36.59737777709961,35.42347717285156,31.539026260375977,28.708040237426758
9da86506405268facfc8f498,macaroni2,evaluation,38.192012786865234,36.512413024902344,34.705047607421875,30.223758697509766,27.996177673339844
26d6fd632bf434a131f6ec4e,macaroni2,evaluation,42.78189468383789,40.75802230834961,38.3466911315918,32.62373733520508,29.04579734802246
38adb42e111febc3aaefacba,macaroni2,evaluation,42.544429779052734,40.23175048828125,38.15708923339844,32.107177734375,28.70259666442871
a347c980a564f328aebde63b,macaroni2,evaluation,35.9281005859375,34.49336624145508,33.94355010986328,32.52689743041992,29.467758178710938
74889680237c02d94022f094,macaroni2,evaluation,37.2198371887207,35.36833190917969,33.83956527709961,29.88958168029785,27.94730567932129
e3d133714c0f05814f496648,macaroni2,evaluation,39.23067474365234,37.95698928833008,36.176578521728516,29.285648345947266,26.809268951416016
37adcf1d496e402eae667b36,macaroni2,evaluation,43.478633880615234,40.72456741333008,38.630184173583984,31.932392120361328,28.369382858276367
77480b68d94b0c9f9f2bd72e,macaroni2,evaluation,40.539180755615234,37.947021484375,35.772972106933594,30.188030242919922,27.75767707824707
b715236e21705c0f16885250,macaroni2,evaluation,33.71706008911133,32.085697174072266,31.21065902709961,29.53410530090332,27.98882293701172
3f4645ae574aa13ac1a18dd6,macaroni2,evaluation,35.98152542114258,34.25033187866211,33.763153076171875,31.473615646362305,28.814382553100586
2ca215e8e7ea31fa3a35a3cc,macaroni2,evaluation,42.79297256469727,40.469383239746094,38.30648422241211,32.221534729003906,28.924034118652344
260dc45bbc85f7b24f7f267c,macaroni2,evaluation,33.389408111572266,32.289146423339844,31.782894134521484,30.136167526245117,28.20313835144043
398c22d13c653f57cd601bfe,macaroni2,evaluation,35.0831413269043,33.01313018798828,31.79367446899414,30.542709350585938,28.88749885559082
e2b654828a5193f8b616f3bb,macaroni2,evaluation,32.698638916015625,30.688901901245117,29.24065399169922,27.543228149414062,26.322383880615234
1dea0ee12acb9c510e2cdd46,macaroni2,evaluation,40.23326110839844,38.037353515625,36.14033508300781,31.62227439880371,28.297189712524414
89ddb9c1cd38234b74750970,macaroni2,evaluation,43.63529968261719,42.40556335449219,41.36428451538086,37.4147834777832,31.558645248413086
d79c739cfd0c7a8ddad5bb2b,macaroni2,evaluation,49.78751754760742,48.07453918457031,45.45673751831055,33.847412109375,27.785219192504883
a9a764ece6fb7ca57e54752f,macaroni2,evaluation,44.36799621582031,42.53712463378906,40.37612533569336,33.51385498046875,29.519975662231445
a5e0aa291b7e878eb282bd94,macaroni2,evaluation,46.55984115600586,44.21141052246094,42.15421676635742,34.04840087890625,29.583765029907227
d4191d1b56f640d6a801911e,macaroni2,evaluation,34.813270568847656,33.61186599731445,32.772300720214844,29.184091567993164,27.318279266357422
7e8ffcd62777541ce5d7dcfe,macaroni2,evaluation,47.357032775878906,44.87884521484375,42.61139678955078,34.89265441894531,29.502344131469727
14947f4fbed997508681936b,macaroni2,evaluation,40.96255493164063,39.2558479309082,38.00857925415039,31.960580825805664,28.568893432617188
576ecdd2034b836ce755cc5a,macaroni2,evaluation,52.46213150024414,50.54313278198242,48.262901306152344,37.10856628417969,29.615224838256836
8248cbd34f6cce2df014846e,macaroni2,evaluation,50.71312713623047,46.924251556396484,44.07801818847656,33.82729721069336,29.178600311279297
a05c6cd02e90eae80a4d2f1c,macaroni2,evaluation,45.33876419067383,42.5109748840332,40.21820831298828,33.59796142578125,29.710988998413086
f1d17364deb292c99d749920,macaroni2,evaluation,50.56880569458008,47.84846878051758,45.567691802978516,37.79420471191406,32.27559280395508
b7e61b03528d51c88838e31c,macaroni2,evaluation,39.53012847900391,38.27672576904297,36.884483337402344,31.483642578125,28.447160720825195
21b2c0a524a8bfb810c613c6,macaroni2,evaluation,55.18505859375,52.5395393371582,49.051597595214844,35.3170051574707,28.614652633666992
f85176278608d1dceff94b4b,macaroni2,evaluation,44.49772262573242,41.85474395751953,39.65431594848633,33.176116943359375,29.94353675842285
d8767d99c1d4860e49c078b3,macaroni2,evaluation,46.12974548339844,45.30313491821289,43.097694396972656,36.22854232788086,30.853687286376953
0d589de7718ba1b4532880ec,macaroni2,evaluation,34.40850067138672,33.898441314697266,33.32027053833008,30.96339225769043,27.861968994140625
8911db1dabb5828791f3bdb1,macaroni2,evaluation,39.89238739013672,37.60505676269531,36.010040283203125,32.63056182861328,29.441877365112305
bbac3c92a49a7df39fd013a2,macaroni2,evaluation,33.298828125,32.498931884765625,31.731664657592773,29.777185440063477,27.461597442626953
b2bfc2ce945399e86fa4d118,macaroni2,evaluation,37.47991561889648,36.83659744262695,35.67927932739258,32.068084716796875,29.092805862426758
d535fdc73b7a40b73f50cba8,macaroni2,evaluation,41.986724853515625,39.9826545715332,38.6882209777832,33.57036209106445,29.285058975219727
0d393af7221ca9197c2c5d73,macaroni2,evaluation,37.04156875610352,35.5389289855957,33.951438903808594,29.91282844543457,27.159692764282227
379fa23ea1bb36eb6d0acb95,macaroni2,evaluation,35.684165954589844,34.097537994384766,33.08240509033203,30.80631446838379,28.1030216217041
b86929d14e198629e6ab27c3,macaroni2,evaluation,36.89448547363281,35.97748947143555,34.96187973022461,31.23310661315918,28.822546005249023
65d42137359fa24e0df540b1,macaroni2,evaluation,34.85221481323242,33.577056884765625,33.318572998046875,32.09434127807617,30.12959098815918
26eec54b18e8cba99626757c,macaroni2,evaluation,40.24174499511719,38.74647903442383,37.95978546142578,33.18204879760742,29.016502380371094
243cf774d89a3f3be1a370ad,macaroni2,evaluation,42.72307586669922,40.96733856201172,39.258697509765625,32.96160125732422,28.54380989074707
b0850a01724998d12c702626,macaroni2,evaluation,36.38873291015625,35.302146911621094,34.212921142578125,31.142061233520508,28.611967086791992
3428f8693b2e18ca84800e9d,macaroni2,evaluation,36.33907318115234,35.214393615722656,34.12554931640625,29.95931053161621,27.404272079467773
d2aa4f8570cfabc3225ef991,macaroni2,evaluation,35.150508880615234,34.41143798828125,33.49394226074219,30.48696517944336,27.916305541992188
eae40d57f118ed32069bdd26,macaroni2,evaluation,34.7880859375,33.2494010925293,32.27669906616211,30.4090576171875,28.453678131103516
74d31bb9848465744b6b502a,macaroni2,evaluation,38.337738037109375,36.596675872802734,35.0128288269043,30.50089454650879,27.952665328979492
6e71b0a437d17eba07a7a7a4,macaroni2,evaluation,46.533992767333984,43.430885314941406,41.60595703125,37.12691116333008,30.874141693115234
22fea48efc706041289e9a7b,macaroni2,evaluation,35.28513717651367,34.53215408325195,33.73478317260742,31.65801429748535,29.23856544494629
15fe0ec6952569c6d987e369,macaroni2,evaluation,35.91424560546875,34.042911529541016,33.0879020690918,30.138647079467773,27.429885864257812
6e319946b7cb0bbef87a6245,macaroni2,evaluation,33.314579010009766,31.980470657348633,30.984947204589844,27.93487548828125,26.55942153930664
bca9e17fdbb4da05ef608bb9,macaroni2,evaluation,34.873077392578125,33.75886154174805,33.073787689208984,31.309467315673828,29.001916885375977
cc1ee3abeee827425ec2c456,macaroni2,evaluation,40.38558578491211,38.36977005004883,36.322391510009766,30.317228317260742,27.569347381591797
6008113371fb50d467d8cf5c,macaroni2,evaluation,39.7016830444336,38.940067291259766,37.39749526977539,31.574790954589844,27.48183822631836
66283ca0969bbb84dc6cfe06,macaroni2,evaluation,38.94449234008789,36.747554779052734,35.49534606933594,31.332778930664062,28.350439071655273
3ca20c2162a9adab9d240819,macaroni2,evaluation,33.193023681640625,32.30510330200195,31.336322784423828,28.199796676635742,26.523000717163086
a68e74f6c39286379bdb618b,macaroni2,evaluation,36.34822463989258,34.99460220336914,34.49238204956055,31.364627838134766,28.04350471496582
2d9695a99f4fdfb5f7fe0814,macaroni2,evaluation,54.499061584472656,52.73451232910156,51.54568099975586,43.05335998535156,31.83636474609375
21cbc2dafd0b25d4fa7f8cd9,macaroni2,evaluation,47.60182571411133,44.652076721191406,42.35686111450195,34.875797271728516,29.530941009521484
de66bcee40cc4031e5eaa38a,macaroni2,evaluation,33.72471237182617,32.1802864074707,31.445371627807617,29.497085571289062,27.250490188598633
9d5b78927cb437cce31ee393,macaroni2,evaluation,35.732398986816406,34.96712112426758,34.149879455566406,31.052568435668945,28.432689666748047
abd2cc4c976920cbddc44c3d,macaroni2,evaluation,34.414794921875,33.12611770629883,32.09815979003906,29.699337005615234,27.52645492553711
5d05d063e9d61804665f67a7,macaroni2,evaluation,34.62913131713867,33.74125289916992,32.46104049682617,30.064067840576172,28.216365814208984
a182f91d4187d68dae715f40,macaroni2,evaluation,39.51234817504883,37.42326354980469,36.03594207763672,32.54177474975586,28.969409942626953
b4eb10027246cf9f94854690,macaroni2,evaluation,33.27972412109375,32.1531982421875,31.45413589477539,29.581987380981445,27.818845748901367
dd4edc1e6dd864bcb8fa34b5,macaroni2,evaluation,46.48311996459961,44.67525863647461,42.72951889038086,33.374813079833984,28.619007110595703
bf7f49ab37ec49e2b3ec1cb7,macaroni2,evaluation,35.09249496459961,33.726192474365234,33.25126266479492,31.261852264404297,28.586444854736328
5e7411eabc11c44764966a52,macaroni2,evaluation,38.06345748901367,35.924110412597656,35.12489318847656,32.86787414550781,29.66484260559082
930961ee952b2753e5c2f2e4,macaroni2,evaluation,46.3846435546875,43.69327926635742,41.70920944213867,33.66301345825195,28.753923416137695
626d3cf021255d3a68499679,macaroni2,evaluation,40.12168502807617,38.98248291015625,37.874141693115234,33.337257385253906,28.774818420410156
652031ff416a3dde1a8e50d7,macaroni2,evaluation,35.119293212890625,34.78287887573242,34.48102569580078,32.24589538574219,29.515586853027344
88d8ef3400369b5d4bfedaea,macaroni2,evaluation,51.33363342285156,49.52278518676758,47.93238830566406,38.5141716003418,30.550827026367188
80456b01901cdc1d20ba82c8,macaroni2,evaluation,41.47670364379883,39.339988708496094,37.70491027832031,33.63143539428711,29.92893409729004
c0a76fcded4285964ed51841,macaroni2,evaluation,42.55031204223633,41.05778884887695,39.806270599365234,34.694053649902344,29.29926872253418
4b036904c7b811b28bb4fa44,macaroni2,evaluation,50.87261962890625,48.489017486572266,46.70772933959961,37.21187210083008,29.250041961669922
ceaee2e842571126fc9e9988,macaroni2,evaluation,50.51466369628906,48.7580680847168,47.53266143798828,40.546173095703125,31.42945098876953
8ce78565de343dad369b1098,macaroni2,evaluation,52.85481643676758,50.7996826171875,49.00031280517578,41.00566101074219,33.18370056152344
da459dabcb47161c978b77d5,macaroni2,evaluation,51.06540298461914,49.564842224121094,48.224098205566406,38.25993347167969,29.65319061279297
8055987a8be0ec738d12db2d,macaroni2,evaluation,45.38086700439453,43.220237731933594,41.692623138427734,34.562744140625,29.816574096679688
7b1a21bf83ad6a88ead37086,macaroni2,evaluation,51.81725692749024,50.072322845458984,48.531837463378906,38.26172637939453,29.444250106811523
a4ea2f7f8f34bb57d9bb8dba,macaroni2,evaluation,48.960845947265625,47.00148391723633,45.42082977294922,38.17327117919922,31.52362060546875
9297e2a5561e5cc51211a8a4,macaroni2,evaluation,47.68896484375,46.58408737182617,45.31859588623047,36.76387023925781,30.381391525268555
699733d5d2d16aff08b0199d,macaroni2,evaluation,44.94558334350586,43.40532302856445,42.13805389404297,34.47090530395508,29.724180221557617
28485adba20bcc1631a8d377,macaroni2,evaluation,41.21697235107422,39.865604400634766,38.40010070800781,32.846702575683594,28.475130081176758
310376fc298561257b2f6ac1,macaroni2,evaluation,42.18512725830078,40.317623138427734,39.12460708618164,34.33714294433594,30.363374710083008
9bfbaa8b3543a070404c6402,macaroni2,evaluation,39.68927383422852,38.17112350463867,36.68025588989258,32.00631332397461,29.34468650817871
29a14b87c1d9fc16c00a4e2b,pcb1,calibration,30.662080764770508,30.424575805664062,29.929100036621094,27.75181770324707,26.43362045288086
3b13fa27ceb2d3986a61147e,pcb1,calibration,32.382808685302734,31.11725425720215,30.409069061279297,28.65372085571289,27.02771759033203
61ea9ad08a7d339d8978865b,pcb1,calibration,30.147396087646484,28.78351402282715,28.440311431884766,27.652751922607422,26.74397850036621
1e72799776d6d5ad2db8d170,pcb1,calibration,32.18500900268555,30.254037857055664,29.739206314086914,28.67194938659668,27.32378578186035
b7dca54dcbee636d18208a6c,pcb1,calibration,34.79474258422852,32.73833465576172,31.4058780670166,28.88867950439453,27.46803092956543
a0c6aaf391c47af3432bd6db,pcb1,calibration,42.64059066772461,41.78642272949219,41.3143310546875,38.45647048950195,31.73637580871582
16808ca8b77a8d208060d473,pcb1,calibration,31.381149291992188,30.504379272460938,29.708765029907227,28.202129364013672,26.8971004486084
be972a0e65fd4a19c589368b,pcb1,calibration,30.231609344482425,29.326196670532227,29.05023765563965,28.218441009521484,27.036727905273438
3464068e3e39522b415eceb4,pcb1,calibration,32.23871612548828,31.820695877075195,31.506298065185547,29.44599723815918,27.56468391418457
6aa2b45be0b3721de3efb0b6,pcb1,calibration,30.49762344360352,29.605365753173828,29.27199363708496,27.86326026916504,26.81821632385254
c60a949f547b58c2556975b5,pcb1,calibration,31.65241432189941,30.12276268005371,29.291887283325195,27.50545310974121,26.379701614379883
625341fc10caed8e8c956174,pcb1,calibration,30.981250762939453,30.38413429260254,29.940336227416992,28.617769241333008,26.98554039001465
865bc45db108543bd63d26aa,pcb1,calibration,31.722801208496094,30.925527572631836,30.295623779296875,28.525325775146484,27.202037811279297
a942a23aa6f4b43467c8311d,pcb1,calibration,31.51210021972656,30.740381240844727,30.198654174804688,28.462696075439453,26.517349243164062
53c62b0f7c9f2195f36386f2,pcb1,calibration,33.468971252441406,31.965715408325195,31.118616104125977,28.832626342773438,27.22674560546875
0ad73e30af0aac4eb47a7a15,pcb1,calibration,30.611347198486328,29.698740005493164,29.326810836791992,28.51305389404297,27.421642303466797
f2335ae7dc8c953617c96019,pcb1,calibration,30.321792602539062,29.087804794311523,28.629846572875977,27.445533752441406,26.525270462036133
570a35bd3435a52a1125b3f7,pcb1,calibration,32.57212448120117,31.54947280883789,30.598459243774414,29.102802276611328,27.944042205810547
9423d6cad5d1a288ca874d1d,pcb1,calibration,29.6713809967041,29.339725494384766,28.990489959716797,27.527761459350586,26.48296356201172
cce739504e31d78d39052287,pcb1,calibration,31.28188705444336,29.638811111450195,29.2591495513916,28.22051429748535,27.04469871520996
25acba1aa5e1b52bb5344551,pcb1,calibration,33.79262924194336,33.39773178100586,32.548728942871094,29.42266082763672,27.110427856445312
211c28690cada7a73e485c2c,pcb1,calibration,40.145164489746094,38.900516510009766,37.799163818359375,33.89499282836914,29.97039031982422
9a73c02cbb9c75c3f2572eea,pcb1,calibration,31.299936294555664,30.045759201049805,29.583349227905273,28.45096778869629,27.259580612182617
e77e6c9b2f27c9dc936fe0a8,pcb1,calibration,31.541015625,29.867740631103516,29.14087677001953,28.17827606201172,27.129453659057617
b0a316b033d969740d45d749,pcb1,calibration,30.12983512878418,28.705968856811523,28.4070987701416,27.35386848449707,26.309907913208008
4ddb4a43aaf8160cba8bbf8e,pcb1,calibration,33.17896270751953,32.38498306274414,31.694183349609375,29.04839515686035,27.429729461669922
75e00734a3d92bbb56959e97,pcb1,calibration,29.974292755126957,28.911985397338867,28.25332260131836,27.263566970825195,26.49563217163086
47c2e633afa117aee0f235c8,pcb1,calibration,34.700828552246094,33.20185089111328,32.37550354003906,29.96270179748535,27.574329376220703
cf502a9b6a4da184efe146b9,pcb1,calibration,30.573894500732425,29.95978355407715,29.455732345581055,27.939823150634766,26.56648063659668
64e43280ea77e1601a79dba6,pcb1,calibration,30.530672073364254,29.45762825012207,28.965808868408203,27.7096004486084,26.650114059448242
dc751ccf9d84151cf703ae6a,pcb1,calibration,30.38480567932129,29.503856658935547,28.996803283691406,27.661380767822266,26.624195098876953
e87c123ccd5856be2e666803,pcb1,calibration,31.817420959472656,29.945476531982422,29.44820213317871,28.284696578979492,27.10899543762207
8448f5df267e11e2a185f995,pcb1,calibration,31.75974464416504,30.9270076751709,30.341064453125,28.224220275878906,26.655427932739258
c4a580779a7ea8902c9cca6e,pcb1,calibration,31.900541305541992,30.704376220703125,30.101272583007812,28.60515022277832,27.284982681274414
3b2abb2afa1b0f080629b891,pcb1,calibration,29.227413177490234,28.55061149597168,28.26485252380371,27.315946578979492,26.398149490356445
0e3621e82ddde5cd851555ca,pcb1,calibration,33.046966552734375,31.648935317993164,30.90508460998535,28.749767303466797,26.916467666625977
6d20315fccacc3893d01b6b3,pcb1,calibration,30.346908569335938,29.801118850708008,29.40176773071289,28.367151260375977,27.05802345275879
c4fdfe5a7fe8f4ead0327626,pcb1,calibration,28.596757888793945,28.046913146972656,27.818952560424805,26.963804244995117,26.093149185180664
bbaf9a0abf2c59a5894750b2,pcb1,calibration,30.25938034057617,29.232288360595703,28.654674530029297,27.27005958557129,26.432146072387695
7dc070d3ce5265734ac060c9,pcb1,calibration,44.1002311706543,43.457618713378906,42.884979248046875,38.14855194091797,31.457361221313477
cf85aafe67704fbbd77a8595,pcb1,calibration,41.52906799316406,40.79161071777344,40.08256530761719,35.56623458862305,29.834821701049805
7fe891c81a7d4e45784bbd30,pcb1,calibration,31.2020206451416,29.615158081054688,28.893362045288086,28.10444450378418,26.989700317382812
87d7bf2271beb95db195949e,pcb1,calibration,33.22336196899414,32.6114501953125,32.16925811767578,29.977903366088867,28.014917373657227
87ad24a6a73178c9b818b670,pcb1,calibration,29.305709838867188,28.122560501098633,27.45026206970215,26.718141555786133,25.993417739868164
75978ee7379d478b2ca12bea,pcb1,calibration,35.244686126708984,33.669918060302734,32.832069396972656,30.782691955566406,29.079307556152344
994ee0767e845a41397045f6,pcb1,calibration,31.220775604248047,30.272029876708984,29.927213668823242,28.502399444580078,27.038442611694336
143ad4f5e3aa749de9e19e42,pcb1,calibration,29.3725528717041,28.18448829650879,27.90823745727539,27.159439086914062,26.251720428466797
9e0910333eb25b235b3e624a,pcb1,calibration,40.04730987548828,38.15746307373047,37.05051803588867,33.38211441040039,30.10804557800293
41f40f57d50b3ec8f7dcd6ef,pcb1,calibration,33.48735427856445,32.23552322387695,31.204587936401367,27.972736358642578,26.62908172607422
806acdeec7658fa24117d6da,pcb1,calibration,30.38262176513672,29.337547302246094,28.660367965698242,27.762454986572266,26.821197509765625
ffb8687580c8245324343e64,pcb1,calibration,30.906435012817383,29.583959579467773,29.023895263671875,27.91121482849121,26.574077606201172
06168d4eb3d6ca0eac1c2170,pcb1,calibration,31.23922348022461,30.329261779785156,30.057891845703125,28.808086395263672,27.09941291809082
1e0cfbaf46ee391693712876,pcb1,calibration,33.26432418823242,32.2918701171875,31.45801544189453,28.8037166595459,27.027746200561523
efac835c60bc11b56e745918,pcb1,calibration,30.9768009185791,29.910907745361328,29.507915496826172,28.147871017456055,26.929384231567383
d307c4c9423d23ff55df8e88,pcb1,calibration,30.364633560180664,29.13024139404297,28.715744018554688,27.73517417907715,26.82154083251953
cbff346b1c0d4878701b5c3d,pcb1,calibration,30.49197196960449,29.491863250732422,28.959518432617188,27.6096248626709,26.59926414489746
158ec1fa780fbe8634c4b6d4,pcb1,calibration,40.20600128173828,38.01686477661133,36.33805465698242,30.45492172241211,27.659067153930664
cd6b8e705d2a954b69ecbb41,pcb1,calibration,31.702695846557617,30.254470825195312,29.196182250976562,27.476795196533203,26.469411849975586
9d75e43c79103c70bb0d8a41,pcb1,calibration,32.51116180419922,30.779760360717773,30.245763778686523,29.349292755126953,28.02615737915039
c85c45dfe965711f0fc10927,pcb1,calibration,30.4847412109375,29.21028709411621,28.611095428466797,27.518009185791016,26.697795867919922
28205aa5419aef1b602bb59c,pcb1,calibration,33.31438064575195,31.4556941986084,31.10481071472168,29.952577590942383,27.8790225982666
d89efc52f77ac40ed9816215,pcb1,calibration,35.02629470825195,34.116920471191406,33.42483901977539,31.22797393798828,29.282073974609375
1d62807987874e278a9a7270,pcb1,calibration,32.780006408691406,31.378698348999023,30.451622009277344,28.552751541137695,27.07571792602539
b5ea6993fe6ad62f54a3b9d0,pcb1,calibration,32.310523986816406,30.77518653869629,29.75946807861328,28.191030502319336,26.999547958374023
b0a645e9e999e31802a4613e,pcb1,calibration,31.78598976135254,30.859540939331055,30.19358253479004,28.715377807617188,27.075931549072266
7cf3fa6e8b2dc51de6e9d421,pcb1,calibration,29.20593643188477,28.381351470947266,28.045242309570312,27.378652572631836,26.678932189941406
6f4fa8be3f00077da66a9bdc,pcb1,calibration,29.78021812438965,28.910789489746094,28.402870178222656,27.575538635253906,26.70687484741211
aa68846fef27ea2ea5243138,pcb1,calibration,31.72333335876465,30.526554107666016,29.661035537719727,28.112384796142578,27.015148162841797
2e98b674ada86b6b22de31a2,pcb1,calibration,32.344295501708984,31.30841064453125,30.56226921081543,28.240142822265625,26.865869522094727
eac4dbdac841657c026f2a91,pcb1,calibration,31.514339447021484,30.548768997192383,30.19182586669922,28.93279457092285,27.396913528442383
3a13d9a31f7385b06945d43f,pcb1,calibration,32.95792770385742,31.504207611083984,30.59963607788086,28.650463104248047,27.061037063598633
80d07277b1003416a5ae3fa3,pcb1,calibration,29.056861877441406,28.83309555053711,28.576160430908203,27.562170028686523,26.521501541137695
ee42bf7f0a62514af24470d6,pcb1,calibration,33.364559173583984,31.963104248046875,30.921960830688477,28.812007904052734,27.112028121948242
2f532d43fb761172ed8c5fa3,pcb1,calibration,30.539411544799805,30.03398323059082,29.642181396484375,28.33353614807129,26.937076568603516
2f6154dc60a43a10d4771931,pcb1,calibration,38.36385345458984,37.05680847167969,36.06835174560547,31.52760887145996,27.85895538330078
abe9ea14968ee5b2544a71e4,pcb1,calibration,30.210487365722656,29.375701904296875,28.88585090637207,27.996347427368164,26.851642608642578
27c98f330a51bb6bec3cb19c,pcb1,calibration,30.45358657836914,29.881330490112305,29.36237335205078,28.153949737548828,26.958946228027344
028a8ed694f12d95e23a969d,pcb1,calibration,30.461376190185547,30.064247131347656,29.614797592163086,27.749195098876953,26.584211349487305
90721e1d829bb539455cc820,pcb1,calibration,31.884923934936523,29.021831512451172,28.747356414794922,27.852909088134766,26.951919555664062
80b53c43942a4f876bd4d6b5,pcb1,calibration,32.237056732177734,31.399757385253906,30.880168914794922,28.237943649291992,26.535694122314453
6c38006daa4b3936e256f25c,pcb1,calibration,33.247772216796875,31.418596267700195,30.89388084411621,28.565303802490234,27.00539207458496
455535b0da5c8a1834df0612,pcb1,calibration,29.763019561767575,28.672006607055664,28.509628295898438,27.88768768310547,26.99463653564453
383c3d5d6b3dd46fefab555c,pcb1,calibration,30.16355323791504,29.08306884765625,28.755300521850586,27.6920108795166,26.72857666015625
3bca3dcc1023082474a94acb,pcb1,calibration,36.91965103149414,35.55126953125,34.58889389038086,31.798221588134766,28.574501037597656
8c52345ebb24b75aa732aaa2,pcb1,calibration,28.90282440185547,28.441850662231445,27.962356567382812,27.224327087402344,26.439830780029297
b9f3c71d7a12586e6a9691a3,pcb1,calibration,31.3851318359375,30.392473220825195,29.8273983001709,28.922801971435547,27.36683464050293
b6aa2abf6edc5d2bf8d3db40,pcb1,calibration,36.80790710449219,34.89246368408203,34.022857666015625,31.283979415893555,28.62066650390625
bd170c0615eb028f0d2ee072,pcb1,calibration,29.776596069335938,28.060110092163086,27.857698440551758,27.14775276184082,26.42171859741211
6915c844609217b7e0e88d56,pcb1,calibration,30.13569641113281,29.02712059020996,28.795730590820312,28.23954200744629,27.21126365661621
54a22926860a69d60b9b4d75,pcb1,calibration,29.77598571777344,28.974313735961914,28.54117774963379,27.642770767211914,26.84585189819336
d2fe252d391127e1e99fef37,pcb1,evaluation,35.82980728149414,35.06938934326172,34.376625061035156,31.767913818359375,28.40058135986328
94207dc5834ad224b761e5d1,pcb1,evaluation,28.967113494873047,28.111289978027344,27.807621002197266,27.190109252929688,26.408370971679688
9954fa04012d1a81deffe93d,pcb1,evaluation,30.21966552734375,29.079730987548828,28.498964309692383,27.59208106994629,26.74739646911621
443de4655c99abb3353ef5b1,pcb1,evaluation,31.29386329650879,31.14870262145996,30.356204986572266,27.95796012878418,26.626813888549805
4f48fe3f0c136427ccd3648e,pcb1,evaluation,29.26433563232422,28.276260375976562,27.736873626708984,26.9805965423584,26.324621200561523
a8fdc87ff474c353e7d68b64,pcb1,evaluation,29.93840789794922,29.08112907409668,28.678546905517578,27.92679214477539,27.003910064697266
dd8f1a46f5698dcb4de08996,pcb1,evaluation,40.493194580078125,37.34776306152344,35.577388763427734,31.858070373535156,28.472440719604492
6e45e52baaff55c65d1132d8,pcb1,evaluation,33.23678207397461,32.51692199707031,32.11089324951172,29.515880584716797,27.3431453704834
7b36854cd40e4e9aac0846ac,pcb1,evaluation,31.298948287963867,30.456344604492188,30.031728744506836,28.961015701293945,27.03375244140625
8dd9773724248f7138807228,pcb1,evaluation,30.75543212890625,29.91942596435547,29.221738815307617,27.858596801757812,26.774410247802734
ef054abb510290e4a625b03d,pcb1,evaluation,32.43521881103516,30.69157600402832,30.19635772705078,28.226333618164062,26.801616668701172
7b116d245230d88934628234,pcb1,evaluation,31.990798950195312,30.44268798828125,29.56464958190918,27.906532287597656,26.772340774536133
c42b0d49fffb425a8b7af6a7,pcb1,evaluation,33.39878845214844,30.602039337158203,30.281322479248047,28.919818878173828,27.521635055541992
e3b11c995fbb85efa2bf9dc8,pcb1,evaluation,32.367210388183594,30.943700790405273,30.00953483581543,28.786989212036133,27.515195846557617
d4c3c0fa6e984dee52090406,pcb1,evaluation,31.527801513671875,30.45555305480957,29.981891632080078,28.62788963317871,27.174766540527344
cd15115a93c64175713a89c8,pcb1,evaluation,32.56643295288086,31.818016052246094,31.207172393798828,28.83588409423828,27.271121978759766
73c2d04f0f25906e0c65f4e1,pcb1,evaluation,31.11785125732422,29.495603561401367,28.938884735107422,27.816211700439453,26.58615493774414
c80d99f16349f486cd50d3b9,pcb1,evaluation,31.231670379638672,29.936779022216797,29.58583641052246,28.644712448120117,27.530303955078125
c6d93e38f2d3cc43ebe963bd,pcb1,evaluation,30.57283973693848,29.042232513427734,28.817426681518555,28.023210525512695,27.1313533782959
99a60adaa94936c5279259d9,pcb1,evaluation,30.968935012817383,30.362918853759766,29.744295120239258,28.169395446777344,26.91453742980957
cce5f0ece2e4d97a20ddb6ac,pcb1,evaluation,32.3344612121582,30.303564071655273,28.882617950439453,26.995506286621094,26.196727752685547
c367c59aa42bc4ecd3ea4e25,pcb1,evaluation,30.64425277709961,29.577041625976562,29.28363800048828,28.206777572631836,27.056612014770508
460a2fc1ac70207cf473f68f,pcb1,evaluation,29.97422981262207,28.854291915893555,28.18660545349121,27.390220642089844,26.591962814331055
92b43bf77b964eec56ba53d4,pcb1,evaluation,31.62825965881348,30.8139705657959,30.3028621673584,28.764850616455078,27.427486419677734
0ffceb74e8687c200a90966f,pcb1,evaluation,32.072105407714844,31.175662994384766,30.76845359802246,28.13138198852539,26.68393898010254
15c07f768a7e2b6b0d183853,pcb1,evaluation,28.93502616882324,28.200817108154297,28.049118041992188,27.535547256469727,26.864564895629883
7b7a8cc0a77e4223a6321b73,pcb1,evaluation,30.25815200805664,29.876293182373047,29.389690399169922,28.258777618408203,26.948400497436523
ec9fa29331f55801682c7ff0,pcb1,evaluation,32.97123336791992,31.775436401367188,31.010345458984375,28.994300842285156,27.33747100830078
8750c1aeab594622d8784573,pcb1,evaluation,33.41427230834961,32.23012161254883,31.26239776611328,29.908329010009766,28.023265838623047
1d7ce9dc0f64e4eb99235fb8,pcb1,evaluation,31.322731018066406,30.44511604309082,30.041732788085938,28.660802841186523,27.219860076904297
3be8f1197f0eda8b067147ea,pcb1,evaluation,32.033870697021484,30.9749698638916,30.242168426513672,28.48481559753418,26.814674377441406
568feba1634c8b558148d80e,pcb1,evaluation,34.092315673828125,32.79045486450195,32.15734100341797,30.93951988220215,29.286441802978516
34713421232d7f0950793c9f,pcb1,evaluation,38.01660537719727,36.444618225097656,35.330448150634766,30.89455795288086,27.851097106933594
f5210dd9617c6866335090e6,pcb1,evaluation,29.163841247558597,28.620012283325195,28.191659927368164,27.275625228881836,26.41926383972168
5efc4fa924acd2018ce59556,pcb1,evaluation,36.3972282409668,34.96738052368164,33.802616119384766,30.18356704711914,27.807376861572266
0951d912da15851a0b6aaf88,pcb1,evaluation,34.01776885986328,33.17206954956055,32.403648376464844,28.972736358642578,26.76540756225586
838282bf680c8d4689a08350,pcb1,evaluation,31.067312240600582,30.246021270751953,29.922426223754883,28.556564331054688,27.051074981689453
1183a9b18f32e8ae9e6e58c9,pcb1,evaluation,46.902610778808594,44.15949249267578,42.43563461303711,35.995059967041016,29.423097610473633
8d6dc0e57924c4f652c3d326,pcb1,evaluation,37.18183135986328,37.037940979003906,36.79499053955078,33.75373840332031,28.72437858581543
8e0e4defcc18d10300da6b0d,pcb1,evaluation,29.626657485961918,28.729005813598633,28.033411026000977,27.211238861083984,26.36941146850586
3bae2f547af3562d46b856ac,pcb1,evaluation,30.110559463500977,29.027389526367188,28.811052322387695,27.90683364868164,26.76524543762207
e2855363f5e93ef846974a16,pcb1,evaluation,30.899986267089844,29.906862258911133,29.2603759765625,27.421550750732422,26.202228546142578
026cf1380d0117661cf5f72a,pcb1,evaluation,31.242979049682617,30.7996826171875,30.198383331298828,28.76244354248047,27.192520141601562
0942c709f38c86da8143257b,pcb1,evaluation,30.25332260131836,29.056129455566406,28.69253921508789,28.09527587890625,27.232210159301758
75d7257576c499aa1ed12a10,pcb1,evaluation,35.320045471191406,33.625999450683594,32.53748321533203,30.19434928894043,28.233211517333984
0f75e3351697bc689f23253e,pcb1,evaluation,34.02326202392578,32.45707702636719,32.0793571472168,30.46976661682129,28.50231170654297
a22f68f59b28b1091c66c927,pcb1,evaluation,31.440645217895508,30.44986915588379,29.420921325683594,27.43311309814453,26.255952835083008
40f6d307fb064bc03e614a95,pcb1,evaluation,32.416351318359375,31.063528060913086,30.324243545532227,28.634302139282227,27.025156021118164
19bc45b61a0e261c39a87770,pcb1,evaluation,29.7386474609375,29.227758407592773,28.842126846313477,27.616291046142578,26.554780960083008
0ba7be3f67f418fd404fa959,pcb1,evaluation,35.93414306640625,35.06193542480469,34.220252990722656,30.874528884887695,28.615982055664062
05f2009cb282964f76559f90,pcb1,evaluation,31.601306915283203,30.784976959228516,30.434722900390625,29.262451171875,27.398988723754883
10e47f65e7b35d8f68040020,pcb1,evaluation,31.780437469482425,30.128684997558594,29.658546447753906,28.461580276489258,27.135286331176758
88b7afba082517328cdb6fb2,pcb1,evaluation,32.979061126708984,31.23785400390625,30.027935028076172,28.438322067260742,27.061260223388672
1e806aaed95c158c28fb5086,pcb1,evaluation,34.609371185302734,33.225303649902344,32.20928192138672,29.931806564331055,27.910850524902344
314cb2565cc3ce19083e5df6,pcb1,evaluation,36.56312942504883,35.50967025756836,34.33196258544922,31.322856903076172,28.529151916503906
50d38baa510767d19b05b9ec,pcb1,evaluation,42.559207916259766,41.36066436767578,39.82563400268555,33.91259765625,29.641643524169922
0f39312847933943a54bf25b,pcb1,evaluation,30.363344192504883,29.568540573120117,29.168560028076172,27.837963104248047,26.572345733642578
23ea7c38aa3bf4de497a0b02,pcb1,evaluation,30.20978546142578,29.22637176513672,29.10171890258789,27.92010498046875,26.891464233398438
765e635c6a4979adf936fb00,pcb1,evaluation,33.510215759277344,32.15262985229492,31.720659255981445,29.766164779663086,27.99118423461914
e9bf42e68f852e5e3569a0d5,pcb1,evaluation,36.44109725952149,34.11978530883789,33.561561584472656,30.732288360595703,27.71380043029785
b35291828b7ef5ca62387b34,pcb1,evaluation,30.746990203857425,28.978649139404297,28.619308471679688,27.814830780029297,26.935760498046875
5a78bd23c475f84804fb68a9,pcb1,evaluation,30.95242118835449,29.602638244628906,28.93168830871582,27.694517135620117,26.668720245361328
48aa7ef1a276600a1b03f49d,pcb1,evaluation,29.25841522216797,28.354385375976562,27.770946502685547,27.112136840820312,26.282873153686523
67aba00d3d4910567e7916ca,pcb1,evaluation,36.9407844543457,35.80820846557617,34.30422592163086,29.66932487487793,27.765928268432617
ca28c1ac4809a9f0fb28f49d,pcb1,evaluation,29.0380802154541,27.85400390625,27.341279983520508,26.685754776000977,26.054794311523438
260e91f96282c15dc19e0857,pcb1,evaluation,29.32401466369629,28.24913787841797,27.93613624572754,27.39858627319336,26.54066276550293
38123b12ca3618cb24d4f273,pcb1,evaluation,33.28678894042969,32.86798858642578,32.228946685791016,29.054840087890625,27.218475341796875
4fe202240c9ba2184e34b012,pcb1,evaluation,30.38619804382324,30.106666564941406,29.784435272216797,28.223011016845703,26.7394962310791
235b8d0485aa66a829d08732,pcb1,evaluation,30.65555763244629,29.584611892700195,29.124338150024414,28.217670440673828,27.194786071777344
1b996ea8237002b9d4517d4f,pcb1,evaluation,43.13389587402344,42.091033935546875,40.9665641784668,34.96770477294922,28.659286499023438
b23063e2abb2fd513e544117,pcb1,evaluation,31.040565490722656,29.775861740112305,29.36223793029785,28.253063201904297,27.101343154907227
5f3f241184dd4ce301edee21,pcb1,evaluation,34.07933807373047,32.956878662109375,32.48598098754883,30.711355209350586,28.05657386779785
f5888129ebf48dd56e5780e8,pcb1,evaluation,30.07196617126465,29.299346923828125,29.01918601989746,28.234113693237305,26.954336166381836
12f646efd6255556716d0553,pcb1,evaluation,29.769939422607425,29.143421173095703,28.53818702697754,27.499691009521484,26.387496948242188
5598ea98eb7a14ae876bb81f,pcb1,evaluation,33.84307861328125,32.48456954956055,31.725475311279297,29.288976669311523,27.48617172241211
ee2caf42190a2195295595df,pcb1,evaluation,29.86190223693848,29.302873611450195,29.07025718688965,28.159900665283203,26.971412658691406
36288d6f965496f8fa14e115,pcb1,evaluation,33.20441055297852,31.758533477783203,30.828317642211914,28.338109970092773,26.724885940551758
7a26113ea821234e21572b6b,pcb1,evaluation,32.54416275024414,31.772672653198242,31.020973205566406,28.172012329101562,26.702028274536133
eea371653e7f4a1666591061,pcb1,evaluation,29.703001022338867,29.004053115844727,28.30561637878418,27.201679229736328,26.23059844970703
1f13db4b10a8fd29027dfbde,pcb1,evaluation,31.36089324951172,29.02115249633789,28.678762435913086,27.988754272460938,26.927867889404297
5086ac0054bf0f0aaf660376,pcb1,evaluation,32.47154998779297,31.416099548339844,30.65113067626953,28.869958877563477,27.522037506103516
0fc47e40a9366777c17ab6aa,pcb1,evaluation,31.818086624145508,30.964759826660156,30.63642692565918,29.13545799255371,27.573810577392578
517b1a09e2b47e3a77e4233f,pcb1,evaluation,31.48586845397949,30.61784553527832,30.022018432617188,28.484426498413086,27.109355926513672
87ab47efadac77df23c6deae,pcb1,evaluation,35.63640594482422,34.233245849609375,33.52342224121094,30.93769073486328,28.90821647644043
e3b68fe7ba83c9caac1a62d4,pcb1,evaluation,37.77313995361328,36.150569915771484,35.90515899658203,34.34894943237305,29.26889991760254
c274dd625fa6667a0f1253e3,pcb1,evaluation,30.5639705657959,29.7740535736084,29.376373291015625,28.363325119018555,26.843379974365234
eb9bbfdc6a5896142320122b,pcb1,evaluation,39.362579345703125,37.45600128173828,36.27830505371094,32.574947357177734,28.736604690551758
12bd25b4466a71122430d725,pcb1,evaluation,34.429779052734375,32.82572937011719,31.973072052001953,29.10003089904785,27.41627311706543
100b650ee3ac76ba262dd5a4,pcb1,evaluation,30.392467498779297,29.274499893188477,28.528120040893555,27.542850494384766,26.786203384399414
8d9cc0fe81cdd6e214ae8157,pcb1,evaluation,31.66883087158203,30.87992286682129,30.171146392822266,28.288240432739258,27.04024887084961
614130625b05ce4668372139,pcb1,evaluation,31.17412757873535,29.654024124145508,29.181455612182617,27.992395401000977,26.834566116333008
18e98170e8f3ad0b1c8e8318,pcb1,evaluation,33.66441345214844,31.822586059570312,30.67130470275879,28.147930145263672,26.924562454223633
0cfdc39ec5c2c0c3efa96db5,pcb1,evaluation,28.801118850708008,27.421173095703125,26.87389373779297,26.284727096557617,25.744626998901367
c2de138bd844b8b54a67aa67,pcb1,evaluation,30.584178924560547,29.865562438964844,29.491811752319336,28.023019790649414,26.700693130493164
4868e2113a0c1f0b335c08a5,pcb1,evaluation,28.83102035522461,28.108871459960938,27.673343658447266,26.85257911682129,26.213520050048828
196ac90dfae9c8cd4a714667,pcb1,evaluation,36.82379150390625,35.699337005615234,34.633148193359375,30.992584228515625,27.62483024597168
4a9a389f2d9c655afe257674,pcb1,evaluation,32.42866134643555,30.354965209960938,29.826974868774414,28.9367618560791,27.536590576171875
be71b1c9c44662185bcefb39,pcb1,evaluation,31.52064323425293,30.445581436157227,29.777280807495117,28.023679733276367,26.593713760375977
074d2027ec2abd34f85d549a,pcb1,evaluation,28.80567741394043,27.72880744934082,27.419513702392578,26.899263381958008,26.30117416381836
ed7e6d55126c1227b0e4fd86,pcb1,evaluation,34.59391784667969,33.17470169067383,32.22979736328125,29.897239685058594,27.864551544189453
e627b7117defb3cdfbc53291,pcb1,evaluation,47.89766311645508,45.972412109375,44.12070846557617,36.20794677734375,30.539836883544922
3a8bf07b45d07dbde32c82d7,pcb1,evaluation,49.5819091796875,48.67765426635742,47.78623580932617,42.011322021484375,32.355289459228516
6016a0b692e7aea96d304bed,pcb1,evaluation,57.21310806274414,55.219451904296875,53.52329635620117,44.97331619262695,33.78078842163086
b3c5e4b55365dfe49bbfc529,pcb1,evaluation,57.4953498840332,56.229454040527344,54.87150573730469,45.90425109863281,34.43452835083008
9bb458c7f0a120e60f0f5780,pcb1,evaluation,55.6376838684082,53.57476806640625,51.62113952636719,42.43028259277344,33.74204635620117
bd5ea3af2c9e7796fc4885b2,pcb1,evaluation,59.43588638305664,58.143436431884766,56.686370849609375,47.46513748168945,34.87615966796875
635fa95eba6aeafd2fbc4b1b,pcb1,evaluation,46.66720581054688,45.8764533996582,44.62571716308594,40.496253967285156,33.7310676574707
1a691e974afca341bb5607c6,pcb1,evaluation,53.14815139770508,51.25339889526367,49.930137634277344,44.67913818359375,36.83541488647461
76b6c61f2186903165b99fd7,pcb1,evaluation,64.42523956298828,61.87693786621094,59.82676696777344,49.000125885009766,34.81977462768555
562e3709953ca4e6e4b2876d,pcb1,evaluation,61.42504119873047,59.86882781982422,58.174713134765625,49.05415344238281,35.945960998535156
9edccd3149b8c7ecf98d85b0,pcb1,evaluation,66.50577545166016,65.04595947265625,62.97670364379883,49.91732406616211,34.21565628051758
8ad961d56efb06cc9e822f11,pcb1,evaluation,54.08601760864258,53.01420593261719,51.574588775634766,43.5023078918457,32.414276123046875
c415f04e8f8cc4ea36be7511,pcb1,evaluation,50.654441833496094,50.40007400512695,49.858951568603516,44.86039733886719,34.20182418823242
6c3010fedf8b5c28e9914b8f,pcb1,evaluation,50.97593307495117,50.3256721496582,49.54902267456055,45.86888122558594,34.82804870605469
5a72ee44d10a570b1fd8bb25,pcb1,evaluation,55.07319259643555,54.05409622192383,52.8988151550293,49.091156005859375,38.703216552734375
d178bd5629b190173e283933,pcb1,evaluation,40.97169876098633,39.38819122314453,38.013492584228516,32.42433166503906,28.985923767089844
4aa0507748155ccd41c16e7b,pcb1,evaluation,65.38946533203125,63.62568283081055,61.411964416503906,47.64158630371094,32.673065185546875
88214944719c4af8d3143df7,pcb1,evaluation,42.33756256103516,41.32909393310547,40.57022476196289,34.902347564697266,29.998022079467773
d36616000cd05d03f27f9267,pcb1,evaluation,42.801795959472656,42.18705368041992,40.93027114868164,34.976951599121094,31.248397827148438
c4ac42eb5ee0a4789bf270c7,pcb1,evaluation,45.58815002441406,44.638648986816406,43.130401611328125,35.03543472290039,29.471343994140625
cd76c7f3317d58ab297a3951,pcb1,evaluation,43.58388519287109,41.957847595214844,40.551212310791016,34.29716873168945,29.462722778320312
af0b57367f305eb2a17d8514,pcb1,evaluation,53.619815826416016,52.69376754760742,51.69953155517578,45.07099914550781,33.109092712402344
6a3a02b2881c1317d6944352,pcb1,evaluation,45.87579727172852,43.99993896484375,41.9827766418457,34.600685119628906,30.181493759155273
76a42f157de24284ad441e6a,pcb1,evaluation,48.73284149169922,47.57127380371094,46.209651947021484,38.22096252441406,30.543476104736328
50228ea6895579d622003f6f,pcb1,evaluation,41.53931427001953,40.54990768432617,39.08366012573242,32.77707290649414,29.384159088134766
dbe0623545dce8b3b6d109c2,pcb1,evaluation,39.954078674316406,38.337196350097656,36.87837219238281,31.275299072265625,28.55485725402832
39c5197be54ded8547348437,pcb1,evaluation,39.947532653808594,39.20213317871094,37.71381759643555,34.199493408203125,31.03338050842285
b10423a934a65fe8029be8b3,pcb1,evaluation,43.48768997192383,42.47514343261719,40.89070510864258,35.573204040527344,30.20338249206543
529b697585bca5778aab04c4,pcb1,evaluation,55.320499420166016,53.21189498901367,51.46742248535156,41.79067611694336,31.420127868652344
52c0fe23ccdac65dc7944451,pcb1,evaluation,40.95584487915039,39.59319305419922,38.23395919799805,33.03546905517578,29.116670608520508
90be51adb35b52806ba0d167,pcb1,evaluation,49.0399055480957,47.390350341796875,45.63819885253906,37.81450271606445,30.792499542236328
422a9abdea5f8a6bac79fde4,pcb1,evaluation,50.96376800537109,49.31471252441406,47.13896942138672,38.11577606201172,31.898029327392578
df6255da319f5f5a957fca34,pcb1,evaluation,55.97035598754883,55.11540985107422,53.59624481201172,42.61688995361328,31.148176193237305
6be096202c2f5627f69df8cb,pcb1,evaluation,44.30469131469727,42.24644470214844,40.08235168457031,32.606510162353516,28.64511489868164
3072ce20cf90f5e99440e6bc,pcb1,evaluation,44.39979553222656,43.47519302368164,42.65668869018555,36.983421325683594,30.61821174621582
f2bf98b580ac49811aac941d,pcb1,evaluation,42.7591552734375,40.757957458496094,39.06507110595703,32.417457580566406,28.804729461669922
4fed9d166ca54ae4e2cbdd5e,pcb1,evaluation,43.69300842285156,42.69325637817383,41.4051513671875,34.57149887084961,29.740848541259766
48ae52448a5b6943103b118e,pcb1,evaluation,36.19718933105469,34.706695556640625,33.56681442260742,31.050268173217773,29.19265365600586
4bdd749184a92487f374f3ab,pcb1,evaluation,59.13961410522461,57.06731414794922,55.21842956542969,43.80975341796875,32.04127502441406
842cbf0745e696a8e10da9a2,pcb1,evaluation,54.1038932800293,51.83340072631836,49.9151611328125,41.36497497558594,32.39130401611328
84796433e41b95aa753bf782,pcb1,evaluation,66.6964111328125,64.41027069091797,63.093162536621094,56.9324836730957,48.82561111450195
d05061981f58affed931bdbd,pcb1,evaluation,68.18034362792969,66.60784149169922,65.44674682617188,61.2484016418457,56.766029357910156
23f9a42b155f330ad983066b,pcb1,evaluation,63.31697463989258,62.50497055053711,61.83926773071289,54.892059326171875,38.33761215209961
d244dab5ed65b8c4fabe3bd3,pcb1,evaluation,68.5452651977539,65.81695556640625,64.52684783935547,62.080909729003906,57.779380798339844
3dab225ec30eb8d5cbdec634,pcb1,evaluation,56.61542892456055,56.125492095947266,55.816890716552734,54.41032028198242,51.007938385009766
3ef2a58bb9f86d4d6fba6aa6,pcb1,evaluation,59.05043411254883,58.37040710449219,57.89436721801758,56.31465148925781,50.405792236328125
a7b0d374a67a0a9b5daee1c9,pcb1,evaluation,73.07066345214844,70.692138671875,69.54966735839844,63.900184631347656,56.15787124633789
5f832185524985ca3f0e92d9,pcb1,evaluation,40.49113082885742,39.442047119140625,38.67505645751953,35.26776885986328,30.193357467651367
1d3eb297e517f209f1d7d84c,pcb1,evaluation,32.79203796386719,32.28775405883789,31.894916534423828,29.793638229370117,27.971935272216797
2c951b1265924f7382f5e6b3,pcb1,evaluation,42.08932495117188,40.299774169921875,39.49909210205078,37.52957534790039,34.89618682861328
96d29042e067ef2b0e292923,pcb1,evaluation,70.04573822021484,68.14057922363281,66.41520690917969,61.75947952270508,55.18146514892578
01a83a014fad55e405a3e709,pcb1,evaluation,44.34588241577149,43.09793472290039,42.0872917175293,37.39622497558594,32.47369384765625
6c029ad079d487365496de90,pcb1,evaluation,41.073028564453125,40.467002868652344,40.0382080078125,36.381404876708984,31.7985897064209
c62ede3434899c46ab3c060b,pcb1,evaluation,47.423587799072266,46.992252349853516,46.42241668701172,43.87052536010742,38.71544647216797
374ea579413f7ebcbcf16d3c,pcb1,evaluation,58.96214294433594,58.22319412231445,57.643226623535156,55.33953094482422,44.890342712402344
fdc9ef93a38479ccb01d0720,pcb1,evaluation,54.44757080078125,53.70380783081055,53.52553176879883,52.69578170776367,43.773250579833984
ae88f967f93fdad6f994fcae,pcb1,evaluation,50.78610610961914,49.78754425048828,49.15032196044922,45.575008392333984,39.42875289916992
9ee551b136ab48c842ab8213,pcb1,evaluation,40.16818237304688,38.64677429199219,37.564876556396484,33.150909423828125,29.455299377441406
b9d7dae8a5c5fcbebbb0a494,pcb1,evaluation,33.90583038330078,33.528846740722656,32.96443557739258,30.54907989501953,28.555259704589844
5b86366603ab17a8469074b2,pcb1,evaluation,60.9936637878418,59.62074279785156,58.68709945678711,55.651641845703125,48.93921661376953
8a19c172453e419aab8e520d,pcb1,evaluation,47.57099151611328,44.5207405090332,41.85152053833008,32.95333480834961,28.930707931518555
8be118bc14a8534c33f3d714,pcb1,evaluation,43.214725494384766,41.44089889526367,39.83484649658203,35.46474838256836,31.383224487304688
f8d31cce26e9ee33e673a259,pcb1,evaluation,50.3237190246582,47.97248077392578,46.088043212890625,36.582393646240234,29.8775634765625
7b2bbe00b4d165b6e192aef2,pcb1,evaluation,50.54612731933594,49.164398193359375,47.217464447021484,36.81216049194336,29.55086326599121
8c0ead322ee64bc3d0700295,pcb1,evaluation,53.06047058105469,51.67893600463867,50.0396728515625,39.728515625,30.5531063079834
04c892b9392b4664c9714d83,pcb1,evaluation,54.875972747802734,52.85601806640625,50.70945358276367,39.76506423950195,30.405019760131836
494233199c4bb5688f9e6a0c,pcb1,evaluation,43.653099060058594,42.7257194519043,42.09450149536133,37.168521881103516,31.095094680786133
65cffa9bb35f0e26103179b1,pcb1,evaluation,44.286014556884766,42.34968566894531,40.13404846191406,32.995750427246094,29.32054328918457
a7816abdfded36a3b8a8d38b,pcb1,evaluation,58.08079528808594,55.874298095703125,53.814937591552734,42.37190246582031,31.894094467163086
baa4d638140bceaf22b6a72c,pcb1,evaluation,54.2744255065918,52.95094299316406,51.123443603515625,41.18697738647461,32.77779006958008
bcb8634e535bdd0ef7b0d2c3,pcb1,evaluation,60.47547149658203,57.728370666503906,55.39328384399414,42.9151725769043,32.348388671875
88df36a01535eb14c196767d,pcb1,evaluation,55.7285385131836,54.97148513793945,54.0433235168457,46.4547233581543,33.966102600097656
69ee6908ed17d05a195326d6,pcb1,evaluation,49.578895568847656,48.37238693237305,46.88420104980469,38.12215042114258,30.390892028808594
0602bbc2de6433225c631535,pcb1,evaluation,41.90795516967773,40.328392028808594,39.205875396728516,35.97206497192383,31.145349502563477
8663dc42040eee78d0739f78,pcb1,evaluation,49.275978088378906,47.28242111206055,45.237728118896484,36.75912857055664,31.17146110534668
1912e7e3197ae3b58cf6d6d8,pcb1,evaluation,37.707557678222656,37.10068893432617,36.13282012939453,32.41747283935547,29.3712100982666
f6f9cbebb8ba45b8c42b58c3,pcb1,evaluation,44.39767837524414,42.48337173461914,40.84492492675781,32.68659973144531,28.241975784301758
1f3ea9d7cd96153a56bc5fd3,pcb1,evaluation,43.88073348999024,42.333492279052734,41.12515640258789,36.28011703491211,30.180950164794922
b7d6be412991b8875483fd9d,pcb1,evaluation,46.71572113037109,44.771759033203125,42.93621063232422,34.24354553222656,28.836002349853516
fabb976489bbb5dcb38fc0f5,pcb1,evaluation,51.20899200439453,48.50574493408203,45.963478088378906,35.53512191772461,29.351200103759766
6fd668f7feb0390bd1144115,pcb1,evaluation,52.03317260742188,50.542816162109375,48.966285705566406,40.20092010498047,31.091266632080078
90ea34a359c519167346cf51,pcb1,evaluation,48.967567443847656,46.9598503112793,45.46849060058594,36.968631744384766,30.037214279174805
1d4ee84e7ce290fe11f558e6,pcb1,evaluation,47.84457778930664,46.617698669433594,44.92778015136719,38.744285583496094,33.072776794433594
50898a82c14d334f089ba557,pcb1,evaluation,47.049922943115234,45.75221633911133,44.34224319458008,37.179203033447266,31.960630416870117
3680c24978c1d42b2a37599c,pcb1,evaluation,39.33341217041016,38.37453079223633,37.792945861816406,36.06071853637695,33.39020919799805
71cc4b3b7db056e9c9c0e4cf,pcb1,evaluation,44.16292190551758,42.9972038269043,41.763153076171875,35.00693130493164,30.5336856842041
75ab2d0d05101c31bd2b6306,pcb1,evaluation,51.39332962036133,49.84041976928711,48.439937591552734,40.524681091308594,32.87511444091797
f5be8c821d0e2b33f0067ae5,pcb1,evaluation,43.67599487304688,42.094730377197266,41.09685516357422,36.99519729614258,30.871353149414062
a51198ecdfd31320f770ef6d,pcb1,evaluation,53.037017822265625,51.92338562011719,50.87614440917969,43.307579040527344,34.104331970214844
684f34e6e9fc7364eaf50826,pcb1,evaluation,45.00111770629883,43.56788635253906,42.60807800292969,38.16145706176758,32.25346374511719
6a559f080171b70ceb05a76d,pcb1,evaluation,52.42208480834961,50.87400436401367,49.546592712402344,41.09206771850586,32.95515441894531
f0c3fba61a2efd6739f3d64b,pcb1,evaluation,45.76878356933594,44.607147216796875,43.47458267211914,39.02388000488281,32.374202728271484
43b1e7fcfe515f7fccfef929,pcb1,evaluation,57.01347351074219,55.919677734375,54.87703323364258,47.87200927734375,35.16038513183594
0c33699be9e9a16d7c17ce77,pcb1,evaluation,51.41144180297852,50.272926330566406,49.271484375,43.55999755859375,33.57125473022461
eba74f816c6d5107132eca7e,pcb1,evaluation,48.51653289794922,47.69559097290039,46.58558654785156,40.41265106201172,32.398433685302734
6cfc6e55e1a48e120ca08f74,pcb1,evaluation,47.21202850341797,45.3490104675293,43.48466873168945,35.65694808959961,29.482954025268555
b3987a6e76637494d22b6173,pcb1,evaluation,41.51628494262695,40.515892028808594,38.991519927978516,32.274879455566406,28.764976501464844
32cf4b2e165e3206846aaf60,pcb1,evaluation,42.01047897338867,41.05078887939453,40.47309112548828,37.484832763671875,32.10337829589844
410c85cbd877dc37da9438a0,pcb1,evaluation,42.42420196533203,41.8870849609375,41.22421646118164,36.51936721801758,30.039587020874023
4d7ad789330c4ea70ea3ae32,pcb1,evaluation,60.36019515991211,57.642208099365234,55.79702377319336,44.490943908691406,31.59585189819336
32d1745f75b3f57218a650b6,pcb2,calibration,30.27621459960937,29.34493637084961,29.099292755126953,28.39748191833496,26.875261306762695
abfffc5cfa435b5b3a8a8856,pcb2,calibration,34.043235778808594,32.84408950805664,31.79718780517578,29.121484756469727,27.13228988647461
e1b8c3a940bba151a0efb8c9,pcb2,calibration,35.805171966552734,35.101802825927734,34.35676574707031,31.950639724731445,29.4714412689209
91a0648e817552e646c900d6,pcb2,calibration,31.45214462280273,30.939359664916992,30.337631225585938,28.508617401123047,26.749404907226562
a274995d82c1c23f41606e10,pcb2,calibration,30.62042808532715,29.949350357055664,29.3514404296875,28.04766845703125,26.83392333984375
d187099aa7debcabc61d43fa,pcb2,calibration,34.3792839050293,32.63951110839844,31.576810836791992,29.60379981994629,28.05375099182129
7d1dd88aab6dce1799d0fccd,pcb2,calibration,31.045391082763672,29.33978271484375,28.83873748779297,27.657936096191406,26.520709991455078
ff96409f6a9fb78bdd78796a,pcb2,calibration,30.831188201904297,29.848100662231445,29.10759925842285,27.925485610961914,26.87801170349121
10965014569fe3d9b9ede5df,pcb2,calibration,35.726600646972656,34.291358947753906,33.157806396484375,30.556278228759766,28.519792556762695
787d6770eaa57905f73ac87c,pcb2,calibration,31.546674728393555,31.095373153686523,30.69974136352539,28.85648536682129,27.557188034057617
9c584b5fffe6087c92ec3b3c,pcb2,calibration,29.99912452697754,29.359697341918945,29.06348419189453,28.354429244995117,27.35363006591797
cc26b23f33da31b1a1d7c649,pcb2,calibration,31.43256187438965,30.165298461914062,29.322050094604492,27.978517532348633,26.878904342651367
b76036871107339122f83137,pcb2,calibration,40.31190490722656,39.231285095214844,37.970947265625,33.547149658203125,29.429418563842773
b4868c5d04cfb0dc5b221d04,pcb2,calibration,31.125843048095703,30.57648277282715,30.056333541870117,28.492462158203125,27.156707763671875
6351d18691c0974e744bf682,pcb2,calibration,38.14244842529297,37.25313186645508,36.55388641357422,33.01959228515625,29.886409759521484
aba0463ce4c846367e9f18ea,pcb2,calibration,32.10618209838867,31.040843963623047,30.29322624206543,29.238779067993164,27.720714569091797
80235ae174b2ef8932a76adf,pcb2,calibration,30.178302764892575,29.022903442382812,28.745080947875977,27.85292625427246,26.859222412109375
7fc5d53b3a5040390374b7b5,pcb2,calibration,32.89934158325195,31.88254737854004,31.28903579711914,29.548572540283203,27.696908950805664
da46b80fc25b65ecdddacf73,pcb2,calibration,30.53586769104004,30.000646591186523,29.805578231811523,29.233610153198242,28.047285079956055
2d629d050315bdc884d9f9b6,pcb2,calibration,33.58557891845703,32.784568786621094,32.01935958862305,29.646692276000977,27.751937866210938
d12281a21741fca05aa3004b,pcb2,calibration,32.68284225463867,31.93454360961914,31.302000045776367,29.22813606262207,27.762311935424805
14cb473b51d004c463f5986d,pcb2,calibration,33.791587829589844,33.0834846496582,32.45952606201172,30.45488929748535,28.257266998291016
e84214243612d3150a3e959a,pcb2,calibration,33.90385437011719,31.92302703857422,31.188167572021484,29.69634437561035,27.436628341674805
b5e202f4397f66cb0455540e,pcb2,calibration,38.95881652832031,37.704837799072266,37.13155746459961,33.317935943603516,29.331729888916016
80a109f381211665071e6d56,pcb2,calibration,29.101367950439453,27.42847442626953,27.199121475219727,26.521411895751953,25.926156997680664
a870ee43585eff0c21881f25,pcb2,calibration,32.464900970458984,30.875307083129883,30.138534545898438,28.771018981933594,27.447622299194336
1515aeba929ba10b3b116d1f,pcb2,calibration,32.56318664550781,31.940458297729492,31.197532653808594,29.300819396972656,27.82879066467285
f43148e645e8095b390785ea,pcb2,calibration,33.8942985534668,32.97953796386719,32.33955764770508,31.02333641052246,29.531517028808594
d8e756508072e0e602275990,pcb2,calibration,29.399229049682617,28.968137741088867,28.586833953857422,27.51579475402832,26.561307907104492
847eabae263197256b97a23f,pcb2,calibration,31.430540084838867,30.661724090576172,30.304550170898438,29.02397918701172,27.626005172729492
702ecb7de045b0b8d029a5e3,pcb2,calibration,35.50690460205078,33.70758056640625,32.43849563598633,29.719301223754883,28.16891860961914
80a1c62b225cf13117eb0610,pcb2,calibration,35.9788703918457,34.223838806152344,33.00096130371094,30.481672286987305,28.166210174560547
6a9b8ea6ee01b9d79fd25702,pcb2,calibration,33.462833404541016,32.78630828857422,32.1805419921875,29.734922409057617,28.02095603942871
095beda014022e653475c36b,pcb2,calibration,29.920942306518555,28.420196533203125,27.967662811279297,27.260272979736328,26.50173568725586
60737d625caf7975c9b7b023,pcb2,calibration,32.12531661987305,31.445344924926758,30.837068557739258,28.811138153076172,27.30501365661621
e2d6bf7892c0f4a5f40a4cb4,pcb2,calibration,37.63274765014648,36.75394821166992,36.11274719238281,32.98895263671875,29.28961753845215
03efdb387d15b2540b78a6c8,pcb2,calibration,33.85560989379883,32.94131851196289,31.996929168701172,28.89458465576172,26.947345733642578
c28952936858d8021e2a30ae,pcb2,calibration,30.843196868896484,30.23968505859375,29.797338485717773,28.39154624938965,26.965579986572266
d812d1d4d044523552242967,pcb2,calibration,32.75682830810547,31.45925521850586,30.420650482177734,28.144563674926758,26.97576332092285
df1bd4a9f21d2103dde46aa8,pcb2,calibration,30.94524383544922,30.200851440429688,29.731014251708984,28.47998046875,27.23301124572754
5a1e62c98423c0df9fb89397,pcb2,calibration,32.08091735839844,30.869842529296875,30.134754180908203,28.40685272216797,27.133146286010742
915bb3e13b69356fa5369c3a,pcb2,calibration,34.786521911621094,33.334930419921875,32.443206787109375,29.216432571411133,27.443988800048828
3cf7fca23cf64dd70b103bf3,pcb2,calibration,31.113229751586918,30.416667938232422,29.760845184326172,28.759624481201172,27.437278747558594
ae430b8e7a0eba15321942fc,pcb2,calibration,30.7336483001709,30.356800079345703,29.963573455810547,28.590085983276367,27.436532974243164
5a548c0e35a7ac996549caba,pcb2,calibration,32.59696960449219,31.643552780151367,30.878023147583008,29.20548439025879,27.85585594177246
d5cf8bec5a2fb9fc2073fa18,pcb2,calibration,30.921449661254883,29.96291160583496,29.574752807617188,28.588111877441406,27.223386764526367
9ef91a08b079d99c0a809097,pcb2,calibration,34.637351989746094,33.21747970581055,32.15931701660156,29.993200302124023,28.415767669677734
28932281ac5c5c99dfb74b40,pcb2,calibration,29.48136329650879,28.650279998779297,27.899024963378906,26.749279022216797,26.01095199584961
3d068c846fc576d31c9a781b,pcb2,calibration,39.5223388671875,38.62812042236328,37.932559967041016,35.281864166259766,30.94828224182129
92bd23f1db439af2bca21b16,pcb2,calibration,31.91632652282715,31.231090545654297,30.738327026367188,29.22493553161621,27.735937118530273
ac853e317e00d01d458004c1,pcb2,calibration,30.190887451171875,29.626169204711914,29.06151580810547,27.78827667236328,26.73427963256836
929bb99c754c8d818db66c4a,pcb2,calibration,34.58966445922852,33.211021423339844,32.84202575683594,31.288925170898438,28.42660903930664
9427b9dc1b27680827a90b48,pcb2,calibration,30.727123260498047,29.563766479492188,29.251893997192383,28.364294052124023,27.275985717773438
429924fa95abe8da4b5c1557,pcb2,calibration,34.39571762084961,33.306190490722656,32.62289047241211,29.544267654418945,27.487163543701172
2da405946147656b13b2812c,pcb2,calibration,30.464662551879883,29.535545349121094,28.912086486816406,27.84508514404297,26.86833953857422
fa2b970abd44417cbb75f4c5,pcb2,calibration,30.027332305908203,29.066774368286133,28.63865089416504,27.703645706176758,26.72106170654297
a956a3ea4974ec8981363b67,pcb2,calibration,31.881696701049805,30.99127769470215,30.593294143676758,29.190784454345703,27.38800811767578
86f7d8afc2f9d631b8214049,pcb2,calibration,33.704715728759766,32.72980499267578,31.958372116088867,29.47047233581543,27.77144432067871
ac232d0fb8082d89d617f01d,pcb2,calibration,32.41788864135742,30.54681968688965,29.148468017578125,27.861745834350586,27.03251838684082
74458433ac132007e71576b5,pcb2,calibration,30.868385314941406,29.750253677368164,29.19397735595703,27.917041778564453,26.519376754760742
f7ce19c51906e685624ecc5a,pcb2,calibration,31.20103073120117,30.794193267822266,30.295732498168945,28.773181915283203,27.102476119995117
2d03eefb506238b3665b107e,pcb2,calibration,33.47321701049805,31.935457229614258,31.212549209594727,28.890153884887695,27.25432014465332
d1828c6ee7ecb4b53512a135,pcb2,calibration,39.47657775878906,37.71773910522461,36.35057830810547,31.519145965576172,28.319284439086914
fdb2c4f6e0a7d7d0631b61fe,pcb2,calibration,37.79603958129883,36.302310943603516,35.04443359375,31.964805603027344,28.883668899536133
c87d9a9d980868be22f9d239,pcb2,calibration,33.13726043701172,31.319894790649414,30.564193725585938,29.038753509521484,27.60590362548828
294d37c7c0cb28ef2e94593a,pcb2,calibration,33.05097961425781,31.729856491088867,30.81713104248047,28.748737335205078,27.357131958007812
4932e43999803647fa3e6361,pcb2,calibration,29.605255126953125,28.435224533081055,27.937255859375,27.241785049438477,26.539369583129883
12171fbf0316dcad8b38685f,pcb2,calibration,30.76321220397949,28.631166458129883,28.098600387573242,27.176225662231445,26.173221588134766
dee5c4990a9ef8ec34b8a04a,pcb2,calibration,30.883447647094727,30.142683029174805,29.529823303222656,27.97942543029785,26.865297317504883
7c1dbfb695777196375f23de,pcb2,calibration,31.39675712585449,30.533557891845703,30.282304763793945,28.99335289001465,27.129638671875
3fef67ff3aefb8c18636f433,pcb2,calibration,32.544490814208984,31.465423583984375,31.057828903198242,29.92034339904785,28.27768325805664
93dbe9a9d8617cd323cf166e,pcb2,calibration,30.429595947265625,29.794153213500977,29.15285873413086,27.50433921813965,26.249353408813477
2fcc5727f31fddec11eb0a75,pcb2,calibration,37.38963317871094,36.92066955566406,36.123291015625,31.793296813964844,28.111083984375
76b92cd253ceaf95874bab97,pcb2,calibration,31.054765701293945,30.081525802612305,29.807472229003906,28.92647933959961,27.303924560546875
62edfe41b1195d42a1afbcac,pcb2,calibration,29.24395751953125,28.598583221435547,28.26214599609375,27.301034927368164,26.237483978271484
9cdf8bb1a9e36dd1fc7ef565,pcb2,calibration,28.88121223449707,27.876070022583008,27.650680541992188,26.981538772583008,26.15479278564453
8f6b8a5c888238c0ddf9b091,pcb2,calibration,30.13322639465332,29.412431716918945,29.00901222229004,28.20298194885254,26.995241165161133
778176291667a659dfb3ba6e,pcb2,calibration,31.869604110717773,31.048078536987305,30.33426284790039,29.008581161499023,27.618667602539062
e2f150b6cd2a979e22bf9d51,pcb2,calibration,30.884424209594727,30.06934356689453,29.61846351623535,28.551591873168945,27.361303329467773
f97e461ffeb29c4fce17af91,pcb2,calibration,30.42158317565918,29.511125564575195,28.904890060424805,28.01509666442871,26.940208435058594
d1418d6687c262039510d3c3,pcb2,calibration,33.090816497802734,32.30491256713867,31.367006301879883,29.037748336791992,27.60806655883789
d1193e14e0119c884ae7715f,pcb2,calibration,34.28594207763672,33.540260314941406,33.25912857055664,31.32699203491211,28.854843139648438
7db514cd3a826e7690871651,pcb2,calibration,30.64805030822754,29.737857818603516,29.125408172607422,27.88227081298828,26.9847469329834
296796e58ab595ea02589263,pcb2,calibration,32.02248001098633,31.4892635345459,31.224252700805664,29.53386878967285,27.30970573425293
2d3c3782802e3b89af007147,pcb2,calibration,32.76136016845703,32.071468353271484,31.602657318115234,29.642776489257812,27.45939826965332
7ea8416ba18f513d5c1c18ec,pcb2,calibration,32.07575988769531,31.03437042236328,30.45146369934082,29.252649307250977,27.909528732299805
ea3e43b9f2a428bc27c0d796,pcb2,calibration,36.07863235473633,34.8692512512207,34.5040397644043,32.62035369873047,29.3658504486084
50983cdd979099617af45d84,pcb2,calibration,32.36894607543945,31.215959548950195,30.081506729125977,28.462003707885742,27.36182975769043
f7baaa108e1681c2deb891c3,pcb2,calibration,32.11741256713867,31.27754783630371,30.52971649169922,28.244821548461914,26.564807891845703
3bfe60e64bd8e2a8347bc396,pcb2,calibration,33.64110565185547,33.0975227355957,32.68533706665039,31.033042907714844,28.89453887939453
ba34b0e5a82437c978dd2c4d,pcb2,evaluation,32.44910430908203,31.362585067749023,30.70153045654297,29.11901092529297,27.73097801208496
8826e957d650cd38a0a2066a,pcb2,evaluation,30.95927619934082,30.264734268188477,29.63566017150879,28.360958099365234,27.189464569091797
a8c40bc88da010daad3fad02,pcb2,evaluation,36.571563720703125,35.13755416870117,34.496280670166016,31.86988639831543,29.109615325927734
e462bc80c56e663f56044b30,pcb2,evaluation,34.431976318359375,33.19441604614258,32.15225601196289,30.088932037353516,27.78964614868164
ed9e628ab67b6094d5e19bc4,pcb2,evaluation,34.844783782958984,34.04891586303711,33.32767105102539,31.549110412597656,28.657833099365234
52e6d8cc25705fa13e93c93a,pcb2,evaluation,36.75495529174805,35.81394577026367,35.123619079589844,32.22394561767578,28.996273040771484
1e89f8f09b48e7ae7efe5a72,pcb2,evaluation,31.28476333618164,30.6447696685791,30.166168212890625,28.998722076416016,27.424449920654297
3806d1e3ed87a3939aaa8b78,pcb2,evaluation,28.745140075683597,27.866596221923828,27.725143432617188,27.20647430419922,26.478727340698242
0043f160068eb5a09420a18c,pcb2,evaluation,31.831787109375,31.42572593688965,31.02310562133789,29.56839370727539,28.004568099975586
4811889971e6c4b4e68adab6,pcb2,evaluation,36.537696838378906,35.11539077758789,34.12945556640625,30.606231689453125,28.08717918395996
dc8b8c825979219c2b976912,pcb2,evaluation,32.75761032104492,31.781654357910156,31.309707641601562,29.374553680419922,27.797590255737305
2034cdea012f878d4583fdec,pcb2,evaluation,32.43439102172852,31.024179458618164,30.580318450927734,29.319622039794922,28.00174331665039
0c9fd90f15cae099872a5c55,pcb2,evaluation,32.80963516235352,32.1931037902832,31.78721046447754,29.8543701171875,28.1912784576416
89db9e94b579861c70f3ff6d,pcb2,evaluation,34.56996536254883,33.767364501953125,33.210182189941406,31.114559173583984,28.27577781677246
6eac6232db1cf69389032b5f,pcb2,evaluation,31.057043075561523,29.95954132080078,29.26323699951172,28.114917755126953,26.928129196166992
6340d38f026ae0dc5592b0d0,pcb2,evaluation,32.71029281616211,31.790910720825195,31.240352630615234,29.05527114868164,27.491979598999023
533d6a6d4804f7c7554f5024,pcb2,evaluation,30.894248962402344,29.71302032470703,29.3345890045166,28.289459228515625,27.31989097595215
2c48acb2ed19a2050e991dfe,pcb2,evaluation,30.04583168029785,29.246591567993164,28.743896484375,28.04509925842285,27.216571807861328
4514a0f38695bbc7232e8d7c,pcb2,evaluation,33.499305725097656,32.2716178894043,31.17363929748535,29.25654411315918,27.21278953552246
c05f5d705b556b4622e08caf,pcb2,evaluation,34.125770568847656,33.04901885986328,32.26753616333008,29.503223419189453,27.632286071777344
1ce29bfeaf2d32681988d2e8,pcb2,evaluation,33.42670822143555,32.60240173339844,31.476911544799805,29.219175338745117,27.266883850097656
995c387397a32e7b9c20e5d8,pcb2,evaluation,34.81062316894531,33.3184700012207,32.2123908996582,29.255725860595703,27.728200912475586
b8f0e0febd4a9334f5037dee,pcb2,evaluation,30.3921012878418,29.57159996032715,29.175071716308594,28.05353355407715,26.762113571166992
c7d15b9d68a41bfb50c7f1c2,pcb2,evaluation,33.674495697021484,32.892486572265625,32.10588455200195,29.755849838256836,27.850719451904297
a1dec8717366c386fe7f6c02,pcb2,evaluation,31.526979446411133,30.550100326538086,30.243608474731445,29.42679786682129,27.84991455078125
b75e572b5fcccacf1c7a4778,pcb2,evaluation,31.27577209472656,30.549348831176758,29.864469528198242,28.41716957092285,27.148963928222656
4e37ab90cf82b7479ed93cb2,pcb2,evaluation,33.71453857421875,32.94945526123047,32.0450439453125,29.38419532775879,27.326522827148438
b3d28df22c7be6b7b38d571a,pcb2,evaluation,31.7657527923584,30.68543243408203,30.183467864990234,29.013647079467773,27.51578712463379
7df8bef9af6f3c502deffc53,pcb2,evaluation,35.97315979003906,34.43929672241211,33.00039291381836,30.149253845214844,28.124481201171875
330518a2822d4706b2b13b9b,pcb2,evaluation,38.74699020385742,37.295326232910156,35.99604797363281,31.314163208007812,28.631160736083984
b37f12e30f91df2ea6589046,pcb2,evaluation,35.34846115112305,33.66132354736328,32.249183654785156,28.734336853027344,26.695505142211914
3f05b5758b90f9952024f33c,pcb2,evaluation,35.85797119140625,34.71168899536133,33.67903137207031,31.094879150390625,28.705461502075195
04304d7b1002f4e8647efce6,pcb2,evaluation,31.9794979095459,30.570148468017578,30.083831787109375,28.250234603881836,26.946420669555664
565dc63184ca13923263ec1b,pcb2,evaluation,43.7327766418457,42.235721588134766,41.0233268737793,37.84358215332031,31.01304817199707
1b3b155ce025d33f33447719,pcb2,evaluation,32.50469970703125,31.679542541503906,31.20265007019043,29.84423828125,28.006898880004883
29fe32a6caa180e3f7411e00,pcb2,evaluation,32.28629684448242,31.59662628173828,30.810009002685547,28.912229537963867,27.579439163208008
855890624a7eb1719341b2c9,pcb2,evaluation,35.9193115234375,34.94423294067383,33.95869445800781,30.758712768554688,28.3165340423584
258d26e58bb9ac580dfa9a5e,pcb2,evaluation,32.682212829589844,31.68674659729004,31.032615661621094,28.686933517456055,26.8299503326416
de1261a4aa6d2857e59cf93e,pcb2,evaluation,31.03448867797852,29.773799896240234,29.202985763549805,28.356281280517578,27.211523056030273
893858cfd24e0e489f100f4d,pcb2,evaluation,31.20891761779785,30.01095962524414,28.993980407714844,27.675655364990234,26.81168556213379
ea13e3141c57996d05ca6617,pcb2,evaluation,33.3779182434082,32.09947204589844,31.20230484008789,29.305343627929688,27.743749618530273
be1e18d23a50e340985eff2a,pcb2,evaluation,30.721778869628903,29.347537994384766,28.356597900390625,27.274385452270508,26.491052627563477
0f3fcb53b32e04766a5fcbcd,pcb2,evaluation,32.95660400390625,31.059024810791016,29.94013214111328,27.937395095825195,26.36054229736328
45e729ee5732726e00ba4128,pcb2,evaluation,29.79326057434082,28.74069595336914,28.16761016845703,27.50926399230957,26.759889602661133
41fc3e456450643e87a5bfb4,pcb2,evaluation,32.48484802246094,31.29425811767578,30.439809799194336,28.766286849975586,27.194522857666016
521ae23eef80d9dd5c535c03,pcb2,evaluation,32.57716751098633,31.42688751220703,31.084945678710938,29.87250518798828,28.244184494018555
98fcc6c0f5f9d6ab1253ae5b,pcb2,evaluation,32.35224914550781,31.298810958862305,30.969743728637695,29.999921798706055,28.438247680664062
7b2a661d4bc03810c26ed1e1,pcb2,evaluation,31.714513778686523,30.699434280395508,30.18522071838379,28.81972312927246,27.281320571899414
31319c2edc009de416c2dbc5,pcb2,evaluation,33.66130447387695,32.79864501953125,32.03534698486328,30.480833053588867,28.161991119384766
fc8325e935edbc2b2277f0f3,pcb2,evaluation,33.41992950439453,32.747013092041016,32.141273498535156,30.62091827392578,28.859394073486328
22079e0a617255e9a819daa1,pcb2,evaluation,30.750762939453125,29.68647575378418,29.410917282104492,28.633808135986328,27.351551055908203
62e922cf0c48b441aba9c0b8,pcb2,evaluation,31.828536987304688,31.195730209350586,30.78012466430664,28.957082748413086,27.205793380737305
058b8f36da98efd54556c35e,pcb2,evaluation,33.638790130615234,32.663753509521484,31.82359504699707,29.14177894592285,27.669071197509766
e0d4d13b2e9fd335e2d592bf,pcb2,evaluation,33.80983352661133,33.31590270996094,32.765037536621094,30.813465118408203,28.42642593383789
09e2e2bca87650ec39207400,pcb2,evaluation,32.79509353637695,31.50042152404785,30.646892547607422,28.71380043029785,27.231201171875
05ec8ecb9391c17d882a581c,pcb2,evaluation,31.79568290710449,30.954845428466797,30.12445640563965,28.58887481689453,27.36842918395996
7866d19f82a8dbd2db3f6299,pcb2,evaluation,33.37911605834961,32.678138732910156,32.09080123901367,29.224634170532227,27.270471572875977
2d16634cf6ebccfe00de24eb,pcb2,evaluation,30.956193923950195,30.01647186279297,29.69241714477539,28.5546817779541,27.297197341918945
63eff4ec2ea81e620e204ecf,pcb2,evaluation,31.61234474182129,30.8695068359375,30.45561408996582,28.8044490814209,27.36232566833496
143fedb0342ac0b13a1b6316,pcb2,evaluation,30.992992401123047,29.8926944732666,29.204301834106445,27.03998565673828,26.1016845703125
6a223f31caa79bb46374aa93,pcb2,evaluation,32.01755905151367,31.265459060668945,30.924806594848633,29.023717880249023,27.1524600982666
224b4293ccfd7e0d2470c220,pcb2,evaluation,39.96327972412109,38.98503494262695,38.034645080566406,33.13834762573242,28.60825538635254
67b7085715b2aefa16a4946d,pcb2,evaluation,33.706905364990234,32.798465728759766,32.53900909423828,31.067699432373047,28.653234481811523
da446c52dfb32c983fa5f6e2,pcb2,evaluation,33.986351013183594,32.80332946777344,32.145118713378906,29.212310791015625,27.260677337646484
87ce66b9c70bf5719b7cb314,pcb2,evaluation,33.38352584838867,32.35959243774414,31.818674087524414,29.054262161254883,27.369003295898438
447aee10c687a4a89f8451c5,pcb2,evaluation,35.87689208984375,35.245628356933594,34.4178352355957,30.272451400756836,27.747106552124023
b6ecc79ae9e795bdd453f1e4,pcb2,evaluation,38.09578704833984,37.35280990600586,36.743621826171875,32.83040237426758,29.168785095214844
bfaef7c70aa976a1630e9543,pcb2,evaluation,30.77331924438477,29.711021423339844,29.33901596069336,28.294748306274414,27.048124313354492
5aae4b6756f58f6d4f3cb4ba,pcb2,evaluation,29.90203666687012,29.455551147460938,29.05718994140625,27.840038299560547,26.52692985534668
b63757ca9f693879eefc2a56,pcb2,evaluation,29.93290328979492,29.0560302734375,28.7676944732666,27.91322898864746,26.843488693237305
0ae1380158a04dc16067fdea,pcb2,evaluation,31.476768493652344,30.102375030517578,29.63046646118164,28.478809356689453,27.20319175720215
cb55367a4fb82042d97b9768,pcb2,evaluation,31.121990203857425,30.49452781677246,30.089754104614258,28.71986961364746,27.162811279296875
b700fef6748f2ca922501100,pcb2,evaluation,32.65810775756836,31.664731979370117,31.020233154296875,30.050024032592773,28.77554702758789
9726685f5a482d2ada538a01,pcb2,evaluation,34.77523422241211,33.690338134765625,32.50672912597656,29.884418487548828,28.177934646606445
6a855131c4603895fa33332b,pcb2,evaluation,31.53846740722656,30.54665756225586,30.0802059173584,28.98452377319336,27.560144424438477
91529aaa2b5f2e3163358f18,pcb2,evaluation,31.22359848022461,30.487504959106445,29.788116455078125,28.273908615112305,26.94610595703125
90d39ebe20fb5e776e3acbaa,pcb2,evaluation,30.415069580078125,29.578041076660156,29.112546920776367,27.964754104614258,26.9874267578125
81fcedac4fe97bbc8303ac91,pcb2,evaluation,31.456844329833984,30.490699768066406,29.874719619750977,28.59825897216797,27.32292366027832
185f26a76325221337c2c1ee,pcb2,evaluation,40.95919418334961,39.58100509643555,38.87440490722656,36.26200866699219,30.382341384887695
ecb97538b9b8bb6b843f2f6e,pcb2,evaluation,33.78983688354492,33.0886344909668,32.74686050415039,30.40678596496582,28.299821853637695
b02694d4f2e93e3b97a88c33,pcb2,evaluation,32.04828643798828,31.408416748046875,30.622936248779297,28.79834747314453,27.44742202758789
d44d841a48fb30c8d123e666,pcb2,evaluation,33.49794006347656,32.386722564697266,31.99030113220215,30.24228858947754,28.432750701904297
5228cf9dae763723ea82b6ba,pcb2,evaluation,31.091310501098636,30.06574821472168,29.684770584106445,28.666797637939453,27.35038185119629
db24cc88cba37b8399b70b31,pcb2,evaluation,34.87379837036133,33.18193817138672,32.065677642822266,29.98192596435547,28.02718734741211
c693c3f3c082a56311af0ccb,pcb2,evaluation,36.48992919921875,35.32939529418945,34.322200775146484,30.48549461364746,27.681060791015625
af5b1e7c35833b942280ea47,pcb2,evaluation,39.14352035522461,37.40327453613281,36.14767074584961,32.17055130004883,28.36150550842285
007dd0e22dd86be207fc7d90,pcb2,evaluation,31.98870277404785,31.23875617980957,30.797378540039062,29.046175003051758,27.23253631591797
a9efc77de43acab4f98d6ac5,pcb2,evaluation,32.818748474121094,31.502592086791992,31.13619613647461,29.747783660888672,27.74213218688965
6fdf24774d86dd530faa8812,pcb2,evaluation,29.751073837280277,28.98126792907715,28.685182571411133,27.798900604248047,26.731216430664062
d7f429c88b3074401445b7dd,pcb2,evaluation,30.48579788208008,29.425575256347656,28.896507263183594,28.11920738220215,27.066238403320312
cc9cd68b128089ea5db831bd,pcb2,evaluation,30.96769523620605,30.119537353515625,29.46237564086914,27.738265991210938,26.569007873535156
b17c61128d2f2cdff9bdeb32,pcb2,evaluation,35.21025848388672,34.28789138793945,33.52428436279297,30.75889778137207,28.148075103759766
ec677796fb77e7aabe8a688b,pcb2,evaluation,30.741655349731445,29.75313949584961,29.477975845336914,28.58893585205078,27.214359283447266
a3677c4e5e6e0329a34190bd,pcb2,evaluation,31.40313148498535,29.9235897064209,29.631898880004883,28.703590393066406,27.552457809448242
230daa2a70435f314b40c5c8,pcb2,evaluation,30.00938034057617,29.353796005249023,28.79046630859375,27.874963760375977,26.829416275024414
72f94a321d1b0f8df2f10901,pcb2,evaluation,34.23146057128906,31.94072723388672,30.78799819946289,29.291061401367188,27.71494483947754
557aef73bba69df9a5eecf08,pcb2,evaluation,32.9301872253418,31.096403121948242,30.478633880615234,29.413272857666016,27.763227462768555
572283945470c54ea7963474,pcb2,evaluation,29.8214168548584,29.357643127441406,29.112939834594727,27.932958602905273,26.875219345092773
b6856620e4338e04753b122a,pcb2,evaluation,33.063438415527344,32.0509033203125,31.61185073852539,29.843597412109375,27.854936599731445
3fbf4037cb36554dd6bc46a0,pcb2,evaluation,31.44949722290039,30.907255172729492,30.455387115478516,29.328819274902344,27.937047958374023
785ab307e32681ec6061b1ad,pcb2,evaluation,43.64426803588867,42.69745635986328,41.66217041015625,36.321693420410156,30.189199447631836
628387340d1a6acdb1c9cfb8,pcb2,evaluation,53.19305419921875,51.610267639160156,49.83381271362305,43.31096267700195,32.61936950683594
483f148fc75c8678fab89bb4,pcb2,evaluation,58.04360580444336,56.813453674316406,55.37213897705078,47.88697052001953,34.51811981201172
235b228ca68afd7f5ba618d2,pcb2,evaluation,48.0283088684082,47.396080017089844,46.29368209838867,39.01675796508789,31.43234634399414
75a5838a6d051b79a9684558,pcb2,evaluation,59.74069213867188,58.625205993652344,57.784976959228516,50.89071273803711,36.9749870300293
e6cc72556acfea6bdc4af38a,pcb2,evaluation,42.32144927978516,41.4284782409668,40.70625305175781,37.57573699951172,31.595149993896484
f3f49db511a77f3f8bae01fa,pcb2,evaluation,47.35046005249024,46.201316833496094,45.47153091430664,42.51626205444336,35.027713775634766
9cc4e91c8188d17a460ae54d,pcb2,evaluation,58.49969100952149,57.579036712646484,56.67538070678711,50.282554626464844,36.84285354614258
34b654a1dca527cd5f37709f,pcb2,evaluation,56.80537033081055,55.33955383300781,54.530086517333984,48.99546813964844,36.19147491455078
49bb6414f376f55f9dfed75a,pcb2,evaluation,48.198341369628906,46.747920989990234,45.47846984863281,42.00564193725586,34.073997497558594
8fac390667fd5e96d54f7365,pcb2,evaluation,35.8004264831543,35.1728401184082,34.704689025878906,31.894969940185547,28.735288619995117
a15cc8af2dae04ebbcd5c355,pcb2,evaluation,59.12179565429688,58.58075714111328,57.857627868652344,53.61696243286133,43.58050537109375
2c6d7c05b7b6a314e07d03bc,pcb2,evaluation,40.403568267822266,39.42692947387695,38.77925109863281,36.6130256652832,31.995229721069336
45835dece90eca01ae528c98,pcb2,evaluation,69.92440795898438,68.9871597290039,67.99146270751953,60.71078109741211,41.329837799072266
be1b9150631085938abac877,pcb2,evaluation,47.69718551635742,46.700653076171875,46.00632858276367,43.043235778808594,34.64572525024414
1da24f7dc6e05ac42a2e436a,pcb2,evaluation,46.66500854492188,45.96412658691406,44.87076950073242,38.95355987548828,32.33091354370117
b0dbfa0887ba168b245c9f5b,pcb2,evaluation,47.507137298583984,45.85024642944336,44.6041374206543,37.8062744140625,31.669090270996094
320c443c643128d0f13cbd13,pcb2,evaluation,40.41236877441406,39.67049026489258,39.12154769897461,33.98109817504883,29.868267059326172
64922825f529b3488defd830,pcb2,evaluation,57.05739974975586,55.66773986816406,55.06446838378906,51.16466522216797,47.038936614990234
44e8a317d17ba03d731c70e9,pcb2,evaluation,48.720645904541016,48.102996826171875,47.4084587097168,42.465206146240234,34.211246490478516
d8de5fa5354169f39de7d6d0,pcb2,evaluation,43.888648986816406,42.99355697631836,41.87161636352539,35.18195343017578,30.5302677154541
58896642a6f3987d7f1143f5,pcb2,evaluation,55.77623748779297,54.321441650390625,52.683448791503906,43.697208404541016,32.88068389892578
e26b913937c2f4a11d007da4,pcb2,evaluation,40.52531814575195,38.847129821777344,37.780574798583984,31.983531951904297,27.95424461364746
2727cab027a82fb59ff47289,pcb2,evaluation,42.90541076660156,41.41521453857422,40.22624588012695,36.82789993286133,32.45107650756836
6fdb7f891ca8919f0898fcd1,pcb2,evaluation,45.18576049804688,43.83383560180664,42.94466018676758,36.11198806762695,30.06399154663086
73fc18451c00b691448763c1,pcb2,evaluation,44.132625579833984,43.3369255065918,42.43802261352539,39.35810852050781,32.24365234375
faf71a290ac9d8c0d6bf4424,pcb2,evaluation,57.99021530151367,56.86219787597656,55.28047180175781,44.16830062866211,33.59150314331055
b19543d0edfdd53b19e85ff8,pcb2,evaluation,47.39406967163086,45.89204025268555,44.38239288330078,36.66046142578125,29.914331436157227
592c6eaa6aadd46ac503d739,pcb2,evaluation,54.71076202392578,53.14882278442383,51.91487503051758,45.08235549926758,33.24176025390625
017154c854febdf67bcc4cd3,pcb2,evaluation,42.37947082519531,41.25210189819336,40.65312194824219,35.412681579589844,29.977157592773438
fc0211f53eb8a3eb1fa5941b,pcb2,evaluation,45.56271362304688,44.338069915771484,42.70953369140625,36.02215576171875,30.159162521362305
467b73b06b77bb4318220828,pcb2,evaluation,44.39041519165039,41.98091506958008,39.93170928955078,33.37135314941406,29.290639877319336
cc08af32cf19a56d899bcf9a,pcb2,evaluation,45.05093002319336,42.920692443847656,41.17024230957031,33.81779479980469,28.8774356842041
c7ae6b358d344ed02f059979,pcb2,evaluation,38.483280181884766,37.33504104614258,36.09003448486328,31.72544288635254,28.821693420410156
d5d38247b3750584b90e5c29,pcb2,evaluation,56.7168083190918,55.1609001159668,53.3630485534668,44.2062873840332,33.369468688964844
2ea061e8a06eade2f04c6203,pcb2,evaluation,40.93476867675781,39.856117248535156,38.26323699951172,33.32587432861328,29.721939086914062
ea80968873d9da594441c2d7,pcb2,evaluation,35.50501251220703,34.18207931518555,33.2910270690918,31.05487823486328,28.70370864868164
ba63aa941366b93f0ebaeca2,pcb2,evaluation,50.22865676879883,48.26774597167969,46.30710983276367,36.61766815185547,30.537376403808594
05a260a03941e14c4b7fa404,pcb2,evaluation,39.92415237426758,38.358055114746094,37.35896682739258,32.91729736328125,29.331443786621094
40288d3216a8b6e9f3ff6f84,pcb2,evaluation,46.21229934692383,46.148075103759766,44.88908767700195,37.1611442565918,30.05282974243164
23604140fec2eef8bd39e1b5,pcb2,evaluation,55.45047378540039,53.880619049072266,53.52631759643555,51.16218948364258,47.60206604003906
bd71e15273755fea66216dfa,pcb2,evaluation,57.22011947631836,56.196571350097656,55.20702362060547,52.297786712646484,48.218116760253906
feb3e41656025da3bc354582,pcb2,evaluation,56.85517883300781,54.88275909423828,53.859527587890625,49.533905029296875,38.38322067260742
55f1898177a830b5e12abe3d,pcb2,evaluation,51.3792839050293,50.08475112915039,48.805397033691406,43.185302734375,34.372100830078125
0396aae0e8543b910447f326,pcb2,evaluation,59.448486328125,57.51647186279297,55.73386764526367,51.99480438232422,44.15681076049805
d0055a1c157529b0573e9797,pcb2,evaluation,34.73089599609375,34.19187927246094,33.62986373901367,32.598670959472656,30.151559829711914
11474c54f7e82004a4d08d3d,pcb2,evaluation,57.487300872802734,56.9655876159668,56.168357849121094,52.89763259887695,49.17050552368164
e96e226b798c2f75f8be448b,pcb2,evaluation,55.07023620605469,54.0654411315918,53.14277267456055,50.07183837890625,46.290374755859375
843bca24abf251865e56ed56,pcb2,evaluation,48.45820999145508,47.1254768371582,46.79833221435547,41.9652214050293,33.06504440307617
c838acdc59364f0ae0139747,pcb2,evaluation,45.36435317993164,43.630191802978516,42.36863708496094,35.922874450683594,30.54152488708496
9a426de3fe539d30129fb6e1,pcb2,evaluation,36.98846054077149,35.56151580810547,34.25721740722656,30.238529205322266,28.16961097717285
50b92309c855312aa506352e,pcb2,evaluation,34.03789520263672,33.399993896484375,32.8608512878418,30.965389251708984,28.895111083984375
b883a7338b6052eac5107f56,pcb2,evaluation,56.8471565246582,55.14427185058594,54.62255859375,47.99113082885742,34.939964294433594
e4861796e2e4468e0112e833,pcb2,evaluation,32.557369232177734,31.41240119934082,30.524187088012695,28.967147827148438,27.71403694152832
cd68690ce790f663ed5457f7,pcb2,evaluation,47.41993713378906,45.7325325012207,44.58746337890625,40.484901428222656,33.1877555847168
2fa5078aab210427dc187c96,pcb2,evaluation,33.73716354370117,32.64982986450195,31.714111328125,29.79425048828125,28.248661041259766
d343c2a2cbca687849a3010d,pcb2,evaluation,32.65945816040039,31.536333084106445,30.9152774810791,29.62611198425293,28.189620971679688
a3f3d4706393e7fb6290639a,pcb2,evaluation,32.44352340698242,31.003633499145508,30.77553367614746,29.568424224853516,27.808195114135742
f19f9dd394dcf709d33a91a1,pcb2,evaluation,33.776973724365234,32.82267761230469,32.18543243408203,30.396787643432617,28.582799911499023
2a6f82efe4a992edee519e90,pcb2,evaluation,37.08423614501953,35.78872299194336,35.31468200683594,33.808349609375,30.038959503173828
9dcd7b88aa145c9956d55e28,pcb2,evaluation,39.33102416992188,37.5965576171875,36.02545166015625,31.561216354370117,28.175155639648438
f645c03fd2cdd71d8649824d,pcb2,evaluation,61.07977294921875,59.59511947631836,57.82624816894531,47.532142639160156,34.5664176940918
d5ba7127f32231a9ea444738,pcb2,evaluation,42.77015686035156,40.39055633544922,38.712059020996094,32.409202575683594,28.809839248657227
1396120765feff59f1681771,pcb2,evaluation,41.64863967895508,40.694541931152344,39.59461975097656,34.87495422363281,30.386016845703125
14865019f5e6980bbff89391,pcb2,evaluation,52.02228164672852,51.19187927246094,49.866092681884766,43.042457580566406,32.338829040527344
8b68baa11ed86b3af31e169e,pcb2,evaluation,46.6867790222168,45.84587478637695,44.56454086303711,37.28947830200195,30.29899024963379
6027ce71478d7b3c6f712726,pcb2,evaluation,43.577884674072266,42.262821197509766,40.95503234863281,34.42975997924805,29.062175750732422
96643ba666ef12f988aa091b,pcb2,evaluation,41.58306884765625,40.78445816040039,39.94171142578125,35.901885986328125,31.213300704956055
844ad8281954962a34a5bf8c,pcb2,evaluation,51.35416412353516,50.234710693359375,48.660194396972656,38.614742279052734,29.836559295654297
3a12002344b707eeebd29c0b,pcb2,evaluation,43.75941848754883,42.64286804199219,41.48765563964844,35.6151237487793,29.82720947265625
96557f21d6aa5ae880a4458f,pcb2,evaluation,43.082801818847656,42.15155029296875,40.9036865234375,34.007450103759766,29.079130172729492
42ee2d6c129abdc1c0309610,pcb2,evaluation,45.16994094848633,43.767642974853516,42.49592208862305,37.15932083129883,31.575910568237305
580fe2e2970cd28c647aca81,pcb2,evaluation,36.72570037841797,35.99746322631836,35.39593505859375,32.03910446166992,28.8438663482666
ade09ecec40f2c9d7e7a559e,pcb2,evaluation,37.02721405029297,36.225860595703125,35.46426010131836,32.49201583862305,28.654695510864258
3756ebdbf929ed787cce6dfc,pcb2,evaluation,46.18137741088867,44.86294174194336,43.40916061401367,35.07085418701172,29.40812110900879
c75d1316fd33a72b0af4c5e4,pcb2,evaluation,50.05531311035156,47.523712158203125,45.628177642822266,40.366844177246094,33.022438049316406
f5b0f44066263eac6e77f054,pcb2,evaluation,41.32718276977539,39.285770416259766,37.5374870300293,32.13876724243164,29.17546272277832
6074e88848b9c71cf3e3e076,pcb2,evaluation,33.941158294677734,32.98508834838867,32.637454986572266,30.820241928100586,28.58414077758789
6f83b8bb8a22fbd61cb75ad4,pcb2,evaluation,47.76232147216797,46.683292388916016,45.110260009765625,36.93602752685547,29.804203033447266
aadfd2dcc350943f2416b2dd,pcb2,evaluation,48.02669906616211,46.40195083618164,44.825904846191406,37.590476989746094,30.330102920532227
d9b148f21cbbcaf360fd45b1,pcb2,evaluation,43.37052536010742,41.72705078125,40.002601623535156,32.6854248046875,28.49969482421875
d9fc0603ee4f26815a3e863a,pcb2,evaluation,46.48270034790039,45.576759338378906,44.51808547973633,39.13808059692383,31.57858657836914
e12cc7f03dd0bec2c8be0d63,pcb2,evaluation,46.15248489379883,45.504329681396484,45.06264114379883,39.73857498168945,32.2408561706543
27be79a2c4dff4ebb32b823e,pcb2,evaluation,35.01982498168945,33.98422622680664,33.45199203491211,31.393020629882812,29.004505157470703
5554622b54ec46458487fccd,pcb2,evaluation,40.6689567565918,38.86648178100586,38.352149963378906,35.793968200683594,30.920854568481445
11f01d17018e97dc327c1871,pcb2,evaluation,45.72804260253906,45.30961990356445,44.864444732666016,40.657535552978516,31.90439224243164
52d274d86324a2d347948688,pcb2,evaluation,57.522274017333984,55.857337951660156,54.58772659301758,47.6342658996582,33.76215362548828
734f3cec9eec135b130266c0,pcb2,evaluation,60.436798095703125,59.718994140625,58.6027946472168,50.702659606933594,35.2542724609375
0034b5c2e42b8d83e6fcf6d9,pcb2,evaluation,49.42097091674805,48.16143798828125,46.79951858520508,40.77766799926758,30.98111343383789
0cfdad5173e59da7138f0989,pcb2,evaluation,66.6634292602539,63.63236999511719,61.49999237060547,50.32963943481445,34.84969711303711
d2289d206bd04eca591264a1,pcb2,evaluation,52.70773315429688,51.599517822265625,50.82666015625,43.550498962402344,32.142059326171875
d04fb07abcc9f87fd3b69169,pcb2,evaluation,63.17817687988281,60.64079666137695,58.45174026489258,48.11040496826172,33.4889030456543
1ac6ad7feff9327f8055eead,pcb2,evaluation,43.78215408325195,42.43135452270508,41.51947784423828,39.18190383911133,32.25406265258789
117bc18a710b4e277abb6a6f,pcb2,evaluation,58.461036682128906,56.15094757080078,54.0908317565918,43.4482307434082,31.638580322265625
f05ab3c24065985287fcdc4d,pcb2,evaluation,46.35415649414063,44.98948287963867,44.169593811035156,40.62061309814453,33.12892532348633
76c30b6fb52eb38e507d2dc5,pcb2,evaluation,49.85868453979492,48.37617874145508,47.29106140136719,41.32770919799805,33.2263298034668
eeb0f9de2bffec5cced2a0ff,pcb2,evaluation,49.08884048461914,47.99257278442383,46.99619674682617,40.78533935546875,33.475120544433594
372ae5bdec2320a7643a9f3a,pcb2,evaluation,44.41606903076172,42.96821594238281,41.7923698425293,36.12424850463867,30.4940128326416
b11dc48e6859c0e3757254f8,pcb2,evaluation,47.22478103637695,45.7984504699707,44.71391677856445,39.93661117553711,32.44539260864258
044cd9bc7b24ef53e8aae994,pcb2,evaluation,51.52302551269531,49.70968246459961,48.37556076049805,42.306846618652344,34.16043472290039
943e78e137e7b0dabebf84ab,pcb3,calibration,31.795026779174805,30.650739669799805,30.042585372924805,29.31122398376465,28.29147720336914
93d4cde025c9b6d7563cb751,pcb3,calibration,32.6567268371582,31.10370445251465,30.20982551574707,29.1517333984375,27.980581283569336
3e5f8931ce690d0567529eb3,pcb3,calibration,34.513423919677734,32.949607849121094,32.02946853637695,30.36016082763672,28.658037185668945
4e6d3f5a25e3c6a86cdb754b,pcb3,calibration,32.74807357788086,32.216896057128906,31.93781852722168,30.27596664428711,28.470874786376953
168a3230b835f3681c7b312b,pcb3,calibration,35.15624237060547,33.36731719970703,32.452510833740234,30.15009117126465,28.356781005859375
6d06c8b2e967e47195f3f1a2,pcb3,calibration,30.62157821655273,29.9243106842041,29.400007247924805,28.37126922607422,27.45877456665039
2eea259b2d4c53ba5ec306db,pcb3,calibration,34.89502716064453,34.078269958496094,33.5369873046875,30.702165603637695,28.528715133666992
1518c0861544d38ef8ffee22,pcb3,calibration,32.202728271484375,30.611797332763672,30.333906173706055,29.264739990234375,27.99382781982422
9e5488513ab7fffed707afc0,pcb3,calibration,34.77798843383789,33.91041946411133,33.21113204956055,31.216533660888672,29.242013931274414
b7e7a245d915c1cbdbaf76b9,pcb3,calibration,34.344905853271484,33.41170883178711,32.92210388183594,30.20441246032715,28.47553062438965
a47668f1d6655cb4c8bb8e48,pcb3,calibration,33.703800201416016,32.59123611450195,31.829038619995117,30.02859878540039,28.33279800415039
093638d6cb3f3f3e540ecc4f,pcb3,calibration,33.39972305297852,32.32762145996094,31.811511993408203,30.65186309814453,28.587024688720703
d9073d112c00e2b0228667e9,pcb3,calibration,31.441823959350582,30.174951553344727,29.967605590820312,28.812040328979492,27.352975845336914
1c4b2f28076091629cfa0602,pcb3,calibration,32.13196563720703,30.630020141601562,29.9842472076416,28.600168228149414,27.303325653076172
7910bd415645bb993aef128f,pcb3,calibration,30.485366821289062,29.759843826293945,29.266216278076172,28.392024993896484,27.51818084716797
c33278aa63a0e2a149016e14,pcb3,calibration,33.00519943237305,32.11511993408203,31.420679092407227,29.547117233276367,28.115554809570312
e27f709f5abc4bb43479a469,pcb3,calibration,33.73206329345703,32.81718063354492,32.50390625,31.56966209411621,29.936132431030273
2fc4278c8f63d13465c3149e,pcb3,calibration,35.99444961547852,35.508705139160156,35.04262161254883,33.46919631958008,30.090667724609375
e5e640d7722512a777c0b230,pcb3,calibration,31.096649169921875,29.457599639892578,29.147621154785156,28.51167106628418,27.589828491210938
c152fe1fa36b6850ec845502,pcb3,calibration,31.19462203979492,30.28605842590332,29.72460174560547,28.566205978393555,27.585229873657227
1725fd60afdb8a35f9008848,pcb3,calibration,37.767860412597656,36.8964958190918,36.09054946899414,32.100006103515625,29.568124771118164
84bd10d90c5b8b30fb19ab12,pcb3,calibration,39.00410842895508,37.89999008178711,36.94198226928711,34.270896911621094,31.077449798583984
d287b7262cec762ae6c7cc4f,pcb3,calibration,34.815650939941406,34.52241134643555,34.301361083984375,32.87772750854492,30.645530700683594
789f846e590f985548a61d1b,pcb3,calibration,31.87319564819336,31.349430084228516,30.901296615600586,29.728412628173828,28.315258026123047
31d8332cda3e1b4da0906e35,pcb3,calibration,34.505184173583984,33.14603805541992,32.841033935546875,31.300146102905273,29.465953826904297
8ce8c08e520f1414911c6870,pcb3,calibration,34.2301139831543,33.3373908996582,32.78370666503906,31.240306854248047,29.429718017578125
6d26b71a9fbabbcfab982660,pcb3,calibration,34.08197021484375,33.247589111328125,32.70197296142578,30.798810958862305,28.91773223876953
bf29c42078fcf112de269058,pcb3,calibration,32.53852844238281,31.50664710998535,30.624706268310547,28.526798248291016,27.520092010498047
c90840806a55391b3ad853b2,pcb3,calibration,31.94611930847168,30.624866485595703,30.254043579101562,29.59175682067871,28.683671951293945
36d1bc231ff620c59206465c,pcb3,calibration,36.17633056640625,35.47691345214844,34.916748046875,32.54343795776367,29.975048065185547
1621ba8240391d551eebc9cd,pcb3,calibration,32.66563415527344,31.775127410888672,30.993410110473633,29.13817596435547,27.862640380859375
ec86db93f6863dbd040ff9b3,pcb3,calibration,34.33103561401367,33.783931732177734,32.952911376953125,30.115285873413086,28.3876895904541
8da2a9c6251b199375ca8847,pcb3,calibration,35.79900360107422,34.883033752441406,34.6004753112793,33.22655487060547,30.507896423339844
f5b3ae4227e5ba972695e51a,pcb3,calibration,32.32588577270508,30.62269401550293,30.0741024017334,29.0975341796875,28.0340518951416
9f05ba2132c2a26518a68fcb,pcb3,calibration,34.14493560791016,33.0011100769043,32.24307632446289,30.382400512695312,28.97045135498047
b3a51be5b57e3efd3bbf1d87,pcb3,calibration,32.84880065917969,32.32505798339844,31.994184494018555,30.478862762451172,28.40645408630371
fe00a822b06643a619b012a2,pcb3,calibration,32.21997833251953,30.752073287963867,30.035419464111328,29.027973175048828,27.859622955322266
d243ec7433b4e35e51034935,pcb3,calibration,32.4734992980957,31.230121612548828,30.584352493286133,29.43233871459961,28.31307601928711
ee9760f5b7dc55b5e9f3f922,pcb3,calibration,34.263755798339844,33.50651168823242,33.127098083496094,32.37983703613281,31.007173538208008
e6b9c43b4bb7b2b328c004da,pcb3,calibration,30.88035011291504,29.672788619995117,29.28983497619629,28.531089782714844,27.67894172668457
a116345ea08c6cca0b754d82,pcb3,calibration,31.582609176635746,30.623870849609375,30.395111083984375,29.685373306274414,28.49457550048828
69e3fd46c1acc899ce940c7d,pcb3,calibration,36.22471237182617,35.74814224243164,35.40604782104492,32.83396911621094,29.88420295715332
f6bb59049f148851ad929770,pcb3,calibration,43.322853088378906,42.206031799316406,41.639183044433594,38.18949508666992,32.837623596191406
73a1b8dcf35c02ae62779d94,pcb3,calibration,32.581512451171875,31.884721755981445,31.016719818115234,29.583589553833008,28.380630493164062
f09a73d450d0ebcaf5313f32,pcb3,calibration,33.37507629394531,32.55778884887695,32.009483337402344,30.45104217529297,28.95157814025879
40d02a6e61695a63b944af29,pcb3,calibration,37.84290313720703,36.41448974609375,35.37669372558594,31.49329376220703,28.903541564941406
03cbf5cf1a692f2373ab2a8d,pcb3,calibration,40.15103149414063,38.41200256347656,37.502708435058594,34.16251754760742,30.50895118713379
b23cede9085e54318355d611,pcb3,calibration,34.0672721862793,33.2288818359375,32.54811096191406,31.0120792388916,29.108198165893555
2bfaa0e7466b482f776d9d31,pcb3,calibration,35.03216552734375,34.28553771972656,33.874977111816406,32.321529388427734,29.730562210083008
272f7b06c106ec4aeab508f5,pcb3,calibration,32.665550231933594,31.91130828857422,31.256193161010742,29.358516693115234,28.061765670776367
8a6811b3ecc271d759c78019,pcb3,calibration,39.05781936645508,37.189151763916016,35.97637176513672,32.16263198852539,28.802730560302734
404a3241b72012378380fa64,pcb3,calibration,35.44831848144531,34.434078216552734,33.7011833190918,30.83332061767578,28.87944221496582
b9e45c261f1ce3d27a6c9e66,pcb3,calibration,32.81197738647461,31.634798049926758,31.28097915649414,30.240577697753906,28.82982635498047
eac2d75712f961160ead8151,pcb3,calibration,35.075008392333984,33.43291091918945,32.85651779174805,30.977062225341797,29.123464584350586
7f6d90b003833d8dea084120,pcb3,calibration,32.69675827026367,32.0751838684082,31.545368194580078,30.47391128540039,28.685394287109375
cc5dac093c2ab51aba7f90b8,pcb3,calibration,33.45888137817383,32.597476959228516,32.13762283325195,30.434961318969727,28.68181610107422
6f4365a386bb556c20cb1700,pcb3,calibration,33.77783203125,33.38581466674805,33.031551361083984,31.260663986206055,29.340757369995117
8bf5550fa5c3ce1edd2f9b5b,pcb3,calibration,33.20529556274414,32.709434509277344,32.07331466674805,30.754419326782227,29.29829978942871
7360b75ad1a4d71da420fe09,pcb3,calibration,40.50040435791016,38.79276657104492,37.85774230957031,34.88695526123047,29.77505111694336
347b101fa9a9458488a65fb1,pcb3,calibration,30.86676597595215,29.514612197875977,29.135412216186523,28.580223083496094,27.863277435302734
6f60f45be83b03b33ff8f44f,pcb3,calibration,34.627593994140625,33.1491813659668,32.14630126953125,30.798627853393555,29.133386611938477
8f3614488b51988dd4e462b9,pcb3,calibration,33.191951751708984,32.091922760009766,31.461227416992188,29.944507598876953,28.32465362548828
ca403679144af52109d5f27f,pcb3,calibration,31.416481018066406,30.975370407104492,30.747833251953125,29.90131950378418,28.634126663208008
c71f9767d83bfbbc135ecdae,pcb3,calibration,34.700408935546875,33.63747024536133,32.689510345458984,30.625350952148438,29.171422958374023
8ad964c5fc802723266cab68,pcb3,calibration,35.01362228393555,33.797760009765625,33.023780822753906,30.796371459960938,28.341899871826172
9deb66332e39fd160dbe328a,pcb3,calibration,35.286888122558594,34.01066589355469,33.263916015625,31.392675399780273,29.170785903930664
69bc193e1e9573b60025b5dc,pcb3,calibration,31.68471908569336,30.573657989501953,30.011188507080078,28.980188369750977,27.74375343322754
5abbc24af0582b0a57d4b1ad,pcb3,calibration,39.874473571777344,39.32625961303711,38.48223114013672,34.47351837158203,31.02776527404785
21a2e2ae4ed5897da45480e0,pcb3,calibration,33.631805419921875,32.8494987487793,32.377197265625,30.435012817382812,28.637554168701172
57bedf196e96086dabc93186,pcb3,calibration,32.35422897338867,31.19915008544922,30.803691864013672,29.9097843170166,28.68587875366211
c43d3798d59b385f2232ea54,pcb3,calibration,37.2265625,36.01059341430664,35.11659240722656,33.147274017333984,30.324939727783203
5e61114039561def564afb66,pcb3,calibration,30.998327255249023,30.158355712890625,29.81075096130371,28.87213706970215,27.860994338989258
0fbcacf75c2c461640afa107,pcb3,calibration,33.66432571411133,32.98760986328125,32.36835861206055,30.78852653503418,29.036409378051758
e0be703688f2ce882b0764db,pcb3,calibration,37.645774841308594,36.30030059814453,35.09573745727539,31.37671661376953,28.728715896606445
c72ca95f37844ed0c4b725ee,pcb3,calibration,30.53838539123535,29.520578384399414,29.252145767211914,28.387285232543945,27.32831573486328
fb53dc979bd745fbddb56b50,pcb3,calibration,32.22929382324219,30.99825096130371,30.171621322631836,28.98323631286621,28.0073184967041
9c663f19fe4e1e60d0346921,pcb3,calibration,33.74848937988281,32.856571197509766,32.388092041015625,31.084579467773438,29.360136032104492
9c3ef593248f3b3700a2e21e,pcb3,calibration,32.34639358520508,31.18644905090332,30.858291625976562,29.859058380126953,28.5902099609375
0f7bf017462b45e7a68ca6e5,pcb3,calibration,35.58745574951172,34.451324462890625,34.099021911621094,32.63971710205078,30.55185317993164
cfae38c0d6d2deac117f131f,pcb3,calibration,34.58961486816406,33.25416946411133,32.20487976074219,30.60027313232422,29.096899032592773
fd165653a988e711fd1f34d5,pcb3,calibration,31.849315643310547,31.513399124145508,31.086380004882812,29.838428497314453,28.541444778442383
3d27aa8fc7e84c699d7cd4ca,pcb3,calibration,32.48276901245117,31.843910217285156,31.273378372192383,29.846986770629883,28.315780639648438
00ef6542a72fc9f71ed246e8,pcb3,calibration,36.05223083496094,35.1602668762207,34.85753631591797,32.9984016418457,30.498722076416016
3619a9c2118f7294856a2082,pcb3,calibration,38.892822265625,37.67381286621094,36.52448272705078,32.98634719848633,30.870161056518555
803359a2a7251fbf3c33abcc,pcb3,calibration,32.38304901123047,31.446414947509766,31.216726303100586,30.267744064331055,28.684005737304688
7a9b95682d3e28e1e07601b4,pcb3,calibration,38.34038543701172,37.737037658691406,37.252323150634766,34.71624755859375,31.49979019165039
39a698b070175e32c8e74726,pcb3,calibration,32.888877868652344,32.153141021728516,31.669082641601562,30.739564895629883,28.36495590209961
2529cdfcc40639faa27a9811,pcb3,calibration,32.20698165893555,31.357421875,31.027029037475586,29.742382049560547,28.10030174255371
edc4c8f3703128d0cf84e2a1,pcb3,calibration,32.93387222290039,32.32256317138672,31.927154541015625,30.292041778564453,28.475177764892578
bd25738f13117ef7258e660b,pcb3,calibration,33.24779510498047,32.59202575683594,31.886903762817383,30.06126594543457,28.65296745300293
a677358ea82763fa149c1411,pcb3,evaluation,34.792274475097656,33.91729736328125,33.26081085205078,31.436498641967773,29.71002960205078
77d504b48ac749d34ae5f78e,pcb3,evaluation,31.82765007019043,30.9111270904541,30.50384521484375,29.653621673583984,28.53304672241211
abb92f5ed9b2fec447effe1f,pcb3,evaluation,34.49993896484375,32.55628967285156,31.481060028076172,29.5892391204834,28.023019790649414
7876f137dbbbfffcc6723509,pcb3,evaluation,32.805946350097656,32.214752197265625,31.773681640625,30.472835540771484,28.618467330932617
056786f0aa55115950c55363,pcb3,evaluation,38.406211853027344,36.959877014160156,35.847679138183594,31.709402084350586,29.30576515197754
2980b34e3867b9b914862f14,pcb3,evaluation,33.08294677734375,32.24943923950195,31.642715454101562,30.3754940032959,28.70992660522461
30d715d6ea9ac89ebc7d1318,pcb3,evaluation,39.12009811401367,38.072452545166016,36.84859085083008,32.862525939941406,29.63412857055664
08081b2d1087d1c1f63bc2dc,pcb3,evaluation,34.41468048095703,33.91270065307617,33.54849624633789,32.01478958129883,30.2373046875
0153cfb8c2d58810b0f93a89,pcb3,evaluation,34.66020584106445,33.9580078125,33.523101806640625,31.290430068969727,28.95654296875
a16bde197fff924d734091fd,pcb3,evaluation,35.23788833618164,34.001502990722656,32.947837829589844,30.460567474365234,28.291711807250977
8ab966121bacd2464840dd22,pcb3,evaluation,33.308258056640625,31.71103858947754,30.79454231262207,29.515296936035156,28.13197135925293
bd114adc58fac621d702f7df,pcb3,evaluation,31.04891395568848,30.25501251220703,30.02532386779785,29.398941040039062,28.471275329589844
32979cfd91f7a33c6b03b5c8,pcb3,evaluation,33.74786758422852,32.666969299316406,32.120811462402344,30.865798950195312,29.115354537963867
20fc74090c6cda7fa43395f3,pcb3,evaluation,34.21977996826172,33.04059982299805,32.220027923583984,30.24856948852539,28.70326805114746
3e9539255c363ca5e382d607,pcb3,evaluation,33.625675201416016,33.03752517700195,32.46813201904297,30.70518684387207,28.75642204284668
73e73467f7c4ec0ef2864e33,pcb3,evaluation,36.91561508178711,36.05769729614258,35.64516830444336,33.536346435546875,30.170698165893555
e91bfb7b8657a277828b3514,pcb3,evaluation,32.05465316772461,31.476613998413086,30.919628143310547,29.809293746948242,28.304546356201172
fb567dd8df44f0de4e2c1491,pcb3,evaluation,36.10623550415039,34.91149139404297,33.51723098754883,31.428173065185547,29.501190185546875
b3d3d7fd39292641381fee2e,pcb3,evaluation,34.98918151855469,32.876121520996094,32.43559265136719,31.07489585876465,29.424612045288086
7462910baed1e7cd9439bb84,pcb3,evaluation,35.600189208984375,34.559112548828125,34.086570739746094,31.761585235595703,29.281936645507812
ab2961892bc385dfccec7a58,pcb3,evaluation,33.26533508300781,32.556182861328125,31.90961456298828,30.586050033569336,29.037574768066406
98e51d0425cc0eaec7e070fe,pcb3,evaluation,35.15245819091797,34.495487213134766,33.696197509765625,30.911392211914062,29.241741180419922
00825985d63dafd101884c28,pcb3,evaluation,33.18121719360352,31.693269729614258,30.995012283325195,29.260738372802734,27.848875045776367
d429ab3cad048b887e5471a0,pcb3,evaluation,36.77886962890625,34.859840393066406,33.87139892578125,30.99712562561035,28.744827270507812
7dc7330688ef283dc165e81e,pcb3,evaluation,34.675045013427734,33.8240966796875,33.276756286621094,31.603445053100586,28.912548065185547
5ab4e77da9c98f1e3da1ffc8,pcb3,evaluation,37.750370025634766,36.47624969482422,35.576438903808594,32.17042922973633,29.354345321655273
ddbae263d9ad18e5490824e3,pcb3,evaluation,30.63977813720703,29.551855087280273,29.187713623046875,28.28940200805664,27.35494041442871
626d37ddb1ff82a0c2afbb6d,pcb3,evaluation,32.621150970458984,31.710092544555664,31.18749237060547,29.951417922973633,28.42320442199707
76efefcee7bc7fd8c486ca1e,pcb3,evaluation,30.82012176513672,30.257287979125977,30.07396125793457,29.28204345703125,28.177005767822266
c744cc8fb211642739d25c50,pcb3,evaluation,35.41778564453125,34.262489318847656,33.638668060302734,31.8904972076416,29.894258499145508
e62eb09a27e5eebd8bc72015,pcb3,evaluation,33.88169860839844,32.77742385864258,32.177406311035156,30.677465438842773,29.089963912963867
650618991b0f82f5a3f8bddd,pcb3,evaluation,37.116188049316406,35.75825119018555,34.61538314819336,32.383567810058594,30.25215721130371
8ebf92cb1e8cafbdd898e5f8,pcb3,evaluation,32.605003356933594,31.414758682250977,30.964529037475586,29.74164581298828,28.31549835205078
f3fbe0f219a7366dc4b7ec81,pcb3,evaluation,37.27503204345703,36.459259033203125,35.71794509887695,34.18105697631836,31.644201278686523
3b28e2f9a6c5bdd055c3352d,pcb3,evaluation,35.841732025146484,34.64287567138672,33.636226654052734,30.973875045776367,28.883567810058594
6e897da71c3dee1fd2084990,pcb3,evaluation,34.145851135253906,32.422481536865234,31.784265518188477,30.459035873413086,28.706262588500977
6538009068567c2eeb2cff4f,pcb3,evaluation,31.8095645904541,31.393007278442383,31.207275390625,29.85044288635254,28.40166473388672
819e3482a2214213cb5628bf,pcb3,evaluation,32.74605178833008,32.039825439453125,31.285579681396484,29.91318130493164,28.147876739501953
058aa8dfb17e82e7a4658a4c,pcb3,evaluation,34.123985290527344,32.06132125854492,31.21756935119629,29.30738639831543,27.971981048583984
3fc30739de9a174fc45f397b,pcb3,evaluation,31.95079040527344,30.976852416992188,30.493209838867188,29.61507225036621,28.470619201660156
07719a9f44a630b6e3e80f30,pcb3,evaluation,39.72615051269531,39.18724060058594,38.654273986816406,36.48870849609375,33.110652923583984
e47b8a6cd8fe57e21effa05d,pcb3,evaluation,32.2847785949707,31.513267517089844,31.15242576599121,29.178016662597656,27.722545623779297
b98d92f06c767a228d778397,pcb3,evaluation,37.92176818847656,37.03364562988281,36.30986404418945,33.895172119140625,30.526264190673828
64dceb09ff87fa1424e035bd,pcb3,evaluation,35.500038146972656,34.32704162597656,33.252681732177734,29.515127182006836,27.804866790771484
c8832e9abcff5f1e39cb0882,pcb3,evaluation,35.063072204589844,33.97417449951172,32.918296813964844,30.538442611694336,28.670703887939453
c01e7c00d79b21e51e4f511f,pcb3,evaluation,33.25782012939453,31.970348358154297,31.257856369018555,29.90055274963379,28.542259216308594
d894fb11bf70dcc7fc116ecd,pcb3,evaluation,29.16630172729492,28.201440811157227,28.0921630859375,27.726436614990234,27.13590431213379
1257ca59dde2218bbaa50c3c,pcb3,evaluation,33.21540832519531,31.832387924194336,30.779512405395508,29.450613021850586,28.001991271972656
a0cd6ddd1e77326e4ea94cac,pcb3,evaluation,36.27568054199219,35.33941650390625,34.555965423583984,31.995655059814453,29.255029678344727
bd6a8f0dad87649b74700383,pcb3,evaluation,31.679668426513672,31.00609016418457,30.661535263061523,29.693971633911133,28.152498245239258
09b936bb93c833df03447faf,pcb3,evaluation,36.245487213134766,35.4011344909668,34.915279388427734,32.458404541015625,29.700244903564453
7c25ac8e6a7ced4265891840,pcb3,evaluation,30.63505744934082,30.106136322021484,29.893310546875,29.14919090270996,28.025314331054688
d36d19d5a77d3aa36f92d353,pcb3,evaluation,38.433685302734375,37.237159729003906,36.65678405761719,33.57270812988281,30.207904815673828
d56ef36b5765423d254484b6,pcb3,evaluation,35.41852569580078,34.08559036254883,33.12969970703125,30.751686096191406,28.94738006591797
dd8237122737951dbb3b11a1,pcb3,evaluation,40.0210189819336,38.95160675048828,38.497711181640625,35.997535705566406,31.381540298461914
74cf0eed3dc4ee871bf28999,pcb3,evaluation,30.739946365356445,29.83631134033203,29.3532772064209,28.590639114379883,27.588369369506836
b4b9fbe926831964c7de70f6,pcb3,evaluation,39.33430862426758,37.16069412231445,36.614925384521484,35.06586456298828,32.37968063354492
b11e64aff85326eb28f70193,pcb3,evaluation,34.488460540771484,33.49297332763672,32.492462158203125,30.193763732910156,28.88553237915039
8a598b3c690058c1f7a27d54,pcb3,evaluation,32.95109176635742,31.843639373779297,31.44443702697754,30.19426918029785,28.57608413696289
245d76d36e337b973a9434ac,pcb3,evaluation,34.541263580322266,32.99805450439453,32.00770568847656,30.30915069580078,28.829225540161133
9c9585d138312ae2e742d9e8,pcb3,evaluation,31.695913314819336,30.50423812866211,30.008821487426758,28.944063186645508,28.01932716369629
627feee810359bfae22e27d0,pcb3,evaluation,34.56260299682617,33.21257400512695,32.824241638183594,30.485248565673828,28.341400146484375
a9db794e409615544b31ab56,pcb3,evaluation,33.46516418457031,31.948484420776367,31.62291717529297,30.597946166992188,29.65096664428711
0f5903a3646440fdc211f908,pcb3,evaluation,33.957523345947266,33.49856185913086,32.7375373840332,30.969215393066406,29.31389617919922
756646f18b84f9a66f9adf61,pcb3,evaluation,35.70624923706055,35.2711296081543,34.66650390625,32.24783706665039,29.590373992919922
122afcd920e04ff96c403870,pcb3,evaluation,35.194515228271484,34.282474517822266,33.341251373291016,30.50834846496582,28.567115783691406
62d37dfe44c3d4d468b2d037,pcb3,evaluation,33.91804504394531,32.75148010253906,32.10945510864258,30.1064453125,27.90584945678711
df4ab1814b8f9417ec52e6a1,pcb3,evaluation,37.034156799316406,35.85729217529297,35.230342864990234,33.80070495605469,30.919607162475586
0ea2a017a831f1fbe8e6fd3c,pcb3,evaluation,31.62044906616211,30.519512176513672,30.137378692626953,29.01227378845215,27.781478881835938
6b53ac2b2cf0cb53190cd09d,pcb3,evaluation,31.28475952148437,30.519962310791016,30.0037841796875,28.674821853637695,27.61878204345703
ff9e6c1199683a65dd28821a,pcb3,evaluation,33.24754333496094,32.827396392822266,32.37714767456055,31.41483497619629,30.003093719482422
d1dd94e5adef3796605964cb,pcb3,evaluation,33.38679504394531,32.29597091674805,31.701539993286133,30.427696228027344,28.64894676208496
86176e294f06afc599e8103e,pcb3,evaluation,34.049842834472656,32.658931732177734,31.84239387512207,29.684717178344727,28.19960594177246
07cfaa4af4a3a48294ee60f8,pcb3,evaluation,33.710994720458984,32.86449432373047,32.40169143676758,30.639183044433594,28.899328231811523
1362c7e36c2b7ed1027b499c,pcb3,evaluation,33.739017486572266,32.864540100097656,32.52155685424805,31.220169067382812,29.38817024230957
5865302646a48d660a3a5df4,pcb3,evaluation,30.89298439025879,30.020294189453125,29.755098342895508,29.006221771240234,28.107410430908203
c7c47caf2cb34889a65933e0,pcb3,evaluation,36.5219955444336,35.75502395629883,35.244712829589844,33.537471771240234,30.936927795410156
e79a6c9e000ca00c71291f4e,pcb3,evaluation,41.51215744018555,40.135353088378906,39.042686462402344,36.208560943603516,32.35578536987305
e2965af600501776c8913d73,pcb3,evaluation,37.18656539916992,36.623287200927734,35.784080505371094,32.10198974609375,29.020248413085938
903715a78bb06e4f25826b1b,pcb3,evaluation,37.61578750610352,36.976806640625,36.37484359741211,32.64068603515625,29.686233520507812
2303f3fe2615e901fed4c38a,pcb3,evaluation,34.37488555908203,33.93122100830078,33.55023956298828,31.292953491210938,29.139543533325195
727e5ef680606d3ca5b33357,pcb3,evaluation,36.89753341674805,35.40629959106445,34.208152770996094,31.608966827392578,29.594858169555664
00b31381bedc1d3eac00940e,pcb3,evaluation,33.720943450927734,32.34687423706055,31.88456916809082,30.95975685119629,29.458131790161133
0bea9fcc06208b7fcf1752af,pcb3,evaluation,34.034114837646484,33.51877975463867,33.07988357543945,30.773910522460938,28.825054168701172
81644969a3d294cfdf20dfad,pcb3,evaluation,32.94912338256836,32.17899703979492,31.66750144958496,30.258766174316406,28.97242546081543
97d5d87b9a1c9732d5901804,pcb3,evaluation,31.998231887817383,30.826417922973633,30.500459671020508,29.593746185302734,28.276796340942383
e57bd58b6b3e8258d3f11cb0,pcb3,evaluation,35.85218811035156,33.584129333496094,33.22437286376953,31.877140045166016,29.736318588256836
c7db64dbf06445bbba36470d,pcb3,evaluation,34.76448059082031,34.21245193481445,33.77238464355469,31.78631019592285,29.466320037841797
73ee4a30b1f3d101236287dd,pcb3,evaluation,33.7778434753418,33.16094207763672,32.585914611816406,30.09404182434082,28.319194793701172
fb95ed02fc4a3d2661758942,pcb3,evaluation,36.04810333251953,34.03425979614258,33.472877502441406,31.433650970458984,29.313100814819336
43664e73192f5e6f26ceeaa0,pcb3,evaluation,35.52540588378906,34.740108489990234,33.92757034301758,31.420969009399414,28.894920349121094
20090940cea17bc05537f0fa,pcb3,evaluation,34.685096740722656,34.16167449951172,33.6960563659668,31.80095672607422,29.8021297454834
12358e41084724e2c739056e,pcb3,evaluation,31.83281135559082,30.78740692138672,30.327537536621094,29.255678176879883,27.965246200561523
50b6cb3f5abbb04cc838c5af,pcb3,evaluation,39.86870193481445,38.86186218261719,38.0026741027832,34.3035774230957,30.82878303527832
08ffdedac93baea4ed5e6dcb,pcb3,evaluation,35.273319244384766,34.42479705810547,33.519588470458984,31.38531494140625,29.1403751373291
1a55f10c2d0e3b015462d6fd,pcb3,evaluation,31.18832778930664,30.635906219482422,30.12267303466797,29.096956253051758,28.031160354614258
c5c1b1b2a3612209143a7504,pcb3,evaluation,33.28715133666992,32.025211334228516,31.194013595581055,29.217248916625977,27.90955352783203
4a7108d565d999afd544524a,pcb3,evaluation,33.23722457885742,32.50872802734375,32.11518096923828,30.37822151184082,28.468412399291992
e0014122fe4e6da9c17c7a45,pcb3,evaluation,33.64097213745117,32.752647399902344,32.079166412353516,30.344581604003906,28.706951141357422
1059ec31e732828121ee3007,pcb3,evaluation,33.87089157104492,32.48136901855469,31.806013107299805,29.624513626098633,27.82621955871582
fcf86319d4f4b8e0e3e06fbe,pcb3,evaluation,34.362815856933594,33.43428421020508,32.601139068603516,30.6202335357666,28.66402244567871
7975583be402b6b3e95c4253,pcb3,evaluation,60.75236511230469,57.7458381652832,56.86367416381836,52.06428909301758,39.471771240234375
6273ff3d99faff748cb73ccf,pcb3,evaluation,68.85833740234375,68.33908081054688,67.67955017089844,63.169795989990234,49.57576370239258
e219ccecbb0fa925b4ee168c,pcb3,evaluation,59.47915649414063,57.121986389160156,55.30040740966797,46.09307098388672,36.39574432373047
5f570b16714e282159e85e06,pcb3,evaluation,49.74714660644531,48.52491760253906,47.52327346801758,42.46364212036133,34.80707931518555
00def363460ce202d13ff3ac,pcb3,evaluation,63.78440475463867,63.069252014160156,62.318721771240234,57.23964309692383,44.03092956542969
fcee1f61a8facc5ae071042d,pcb3,evaluation,57.8415641784668,56.44182205200195,55.792442321777344,52.186832427978516,44.62002182006836
195b9a91e8b5e0aff0059c51,pcb3,evaluation,60.698486328125,59.750282287597656,59.137168884277344,53.88238525390625,40.19869613647461
f51a7ad211ef88f4b46e93ce,pcb3,evaluation,55.62320709228516,54.07249069213867,52.8875846862793,45.40269088745117,34.77383041381836
e29a040a67f4cafdefa3910c,pcb3,evaluation,61.28248977661133,59.76898956298828,58.45553207397461,54.28725051879883,44.2773323059082
bc0a151a73830b91cf629ae6,pcb3,evaluation,56.326290130615234,54.98786926269531,54.22821807861328,51.43307876586914,45.2548713684082
8a06f3e847432f46cd2e1394,pcb3,evaluation,61.06465148925781,60.733482360839844,60.094093322753906,56.13075637817383,46.48497009277344
5df4539192f57bf417e8130d,pcb3,evaluation,68.46226501464844,67.15303039550781,66.07508087158203,61.56904983520508,52.959129333496094
7bd85e3c167af931c064eb67,pcb3,evaluation,73.01976013183594,70.60594940185547,69.11981201171875,59.56366729736328,42.79186248779297
c8d0e8e6a1f461b3389d1110,pcb3,evaluation,69.08729553222656,67.93023681640625,67.27863311767578,64.18115234375,49.849205017089844
4773564034a8e983012dbef8,pcb3,evaluation,43.7548828125,42.72280502319336,41.56696319580078,37.320621490478516,31.853395462036133
560887d7ff6c9b943234f327,pcb3,evaluation,58.038970947265625,55.8670654296875,54.00712203979492,44.104251861572266,34.45497512817383
3d641a43fe8d5bacb4f61ff1,pcb3,evaluation,54.28815078735352,52.71055603027344,52.122859954833984,44.642154693603516,33.56830596923828
dc5fe9467ee732c258956139,pcb3,evaluation,55.18692779541016,53.835289001464844,52.51505661010742,46.79669189453125,35.57389450073242
7d5f5d3cf83aca5e99c261d1,pcb3,evaluation,66.67486572265625,65.02749633789062,63.45415115356445,53.9590950012207,37.4332160949707
cb0e24bf3e640c774f49f0d4,pcb3,evaluation,57.40583801269531,56.89228057861328,56.2481575012207,53.31483459472656,45.528656005859375
b831d785f037d22df96d4bba,pcb3,evaluation,49.48221206665039,48.16596221923828,46.45632553100586,41.356468200683594,34.9812126159668
b0ff82f2da12cc7c2476600c,pcb3,evaluation,39.61369705200195,38.684303283691406,37.73656463623047,33.84510803222656,30.841224670410156
ccd22533cc8468c15cea8173,pcb3,evaluation,42.46160888671875,40.87995529174805,39.77605056762695,33.85390853881836,30.314064025878906
4a749e9a94c97d05b64241aa,pcb3,evaluation,44.66465377807617,42.52092361450195,40.702308654785156,35.51349639892578,30.41288948059082
15c3ae0d8743e8989805d796,pcb3,evaluation,49.53628921508789,47.682830810546875,46.15947341918945,38.64769744873047,32.18402862548828
b1e4cce03596b43b79ea9b56,pcb3,evaluation,50.20918273925781,48.83251953125,47.52731704711914,40.44148635864258,34.26117706298828
3d87b297c6b243bf9e8a1daa,pcb3,evaluation,49.78947067260742,48.70070266723633,46.87984085083008,38.554298400878906,31.52411651611328
1eceb5e37343e14cafa05cac,pcb3,evaluation,47.88331604003906,46.98752975463867,46.16834259033203,38.596466064453125,32.69316101074219
52546fda84f54d6a1fecaf2e,pcb3,evaluation,50.04035186767578,46.80729675292969,45.343379974365234,40.52279281616211,33.7604866027832
5e22de1b20c6b8a851188e87,pcb3,evaluation,52.74521255493164,51.257362365722656,49.85499954223633,43.12946319580078,36.09188461303711
7b4b5c2c09678c5e8e11b8dd,pcb3,evaluation,45.61175537109375,44.78602981567383,44.0311279296875,40.18830871582031,34.505157470703125
8a7cddd693b1921d790d5b13,pcb3,evaluation,48.34946060180664,46.98126220703125,45.782230377197266,40.50288009643555,33.511478424072266
ca4bbb42038836cd916fea40,pcb3,evaluation,46.2515983581543,44.302635192871094,43.359840393066406,39.0573844909668,32.374603271484375
1fbb9f1ade34b0442c15b1c1,pcb3,evaluation,43.34114837646485,42.25385284423828,41.47129440307617,36.22385025024414,30.601245880126953
b284edc37259b804e1588c05,pcb3,evaluation,46.44486618041992,45.55713653564453,44.627174377441406,38.88523483276367,32.17082214355469
7197ad0bd1ca57ef77bcdf39,pcb3,evaluation,44.40024948120117,43.76227951049805,42.765869140625,36.66856002807617,31.240224838256836
32c9f568a03a9e26ef015b76,pcb3,evaluation,50.65790557861328,49.249271392822266,47.95018005371094,40.20398712158203,33.037654876708984
14f02280ec42c1ccc8aac851,pcb3,evaluation,40.33057403564453,39.86454391479492,39.195884704589844,36.17193603515625,31.88664436340332
6b05141a06e123ce944355e2,pcb3,evaluation,45.4481086730957,44.35552978515625,42.91953659057617,37.23500061035156,30.964942932128906
e8c4f14bf1512ee978e3215c,pcb3,evaluation,46.27753448486328,44.751426696777344,43.36273956298828,38.29584503173828,33.14244079589844
ed49ac7324a7e91df5ff4eec,pcb3,evaluation,39.2465705871582,37.629310607910156,36.32035446166992,32.53034591674805,29.327226638793945
4f82198a3d1004d1e280622f,pcb3,evaluation,39.50349426269531,38.100730895996094,37.31291580200195,34.43708801269531,31.880769729614258
edec0f96045bd10e9803db12,pcb3,evaluation,38.94387435913086,37.29216766357422,36.31705856323242,34.22537612915039,30.84965705871582
8544063c4f0dfa42a7779aab,pcb3,evaluation,52.9337043762207,50.799400329589844,50.26583480834961,48.649559020996094,46.19692611694336
f7277cd24c31a03f79526d0e,pcb3,evaluation,53.32862854003906,52.74189758300781,52.05638885498047,46.87029266357422,38.48265075683594
d3f9ce53374c295ee2be4662,pcb3,evaluation,36.39320755004883,35.41154098510742,35.00501251220703,33.419307708740234,30.805545806884766
934643e8423388494ab08704,pcb3,evaluation,41.415771484375,40.351234436035156,39.3098030090332,35.55978775024414,32.16794204711914
91b0cac38312f1899f1637c5,pcb3,evaluation,55.79964447021485,55.23839569091797,54.76792526245117,51.67135238647461,42.647151947021484
ce08ed8426b8499dce325f94,pcb3,evaluation,49.82410430908203,48.555999755859375,47.841068267822266,43.55630111694336,35.220481872558594
7b930fe92c62d542c51727f6,pcb3,evaluation,36.55180740356445,35.115440368652344,34.59601593017578,33.32947540283203,31.08429527282715
cf9a7dd1993f876a3309b56e,pcb3,evaluation,52.50836181640625,51.29146194458008,50.41095733642578,45.84419250488281,38.7800407409668
b838036dacda8010bf828f1f,pcb3,evaluation,45.83729934692383,44.407039642333984,42.99346160888672,38.502723693847656,34.25727081298828
46bd2a9a13c68a3032f8a029,pcb3,evaluation,55.38249588012695,54.13159942626953,53.493263244628906,49.739925384521484,36.75791549682617
7e9bdf56b2622729636c1045,pcb3,evaluation,57.35677719116211,55.93907165527344,54.848228454589844,52.6022834777832,49.74694061279297
f73d56126da134c469e66dd7,pcb3,evaluation,58.32209396362305,56.627220153808594,55.5078010559082,52.98565673828125,49.96260070800781
50ea033230d5fe7c2043a5de,pcb3,evaluation,39.774658203125,38.85197067260742,37.57310104370117,34.34266662597656,31.73257827758789
12f6de240f34609698a449ec,pcb3,evaluation,35.43474578857422,34.313621520996094,33.536991119384766,31.618879318237305,29.90778923034668
be68c91ba135f7233398ea1c,pcb3,evaluation,45.364933013916016,44.35319137573242,43.39288330078125,39.2185173034668,33.762489318847656
dc1e7b75565f5b8171c95bf5,pcb3,evaluation,36.271705627441406,35.64963150024414,35.074554443359375,32.53322219848633,30.42060661315918
9b501d06984dd1b3dedbfd5d,pcb3,evaluation,41.71688461303711,40.02318572998047,38.91305160522461,35.829410552978516,31.548757553100586
fcb791ab3ea3fb7a609f757e,pcb3,evaluation,39.31160736083984,38.54705810546875,37.398780822753906,32.22001266479492,29.861186981201172
ed0b427ea2af383e2c74329d,pcb3,evaluation,43.09031295776367,42.13768005371094,41.10002136230469,34.530059814453125,30.191957473754883
249f8e1272d8883ea47662fb,pcb3,evaluation,49.16333770751953,48.3240852355957,47.54576110839844,41.03593063354492,32.879703521728516
6c1fc0e6d225520f1907a225,pcb3,evaluation,53.602760314941406,50.488277435302734,48.03554153442383,39.5129508972168,34.585914611816406
3f5daadf1432eed743eaeb72,pcb3,evaluation,53.32537460327149,52.13260269165039,50.4150390625,42.75251007080078,33.57179641723633
7b3aa78e93b96651be784a04,pcb3,evaluation,47.0660285949707,46.2812614440918,45.20702362060547,38.2532844543457,31.385299682617188
a569d3990d1513165c49cccf,pcb3,evaluation,47.47829818725586,46.05113983154297,44.93539810180664,37.95143508911133,30.35594367980957
18e1a3f7f9f9b8caa40609cc,pcb3,evaluation,55.57466506958008,54.50921630859375,53.135643005371094,45.45792770385742,34.14699935913086
bcc4280fb7ff5c2da59097f0,pcb3,evaluation,39.27970123291016,38.658363342285156,38.1589469909668,36.0617561340332,32.759639739990234
93c53680529d7217c5f47f79,pcb3,evaluation,47.07865905761719,46.091346740722656,44.66311264038086,36.637699127197266,31.640316009521484
a1479eb073103ac29bf7aee5,pcb3,evaluation,55.561065673828125,53.28242874145508,51.464454650878906,41.233367919921875,32.924190521240234
c416948642d628c37cf0631c,pcb3,evaluation,45.67999267578125,43.45016098022461,41.80222702026367,35.65635299682617,31.029226303100586
63fe5945d26e0efa418a77e6,pcb3,evaluation,36.59283828735352,35.676231384277344,35.36537551879883,33.48605728149414,31.07645606994629
00160ff324c599b2c715a0b5,pcb3,evaluation,45.45460891723633,43.82222366333008,42.562110900878906,37.905860900878906,33.5712776184082
a34a9649cc479852c9c16a76,pcb3,evaluation,50.72466659545898,49.22262191772461,47.81349563598633,40.620086669921875,32.477569580078125
d0ab37e5a4719ff16e84666d,pcb3,evaluation,42.77754974365234,40.94015884399414,39.154293060302734,32.854583740234375,29.08559226989746
fed78b28902ec90460c78fc3,pcb3,evaluation,47.2030143737793,45.053714752197266,42.89057922363281,36.91215515136719,30.254638671875
d4b0eec4535fdfd674e4c71e,pcb3,evaluation,54.257415771484375,52.818145751953125,51.3187255859375,43.01014709472656,35.94308090209961
11aa823d106daa2240583cd3,pcb3,evaluation,49.87899398803711,48.877052307128906,47.35024642944336,39.904666900634766,32.5048713684082
faa43040d0a6fc9e74142c2f,pcb3,evaluation,43.51365661621094,42.32826614379883,41.74201202392578,37.9537353515625,32.59840393066406
4306ab11db3608ce4a569108,pcb3,evaluation,42.54523468017578,41.0537109375,40.112613677978516,36.49177551269531,32.732215881347656
3c4a804044a0d360622a6542,pcb3,evaluation,54.21142578125,52.93533706665039,51.82407760620117,42.78482437133789,32.3310661315918
dbb4aa21ac55939e97e7877a,pcb3,evaluation,52.159088134765625,50.765953063964844,49.565853118896484,42.448265075683594,34.001373291015625
d131209a7aa6c748e7ed53f3,pcb3,evaluation,38.02906799316406,36.92424392700195,36.18984603881836,34.76937484741211,32.29608917236328
4373511abe35d425e9676a2a,pcb3,evaluation,44.09206008911133,42.45264434814453,41.40853500366211,34.84770202636719,30.088884353637695
37d281bef1de8488cc105a14,pcb3,evaluation,42.66460800170898,40.85169982910156,40.467281341552734,38.169498443603516,35.473846435546875
a2fc7a2f4dbd7b0a1425f6a0,pcb3,evaluation,46.17740249633789,44.065452575683594,42.510658264160156,37.58352279663086,33.25110626220703
a5fbbd4fd9bf7832a02775fe,pcb3,evaluation,54.9852180480957,53.59679412841797,51.89908218383789,42.21349334716797,33.52899169921875
652343ecfc3c939f01d8e928,pcb3,evaluation,54.57346725463867,52.72233963012695,51.7411994934082,43.813880920410156,33.77265930175781
36890e55c2c6b3d21fb8bd1b,pcb3,evaluation,55.7786750793457,54.94231033325195,53.690185546875,44.31734848022461,32.76435470581055
c850ed3e3fdd330aeb92bb23,pcb3,evaluation,41.5282096862793,40.817955017089844,40.32178497314453,35.76614761352539,30.03304672241211
0623b00ea5cbe2a2f243afb8,pcb3,evaluation,41.63473510742188,39.80459976196289,38.68523025512695,33.310340881347656,29.872501373291016
faa514ab45e01a4b854740cf,pcb3,evaluation,41.91531753540039,40.95497131347656,40.34669876098633,38.11437225341797,33.379661560058594
36d1b72ee722b86a7f2dade4,pcb3,evaluation,42.96336364746094,41.54608917236328,40.134124755859375,34.25361251831055,30.172351837158203
fd1ba76f2cac314fa9e195a7,pcb3,evaluation,47.35349655151367,45.31578826904297,43.48161315917969,38.28902816772461,32.956886291503906
3c0b4bf6bf885018b620760d,pcb3,evaluation,56.37023162841797,54.17124557495117,52.3430290222168,43.08392333984375,33.513824462890625
009b5b8e3f53c3ec7bca77e5,pcb3,evaluation,47.66317367553711,46.06986618041992,44.21345138549805,36.855010986328125,31.136234283447266
5a9bd58da8232d623302a431,pcb3,evaluation,46.81081008911133,45.32954788208008,43.525962829589844,34.67682647705078,30.27029800415039
ef98ce7f2a4f4ab08e617a63,pcb3,evaluation,39.26399612426758,38.47845458984375,37.922977447509766,35.15319061279297,32.568145751953125
1e51370fdebf3dff56edbce7,pcb3,evaluation,56.357460021972656,55.38189697265625,54.781368255615234,52.885009765625,49.665252685546875
971f5267f30e9cdd80664928,pcb4,calibration,29.272846221923828,28.433862686157227,28.147974014282227,27.189027786254883,26.104814529418945
dbcd8270ee7564d5b0d9063a,pcb4,calibration,29.899490356445312,28.820178985595703,28.02057647705078,26.748519897460938,26.004302978515625
0e44d9e4845b53091a4cf53f,pcb4,calibration,28.87342643737793,28.256132125854492,27.71856689453125,26.93490219116211,26.117971420288086
39f2bddc6d4d98d0c1e48e7a,pcb4,calibration,31.15443229675293,30.16030502319336,29.750471115112305,28.798824310302734,27.561843872070312
7c173b59a1127dffbec34f4d,pcb4,calibration,30.077394485473636,29.28318214416504,28.63334846496582,27.160308837890625,26.12898826599121
452f39e9ae2300aeb6a716f0,pcb4,calibration,37.230377197265625,35.52853012084961,34.5162353515625,31.33498764038086,28.793582916259766
6d1da69201da9a090cb4c6b7,pcb4,calibration,30.20486640930176,29.25754165649414,28.9266357421875,27.71227264404297,26.669626235961914
6f182ad91162d6d757b46778,pcb4,calibration,30.278038024902344,29.17127227783203,28.801361083984375,27.753862380981445,26.633283615112305
1a7d46f8b3d178aeddbe62a5,pcb4,calibration,31.842947006225582,30.887775421142578,30.193584442138672,28.687118530273438,27.44850730895996
457f6570f2699a75edd76b5f,pcb4,calibration,32.56044006347656,31.364219665527344,30.546424865722656,28.312854766845703,26.69184684753418
563d2bfb1c7c13e5c1e9f7d8,pcb4,calibration,33.80857849121094,32.71646499633789,32.22914505004883,29.84203338623047,27.646337509155273
f35f61eb5b3154f0987d7d10,pcb4,calibration,32.9403190612793,32.25428009033203,31.75290298461914,30.493343353271484,28.653656005859375
d6cb38f771c277bdd87122dd,pcb4,calibration,29.517179489135746,29.012731552124023,28.598121643066406,27.41675567626953,26.417448043823242
f247eb1bd616140365a639cc,pcb4,calibration,31.309844970703125,30.83165740966797,30.262479782104492,28.956645965576172,27.58102798461914
5078e779ef94fd5123b0c214,pcb4,calibration,30.62005424499512,28.778038024902344,28.19439125061035,27.39494514465332,26.527969360351562
a9655521381f6b7b0fb822f9,pcb4,calibration,29.62502861022949,28.351524353027344,27.835721969604492,26.76458740234375,26.08776092529297
fa0f7c75431d2034f8fb1da2,pcb4,calibration,31.04519462585449,30.253450393676758,29.733877182006836,28.252229690551758,26.970266342163086
e7cd15ce03ebe9d27020f037,pcb4,calibration,29.646278381347656,28.865436553955078,28.305017471313477,27.407197952270508,26.515972137451172
60b627c2820dd1c91460be32,pcb4,calibration,29.09864616394043,28.187400817871094,27.92625617980957,27.037084579467773,25.979942321777344
5d4f6a678e30b3beacda1508,pcb4,calibration,28.633323669433597,28.145769119262695,27.676753997802734,26.687429428100586,25.660335540771484
2a43cdd383f6781febebb40c,pcb4,calibration,29.338003158569336,28.27366828918457,27.974546432495117,27.214418411254883,26.2149715423584
0d58adca2a3d073c075adc19,pcb4,calibration,29.220327377319336,28.303808212280273,27.541000366210938,26.72456932067871,25.95441436767578
740dbbf64d94c95cf9b8728b,pcb4,calibration,32.39535140991211,31.352731704711914,30.702152252197266,29.224205017089844,27.747920989990234
c8dabcf7759155cd5fa32bc8,pcb4,calibration,34.97325897216797,33.80058670043945,32.983192443847656,28.965024948120117,26.93512535095215
ce117109c4ff17c8b1588b94,pcb4,calibration,29.462852478027344,28.475229263305664,27.811059951782227,26.693662643432617,25.765682220458984
dc71aa43a9f168b80db4d4a2,pcb4,calibration,33.288368225097656,32.29771041870117,31.77193832397461,30.354917526245117,28.603954315185547
754327be2c792325fa82a242,pcb4,calibration,29.679832458496094,28.42804718017578,28.0322265625,27.286148071289062,26.318279266357422
75e48b951733050cd4018890,pcb4,calibration,39.804954528808594,38.995582580566406,37.89189910888672,33.50611877441406,30.003437042236328
f3140148477e9222de79765e,pcb4,calibration,30.2237606048584,29.189233779907227,28.732622146606445,27.38703727722168,26.431875228881836
15a489cb6d19a6a30ec17d8f,pcb4,calibration,28.659313201904297,28.267837524414062,28.002117156982422,27.101211547851562,26.30892562866211
710cd961a3e72daaa67e76e6,pcb4,calibration,29.27288627624512,28.779075622558594,28.5190372467041,27.545047760009766,26.211116790771484
c9356ff919ee3251f61f63ad,pcb4,calibration,31.32906723022461,30.04457664489746,29.59760856628418,28.452625274658203,26.90312957763672
7921edc5cb8c293e737bc419,pcb4,calibration,29.42020606994629,28.240867614746094,27.70350456237793,26.650854110717773,25.936336517333984
d9fdfb6abdcdc62c8f106fb5,pcb4,calibration,30.42339134216309,29.2192325592041,28.787799835205078,28.0626220703125,26.80565071105957
d5cdfe7ccbc72ce26de8379f,pcb4,calibration,30.044893264770508,29.3670597076416,28.7143497467041,27.395404815673828,26.288196563720703
aa139585c4c27887bf3d989b,pcb4,calibration,30.111581802368164,29.100749969482422,28.490924835205078,27.00657844543457,26.05070686340332
fb722351bb804c91e8312924,pcb4,calibration,28.32113265991211,27.843172073364258,27.57775115966797,26.681591033935547,25.941951751708984
5f9aefb5e8ca27418d69fd92,pcb4,calibration,30.64556884765625,29.777023315429688,29.44575309753418,28.62750816345215,27.32573127746582
edb2ed29317b85b4374019cd,pcb4,calibration,30.64710235595703,29.429012298583984,28.752960205078125,27.932098388671875,26.957275390625
8d4be43c0cb94269493c512b,pcb4,calibration,29.020490646362305,28.946163177490234,28.57433319091797,27.750789642333984,26.667898178100586
9fb054ff961eadb629909583,pcb4,calibration,34.61554718017578,33.67646026611328,32.844703674316406,29.837129592895508,26.84437370300293
670b251ecb4210c23ba1b086,pcb4,calibration,29.8939151763916,29.303428649902344,28.70309066772461,27.957252502441406,27.15018081665039
bca44eaabd1f62e4971ee472,pcb4,calibration,34.47587585449219,33.26422119140625,32.52519607543945,30.072124481201172,27.745460510253906
69e672572cd2951dd5f1010d,pcb4,calibration,28.44683265686035,28.070899963378906,27.81980323791504,27.055801391601562,26.11212921142578
8a27d97cb3ee4d20a366c246,pcb4,calibration,28.83028030395508,27.698410034179688,27.28129768371582,26.333267211914062,25.6292724609375
a64223a995c5f6db5fd203cd,pcb4,calibration,33.480499267578125,32.191734313964844,31.439029693603516,29.153303146362305,27.116954803466797
f59c394abf433bde46256ce9,pcb4,calibration,27.977258682250977,27.696529388427734,27.4346923828125,26.639232635498047,25.94818115234375
eb47adf48680662537261929,pcb4,calibration,32.725830078125,31.847375869750977,31.16954231262207,29.159116744995117,27.42047882080078
4dd8671fe1938c2a94be9861,pcb4,calibration,34.812156677246094,33.884132385253906,33.53014373779297,31.585046768188477,29.037853240966797
d443a3cd7306651bf10df5ed,pcb4,calibration,29.67133331298828,29.18320083618164,28.702608108520508,27.70836639404297,26.840242385864258
0b2c0ba10cdf39771cd6bf20,pcb4,calibration,32.1362419128418,31.032255172729492,30.33563804626465,28.33159828186035,26.806833267211914
079717bb7f5b63d42fbcac8f,pcb4,calibration,47.99007415771485,45.32223892211914,43.174903869628906,35.51956558227539,28.98036003112793
ac44a036c8dc0972188d1794,pcb4,calibration,30.61232566833496,29.732406616210938,29.231733322143555,28.267730712890625,27.098670959472656
98d05ce6b2ba43fe84ea94c9,pcb4,calibration,28.81948471069336,28.127490997314453,27.93419075012207,27.31303596496582,26.353483200073242
53ca11b46e8b95e4e356b841,pcb4,calibration,36.002315521240234,34.32463455200195,32.96208953857422,29.81593894958496,28.034805297851562
e8ca098a790ef95644c4673d,pcb4,calibration,32.42377471923828,31.816875457763672,31.440540313720703,29.300432205200195,27.576128005981445
417ca16594441401cc8f3eb9,pcb4,calibration,31.421491622924805,30.860191345214844,29.54953384399414,28.150850296020508,26.916152954101562
9a4303cbeaa73a3b4cf501de,pcb4,calibration,33.745723724365234,32.9977912902832,32.61654281616211,29.948196411132812,27.738924026489258
3804cb9e4848ec909fe6f32f,pcb4,calibration,28.823143005371094,28.113737106323242,27.77570343017578,26.776941299438477,25.870620727539062
ee159a6bf892b2b4115c3285,pcb4,calibration,30.199106216430664,29.14380645751953,28.430566787719727,27.30718994140625,26.457626342773438
bc76820aa4d4f67fa8d5a3f0,pcb4,calibration,29.7010498046875,29.28078269958496,28.809555053710938,27.364601135253906,26.2124080657959
3bc26860619f504014ba2ff6,pcb4,calibration,32.41025161743164,31.04254913330078,30.409372329711914,29.01892852783203,27.80950164794922
93ed13776c2ada859b3069b1,pcb4,calibration,28.287574768066406,27.570287704467773,27.0698299407959,26.22658920288086,25.688034057617188
28df998926d4d358d9c5ac56,pcb4,calibration,30.357839584350582,29.693614959716797,29.248701095581055,27.9491024017334,27.056602478027344
c304792bfd003a042cc4f59c,pcb4,calibration,31.169708251953125,30.11256980895996,29.48097801208496,28.136484146118164,26.648042678833008
19a1d3b29d800c76ff6fbfd5,pcb4,calibration,28.52128219604492,27.584753036499023,27.37940788269043,26.870012283325195,26.059532165527344
8e9eb6da770e7f6ce0607ed0,pcb4,calibration,31.517454147338867,30.467256546020508,29.948148727416992,28.381019592285156,26.82716178894043
88a4918b9e5ca5e8b4f73cf7,pcb4,calibration,28.903324127197266,28.376163482666016,27.94440460205078,26.990585327148438,26.300493240356445
5d352208030b662cfdcd7510,pcb4,calibration,30.468713760375977,29.79190444946289,29.49277114868164,28.563322067260742,27.30619239807129
f76304e5cd54a7036e9dcfbd,pcb4,calibration,31.30609893798828,30.0745792388916,29.533113479614258,28.436206817626953,27.231094360351562
7f3ec8c37d437b6a6adfacc3,pcb4,calibration,33.5919303894043,32.637821197509766,31.88312530517578,29.10508155822754,27.345962524414062
e8af80c3b56b30df9df33eb8,pcb4,calibration,35.301883697509766,33.758026123046875,32.633949279785156,30.227781295776367,28.144420623779297
24f695d384c6b3426677feed,pcb4,calibration,33.18449401855469,32.211700439453125,31.201278686523438,28.265764236450195,26.66119384765625
acc7a8b572dd41d64550aaf1,pcb4,calibration,30.824201583862305,29.773027420043945,29.452783584594727,28.282939910888672,27.176101684570312
a45d006e0bb740adef1b2051,pcb4,calibration,31.038949966430664,30.76896858215332,30.349008560180664,28.981952667236328,27.80189323425293
3faa13582214a5ce0bf8a33b,pcb4,calibration,30.566356658935547,29.85599136352539,29.497846603393555,28.320941925048828,27.053659439086914
359716a72f0b1a59c5e10e43,pcb4,calibration,38.57249069213867,37.46217727661133,36.132877349853516,33.10317611694336,30.7929744720459
c7322d82eacff12adf7c5843,pcb4,calibration,32.404781341552734,31.647045135498047,31.081697463989258,28.61429214477539,26.829822540283203
c87dd032af4497260100f48a,pcb4,calibration,30.35027313232422,29.681941986083984,29.282651901245117,28.311128616333008,27.117826461791992
f83768441dd51479225b9ae6,pcb4,calibration,34.372032165527344,33.83319091796875,33.113502502441406,31.4566650390625,29.564496994018555
8fcce0e5a23b7eee2b76501c,pcb4,calibration,31.63465690612793,30.501039505004883,30.245990753173828,29.03568458557129,27.36719512939453
97f70febe339ace709238a58,pcb4,calibration,29.770973205566406,29.60584259033203,29.450439453125,28.18230438232422,27.147634506225586
97dcf36e7fc8e14e9ede437b,pcb4,calibration,32.714813232421875,31.87428092956543,31.168533325195312,29.496667861938477,27.867023468017578
04bf308582eed1623c49dada,pcb4,calibration,29.098064422607425,28.302125930786133,28.0316104888916,27.30743980407715,26.5919189453125
d400cb805b513d71c3e10046,pcb4,calibration,29.121841430664062,28.291702270507812,27.749977111816406,27.055269241333008,26.214771270751953
53c99b8c7c922ff16a2f293f,pcb4,calibration,34.999393463134766,33.387237548828125,32.32777786254883,29.841461181640625,27.312644958496094
68fa22a84411c8cc3e24b15b,pcb4,calibration,33.23137283325195,31.595951080322266,31.03120231628418,28.87529182434082,26.924983978271484
f61738adf10a61d69b13da3e,pcb4,calibration,29.38448715209961,28.75832176208496,28.390552520751953,27.637832641601562,26.618440628051758
c0b9bb496bb3ddb956c844bd,pcb4,calibration,30.639970779418945,29.107820510864258,28.652536392211914,27.04861831665039,25.971839904785156
f1f5176f5cfa8d8f89d36ead,pcb4,calibration,30.287084579467773,29.443416595458984,28.82184600830078,27.64521026611328,26.42302703857422
879a9e187d2fb2c26d3011be,pcb4,evaluation,34.68596267700195,33.61581039428711,32.76655578613281,30.117103576660156,27.59427261352539
69ba060e16646709c1ba4118,pcb4,evaluation,27.98258209228516,27.17818260192871,26.872961044311523,26.43279266357422,25.772628784179688
c207e5e9d612c394c2a79e07,pcb4,evaluation,29.502904891967773,29.011518478393555,28.68817901611328,27.82198143005371,26.736953735351562
12774eb0dd589f4b33059131,pcb4,evaluation,32.771202087402344,32.34292984008789,32.03074645996094,30.783668518066406,28.24372100830078
ebdcce8467c4adf610fb54c3,pcb4,evaluation,31.829679489135746,30.9227294921875,30.543550491333008,29.31844139099121,28.047908782958984
338cb4d6755dfb5303de9f54,pcb4,evaluation,29.559307098388672,29.137975692749023,28.89635467529297,27.779390335083008,26.680763244628906
925ea38d4e5a984148a71d20,pcb4,evaluation,29.661474227905277,29.339181900024414,29.092256546020508,28.26555061340332,27.277223587036133
530abbba39db08b11beeff4f,pcb4,evaluation,36.972782135009766,35.53719711303711,34.74583435058594,32.44142150878906,29.936294555664062
8c6c68d6c3d47870ef132cb9,pcb4,evaluation,31.985126495361328,31.664199829101562,31.008281707763672,28.52522850036621,26.54212188720703
1315e58ccfc03d64e65dd8b1,pcb4,evaluation,31.24939727783203,30.48523712158203,29.896312713623047,27.990036010742188,26.525514602661133
342efc669ebd5e9a3eed1119,pcb4,evaluation,29.60803985595703,28.18770980834961,27.737985610961914,26.939300537109375,26.209257125854492
e1c750f13cbc1258c048b35a,pcb4,evaluation,28.07009506225586,27.335147857666016,27.004945755004883,26.6181640625,26.132312774658203
384d1e991130ef9a8a9babe1,pcb4,evaluation,30.943437576293945,30.11865997314453,29.19959831237793,26.88335418701172,25.881790161132812
ed3899dca5b42c60ea76fef9,pcb4,evaluation,28.46016311645508,27.72344207763672,27.388444900512695,26.65304183959961,25.851106643676758
f1389ff79262f2e03ad21c4a,pcb4,evaluation,29.69254493713379,29.069091796875,28.620759963989258,27.35075569152832,26.260976791381836
9c59bacae8072ea00979926c,pcb4,evaluation,32.028419494628906,30.65056610107422,29.73720359802246,28.28850746154785,27.184677124023438
79d64fa32eebe85dc9ca3e39,pcb4,evaluation,29.105772018432617,28.48479461669922,28.132831573486328,27.365577697753906,26.43918228149414
11d19c328a71bea06c5efa35,pcb4,evaluation,29.27897071838379,28.518753051757812,28.065507888793945,26.991552352905273,26.0628662109375
bd0f51d58e329e45ebadcf50,pcb4,evaluation,29.57927703857422,27.94135856628418,27.531312942504883,26.91649055480957,26.174270629882812
782c205c691cff62c71e88a2,pcb4,evaluation,30.3801326751709,29.401813507080078,28.746999740600586,27.14150619506836,26.17198944091797
63d23e80bb60ce2749f0301c,pcb4,evaluation,30.447154998779297,30.224712371826172,29.871105194091797,28.138050079345703,26.763402938842773
dc79b8ca0ab9a572e3841f9d,pcb4,evaluation,33.26068115234375,32.36865997314453,31.175886154174805,27.738672256469727,26.194595336914062
b360b01f699336ea6d7b0cf8,pcb4,evaluation,29.15443420410156,28.219419479370117,27.948780059814453,27.300151824951172,26.46348762512207
e7b2f5c457da2515d6842389,pcb4,evaluation,29.554832458496094,28.845844268798828,28.4666748046875,27.260225296020508,26.049819946289062
a32ea7c7a03c43064664e265,pcb4,evaluation,38.16754913330078,36.418941497802734,35.80014419555664,33.44526672363281,29.67376708984375
ddcbf1d18345e1e6df5ce386,pcb4,evaluation,30.369543075561523,29.57015609741211,28.848398208618164,27.154430389404297,26.126087188720703
a45f3bdba386a3c6966dc459,pcb4,evaluation,35.79137420654297,34.75625991821289,34.19350814819336,32.41363525390625,30.181631088256836
f480ac15e00b1bb47f723ccc,pcb4,evaluation,30.079614639282227,29.30977439880371,28.571182250976562,27.206480026245117,26.18144416809082
ad727cd7b964c0f4cdfdb0c5,pcb4,evaluation,29.93169212341309,28.967395782470703,28.5648136138916,27.30533790588379,26.053245544433594
8b03478c339d4dafa739ce5d,pcb4,evaluation,27.93529319763184,26.89581871032715,26.663612365722656,26.2822208404541,25.696266174316406
3cdeb50e2efed16c26b4b2de,pcb4,evaluation,29.896352767944336,28.780099868774414,28.569665908813477,27.648395538330078,26.50029945373535
610621b5ca199240fdf35fd6,pcb4,evaluation,33.49601745605469,32.13601303100586,31.124492645263672,28.06146240234375,26.252384185791016
e5027aa058e0d68ff7fd375b,pcb4,evaluation,30.63401985168457,30.233234405517578,29.729633331298828,28.352123260498047,27.133544921875
0a393c866e939db3e38a59f9,pcb4,evaluation,31.83921241760254,30.80559730529785,30.0863037109375,28.143157958984375,26.72964096069336
e622496f95843c1d43c6956d,pcb4,evaluation,32.51692199707031,31.707103729248047,31.11979866027832,29.64276123046875,28.358909606933594
5be8ca0a842a368af73421cb,pcb4,evaluation,30.07706642150879,29.15855598449707,28.791109085083008,27.635038375854492,26.424991607666016
8be97586538a3ee268d860cf,pcb4,evaluation,30.373327255249023,29.305007934570312,28.890655517578125,27.942052841186523,26.81717300415039
62dcac57921e970cd7336352,pcb4,evaluation,32.795284271240234,32.31119918823242,31.902849197387695,30.99051284790039,30.099123001098633
4e949d5cc5dbd3a3986df67c,pcb4,evaluation,32.42518615722656,31.28360366821289,30.547048568725586,28.71611213684082,27.524898529052734
94567a9d4533440466e04614,pcb4,evaluation,29.673938751220703,28.158540725708008,27.69883155822754,26.87859344482422,26.057661056518555
bd4578abc4a144d67800deee,pcb4,evaluation,44.01840972900391,42.849491119384766,41.17298889160156,33.11954879760742,28.55971336364746
3f6c5d0aeb2bc5dbe35482db,pcb4,evaluation,28.96544075012207,27.83468246459961,27.594755172729492,27.03345489501953,26.232501983642578
06cea9d17be8bdbeccab1b9a,pcb4,evaluation,37.74913787841797,36.96919250488281,36.219581604003906,33.554561614990234,30.09412384033203
403118cd151e0c0f42b0755d,pcb4,evaluation,29.90599822998047,28.973339080810547,28.66506004333496,27.999576568603516,27.053071975708008
f7bd79ecd98be56dfa67f0ca,pcb4,evaluation,33.94723129272461,33.441959381103516,32.8620719909668,29.620580673217773,26.719112396240234
61b66cece8f62f8e344bdbac,pcb4,evaluation,32.30854034423828,30.225460052490234,29.375499725341797,27.51416778564453,26.32904052734375
9b9efc54f6ad27d5092db377,pcb4,evaluation,32.385440826416016,31.491558074951172,30.91445541381836,29.725448608398438,28.010894775390625
6ec13877e32339a93d3c5a98,pcb4,evaluation,36.19741821289063,34.828590393066406,33.99812316894531,31.15300178527832,29.036603927612305
195faf93735335e019e6e7d4,pcb4,evaluation,31.68106460571289,30.69053840637207,29.854829788208008,28.383825302124023,27.103984832763672
69b616622561642383edc05a,pcb4,evaluation,32.08504867553711,31.666397094726562,31.246212005615234,29.65150260925293,28.10076332092285
c0289b65015467def8941d8a,pcb4,evaluation,29.657791137695312,29.285076141357422,28.73992347717285,27.132064819335938,26.143190383911133
3d62d967e187ee85d58604ce,pcb4,evaluation,36.10220336914063,34.92587661743164,33.7096061706543,29.513473510742188,26.793685913085938
58fe78eccbfcf87922468d12,pcb4,evaluation,29.474334716796875,28.739208221435547,28.445402145385742,27.57167625427246,26.37799644470215
9c34589e1297a75b0fd2685a,pcb4,evaluation,32.106346130371094,31.166057586669922,30.518129348754883,29.055706024169922,26.953582763671875
e20df895b49932f158be6a32,pcb4,evaluation,28.84246826171875,27.957752227783203,27.582075119018555,26.82759666442871,26.135042190551758
6a5c4f3c38755bfe9e9a730f,pcb4,evaluation,30.58485221862793,29.67294692993164,28.983078002929688,27.879480361938477,27.145172119140625
f908a78d3165b8833c9ae7d6,pcb4,evaluation,28.254301071166992,27.642868041992188,27.332902908325195,26.561582565307617,25.921438217163086
a9bd9794622d2b2d8d684e4e,pcb4,evaluation,32.43716049194336,31.296825408935547,30.6570987701416,28.878419876098633,27.00204086303711
7d7b22f61558a5ef29c9d842,pcb4,evaluation,30.32574462890625,29.132028579711914,28.6348876953125,27.486713409423828,26.477161407470703
d1dfad72d4164ada90de8aa2,pcb4,evaluation,33.17521286010742,31.83470916748047,31.171262741088867,29.695619583129883,28.28171157836914
6aea21099a9f91f24abf4ee3,pcb4,evaluation,29.31917762756348,28.57241439819336,28.390769958496094,27.748313903808594,26.574535369873047
24862581b903415889830797,pcb4,evaluation,34.83916091918945,33.58185577392578,32.525386810302734,30.595979690551758,28.67782974243164
46c48a7752644b92848aefdf,pcb4,evaluation,31.98033332824707,30.613893508911133,29.96930694580078,28.28220558166504,26.818225860595703
94bef49ce9c22a4f81bbfc22,pcb4,evaluation,28.71424674987793,28.30200958251953,28.04842758178711,26.75360870361328,25.956056594848633
da2cc750503c9456b21a285b,pcb4,evaluation,31.712926864624023,31.04928970336914,30.343217849731445,28.513824462890625,26.950098037719727
4394acd696bd6fb799311d94,pcb4,evaluation,30.151592254638672,28.831138610839844,28.267072677612305,27.588726043701172,26.839048385620117
69c05e26c0538934208dc521,pcb4,evaluation,33.41414260864258,31.928909301757812,31.075361251831055,29.832252502441406,28.430633544921875
89f466e67ac653882f8dbc81,pcb4,evaluation,38.16572570800781,37.53532028198242,36.89749526977539,33.45249938964844,29.384109497070312
b79293a8b446c3933777e959,pcb4,evaluation,31.021387100219727,30.10034942626953,29.627859115600586,27.638813018798828,26.393213272094727
91d77693499ec166c23c8368,pcb4,evaluation,29.41857147216797,28.996904373168945,28.760690689086914,27.896303176879883,26.999340057373047
20d45b89ee36b1a07888cdac,pcb4,evaluation,31.053936004638672,30.4051456451416,29.736906051635742,27.862045288085938,26.677013397216797
c494ae6a513646bc70c540c0,pcb4,evaluation,33.80485916137695,32.739742279052734,32.06497573852539,30.064889907836914,27.89394760131836
faea477c8d6ee5a72581d00f,pcb4,evaluation,32.26163864135742,31.6257381439209,31.058635711669922,28.98874282836914,27.068012237548828
6b99d5545bbc8ceabfa2661f,pcb4,evaluation,37.35905838012695,36.6616325378418,35.86314010620117,31.56324577331543,28.884775161743164
a786d775373a5dd59e5944a3,pcb4,evaluation,30.882339477539062,30.116413116455078,29.444927215576172,27.570568084716797,26.225648880004883
bb5f06b43135b48ef4a8e033,pcb4,evaluation,32.791786193847656,31.637130737304688,30.7446231842041,28.262948989868164,26.93137550354004
6a23f65f01171581e3375726,pcb4,evaluation,29.69393920898437,28.13236427307129,27.579246520996094,26.856618881225586,26.022502899169922
e38909ffe3603d70a931864f,pcb4,evaluation,30.27020263671875,29.927797317504883,29.43446922302246,27.547164916992188,26.02191734313965
ee03ac9f26e4c89aab6c0a4d,pcb4,evaluation,29.90702247619629,28.77806854248047,28.25538444519043,26.92869758605957,26.150381088256836
6b81489b9ee73b2f18ca5ddd,pcb4,evaluation,28.628551483154297,27.73357391357422,27.3326473236084,26.574180603027344,26.00356101989746
02acb841616b8cf4e09bc9c1,pcb4,evaluation,29.704938888549805,29.27952003479004,28.843534469604492,26.93340301513672,25.79629898071289
0d0f11a63286028e86709718,pcb4,evaluation,36.03059768676758,34.9379768371582,34.069095611572266,31.81446075439453,29.05579376220703
9669e7c4e182ca1c98dc5744,pcb4,evaluation,28.65937042236328,27.226783752441406,26.95290756225586,26.343929290771484,25.61913299560547
c34a02a42c7dc2fcd1fb1bc9,pcb4,evaluation,31.10462951660156,29.94681167602539,29.46025848388672,28.115793228149414,26.661022186279297
d9c3d82ceef4ad710833d2b5,pcb4,evaluation,30.637672424316406,29.815126419067383,29.24924087524414,28.130237579345703,26.93235969543457
5f009b1a19fb14d2d967a249,pcb4,evaluation,29.6489200592041,28.73540687561035,28.080297470092773,27.093669891357422,26.18575096130371
c2e3c250556cdfae1d0d304e,pcb4,evaluation,28.37024688720703,27.054994583129883,26.841503143310547,26.427684783935547,25.81281280517578
6a94827cd153f88a34ff8bea,pcb4,evaluation,28.891752243041992,27.770004272460938,27.34797477722168,26.580101013183594,25.924043655395508
5395dd6c114fd12bf0ccc220,pcb4,evaluation,30.247995376586918,29.582256317138672,29.301435470581055,28.195205688476562,26.802711486816406
b6bed1bed1f92488b9c9f1b6,pcb4,evaluation,30.29849624633789,29.01392364501953,28.300243377685547,27.191539764404297,26.230289459228516
431b7db254defeff17e05426,pcb4,evaluation,30.82237243652344,29.78141975402832,29.374082565307617,28.38861083984375,27.1550350189209
51342aaa4b67cd3663b97e60,pcb4,evaluation,31.08734893798828,30.576478958129883,30.211044311523438,28.7413330078125,27.237668991088867
1d4aee12b481c5e7a7512cba,pcb4,evaluation,33.506553649902344,31.568058013916016,30.69715690612793,28.586097717285156,26.63101577758789
4a5372483664bf9ff2c9b2e8,pcb4,evaluation,29.99345016479492,29.32056999206543,28.97835922241211,27.960901260375977,27.065113067626953
37ee876d87464ced30caa7f8,pcb4,evaluation,29.642986297607425,28.401885986328125,28.065763473510742,27.371776580810547,26.634321212768555
2be0489928254ac7aec80f5c,pcb4,evaluation,32.766448974609375,30.847789764404297,30.201353073120117,28.278818130493164,26.72228240966797
fba1a1e45627bcb714f09caf,pcb4,evaluation,32.50534439086914,30.58690071105957,29.758275985717773,28.525463104248047,27.264291763305664
eb48e46ff215c692c1700239,pcb4,evaluation,36.17212677001953,35.752601623535156,35.328407287597656,31.739818572998047,28.28031349182129
ed93e360146bf0f42ae21392,pcb4,evaluation,32.30656051635742,31.379196166992188,30.60396385192871,29.618623733520508,28.699716567993164
3075ee08fc7769d799405b7b,pcb4,evaluation,30.36259651184082,29.047922134399414,28.331701278686523,27.37224769592285,26.47014045715332
26756bddb7f30592556632f0,pcb4,evaluation,30.438581466674805,29.823335647583008,29.206789016723633,27.40248680114746,26.26235008239746
f3d0156953e0d9ac3a5b0539,pcb4,evaluation,47.511810302734375,46.76554489135742,46.07090759277344,41.58461380004883,34.85228729248047
16f97c0d505f09955e660ae5,pcb4,evaluation,53.73469543457031,52.3221549987793,51.102088928222656,43.654388427734375,36.11872863769531
9855a151dc87d8ed941a265d,pcb4,evaluation,47.651981353759766,45.90459060668945,44.618404388427734,40.0751953125,35.26773452758789
388e45cb72ef6d36729020ea,pcb4,evaluation,49.584510803222656,48.90301513671875,48.063934326171875,41.673580169677734,33.27153396606445
fe2c02c1f27a44e28d550220,pcb4,evaluation,42.38581466674805,41.58019256591797,40.56484603881836,36.10875701904297,33.07829666137695
49092abc7738fc32ba92fb08,pcb4,evaluation,43.811222076416016,41.717552185058594,39.76322555541992,33.51287841796875,29.75832176208496
55376591cd13917e8f433996,pcb4,evaluation,43.96454620361328,43.22697448730469,42.48031997680664,38.74555206298828,33.85944366455078
b3a751786ba15b26ece1fc1d,pcb4,evaluation,50.20598602294922,47.81989669799805,45.7578010559082,38.398277282714844,31.900270462036133
068868c67451fd61d22440f1,pcb4,evaluation,47.60923385620117,46.857025146484375,45.83798599243164,39.71235656738281,32.186256408691406
47f8c3c8d23ea75f9eaed475,pcb4,evaluation,48.04192352294922,46.89921951293945,45.74414825439453,38.73057174682617,32.11028289794922
027038eb34c752939a1e0aa2,pcb4,evaluation,51.27779006958008,50.82560348510742,50.00177764892578,45.04317855834961,37.77703094482422
056f325717dc75cdf75734d6,pcb4,evaluation,56.21614456176758,55.272586822509766,53.94803237915039,45.53181076049805,33.799522399902344
f69a7ad702682a7c21480f93,pcb4,evaluation,42.20784759521485,41.15467834472656,40.334659576416016,37.04954147338867,32.747581481933594
c01a47cbeebb24b5df8b09d9,pcb4,evaluation,48.790306091308594,47.65780258178711,46.659603118896484,41.881439208984375,35.46562576293945
7297bdf13d802055a3b2332e,pcb4,evaluation,56.71556091308594,53.979698181152344,52.071754455566406,42.641292572021484,34.043365478515625
b0703ab5fecbd9a2b2951bd2,pcb4,evaluation,46.39434814453125,45.671417236328125,44.833797454833984,40.27326583862305,32.971073150634766
1e7940bd5a34afe21e45549f,pcb4,evaluation,48.37190246582031,47.919246673583984,47.40170669555664,42.44659423828125,36.073211669921875
bdd0f82397445b34db5a60de,pcb4,evaluation,52.04543685913086,51.4429931640625,51.06112289428711,47.58515167236328,40.92477798461914
37b09625a0bfb14b576704b7,pcb4,evaluation,50.02555847167969,49.56832504272461,48.82709503173828,43.6876106262207,32.1492919921875
79f751ffd9ae6b5e35702cb8,pcb4,evaluation,53.624908447265625,52.608829498291016,51.59595489501953,46.521732330322266,36.74241256713867
c894a684e68453e869a7b59d,pcb4,evaluation,46.7534294128418,45.31590270996094,44.03050994873047,37.07354736328125,30.493085861206055
52e4b266e84dec5255c98f5d,pcb4,evaluation,52.32623672485352,51.41889190673828,50.56059265136719,44.8479118347168,34.563507080078125
e6b56c2512bb8660ea532707,pcb4,evaluation,43.79757308959961,43.36113739013672,42.680564880371094,38.684234619140625,32.83911895751953
072d4a79bd05c7d78e259898,pcb4,evaluation,40.242313385009766,39.709983825683594,39.28843307495117,37.007450103759766,32.210205078125
84c62456176a47f1aed1e84a,pcb4,evaluation,46.08121871948242,45.65357971191406,45.09968948364258,42.91462326049805,37.711856842041016
53cc9622e70431b774da2d9c,pcb4,evaluation,53.770729064941406,52.92385482788086,51.83419418334961,44.696868896484375,34.546173095703125
e1ea53378faad7537e477a2c,pcb4,evaluation,51.28160858154297,50.434654235839844,49.51953125,43.8556022644043,35.42255783081055
f8f05304ac4fdc3e8f3c9257,pcb4,evaluation,59.83502578735352,58.46829605102539,57.12907028198242,48.13675308227539,35.50679397583008
005e070227309d82c55c4275,pcb4,evaluation,54.00996780395508,53.528629302978516,52.77211380004883,47.50162887573242,34.990440368652344
3c2fbca5ce7276e377337e6c,pcb4,evaluation,48.10930633544922,47.44646072387695,46.603858947753906,41.684078216552734,33.97975540161133
cbf6c89149a15b1bc70a8375,pcb4,evaluation,50.99715423583984,50.00941848754883,48.90625,41.868186950683594,32.982704162597656
b18da311930bfdfeb131ac29,pcb4,evaluation,53.68162155151367,51.982460021972656,50.340877532958984,41.340389251708984,33.946720123291016
a8a94a64acd471f75b56c857,pcb4,evaluation,59.71303176879883,57.98468017578125,56.46366500854492,46.34199142456055,32.82917785644531
44452abcc72d422a96de6497,pcb4,evaluation,49.780181884765625,49.04289627075195,47.9460563659668,43.5920524597168,34.20700454711914
2de9d5cdfc61fe53c1d226f1,pcb4,evaluation,50.02949142456055,49.178977966308594,48.45567321777344,44.97169494628906,36.829734802246094
2a3381ab00f3a412b4144b3b,pcb4,evaluation,60.1506233215332,58.62547302246094,57.096771240234375,50.1532096862793,37.45558166503906
4c816b72ee515729decd9575,pcb4,evaluation,63.03134536743164,62.48197555541992,61.27040100097656,52.067527770996094,37.23594284057617
48659a6236cca2b8a9785293,pcb4,evaluation,67.227294921875,65.61299133300781,64.23789978027344,54.26447677612305,36.745452880859375
f3b3eb6ad758e704e90ac7d3,pcb4,evaluation,50.18675994873047,49.04169464111328,47.18743133544922,37.639732360839844,32.48102951049805
d451674ba2957ea9a1018211,pcb4,evaluation,59.29770278930664,57.757545471191406,55.876182556152344,45.250858306884766,34.34300231933594
e713192788ad43790d8658d7,pcb4,evaluation,46.73542022705078,46.154327392578125,45.31336212158203,39.3916130065918,33.45995330810547
18f0fd2d3dbdc60d5f3513d9,pcb4,evaluation,62.83568572998047,61.99650192260742,60.69656753540039,49.73188781738281,35.62010192871094
a31e27ed2e8db09c3e91c9ae,pcb4,evaluation,52.804725646972656,51.689144134521484,50.10471725463867,42.13408660888672,33.526248931884766
373efaec363f842465bd3acb,pcb4,evaluation,61.59227752685547,60.70009994506836,59.74248504638672,48.862098693847656,36.52513885498047
fc402da6880e1e06b238b903,pcb4,evaluation,51.2330436706543,50.35843276977539,49.49699401855469,43.3023796081543,34.23739242553711
6e2de9d61f899d21b2cfc8e8,pcb4,evaluation,55.89201736450195,54.26224899291992,53.13703155517578,49.226009368896484,40.88488006591797
bd271671372ec7b546a25301,pcb4,evaluation,37.16720581054688,36.54378128051758,35.6373291015625,32.26093673706055,29.42501449584961
beb6670b85f21ac45fd6b48b,pcb4,evaluation,42.104679107666016,41.23165512084961,40.535404205322266,35.160491943359375,30.420574188232422
755b7f59b1d26d1c46179b0f,pcb4,evaluation,44.85466003417969,43.643333435058594,42.638343811035156,39.1258659362793,33.4349250793457
83592b0bc775afea95d3c11d,pcb4,evaluation,51.02252578735352,50.053565979003906,49.275611877441406,47.05243682861328,40.227657318115234
eb662872bc6bce7c9aac9465,pcb4,evaluation,46.14385986328125,45.445594787597656,44.894859313964844,41.49772262573242,34.848392486572266
db1bd561f26bd21285df12af,pcb4,evaluation,42.104583740234375,41.199989318847656,40.17759704589844,36.79841995239258,31.692811965942383
b55a295f7c7ec1ad3fac8596,pcb4,evaluation,49.75088119506836,49.66535949707031,49.066280364990234,47.15286636352539,40.53889846801758
6ae93e59b3c647f7e16d08ed,pcb4,evaluation,52.08125305175781,51.50699234008789,50.81864929199219,47.5816764831543,40.72401428222656
22cdb4294c4c5b5f755fc763,pcb4,evaluation,46.49908828735352,45.33043670654297,44.35400390625,39.92982482910156,32.785301208496094
18b56ae51ab1f4c17be2c55f,pcb4,evaluation,46.68935394287109,45.29008865356445,43.886924743652344,39.300933837890625,32.4383544921875
7702f6e31aa74020b48b62c4,pcb4,evaluation,37.91962814331055,36.37716293334961,35.97186279296875,34.72166061401367,32.161109924316406
7df7bce17e9dbffda7284557,pcb4,evaluation,49.878173828125,49.466064453125,48.97418975830078,47.02663803100586,41.17412185668945
73f7e96255ed2f2a4762cc32,pcb4,evaluation,40.053810119628906,38.14250946044922,36.90708541870117,34.00318908691406,30.92300033569336
d92f74d23c5d7507316ef1f6,pcb4,evaluation,47.139427185058594,45.67818069458008,44.30406188964844,38.69844436645508,32.79457092285156
9407debbd13a3bb3cb165677,pcb4,evaluation,43.80525970458984,42.12003707885742,40.909278869628906,38.54422378540039,34.8266716003418
a618c028ba8f003626d69f29,pcb4,evaluation,41.71663284301758,40.54788589477539,39.61037826538086,36.25815963745117,31.946916580200195
9b02325c82f1ba6da823079c,pcb4,evaluation,55.185245513916016,53.5610466003418,52.550724029541016,48.22386932373047,41.180320739746094
579cdbb9cbf43dc43c4648ba,pcb4,evaluation,43.06740951538086,42.18612289428711,41.47065734863281,37.55831527709961,32.36297607421875
5212af2e2f675e11ac441f21,pcb4,evaluation,43.74215698242188,43.402801513671875,42.38453674316406,36.7586669921875,31.933847427368164
d646baf1c18f122f83fdb5d9,pcb4,evaluation,52.260292053222656,51.616241455078125,51.03881072998047,48.38187789916992,41.657840728759766
17e584cd0c3324b6eb08e5bf,pcb4,evaluation,45.34869766235352,43.81390380859375,42.62675857543945,37.44010543823242,32.26681137084961
660565f9c151fe4823f9903e,pcb4,evaluation,45.11026763916016,44.31073760986328,43.2652702331543,37.12052917480469,31.314434051513672
19beac86001ba6a35484fd4e,pcb4,evaluation,50.588565826416016,49.45960998535156,49.121681213378906,46.79098892211914,40.490482330322266
0faf418cf81ced5dd69c34c7,pcb4,evaluation,45.29599380493164,44.170982360839844,43.12504577636719,39.969478607177734,34.04568099975586
00fa6be94b9f1137a440b277,pcb4,evaluation,43.083980560302734,42.32392883300781,41.57672882080078,37.156742095947266,32.474273681640625
656d7b1bb516335c5b215df9,pcb4,evaluation,43.75923538208008,43.029998779296875,42.337039947509766,39.905521392822266,34.0352897644043
a594b3da8fff3917c805e6e2,pcb4,evaluation,42.02758407592773,40.53330993652344,38.82952117919922,33.613521575927734,29.320650100708008
32ccad4fbea9506978472013,pcb4,evaluation,54.06638717651367,52.79801559448242,52.01994323730469,49.17024230957031,42.203731536865234
7899993537b41d8220507079,pcb4,evaluation,42.1976432800293,41.29216003417969,40.37721633911133,36.2242431640625,31.29193115234375
190a2a3d2a2b8ee2288dcdb1,pcb4,evaluation,51.080867767333984,49.45594024658203,48.54766845703125,44.55142593383789,36.600311279296875
72e94075c44242bba2f16fd4,pcb4,evaluation,54.04360580444336,53.3012809753418,52.80333709716797,45.69739532470703,34.30217361450195
6a2113d159a9b9248744b3c4,pcb4,evaluation,53.8627815246582,52.063026428222656,50.599159240722656,42.11822509765625,32.61815643310547
c599b05f2e1a8757cf156c2b,pcb4,evaluation,54.7086181640625,53.17043685913086,51.797786712646484,44.65751266479492,35.378536224365234
b47939562c67b3a5671dc4cc,pcb4,evaluation,49.95270156860352,48.95272445678711,47.86894607543945,41.7556266784668,36.37110137939453
afcb52664763e120dc376f55,pcb4,evaluation,50.61338424682617,50.05624771118164,49.37600326538086,42.6814079284668,34.7664909362793
50c468e621f244dde7ab1428,pcb4,evaluation,42.50477600097656,40.51491165161133,38.99881362915039,34.88412857055664,31.79596519470215
18bb01bf7702c211e846338c,pcb4,evaluation,43.87868881225586,42.91217803955078,42.13096237182617,38.70323944091797,33.79452896118164
9ad36bc24600f804a1e17b9f,pcb4,evaluation,45.89137649536133,45.23139953613281,44.4113655090332,41.274322509765625,33.536808013916016
047764c95331feae308c90e2,pcb4,evaluation,45.65324020385742,45.24094009399414,44.62168884277344,40.744171142578125,35.31382369995117
563c172d1fd3f1a051c73278,pcb4,evaluation,54.27407836914063,52.49052810668945,50.25997543334961,39.83560562133789,32.34242630004883
b253c99dac508bb4f47a228a,pcb4,evaluation,45.92255783081055,44.95500564575195,44.37666320800781,38.60887908935547,31.08416175842285
37f5bc28dd23597ed6ab1e0b,pcb4,evaluation,51.55339050292969,50.76350402832031,50.092552185058594,44.98033905029297,35.58553695678711
8ed7bbc72b2275a95c7a18f6,pcb4,evaluation,41.08894729614258,40.273948669433594,39.535118103027344,37.2554817199707,34.1297492980957
4e0d26e1684570372c9ff29d,pcb4,evaluation,54.71599960327149,53.37282180786133,52.30668640136719,49.90177536010742,41.696205139160156
c5a5497d8136faa6b62d321c,pcb4,evaluation,48.50675582885742,47.43418502807617,46.75998306274414,43.83151626586914,35.64595031738281
0526d987ae6faeb2ac46b9cc,pcb4,evaluation,51.93328857421875,51.095008850097656,50.03601837158203,43.53498077392578,34.40106964111328
7bae5855faac0d2cdea685c1,pcb4,evaluation,43.54965591430664,42.8593635559082,42.187679290771484,39.200843811035156,34.742923736572266
d2c8cb6cdfcad1fe3b1f8dff,pcb4,evaluation,46.503753662109375,45.34626007080078,44.717811584472656,41.9783935546875,35.204627990722656
238d45a7dd220fd6070bce30,pcb4,evaluation,42.185096740722656,40.64591979980469,40.149085998535156,37.5749626159668,32.36534118652344
b80f07883522b9d821bd85bb,pcb4,evaluation,44.86150741577149,44.2225456237793,43.841217041015625,40.07876205444336,34.37843704223633
4b8d2b38330fa5942f9509a6,pcb4,evaluation,45.42233657836914,44.97268295288086,44.17391586303711,39.90801239013672,33.50909423828125
5a4ebea6d6c6dcc23d694629,pcb4,evaluation,44.17741012573242,43.40896224975586,42.80274200439453,37.166934967041016,31.5058536529541
c643255e8f0cfd6ae1af7537,pcb4,evaluation,39.48176193237305,38.89004135131836,38.394962310791016,35.559661865234375,31.336040496826172
5000d4717291375122bf2493,pcb4,evaluation,49.60681915283203,49.02181625366211,48.452613830566406,44.63959503173828,36.48637771606445
23fcd1c48207b6b503632b8e,pipe_fryum,calibration,29.26240539550781,28.05858612060547,27.880733489990234,27.239601135253906,26.206645965576172
67503760fb5cc238958ce1ca,pipe_fryum,calibration,29.39056968688965,28.82132911682129,28.425498962402344,27.184001922607422,25.718156814575195
9ffc4ca46a987c08cac7462f,pipe_fryum,calibration,29.379430770874023,28.258211135864258,27.777135848999023,26.79940414428711,25.413692474365234
b11c563d27124629e258e0dd,pipe_fryum,calibration,33.45530319213867,32.66413497924805,32.291263580322266,30.973163604736328,28.21661376953125
ea47c1450d1447967535085f,pipe_fryum,calibration,30.092567443847656,29.221328735351562,28.725692749023438,27.792789459228516,26.317062377929688
8d15c39c8c8ca5ec2cb38720,pipe_fryum,calibration,30.50045394897461,29.87982940673828,29.375389099121094,28.103517532348633,26.293489456176758
ce0b8ac0d8da068cd89bb5df,pipe_fryum,calibration,28.870635986328125,28.469112396240234,28.084365844726562,27.03188133239746,25.787036895751953
561f4149365504bbb366d290,pipe_fryum,calibration,28.730514526367188,28.162643432617188,27.771343231201172,26.817440032958984,25.608613967895508
5a79e753ad9046766ffef8a6,pipe_fryum,calibration,36.81943893432617,36.08029556274414,35.22520065307617,30.81332778930664,26.89775276184082
f6cf81875145b8ca4b8aa7f6,pipe_fryum,calibration,32.19704818725586,31.4481258392334,30.99172019958496,29.340505599975586,27.258861541748047
8c7717dcba119e521c78ed1b,pipe_fryum,calibration,31.73338890075684,30.987287521362305,30.346067428588867,28.5087890625,27.117652893066406
b7981d028b512fc6fef4a3d7,pipe_fryum,calibration,29.93920516967773,28.516666412353516,28.005165100097656,27.271116256713867,25.9483585357666
341b937d4955b1a6cf4837bc,pipe_fryum,calibration,32.37181091308594,31.53487777709961,31.021772384643555,29.540802001953125,27.857654571533203
80a25ade67388f16a5554543,pipe_fryum,calibration,30.47000312805176,29.296525955200195,28.627521514892578,27.657602310180664,26.43796730041504
5b8b451f31d6747adc98bd88,pipe_fryum,calibration,29.96885681152344,28.415868759155273,28.153039932250977,27.533498764038086,26.437252044677734
4c5864792b29838bc78c660d,pipe_fryum,calibration,31.4354190826416,30.582077026367188,29.922733306884766,28.155471801757812,26.522123336791992
e1e66a88542684d2ff570663,pipe_fryum,calibration,29.683143615722656,28.65899085998535,27.66815757751465,26.133819580078125,25.169649124145508
a233549a609877451640c8fd,pipe_fryum,calibration,28.58864021301269,27.847793579101562,27.412166595458984,26.537918090820312,25.5837459564209
488106294126a946d6638d51,pipe_fryum,calibration,33.5347900390625,32.761043548583984,31.917678833007812,28.357152938842773,26.17728614807129
9b135a01a452c8b46036de60,pipe_fryum,calibration,32.18231964111328,30.97271156311035,30.286306381225586,28.763519287109375,27.12580108642578
825ac957d7b8bcde64b509ec,pipe_fryum,calibration,28.320819854736328,27.497894287109375,27.24857521057129,26.56842041015625,25.52381134033203
b248561c20529db910e58e81,pipe_fryum,calibration,27.66310310363769,26.907072067260742,26.55044937133789,25.869016647338867,24.974023818969727
f4f0c48d24237252083f3e93,pipe_fryum,calibration,27.610706329345703,26.959247589111328,26.78679656982422,26.223731994628906,25.48162841796875
91e0d79c548b372c0e67dcf6,pipe_fryum,calibration,30.8181209564209,29.999187469482422,29.313268661499023,27.767396926879883,26.364871978759766
554414d351743129394aa8c3,pipe_fryum,calibration,28.772661209106445,28.021806716918945,27.605731964111328,26.955150604248047,25.860151290893555
dfa1d3adb42a73bc69103cd3,pipe_fryum,calibration,28.21552848815918,27.57760238647461,27.235532760620117,26.44669532775879,25.446918487548828
506bddff7441d7cb69a0d1f6,pipe_fryum,calibration,29.023283004760746,27.62642478942871,27.208486557006836,26.428199768066406,25.63356590270996
40141cfa75fc2f551be734a9,pipe_fryum,calibration,30.335193634033203,29.582103729248047,29.069284439086914,27.85809326171875,26.48192024230957
b2188e92b99f225484c78f3f,pipe_fryum,calibration,29.55357551574707,28.679628372192383,28.216350555419922,26.983999252319336,25.803735733032227
6ed68694d187723d9bea370c,pipe_fryum,calibration,32.23357009887695,31.36503028869629,31.0521240234375,30.32296371459961,28.93666648864746
fb2fd69159f84d102a619e65,pipe_fryum,calibration,30.0861759185791,29.65383529663086,29.25556182861328,27.965856552124023,26.395944595336914
30ef08bd301438b6b19bc06e,pipe_fryum,calibration,31.35731506347656,30.5711669921875,30.212797164916992,29.140541076660156,27.47816276550293
acd965d6835ba745e403cefa,pipe_fryum,calibration,30.86780166625977,30.42327880859375,30.303760528564453,29.239511489868164,27.63878059387207
529ebb620c7a23fa1dc19e3b,pipe_fryum,calibration,32.820640563964844,32.17462158203125,31.75769805908203,29.78183364868164,27.71962547302246
945b5e15237ab9312c115480,pipe_fryum,calibration,32.67967987060547,32.0802116394043,31.5056209564209,29.10382080078125,27.33171272277832
86bcab2cb5ebeca3439798dd,pipe_fryum,calibration,28.593402862548828,27.544818878173828,27.361957550048828,26.691940307617188,25.570186614990234
8cff52a03ea60f46bbf10a35,pipe_fryum,calibration,28.654333114624023,27.92523956298828,27.69055938720703,26.46098518371582,25.171241760253906
469c9bfc44abe9cfdc31a310,pipe_fryum,calibration,30.68086242675781,30.084491729736328,29.950658798217773,29.092117309570312,27.62933349609375
cce1150b64c43d54eaddffab,pipe_fryum,calibration,29.113037109375,28.84430694580078,28.627927780151367,27.439443588256836,26.236982345581055
81d074f99eafada7ead5de55,pipe_fryum,calibration,31.477020263671875,30.77324676513672,30.50204086303711,29.3794002532959,27.769256591796875
6000292f0b10bc56ead08e4b,pipe_fryum,calibration,29.47120857238769,28.746524810791016,28.456682205200195,27.56947898864746,26.14719009399414
d5321bac7cde697c75e10290,pipe_fryum,calibration,33.18871307373047,32.42976379394531,31.759048461914062,30.146852493286133,28.095436096191406
db4c3884eec2bdddf662f4a0,pipe_fryum,calibration,32.0699462890625,31.172523498535156,30.531068801879883,27.58879280090332,26.062938690185547
3d513c48638a987796953ce3,pipe_fryum,calibration,31.46829414367676,30.661922454833984,30.2545108795166,28.876358032226562,27.07491111755371
dbbff57f5f79a46163730309,pipe_fryum,calibration,29.58646011352539,28.970613479614258,28.597026824951172,27.613725662231445,26.565584182739258
d39246b9dff4a70decf3ac14,pipe_fryum,evaluation,30.618389129638672,29.960214614868164,29.773473739624023,28.674171447753906,27.059574127197266
56bf310390cf892ac734dea7,pipe_fryum,evaluation,36.99262619018555,35.10829162597656,34.52219772338867,32.89472961425781,30.55756950378418
fb743bb252e7c0613202fc29,pipe_fryum,evaluation,33.08706283569336,31.594472885131836,30.713788986206055,28.65964126586914,26.780359268188477
3afdd642de1032072466be7d,pipe_fryum,evaluation,40.36111068725586,39.5094108581543,38.372528076171875,32.57466506958008,28.10860252380371
7a3b88385b3be5200875104e,pipe_fryum,evaluation,28.0906925201416,27.504779815673828,27.379440307617188,26.674259185791016,25.656217575073242
aac0b822f7838c82af1d1744,pipe_fryum,evaluation,29.804845809936523,29.574167251586914,29.225740432739258,27.33661460876465,25.832914352416992
7b9fd6f4aad88e32b4e6856f,pipe_fryum,evaluation,28.7663631439209,27.909727096557617,27.763042449951172,27.131019592285156,25.77376937866211
aaf2e70cd11620fe48c293fe,pipe_fryum,evaluation,29.92913055419922,28.80176544189453,28.59429931640625,27.58074951171875,26.265586853027344
bc93a9e26ce2a3f13c02d603,pipe_fryum,evaluation,31.4002742767334,30.684858322143555,30.26071548461914,29.22218894958496,27.669435501098633
cf28e0b1762a3ed523e5c591,pipe_fryum,evaluation,31.03651428222656,30.5696964263916,30.006940841674805,28.176034927368164,26.406539916992188
b042df6968c69f5bd45695f1,pipe_fryum,evaluation,31.95828437805176,31.464948654174805,31.22125244140625,30.23157501220703,28.583627700805664
0e95fade7a72558185234da3,pipe_fryum,evaluation,28.853464126586918,28.268627166748047,27.831401824951172,26.586896896362305,25.418317794799805
c623ae09c1e9bd3ab6cbfcd6,pipe_fryum,evaluation,29.407745361328125,28.944887161254883,28.616304397583008,27.514528274536133,26.23561668395996
caea7e3b85eb8a1567dfd975,pipe_fryum,evaluation,31.88661003112793,31.136661529541016,30.57686996459961,27.950685501098633,26.16705894470215
e7e0f8b252f9f578c92d2646,pipe_fryum,evaluation,27.396188735961918,26.66796875,26.426475524902344,25.867368698120117,25.200756072998047
e8ea516d922b57b6c2e5ae6a,pipe_fryum,evaluation,30.82211303710937,29.71141242980957,29.37556266784668,28.488412857055664,27.173782348632812
6e5c8739e16ce83fe556694f,pipe_fryum,evaluation,29.149734497070312,28.36775016784668,28.002439498901367,27.18366241455078,25.93145179748535
c5fe4ad5796453842ba24e2e,pipe_fryum,evaluation,33.95827102661133,32.872459411621094,32.429988861083984,31.082618713378906,28.805843353271484
2c860b0347ffe5e1fefae507,pipe_fryum,evaluation,30.53580474853516,29.798629760742188,29.58023452758789,28.722557067871094,27.39677619934082
7d82e2fa502490171062e1d9,pipe_fryum,evaluation,31.61919593811035,30.595321655273438,29.92558479309082,28.666458129882812,27.067062377929688
cf59db8f504ef18f53a4814f,pipe_fryum,evaluation,35.76108169555664,34.37688064575195,33.11190414428711,28.62328338623047,26.378538131713867
1db692405f0bc9bd4f076f2b,pipe_fryum,evaluation,35.65116500854492,34.35663604736328,34.01007843017578,32.321197509765625,29.498565673828125
d6a5886f081c7fbc1862b032,pipe_fryum,evaluation,31.978065490722656,30.145715713500977,29.755023956298828,28.12249755859375,26.51902961730957
da89a148d452e38766b2990c,pipe_fryum,evaluation,29.30814743041992,28.962451934814453,28.714818954467773,27.89361000061035,26.45993423461914
5cb93b9c88f1b3ec40b49a62,pipe_fryum,evaluation,31.72707748413086,30.308391571044922,29.68144416809082,27.885351181030273,26.378910064697266
2621de051ab80ad359cae9c9,pipe_fryum,evaluation,32.81041717529297,32.379730224609375,31.90652084350586,30.32390594482422,27.371950149536133
7196cc9fa0f293edd384139f,pipe_fryum,evaluation,33.16274642944336,32.80848693847656,32.2586784362793,29.50863265991211,27.46809959411621
a43b485d8fa45fa1c708d7d6,pipe_fryum,evaluation,30.164077758789062,29.125587463378906,28.95529556274414,28.030593872070312,26.3929443359375
7efa3db1a6bb8bcd36099bea,pipe_fryum,evaluation,36.612979888916016,35.66848373413086,34.73409652709961,31.047122955322266,28.333688735961914
4954fadf0e288712cf3d27df,pipe_fryum,evaluation,31.482208251953125,30.001480102539062,29.560680389404297,28.43204116821289,26.632553100585938
0210f72d93f7dd0646bb9287,pipe_fryum,evaluation,30.444244384765625,29.408695220947266,28.82704734802246,28.00331687927246,26.865415573120117
8501bab627fc3b4cc9e739a5,pipe_fryum,evaluation,29.54852867126465,29.154905319213867,28.928741455078125,28.056617736816406,26.59028434753418
2f443362a5d61cfe6f160d0f,pipe_fryum,evaluation,28.7067813873291,27.714595794677734,27.53693962097168,26.740495681762695,25.76978302001953
6dec7f4af93d85dc39803658,pipe_fryum,evaluation,29.573644638061523,28.454458236694336,27.757583618164062,26.88567352294922,25.92915153503418
4fdfcc645e1d4d56e8cc393e,pipe_fryum,evaluation,29.126544952392575,28.470792770385742,28.158105850219727,27.24808120727539,26.093748092651367
7cb774f507c1a7f9e7631a9c,pipe_fryum,evaluation,28.821144104003903,28.337465286254883,27.907073974609375,26.70174217224121,25.606529235839844
55db29d7f7fadddad71325f1,pipe_fryum,evaluation,32.0072021484375,30.716564178466797,30.031688690185547,29.012937545776367,27.232807159423828
6126f9369e8422abe8cbccaa,pipe_fryum,evaluation,29.335100173950195,28.24146842956543,27.72171401977539,26.9611759185791,25.83123779296875
4fb3fbbd45514de26c77479a,pipe_fryum,evaluation,30.5524959564209,29.99854278564453,29.364688873291016,28.123743057250977,26.854455947875977
76f747c07b2115d7d36e7e09,pipe_fryum,evaluation,31.035797119140625,30.336463928222656,30.09412384033203,29.055896759033203,27.622535705566406
f45cc8c6731ed53fb4454dea,pipe_fryum,evaluation,30.000572204589844,29.57538414001465,29.215869903564453,27.846908569335938,26.393098831176758
5b78614f133956f6be42d70c,pipe_fryum,evaluation,32.61357879638672,32.32246017456055,32.029762268066406,30.625333786010742,28.149335861206055
7a358805a1a720db3ad1ed21,pipe_fryum,evaluation,34.04906463623047,33.10586929321289,32.447017669677734,30.56132698059082,27.961116790771484
5f864c9d0199d4dc9272ebd7,pipe_fryum,evaluation,30.751522064208984,30.178619384765625,29.88234519958496,28.837987899780273,27.47411346435547
5fc4e442f1ce6ccc47f817dc,pipe_fryum,evaluation,34.86638259887695,33.26488494873047,32.192073822021484,28.790292739868164,26.854459762573242
da74c00a468f645be7f7f795,pipe_fryum,evaluation,36.724735260009766,35.96709442138672,35.20365524291992,32.08195495605469,29.815441131591797
a4884ebd344af55b796d9446,pipe_fryum,evaluation,30.167049407958984,29.357730865478516,29.12993049621582,28.268831253051758,27.1283016204834
fbf590b715344fc929e9ddd0,pipe_fryum,evaluation,28.4081974029541,27.78302764892578,27.505443572998047,26.97740364074707,26.007732391357422
286a5cf7bc56b96370507bdf,pipe_fryum,evaluation,32.8544807434082,31.803726196289062,31.18827247619629,29.86600112915039,27.773229598999023
b53096c9b1f28abc02cf989a,pipe_fryum,evaluation,28.16987991333008,27.536619186401367,27.36811637878418,26.562320709228516,25.41077423095703
aa388c0b54898cd2df16d788,pipe_fryum,evaluation,56.7636604309082,55.31987380981445,53.73986053466797,43.88411331176758,32.515342712402344
702485fb6d28c085f95458f5,pipe_fryum,evaluation,45.87147903442383,44.602638244628906,42.89301681518555,34.962100982666016,29.901987075805664
24988ee82878247416514fff,pipe_fryum,evaluation,58.7368392944336,56.10183334350586,53.904701232910156,42.8336067199707,31.333284378051758
733e12e6f055dfbc969c7ae4,pipe_fryum,evaluation,62.30963897705078,60.22580337524414,58.2263069152832,48.008785247802734,33.23259353637695
4ee40b105c9abce2b17b343a,pipe_fryum,evaluation,45.44428253173828,44.707557678222656,43.74150848388672,37.18988800048828,29.605548858642578
cf45fb37af36b9cb2e036161,pipe_fryum,evaluation,54.6743392944336,52.898956298828125,51.2779541015625,42.36720275878906,33.28312301635742
9c7c483bee80475cb9be16b7,pipe_fryum,evaluation,41.098262786865234,40.19239044189453,39.10814666748047,33.92658233642578,29.397523880004883
f9991632fc5297445556de43,pipe_fryum,evaluation,47.86130142211914,47.2629280090332,46.10203170776367,38.65357208251953,30.483041763305664
85aa351ddd6bf045da1da401,pipe_fryum,evaluation,54.06186676025391,53.11077117919922,52.381290435791016,44.8597412109375,32.213539123535156
0449c1a215feb95ea376c73c,pipe_fryum,evaluation,54.14228439331055,52.22720718383789,50.37506866455078,41.126007080078125,30.727632522583008
99bf917f1d6959dd4bcb317d,pipe_fryum,evaluation,64.60333251953125,62.22334289550781,60.181861877441406,48.579071044921875,32.95012664794922
92c8db57341a024a86d2b692,pipe_fryum,evaluation,51.87516784667969,50.284908294677734,49.53453826904297,44.38615036010742,33.389251708984375
7eb01c3335029e91e2ce4985,pipe_fryum,evaluation,55.82186126708984,54.6876220703125,53.774356842041016,46.71318435668945,34.385528564453125
ddddf6167e2d1efb8ae176af,pipe_fryum,evaluation,55.58956527709961,54.78483200073242,53.66020202636719,45.7653694152832,33.321205139160156
9d5222b6e52561ea7d059cfd,pipe_fryum,evaluation,49.02398300170898,48.041175842285156,47.05845642089844,40.81742477416992,31.31298828125
9fef093da9744935a3718f38,pipe_fryum,evaluation,47.36268615722656,46.58596420288086,45.37863540649414,38.04356002807617,30.92344856262207
6c59c63705e5998b15f24bd7,pipe_fryum,evaluation,47.0916633605957,46.286643981933594,45.23142623901367,38.08652877807617,30.9979305267334
81ee1534cf0fac2ff1f581ee,pipe_fryum,evaluation,41.3167839050293,40.817989349365234,40.10419845581055,36.2203483581543,32.2141227722168
1f768d6f038138aeb90761ef,pipe_fryum,evaluation,42.51161956787109,41.453857421875,40.63260269165039,36.40311050415039,30.986129760742188
d5fc2b3e86237af915b953c8,pipe_fryum,evaluation,52.65985107421875,51.34658432006836,50.143592834472656,42.567161560058594,31.757247924804688
d432ab3933e2a8e67264beef,pipe_fryum,evaluation,43.64510345458984,42.34446716308594,41.40883255004883,36.823875427246094,32.92225646972656
af4ba14f7bbdb808da54580e,pipe_fryum,evaluation,50.423946380615234,48.97197723388672,48.1396484375,40.75367736816406,32.51820755004883
be75f9f76ad7cd0b167fc750,pipe_fryum,evaluation,48.28526306152344,47.02495574951172,45.728599548339844,39.620601654052734,34.74364471435547
44303df434a9f4b33a7a6654,pipe_fryum,evaluation,53.56221771240234,52.53230667114258,51.3155403137207,42.86335372924805,30.9715576171875
eaabd5c8c55e835bed64407e,pipe_fryum,evaluation,45.98954391479492,44.95561981201172,44.21796417236328,39.4536247253418,31.709630966186523
ba0c8a426ec24b0bd3b22f26,pipe_fryum,evaluation,47.62495803833008,46.05338668823242,45.162635803222656,40.2049560546875,32.74198913574219
cb3e29917e9f7b99822d2813,pipe_fryum,evaluation,56.90990447998047,56.2866325378418,55.041542053222656,47.304080963134766,35.282169342041016
bf73f2ad1ca1f8a863c4c74e,pipe_fryum,evaluation,42.465126037597656,41.5528450012207,40.90673828125,35.128414154052734,29.347986221313477
8fdc0decf27dd16474875aee,pipe_fryum,evaluation,48.57720947265625,46.66325759887695,45.07649230957031,38.03215408325195,30.99488067626953
6d97b059a95c16c2ec2f72b8,pipe_fryum,evaluation,48.2106819152832,46.77861785888672,45.631046295166016,38.64546585083008,30.66689682006836
3bd90d4365f1e8cd9f5a7f7c,pipe_fryum,evaluation,59.54259490966797,58.1600456237793,55.695133209228516,43.8316650390625,32.684783935546875
71d17a00bca4cf9fd77446b8,pipe_fryum,evaluation,57.59491729736328,56.37705612182617,54.50826644897461,44.55331039428711,32.82704162597656
0c4d03db8dfde3f3032d7099,pipe_fryum,evaluation,54.84640121459961,51.733253479003906,49.27692794799805,40.14863967895508,32.892696380615234
4b32ad4ec07b6614e21c6852,pipe_fryum,evaluation,41.08736038208008,40.64844512939453,40.100677490234375,36.58538818359375,31.12354278564453
c258d3a75fc25eb2c47648af,pipe_fryum,evaluation,59.85850143432617,57.26860046386719,54.81589889526367,42.40846252441406,30.753089904785156
48d85fa3550ce0d7862dfb05,pipe_fryum,evaluation,55.85163497924805,52.53355407714844,50.22430419921875,43.442447662353516,35.202842712402344
b84f34cda76ef08ff8e99f51,pipe_fryum,evaluation,52.84660720825195,51.512474060058594,49.534976959228516,42.47876739501953,33.62558364868164
6d936d7f701b0448f20b8956,pipe_fryum,evaluation,58.1811637878418,55.89180374145508,53.56830596923828,42.16217803955078,30.964868545532227
e021418646356481c77b8613,pipe_fryum,evaluation,51.12692642211914,49.451778411865234,47.44396209716797,40.99753189086914,32.208465576171875
bfb6d7405f02d93d1ad109f5,pipe_fryum,evaluation,57.473541259765625,55.2691535949707,52.99563217163086,41.8927116394043,32.7646598815918
3faee577018566a57ee7dc85,pipe_fryum,evaluation,70.08503723144531,69.73234558105469,68.71572875976562,61.21708679199219,43.221580505371094
e1b7deab408eee537147a175,pipe_fryum,evaluation,61.976524353027344,61.75052261352539,61.15135955810547,55.64155578613281,43.25355529785156
95da451e4152cd14590a84de,pipe_fryum,evaluation,66.39669036865234,65.92791748046875,64.71202087402344,56.73393249511719,41.175235748291016
4422f862d41ba0d8e8992654,pipe_fryum,evaluation,64.30585479736328,63.306644439697266,62.01515579223633,54.8452033996582,40.833614349365234
de0ea409166c9b6a3023fdcd,pipe_fryum,evaluation,70.06974029541016,69.10916137695312,67.71049499511719,57.8664665222168,43.48731994628906
1a8ba50ac8a59956b346085d,pipe_fryum,evaluation,67.22394561767578,66.64085388183594,65.6390380859375,60.816837310791016,46.95277404785156
d779115fd6d4617d2a54b54a,pipe_fryum,evaluation,61.76977157592773,61.16621398925781,60.110992431640625,54.4244270324707,41.794944763183594
2b2db9e826f5daf3cb3071ea,pipe_fryum,evaluation,70.05665588378906,68.85523223876953,67.35846710205078,57.83469772338867,41.289222717285156
c41e2548d6303abc53802db7,pipe_fryum,evaluation,64.61607360839844,63.67966842651367,62.28976058959961,53.55329895019531,41.17073440551758
2b648c40bebad7995a5ad986,pipe_fryum,evaluation,66.3519058227539,65.89656829833984,65.15962219238281,58.529937744140625,43.08747482299805
62119a98c3d5576e86d6a789,pipe_fryum,evaluation,51.68757247924805,48.904117584228516,46.39250183105469,35.36460876464844,27.991336822509766
8ed6c90ae60347ba4c72a07a,pipe_fryum,evaluation,50.90552520751953,49.18766784667969,47.47013854980469,39.37715530395508,31.7624568939209
0b7d763512126c93322f8af2,pipe_fryum,evaluation,43.73296737670898,42.97526550292969,41.93921661376953,35.37518310546875,28.29757308959961
c39c7f23ba46526d4f88e6d7,pipe_fryum,evaluation,51.99765396118164,48.8975715637207,46.31453323364258,35.77455139160156,28.66887092590332
dd75a67f4915e33534943c10,pipe_fryum,evaluation,47.11991882324219,46.18069076538086,44.27880859375,35.2200927734375,28.55861473083496
e1287049e1c0516f22255bc4,pipe_fryum,evaluation,52.39566421508789,50.04133987426758,47.816558837890625,37.345062255859375,29.39670753479004
057a07d881ec15a46279132e,pipe_fryum,evaluation,48.95788192749024,46.476844787597656,44.34589767456055,35.516719818115234,28.92463493347168
bdb30dc88493807718e7d1f6,pipe_fryum,evaluation,53.51795196533203,51.59226608276367,49.632049560546875,40.168941497802734,31.536230087280273
fd5e2c989bb909c18fe9c77c,pipe_fryum,evaluation,58.55208587646485,56.06018829345703,53.16531753540039,41.06032943725586,31.14960289001465
57bb6a0476ceb3509b91b43d,pipe_fryum,evaluation,51.775634765625,49.85801315307617,48.0908317565918,39.28815841674805,30.853565216064453
e0ddc332cd9e88be32f13168,pipe_fryum,evaluation,52.197242736816406,51.096275329589844,49.621334075927734,40.87797164916992,31.63290786743164
771d685ed94af1f169c48a71,pipe_fryum,evaluation,52.952632904052734,50.35871887207031,48.25398635864258,38.676239013671875,29.347536087036133
496a39db40d0871f481f064c,pipe_fryum,evaluation,45.75292205810547,43.798274993896484,41.92547607421875,35.37419128417969,30.041349411010742
a4f0decdaeb9a8df57c1a327,pipe_fryum,evaluation,42.961822509765625,41.8776969909668,40.361968994140625,33.497318267822266,28.94461441040039
901934e119123ecb36d9f0e3,pipe_fryum,evaluation,47.035743713378906,45.68634033203125,44.250728607177734,35.77876663208008,28.079349517822266
abc77e893b93053c28c53516,pipe_fryum,evaluation,54.98716354370117,52.631744384765625,50.25787353515625,39.75821304321289,31.02191734313965
dad09c8a3db135aa0ab0ca8a,pipe_fryum,evaluation,57.05084991455078,55.720359802246094,53.58317565917969,42.76573181152344,31.37061882019043
af76920517b7bf9e84ca4933,pipe_fryum,evaluation,52.66645431518555,50.687103271484375,48.97416305541992,42.84521484375,33.51210403442383
360090d515946477b25a2eba,pipe_fryum,evaluation,53.6580696105957,51.33260726928711,49.26741409301758,39.654457092285156,31.841323852539062
12ef41b8576c7c4e0df76fb2,pipe_fryum,evaluation,48.744606018066406,46.717132568359375,44.981689453125,37.021209716796875,31.46998405456543
9f5996b1113b389991f83b3b,pipe_fryum,evaluation,41.26121520996094,40.53895568847656,39.894527435302734,36.26837158203125,30.136993408203125
5b0010b9839800bf37045817,pipe_fryum,evaluation,51.36458587646485,49.9921989440918,49.14601135253906,45.49992370605469,36.67194747924805
7a5bf53731e0a9a669ef7889,pipe_fryum,evaluation,55.59098052978516,54.078311920166016,52.73571014404297,44.544212341308594,33.52759552001953
978319c9ebc05207a4478bce,pipe_fryum,evaluation,47.9724006652832,46.98317337036133,45.99626541137695,38.85993957519531,30.974637985229492
308a5df6dd48db5b057d2ee5,pipe_fryum,evaluation,41.55346298217773,40.84223175048828,39.824951171875,33.356693267822266,28.22145652770996
e72a2af22fa59baef68800fa,pipe_fryum,evaluation,47.622650146484375,46.74915313720703,45.652587890625,38.67277526855469,29.514524459838867
92219acf00c528a158b9b5cc,pipe_fryum,evaluation,46.46468734741211,44.76861572265625,43.89012908935547,38.831809997558594,31.1712646484375
a7b903f127fa92c66e04c9e3,pipe_fryum,evaluation,45.61004638671875,44.65822982788086,44.27243423461914,40.01568603515625,31.294185638427734
8d62649f443ae79817c13a24,pipe_fryum,evaluation,47.88259506225586,46.89826965332031,46.045166015625,41.08137130737305,32.52499008178711
56a9d5dc513156c13df1ea93,pipe_fryum,evaluation,52.78550338745117,51.29814147949219,50.06331253051758,43.11278533935547,32.50475311279297
33b64b0c0133325b4ea95503,pipe_fryum,evaluation,46.47329330444336,45.748294830322266,44.94854736328125,39.43592834472656,32.80475997924805
ec6dc1b1f43ad8c8911e025d,pipe_fryum,evaluation,48.46004104614258,47.28879928588867,46.71912384033203,40.353206634521484,30.764772415161133
4ec231856480e7aa7fca76be,pipe_fryum,evaluation,42.24253845214844,41.343849182128906,41.00830078125,36.71065902709961,29.447107315063477
259ee2c9ef0f9a9c45b411f3,pipe_fryum,evaluation,44.94454956054688,43.7139892578125,42.63427734375,37.68353271484375,29.557483673095703
fadb436ceeea2e435f8dca9e,pipe_fryum,evaluation,66.2337646484375,65.4418716430664,64.19586181640625,53.28923416137695,38.78127670288086
f57730953547b32edefd782d,pipe_fryum,evaluation,36.390724182128906,36.070068359375,35.60441589355469,33.3531608581543,29.0839786529541
fa2b4fefc6133cb7d6460db2,pipe_fryum,evaluation,52.86792755126953,52.05071258544922,50.96283721923828,42.802886962890625,31.80779457092285
8d1ddfce04bbda2df6c274e2,pipe_fryum,evaluation,43.05491256713867,41.91440200805664,41.29061508178711,36.588470458984375,29.740720748901367
715b3f75141c544aed0e386f,pipe_fryum,evaluation,45.39825439453125,44.396141052246094,43.31896209716797,36.79045867919922,29.25412940979004
985b2d3e9e0d6f16160f4fc4,pipe_fryum,evaluation,39.05956268310547,38.607181549072266,38.17882537841797,35.51721954345703,30.195762634277344
e779547ac415b9900bd04058,pipe_fryum,evaluation,52.8350944519043,52.38897705078125,51.725135803222656,50.4950065612793,48.295631408691406
92c4dce718327918dcb3afe1,pipe_fryum,evaluation,53.97289657592773,52.97563934326172,52.57040023803711,50.11908721923828,45.811424255371094
927b327bf71e71304da94c00,pipe_fryum,evaluation,51.00768661499024,49.94496154785156,49.28564453125,47.24264144897461,43.169063568115234
dbffe09b728470ee63402d0d,pipe_fryum,evaluation,62.69874954223633,61.79869079589844,60.72142791748047,55.21245574951172,50.496334075927734
8739060da5262e8b525be173,pipe_fryum,evaluation,60.54819107055664,59.796592712402344,58.353641510009766,52.267906188964844,46.07412338256836
9324dd2f3bff7d261313254b,pipe_fryum,evaluation,56.02255630493164,55.27218246459961,54.12720489501953,49.93659591674805,44.338783264160156
8d602a6fd0e112599dd329b7,pipe_fryum,evaluation,60.01988983154297,59.14231872558594,57.780513763427734,54.27371597290039,50.743621826171875
de49fabd2dc494b1cb0f31f4,pipe_fryum,evaluation,55.436126708984375,54.35304260253906,53.40744400024414,50.01411056518555,45.14229965209961
013f6d6986ec962ab26302b8,pipe_fryum,evaluation,57.99342727661133,57.7027587890625,56.60581588745117,51.963504791259766,47.80557632446289
9c93f059c631dc3ee1e97869,pipe_fryum,evaluation,50.5637321472168,50.096351623535156,49.52068328857422,45.786705017089844,41.49112319946289
