image_id,category,split,D,contrast,standardized_contrast,D_z,contrast_z,standardized_contrast_z
380098d5d0df7c3e5cff93b3,candle,calibration,35.53310012817383,5.055025100708008,1.7849736213684082,2.1710479859041416,2.1602593351407924,0.8047019767151098
f6be679c5895210d92f225a8,candle,calibration,32.28073501586914,4.291181564331055,1.7714569568634033,1.088025009694372,1.322079537736079,0.6290681697891954
5e54cd215840db218ecaebc7,candle,calibration,26.98093032836914,2.632669448852539,1.7192976474761963,-0.6767861501201546,-0.4978368230656204,-0.048683214134677674
9eb04cad270ff79e42487352,candle,calibration,28.105472564697266,3.199308395385742,1.6722006797790527,-0.3023186356784426,0.12394668990297955,-0.6606551786865306
ef8c958a7be8baa6b876909f,candle,calibration,27.963428497314453,2.4669055938720703,1.6575862169265747,-0.3496186722050498,-0.6797326011507117,-0.8505536366979471
ada04767902d8f2fdbb4dfe6,candle,calibration,29.83225440979004,3.6189517974853516,1.82535982131958,0.27269196385789096,0.5844292429431286,1.329475084908264
374d1b7e63e3e8805e3ad727,candle,calibration,29.53773498535156,3.476978302001953,1.7196156978607178,0.17461831818994747,0.4286390712470388,-0.04455050818439863
7979bb1186c1491bf79e60f3,candle,calibration,28.55438041687012,2.5678272247314453,1.7109220027923584,-0.15283433692464543,-0.5689894082336229,-0.15751526813265576
4f3aa4924e256e829a1ff63b,candle,calibration,36.80036544799805,5.109336853027344,1.6677559614181519,2.5930416461887607,2.2198566366662327,-0.7184092796446093
e7061b36fe7484d083d41a4c,candle,calibration,29.37848472595215,2.9490127563476562,1.5876322984695435,0.1215886969938479,-0.15070739569066283,-1.7595258911653184
409b59d1b05a0599ae1ff2e2,candle,calibration,31.050281524658203,3.347391128540039,1.7259933948516846,0.6782895230181362,0.2864406423466017,0.03832046945425534
51c10aeb7a24d9378ed3359d,candle,calibration,31.453622817993164,3.8213558197021484,1.5819278955459595,0.8126003623157521,0.8065309617588154,-1.8336481719497086
e368f26497632eb606d2765c,candle,calibration,26.346275329589844,2.3669471740722656,1.7166728973388672,-0.8881234145139716,-0.7894188445587451,-0.08278888115613343
41895d6b97653c22ec1c985c,candle,calibration,28.232318878173828,2.516622543334961,1.7565975189208984,-0.26007938295036376,-0.6251772627288634,0.43598653684231287
28023ea0a103af5b6d8c691c,candle,calibration,29.91731834411621,3.1978893280029297,1.7901740074157715,0.3010178719711903,0.12238952072528236,0.8722751267806919
b07b40e908edd0013ce1534a,candle,calibration,29.852758407592773,3.2867279052734375,1.651402473449707,0.27951970304390755,0.21987375296937145,-0.9309044072222443
1dd3bc2747366c4eb6b20337,candle,calibration,32.09356689453125,5.01640510559082,1.679940104484558,1.0256988658502968,2.1178808922509904,-0.5600900855793468
32af7e9c3515f7af9bb99b62,candle,calibration,27.655235290527344,3.018321990966797,1.6263631582260132,-0.452245625986904,-0.0746530763638339,-1.2562620613925446
f2f14b25e8bfd1c2df4df386,candle,calibration,26.895896911621094,2.7810916900634766,1.7436503171920776,-0.7051018960169911,-0.3349703220821728,0.2677522562749004
0dda1a135de067aabc798673,candle,calibration,28.223852157592773,2.4350433349609375,1.771172046661377,-0.2628987628802919,-0.7146956537225284,0.6253660831245902
38388c206a95973c3f970bab,candle,calibration,26.29015350341797,2.4169692993164062,1.8202245235443115,-0.9068117305892602,-0.7345286310449191,1.262747683511667
b5e6006b7e7d306ecd29b8c3,candle,calibration,29.11222648620605,3.0287036895751953,1.7921746969223022,0.03292589890908654,-0.06326104432861102,0.8982718299154494
03d45ac46432e3ce12e9c228,candle,calibration,33.050270080566406,4.544933319091797,1.710006594657898,1.3442767303001284,1.600526083746371,-0.16940996415671603
66b75ddaa7644fa98b36d8d5,candle,calibration,26.385255813598636,2.6558456420898438,1.722293734550476,-0.8751430883981918,-0.47240515279922435,-0.009752442527345147
448d37cae11c1c3ebcadf87d,candle,calibration,29.2346305847168,3.1737442016601562,1.696287989616394,0.07368591400328561,0.09589462204185654,-0.34766776054281506
d2ed04aa053eec8f77042bf5,candle,calibration,29.95363426208496,3.29461669921875,1.9486390352249146,0.3131109095620513,0.22853027409699997,2.9313493968001376
24c93f8bdc5630c40b583c23,candle,calibration,29.26721572875977,2.8676395416259766,1.6952929496765137,0.08453662063155608,-0.23999974599724275,-0.36059718204468133
9ecd1c8ba159d53d2fbd2dee,candle,calibration,26.727523803710938,2.246797561645508,1.6083773374557495,-0.7611693847969725,-0.9212612612397659,-1.4899675122749663
ede64eb3ca357db1b75dd938,candle,calibration,27.243083953857425,2.391551971435547,1.696645975112915,-0.5894901701496545,-0.7624195402680276,-0.34301614286339677
d912751a5b94c6c655d0fd34,candle,calibration,32.69359588623047,5.199605941772461,1.774608850479126,1.2255058253898863,2.318910595903968,0.6700234716352891
b4b193c78ebc505b1d14eb68,candle,calibration,31.893423080444336,3.4459266662597656,1.8460878133773804,0.9590518745938987,0.3945655306382883,1.5988119581948343
f0877727b7c3ffd0d6f59114,candle,calibration,30.253719329833984,3.5809249877929688,1.6756536960601807,0.41303788945741654,0.5427017135133584,-0.6157871275037035
ee92674a4bc0f08f4c96a6a4,candle,calibration,33.83137130737305,4.915454864501953,1.754941463470459,1.604379930945327,2.0071063047940285,0.4144679644805151
81ca1c8faddb2d3b3b0e7918,candle,calibration,29.03742027282715,2.7456283569335938,1.7269328832626343,0.008015765804383476,-0.3738849007393287,0.05052806150603537
bcde48a4be13c3c82c774c27,candle,calibration,35.48735427856445,6.075939178466797,1.669357419013977,2.1558148234262418,3.2805274451810575,-0.697600144811008
af992824cd5a264abb5fc47f,candle,calibration,30.979677200317383,4.320837020874023,1.8605815172195435,0.6547786000926686,1.3546210247990307,1.7871412890969431
8dce5409b4acc9ad238bda5b,candle,calibration,29.029077529907227,2.8627243041992188,1.6641037464141846,0.005237669878835889,-0.24539332794741167,-0.7658656935121877
730258815fa38b1e598f7883,candle,calibration,26.477441787719727,2.461122512817383,1.7929611206054688,-0.8444455730178623,-0.6860784841436927,0.9084905185039018
958702dcb905072c6597cc0c,candle,calibration,28.586790084838867,3.891317367553711,1.7899649143218994,-0.14204206304103786,0.8833010765947471,0.869558197906333
78206fed1fa02dbff8a87a77,candle,calibration,25.514352798461918,2.123411178588867,1.7364983558654785,-1.1651498812625563,-1.0566554468650773,0.17482058705189019
0cb264047a386dc042459bb5,candle,calibration,28.90778923034668,3.2026538848876953,1.6958507299423218,-0.03515078917593573,0.1276177580987872,-0.3533494567293306
cf5faca9287456a5ed598e01,candle,calibration,26.760372161865234,2.4871044158935547,1.6847926378250122,-0.7502310290517095,-0.6575680560004249,-0.49703688902310295
5b68c80e7bea5147eed2f155,candle,calibration,31.26457405090332,3.9900588989257812,1.7224787473678589,0.7496479718821502,0.9916520055735187,-0.007348409680706064
018907bf1dcc6fa36230be24,candle,calibration,28.854780197143555,4.185842514038086,1.8766556978225708,-0.05280255917200765,1.2064890278626101,1.996007132551076
cbdd67cd19c7fbb60c058fab,candle,calibration,38.74264144897461,5.310722351074219,1.6541703939437866,3.2398108318623353,2.4408407098624436,-0.8949384029270685
f354705c3cd03bca9ccb6073,candle,calibration,27.19576644897461,2.1804733276367188,1.7486152648925781,-0.6052466867753952,-0.9940400835731861,0.3322661506239153
2fb1025316c6a72a5b1a6459,candle,calibration,29.319860458374023,3.1450138092041016,1.7898187637329102,0.10206707916860083,0.06436822510146292,0.8676591358767071
49bb0092a4a460b1f0a34fc1,candle,calibration,26.36130142211914,2.374174118041992,1.618253231048584,-0.8831197931830471,-0.7814885837868437,-1.3616414161539516
1eacea85f68939f737504131,candle,calibration,26.20191192626953,2.5010147094726562,1.7971519231796265,-0.9361957794917599,-0.6423040307142077,0.9629452702587967
ea7324d84d9a77b023a80556,candle,calibration,27.100008010864254,2.2946510314941406,1.6861159801483154,-0.6371338166204161,-0.8687507538483077,-0.4798415484106413
68f60c1f1d771ddfcae1d3d1,candle,calibration,27.488325119018555,2.6099929809570312,1.8494375944137573,-0.5078259635151947,-0.5227201353689026,1.6423385838330806
4a31eb32a2d6a573f21182c3,candle,calibration,29.224529266357425,3.0042076110839844,1.7049973011016846,0.07032222035406294,-0.0901410493678114,-0.23450008287361093
9a90effcb61b02ad58c8e0c6,candle,calibration,27.11190414428711,2.246450424194336,1.6608866453170776,-0.6331724576154675,-0.9216421816568908,-0.8076682930175028
4616c9fc2bca6b5444db9701,candle,calibration,38.56874465942383,6.227210998535156,1.8432443141937256,3.1819039819025674,3.4465208423358487,1.5618638940898846
3e8166e4ca9fda8b6c05f63c,candle,calibration,32.32526016235352,3.720151901245117,1.7262393236160278,1.1028516835137576,0.6954780093816472,0.041516036311611285
1407a172b880c651154bb622,candle,calibration,25.742889404296875,2.2844200134277344,1.6433956623077393,-1.0890482178644811,-0.8799774413068665,-1.0349438854293065
d176ba5ab844dd991a3851df,candle,calibration,25.238008499145508,1.8138446807861328,1.7104573249816895,-1.257171291888309,-1.3963485542288008,-0.16355323207350572
a72ebfc22b18abd990fa1837,candle,calibration,28.535663604736328,2.8863964080810547,1.7964402437210083,-0.15906695130905413,-0.2194174856565516,0.9536977985484647
46b0e12d6e07e7f1aaadf6c3,candle,calibration,28.99761962890625,3.2411766052246094,1.7236098051071167,-0.005237669878835889,0.16988945955302143,0.007348409680706064
e09faa3254cd17c2f340361c,candle,calibration,29.239490509033203,3.2980594635009766,1.7420158386230469,0.0753042469750026,0.23230808372837555,0.24651405114586142
e7584ece1238dd0f168e9cd6,candle,calibration,26.506271362304688,2.7157821655273438,1.6267977952957153,-0.8348454541530586,-0.40663568473476647,-1.2506144429912263
7d20f6536960e35f4eb70a0b,candle,calibration,32.01567840576172,4.5497283935546875,1.6281368732452393,0.9997623488828388,1.6057878086290736,-1.2332146356675815
63f8e27719f8e494afb5c4f4,candle,calibration,28.87405776977539,2.6814136505126953,1.602140188217163,-0.04638321406009419,-0.4443488989994516,-1.5710122304250975
bb68f2e3a02a08bfb64c976d,candle,calibration,27.098371505737305,2.824371337890625,1.6504859924316406,-0.6376787654782384,-0.2874787551317332,-0.9428130441584307
ccab445f214890acc8616d16,candle,calibration,32.81429672241211,4.734464645385742,1.6310129165649414,1.2656986617777468,1.8085023525885653,-1.1958436972281392
dd9041ae3b8cf040e1a6e9c0,candle,calibration,27.78243637084961,3.0819225311279297,1.7392477989196777,-0.40988823749244385,-0.0048630142263164445,0.21054649786044935
2e80f741e604873cc90e0eda,candle,calibration,30.237796783447266,3.300699234008789,1.7263292074203491,0.40773575301789405,0.23520475327398432,0.042683974949733625
35555342b9e396a1963cb9ad,candle,calibration,26.739181518554688,2.5481338500976562,1.5939432382583618,-0.7572874181081415,-0.5905993165128212,-1.677522348058957
eea827c68098c31d38f7f73a,candle,calibration,26.854766845703125,2.7728195190429688,1.9367997646331787,-0.718798023254876,-0.34404753004409855,2.7775114314883074
91b1b293e0f955082fca04f5,candle,calibration,26.26393699645996,2.476459503173828,1.7924044132232666,-0.9155417096694275,-0.6692489178024787,0.9012567341006772
4f00350f4809acd0fd306558,candle,calibration,39.80685806274414,8.09907341003418,1.6918708086013794,3.594190184910993,5.500550472908617,-0.4050640447563232
6a2be6ac3069e965f9402809,candle,calibration,26.99471664428711,2.6940174102783203,1.7082345485687256,-0.6721953688330358,-0.4305185577007647,-0.19243570401837193
bd876f0e8afe8f5f505c430f,candle,calibration,33.114776611328125,4.854499816894531,1.7484488487243652,1.365757115348601,1.9402191911100946,0.33010376025412913
ad1bbd45e7b9d377171f5ef4,candle,calibration,27.613744735717773,2.5151290893554688,1.7322113513946533,-0.4660617944067569,-0.6268160577102302,0.11911580017635237
7520ff5bc199413fa9806d90,candle,calibration,28.19681167602539,3.349203109741211,1.849920630455017,-0.2719031218049577,0.28842896320522043,1.648615092270311
c71910f1a1324611e19ab730,candle,calibration,32.10636520385742,3.3754405975341797,1.6877752542495728,1.029960645379429,0.31721984923801966,-0.45828115331246516
af4739aaf0337cbb70b773f4,candle,calibration,26.152931213378903,2.2962913513183594,1.8599066734313965,-0.9525061369147291,-0.8669508002289266,1.7783724553696083
11b7553dab9fb5b3074cafdd,candle,calibration,27.42958068847656,2.223857879638672,1.7839910984039307,-0.5273875950677657,-0.9464334033098791,0.7919351991880484
3a8a0b54a7eedf424bceb3c5,candle,calibration,33.160064697265625,4.213676452636719,1.723932147026062,1.380837844579557,1.2370317292203188,0.011536879279489622
cb04a07f41c5507c4760003b,candle,calibration,26.49471092224121,2.308656692504883,1.6707921028137207,-0.838695028776914,-0.8533820800958474,-0.6789580473179013
716a512d04c9ac13b1bd61e9,candle,calibration,35.803009033203125,5.5115966796875,1.6976120471954346,2.2609264391332773,2.661263867279591,-0.330463125988936
d4dc2cc9ed7c1506a8ed8334,candle,calibration,35.51353073120117,4.153387069702148,1.9801017045974731,2.1645314645973017,1.1708750618307615,3.340171291869571
fde249f4c7e4850325128999,candle,calibration,30.59853172302246,3.582958221435547,1.7280281782150269,0.5278588678562319,0.5449328188136611,0.06476018379657654
5c978ff781b668c77d23f69f,candle,calibration,26.34650993347168,2.3230552673339844,1.6912205219268799,-0.888045292474913,-0.8375822546624654,-0.41351378649499343
fe4605f0f6d168ee2af8dced,candle,calibration,30.821311950683597,4.078485488891602,1.7507076263427734,0.6020436831739934,1.0886841564434377,0.35945402725033876
a0ebaa9fed0b9b31264be499,candle,calibration,27.64854621887207,2.813669204711914,1.7197909355163574,-0.4544730568078677,-0.2992224060135329,-0.04227349253713094
e00fa1ad8866373e4bb7d5d4,candle,calibration,25.548141479492188,2.165752410888672,1.737505316734314,-1.1538984022225311,-1.0101936208224696,0.1879049075773801
4b64c6c4d511dd2981168b64,candle,calibration,35.45496368408203,4.611185073852539,1.5826127529144287,2.1450289009279224,1.6732253732454463,-1.8247492230425297
3a9e7bbb83efa89926c297da,candle,calibration,29.05695533752441,3.0907859802246094,1.8416876792907715,0.01452085461770154,0.0048630142263164445,1.541637179585108
c0110b29b1056478d6dde485,candle,calibration,30.517986297607425,3.8397979736328125,1.8217562437057495,0.5010376029179731,0.8267678821609044,1.28265065905707
0b8725cbe33f5e0feb795a4a,candle,evaluation,28.930095672607425,2.5225563049316406,1.7451188564300537,-0.027722844080077434,-0.6186660351592183,0.2868342669950981
a1a087923eb10c04ecb17a9a,candle,evaluation,29.390295028686523,4.007024765014648,1.7395437955856323,0.12552147476499345,1.0102689677181647,0.21439264061702465
909d10fa96bc614abc3d5fc3,candle,evaluation,30.33847999572754,3.9865455627441406,1.618900179862976,0.4412628105446157,0.9877967560771233,-1.353235046141896
dc194af351555f8b101b5c78,candle,evaluation,25.924165725708008,2.4706802368164062,1.7580186128616333,-1.028684016936276,-0.67559061485681,0.4544520494484885
152d0fd95c8887703acb0d8a,candle,evaluation,30.16476249694824,3.247661590576172,1.661909580230713,0.38341566360656626,0.17700555525755163,-0.7943764078003571
9eca56e5803170da4e9503df,candle,evaluation,26.139305114746094,2.2472095489501953,1.8470115661621094,-0.9570435665654164,-0.9208091798655957,1.6108150835354311
ec483234a76471d72864355e,candle,evaluation,28.1083984375,3.254425048828125,1.7489933967590332,-0.3013443331750612,0.18442722448351165,0.3371795476532576
3a0fabced1a25417899bd736,candle,evaluation,28.86948776245117,2.9931259155273438,1.7600904703140259,-0.04790500597541591,-0.10230120114525859,0.48137349975427923
8d25fc54361deba2c55ee409,candle,evaluation,27.72480773925781,2.9526805877685547,1.5800777673721313,-0.4290783130055897,-0.14668261567895352,-1.8576885004160995
f05e6ebb49d2f51bd53bb05a,candle,evaluation,27.195743560791016,2.936368942260742,1.7542487382888794,-0.6052543084377423,-0.16458168934517184,0.4054667822177447
b3bca572e4dba600e0a32bfc,candle,evaluation,28.5707950592041,2.783550262451172,1.8024466037750244,-0.14736833474465974,-0.3322724846224259,1.0317436716012418
cfe2dced92b00134864bc208,candle,evaluation,28.381654739379883,3.3803672790527344,1.6104689836502075,-0.21035121182765038,0.32262598900413775,-1.4627889295899603
28a912bcbfc060adbd6b5c80,candle,evaluation,25.77560043334961,2.4123058319091797,1.7311822175979614,-1.078155592093301,-0.7396459410442061,0.10574336746692246
fb70680edc9f094d41952baa,candle,evaluation,29.516101837158203,3.265859603881836,1.8690011501312256,0.16741457699480444,0.19697457558605827,1.8965449204920926
07e83d7d169ce5da90f06bcb,candle,evaluation,26.090246200561523,2.4726810455322266,1.666495442390442,-0.9733799646680706,-0.6733950900350301,-0.7347883024025743
afaf5ae38dde29fa24f94147,candle,evaluation,25.89676856994629,2.195383071899414,1.6527122259140015,-1.037807146765852,-0.9776793423607413,-0.9138856514967136
4de6dd383f983d0681a2c5b6,candle,evaluation,29.252485275268555,3.0546932220458984,1.6901450157165527,0.07963144577261479,-0.03474224430804382,-0.4274887764063193
d336f3be70c17478dbd137f3,candle,evaluation,31.88187789916992,3.043008804321289,1.6935538053512573,0.9552073810782735,-0.047563774392147345,-0.38319540060113594
916d5945c5ab5f827e9f47e0,candle,evaluation,34.966487884521484,5.330099105834961,1.6749157905578613,1.9823686533914369,2.462103185233715,-0.6253753770660075
090458eedba8b03d5dceaeaa,candle,evaluation,30.974384307861328,3.6226673126220703,1.689391016960144,0.653016090674883,0.5885063471879594,-0.4372861396505153
206dcc79be4ebd28bb821bd5,candle,evaluation,24.720333099365234,2.6878433227539062,1.6428099870681763,-1.429554875164211,-0.43729349940534246,-1.0425540744599366
6a235ff1c591fcaab5ee145e,candle,evaluation,35.6618766784668,5.494363784790039,1.6371923685073853,2.2139299988234993,2.6423538894294647,-1.1155486903523464
96ac46ea894fc675101cd534,candle,evaluation,25.91240882873535,2.2581424713134766,1.8161746263504028,-1.0325990108286116,-0.9088122796954878,1.2101238382160036
89a0283a97650b8c4ad2ca4b,candle,evaluation,25.96536064147949,2.1726322174072266,1.7210057973861694,-1.0149662949884088,-1.002644280467693,-0.02648773303964454
b9a614a2ab5ee2eb824a20f3,candle,evaluation,27.248231887817383,2.6872806549072266,1.8397059440612793,-0.5877759312600688,-0.43791092535617665,1.515886765897912
d89308a0403f81bc92e6cc97,candle,evaluation,28.1000919342041,3.3938732147216797,1.7814691066741943,-0.30411036146855913,0.3374463047934843,0.7591647617502285
5a0c81242b700a179e91dac6,candle,evaluation,27.93547248840332,3.0381736755371094,1.8942722082138062,-0.35892789762360283,-0.05286945163067207,2.224913811681637
a65615a3920be0ea2ad00971,candle,evaluation,25.037548065185547,2.1692447662353516,1.74668550491333,-1.3239237161405095,-1.0063613939886475,0.3071910966797185
c28fcb490c44e8fae22a6fb5,candle,evaluation,30.27140235900879,3.17340087890625,1.8052107095718384,0.418926258759143,0.09551788756338142,1.0676601082088581
516898df19f1c090a7b218ab,candle,evaluation,36.240177154541016,5.78265380859375,1.8325773477554321,2.4065014602414982,2.9586999239743546,1.4232586987612041
5c62a5405c5217938000e6eb,candle,evaluation,26.888093948364254,2.7067203521728516,1.9418450593948364,-0.7077002477388522,-0.41657938199718497,2.843069345256546
760008f6fc093a45ece0ac35,candle,evaluation,32.53328323364258,4.685520172119141,1.655730128288269,1.1721224320331705,1.754794666743286,-0.8746714146761498
a8da42aff1066a23c4b4e677,candle,evaluation,32.00968933105469,3.8571300506591797,1.6931627988815308,0.997768013901993,0.8457866944159238,-0.3882760885759917
8f3b4e408c485524a4fc1ae7,candle,evaluation,30.5862979888916,4.345335006713867,1.8142703771591187,0.5237850893316635,1.3815031228075558,1.1853802681823613
49394ccb1efc6c22a2987367,candle,evaluation,25.728126525878903,2.601062774658203,1.7966642379760742,-1.093964190078414,-0.5325194177479057,0.9566083512023531
702376d1e341046ee522ec4d,candle,evaluation,29.754688262939453,4.0416107177734375,1.7716894149780273,0.24686278530182243,1.048220780485884,0.6320887007498567
2a261e3bdfd586d154d91f87,candle,evaluation,27.929128646850582,2.8587703704833984,1.7868691682815552,-0.3610403683708311,-0.24973205335785023,0.8293324704615067
3805625b1dd1455114f818a2,candle,evaluation,30.363941192626957,3.151580810546875,1.6293994188308716,0.44974127476732717,0.07157431848696218,-1.2168092800756005
e709091228608972ecc7e643,candle,evaluation,26.85365295410156,2.308469772338867,1.7403665781021118,-0.7191689441557733,-0.8535871910896837,0.22508377122752912
22dec60b6af2e8c94be95e24,candle,evaluation,41.04605484008789,5.947975158691406,1.664945363998413,4.006837146603852,3.1401101331760777,-0.7549298224443579
2e8106dd75db3fc5e984bc53,candle,evaluation,28.36395835876465,2.4711971282958984,1.6975092887878418,-0.2162440270990794,-0.6750234201697726,-0.33179835557257187
57182add803c888ac5d8e2e3,candle,evaluation,27.8413143157959,3.3676605224609375,1.7745274305343628,-0.39028214624284885,0.3086826273619083,0.6689655113039396
14332dc2dfe6114dc398c392,candle,evaluation,25.76188087463379,2.0837860107421875,1.6362698078155518,-1.0827241435319073,-1.1001368845890815,-1.127536325790581
f9206903efac692c7ab0dbbe,candle,evaluation,29.616565704345703,3.3897552490234375,2.053677558898926,0.20086859359069895,0.33292758402110767,4.296206516684516
b3386a528d7b3fac2db43a74,candle,evaluation,31.90389060974121,4.303607940673828,1.6393685340881348,0.9625375148406763,1.3357152328875537,-1.0872718735898488
2f58b6308449872980d0f985,candle,evaluation,28.21108055114746,3.037996292114258,1.7291896343231201,-0.2671516504700191,-0.05306409777788421,0.07985199566822898
8291aa6161af6b7c51bf52b5,candle,evaluation,28.832738876342773,3.588878631591797,1.7443791627883911,-0.06014222001234325,0.5514293955980322,0.2772227825792505
6bd63112425bda2aedb01901,candle,evaluation,28.29262924194336,2.937559127807617,1.6431111097335815,-0.239996302665541,-0.16327567648645805,-1.0386413251232032
b6338bb1621a91b22b7f99bf,candle,evaluation,29.59543228149414,2.8088912963867188,1.7387776374816895,0.19383125869013487,-0.3044652941723117,0.20443728036873252
6993e24e4599200daa428d22,candle,evaluation,28.5013484954834,3.205608367919922,1.8054139614105225,-0.1704937285830657,0.13085976758299817,1.0703011365616415
0397572d12c4b5519744c5d9,candle,evaluation,28.700082778930664,3.0912303924560547,1.868659496307373,-0.10431610469954826,0.005350676079009249,1.8921055144750387
0405531b175ece4bbd28c84e,candle,evaluation,28.52030563354492,3.5867576599121094,1.6895091533660889,-0.16418108674401397,0.5491020137087859,-0.4357510903264049
e946de8546afa425662408aa,candle,evaluation,33.09503555297852,4.853693008422852,1.7154769897460938,1.3591834315741596,1.939333865085678,-0.09832835120605823
60b8d7bc2f2600871270d2fd,candle,evaluation,32.137081146240234,4.874683380126953,1.7463630437850952,1.0401889162493463,1.9623669925057823,0.3030010780906987
c74baf36c749fec2d845d29c,candle,evaluation,33.08412551879883,4.471433639526367,1.6076759099960327,1.3555504391886675,1.5198735108128207,-1.499081770824982
fbd6177374b723bb9d4072ea,candle,evaluation,31.18290328979492,3.846162796020508,1.7306441068649292,0.7224519752118193,0.8337521207979682,0.0987512255405508
f99d4cd59929cee55b694315,candle,evaluation,27.179759979248047,2.5744285583496094,1.7626441717147827,-0.6105767693101907,-0.5617456414002762,0.514555968594938
2c5663c18239325c54e74b87,candle,evaluation,28.11917495727539,2.6022872924804688,1.7946511507034302,-0.29775580048659667,-0.5311757314413443,0.9304505530830269
44575a057dce2cd30505a81e,candle,evaluation,34.51769256591797,4.641096115112305,1.7712222337722778,1.832921827810848,1.7060473181979294,0.6260182080140457
528a606734c2cd1b788abba8,candle,evaluation,29.243520736694336,3.679004669189453,1.7861500978469849,0.07664629468663545,0.650326382136403,0.8199889613565281
1c17d2c430226e43ea124d85,candle,evaluation,27.87546730041504,2.782693862915039,1.7492095232009888,-0.37890935574379647,-0.3332122278492889,0.33998786695155436
dc446dd7514e9f7edb5d6d55,candle,evaluation,28.59191131591797,3.3360633850097656,1.654901385307312,-0.14033671609085605,0.27401049752624734,-0.8854399947984661
643ae60e1cbd975cd01427a4,candle,evaluation,26.157262802124023,2.3572044372558594,1.848268747329712,-0.9510637373155238,-0.8001097318701393,1.6271507345667815
0376a84cc136cb65b92d2401,candle,evaluation,28.044506072998047,2.7664127349853516,1.815670132637024,-0.3226202036172178,-0.3510778140063094,1.2035685115362507
171adaf8191f9b9b11622eaa,candle,evaluation,27.63681983947754,2.7491931915283203,1.5862929821014404,-0.4583778884837403,-0.3699731410711619,-1.7769287964694358
c85954fed5c188fc6118390d,candle,evaluation,29.185544967651367,3.2230987548828125,1.705463171005249,0.05734062396122518,0.15005229629198105,-0.2284466290303986
7ec7b3c03939cbd21a14b77c,candle,evaluation,30.045360565185547,4.178411483764648,1.6812936067581177,0.3436553565569093,1.1983348193729486,-0.5425028504371173
826de035097f12d7b1455ba7,candle,evaluation,28.741670608520508,3.1830692291259766,1.9025193452835083,-0.09046754421471982,0.106127149071106,2.332076054204952
eb7e63212f062d77c0c998be,candle,evaluation,34.53713607788086,3.8740196228027344,1.6372544765472412,1.8393964299747785,0.8643199377875752,-1.1147416664392673
e75bcc9cf5db48399993a17e,candle,evaluation,28.28288078308105,2.775644302368164,1.8400417566299438,-0.24324249568691247,-0.3409478424739782,1.5202502713933903
2ad2206381d4bdca32f03741,candle,evaluation,34.89839172363281,5.042640686035156,1.7412421703338623,1.9596929376315146,2.1466696853144644,0.23646110451268637
d760362d2e715eda4018b3d5,candle,evaluation,29.398313522338867,2.7205543518066406,1.6150968074798584,0.12819159714062264,-0.4013990754839622,-1.4026555796290223
2bef5c91b8c706579aea7dcc,candle,evaluation,32.76003646850586,3.821535110473633,1.7136428356170654,1.2476302409066957,0.8067277008753524,-0.12216111498079336
ad0c9e6d1f91cf6216b5af90,candle,evaluation,30.622802734375,3.5927791595458984,1.7415997982025146,0.5359410056368887,0.5557095178673747,0.24110807522139596
25cf114d9f935bb74411ce61,candle,evaluation,25.17833137512207,1.897186279296875,1.7502468824386597,-1.2770435061815262,-1.3048962595789635,0.3534671799872846
3d5fde0649bf18fcee72d34a,candle,evaluation,27.337270736694336,3.069223403930664,1.6749770641326904,-0.5581263944524757,-0.018798003991246457,-0.624579196084582
81c1c4bbe1e6c8dc099759c3,candle,evaluation,28.13436508178711,2.8725147247314453,1.6588388681411743,-0.29269755724218405,-0.23465011640289593,-0.8342768472955737
c3756ba572dbab976479c83a,candle,evaluation,25.79759979248047,1.9238471984863281,1.6617227792739868,-1.070829904300602,-1.2756407343560447,-0.7968036755005398
34a077336b6fdfd91ed8d6ee,candle,evaluation,28.954835891723636,2.8399314880371094,1.6024466753005981,-0.01948446222130337,-0.27040431137951043,-1.5670297765277332
cbbad478715625d078a033d1,candle,evaluation,27.304473876953125,2.498027801513672,1.7401561737060547,-0.5690476014574576,-0.6455816206769412,0.22234980346057165
20410585cac5208e0a0f7532,candle,evaluation,29.32309341430664,3.6600170135498047,1.8227506875991821,0.1031436389751402,0.6294908725074035,1.295572335607755
40b567c425466876d29022d3,candle,evaluation,32.79729461669922,4.184957504272461,1.6730598211288452,1.2600370369308491,1.2055178900958743,-0.649491606053974
3a8f69b9a03aa2ff82aad84a,candle,evaluation,28.886234283447266,3.5516300201416016,1.836081862449646,-0.04232848969139373,0.5105557976528057,1.4687959137260855
4362c986c451ca0169a06bfe,candle,evaluation,30.425312042236328,3.753469467163086,1.7279611825942993,0.4701774920742348,0.7320379975483334,0.06388965128381162
6ddc20204206078e5ade3661,candle,evaluation,27.19183158874512,2.6028919219970703,1.780400276184082,-0.6065569775605802,-0.5305122601653631,0.7452765152921319
1c550c6a0bf286189a4768e1,candle,evaluation,29.61829376220703,3.940765380859375,1.6825612783432007,0.20144402909791115,0.9375613063417898,-0.5260308882649782
de51d0d277f1b6f2c304283c,candle,evaluation,26.68708229064941,2.426057815551758,1.7514327764511108,-0.7746362270259142,-0.7245556322119524,0.36887653485736555
e099ac47d5c45ed5af94be61,candle,evaluation,29.11203956604004,3.0623836517333984,1.7267569303512573,0.03286365533325241,-0.026303391990200955,0.048241751917350265
9ef8a36b8102484135fb8e79,candle,evaluation,26.307470321655277,2.116588592529297,1.7147725820541382,-0.9010453078850874,-1.064141998140108,-0.10748133451197985
872b6fd9d2acad667a7ab345,candle,evaluation,28.48531150817871,2.871337890625,1.6273999214172363,-0.17583397333432407,-0.23594147847633568,-1.2427904933079956
ef2b0a6652e72c192aee684f,candle,evaluation,31.276700973510746,3.723552703857422,1.6885545253753662,0.7536861826490996,0.6992097736878757,-0.448155404138187
9f6272e1413571f594aabe39,candle,evaluation,30.676048278808597,3.6775951385498047,1.6557804346084595,0.5536715328105494,0.6487796778053302,-0.874017740796458
954acf1771c25521baf56067,candle,evaluation,29.633155822753903,3.2864761352539062,1.7031151056289673,0.20639302851534636,0.2195974810184897,-0.2589570897135494
fff1bee28b7eae7e1c413d82,candle,evaluation,41.0404167175293,5.783973693847656,1.6805800199508667,4.00495967711233,2.960148258747159,-0.5517751059912291
ed7869948ab424bba1a010de,candle,evaluation,27.6412296295166,2.9843807220458984,1.8168904781341553,-0.45690944820485,-0.11189746549975005,1.219425524584604
f931ab0ec8d5f0a922d4963c,candle,evaluation,27.10198402404785,2.9411239624023438,1.7106966972351074,-0.6364758131044417,-0.15936391681829132,-0.1604428596791428
630088109ead89c8d371f7c6,candle,evaluation,29.00055313110352,2.926511764526367,1.7465018033981323,-0.004260826821337635,-0.17539815481605772,0.304804102725678
7e422b807c93d1f858ef804f,candle,evaluation,29.962596893310547,3.7341270446777344,1.663437008857727,0.3160954255095017,0.7108131956249097,-0.7745291959034586
ffe46cdf3d6a51b27ddb2abc,candle,evaluation,27.24099922180176,2.5967559814453125,1.639910340309143,-0.5901843765617769,-0.5372453424834436,-1.0802317129661538
b1b79079c4a2cdbae0fe1267,candle,evaluation,26.254467010498047,2.2785720825195312,1.7488927841186523,-0.9186951724655738,-0.8863944852568928,0.33587219989387396
ab47a8d0b593686af515ade9,candle,evaluation,32.12038803100586,4.68962287902832,1.7304900884628296,1.0346301838441354,1.759296643761064,0.09674993015533322
8f3a88920755ec17b08f4033,candle,evaluation,50.682010650634766,9.418468475341797,1.8687206506729126,7.215567156983647,6.9483473525965085,1.892900146466228
d9bcc5633b86b6332d42dc42,candle,evaluation,44.420936584472656,7.524200439453125,1.740716814994812,5.130657611081025,4.869731611364588,0.22963470454159202
8f927bcc86db94e9be1ad4dd,candle,evaluation,46.8554916381836,6.6005401611328125,1.6962909698486328,5.941353510517778,3.856181914229703,-0.3476290357869091
a9112c607ddd101d6418aa7f,candle,evaluation,48.69817352294922,9.251411437988281,1.7066906690597534,6.554958302764648,6.765032541309161,-0.21249667656787113
80a9e056efbc5959cfb71d76,candle,evaluation,42.1231689453125,6.111869812011719,1.7452590465545654,4.365511306385146,3.3199548013228046,0.2886558795129123
a735a47cf34fc010bfb48855,candle,evaluation,46.79696273803711,8.142337799072266,1.787394404411316,5.921863649618975,5.548025296104457,0.8361573214423649
cdb66e6b154c64f38bdd3655,candle,evaluation,46.5419921875,6.547920227050781,1.7740521430969238,5.8369596013484335,3.798441076495415,0.6627896872320646
937deb748bcb8d4db75d6577,candle,evaluation,47.325714111328125,8.08481216430664,1.6474329233169556,6.097935482332384,5.4849013412666245,-0.9824842330986843
89359a70ff88d4af7d1d0038,candle,evaluation,50.1988525390625,9.460426330566406,1.7823470830917358,7.054677675665823,6.994388491804819,0.7705730748401105
f74a61f2fb120b5eec42f95d,candle,evaluation,36.57020950317383,6.01991081237793,1.817812204360962,2.516400750179621,3.2190464712632414,1.2314023170911848
6e61d7dd6e997a7fdc6cd3a6,candle,evaluation,35.630615234375,5.038524627685547,1.6433335542678833,2.2035200783343076,2.142153057511413,-1.0357509093423858
dac420adaa0745b029dc1223,candle,evaluation,44.69741439819336,8.502655029296875,1.7626467943191528,5.222723481403802,5.943408131264104,0.5145900463801353
564b87f329cefaaca090bb92,candle,evaluation,34.05424880981445,3.97772216796875,1.6222474575042725,1.678597138328063,0.9781146799803125,-1.3097409492986107
28858dc685de10032ea5c704,candle,evaluation,42.51015853881836,6.770748138427734,1.7273412942886353,4.49437710307423,4.042954310841722,0.0558349020553817
8019ea1a39698cf472a4aba4,candle,evaluation,33.18792724609375,5.309553146362305,1.6238096952438354,1.3901159482101924,2.439557719666303,-1.289441432252731
2848f0f0cce91ec34d541f46,candle,evaluation,32.8975944519043,5.2542266845703125,1.6708310842514038,1.2934364316132554,2.3788469584600365,-0.6784515275106521
a30e98e9f5a93b1da26f8e0e,candle,evaluation,29.48824119567871,3.311033248901367,1.657334804534912,0.158137108502698,0.24654446107608566,-0.8538204571061699
ee2d487eb8d7c1feaa80ee8c,candle,evaluation,33.52000427246094,5.791347503662109,1.7164250612258911,1.5006961066513305,2.9682396781570746,-0.08600923185726916
d6724990c6bb9cbf1def5522,candle,evaluation,35.673492431640625,6.121097564697266,1.7459990978240967,2.217797992464694,3.330080586916486,0.2982720108994686
d124a32220cef1434c09435c,candle,evaluation,41.443660736083984,7.183311462402344,1.7026656866073608,4.1392381243449705,4.495667761747984,-0.2647967829041611
23e908cb5ae2243950b9b570,candle,evaluation,42.029598236083984,7.338367462158203,1.7981867790222168,4.334352680432811,4.665813610043301,0.976392054499566
7a3fed57e7f8a98a82e5da5c,candle,evaluation,38.85960006713867,5.71727180480957,1.804524540901184,3.2787575264564315,2.886955028487416,1.0587441204090808
f681e8e404a3867d86d046c0,candle,evaluation,49.40092468261719,9.77718734741211,1.545377492904663,6.7889712829183875,7.341976279461921,-2.3085794213114803
2fbf2833d60163d0ef245a37,candle,evaluation,48.73648452758789,9.059635162353516,1.6779444217681885,6.567715695256772,6.554592847571604,-0.5860217311241824
7f9133a19d90ab1a00004736,candle,evaluation,50.51592254638672,9.37387466430664,1.7219740152359009,7.160260564161325,6.899413729781239,-0.013906834340931502
7e1ce1f0bf66cadff14a2b82,candle,evaluation,44.9371337890625,7.699932098388672,1.7531113624572754,5.302548961997005,5.062565247141408,0.39068786637381203
5522c3c673d05e27a999e37a,candle,evaluation,38.26985931396485,6.72276496887207,1.6391348838806152,3.0823765041419025,3.9903014815361733,-1.0903078944528724
9513012dbaab06c2529c56e0,candle,evaluation,43.934608459472656,7.528770446777344,1.8152625560760498,4.968712529528117,4.874746365866957,1.198272513918558
cc2c3ce37c483eecd8d4939e,candle,evaluation,43.52002334594727,7.1012115478515625,1.866176724433899,4.830657548602451,4.405577990128632,1.8598446948249405
02bd8d596731ab3417010866,candle,evaluation,61.67417907714844,9.48421859741211,1.7286345958709717,10.875909877806263,7.020496191163145,0.07263989712831173
f40690fcf046f10a039f7d32,candle,evaluation,34.25187301635742,4.10264778137207,1.725056767463684,1.7444051115877421,1.1151978918507872,0.026150053168144977
0337f49d30789e965adb6aa3,candle,evaluation,35.488494873046875,4.795680999755859,1.770738124847412,2.156194636266543,1.8756762030700056,0.6197277586646892
2c0793530b61ae702a523af3,candle,evaluation,32.01007080078125,3.502643585205078,1.7899540662765503,0.9978950416077793,0.4568020664823795,0.8694172397948355
b9346d87212caa450aa83345,candle,evaluation,36.90105819702149,4.868120193481445,1.6534008979797363,2.626571879408129,1.9551650850589328,-0.9049371349019752
16371c78eea616c440a3b728,candle,evaluation,38.14155578613281,5.425168991088867,1.862581491470337,3.0396520055777176,2.5664251482621276,1.8131286982902834
35668050020a627f0adc5472,candle,evaluation,34.79178237915039,4.872045516967773,1.7005809545516968,1.924192504695402,1.9594724159294983,-0.2918855241554654
add583dcc62a5788ebcdb480,candle,evaluation,35.84305953979492,5.827032089233398,1.7753506898880005,2.274263077963787,3.0073970412559143,0.679662837875389
f0844f0c727e05164d32a48e,candle,evaluation,46.51112747192383,10.231239318847656,1.677793025970459,5.826681789673259,7.840215999122577,-0.5879889487242028
44432f9b6735f9e80a62743b,candle,evaluation,31.798748016357425,3.9522743225097656,1.6813349723815918,0.9275255034333134,0.950190283248006,-0.5419653508251433
a34a253dc1080c944e5fff96,candle,evaluation,38.07872009277344,6.73126220703125,1.6365259885787964,3.018728001880589,3.9996256598784328,-1.1242075457729086
b01dcc3fd008f4514189617a,candle,evaluation,41.7790412902832,8.07522964477539,1.8557652235031128,4.250918342718218,5.474386263378519,1.7245589855725152
1465cbb36ac902b4140e4c1d,candle,evaluation,42.58831787109375,7.5521697998046875,1.8353065252304077,4.520403809712796,4.900422913544362,1.458721281229603
88468c2928079c2e11f2b47a,candle,evaluation,46.83918380737305,9.376106262207031,1.6396207809448242,5.935923076095409,6.901862503891327,-1.0839942102499722
2b6509024bae3e6bccca7363,candle,evaluation,54.97867584228516,10.955215454101562,1.714821696281433,8.646337369722971,8.63464855169903,-0.10684315053465039
9ad360eac4e01158c2e380a4,candle,evaluation,52.05247497558594,10.952163696289062,1.6218410730361938,7.671925622514648,8.63129980077925,-1.315021457013941
d73bdd44d7fda01fe8275bc9,candle,evaluation,36.93112564086914,5.990509033203125,1.8089343309402466,2.6365842031782076,3.1867833491204967,1.116044367227942
ab9afeb16fd9a8853dee5274,candle,evaluation,31.5388126373291,3.319927215576172,1.6244243383407593,0.8409681895719608,0.25630397703791635,-1.2814548385946956
2b7947bcdf5eb1937e18cad7,candle,evaluation,40.0872802734375,7.906858444213867,1.8448312282562256,3.6875695217116005,5.289629396226342,1.582484052114665
668fafb002ba2bedb08a302a,candle,evaluation,35.15166091918945,5.43791389465332,1.6607389450073242,2.0440304423342495,2.580410369290854,-0.8095874919201999
be7a0a3a57e6b9b1acf92d0b,candle,evaluation,35.261905670166016,4.872703552246094,1.5718510150909424,2.080741449306506,1.9601944903465758,-1.964585865609018
d4fed7dfb047418fbb3c000e,candle,evaluation,30.737682342529297,3.4458084106445312,1.8304303884506226,0.5741953992344496,0.3944357665401469,1.3953613846065844
efee3baaddc2a0906e188def,candle,evaluation,33.29597091674805,5.033868789672852,1.612597107887268,1.426094005320062,2.137044119389425,-1.435136355892666
fbcbceba9fd9123d01f3030e,candle,evaluation,33.918060302734375,4.013641357421875,1.6512219905853271,1.6332469770852762,1.0175294783061104,-0.9332495784399064
b0080cf2c66a63e3093dff88,candle,evaluation,37.510498046875,6.400548934936523,1.827212929725647,2.829512612449466,3.636727801609966,1.3535541381305607
2cfa0214b5f2d2f4cb9d4013,candle,evaluation,42.24127578735352,8.844100952148438,1.7771456241607666,4.404840354373662,6.318083127923568,0.7029859838624023
66dc8ad1e500ba364d4213d5,candle,evaluation,30.999378204345703,4.787830352783203,1.7805331945419312,0.6613389459580049,1.8670615413288743,0.7470036394055356
8f0e247dce28bee97bc07c8b,candle,evaluation,35.66299057006836,5.159910202026367,1.655643343925476,2.2143009197243955,2.275351718314944,-0.87579907956813
b55d0e80a1d91603885be041,candle,evaluation,34.25232696533203,4.760150909423828,1.7977430820465088,1.7445562745576277,1.8366883704864796,0.9706267128402937
d998b10fcedcef4853cb56f1,candle,evaluation,35.01167297363281,5.673419952392578,1.827157974243164,1.9974150851418306,2.838835570739518,1.3528400536316556
25f27de6af83355048803af0,candle,evaluation,39.50370788574219,6.16571044921875,1.6671817302703857,3.4932425373996345,3.379035139425004,-0.7258707656125607
630dde95782ed7537300aa3e,candle,evaluation,51.760990142822266,7.965278625488281,1.6723591089248657,7.574862482246236,5.3537349536775345,-0.6585965706625723
2ae17c08f2618611a574a091,candle,evaluation,45.51820755004883,7.992687225341797,1.831681251525879,5.496043914836071,5.383810922875799,1.4116149391554143
9566227abae86ed57cfee51a,candle,evaluation,57.295936584472656,9.132194519042969,1.755348801612854,9.41797479018453,6.634213586627998,0.4197608641177353
3aaddddf417ac998f01f564f,candle,evaluation,55.22638320922852,8.119586944580078,1.6940675973892212,8.728822810475341,5.5230603579975055,-0.37651925268295655
fbf5ba916f7105bc36044471,candle,evaluation,47.34999465942383,7.019779205322266,1.680773138999939,6.106020795805685,4.316220757772981,-0.549265741808526
164a61895f124d74a7c4405b,candle,evaluation,48.47257995605469,5.941532135009766,1.6909945011138916,6.479836658116714,3.1330400827966947,-0.41645067198289787
4cd51110d2020c2bfdf72e34,candle,evaluation,41.76820373535156,4.493289947509766,1.7459534406661987,4.247309485596827,1.5438568463064122,0.29767874763899
1957eccd65cb87cda25c940f,candle,evaluation,50.8123893737793,5.680904388427734,1.7423121929168701,7.258982686267307,2.847048382370276,0.2503648408731454
a2ab71b18b170589f60cb9a1,candle,evaluation,37.67045974731445,4.081972122192383,1.684553623199463,2.8827791403168583,1.092510104369285,-0.5001426144467572
bc57e888b248de105c8df944,candle,evaluation,48.467323303222656,8.24630355834961,1.6115742921829224,6.478086216330977,5.662108868064026,-1.4484266921195752
c53dd2043d1837cc96845432,candle,evaluation,43.778263092041016,7.251865386962891,1.7379146814346313,4.91665022431158,4.570893265222168,0.19322414004861632
80cc2bdb921107826f71c3ff,candle,evaluation,42.61952972412109,5.342288970947266,1.690414309501648,4.5307972166002335,2.4754793521889065,-0.423989607462661
da7ccb5a11536704b9bf106b,candle,evaluation,45.415164947509766,7.597892761230469,1.842023253440857,5.4617311909490605,4.95059557419995,1.5459975871001137
fa040b119c0dda16630297c2,candle,evaluation,45.96840286254883,6.464103698730469,1.640028953552246,5.645956932096896,3.706467632483687,-1.0786904676810984
3d38231c78d6540e798da39e,candle,evaluation,45.94083404541016,6.908988952636719,1.7508618831634521,5.636776639799718,4.194648541569057,0.36145842061602884
ab2efb527cf824d54854ead1,candle,evaluation,45.01685333251953,6.5612640380859375,1.691214919090271,5.329095211952238,3.8130834898921484,-0.4135865890360965
04c7bc4c4d076ed304e64942,candle,evaluation,48.0602912902832,7.534496307373047,1.586491584777832,6.342546383979879,4.881029459780192,-1.7743481787358657
e73dca61276a3f2c907d2512,candle,evaluation,50.4133186340332,10.212242126464844,1.7626539468765259,7.126093922135969,7.819370024646954,0.5146829857943094
311730124e71844f46e71f0e,candle,evaluation,50.426002502441406,8.631000518798828,1.6423060894012451,7.130317593353365,6.084244037134057,-1.0491016561885085
4c34d07b1a724a2306c8048e,candle,evaluation,49.64996337890625,8.459037780761719,1.6585907936096191,6.871900050363951,5.895546108743164,-0.8375002959771819
c8182918e7c3a2c4de94070d,candle,evaluation,50.88629913330078,8.466808319091797,1.5891870260238647,7.2835943042634135,5.904072865772651,-1.7393239605043218
3b705eaea187dc69831b6022,candle,evaluation,43.17714309692383,7.532253265380859,1.5731276273727417,4.716479965533441,4.878568127854155,-1.947997729169161
5a58f0b785aa7f090ae7826b,candle,evaluation,46.85443878173828,6.701389312744141,1.8751318454742432,5.941002914049805,3.9668455743124467,1.9762063903612646
433fea52c6a7370fa6aeb8f5,candle,evaluation,55.12886047363281,11.926010131835938,1.7609091997146606,8.696348177491057,9.6999197067899,0.4920119646967517
ed4350a04f216387973bdd6b,candle,evaluation,47.03678512573242,6.867561340332031,1.9215177297592163,6.001723427692741,4.149189247833059,2.5789386281539666
9c2e67c110da9dcd1c003b6b,candle,evaluation,53.35379409790039,10.459774017333984,1.6220204830169678,8.105259046094815,8.090991397688871,-1.312690226708405
5b7a35f2be4da81e6f199877,candle,evaluation,51.23820877075195,7.5187530517578125,1.6726794242858887,7.400778633128383,4.863754090972783,-0.6544344338978048
7c25547c8e25f6647a888898,candle,evaluation,42.47705841064453,4.527915954589844,1.7794630527496338,4.483354909043149,1.5818526114299538,0.7330983540548404
3b04f439dbfad1e077c3e306,candle,evaluation,48.90824508666992,8.836441040039062,1.6491197347640991,6.624911190064136,6.309677763114923,-0.9605660212559375
b43b95de4d0c97a22829d9ef,candle,evaluation,48.58429718017578,9.12466049194336,1.788082242012024,6.5170379920333055,6.625946357794794,0.8450949951054496
76192909eb93b254c213e39b,candle,evaluation,40.93001174926758,5.829723358154297,1.7119073867797852,3.9681953185036427,3.0103502209732946,-0.14471131483992467
15d1b4999c94ed929aba6f73,candle,evaluation,46.04989242553711,5.5594329833984375,1.827568769454956,5.673092590606977,2.713755537947126,1.3581778739857266
1ba5359ad13a8a9089d50cb2,candle,evaluation,47.4161376953125,7.932460784912109,1.7623825073242188,6.128046129711982,5.317723323473962,0.5111559350263989
127520589c1faaae9b19ec3c,candle,evaluation,37.57520294189453,3.9349441528320312,1.629717230796814,2.8510590519049472,0.9311735639623115,-1.212679672105794
611be7471202b6452d9c2538,candle,evaluation,40.311012268066406,6.278203964233398,1.6933828592300415,3.762071271155298,3.5024763772360292,-0.3854166525998991
e24a04266cc632803bbc3009,candle,evaluation,54.25107192993164,9.839618682861328,1.703267216682434,8.404048534537248,7.410483351403299,-0.2569805781721116
bd259225d453ef914c123ac0,candle,evaluation,45.65088653564453,5.308834075927734,1.6728227138519287,5.540225421185624,2.4387686702308304,-0.6525725476338484
bfeb102980f53b94cff860a9,candle,evaluation,42.44663238525391,6.7664947509765625,1.7636895179748535,4.473223179229631,4.03828698924728,0.5281390639764961
b963dc480a8a941790b51b9c,candle,evaluation,52.59769821166992,8.7763671875,1.7888970375061035,7.853482511563912,6.243757601259075,0.8556823433701263
72e8307b91629e381b32e1f7,capsules,calibration,35.4036865234375,2.6273326873779297,1.8818786144256592,-1.602202349433299,-0.6968842625272532,1.7901725140104643
146c618853c1f49e4fe5f1b4,capsules,calibration,37.034088134765625,2.9892311096191406,1.8534343242645264,-0.7017323983795547,-0.20596330639452098,1.4821799600464414
bd343a1cb20ef01c899108f1,capsules,calibration,39.45497131347656,3.144256591796875,1.7689175605773926,0.6353201059202283,0.0043312217338880975,0.5670390388522445
7a5f1986d4406c07d967f00c,capsules,calibration,38.20901870727539,4.375667572021484,1.8003991842269897,-0.05281886212661996,1.6747597692263794,0.9079196027842873
d1030e038c3741196d8f5d0c,capsules,calibration,37.64781951904297,3.128419876098633,1.7331286668777466,-0.36276887815205655,-0.017151534572248626,0.17951969097403014
e2f3f664d80eb941b4e4de69,capsules,calibration,39.51317596435547,3.011598587036133,1.6728806495666504,0.6674665039388947,-0.17562146811895007,-0.4728411384858171
bc70c0d0dd37ae5fd11655eb,capsules,calibration,37.53092575073242,2.5994796752929688,1.7012510299682617,-0.42732924481125145,-0.7346673156813559,-0.16564887362969385
c976f9a42b2d350291b2f1db,capsules,calibration,37.38115310668945,2.9273414611816406,1.6975704431533813,-0.5100485972171291,-0.28991759720766375,-0.2055019804142074
f8124e6185eca2b16c950de2,capsules,calibration,40.80696487426758,3.8053245544433594,1.7560088634490967,1.382025437325504,0.9010804097555583,0.42726467379093813
76c4de8e25f76c4fa2e367c3,capsules,calibration,38.40028762817383,3.6317710876464844,1.859300971031189,0.05281886212661996,0.6656523762968093,1.5457035533804095
37cc53368a48db45ad355685,capsules,calibration,36.84926223754883,2.6917552947998047,1.7952343225479126,-0.8038116440475589,-0.6094939726325075,0.8519948836087138
41ed1c93e75bc8c689a7f654,capsules,calibration,37.83493423461914,3.1378707885742188,1.6304776668548584,-0.25942551930990115,-0.0043312217338880975,-0.9319773259988545
7ae51c37ab854853cc53cff5,capsules,calibration,38.04253005981445,3.2296295166015625,1.7740999460220337,-0.1447704544143823,0.1201409498156272,0.6231535039937232
812cff0db57e7df870a3a293,capsules,calibration,38.52004623413086,2.4914283752441406,1.6779917478561401,0.11896147710879415,-0.8812406198777483,-0.41749856509679634
bd70d35697b0c19b8306c9bc,capsules,calibration,39.489845275878906,4.267951965332031,1.8054797649383545,0.6545809769837129,1.5286418384022475,0.9629317342190786
af20d253bd55a6fe9c5ece4c,capsules,calibration,37.86164855957031,3.1306819915771484,1.613365650177002,-0.24467121171226577,-0.014082939006901383,-1.117264907099738
602b3ef46a76603da33ba00e,capsules,calibration,37.449031829833984,2.562366485595703,1.5443826913833618,-0.47255921418238334,-0.7850119468032165,-1.8642070012244742
a0db12097d461aeab2d32e07,capsules,calibration,38.20444488525391,2.8160762786865234,1.6722866296768188,-0.055344981619628295,-0.44085058397371046,-0.4792731394933388
d50e58c18fce5e92e55cd957,capsules,calibration,40.61481475830078,3.6658477783203125,1.7538539171218872,1.275901029500216,0.7118779482786759,0.40393108314013165
2c84e980c743129cd0195112,capsules,calibration,43.75924301147461,5.300823211669922,1.7068967819213867,3.012567097267984,2.929748084387045,-0.10451711209723845
fe197d673c063e9d101df4cb,capsules,calibration,37.34809875488281,2.716127395629883,1.5680780410766602,-0.5283044983071635,-0.5764328308669029,-1.6076356040207644
dd28b04f22e8a1df7b324a74,capsules,calibration,39.92286682128906,4.674007415771484,1.834387183189392,0.8937385484013889,2.0794625044281956,1.2759390029963107
92b140421af13b130aaf8735,capsules,calibration,40.78929138183594,4.80853271484375,1.642260193824768,1.3722643767657663,2.2619482086642337,-0.8043970435219466
c2e6b06a90f32519aa44ebb6,capsules,calibration,37.19598007202149,2.7966575622558594,1.746002435684204,-0.6123195667165422,-0.46719238114976464,0.3189158548924097
09e0b6e30fcde8d2f54bf4c9,capsules,calibration,36.31240463256836,3.154470443725586,1.6038836240768433,-1.1003178164658969,0.018186474054659164,-1.219935545698831
d861bfe05200244bd4faaf86,capsules,calibration,39.55243682861328,3.9172821044921875,1.6882617473602295,0.6891502585861692,1.0529526041018924,-0.3062958119763874
66b57ab47ae381dadc083545,capsules,calibration,36.20336532592773,2.4523181915283203,1.783582329750061,-1.1605401680824665,-0.9342942050948184,0.7258280149594671
f70f635e24944566a8435a92,capsules,calibration,38.05523300170898,3.2573280334472656,1.6763206720352173,-0.13775462629784674,0.15771442772454175,-0.4355928436686282
24ee535041cee94a25f2fdb5,capsules,calibration,36.79851913452149,2.4764270782470703,1.6055887937545776,-0.8318370331184882,-0.9015901174506454,-1.2014721015062582
db02f90c88a29db61d20ba62,capsules,calibration,39.240047454833984,3.0772647857666016,1.7112313508987427,0.5166177720121351,-0.08654422686787513,-0.05758273749669768
104202d8105249aef86ff520,capsules,calibration,39.633880615234375,4.121753692626953,1.7657023668289185,0.7341316190330514,1.3303215600853284,0.5322251718697306
1b33480f8aea3be16cb6a2d8,capsules,calibration,39.7812614440918,3.788665771484375,1.5393784046173096,0.815529973171941,0.8784825061571241,-1.9183930277736918
3facff53d495e28f01bd0949,capsules,calibration,39.62689208984375,3.6448020935058594,1.9383710622787476,0.7302718601413096,0.6833291426563812,2.401868330477945
458e337e4cf943748142918d,capsules,calibration,36.13542175292969,2.7658157348632812,1.7661525011062622,-1.1980653676571427,-0.5090298097262106,0.5370991906946155
96927573e4456c2314cebcec,capsules,calibration,36.94799041748047,3.461732864379883,1.7475719451904297,-0.7492841222805444,0.4349928265032668,0.33591038133532164
0d8fb53cb46104723849863f,capsules,calibration,39.59156799316406,4.4167938232421875,2.042017698287964,0.7107623801535752,1.7305481820257194,3.524146016207567
3e0fcdbef073fb82a436537c,capsules,calibration,37.67959213256836,3.3862571716308594,1.5670918226242065,-0.3452208804395469,0.3326088508570984,-1.6183143004556886
62831272a8e56ca1a97f4d0b,capsules,calibration,37.81642150878906,3.074920654296875,1.7618436813354492,-0.26965008803349455,-0.08972407842758151,0.4904436264929559
710cfb90aff8a37f307c8efa,capsules,calibration,37.59391403198242,2.3974781036376953,1.6871224641799927,-0.39254085025860885,-1.0086856550904877,-0.31863188133799375
0845266d6be0fd688dc17242,capsules,calibration,39.551055908203125,3.137470245361328,1.7141356468200684,0.688387576971098,-0.00487456496215363,-0.026135247922896766
ec7c077c565d2d5ecfbbd274,capsules,calibration,36.23166275024414,2.1913509368896484,1.8436332941055298,-1.1449115155393728,-1.2883004297507545,1.3760551703945436
5565905bcc19ab896b7abda1,capsules,calibration,37.450138092041016,2.9327850341796875,1.591489315032959,-0.47194822614821025,-0.28253330400066456,-1.354140156726933
8c4486b7bb56d7ea213e520e,capsules,calibration,38.93700408935547,2.833812713623047,1.6225171089172363,0.34924708089921863,-0.4167908283563715,-1.0181736260751701
554f81b2fbe028b702ce16c8,capsules,calibration,41.31160354614258,4.657306671142578,1.740427851676941,1.660737109962373,2.0568076791582293,0.25855469432352857
e59106c6f4439c29fc0c3c5a,capsules,calibration,40.02412414550781,3.2001495361328125,1.695034384727478,0.9496629152258405,0.08015088821528404,-0.23296222312623138
12ba1308e47a4f1dc1747127,capsules,calibration,43.50367736816406,3.930065155029297,1.978891134262085,2.8714183270975453,1.070293015129681,2.8406165075728
9aa7652eeb14ec0d482dc6f8,capsules,calibration,37.46807861328125,3.0412673950195312,1.6800018548965454,-0.4620396857181547,-0.1353752589967103,-0.3957332829396962
d7142ef128f89b8e288f0838,capsules,calibration,38.64849853515625,3.480710983276367,1.6702631711959839,0.18990561529745287,0.4607369461282289,-0.5011829900054143
047db873a05810fcda286a47,capsules,calibration,41.29560852050781,5.428962707519531,1.8302189111709595,1.651903065730346,3.1035713451553066,1.230805278888544
d3e571d09c9fc01809f2a8e7,capsules,calibration,39.17115020751953,3.7557449340820312,2.0956602096557617,0.4785658586148921,0.8338248674911095,4.104982942832218
9f7560b521f55709997b5d14,capsules,calibration,39.538612365722656,3.1126976013183594,1.6258504390716553,0.6815150150142957,-0.03847904995602377,-0.9820805873089008
89f13d36b4756af4ec506b16,capsules,calibration,43.01324844360352,5.791923522949219,1.6698718070983887,2.6005546904168693,3.5959334545172954,-0.5054206499106307
173701949d743b7b1d521070,capsules,calibration,36.17078399658203,2.5871353149414062,1.905106782913208,-1.1785348191165057,-0.7514126365067584,2.0416853095789187
62098a3250d0be03ef8be353,capsules,calibration,38.72160339355469,4.042396545410156,1.7189630270004272,0.23028139007984397,1.2226723298223965,0.026135247922896766
1f9d63139f3b6ecb2d4b6e65,capsules,evaluation,36.15711975097656,2.530872344970703,1.800826907157898,-1.1860815747661888,-0.8277342486371234,0.912550953299035
2a1ff0250299abe415b0a6a8,capsules,evaluation,37.341251373291016,2.781190872192383,1.6700013875961304,-0.532086303553166,-0.48817319180693225,-0.5040175623940392
fc0cf164e26c8cf8877c0d35,capsules,evaluation,38.24631118774414,2.8800811767578125,1.680887222290039,-0.0322222448091155,-0.35402692344558445,-0.38614659390038986
0f78e1718fe95a9f71163e8b,capsules,evaluation,39.05571365356445,3.2803287506103516,1.7000218629837036,0.4148103106765735,0.1889152657705134,-0.17895819780961675
fc24aa4f3263f422dcb7c715,capsules,evaluation,38.66021728515625,3.6051254272460938,1.6526981592178345,0.19637787474910728,0.6295071148736212,-0.6913755688643918
3f3513e83cb3694e5e2368c3,capsules,evaluation,38.739654541015625,3.667888641357422,1.9047530889511108,0.24025102931331688,0.7146464113941241,2.037855538960954
f05f036ede610532be09d76e,capsules,evaluation,35.653564453125,3.1605892181396484,1.7302123308181763,-1.464194900500626,0.02648668870359167,0.14794183172297462
d0379a9180e91a5a41fe6533,capsules,evaluation,39.07509231567383,2.717723846435547,1.7281311750411987,0.42551313555105413,-0.5742672199999588,0.12540723939118395
cb7a71a0e6cead7955da2eae,capsules,evaluation,36.65154647827149,2.733358383178711,1.6255470514297485,-0.9130099537413209,-0.5530587226566609,-0.9853656450179401
72b71eb729a3c426f8204d4e,capsules,evaluation,44.15040969848633,6.960445404052734,1.6738395690917969,3.2286082524410142,5.181051940474686,-0.4624580327052624
034819db59fed268623329cd,capsules,evaluation,42.11896896362305,4.1072998046875,1.696851134300232,2.1066446047230674,1.310714631591061,-0.21329060053850712
7a230c57fc497a7942b657c9,capsules,evaluation,37.26739501953125,3.5183544158935547,1.7586073875427246,-0.5728771288277368,0.5118008601903649,0.45540128987802564
3c0358d9a587616925762eba,capsules,evaluation,36.61846160888672,2.9801483154296875,1.767175555229187,-0.9312827096736812,-0.21828426093261843,0.5481767408946057
4e4129ce59c5b23e7966a9dc,capsules,evaluation,40.10507583618164,3.606189727783203,1.7985059022903442,0.9943724913402802,0.6309508554515839,0.8874192937332219
95045a0b8c6559c805814131,capsules,evaluation,37.4165267944336,2.5415992736816406,1.7010608911514282,-0.4905117281106175,-0.8131829995144313,-0.16770768189920962
0632f91792b863bb94bb5ecb,capsules,evaluation,36.87445068359375,3.131978988647461,1.6631110906600952,-0.7899000785660243,-0.01232354188680347,-0.5786251598724159
b5b98054d664d87d25633916,capsules,evaluation,39.138309478759766,3.026264190673828,1.6118720769882202,0.4604279414211118,-0.15572734391831353,-1.1334372010237275
b47a60df54a4977f9ce92b2b,capsules,evaluation,39.274993896484375,3.308176040649414,1.6694220304489136,0.5359186733261345,0.226690556878498,-0.5102907963688647
c20357e7e5ff08ec08b7fd24,capsules,evaluation,36.86139678955078,2.764066696166992,1.7227911949157715,-0.7971097373692669,-0.5114024084896368,0.06758635134544197
f7bcbf59a9b8484694cdb240,capsules,evaluation,40.43091583251953,4.184932708740234,1.7366693019866943,1.174333749667743,1.4160248986237451,0.21785741160906938
993bbc7c34cbc4cd0a7a69f1,capsules,evaluation,37.736629486083984,2.8390140533447266,1.7984247207641602,-0.3137191801396976,-0.4097351284350377,0.8865402665034162
ad56d3a2dc1a35d6b49bebbe,capsules,evaluation,37.93414306640625,3.126781463623047,1.6587990522384644,-0.204632533776315,-0.019374067110725254,-0.6253155753739357
a9facbbe95d6f95d2ab4156c,capsules,evaluation,36.74640655517578,3.208789825439453,1.6834179162979126,-0.8606187832386261,0.09187157785358338,-0.3587444366881328
ddeed004d43b3352a536206d,capsules,evaluation,38.12153625488281,2.81597900390625,1.7296465635299683,-0.1011353744979712,-0.4409825387577178,0.141815747680892
571b5e6b0110c155c8df2001,capsules,evaluation,42.57018661499024,4.1394195556640625,1.6774476766586304,2.35585187587525,1.3542855838005445,-0.4233897255620439
0dc091049dc0a1f03092bd10,capsules,evaluation,39.56839370727539,3.7409934997558594,1.7411175966262817,0.6979632342652937,0.8138143125987017,0.26602319880466846
c2658c539bd3c21a9e531574,capsules,evaluation,40.27891540527344,4.846614837646484,1.6735645532608032,1.0903839937723583,2.3136072129287557,-0.46543588265997893
66167a0394c64f20fe5ca043,capsules,evaluation,38.5615119934082,2.657665252685547,1.8574714660644531,0.1418629941138344,-0.6557376560553163,1.5258938163821285
4c49244a247a2e654beb2d37,capsules,evaluation,36.45602416992188,2.750255584716797,1.7037476301193237,-1.020996821643192,-0.5301374004699735,-0.1386158820381775
ba7cbfefd938ed0b085eb679,capsules,evaluation,37.89542007446289,3.341754913330078,1.860092043876648,-0.22601922182766399,0.27224083084809175,1.554269228412702
c4875df92247435722e75520,capsules,evaluation,42.415748596191406,4.682060241699219,1.70740807056427,2.27055583944939,2.090386290665039,-0.0989809185750108
89d7d4f1eecf2fe7363e620a,capsules,evaluation,38.106590270996094,2.829853057861328,1.860931396484375,-0.1093900335251789,-0.4221621642700822,1.5633576729428966
8847ccc457b0dee3ac1f0d85,capsules,evaluation,36.46250915527344,2.848756790161133,1.6168023347854614,-1.0174151676497674,-0.3965189512446551,-1.080052754371293
ea17449718f9ea9c1bb75b4b,capsules,evaluation,37.26736831665039,2.7712745666503906,1.729975700378418,-0.5728918768147685,-0.5016248177295632,0.14537961578881237
33c5b07f6aec728b4ad1b85d,capsules,evaluation,37.64438247680664,3.027172088623047,1.5898523330688477,-0.3646671547685737,-0.15449576593424497,-1.3718652696780242
a2148a205b0e9d1694b789be,capsules,evaluation,37.33297729492188,3.4183883666992188,1.7440754175186157,-0.5366560726777189,0.37619532715881815,0.2980502525872547
4d2ae85cd54a528ae30799d5,capsules,evaluation,37.43440628051758,2.9497604370117188,1.670166254043579,-0.48063689736520987,-0.2595059005170301,-0.5022324013678697
331cdf0473bcf0edee82152a,capsules,evaluation,36.76372528076172,3.079608917236328,1.856714129447937,-0.8510536602208816,-0.08336437530816876,1.5176934346039255
5ca3e26cdf8ec996bf20a8c0,capsules,evaluation,36.24888610839844,3.3673458099365234,1.5970481634140015,-1.1353990639038845,0.3069552884368472,-1.2939493802907016
2f0ead59b8a7bf775ff20d23,capsules,evaluation,36.74990463256836,2.502002716064453,1.6730198860168457,-0.8586867969374649,-0.8668963586515381,-0.47133349706964506
4680fa8cd352c5b8904b1d1e,capsules,evaluation,37.85856628417969,3.038454055786133,1.6117221117019653,-0.24637355078678946,-0.13919159833809916,-1.1350610134394332
fabfa0806f31fb0b0e9b6820,capsules,evaluation,36.320404052734375,3.0502586364746094,1.6311696767807007,-1.0958997409222382,-0.12317849719650212,-0.9244842965289242
03d8ab7c6352f052febc78e0,capsules,evaluation,38.823638916015625,3.7526206970214844,1.6256186962127686,0.28663555538350693,0.8295867903106383,-0.9845898808988309
1a194723ee0217fa9e1c4eec,capsules,evaluation,37.22775268554688,2.435901641845703,1.6723815202713013,-0.5947715690040326,-0.9565635154075871,-0.47824567154190645
3b5677861dc39d67411e6e62,capsules,evaluation,37.46731185913086,2.954692840576172,1.6980701684951782,-0.4624631636314953,-0.25281501676324597,-0.2000909934136995
55080f795d40470330594c74,capsules,evaluation,37.460079193115234,2.898317337036133,1.667271375656128,-0.4664577612618133,-0.32928928246726663,-0.5335779186198576
8a8f0197af2bec8b65c68c3d,capsules,evaluation,41.94508361816406,4.425693511962891,1.6702667474746704,2.010607820027506,1.7426207510880383,-0.5011442663389031
aa96b788fd82bfd2356e2c5d,capsules,evaluation,35.909603118896484,3.0522594451904297,1.8590811491012573,-1.3227848802741957,-0.12046436840388049,1.5433233386788503
75b76f92baf111686d85176c,capsules,evaluation,36.842079162597656,2.6606521606445312,1.8930065631866455,-0.8077788525591035,-0.651685867981679,1.9106650747269265
e0a9a2323b7d6473c2393403,capsules,evaluation,40.392974853515625,4.3386688232421875,1.7715346813201904,1.1533789669508958,1.6245703790268804,0.5953770180051905
a011ef8008d602d3710fc5f4,capsules,evaluation,45.55972671508789,5.142284393310547,1.692458152770996,4.006973298292908,2.7146876599421352,-0.2608574616920653
d284db387469b189bb5e02d0,capsules,evaluation,39.94926071166992,3.3001670837402344,1.6483397483825684,0.9083158801546432,0.2158262796618934,-0.7385681012416744
b9c0e7d9b6acb63e821abeac,capsules,evaluation,35.864585876464844,2.9783859252929688,1.8881313800811768,-1.3476478795544609,-0.22067497113698678,1.8578769725387656
c43b53947956787e8076f2fd,capsules,evaluation,40.92670822143555,4.28106689453125,1.7816920280456543,1.4481596248865174,1.5464324481048848,0.7053599756304945
c9d414441e5e2d178b6a7d32,capsules,evaluation,40.26846694946289,4.5855865478515625,1.6921501159667969,1.0846133171323578,1.9595181931142265,-0.2641928601675692
87a325782db911dfacd1361d,capsules,evaluation,38.0297966003418,3.3047637939453125,1.654242992401123,-0.15180313737324377,0.2220617900434169,-0.6746482357204077
99dca3fe9c96e8d6eaf14a4b,capsules,evaluation,36.93128204345703,2.763265609741211,1.6760174036026,-0.7585121484518487,-0.5124890949461678,-0.4388766105887838
32fc02f2435739aa802dfd08,capsules,evaluation,36.00605392456055,2.5733985900878906,1.757994532585144,-1.2695151511154619,-0.7700467218875601,0.44876534422687797
5ad436e4557f4981e0b732cf,capsules,evaluation,37.40974807739258,2.2585391998291016,1.6718782186508179,-0.4942556099613994,-1.1971584842322707,-0.4836953822089256
1bfcf025d1a0e6201d1bcbfe,capsules,evaluation,38.379791259765625,3.0981826782226562,1.7438089847564697,0.041498728652095467,-0.058168773608884235,0.2951653394321652
f101fd3229a85499e4a69947,capsules,evaluation,39.616973876953125,3.9980506896972656,1.849475383758545,0.7247940363866542,1.162516472407284,1.4393128612184676
718484fc3c551eb152d8c2b4,capsules,evaluation,47.044219970703125,6.804615020751953,1.788810133934021,4.8268581413498,4.9696655511923336,0.782434270665639
85945f69dd67b5684f68a99b,capsules,evaluation,44.15780258178711,5.623138427734375,1.6141458749771118,3.232691337993523,3.3669737928236123,-1.108816693855863
a258cc393006a1a04bbbe20f,capsules,evaluation,48.4256477355957,8.338191986083984,1.7004749774932861,5.589819968174662,7.049987055390931,-0.17405190926263905
906bc6e642b1cf0750840cd7,capsules,evaluation,46.64061737060547,6.115440368652344,1.8512588739395142,4.603948637930548,4.03478919263866,1.458624353707637
ed4da152dc4341d6f32eed14,capsules,evaluation,43.58738708496094,4.4649658203125,1.9508137702941895,2.9176511595868373,1.7958942609451207,2.536597001792833
fc3ae0173aab74bb4fc58582,capsules,evaluation,47.148738861083984,7.273502349853516,1.6859769821166992,4.884583869447417,5.605718658292202,-0.33103507172155294
0d3deca4b0e32e2057cae97f,capsules,evaluation,45.34322738647461,7.320274353027344,1.6767655611038208,3.887400833149941,5.66916562326138,-0.43077561955462645
8704aeb2018ef5778370ecfb,capsules,evaluation,42.46881484985352,5.48931884765625,1.768473744392395,2.299864303392091,3.185445407608804,0.5622334318381961
50f75b7d2a73acc1a847da2e,capsules,evaluation,55.25685501098633,10.636749267578125,1.7193337678909302,9.362692147746499,10.168016505115512,0.03014960135123157
19ac65f02264b423eb5c985f,capsules,evaluation,45.41193008422852,5.754238128662109,1.7593189477920532,3.925345296927385,3.544812618783627,0.4631060087248843
740a5ee8c5f4192bf3babfd2,capsules,evaluation,45.60957336425781,6.3073272705078125,1.6766198873519897,4.034503576370632,4.295086821859734,-0.4323529635705188
126ea6ab4ad2ded6c054b50d,capsules,evaluation,40.884578704833984,4.442535400390625,1.7675080299377441,1.4248915150609733,1.7654670401622508,0.5517767510912699
9b6a68e10e1ef898048e3c49,capsules,evaluation,39.11640548706055,3.9733543395996094,1.7877392768859863,0.4483303783444843,1.1290154813616549,0.7708391141232817
bf3f8db49f5ecd2ddea8928d,capsules,evaluation,46.09894180297852,7.036140441894531,1.668740153312683,4.304781507280626,5.283733461222048,-0.5176741087836797
0230568537d49a20054718fc,capsules,evaluation,47.63846969604492,8.288387298583984,1.751407504081726,5.155061951609981,6.982426205979171,0.37744151366865675
63040d0286b32baf387aef98,capsules,evaluation,51.58399200439453,8.74789047241211,1.7388468980789185,7.334171844041269,7.605749557445389,0.24143625214778058
3fe04fe0823a2d706add53c0,capsules,evaluation,50.70099639892578,8.678276062011719,1.7551054954528809,6.846493836296037,7.511316504372839,0.4174830756301918
5b527561d5fe5bb2dcac2cd6,capsules,evaluation,55.38261032104492,9.90993881225586,1.718163013458252,9.43214673924495,9.182086581894525,0.01747276372432607
7d83ef8609fe05e220983875,capsules,evaluation,50.28750991821289,7.978366851806641,1.6626826524734497,6.6181254708197415,6.5618785473016485,-0.5832642551204659
42aeac834a78b48dab8e0b27,capsules,evaluation,46.94094467163086,7.550132751464844,1.746864914894104,4.769819248076805,5.980972190522026,0.3282547124660439
09dc9cfb0f5f0c6e5358d145,capsules,evaluation,45.89023208618164,6.409820556640625,1.7200042009353638,4.18951124064035,4.434120591926765,0.03740899803321065
35ed1b29dc27265ecc7a2bb5,capsules,evaluation,47.60691452026367,8.124202728271484,1.8653749227523804,5.137634044649015,6.759707229364423,1.6114718285831475
45dd9375e0018b2b01b0ca8e,capsules,evaluation,40.86074066162109,4.2903289794921875,1.7047820091247559,1.411725776352184,1.5589966134213487,-0.12741570689423506
43c3e7b030bf71e4a1e156d7,capsules,evaluation,44.703739166259766,6.108116149902344,1.758703351020813,3.534211826002661,4.024853773607519,0.4564403749294113
c36619b63c9043eed4c5849b,capsules,evaluation,51.43600082397461,8.719257354736328,1.6900849342346191,7.252436393055939,7.566908278670521,-0.28655448678894285
6d5929d061d0833f7db7f212,capsules,evaluation,45.56634521484375,6.451435089111328,1.6808185577392578,4.010628692221496,4.490571365994848,-0.38689008829740623
25af3dad41b1dd1d352cfeb9,capsules,evaluation,37.65052795410156,3.0589351654052734,1.9057791233062744,-0.3612730108959776,-0.11140864793278829,2.048965358883037
b55514a565c6afe55eec2519,capsules,evaluation,47.02627182006836,7.500003814697266,1.819710373878479,4.816945387209164,5.912971491830242,1.1170196572118334
42e847a39519793337b1bcc3,capsules,evaluation,35.929725646972656,3.334859848022461,1.7933659553527832,-1.311671218618116,0.26288756527580653,0.8317643494343436
721f15c7da361dff53afdf8c,capsules,evaluation,47.283729553222656,7.053504943847656,1.707925796508789,4.959139157603568,5.307288683841711,-0.09337502245306288
c2901b191e7526e7a08e1eea,capsules,evaluation,42.22965240478516,4.132907867431641,1.944893479347229,2.1677750109697356,1.3454523753181704,2.472492553461196
62b5760cd361553de8da2449,capsules,evaluation,39.6675910949707,3.7247886657714844,1.7588131427764893,0.7527498992330092,0.7918321979923019,0.45762919149130726
81bcf0781bf56862fae25e1a,capsules,evaluation,39.75559997558594,3.985218048095703,1.612380862236023,0.8013571576344152,1.1451087903131387,-1.1279281140680577
55ad57b3e25e9cd7d640dbfe,capsules,evaluation,38.70367431640625,3.1874008178710938,1.7119264602661133,0.22037917021565914,0.06285704946420397,-0.05005614751579085
9ffaa14ec0fab9931f2cb5c3,capsules,evaluation,48.08131408691406,6.741691589355469,1.8182835578918457,5.399644675400056,4.884308917380525,1.1015702050627212
98aea145bbef2f2f060d0a8b,capsules,evaluation,42.65789413452149,4.223400115966797,1.650438666343689,2.404292692708726,1.4682065473268844,-0.7158411813662111
3b66f59f9c5ac43c885e27ed,capsules,evaluation,42.02716445922852,4.742397308349609,1.7481334209442139,2.0559410253078645,2.1722344796314763,0.34198999697759075
80c79373680ca72bd693d783,capsules,evaluation,46.45306396484375,6.7093505859375,1.680454969406128,4.5003629907300144,4.840437832721142,-0.3908269943927185
30f48754fa679c36708dda03,capsules,evaluation,39.1636848449707,3.6786575317382812,1.693166732788086,0.4744427428118687,0.7292545821883488,-0.25318501256729936
7de613b617ed3cbafbc6b3c9,capsules,evaluation,42.28926849365234,5.081272125244141,1.8882536888122559,2.2007009454457878,2.6319235495337647,1.859201321933451
71af10410082da9596ced49b,capsules,evaluation,36.4439811706543,3.123167037963867,1.7188901901245117,-1.0276481637945216,-0.024277092908645173,0.025346575914950605
e29e79ba3e27a55803f6acea,capsules,evaluation,39.94953918457031,3.8569717407226562,1.8757705688476562,0.9084696805908316,0.9711406380173395,1.7240350731869856
804fa77a446eb0413bbb56f8,capsules,evaluation,44.908599853515625,6.395721435546875,1.8201000690460205,3.647356275655069,4.414994910291819,1.1212392460726779
346c5897461de3a44f7daf03,capsules,evaluation,40.51139450073242,4.3349609375,1.8014546632766724,1.2187820757261916,1.619540573142365,0.9193482475606463
05b91854e3218bb7fff74ab9,capsules,evaluation,54.65210723876953,6.3931121826171875,1.6697641611099243,9.028690271727545,4.411455417261974,-0.5065862322726199
efaa48865bd8733baeea305f,capsules,evaluation,51.5930290222168,6.011074066162109,1.6997945308685303,7.339162984223877,3.8932146461423103,-0.1814197322108497
fa8b1a5066d24b182917e091,capsules,evaluation,53.369571685791016,7.698421478271484,1.7128230333328247,8.32034656144718,6.18212820302075,-0.04034812432141591
1aea693e1f4615c67d9117cd,capsules,evaluation,56.89656066894531,7.408893585205078,1.6557217836380005,10.268300718853167,5.789379018840775,-0.6586359996179982
074325c08472083d737fcba6,capsules,evaluation,51.75508117675781,4.789756774902344,1.743553876876831,7.428664303809075,2.23647834800211,0.29240305122102805
2a7e6ad0e13612f0c7fcb2d0,capsules,evaluation,53.24065399169922,7.44781494140625,1.6643555164337158,8.249145386913108,5.842176456535949,-0.5651506147153783
fdc91d030e27f69309e2cc82,capsules,evaluation,56.710968017578125,7.988288879394531,1.5788694620132446,10.165797995271824,6.575337935270397,-1.4907869403230127
c6a064efd1864d8a74744a35,capsules,evaluation,52.576751708984375,7.071277618408203,1.8379015922546387,7.882472505908216,5.331397599084465,1.313992750076934
edb69f8b12ecaa270a8cd4f2,capsules,evaluation,50.82233428955078,6.780372619628906,1.656259536743164,6.913508689368375,4.936780349138739,-0.6528132509635872
367825824fbf202a48c58ab2,capsules,evaluation,56.28583908081055,7.652011871337891,1.6172367334365845,9.930999507449679,6.119172834305718,-1.0753491196790577
7c1b1c4c5673ab73918750cb,capsules,evaluation,52.86006927490234,6.822898864746094,1.622320294380188,8.038948648315234,4.9944678758883025,-1.0203047185221736
49d11e476e0c779cef4550b9,capsules,evaluation,54.01028823852539,6.8040924072265625,1.7526930570602417,8.67421397599792,4.9689566176468825,0.391361380990574
39e7cd68f53b712ca8b8f1df,capsules,evaluation,57.67624282836914,7.613796234130859,1.8355233669281006,10.698918764772502,6.067332715631774,1.2882415118469406
928c5a36a36da37b5f9d1f90,capsules,evaluation,52.895145416259766,7.561923980712891,1.672357439994812,8.058321182709106,5.996967180222681,-0.47850641089641566
d579527da6cfe5dbe0a1e2ca,capsules,evaluation,52.55862808227539,6.136466979980469,1.883447527885437,7.872462836424227,4.063312124773894,1.8071605865089577
8eb64ff5814eafd0aa3f1144,capsules,evaluation,55.26019287109375,7.475017547607422,1.588233232498169,9.36453564612547,5.879077223781297,-1.3893967642965592
f4204410b976824fb49a7187,capsules,evaluation,52.84079360961914,6.9854888916015625,1.7274562120437622,8.028302708533595,5.215023828984812,0.11809879273162392
c6422a5d81dfc9f98364e959,capsules,evaluation,58.82527160644531,9.508869171142578,1.6768007278442383,11.333526753604627,8.63802924538613,-0.4303948368339323
8a082ff8154b35e3ddade297,capsules,evaluation,50.99743270874024,5.503032684326172,1.745721697807312,7.01021545404624,3.2040484448051334,0.31587604707127515
38e48d375151c434affdea91,capsules,evaluation,57.13952255249024,7.870841979980469,1.8179466724395752,10.402488439144618,6.41601935134812,1.0979224356773596
cd0b7ac8eb7457bdf41f885a,capsules,evaluation,50.7777214050293,6.444145202636719,1.7329277992248535,6.8888690167488775,4.480682519240415,0.17734471170498056
ec5a449b5eefaff119825918,capsules,evaluation,42.2619514465332,3.7518577575683594,1.7019823789596558,2.1856137547122962,0.8285518508282278,-0.15772988382813952
0e3e18366515ae2514a8e77d,capsules,evaluation,50.41484451293945,5.799228668212891,1.6824992895126343,6.688452300408357,3.6058430000613764,-0.3686912558259939
d0eb64421295aa0bcc678ab8,capsules,evaluation,54.90934371948242,7.5680999755859375,1.7173372507095337,9.170761844515114,6.005345015332795,0.00853146912687424
77defa5063eedec887997eb2,capsules,evaluation,54.97553253173828,5.63824462890625,1.7091434001922607,9.207317890656277,3.387465594575341,-0.08019090479485977
7668cac7cf3127b106685eca,capsules,evaluation,60.01604461669922,8.084922790527344,1.6368578672409058,11.991190059877978,6.706423370112517,-0.8628930141538684
1e834e3ec0a0f99cc61db643,capsules,evaluation,60.12653732299805,9.954826354980469,1.7825530767440796,12.05221512336013,9.24297724634215,0.7146833437375242
0b38ea5bd86c4923a78bc374,capsules,evaluation,58.62532424926758,7.104087829589844,1.581028699874878,11.223095933566062,5.37590517152553,-1.4674068812723926
8413c67bf75249480fff74f6,capsules,evaluation,59.996219635009766,6.852714538574219,1.7435894012451172,11.980240732934538,5.034913310860906,0.29278770630837336
3c74e62c8d3924662e67cd75,capsules,evaluation,54.39787673950195,5.948467254638672,1.69491446018219,8.888278900908693,3.8082875122157014,-0.23426075674324257
ccf5db34214f8a47bd3d9d28,capsules,evaluation,59.95624923706055,7.518089294433594,1.7026921510696411,11.958165103203276,5.937504732260784,-0.15004452681453648
c57e44b3346aa5e39fc1f089,capsules,evaluation,58.1957893371582,8.617469787597656,1.8452930450439453,10.985864027883677,7.42883182762472,1.3940268240224232
747508bd75973f9def4f00a9,capsules,evaluation,57.53165054321289,7.764102935791016,1.6956932544708252,10.619060521850788,6.271226143061473,-0.22582803296597206
ed855d61c593ddac773b16e3,capsules,evaluation,49.70697784423828,5.878486633300781,1.5996205806732178,6.2974979121833075,3.713357688191595,-1.2660954469691463
9c14550990169152bef6e22a,capsules,evaluation,57.9394760131836,7.754791259765625,1.6669273376464844,10.844302314076353,6.258594706678653,-0.5373031353382416
1231df93803c72ad88984451,capsules,evaluation,56.74406814575195,6.4315948486328125,1.7987124919891357,10.18407917862534,4.463657764754762,0.8896562308686895
6f06d90ad80841cb588a5caf,capsules,evaluation,51.29685974121094,7.542999267578125,1.905092477798462,7.175588846343994,5.971295506361487,2.0415304149128737
6f89fb3b1474729f2e89063a,capsules,evaluation,53.16964340209961,7.341167449951172,1.6473331451416016,8.209926275685067,5.697507440987192,-0.7494675225757127
690c94ddc3eb0acc0d7ac268,capsules,evaluation,56.79972839355469,6.952480316162109,1.640262484550476,10.214820304165409,5.17024717227832,-0.826028083635141
63d72d4c3d76aa492c2db741,capsules,evaluation,55.96294403076172,7.7823333740234375,1.7625346183776855,9.75266474140629,6.295956021993673,0.49792503886293293
2dcba40fe36bbfa17f56a50c,capsules,evaluation,50.26922607421875,7.099700927734375,1.664437174797058,6.608027313413563,5.36995426950167,-0.5642664243300376
5eaa195ea317cabd8658d9e5,capsules,evaluation,47.13441848754883,6.967002868652344,1.5841938257217407,4.876674734687811,5.189947245326005,-1.4331351456210366
ec4e2218a0ba582042b6b5bb,capsules,evaluation,41.5627326965332,4.267284393310547,1.59878671169281,1.7994356074302487,1.5277362663551384,-1.2751245152106905
37d915e603b9ccdd2eab691d,capsules,evaluation,42.98151016235352,4.919960021972656,1.7350544929504395,2.583025654401972,2.4131011200702925,0.20037238539034807
3d1ac6166461c3ade74fcc1a,capsules,evaluation,45.79585647583008,6.503894805908203,1.817361831665039,4.1373876407595125,4.561733804805397,1.0915898254138836
8464956cf1c5d0f0c6546da1,capsules,evaluation,43.91810989379883,5.675762176513672,1.7320125102996826,3.1003091926858226,3.4383587436228793,0.16743403465586332
a1ee847507401a76c6f0e428,capsules,evaluation,40.08510208129883,4.307258605957031,1.8100186586380005,0.9833409970405201,1.5819619205360385,1.0120785209662966
9d8aa15592ea05df0ee5d4d6,capsules,evaluation,45.334354400634766,6.5395050048828125,1.7475825548171997,3.8825002877448145,4.610039605146908,0.33602526154597173
50f664187194dfa448be093d,capsules,evaluation,44.889347076416016,5.297550201416016,1.7142161130905151,3.636722977005167,2.9253081940075036,-0.025263965426393233
1105707fa54824973b85fcd2,capsules,evaluation,45.82356643676758,6.016632080078125,1.9084960222244263,4.152691837587904,3.900754180271671,2.0783837283316475
e290027671c01f76b8bcf690,capsules,evaluation,47.37737274169922,6.592140197753906,1.6330641508102417,5.010858241268677,4.681440080038412,-0.9039710795890217
64587f67aef7ad1557251435,capsules,evaluation,50.036468505859375,8.20565414428711,1.7618944644927979,6.479475431023542,6.870197368506572,0.490993502557416
a41ee7bc6d532342670c3c50,capsules,evaluation,47.70200729370117,7.212303161621094,1.8166042566299438,5.19015373332442,5.522700987710641,1.0833868620579132
a2f26a5fbd8b77618e5176d2,capsules,evaluation,48.13589477539063,7.958049774169922,1.760603427886963,5.429789560892988,6.534318108885056,0.4770142589468481
c8c14f6187a0f1c4e341d7e2,capsules,evaluation,43.97772979736328,5.868274688720703,1.7056005001068115,3.1332372340171726,3.69950502321953,-0.11855315041868947
ab59854d0906455c84d40545,cashew,calibration,32.06725311279297,2.0559444427490234,1.7681498527526855,0.23974160319466892,-1.2594790080591411,0.723206432126927
7ae53b7ee78ec4f48bfd58bc,cashew,calibration,30.04425430297852,2.289804458618164,1.6399403810501099,-1.0321449103594873,-0.7610051102295077,-0.7928137420559211
7bde8fc08be9d473d6e46fd2,cashew,calibration,32.32860565185547,2.8123703002929688,1.7172154188156128,0.4040574535570418,0.35284682809423284,0.12092932744999906
f7179e48e6a8018194d44f0c,cashew,calibration,34.681007385253906,4.1519317626953125,1.7591723203659058,1.8830440079017372,3.2081293827644624,0.6170510909341076
eb0c371ae29dfb2ae77d4082,cashew,calibration,32.4739875793457,3.327150344848633,1.7461856603622437,0.49546102334277853,1.4501032974436598,0.4634895927128359
ce245b8ce50430bdb84a2522,cashew,calibration,37.00919342041016,3.05023193359375,1.7174679040908813,3.3468058276291384,0.8598501952791111,0.12391485391624335
d9ba9d33be4b953210765327,cashew,calibration,34.06790542602539,3.4511241912841797,1.7912226915359497,1.4975785743121333,1.7143542264961884,0.9960325237299095
9f4360aab3f22d6d1d7ba172,cashew,calibration,30.17755508422852,2.6011123657226562,1.5686370134353638,-0.9483369194226768,-0.09745061031707294,-1.6359444589650323
0a3f4efacc8c080b5e45f1e3,cashew,calibration,30.613121032714844,2.330392837524414,1.7631067037582397,-0.6744907594765952,-0.6744907594765952,0.6635734306375668
1df4ee66b6f32f1a078f9bda,cashew,calibration,30.380077362060547,2.2132186889648438,1.6517754793167114,-0.8210084441812852,-0.9242480954636099,-0.6528689509469817
c0b852050241668970496edf,cashew,calibration,40.22467422485352,5.592254638671875,1.7965017557144165,5.368421782083847,6.278185439388397,1.0584551177011854
97b013d33eb84eb49e3eaa81,cashew,calibration,34.80369567871094,3.1520042419433594,1.733410120010376,1.9601797852743819,1.0767784249536367,0.3124244907954918
b041c5aac8278561e6bcb38a,cashew,calibration,30.805519104003903,2.4803428649902344,1.8576091527938843,-0.5535275088215788,-0.35487145904700307,1.7810230023827824
01ee342dfd5b8354b1aea66e,cashew,calibration,31.685932159423828,2.2205066680908203,1.699946641921997,0.0,-0.9087137282537001,-0.08326630495161318
e61b4a192ef60698eb3248ee,cashew,calibration,30.999834060668945,2.646831512451172,1.5579137802124023,-0.4313590865935912,0.0,-1.762741938765822
6951c91b111281adff7cce00,cashew,calibration,30.18293571472168,2.3202877044677734,1.5719882249832153,-0.944954044788511,-0.6960299056367892,-1.5963178678323318
647d3af05bdafc9bf8a852a6,cashew,calibration,33.06437301635742,2.7877426147460938,1.6888474225997925,0.8666442744109564,0.3003527821862626,-0.21450965372054967
344f885b7c547eb7711c6bd8,cashew,calibration,38.13666915893555,2.9248504638671875,1.561424970626831,4.055664962509933,0.5925989095134412,-1.7212236684462945
28ffc27c6e8ec847a133f404,cashew,calibration,31.368616104125977,2.346529006958008,1.755746603012085,-0.19950086441452713,-0.6400964264235106,0.5765435016704332
8eea66e5c1cb3f4b38fa7a45,cashew,calibration,30.806005477905277,2.414369583129883,1.7090288400650024,-0.5532217190194783,-0.49549386873649975,0.02412666241559837
043a19ecad6b6e632a61de6e,cashew,calibration,32.55683517456055,2.5131874084472656,1.539023518562317,0.5475484188088284,-0.2848631357403699,-1.986110909691445
0262cbcec5e1cd0d258765b7,cashew,calibration,33.763301849365234,3.3192310333251953,1.7882148027420044,1.30607021590141,1.4332232417892383,0.9604655719847367
112b7a19f164b02addb8b832,cashew,calibration,31.856298446655277,2.272909164428711,1.7640299797058105,0.10711157220791843,-0.7970175218352078,0.6744907594765952
cc8a2e0e8da234d63b3424ab,cashew,calibration,31.415061950683597,2.1975440979003906,1.7229530811309814,-0.1702997370778967,-0.9576585717083201,0.1887746411170454
7b519b7b774e161dbfdccf0d,cashew,calibration,33.46253967285156,3.1775455474853516,1.6487557888031006,1.116976997339398,1.1312198568583478,-0.6885754527961009
e5bd90bc21cc9a3ab40082be,cashew,calibration,35.4835319519043,3.3137454986572266,1.8060134649276733,2.3876019780629485,1.42153079476079,1.1709268630938352
c726e527b7020e2aeb8dadd6,cashew,calibration,30.72471237182617,2.6735992431640625,1.7098422050476074,-0.6043317862945199,0.057055563837705534,0.03374434281181405
45e6ba5641acbdec83b0a2a7,cashew,calibration,30.24991226196289,2.508260726928711,1.6159001588821411,-0.9028449902763472,-0.2953643842363649,-1.0770787133914685
14babdb5dce488da2e9a34ad,cashew,calibration,34.47774887084961,3.3957672119140625,1.7204729318618774,1.7552526508422686,1.5963605233993003,0.15944797533318678
edb1c9e27821a1fce39bdda8,cashew,calibration,30.54340362548828,2.3777008056640625,1.5538930892944336,-0.7183230294617471,-0.5736535676662339,-1.8102848267042015
3b9b86dbd9a1f1f9414d782e,cashew,calibration,34.179927825927734,2.8560218811035156,1.5623379945755005,1.5680085612011665,0.4458904103936292,-1.7104275649500882
cd86224b1ba9e8aba5fb9bec,cashew,calibration,31.03459930419922,2.0956363677978516,1.6293729543685913,-0.40950171121004547,-1.1748754535869554,-0.9177688785652184
e61ab00b596ac59fd9337ca5,cashew,calibration,33.34515380859375,3.312816619873047,1.6700119972229004,1.0431749283974472,1.4195508845720368,-0.4372302100217759
86e2f8e34d83f9fa6085fb72,cashew,calibration,31.44509506225586,2.695108413696289,1.7591989040374756,-0.1514175165923933,0.10290247800314699,0.6173654310672391
a89c9bdbed1b2abbd6b2de9e,cashew,calibration,30.97908973693848,2.7045936584472656,1.6303091049194336,-0.44440132144690786,0.12312032886283843,-0.9066993132491578
cab103538a7720c28468a45f,cashew,calibration,31.88843536376953,2.3982887268066406,1.6225745677947998,0.12731648348444893,-0.5297703015935394,-0.9981567864233137
e9f6cc9806a819978daa11d3,cashew,calibration,31.55458641052246,2.563875198364258,1.654616355895996,-0.0825788358499539,-0.176821835399268,-0.6192768446122
f6f9f0af66b2cd74aef75336,cashew,calibration,33.094696044921875,3.2427825927734375,1.7069884538650513,0.8857087696020252,1.2702729742832475,0.0
a0dc6473059776e91c5e83b8,cashew,calibration,31.07624244689941,2.240570068359375,1.714986801147461,-0.3833201082721559,-0.8659484812814311,0.09457691135630827
4057fbed4c88ff180fbd60c0,cashew,calibration,30.88687896728516,2.3366241455078125,1.7918874025344849,-0.5023754703972299,-0.6612086925635423,1.003892436655206
aa3cae68e49201500e5ca710,cashew,calibration,32.1677360534668,2.8978347778320312,1.8081042766571045,0.3029165771320122,0.5350148275555346,1.1956497850444767
ed4be3c7c7ec540f02d933c0,cashew,calibration,35.69657516479492,3.512388229370117,1.6842372417449951,2.5215451064351724,1.8449388574258665,-0.26902299887119446
e88d3a3c4ecbb8a1a7fd9b59,cashew,calibration,31.27436828613281,2.4833202362060547,1.6650899648666382,-0.2587557330065711,-0.34852517608058875,-0.495431060949425
da5337ab00fd57df3def1971,cashew,calibration,31.60081672668457,2.456735610961914,1.6725682020187378,-0.053513215366803556,-0.4051904496141458,-0.4070042213458192
d469a34a5db11dfdbb3ccb0a,cashew,calibration,30.326305389404297,2.9574527740478516,1.569686770439148,-0.8548156053604656,0.6620909112718779,-1.6235315476988625
cb945654674b987b5c38ebe9,cashew,evaluation,33.398067474365234,3.720296859741211,1.8049088716506958,1.0764424605141052,2.288097235690456,1.1578655372032687
2ba0d38372d197908ad61da6,cashew,evaluation,30.408845901489254,2.3171215057373047,1.6221238374710083,-0.8029212771812314,-0.7027786754793567,-1.0034864727164534
ad42dee4d78554ec6cfaa68c,cashew,evaluation,31.568538665771484,3.082965850830078,1.8031342029571533,-0.07380686564472885,0.9296227181936545,1.1368808665219756
3064f284ec1e8e0ab5fe7e7c,cashew,evaluation,30.654741287231445,2.3277244567871094,1.7180255651474,-0.6483235466470373,-0.6801784275547589,0.13050894872695668
330068b42041ddafda182873,cashew,evaluation,31.409521102905277,3.3316879272460938,1.6827731132507324,-0.17378334247040234,1.4597751790433393,-0.2863356693425884
583ecaaf0e79e5fbe130e784,cashew,evaluation,30.683103561401367,2.673666000366211,1.6312798261642456,-0.6304918040699086,0.057197857177759666,-0.8952209648003252
7f6cf33066bbc98d837401b0,cashew,evaluation,31.535083770751957,2.3229503631591797,1.64841628074646,-0.09484040732615484,-0.6903544341306301,-0.6925899850793227
aa38f96a55cc885915d6eff3,cashew,evaluation,29.88228416442871,2.4629440307617188,1.6396358013153076,-1.1339777111602423,-0.3919571689891115,-0.7964152624153423
b3737487fd5a6afe2b6d631e,cashew,evaluation,31.65337371826172,2.489337921142578,1.6440447568893433,-0.02046992910501595,-0.33569844785570907,-0.7442813170168319
25449ae74ecb81447c54ff39,cashew,evaluation,31.782075881958008,2.3876953125,1.5166009664535522,0.060446849232369,-0.5523502218981295,-2.2512476496072877
273f04c169c8ccceb254906c,cashew,evaluation,31.667774200439453,2.337127685546875,1.65961492061615,-0.011416152611584757,-0.660135394227134,-0.5601710324044146
abece95c47d86c4dd3228f35,cashew,evaluation,32.031341552734375,2.2939910888671875,1.6307001113891602,0.21716352321873217,-0.7520812850461128,-0.9020758350578069
50e8a62cb1ab0491a6949502,cashew,evaluation,31.345428466796875,2.7206382751464844,1.7970219850540161,-0.2140792433324931,0.15731951676384875,1.0646065990508975
c986836c1675cf21197828f6,cashew,evaluation,33.69055938720703,2.395254135131836,1.6658650636672974,1.2603360532647903,-0.5362385502800001,-0.48626586119327747
6f3c140edff762fa8298530c,cashew,evaluation,30.74446678161621,2.457225799560547,1.6030162572860718,-0.5919119236266412,-0.40414560994574833,-1.229425138990501
46f7dcf3b334c25c7a16ad84,cashew,evaluation,30.99211883544922,2.33868408203125,1.5589321851730347,-0.4362097522778202,-0.6568179266418719,-1.7506997515131664
d02190b7c774eda9c166232a,cashew,evaluation,31.642230987548828,2.300914764404297,1.8486860990524292,-0.027475513512251047,-0.7373234329204985,1.6755118470233312
dbd5f6dcbdf7253bbb2e5abb,cashew,evaluation,30.61998748779297,2.5810165405273438,1.5890754461288452,-0.6701737269764161,-0.14028497119736832,-1.3942690516762766
c10ae5f3d59c42d9df74afe7,cashew,evaluation,32.78312683105469,2.610095977783203,1.7726640701293945,0.689821021555009,-0.07830199226978828,0.7765850516848775
0d8eaefae78ac59664d13564,cashew,evaluation,33.11824417114258,3.3654098510742188,1.7561105489730835,0.9005137927262505,1.531653643390684,0.5808470013406144
ba614eb7de857efc2a8f1c10,cashew,evaluation,31.39072608947754,3.1016693115234375,1.8932468891143799,-0.1856000197639504,0.9694892465528209,2.20242343798722
70861f727a0974973c77545b,cashew,evaluation,30.124265670776367,2.6706619262695312,1.573065161705017,-0.9818406891511524,0.05079465687532371,-1.5835835684479829
701f72404d177041a9bc305b,cashew,evaluation,30.820276260375977,2.4491806030273438,1.9899156093597412,-0.5442494864732749,-0.42129399018427205,3.3454882065901272
c155dc00f8c0f918c2d7ccc6,cashew,evaluation,30.382160186767575,2.3461132049560547,1.6593669652938843,-0.8196989443228998,-0.6409827106558478,-0.5631029941842957
a9c951a4bc723bc3afe426b0,cashew,evaluation,34.219730377197266,3.0288829803466797,1.771153450012207,1.5930329595938715,0.8143447851297996,0.7587226383797557
a6ba424b4ad8d5817ca4389a,cashew,evaluation,31.24928855895996,3.2436561584472656,1.6028519868850708,-0.2745236942134731,1.2721349842759557,-1.2313675636696721
bf3d24ca66a53f167f293e43,cashew,evaluation,32.23817825317383,2.3661861419677734,1.9059853553771973,0.3472045338810719,-0.5981971360635709,2.353050155234591
589fbd8bf990a59044d5bc35,cashew,evaluation,29.264543533325195,2.406343460083008,1.6566160917282104,-1.5223595400388559,-0.512601593735008,-0.595630854776861
881397f594fd09eca24285b8,cashew,evaluation,30.258262634277344,2.602933883666992,1.6374458074569702,-0.8975949990858516,-0.0935680348955959,-0.8223109690779362
1126d26b2a1147a09bb77838,cashew,evaluation,30.17818260192871,2.1160659790039062,1.5888023376464844,-0.9479423906191905,-1.1313296260063894,-1.3974984384251745
893c191624f64df304a49fbc,cashew,evaluation,33.29245376586914,2.1896839141845703,1.847411870956421,1.0100417039585725,-0.9744125961186938,1.6604446645881634
9a917ebca96fb80e628168a2,cashew,evaluation,33.59663009643555,3.639087677001953,1.7074083089828491,1.2012814470137292,2.114999420276605,0.004964600667664025
d41cc11ea6debe6ecb41f3b7,cashew,evaluation,35.0423469543457,2.8995933532714844,1.7268925905227661,2.110223046520885,0.5387632406849606,0.23535759349191565
bc471a4fd5c85ee25571ba0d,cashew,evaluation,33.062156677246094,2.4863147735595703,1.7670060396194458,0.8652508322539542,-0.34214230339816054,0.7096813488202159
19a836c3150e0e2a0b50e10b,cashew,evaluation,32.28925704956055,2.47540283203125,1.5384963750839233,0.3793184589796265,-0.3654011662110088,-1.9923441476677115
d842c7aee444a1673eaa1318,cashew,evaluation,32.56174850463867,3.3028907775878906,1.6623318195343018,0.5506374953978455,1.3983938976679882,-0.5280449069595734
ee9278787c5210bba6dbf923,cashew,evaluation,30.66868019104004,2.1163368225097656,1.6867082118988037,-0.6395599706716737,-1.1307523215981699,-0.2398048720570718
85d86a9f08aef0d1b7d88f9e,cashew,evaluation,30.785907745361328,2.895143508911133,1.6729137897491455,-0.5658574333123658,0.5292783731893523,-0.40291779961510993
03959a9459d4a58a12e5c7ea,cashew,evaluation,31.164852142333984,2.7712249755859375,1.7602750062942505,-0.3276100030330367,0.26514534433286874,0.630089863272521
bef9b44ca652fe20f6430d94,cashew,evaluation,30.65718460083008,2.5546092987060547,1.713869571685791,-0.646787402582388,-0.19657215099878156,0.08136616818272871
2def63027096cb5dcd99cee1,cashew,evaluation,33.443321228027344,3.1109981536865234,1.7017443180084229,1.1048941030416746,0.9893737244443854,-0.06200958204747533
c47307b5123927b1fdccd7a9,cashew,evaluation,33.31969451904297,3.2290821075439453,1.7564977407455444,1.0271683312273385,1.241070315380138,0.5854253724276595
814d580c88d983acc748c3c2,cashew,evaluation,35.35932159423828,2.726285934448242,1.5675119161605835,2.3095092584860977,0.16935753333242834,-1.6492482355412426
b69409e02974aadd02b5e658,cashew,evaluation,32.34980773925781,2.453205108642578,1.9791234731674194,0.4173874905770393,-0.4127157345410086,3.217875979717813
4a3bbd19efd91c76fc11894f,cashew,evaluation,33.99824523925781,2.8490943908691406,1.618294358253479,1.4537822795978164,0.4311244272200118,-1.0487683670515013
9ccca623c9b1494903908e11,cashew,evaluation,31.414981842041016,2.9634246826171875,1.5540558099746704,-0.1703501024570677,0.6748200669207205,-1.8083607267861546
718b703d5d48445ce9590ced,cashew,evaluation,31.10433578491211,2.8237342834472656,1.7916131019592285,-0.3656574494679486,0.3770692200954477,1.0006489539362127
7c99876aa4ca25893a5fe129,cashew,evaluation,32.18007278442383,2.2475757598876953,1.6653428077697754,0.31067284552400065,-0.8510158116237503,-0.492441305692152
a147310f59f6baf808c92877,cashew,evaluation,30.864688873291016,2.9443225860595703,1.7287886142730713,-0.5163266804269775,0.6341038440452309,0.25777723392893903
9e1f1379e5aea06de39f91dc,cashew,evaluation,32.208038330078125,2.404947280883789,1.4797923564910889,0.3282551595566746,-0.5155775573041401,-2.6864931470396054
dbda893cc54d6d998dc446f1,cashew,evaluation,50.72212600708008,10.216594696044922,1.7563945055007935,11.968310661763223,16.1349914638022,0.5842046614173821
1fca1737a5e8d04c32fba8e8,cashew,evaluation,36.06216812133789,4.241594314575195,1.6856565475463867,2.751398306853042,3.399245600553168,-0.2522403368753944
538a5282e0c96eb75a33f44b,cashew,evaluation,36.10349655151367,3.4973201751708984,1.8593705892562866,2.7773820458013425,1.812821217813648,1.8018512077960147
7579c5a47e5d9627c0d61fbd,cashew,evaluation,37.64274978637695,4.540197372436523,1.6884609460830688,3.745131221366494,4.035719645091301,-0.2190795672255374
ad17782eaf707946a982c3c7,cashew,evaluation,38.46227264404297,4.980323791503906,1.7827452421188354,4.260376245317038,4.973851505020193,0.8957904419921868
e7cedae458e2d977b5a0c3cd,cashew,evaluation,34.74046325683594,3.531709671020508,1.7405916452407837,1.9204247126505103,1.8861226155615338,0.3973428434423072
72fea2b8553e59ab6da351be,cashew,evaluation,46.02283477783203,8.411293029785156,1.6891196966171265,9.01380317083092,12.286981127386312,-0.21129013415071873
f9d9af57400f66220a34f637,cashew,evaluation,45.84059143066406,7.619331359863281,1.5863324403762817,8.899224331573388,10.598910513560122,-1.4267038788662112
8a98798bbed2c0fd8e08c0d7,cashew,evaluation,39.86982345581055,6.064159393310547,1.6724610328674316,5.145322339177365,7.284052994707058,-0.40827144905741203
6353f0b207ea6944bca761d9,cashew,evaluation,38.02394104003906,4.716653823852539,1.7224383354187012,3.984791280613937,4.411837532570386,0.18268800122977302
85bd8e436424d830033b21a4,cashew,evaluation,35.2337646484375,4.0032501220703125,1.7032954692840576,2.2305699208689336,2.8912136557958985,-0.04366790575910387
411aa1c900988878136abefd,cashew,evaluation,40.5292854309082,4.448055267333984,1.7533085346221924,5.559934937197344,3.8393182461005844,0.5477144236309487
bfa40cbea241ce4ceaa8f82f,cashew,evaluation,53.734642028808594,8.744518280029297,1.67635178565979,13.862319932215414,12.997252563600519,-0.3622650218594511
8e16249e4d7cf431bd380dca,cashew,evaluation,44.38356018066406,5.758838653564453,1.6732648611068726,7.983169221846493,6.633260174635478,-0.398766536421961
e4e4c93e7b5c12bae85dd5d4,cashew,evaluation,48.80640411376953,6.774658203125,1.6057833433151245,10.763870585970196,8.79848507842719,-1.1967055732046357
7dde5d02c50b180c47c1a3d4,cashew,evaluation,42.76836395263672,5.606559753417969,1.7255223989486694,6.967673666829361,6.3086768693999975,0.21915568546405356
9304f27355b04912b3245760,cashew,evaluation,51.37701797485352,7.923542022705078,1.6461610794067383,12.380050034819199,11.247337198662802,-0.7192567413061449
5119be18347f740e34b065a2,cashew,evaluation,58.53972244262695,11.234981536865234,1.7111009359359741,16.883338503867144,18.305688562899995,0.048628277635739216
6f9e634022de64ca561ca183,cashew,evaluation,51.11332321166992,8.554168701171875,1.564337134361267,12.214261596703983,12.591521399294168,-1.6867886230997968
4068276a6ac8d654ac1d5df2,cashew,evaluation,51.38150405883789,8.161148071289062,1.5658705234527588,12.382870496052645,11.753795785631473,-1.6686569767658497
22bf68b10aef9749882a4dfe,cashew,evaluation,55.5614013671875,10.052360534667969,1.849818229675293,15.010828055265844,15.784925454125029,1.6888987898231056
add19460de66698aca7bf015,cashew,evaluation,40.703731536865234,4.230304718017578,1.643174648284912,5.6696115462157834,3.3751817639880137,-0.7545699655895972
fe8ed26e05c408e11a9b70ab,cashew,evaluation,49.634864807128906,7.156562805175781,1.5901273488998413,11.28473494722514,9.61251681820887,-1.381830767663935
205e0b1a7a93178f6b42bee9,cashew,evaluation,46.28895568847656,6.351413726806641,1.5851285457611084,9.181116960429529,7.896337171435988,-1.4409393990657395
1bc4a12c41328e22e24ed83b,cashew,evaluation,50.30916595458984,8.52484130859375,1.571796178817749,11.70867713214828,12.529009902246386,-1.59858872861473
7f8cdc27651c7e75619bfbe4,cashew,evaluation,60.63592529296875,12.870105743408203,1.7171603441238403,18.201249380575987,21.790964716849892,0.12027809363158316
e536952d5769122adf6a4f40,cashew,evaluation,68.95408630371094,14.047855377197266,1.5776907205581665,23.430988891942967,24.30134447732491,-1.528888385283105
ee5b00d62ec57d3927f84f56,cashew,evaluation,57.882286071777344,11.959247589111328,1.7001339197158813,16.469999430434715,19.849465598863294,-0.08105182804959722
4b113e77d75a66a4a9b92342,cashew,evaluation,53.85205841064453,10.997982025146484,1.76675283908844,13.936141187968477,17.800522812563816,0.7066873647719143
c9bafba371c2d8b1b3cc5d12,cashew,evaluation,63.29599380493164,13.20516586303711,1.577580213546753,19.873670169496766,22.50514718715359,-1.5301950817109655
27effd8e1cf24c2a7ff0a200,cashew,evaluation,67.67471313476562,12.169506072998047,1.6641713380813599,22.626629803104038,20.297632702697786,-0.5062934155050806
d4d5c47af532576b348a5ebf,cashew,evaluation,62.487789154052734,11.776870727539062,1.7924681901931763,19.36554105411735,19.460728324883405,1.0107599932857738
83cb64eac67e14ea3f243a8f,cashew,evaluation,54.020809173583984,7.590049743652344,1.6840486526489258,14.042237058363156,10.536496589088378,-0.2712529813403155
ffc319baed47c4ac460ee579,cashew,evaluation,48.89815139770508,5.7233734130859375,1.7688580751419067,10.821553335226755,6.55766582135072,0.7315808479607123
d102687a66daf3c817844090,cashew,evaluation,50.75201416015625,6.419914245605469,1.6409785747528076,11.987101744895947,8.042346400427533,-0.7805375616996786
8f59176e42569bcbd2986379,cashew,evaluation,47.18401336669922,4.842277526855469,1.640768051147461,9.743851740233431,4.679605139884253,-0.7830269100185584
00bb69b97e4fb3be8e1bb095,cashew,evaluation,41.5164680480957,4.1536712646484375,1.815959095954895,6.180589903045316,3.2118371406538726,1.2885295416012768
37165ec33c568323cf4b101a,cashew,evaluation,48.57181930541992,6.340850830078125,1.6596264839172363,10.616383967304355,7.873822299515423,-0.5600343014944874
140d2904b822ec2bc4949ad9,cashew,evaluation,55.20056915283203,9.489871978759766,1.603477120399475,14.783967997381431,14.585978032924915,-1.2239756369515489
c3a49673335eb86ad9183e24,cashew,evaluation,59.929481506347656,10.950004577636719,1.7519713640213013,17.75709868684923,17.698258621828913,0.5319029739747342
2308db987d42256521fd6a3d,cashew,evaluation,50.37989044189453,7.90643310546875,1.6837489604949951,11.753142566900129,11.210869448368928,-0.27479670822234487
d47fdeb4ee11ad5662f38c63,cashew,evaluation,55.85181427001953,9.159679412841797,1.7864550352096558,15.19341454650953,13.882170779873167,0.9396571009296384
ec49f72f6e3aee4222900e6a,cashew,evaluation,56.12967300415039,10.229293823242188,1.6069923639297485,15.368108063332055,16.1620597226045,-1.1824094403336964
c37641ccf15e6ff71b33b4cb,cashew,evaluation,48.637962341308594,8.179424285888672,1.6462297439575195,10.657968982038025,11.792751636614293,-0.7184448134286394
a467b1288157bbb3013d8f8a,cashew,evaluation,31.62388801574707,2.682363510131836,1.8289852142333984,-0.03900798616620174,0.07573664662481235,1.4425576164327123
4bfb631e057edbd1b1fbc454,cashew,evaluation,32.74615859985352,2.9470138549804688,1.8629729747772217,0.666578598244327,0.6398402984114132,1.8444478198278542
0e3251fb1896fd4c3a5a2670,cashew,evaluation,38.37994766235352,5.154594421386719,1.6875169277191162,4.208617423991283,5.345310301993506,-0.2302421659442289
54de2f0679cdf5222bf2b47b,cashew,evaluation,37.82986068725586,5.085536956787109,1.737732172012329,3.8627703569963745,5.198113939993508,0.36353083997403435
6e70d42541d34113e7c80d64,cashew,evaluation,42.398868560791016,5.277851104736328,1.6366479396820068,6.735366952940556,5.608032594021453,-0.8317454018629094
df54b67f7dd10f66bf4a784f,cashew,evaluation,34.49501419067383,3.2980480194091797,1.7233623266220093,1.76610758922883,1.3880715322280612,0.19361378765085874
7271e58c1f6dcc27da8be0e2,cashew,evaluation,44.440731048583984,8.358428955078125,1.722629189491272,8.019113314113262,12.174301064159446,0.18494476604207574
375185b386e7023808749ac0,cashew,evaluation,34.61471939086914,3.019519805908203,1.6124628782272339,1.8413678558152857,0.7943871278062071,-1.11772303356507
baeea786a09892dfa0340bfb,cashew,evaluation,38.66389465332031,4.700016021728516,1.6170076131820679,4.38713870963063,4.376373966704895,-1.0639835571726728
e7cbce5c566a94df22447ef5,cashew,evaluation,33.878570556640625,2.9673423767089844,1.641613483428955,1.3785411998224724,0.6831706532198972,-0.7730300480267716
659f078c5e39bc068079b028,cashew,evaluation,32.83607864379883,3.285198211669922,1.890859842300415,0.7231125371855569,1.3606820970296416,2.1741976674678263
3904625837f92270b91a3cc4,cashew,evaluation,36.19356155395508,4.4896240234375,1.8809330463409424,2.8340071220953584,3.9279222761902917,2.0568177052878944
c6ae62ce191877d0c18b2f70,cashew,evaluation,31.50536346435547,2.5233936309814453,1.641587257385254,-0.11352596299776566,-0.26310851680809383,-0.7733401593688743
d2db796ba6026d0875167e68,cashew,evaluation,38.67964172363281,5.00390625,1.6354042291641235,4.397039104164374,5.024117643775315,-0.8464517274636302
825287c092c98c035cba3279,cashew,evaluation,36.68212127685547,4.388822555541992,1.8261154890060425,3.141171179537269,3.713063398232553,1.4086243876216173
461d7ee726c191d89677944e,cashew,evaluation,36.91486740112305,5.409345626831055,1.8099653720855713,3.287501792833618,5.88831388421208,1.2176564135576995
5c2e8b5e80ca6875a61dbd0a,cashew,evaluation,40.35932922363281,5.701576232910156,1.6993688344955444,5.453081187763744,6.511205013061045,-0.09009862165694184
d7df4a2b68fb3f9ad9bf0632,cashew,evaluation,39.8157958984375,3.6665115356445312,1.5671371221542358,5.111354488455121,2.1734535243708426,-1.6536800085392935
aa254c5f45dbb8eb7d5b4f86,cashew,evaluation,56.11016082763672,11.477027893066406,1.7001802921295166,15.355840495977379,18.82161168974427,-0.08050349481287908
82a4680a7e1144295cc31cb2,cashew,evaluation,46.793827056884766,7.086051940917969,1.9011701345443726,9.498536368410754,9.462222526919694,2.296112303227506
caee2124d7d7403ff534e571,cashew,evaluation,45.79447555541992,5.503868103027344,1.6476399898529053,8.870230661631908,6.089789057156726,-0.7017692808055657
491eb2822a9738f7e2fdd625,cashew,evaluation,54.819461822509766,9.428524017333984,1.7068321704864502,14.544360701864544,14.455214518939169,-0.0018479816795308167
1f059309b9010edf5938cb5e,cashew,evaluation,36.5041389465332,3.183351516723633,1.5783361196517944,3.0292712987812376,1.1435953119190556,-1.5212568270733569
52717e1d70ec3483647e9f4f,cashew,evaluation,33.6114616394043,3.333932876586914,1.8136963844299316,1.210606237214116,1.4645603007931598,1.2617739807628525
0681c40cd5573f05d97c2d7f,cashew,evaluation,50.17965316772461,9.180335998535156,1.6221293210983276,11.627250704140739,13.926200404809917,-1.0034216312540136
d7562f154a039b9cb037d700,cashew,evaluation,40.23127365112305,4.534420013427734,1.750705361366272,5.372570929986793,4.023405172890616,0.516933053733226
4cefeaf687486a537c3ef760,cashew,evaluation,42.49069595336914,6.5029754638671875,1.8673992156982422,6.793100067576285,8.219391839646887,1.8967861567927506
99767e65133fab9d27272b83,cashew,evaluation,44.812255859375,6.4969635009765625,1.6208425760269165,8.252695950941009,8.206577307994012,-1.018636821375185
44ffe7dba665e6f41f4c9a62,cashew,evaluation,47.37372970581055,6.440086364746094,1.657382845878601,9.863128949861991,8.085343382267892,-0.5865643268113826
3c1917e729daa7d3bd4c2e6c,cashew,evaluation,44.21907043457031,6.625957489013672,1.7701839208602905,7.8797523099533135,8.48152869621861,0.7472583859010188
03c6538ff8044a32980bae8f,cashew,evaluation,42.10742950439453,5.810047149658203,1.6754120588302612,6.552135305173231,6.742411363029002,-0.3733768750857985
b5067b257b192b1707b224cb,cashew,evaluation,41.165340423583984,5.690513610839844,1.7580621242523193,5.95983125109449,6.487624973852074,0.6039235139840919
359ce67c42828fde7b24aabc,cashew,evaluation,49.92797088623047,9.19443130493164,1.7296655178070068,11.46901467454945,13.956244627181347,0.2681462295312492
f04e9dad27415fdc7e6079a1,cashew,evaluation,41.72172164916992,5.969379425048828,1.7076443433761597,6.309635597881226,7.082028976022202,0.0077556027465892855
3c62fd7f46b8de64cee5687f,cashew,evaluation,34.97268295288086,3.2590713500976562,1.7004767656326294,2.066424353455179,1.3049925492564558,-0.07699782705010781
b58f07063665ea2bf20bbf77,cashew,evaluation,38.97391128540039,4.057201385498047,1.6249901056289673,4.582050328662328,3.006211067703647,-0.9695941222186357
04499a54b7db9c55b7403fb7,cashew,evaluation,33.21744155883789,2.5066356658935547,1.805640697479248,0.9628805222455047,-0.2988282106856826,1.1665190532449468
786e3415453022d8ff31ac3e,cashew,evaluation,33.45485305786133,2.6884288787841797,1.7490946054458618,1.1121443192905864,0.08866501294973066,0.4978865789400754
0449fa75a103b21fcaa8d5ae,cashew,evaluation,33.67948913574219,2.5420398712158203,1.9249916076660156,1.253376037533946,-0.2233639541689739,2.5777906640505144
20e0ba99993580839ec7d10c,cashew,evaluation,41.38793563842773,4.367137908935547,1.7071934938430786,6.099779851344737,3.6668424558589696,0.0024245068564401257
4ed1682650e60fc90ba815c8,cashew,evaluation,36.92648315429688,4.223058700561523,1.7557532787322998,3.2948047728130923,3.359736838306138,0.5766224391029685
105640f34633543091913ec9,cashew,evaluation,35.57415008544922,3.0106067657470703,1.7649916410446167,2.4445748153083677,0.7753889341469796,0.6858619785527013
e3cc8b4f0b2ea31708ddcd7d,cashew,evaluation,38.226829528808594,4.232868194580078,1.8003813028335571,4.112349997588674,3.3806458282460925,1.104329042780248
7541f2527c1af0a2054170ec,cashew,evaluation,35.12805938720703,2.546579360961914,1.7987357378005981,2.164111603880065,-0.2136880070452929,1.0848709656603064
c60dd4d2e61eb5c350e3e0cb,cashew,evaluation,35.57461166381836,3.215015411376953,1.5266413688659668,2.4448650158264353,1.2110870758687315,-2.132524341477247
3d2362f1d154d4e53d413a42,cashew,evaluation,35.7974853515625,3.444438934326172,1.7046685218811035,2.5849886957280823,1.7001045648707673,-0.027432167403012377
cfa0d8c20570d10e5efc7f63,cashew,evaluation,34.10908126831055,2.799619674682617,1.5982978343963623,1.5234663792048742,0.32566880014389354,-1.2852183982258245
9e06799b178ca9f7fce52add,cashew,evaluation,40.17654037475586,5.2206573486328125,1.5946295261383057,5.338159384257587,5.486123791311075,-1.32859451740395
32065f01befb47840ffbb10e,cashew,evaluation,36.63352584838867,3.0774269104003906,1.5470376014709473,3.110618581192946,0.9178164364931631,-1.8913479315298751
21a651a7c2428b1d71a82407,cashew,evaluation,34.54758834838867,2.9403076171875,1.5902529954910278,1.799161668071868,0.6255459160219752,-1.3803450524158607
e0913a5a9591f115018022a9,cashew,evaluation,56.33642578125,6.346771240234375,1.3676196336746216,15.498096310263836,7.886441686016223,-4.012885873914626
bc01772894f2a1b9e6580af3,cashew,evaluation,55.91831970214844,10.252460479736328,1.9331673383712769,15.235227404625153,16.211439577127287,2.6744650557570453
7e0c6821b6a6c48101d0a574,cashew,evaluation,54.04753875732422,6.311939239501953,1.8104641437530518,14.059042306545798,7.812197086699979,1.2235541674456911
f7a207a5dd270e194eab27c7,cashew,evaluation,57.2288818359375,7.267070770263672,1.497909665107727,16.05919541442045,9.84806514781048,-2.472264003123958
3e039509cc2dbdd0924b0cea,cashew,evaluation,53.57522964477539,7.070552825927734,1.6245359182357788,13.762095226020978,9.429186078883127,-0.9749646868250524
0b12c84fb0f37ec286fc0b0a,cashew,evaluation,62.58976745605469,7.184593200683594,1.5763964653015137,19.429656181799178,9.6722637589356,-1.5441923800158786
3fe84800bdb0ea71c4cda19f,chewinggum,calibration,35.97856903076172,2.885059356689453,1.5698376893997192,1.1827689201352731,-0.47970188014416426,-0.7099060218014709
bfb628e7889c6d96fb7db331,chewinggum,calibration,34.29559326171875,3.651357650756836,1.493321418762207,-0.294021066204197,1.590411730835541,-1.6810606914368937
4589e21b3164b5a7eb46ac97,chewinggum,calibration,35.426780700683594,2.9152774810791016,1.8522826433181763,0.6985816279428635,-0.3980692429823903,2.8749228469802826
d534c1e0ac8a7607a4e8c738,chewinggum,calibration,35.80903625488281,3.127288818359375,1.6826486587524414,1.0340060499980084,0.17466797747566595,0.7219057845006032
9f48baf5424aa2b2f85db718,chewinggum,calibration,35.154056549072266,2.4731807708740234,1.6052662134170532,0.45926962860162174,-1.5923697187242916,-0.26024248944346867
29d74589cbfd2cdc682d9d58,chewinggum,calibration,36.79464340209961,2.686830520629883,1.6727664470672607,1.8988638763837524,-1.0152064151177176,0.5964794412610789
0927c1f5d5a9a77901bb2193,chewinggum,calibration,35.26371765136719,3.1933956146240234,1.6432549953460693,0.5554958611707219,0.35325193072883293,0.2219161763768037
a77e41cc52628dea64a4196d,chewinggum,calibration,33.862003326416016,2.9070072174072266,1.69904363155365,-0.6744907594765952,-0.4204109153129749,0.9299929568337719
77ed5551df47394325d63269,chewinggum,calibration,32.77520751953125,3.2021923065185547,1.6508396863937378,-1.6281403570081265,0.37701572057861527,0.3181820825339454
2929092d7f0bbb793639ef89,chewinggum,calibration,33.74709701538086,3.184101104736328,1.4570729732513428,-0.7753195964838111,0.3281433123554614,-2.1411307762907517
52dc101a51a7ef22780e40fe,chewinggum,calibration,34.156612396240234,2.570293426513672,1.8003723621368408,-0.4159750207451935,-1.3300251046302614,2.216070663630056
916c3aa624b1aca020daf9a2,chewinggum,calibration,33.87193298339844,3.0816097259521484,1.635780930519104,-0.6657776108566569,0.05126836708701957,0.12705435290593037
73b86ef0c1290ffc22cc7dc0,chewinggum,calibration,34.74537658691406,3.532939910888672,1.516982078552246,0.10065812222442033,1.2705125780116606,-1.3807564548306934
0c394bf08e88a3dd9642b486,chewinggum,calibration,40.697052001953125,4.400733947753906,1.6018049716949463,5.323178146901076,3.6148114772126294,-0.3041730290941187
b6ee1efcda23bcf04d3eb769,chewinggum,calibration,35.32935333251953,3.3185157775878906,1.57039213180542,0.6130903425977904,0.6912573189239481,-0.7028689651486322
d211477852eca6d229c6c9b1,chewinggum,calibration,34.28417205810547,2.684041976928711,1.5983885526657104,-0.30404302815890133,-1.0227395158897,-0.3475346731736083
3d854ba58dd959f8d352803c,chewinggum,calibration,34.148197174072266,3.369016647338867,1.5729173421859741,-0.4233592719382723,0.8276827013724926,-0.6708186596063652
ac29dc77ca899fdacda142a3,chewinggum,calibration,40.24593734741211,3.9130210876464844,1.6129719018936157,4.927330733782347,2.297281426872421,-0.16244086784822084
df3d639a173cf3a9a6ad26e3,chewinggum,calibration,33.23122787475586,3.0371227264404297,1.866593599319458,-1.2279882534840043,-0.06891086848460298,3.056559401294761
ab851383be1aed9b04fa3428,chewinggum,calibration,35.91151809692383,3.128446578979492,1.6073614358901978,1.123932572347084,0.1777956054979595,-0.23364964753198852
49cfd3771e36f1dff1350104,chewinggum,calibration,35.11320877075195,3.3123092651367188,1.8943336009979248,0.42342621891191756,0.6744907594765952,3.408639186957109
b5ca370d665668da4b52c306,chewinggum,calibration,34.9454345703125,3.051349639892578,1.8334366083145142,0.27620647651717745,-0.030477627268313642,2.635726467629479
1dc8e0d8c3bc9d1762191a5f,chewinggum,calibration,32.315391540527344,2.973064422607422,1.5711371898651123,-2.0316230724711035,-0.24196092965219615,-0.6934125892982254
25e2fb347df6fba18f1fc333,chewinggum,calibration,33.21387481689453,2.7269954681396484,1.6044353246688843,-1.2432153426396322,-0.9067029704826968,-0.27078823979184236
5d4ac6d3cb4623ce5901a5a5,chewinggum,calibration,33.08002471923828,3.145366668701172,1.6535966396331787,-1.360667113202981,0.2235043175008691,0.3531736992207229
61a6ab35351096a06016bbc2,chewinggum,calibration,37.631290435791016,2.750946044921875,1.549290657043457,2.633011084075692,-0.8420017759589074,-0.9706916854737869
176cb741405f664a94c7ce31,chewinggum,calibration,35.14042663574219,3.1390419006347656,1.6861835718154907,0.44730955175988535,0.20641829687166743,0.7667713705953415
3856a91635d30099bb7fcf74,chewinggum,calibration,33.99726104736328,4.08631706237793,1.6257704496383667,-0.5558038172494904,2.7654311784729573,0.0
b12734fefa5d5d63bfa1707a,chewinggum,calibration,33.68515396118164,3.023632049560547,1.6507151126861572,-0.8296738443864462,-0.10535520621389839,0.3166009764917574
74f06ed4b50b29a4bca10707,chewinggum,calibration,34.3056526184082,2.994333267211914,1.5830068588256836,-0.2851941077290616,-0.1845042903167836,-0.5427611743502238
527ed2fad5ba23b1f4562171,chewinggum,calibration,34.49263000488281,3.299732208251953,1.7792965173721313,-0.12112381206779453,0.6405145170070669,1.9485732426341553
aa84979a7812de7ac64e7679,chewinggum,calibration,33.58893966674805,2.4116764068603516,1.6727291345596313,-0.9141006728505587,-1.7585204488838928,0.5960058659584905
4c96b6c59484715d5387d374,chewinggum,calibration,38.9399528503418,4.005062103271484,1.6860195398330688,3.781345828316495,2.545925278344905,0.7646894548881159
cd85a0c56bf56e9328db3a63,chewinggum,calibration,35.71562194824219,3.2991809844970703,1.6174525022506714,0.9520361754666791,0.639025415691675,-0.10557249301407814
0f6e007aa1c83969d60acf53,chewinggum,calibration,34.70658493041992,2.8071937561035156,1.678912878036499,0.06661893347445756,-0.6900516105924545,0.6744907594765952
eaf488fca4444e52ebd44e0b,chewinggum,calibration,33.40118789672852,2.8138351440429688,1.5436969995498657,-1.0788504802943195,-0.6721102584118511,-1.0416871293183694
d88fff380eb785138634e40c,chewinggum,calibration,35.00055694580078,2.8406925201416016,1.6958990097045898,0.3245756649759209,-0.5995565019342308,0.8900809986645107
0da3703324727ac18dba4a01,chewinggum,calibration,34.58441925048828,2.799245834350586,1.5841445922851562,-0.04057990807511049,-0.7115224935725157,-0.5283209101716184
fb36e084aa92c2409ab3095e,chewinggum,calibration,36.20044708251953,3.833536148071289,1.6250745058059692,1.3774641088905917,2.0825571392726854,-0.008833011554348031
68faff61ad67253f1a901e65,chewinggum,calibration,33.86457443237305,3.062631607055664,1.7845439910888672,-0.672234646464748,0.0,2.015174876003605
83e25c6b57074c4097abde02,chewinggum,calibration,34.30907440185547,3.2348861694335938,1.6188971996307373,-0.28219153596106905,0.46533643216038434,-0.08723620198510525
c9c8533ccfb09cbe4267de62,chewinggum,calibration,34.63066482543945,2.7592735290527344,1.5963953733444214,0.0,-0.8195055256371057,-0.37283236984861673
3a560017489e930e654071f8,chewinggum,calibration,33.91304016113281,2.668092727661133,1.4947943687438965,-0.6297065814565587,-1.0658255546416253,-1.6623658146356735
c639721e66feb16b2eab2756,chewinggum,calibration,35.48028564453125,2.7583675384521484,1.7303814888000488,0.7455315405603262,-0.8219530104980437,1.3277372032227004
a6b6e8feb7762aed2cf68197,chewinggum,calibration,38.51674270629883,3.5906448364257812,1.6408748626708984,3.4099842708085424,1.4263993295544435,0.191707216340128
231379537caa4174d94051e2,chewinggum,evaluation,35.888858795166016,3.116212844848633,1.8183765411376953,1.104049321174424,0.14474683097573404,2.4445820947799675
fcece3d2025e9e0dc3fd3593,chewinggum,evaluation,34.1981201171875,3.350309371948242,1.6259722709655762,-0.3795525197334574,0.7771460034439008,0.002561543090358208
a0116ed039f83a48335ae1d0,chewinggum,evaluation,35.49283981323242,3.4830856323242188,1.5608296394348145,0.7565476650736636,1.13583392686387,-0.8242373883832299
34a63268a8fdeb1b262e5143,chewinggum,evaluation,35.77725982666016,3.367147445678711,1.5862640142440796,1.006122635474739,0.8226331536593992,-0.5014209251725171
cd3a367d4ef0cdebd425f875,chewinggum,evaluation,33.144287109375,2.3863582611083984,1.7090935707092285,-1.3042776773015283,-1.826916057397772,1.0575481194047398
7bb9f16e9d0af04f5dd648e4,chewinggum,evaluation,33.82267761230469,3.4168701171875,1.5482043027877808,-0.7089985770420753,0.9569562754273905,-0.9844798379737482
e256bf7f650988a8e67a64e4,chewinggum,evaluation,33.37897872924805,2.620939254760742,1.5678024291992188,-1.0983387443224784,-1.1932081246039667,-0.7357378145845103
a2ae477069878bb6baf54916,chewinggum,evaluation,36.98701095581055,3.518787384033203,1.5893065929412842,2.067663975733061,1.2322802881839536,-0.4628041122397276
10900085cd75ee1b01f3be8f,chewinggum,evaluation,34.456756591796875,2.9863739013671875,1.6787927150726318,-0.15260227907582383,-0.20600608889508837,0.6729656351794416
c8f6682bf613e7f5e8b9e9a3,chewinggum,evaluation,32.865474700927734,3.344125747680664,1.499179482460022,-1.5489320451396666,0.7604412751930347,-1.606709368930519
39d6c269322b94c12d0f6a54,chewinggum,evaluation,33.852291107177734,2.564342498779297,1.7485800981521606,-0.6830131092216445,-1.3461012157168444,1.5587163702145341
643858384b2d2c8254ef5be0,chewinggum,evaluation,36.32320785522461,2.8711910247802734,1.5113320350646973,1.4851851368345932,-0.5171664326154929,-1.4524675571996348
df28201302d74ac0fb6037a6,chewinggum,evaluation,34.754920959472656,3.2152538299560547,1.7078534364700317,0.10903318862744982,0.4123007233737821,1.0418081709292546
52e013a1f13b98e39e33d574,chewinggum,evaluation,36.02241134643555,3.575794219970703,1.6702872514724731,1.2212399985405562,1.3862811882338875,0.5650131614913331
0460bfe75a262d4797c9b32d,chewinggum,evaluation,32.87514114379883,2.860391616821289,1.6640703678131104,-1.5404498635788046,-0.5463404521578752,0.48610764837540227
c46107bace7fa7c916d49c6f,chewinggum,evaluation,33.78165054321289,3.135068893432617,1.5948930978775024,-0.7449993121198459,0.19568543168149036,-0.391899449603309
8f3748fa3473bf9a6a307781,chewinggum,evaluation,34.1080436706543,2.9266624450683594,1.533793330192566,-0.458593464167804,-0.3673133753298858,-1.1673858161823856
cd4093246e027baa9ffbd4b1,chewinggum,evaluation,33.811058044433594,3.159191131591797,1.7123003005981445,-0.7191946011282574,0.2608503601789312,1.098248361064891
9e8d59966a6eb48d80049191,chewinggum,evaluation,34.5209846496582,3.2353668212890625,1.628542423248291,-0.0962429693125115,0.46663488728660835,0.03518225722392168
a7aa777741a381e36eb5dba3,chewinggum,evaluation,34.32399368286133,2.5525150299072266,1.5339348316192627,-0.2691000552647268,-1.378052486501428,-1.1655898612808762
d662bf829831cb59e8ce8104,chewinggum,evaluation,34.309165954589844,2.8901920318603516,1.7249528169631958,-0.28211119959269465,-0.4658362343319864,1.258835779246432
a6332124138ca90beb26bc8a,chewinggum,evaluation,34.29389953613281,2.745542526245117,1.5700335502624512,-0.2955072890191231,-0.856599090929513,-0.707420129717916
c1adf3870ae657fb808f3e6c,chewinggum,evaluation,36.369728088378906,3.4293060302734375,1.6826543807983398,1.526006054014827,0.9905512255185832,0.7219784094671343
2b482978d8bddd0b4febc783,chewinggum,evaluation,36.44435119628906,4.482292175292969,1.6356638669967651,1.5914868889373142,3.8351366406941327,0.12556856713231446
9470a7558ebde1d9476253c3,chewinggum,evaluation,35.054931640625,2.7000350952148438,1.5553816556930542,0.3722887730929402,-0.979534967344508,-0.8933839216215409
b00e4d0903b4bf478306d4ea,chewinggum,evaluation,34.10789489746094,2.3838462829589844,1.57484769821167,-0.45872401076641234,-1.8337020312122045,-0.6463183245430631
5a718058dd7c07faaa443c80,chewinggum,evaluation,34.05438232421875,2.519010543823242,1.6098843812942505,-0.5056806180812395,-1.4685630529587734,-0.20162808937230683
55aff87e0262bc5e90547415,chewinggum,evaluation,32.74350357055664,3.5320262908935547,1.6354026794433594,-1.6559601719064392,1.2680444827518935,0.12225354001419582
439461fbf7ee75047f00f95f,chewinggum,evaluation,33.82020950317383,2.526653289794922,1.7328543663024902,-0.7111643116395013,-1.4479165859318701,1.3591232929252348
43749ef55ca32d60fe057566,chewinggum,evaluation,34.50544357299805,2.757230758666992,1.6984158754348755,-0.10988006784406311,-0.8250239599235577,0.9220253927972532
98fe9efceefbaf49432b90cf,chewinggum,evaluation,33.464359283447266,2.927684783935547,1.6599382162094116,-1.023418386116001,-0.36455158188680614,0.43366183139897785
40bb39e87277a618b92f0faa,chewinggum,evaluation,35.654781341552734,3.1138267517089844,1.6615395545959473,0.898649311333219,0.1383009287419791,0.4539862308867403
458a971b48f0e442e24c4391,chewinggum,evaluation,34.68813705444336,3.140005111694336,1.700795292854309,0.05043115524701928,0.20902035972382269,0.9522252747131125
1db809e183fd55290b9194fc,chewinggum,evaluation,34.75483703613281,2.39923095703125,1.5707054138183594,0.10895954695643996,-1.7921411619736218,-0.6988927482310531
561536eeb0f5c771fea6dada,chewinggum,evaluation,34.22819137573242,2.800039291381836,1.6140789985656738,-0.3531653700711546,-0.7093790120943047,-0.1483894498445843
abdd950c347d9a66afee5ce3,chewinggum,evaluation,34.127498626708984,2.6405410766601562,1.6834560632705688,-0.4415219858882475,-1.1402548574126803,0.7321534698821721
30226471f3251485965572de,chewinggum,evaluation,35.67482376098633,4.270965576171875,1.8773959875106812,0.9162362813098445,3.2642492035309747,3.193664746964572
ef4657f98e39b73d2d4942c7,chewinggum,evaluation,37.55943298339844,4.57615852355957,1.7363096475601196,2.5699570769478477,4.088711530086444,1.4029781815690816
755202c6c61883acf06f6975,chewinggum,evaluation,34.30963897705078,3.4110164642333984,1.6689403057098389,-0.28169612835609364,0.9411429469258765,0.5479175469739336
5528724a08314d2a3ba2af8c,chewinggum,evaluation,35.432254791259766,2.7364959716796875,1.524956464767456,0.7033850733019152,-0.8810378713409436,-1.279544485848755
4c531f56f440b2d8fa09ca60,chewinggum,evaluation,33.687984466552734,3.020172119140625,1.4904639720916748,-0.8271901116642048,-0.1147020220828284,-1.717327784098374
8ee98b453fbf22387c3a94ef,chewinggum,evaluation,32.65835189819336,4.188316345214844,1.5557221174240112,-1.7306796891919805,3.0409767530169316,-0.889062736112939
0226a1a2b5c3e5e187ddae50,chewinggum,evaluation,36.03723907470703,4.524110794067383,1.6272307634353638,1.2342511428685239,3.948107389275329,0.018534496666797427
aa133890b0c3c8dae34ec8c0,chewinggum,evaluation,34.932247161865234,2.891988754272461,1.6080740690231323,0.26463469212258395,-0.4609824854077681,-0.22460481315859138
e3ddd00c1c9aacc82180d106,chewinggum,evaluation,34.13364791870117,2.4953060150146484,1.531483769416809,-0.43612605981243474,-1.532599562120329,-1.1966990682985106
1f39f107c638e81a3a736b0b,chewinggum,evaluation,32.3642692565918,3.2855472564697266,1.590125322341919,-1.9887334938052295,0.6021946329843367,-0.45241268994523254
7fbe294e05183265a65cd84e,chewinggum,evaluation,34.13199615478516,2.9520111083984375,1.6740375757217407,-0.43757546179184964,-0.29883532522069084,0.612612774971941
86646f095dd3601dcd6e4c76,chewinggum,evaluation,35.08627700805664,3.0372352600097656,1.6585630178451538,0.39979393721511974,-0.06860686510187593,0.4162076311093309
c60cc89e96bd9d772b05386b,chewinggum,evaluation,34.50374221801758,2.7929000854492188,1.7009403705596924,-0.11137298535635373,-0.7286651927984971,0.9540666202187037
c7ccddf5c463405be0df2eac,chewinggum,evaluation,33.861236572265625,3.0822315216064453,1.633823275566101,-0.6751635765617308,0.0529481145915792,0.10220753623146937
83ea52edfb4329b3c3776f42,chewinggum,evaluation,59.66243362426758,5.493892669677734,1.714831829071045,21.965061043924248,6.567920947422029,1.1303788566743693
a5f89ec211748982c4996b06,chewinggum,evaluation,52.52314758300781,4.638446807861328,1.7372164726257324,15.700427690741135,4.256979978725719,1.4144877257441288
fc6e887528a8307b0920d255,chewinggum,evaluation,58.96216583251953,7.173805236816406,1.6703239679336548,21.350584898972,11.106114360369686,0.5654791716932411
f90c7ef05315e1fbbd3fa860,chewinggum,evaluation,57.867469787597656,7.959590911865234,1.6667883396148682,20.390002942319494,13.228872082558242,0.5206045074776864
4a67af721b0f452ae820ab9e,chewinggum,evaluation,61.18436050415039,5.956775665283203,1.6414462327957153,23.300532663595813,7.818374454773411,0.198959121852288
bccc338c2696bbd76ac7532f,chewinggum,evaluation,61.236141204833984,5.661907196044922,1.6191792488098145,23.34596957460889,7.021803150433223,-0.08365639634317522
550d24c52247875e84fee4c5,chewinggum,evaluation,61.24351501464844,6.954082489013672,1.6473888158798218,23.35243999961171,10.512545179295264,0.27438317563513304
3de82da3ee7f68761919ff55,chewinggum,evaluation,58.535274505615234,7.264595031738281,1.598702311515808,20.97599314998566,11.35137810643422,-0.343552404175485
06b0186aca1c70e236744d28,chewinggum,evaluation,53.52150344848633,4.407787322998047,1.7331103086471558,16.57647235642301,3.6338657909299963,1.3623717471573666
316a2b9030ceb3d732e954e9,chewinggum,evaluation,64.29220581054688,6.670215606689453,1.6071875095367432,26.027627677083952,9.745694070066426,-0.2358571439105075
57c2ecd0a96379ea0c7060fd,chewinggum,evaluation,52.95214080810547,5.981040954589844,1.6986533403396606,16.0768638288514,7.883925828248895,0.9250393289082948
bc2f79cdb92b2ba2a7899fb5,chewinggum,evaluation,59.38209915161133,7.173236846923828,1.6515170335769653,21.719071083961886,11.104578885656927,0.3267790629470673
ae4d8b7bd0627a96a5d5eaec,chewinggum,evaluation,59.3505744934082,6.477928161621094,1.7492214441299438,21.691408594451637,9.22623988318092,1.5668564185465643
f64396309a7f0ebc28e5d4d2,chewinggum,evaluation,58.61920547485352,7.36993408203125,1.6285185813903809,21.04964151569288,11.635945883065569,0.03487965319670866
23d7a1f983cb6af4c2c9d031,chewinggum,evaluation,66.46483612060547,10.195594787597656,1.6115072965621948,27.934083340279084,19.269316245350595,-0.18102983323991662
1426282f6fdb9fcf4076b880,chewinggum,evaluation,58.05923843383789,4.352817535400391,1.5907169580459595,20.558277507925688,3.4853678673673927,-0.4449035710099415
058fdc068c35a2b940e25fab,chewinggum,evaluation,54.81203842163086,6.0811309814453125,1.728063702583313,17.708900499725686,8.154313650485925,1.2983195527171867
6dee22a05f1671109ed92efd,chewinggum,evaluation,56.38833618164063,6.484699249267578,1.7353531122207642,19.092081880165594,9.244531612141614,1.3908377079972953
14071f493f44fe45e4e06ab9,chewinggum,evaluation,59.51755905151367,6.521759033203125,1.6270161867141724,21.83793543566915,9.344646624453253,0.015811060421880255
a9cad478be6c540796456358,chewinggum,evaluation,59.86753082275391,5.959972381591797,1.700439214706421,22.145031245826285,7.827010211882743,0.9477058835666861
7dcfeac546baef5e8aaa8fb8,chewinggum,evaluation,56.42448425292969,5.683437347412109,1.6843109130859375,19.12380135627874,7.079965695928527,0.7430033372778949
c518af4299fef196c70923cb,chewinggum,evaluation,58.947879791259766,8.371757507324219,1.5874884128570557,21.338049078156914,14.342317963694162,-0.4858806953549925
d24de2d56bf3392292afe0e5,chewinggum,evaluation,55.24919891357422,6.9404449462890625,1.616492509841919,18.092503311364688,10.475704091388513,-0.11775684416981036
4ce8caa4d5fb35894db6152c,chewinggum,evaluation,50.47880935668945,6.921539306640625,1.6774494647979736,13.90654671107929,10.424631523090367,0.6559169242862601
cd39f903e1e4c42b6e6a850f,chewinggum,evaluation,63.04133224487305,8.706535339355469,1.6861002445220947,24.930001918030797,15.246702264308603,0.765713769520232
e12271f726d719bb5ae25d4a,chewinggum,evaluation,46.980655670166016,5.129131317138672,1.719256043434143,10.83696102246774,5.5825377794098054,1.1865315729841532
961217d6e90800dc2dd6d640,chewinggum,evaluation,41.76065444946289,3.6256790161132812,1.5733020305633545,6.25647586444443,1.521042280976994,-0.6659361436272832
11378845b801961ca81f4c3f,chewinggum,evaluation,51.23933410644531,5.9477691650390625,1.7573914527893066,14.573897575816613,7.794043878955833,1.6705512535717857
f1f82d74d86d7fe2c2a2991b,chewinggum,evaluation,37.18365097045898,3.939098358154297,1.50216805934906,2.240213105606502,2.3677277700697807,-1.568777954119367
acc95f7dd191a50935c60f0e,chewinggum,evaluation,47.666133880615234,5.9298858642578125,1.6800061464309692,11.438459496578844,7.745733104100768,0.6883666671444483
2c8daa2c454cf275b65d181e,chewinggum,evaluation,55.18885040283203,7.647605895996094,1.6124976873397827,18.039548255211237,12.386061348445299,-0.1684596619494878
f2ef6adff4305d98747705d9,chewinggum,evaluation,40.29709243774414,3.5063209533691406,1.6591614484786987,4.972218679611534,1.1986028964974451,0.42380299219237766
db132f55d3695ef283792e72,chewinggum,evaluation,34.7631950378418,3.3751373291015625,1.7061686515808105,0.11629358791928472,0.8442173938330197,1.0204246573462465
349a6a13625d07784818747e,chewinggum,evaluation,35.16548538208008,2.647165298461914,1.7406339645385742,0.4692982852536906,-1.1223598786294422,1.457862987004843
01c91be7ff0cb9e3f109b773,chewinggum,evaluation,34.96410369873047,3.4788818359375,1.776728868484497,0.29258840096818717,1.124477597109117,1.915984301923449
0ca74c4813d20d80df7541b2,chewinggum,evaluation,50.319602966308594,5.4115447998046875,1.5923784971237183,13.76684511382492,6.345462607661729,-0.4238150963534662
0de49ef61d0bd6bccf204ccc,chewinggum,evaluation,54.80323791503906,7.442173004150391,1.7190877199172974,17.7011781663157,11.831095444377507,1.1843951885520294
5ecd4be6a68581edcdb39434,chewinggum,evaluation,40.7510986328125,4.070049285888672,1.419189691543579,5.37060338303142,2.721484655569923,-2.6219504192906067
de60294a69c40673294f5c8f,chewinggum,evaluation,57.16642761230469,8.23880386352539,1.6155718564987183,19.774847285584745,13.98315084850142,-0.1294418986806411
a9e5455f49085fb182da81e8,chewinggum,evaluation,52.45273208618164,6.185314178466797,1.4659792184829712,15.638638981415188,8.435758951694686,-2.0280915289051924
628d52de4893ab48b55425e2,chewinggum,evaluation,58.14628219604492,5.709674835205078,1.6284202337265015,20.634657310157632,7.150844857501295,0.03363141158445496
8fb92549b3e43959f6eb17fc,chewinggum,evaluation,56.53155517578125,5.78448486328125,1.5419458150863647,19.217754739092584,7.352940123218589,-1.0639133951171658
0656dd5366d7e40d22f6acab,chewinggum,evaluation,51.461181640625,5.013603210449219,1.7967716455459595,14.768565985782473,5.270444815142391,2.17036989042021
55ffe1213acac57a90248c8a,chewinggum,evaluation,55.44615173339844,4.669227600097656,1.6613458395004272,18.265326923830077,4.340132632801129,0.45152757316563447
5adeb3e51cd2592ede1e6f48,chewinggum,evaluation,49.74283218383789,4.751670837402344,1.8500900268554688,13.26073603511235,4.562848602546791,2.847093867617637
6eb4bac5e25cf94ca96e504a,chewinggum,evaluation,61.83294296264648,5.613140106201172,1.5797816514968872,23.869655581252033,6.890061481118558,-0.5836959341314649
6b489d8ce783a4e5cfab852e,chewinggum,evaluation,57.605918884277344,5.499229431152344,1.5326186418533325,20.16049532726861,6.582337921402881,-1.182295116603171
da706121f003b105e2a4388a,chewinggum,evaluation,62.14594268798828,6.762504577636719,1.7149006128311157,24.144308887980646,9.99500775950085,1.1312518692928788
0a215adeb5b013c30c68fd0e,chewinggum,evaluation,63.80733871459961,8.321796417236328,1.6809645891189575,25.602162922824537,14.207350766962767,0.7005313490384116
f8841723d4d2a206066c55af,chewinggum,evaluation,56.0272216796875,5.794139862060547,1.6831769943237305,18.77520846450756,7.379022582936629,0.7286114897436438
8b4a3ccfd4132686b42fbcb9,chewinggum,evaluation,59.0729866027832,7.376888275146484,1.573707938194275,21.447828725540507,11.65473226159816,-0.6607843100639815
594811ad03538d5f3e534da8,chewinggum,evaluation,51.06494140625,5.5311737060546875,1.563486099243164,14.42087018345814,6.6686336612997055,-0.7905212476711553
0d13d83973f60d6578a512be,chewinggum,evaluation,61.14316177368164,6.566890716552734,1.7077374458312988,23.264381297827338,9.46656743872592,1.0403360023368633
b05d167600b68cfe85542e05,chewinggum,evaluation,57.23054504394531,6.0309295654296875,1.6240808963775635,19.83110952223627,8.018697226191415,-0.021444034388450606
71510b5258e73094aff46487,chewinggum,evaluation,59.69243621826172,7.743106842041016,1.8236879110336304,21.99138794131027,12.644052015786713,2.511994706942348
714ddb5f39389254f52215cb,chewinggum,evaluation,64.91555786132812,7.518638610839844,1.6967793703079224,26.57461123055567,12.037663166640684,0.9012546523693515
a6604db46904f300e84025c6,chewinggum,evaluation,60.77521514892578,6.098232269287109,1.6352447271347046,22.941512780679375,8.200511859461022,0.12024878833390958
760e3fb40a3440d60bbcaffa,chewinggum,evaluation,64.42411804199219,8.57745361328125,1.5308551788330078,26.143378994516713,14.897994926521553,-1.204677223475982
c6aeb6255ff59209d6664c5b,chewinggum,evaluation,53.82512664794922,5.753185272216797,1.6353353261947632,16.842897880090607,7.268385962022812,0.12139868363731905
066a3dca9607bb33aaa4780b,chewinggum,evaluation,58.64031219482422,6.286983489990234,1.6846481561660767,21.068162395951852,8.710413126489309,0.747283671242823
28ab490ec39dbee5492f45e3,chewinggum,evaluation,60.230560302734375,6.844600677490234,1.4522144794464111,22.4635850305228,10.216785956099795,-2.202795424956221
95c759c74a2bc4da6fb0233c,chewinggum,evaluation,58.89356994628906,5.174335479736328,1.5410631895065308,21.29039287496749,5.704654392471349,-1.0751157962045916
9682ae478ce44793fcb0d7ed,chewinggum,evaluation,52.73101806640625,4.7246856689453125,1.6944204568862915,15.882831415135172,4.489949621888785,0.8713150099168954
bd8f7b7c687a57c6cf11cf1c,chewinggum,evaluation,58.7774658203125,5.367462158203125,1.7110153436660767,21.188512970474044,6.226375723228041,1.0819395170182453
546ff008627482c4c8df8e5e,chewinggum,evaluation,57.88785552978516,8.346580505371094,1.5186618566513062,20.40789117367753,14.27430364755862,-1.3594364880934002
bbb87f02316bdcdb3ec20877,chewinggum,evaluation,54.1472053527832,7.224273681640625,1.7091776132583618,17.125517876683006,11.242452148623206,1.0586147986006658
7d09d6313d3bb04b55659b4b,chewinggum,evaluation,50.5948371887207,7.099056243896484,1.7064799070358276,14.008359668599093,10.904183977843022,1.0243751529215126
aa6df5c1695f18acce21dd6e,chewinggum,evaluation,52.445499420166016,7.552829742431641,1.5919837951660156,15.63229240831361,12.130028668992635,-0.4288247060239777
2f3f1dded7b308e1144f5993,chewinggum,evaluation,50.38841247558594,6.568454742431641,1.6953339576721191,13.827224589355634,9.470792570485857,0.8829092832195622
a6c99a156fd2b092f486ab36,chewinggum,evaluation,51.87766647338867,8.506454467773438,1.5979690551757812,15.13402616756359,14.706194555019321,-0.35285899103242135
c1c358dc514e6c44ee209df1,chewinggum,evaluation,44.06076431274414,5.255672454833984,1.8173598051071167,8.274793225903526,5.924381854386813,2.4316775460394684
4db38eca7671a54c08d8a241,chewinggum,evaluation,46.63687515258789,7.06072998046875,1.563454270362854,10.53529795922193,10.80064763932578,-0.7909252240474847
b91c2b36915f8ed62dfefe3b,chewinggum,evaluation,46.350704193115234,6.647335052490234,1.6532175540924072,10.284186555775701,9.683883483978397,0.3483622951880359
3a714fadba9884c8fdd58c13,chewinggum,evaluation,43.81101989746094,5.607891082763672,1.5882302522659302,8.055645655024254,6.875881526724238,-0.4764651710482594
7d923ff020fdfd9fd54a3b58,chewinggum,evaluation,60.62482833862305,10.443389892578125,1.8405423164367676,22.8095502535784,19.938721388916147,2.7259130588799114
058136b0d5e25024c80f75ca,chewinggum,evaluation,53.09253692626953,10.177017211914062,1.8595643043518066,16.20005964975352,19.219129924202097,2.967342655951547
7eafb47d721a03d0036f76f9,chewinggum,evaluation,56.77069854736328,8.994384765625,1.6346992254257202,19.427600027983836,16.024312001726155,0.11332520819127569
fa38428ed8c89036246b6862,chewinggum,evaluation,60.3303337097168,10.951587677001953,1.557418704032898,22.55113493530747,21.311590360112092,-0.8675294335364605
bb8826192d94b0b3d45ab97e,chewinggum,evaluation,56.55152893066406,11.369457244873047,1.6660300493240356,19.23528145679293,22.440442514372656,0.5109801863921763
a868ec24a48bd959b6736005,chewinggum,evaluation,59.40148162841797,10.212196350097656,1.7477608919143677,21.736078962616478,19.314164473202396,1.5483188958394947
c874b101e22e7a655bb3d46c,chewinggum,evaluation,59.49787902832031,8.019031524658203,1.546156883239746,21.82066646381734,13.389447699834612,-1.0104659588106661
1efee72500fad7320b5be130,chewinggum,evaluation,57.86613845825195,11.670913696289062,1.644324779510498,20.388834717629383,23.254810898101645,0.23549401907785186
6ccd23e541128fabb48b58f5,chewinggum,evaluation,60.496341705322266,7.590919494628906,1.611862301826477,22.696804855262318,12.23292608514618,-0.17652405927471476
de5dd2d41b4cbbc5fcf362a9,chewinggum,evaluation,60.61062240600586,11.204662322998047,1.6272952556610107,22.797084727085643,21.99525789966728,0.019353040560408645
71a1f49ea0dfd82d2e66a6fd,chewinggum,evaluation,64.53046417236328,10.496917724609375,1.6555685997009277,26.23669638108092,20.083323947100077,0.37820207831151176
ed40ad1222413fa954e7d598,chewinggum,evaluation,55.14029693603516,10.592655181884766,1.6614165306091309,17.996943201183363,20.34195353680519,0.4524247941063211
16586200efa0c514159f57b9,chewinggum,evaluation,55.406246185302734,11.800910949707031,1.6067885160446167,18.230310309264894,23.605991483748166,-0.24092122230591737
907f1f919b76044071c3b3f4,chewinggum,evaluation,53.376312255859375,9.131427764892578,1.7177931070327759,16.449068918227287,16.394526290691214,1.1679637898743624
fe2294ea97d7e7dd86903869,chewinggum,evaluation,55.3886833190918,8.83011245727539,1.5199754238128662,18.214899115931743,15.580539199340562,-1.342764519214099
d0a5fa27d6e1dc450a56749e,chewinggum,evaluation,56.432010650634766,10.62191390991211,1.6793864965438843,19.130405675228854,20.420994416314223,0.6805019884771819
678f6a5b1c4cb06377ba65ff,chewinggum,evaluation,59.72346115112305,8.649341583251953,1.6420702934265137,22.018611928143137,15.092196409487359,0.20687978226458878
75cfb13a0d50b224590bae09,chewinggum,evaluation,55.851070404052734,10.982547760009766,1.8001662492752075,18.620637944406567,21.395227358559982,2.2134546518147995
d6bddf44995bd449ba0c2466,chewinggum,evaluation,56.55580139160156,7.254100799560547,1.5456969738006592,19.239030487317066,11.323028502844997,-1.0163031904956052
c5b93025a1692c44cd687858,chewinggum,evaluation,63.99922561645508,11.617210388183594,1.7138721942901611,25.77054125623988,23.10973430074465,1.1181990445790453
96fa156262347f370ab71a7b,chewinggum,evaluation,55.25022888183594,9.632530212402344,1.6783447265625,18.093407095508898,17.748227590976235,0.667279705508109
1da7d41a6310e559ae3be57e,chewinggum,evaluation,62.2659912109375,12.319568634033203,1.7718946933746338,24.249649951011556,25.007117311738607,1.8546283093657374
25e539f58ee72a7486474724,chewinggum,evaluation,51.70745849609375,7.772449493408203,1.5220661163330078,14.984670816709565,12.723319609682864,-1.3162291720677892
48069a8a6bd662ffe1e95f65,chewinggum,evaluation,54.82272338867188,8.487327575683594,1.7593387365341187,17.71827642338472,14.654524285155137,1.695266437494409
badc60789706fd22253c8c7d,chewinggum,evaluation,59.58553314208984,9.917530059814453,1.5769972801208496,21.89758184183844,18.518139344431173,-0.6190355454495373
f34461e5d329aaa195f61e70,chewinggum,evaluation,59.02083206176758,10.067790985107422,1.5710160732269287,21.402063774356566,18.924061149367397,-0.6949498177564675
bdab47567e39be5a207695ab,fryum,calibration,30.763734817504883,2.402721405029297,1.6334112882614136,-0.7867480982472229,-0.7586660950337224,-0.5789279088635866
c8116faeb5cca8e561307d5b,fryum,calibration,31.198802947998047,2.6389827728271484,1.694695234298706,-0.544108388295465,-0.3490041965532185,0.1337586009806063
187ec13b1b510eb383f41998,fryum,calibration,31.0825309753418,2.2485790252685547,1.6991231441497803,-0.6089538590240402,-1.0259389908002332,0.1852518846498154
f4a0b98559b6f2d2640e8e8c,fryum,calibration,30.0543212890625,2.7038345336914062,1.7666939496994019,-1.182391632472531,-0.23655544658159028,0.9710498739832057
c4f897686c7ebaf6e50fcea8,fryum,calibration,32.31328582763672,2.7747421264648438,1.7456213235855103,0.07744438403745614,-0.11360627658820037,0.7259909747207113
3fe2f9167356a5a592763715,fryum,calibration,37.4013557434082,5.914691925048828,1.7411928176879883,2.9150868635673515,5.330863158304694,0.6744907594765952
d4bc84e0d697d162bd3ffdb9,fryum,calibration,32.14240646362305,3.6321754455566406,1.7317336797714233,-0.017855906687170194,1.3731275241748857,0.5644880520172997
46169b496645eb9d5932bbbc,fryum,calibration,31.468067169189453,3.2292556762695312,1.8214186429977417,-0.39393836215217953,0.6744907594765953,1.607457174605697
6285dbc152b7d9c364c33d45,fryum,calibration,34.009674072265625,4.524213790893555,1.7105759382247925,1.0235287390918122,2.919864197522168,0.31843932385808393
b0d3b9c6a65a7f8b3ed71f58,fryum,calibration,34.30226135253906,3.454692840576172,1.610231876373291,1.186706153950141,1.0653841906741077,-0.8484871527924048
510797c4bd095a7ae7be3154,fryum,calibration,35.33970642089844,4.685083389282227,1.7331695556640625,1.7652945469732324,3.1988016543648214,0.581186215968291
3c14e5eb31b02c627988fe3a,fryum,calibration,32.17442321777344,2.744586944580078,1.808565378189087,0.0,-0.1658934074682169,1.4579833069959134
2b5b9374be68900df24ecb5e,fryum,calibration,30.413471221923828,2.448610305786133,1.7658939361572266,-0.9820918876029507,-0.6790977154105524,0.9617463141430146
f759839b6a5968cf05adfde6,fryum,calibration,34.822601318359375,3.353292465209961,1.6257389783859253,1.4769024003169662,0.8895625120546063,-0.6681511410666422
5f2369df860435c0defe62cf,fryum,calibration,30.318574905395508,2.3502750396728516,1.6435127258300781,-1.0350160461521452,-0.8496046932505354,-0.46145573628449515
fc3347d25c7f87fdbc817e87,fryum,calibration,32.44184494018555,3.07366943359375,1.5395228862762451,0.14914245519965352,0.4047142989993841,-1.6707798840112122
a07ce5eb0fe9a91c13f57f67,fryum,calibration,32.50342559814453,2.8554935455322266,1.5720216035842896,0.18348630145855838,0.026411450171272107,-1.2928440800962835
dbe56e736eab833622499c10,fryum,calibration,29.953588485717773,2.879209518432617,1.683193325996399,-1.238570829414597,0.06753341002972407,0.0
9630ea7f42cf0797d0418f9e,fryum,calibration,33.18069839477539,3.765167236328125,1.4699537754058838,0.5612047860242986,1.603726669509486,-2.4798166713778502
8d51558824b43428d3c4e9c0,fryum,calibration,30.518564224243164,2.4526100158691406,1.6076512336730957,-0.9234809855085632,-0.672162477367833,-0.8784980995098031
96c233800e9a84a5ad017bfb,fryum,calibration,30.96501922607422,2.8232421875,1.7000750303268433,-0.6744907594765952,-0.029510314284780993,0.19632160977631322
d010ca1b1c86807fdfff63fe,fryum,calibration,29.71143341064453,2.423482894897461,1.6470588445663452,-1.3736219468396202,-0.7226670172583284,-0.4202170245327193
feccba9e29adec609d083bde,fryum,calibration,32.74629592895508,2.88104248046875,1.6979448795318604,0.31893632064741395,0.07071164739694076,0.17154954737363454
52f493974b2004efd5db4fe3,fryum,calibration,33.15913391113281,3.434497833251953,1.8708462715148926,0.5491781637792642,1.0303673569133478,2.1822635690295744
e41320da8444664abb2c2a48,fryum,calibration,32.49324417114258,3.3899765014648438,1.6873164176940918,0.17780806781766034,0.9531702532446985,0.04794847626176328
2fba81ebd3e3930a429cd180,fryum,calibration,32.38766860961914,2.840261459350586,1.7983803749084473,0.11892803999994053,0.0,1.339539327614859
7525e9405ec902e68f6a86d1,fryum,calibration,33.766841888427734,3.959413528442383,1.6136815547943115,0.8880999946636944,1.9405371499618431,-0.8083699698605835
eb572aa5908fd13a5de66065,fryum,calibration,32.255916595458984,2.453786849975586,1.6323121786117554,0.04544927136399581,-0.6701219233037615,-0.5917097329921164
217a0b17c65497c55f185785,fryum,calibration,29.605751037597656,2.7215404510498047,1.6266415119171143,-1.4325615439874055,-0.2058545334911922,-0.657655350342445
7885dc4bb2a09ea2d7907cae,fryum,calibration,30.05931854248047,2.6141223907470703,1.639854907989502,-1.1796046388158894,-0.3921104877543656,-0.503993425173845
854fa288b1797e2ec031d513,fryum,calibration,31.67645835876465,2.6008129119873047,1.6147397756576538,-0.27771753545611416,-0.4151882612699099,-0.7960636517706748
38571e483c7dc6bf66d971cb,fryum,calibration,32.851226806640625,2.8626270294189453,1.670568585395813,0.37745680500866624,0.03878044887407171,-0.1468163017904351
6d19909d0afd736c1e2f6a11,fryum,calibration,32.39961624145508,2.666898727416992,1.761366844177246,0.1255912950629951,-0.3005997406670754,0.9090996164092787
76eece14e3339860e803e0fc,fryum,calibration,30.27640724182129,2.3039684295654297,1.7815247774124146,-1.0585331666716233,-0.9298973538137892,1.1435213208194728
ccc5bb072080e8fe6e1e185f,fryum,calibration,32.91794204711914,2.9598865509033203,1.5558929443359375,0.41466423406286845,0.20742215525192137,-1.4804083381350779
bb770b00d69a6d88eceeb2dd,fryum,calibration,33.64823913574219,2.7101497650146484,1.7008291482925415,0.8219546360540424,-0.2256052447888177,0.20509143834866453
8159e604ba80cbdec81775d8,fryum,calibration,30.32603454589844,2.3552303314208984,1.6160084009170532,-1.0308557666898817,-0.8410125385366656,-0.7813104877385909
abe2272eb35ea7809ecbef94,fryum,calibration,29.636627197265625,2.526611328125,1.6990174055099487,-1.4153417526462932,-0.5438489983113572,0.1840222232613115
6ee4b1e9a1fabfc3b5fbba22,fryum,calibration,36.2524528503418,4.590776443481445,1.58401358127594,2.274337874620784,3.035279522851125,-1.153386338227132
7105d077867440369a954e81,fryum,calibration,32.24993896484375,4.092031478881836,1.6368430852890015,0.04211551635639475,2.1704880803911633,-0.5390186731789756
1f98dd2b529de9650d508502,fryum,calibration,32.47245788574219,2.842365264892578,1.7447177171707153,0.16621545069167554,0.003647862451654537,0.7154827071616815
6e4cc7b1731a4955bfbd3c17,fryum,calibration,31.71728134155273,3.4185657501220703,1.6658049821853638,-0.2549503502526428,1.0027421574041273,-0.20221344844727324
d6aca0ff3fc70b7c184e3e62,fryum,calibration,29.279964447021484,3.6469955444335938,1.5538662672042847,-1.614254383115774,1.3988246150627877,-1.5039770791338993
5c9e7645e9d13d63d1be91c0,fryum,calibration,30.12759017944336,2.2071361541748047,1.6058443784713745,-1.1415291995235881,-1.0977982431570328,-0.8995104756829186
5af2b3138898c85544f9bf83,fryum,calibration,31.7886905670166,2.558094024658203,1.709906816482544,-0.21512506188966185,-0.4892600430738144,0.31065793786747253
5aa78f8b66cf726a2dc156a9,fryum,evaluation,34.06879425048828,4.017860412597656,1.5356321334838867,1.056500363283134,2.0418802588521876,-1.7160264323742223
711cbbd2d270bab44cc9fec8,fryum,evaluation,32.376644134521484,2.5256290435791016,1.8093159198760986,0.11277963414673883,-0.5455522160471705,1.4667115461188227
2454edc095428fb36d06020a,fryum,evaluation,31.557485580444336,2.75982666015625,1.8188894987106323,-0.344069259244922,-0.13946872842132682,1.5780451159602644
5f6fd58767c305b317e855a3,fryum,evaluation,32.43403625488281,4.122646331787109,1.7186245918273926,0.1447875116766418,2.223572251027162,0.4120391524574268
cf4f50b1ad3107941ef30973,fryum,evaluation,31.19841957092285,2.784055709838867,1.7872841358184814,-0.5443221996408791,-0.09745712667756655,1.2104983565159648
c557a543cf26f93e3e0a7f78,fryum,evaluation,33.443878173828125,3.4322967529296875,1.7217216491699219,0.7079814878299174,1.0265508262975642,0.44805561567426
8b538ea2567337a701b8b248,fryum,evaluation,29.496957778930664,2.396158218383789,1.5802875757217407,-1.4932360978733523,-0.770046235284079,-1.196716999285844
66f8e76089fd44a815b10c40,fryum,evaluation,29.84050178527832,2.6848011016845703,1.537609338760376,-1.3016398576215742,-0.2695581840295147,-1.6930330120926829
d3ed971db268fafd6ad16591,fryum,evaluation,30.52731704711914,3.0353031158447266,1.6398303508758545,-0.9185994916572928,0.33818959073553007,-0.504279006060014
16a8e7a9d23283a19f912f1c,fryum,evaluation,32.509334564208984,3.2967166900634766,1.7279406785964966,0.18678176189683154,0.7914637849095684,0.5203782819390395
3f022ceaac221140ef60091c,fryum,evaluation,32.78993606567383,4.583244323730469,1.8299866914749146,0.34327464693136805,3.0222193153972867,1.7070971775790098
085d4d97d4ccb17a25835d26,fryum,evaluation,33.3033447265625,4.061161041259766,1.7384682893753052,0.629605269272149,2.116960742421962,0.6428065305766444
617b6addb45c8bb6d8384c70,fryum,evaluation,33.319034576416016,2.8748302459716797,1.5530494451522827,0.6383555783635741,0.059940035425010724,-1.5134761093864684
13a69a91c9741f453af93f0b,fryum,evaluation,30.52155876159668,3.053434371948242,1.7059544324874878,-0.921810916790652,0.36962801364162984,0.2646946646590774
9237a6f55a27b5e7917adace,fryum,evaluation,31.34196281433105,2.4381465911865234,1.5904921293258667,-0.46426740246090653,-0.6972411183205949,-1.0780456642478395
804c2c210657617b35941f08,fryum,evaluation,32.69626998901367,2.313535690307617,1.6109192371368408,0.2910365994159651,-0.913308343788858,-0.8404936606096389
98d8ae00c33fe647f9d199c3,fryum,evaluation,33.03571701049805,3.0171566009521484,1.6170207262039185,0.4803479303645118,0.30672471007819435,-0.7695379009165221
556766e22dc4fd23503aee6a,fryum,evaluation,31.971532821655277,3.18817138671875,1.6322304010391235,-0.11315300619768388,0.6032532642738403,-0.5926607450693584
9dd704384ac3629b7e53cb78,fryum,evaluation,38.31010818481445,4.981941223144531,1.782017707824707,3.4219027237656636,3.713533897441032,1.1492537332675716
c50428e560acce78d861ebeb,fryum,evaluation,36.87160873413086,3.929119110107422,1.6531987190246582,2.619644261202604,1.8880085921017986,-0.348814871415591
6a48efa934e623a1d55d1f92,fryum,evaluation,29.26777648925781,2.865924835205078,1.709777593612671,-1.6210516691714782,0.04449863035993817,0.30915517242763235
68e089b63bd0881b530e8ab3,fryum,evaluation,33.231868743896484,2.469137191772461,1.665555477142334,0.589742750077879,-0.6435054255604109,-0.20511500570334837
7b49a8eb6d7e8a8fa276db61,fryum,evaluation,32.35034942626953,2.4786605834960938,1.6531109809875488,0.09811494157022697,-0.626992481570283,-0.3498351992419031
725ba2d795704a4d8931d293,fryum,evaluation,31.72124481201172,2.7320213317871094,1.8093678951263428,-0.2527399026119915,-0.18768136561100937,1.467315979450714
3a97cbe18f73ea327e5a12b6,fryum,evaluation,34.412532806396484,4.199716567993164,1.8235387802124023,1.2482051048146743,2.3572070453009655,1.6321127865499376
c611f14486a9c4a85a4ac2aa,fryum,evaluation,34.3199577331543,3.966815948486328,1.723421335220337,1.1965755154563702,1.953372466530176,0.4678216946790948
d6e51804a22ef5890ec094e3,fryum,evaluation,32.92717742919922,3.1903324127197266,1.761204481124878,0.419814853637471,0.6070003432926296,0.9072114554046087
08db9c8cd1485c7caa97f390,fryum,evaluation,35.696617126464844,3.2672176361083984,1.7192268371582031,1.9643454633875082,0.740314337332697,0.4190428157434715
feab6973e4af8550dbe107af,fryum,evaluation,30.79596328735352,2.346721649169922,1.640944242477417,-0.7687741166379565,-0.8557660420696038,-0.49132527887379035
67f08995b2489387569a681f,fryum,evaluation,33.03386306762695,3.3279190063476562,1.8328365087509155,0.4793139769926585,0.8455665789681509,1.7402384235244144
e791496adeca993506e0286c,fryum,evaluation,34.13877868652344,2.7055606842041016,1.6406104564666748,1.095531039332559,-0.23356241347302514,-0.49520696082171695
e733eaf8042a3012cf09f6df,fryum,evaluation,31.518115997314453,2.680295944213867,1.8225443363189697,-0.3660258760642881,-0.2773698350819245,1.6205481469750793
6519e9efcbd8c610ec520c5c,fryum,evaluation,32.21015548706055,2.5576210021972656,1.6256741285324097,0.019928068383024328,-0.49008023336212836,-0.6689052964165251
e62c3ffaab1472ce8636f9bc,fryum,evaluation,32.08993911743164,2.7873802185058594,1.7189714908599854,-0.04711721260583322,-0.0916926441270372,0.4160733290533077
0a5fb07aa4961d588f1ca0e4,fryum,evaluation,31.274168014526367,2.816316604614258,1.6563937664031982,-0.5020769072439843,-0.04151882612699099,-0.311658857284045
a21114d5a1a041931c6fa29f,fryum,evaluation,31.8916130065918,2.3262100219726562,1.6648880243301392,-0.15772469368124864,-0.8913318741685095,-0.21287698328422017
6311cc1c58efc24d76fd2692,fryum,evaluation,35.26641082763672,3.1978397369384766,1.7398704290390015,1.724417221691773,0.6200175569007096,0.6591123673878989
ecd10f70d94cc957e09fc413,fryum,evaluation,31.06655502319336,2.6943912506103516,1.6632835865020752,-0.6178637288210002,-0.2529294873777295,-0.23153539661891445
5ee84eb25b9f7eafcb0af435,fryum,evaluation,30.23096466064453,2.5509986877441406,1.6941421031951904,-1.083876725400435,-0.5015628973985241,0.12732609946689938
92ba6372b52e70ddae5967bc,fryum,evaluation,31.585750579833984,2.791004180908203,1.6025773286819458,-0.32830572527630675,-0.08540892820850265,-0.9375038240632315
ba552ffcec4839a339199394,fryum,evaluation,33.009033203125,2.8667736053466797,1.7064405679702759,0.4654662352284752,0.04597034277243705,0.27034805715323623
edb94e71024b077a0317e9f4,fryum,evaluation,32.82611083984375,2.463703155517578,1.7657790184020996,0.36344950253895,-0.6529276922193082,0.9604099065009427
c036b0f3db53b0d6b313bd71,fryum,evaluation,36.69666290283203,3.7968063354492188,1.6126463413238525,2.5220760809833367,1.6585868166971973,-0.8204087291590816
9f93d8c5a0ed34fc0c650dc0,fryum,evaluation,30.561742782592773,2.364713668823242,1.4879792928695679,-0.8994000838295355,-0.824569046143532,-2.2701933693549816
b30db16c50602f2a6a1f923c,fryum,evaluation,32.129051208496094,2.951822280883789,1.909004807472229,-0.025304200421446713,0.1934392337237297,2.626018835631524
4016a29bb66cea68e71fe186,fryum,evaluation,31.55611991882324,2.588502883911133,1.689116358757019,-0.3448308956793344,-0.43653305207950044,0.06888044616595745
623555b6db9b9813180085d6,fryum,evaluation,31.22630500793457,2.3574867248535156,1.601090908050537,-0.5287703495416043,-0.8371000985726518,-0.9547897855663375
467d16782bfbc399313c2707,fryum,evaluation,33.000919342041016,2.806468963623047,1.6338304281234741,0.46094109361956165,-0.05859399733088253,-0.574053625388976
50b7b5bad5e656a04f0bf6a4,fryum,evaluation,30.4639835357666,2.7060623168945312,1.6906567811965942,-0.953920913172096,-0.23269261490114376,0.08679440835563869
9d8d730064e413ba889a495f,fryum,evaluation,31.466840744018555,2.3497543334960938,1.757543921470642,-0.39462234570989735,-0.8505075640114618,0.8646418812706865
ea02790de71c63f77a669219,fryum,evaluation,51.33146667480469,6.74896240234375,1.8231104612350464,10.683980604780977,6.77743409269163,1.6271317568217591
2bbd3ec51e301a81e9e62ea5,fryum,evaluation,51.52394485473633,7.923183441162109,1.5499131679534912,10.791326665035301,8.813457266863963,-1.549948670232183
70a994ee33a5a5f98d1a906c,fryum,evaluation,50.43929672241211,6.774169921875,1.727692723274231,10.186412883075352,6.821142297733394,0.5174947467777226
fe17b3bb7e6d91bf855be45a,fryum,evaluation,47.14508438110352,6.502628326416016,1.5411243438720703,8.349213899760771,6.350306771176505,-1.652156128551053
66794ed65d542169dff2c7dd,fryum,evaluation,59.50179290771485,10.467658996582031,1.7524852752685547,15.240613114538457,13.225412959774493,0.8058136050348775
3d13dece78f48cf7fa45ca33,fryum,evaluation,53.98936462402344,8.191192626953125,1.5696392059326172,12.166303814133915,9.278167824009733,-1.3205495849996094
7b79b85be79dbd15a7ef0bce,fryum,evaluation,40.78926467895508,4.561542510986328,1.6130783557891846,4.804540914205931,2.984589778701978,-0.8153847236664794
a0f1a3cc0818e0e5eb11e7e0,fryum,evaluation,39.01724624633789,3.9823532104492188,1.620307445526123,3.8162772185129663,1.9803130717261668,-0.7313158105642777
0dc73ea3b7f6abcbf1a04e2d,fryum,evaluation,61.16784286499024,10.00881576538086,1.6375216245651245,16.1697776523781,12.429808536796502,-0.5311277683048333
80e711df3b1e427366c7b265,fryum,evaluation,48.09275817871094,8.068656921386719,1.7620002031326294,8.877736398339778,9.065698852709557,0.9164651079054694
af89a3fc93367d11c2b90e46,fryum,evaluation,50.6681022644043,4.176170349121094,1.5723116397857666,10.31401889798021,2.316379427925013,-1.2894711757465314
3f1ab61fe56559b5322f63dc,fryum,evaluation,51.14045715332031,6.262203216552734,1.6146669387817383,10.577453622815055,5.933425213827495,-0.7969106902243116
3f616e47db6081139aa9591a,fryum,evaluation,51.3703498840332,8.279743194580078,1.8649064302444458,10.705665968400938,9.431708768869674,2.113187652451239
3155f2ae7b4e017f3e4e86f1,fryum,evaluation,45.86246871948242,9.047725677490234,1.865901231765747,7.6338926194763355,10.7633406174499,2.124756450971042
436d87387232af5c8e6b4e54,fryum,evaluation,50.595333099365234,7.467506408691406,1.615788221359253,10.27343516439693,8.023342827267427,-0.7838710115092411
92680a1824ed9434e44ccf98,fryum,evaluation,41.9080696105957,6.0699462890625,1.5740188360214233,5.428504116930435,5.600064162692523,-1.2696177588978683
51e720649157b6d8b3828bf7,fryum,evaluation,52.33649063110352,9.107738494873047,1.7724906206130981,11.244487578653082,10.867398953060832,1.0384608262688768
0991fdba5270f68770239306,fryum,evaluation,40.457218170166016,5.062843322753906,1.8923333883285522,4.619356886840502,3.85381289449396,2.432142685482405
da625f2507c8f5821a0fb44f,fryum,evaluation,51.02367401123047,7.300945281982422,1.6173672676086426,10.512323070292592,7.734536629213769,-0.7655078832655855
7a2a31fbbd8f0df55dc8617b,fryum,evaluation,49.69681930541992,7.270923614501953,1.7787338495254517,9.772329449980624,7.682481003657068,1.111064914474881
a173dd6ce470aa641462ae9e,fryum,evaluation,38.20674896240234,5.953418731689453,1.794602870941162,3.3642587595468014,5.398012930941497,1.2956097784841811
707a80fdfed85fafe655c101,fryum,evaluation,41.33997344970703,6.927356719970703,1.7873016595840454,5.111673997596056,7.086758276828755,1.210702144818231
f547d01d4f8f187c7a38cfd7,fryum,evaluation,39.855587005615234,4.083194732666016,1.8182919025421143,4.2838241253415905,2.1551657352066522,1.5710955189584945
affc226aa78a52c4a9e5f55d,fryum,evaluation,41.49074172973633,6.5163116455078125,1.7212402820587158,5.195758234459755,6.37403275959733,0.4424576757793573
11a192dfa2971876b4b07756,fryum,evaluation,34.87530899047852,4.882684707641602,1.695412039756775,1.5062977372282806,3.5414295328701795,0.14209451296377867
f9d8f08a7f6b5e7422431cf4,fryum,evaluation,35.1278190612793,3.0804977416992188,1.6414368152618408,1.6471238884555548,0.416554142677465,-0.4855970253706358
e977d01059e3d0cd388b1029,fryum,evaluation,35.24363327026367,2.894102096557617,1.6272823810577393,1.711714062055279,0.09335617523599662,-0.6502025210024259
b8f197ee8c7dea0ba265d809,fryum,evaluation,35.75823974609375,4.620397567749023,1.8006232976913452,1.9987127118832246,3.086640632437884,1.3656228439899443
e1923bf3529e43dab3ed7a36,fryum,evaluation,40.463504791259766,5.059354782104492,1.803893804550171,4.622862967410079,3.847763991117644,1.4036563955047179
0fdaf1bb08e3c9e6bdb2479d,fryum,evaluation,43.113014221191406,8.291252136230469,1.7658002376556396,6.100507856876791,9.451664527739377,0.9606566705676323
f3738daf5812e9a050851a6b,fryum,evaluation,40.458614349365234,6.477270126342773,1.865729808807373,4.620135543083502,6.306337295841285,2.1227629300277853
232aebca13c2a3b682c8b7ff,fryum,evaluation,38.03950500488281,6.0995635986328125,1.8196148872375488,3.270985953520484,5.6514186578414725,1.5864808426220978
bf4604877c2cfdcdbd8c029c,fryum,evaluation,42.43413543701172,7.388481140136719,1.8402953147888184,5.721893704883993,7.88631813361652,1.8269787655957785
2659ffa91556eeb0ae66d2a3,fryum,evaluation,40.90237808227539,7.551136016845703,1.9011523723602295,4.867624834745424,8.168351147353778,2.5347008814915695
1e408470abc1d14f529400cf,fryum,evaluation,35.78692626953125,3.66650390625,1.6733328104019165,2.0147113319579915,1.4326508500179305,-0.11467043000167726
d2227a3a0a5ded10b84aa59f,fryum,evaluation,37.51118087768555,6.125829696655273,1.788903832435608,2.976336899731254,5.69696236937523,1.2293342181682787
eea7ab4a971c68837368d286,fryum,evaluation,35.246089935302734,2.917346954345703,1.8056777715682983,1.7130841566467885,0.1336612520250391,1.4244025992014042
68972805f6af0e593581611e,fryum,evaluation,38.65792846679688,4.389062881469727,1.801109790802002,3.615883864696144,2.6855212803876825,1.3712803954290473
34bfd09d3c9568afa40da658,fryum,evaluation,45.07884216308594,8.365337371826172,1.7158201932907104,7.196860101973826,9.58012352442765,0.37942609251993636
ddec27e78f9f74f3e2195d7b,fryum,evaluation,40.18144989013672,4.885797500610352,1.7336344718933105,4.465559513991435,3.5468269141223105,0.5865928443957602
c081952d49fb8a38e8ea14c0,fryum,evaluation,39.56539916992188,5.86918830871582,1.6598517894744873,4.121984892933669,5.251962836900231,-0.2714446323035255
cf120c6cf7e688ef95928891,fryum,evaluation,54.42397689819336,7.909717559814453,1.7495536804199219,12.408689290694857,8.79010830139825,0.7717213470122308
162aa2d55827363b0db982d3,fryum,evaluation,45.21173858642578,5.67864990234375,1.8045248985290527,7.270977113431902,4.9215815899982065,1.410995547016262
c3d104097bd1c0951b4d0e40,fryum,evaluation,53.42706680297852,9.532917022705078,1.5328794717788696,11.852707458431674,11.604630962374543,-1.7480378316097842
8a3117f44d61e250231d0e6d,fryum,evaluation,52.89137649536133,7.1234588623046875,1.3935095071792603,11.553950248343984,7.426786681275183,-3.3688064026669062
b86aaa95e050983aa8e7257b,fryum,evaluation,56.132080078125,7.125225067138672,1.6404093503952026,13.361307124771766,7.429849165980742,-0.4975456741953427
05e7d385d49a93944ed7d660,fryum,evaluation,51.29587936401367,9.821186065673828,1.525773286819458,10.664133380488757,12.104470798723826,-1.8306774539661599
d6ce54cb0cacacb1fac75ba2,fryum,evaluation,47.77946853637695,5.69403076171875,1.7617307901382446,8.703013170829086,4.948251003244028,0.9133320360475001
9bcd6e833b236cbc795dd8f5,fryum,evaluation,45.4249267578125,5.455192565917969,1.5704095363616943,7.389873241290736,4.534121052023556,-1.3115912175897875
96e455da889c6a6022d6b24b,fryum,evaluation,48.6439094543457,7.436561584472656,1.6138426065444946,9.18511626895446,7.969686507760951,-0.806497058320709
983e626043ee09675b8a9bac,fryum,evaluation,53.23957824707031,10.561664581298828,1.6327803134918213,11.74814413688184,13.388412550701279,-0.5862656740601493
eaebca4cccfbf87f3708bf9a,fryum,evaluation,51.42204284667969,6.063205718994141,1.4914392232894897,10.734495396676625,5.588376451084049,-2.2299569633347596
936780b8fbb9114eb6559c17,fryum,evaluation,49.942020416259766,7.134880065917969,1.5143284797668457,9.909079357050555,7.44659030807528,-1.9637720100706746
8c73db972249d627ce5cc42d,fryum,evaluation,52.6866569519043,9.488067626953125,1.4528541564941406,11.439777117368925,11.526865017054321,-2.678672464940167
9a233808680ccbe66eed60fd,fryum,evaluation,44.15311050415039,6.599479675292969,1.6205801963806152,6.680574845771154,6.518240732708793,-0.7281439218868292
e20ded403e7b3f4022f9eb66,fryum,evaluation,52.256160736083984,11.265304565429688,1.6944016218185425,11.199687187491582,14.608478676757377,0.1303441071814123
76ae63a58d116bcef0b90bb7,fryum,evaluation,51.917518615722656,10.179817199707031,1.5866189002990723,11.010824753994601,12.726313940459816,-1.1230884243085835
2f9c70e940c5c4abd5608c63,fryum,evaluation,52.09912872314453,10.102470397949219,1.561861276626587,11.11210963491475,12.59219959944486,-1.4110010922761875
8777878505d769902e372e93,fryum,evaluation,52.47364044189453,9.108306884765625,2.0042619705200195,11.320976725933411,10.86838450429437,3.7337884793956118
713a892fbe15f9c59edffe30,fryum,evaluation,52.69851303100586,9.05228042602539,1.5065679550170898,11.44638931300621,10.771238256193826,-2.054021115359968
7d64493def194919d5bbdfcb,fryum,evaluation,42.4210205078125,6.702838897705078,1.7212938070297241,5.714579442142364,6.6974589251432075,0.443080131206007
42f250bd04d6cb63ef16c4d1,fryum,evaluation,44.40205001831055,6.181865692138672,1.631783366203308,6.819409679393381,5.794125153570297,-0.5978594262496172
48f113c2ead423d88638113c,fryum,evaluation,49.708152770996094,7.2454986572265625,1.595515251159668,9.7786501813958,7.63839577566019,-1.0196305098764886
e9808288b354bbd6915aa556,fryum,evaluation,50.140506744384766,6.721488952636719,1.711552381515503,10.01977619212107,6.729796911591329,0.32979462987075064
d45de799c69ef8b198c8b57e,fryum,evaluation,49.30876159667969,7.199375152587891,1.533583402633667,9.555907691423998,7.558420608111768,-1.7398516416446033
731d88a997a147686f6da045,fryum,evaluation,44.44112777709961,5.010009765625,1.7045669555664062,6.841203544293104,3.7622029308395346,0.24855934459053539
8158fb697f286afef8136831,fryum,evaluation,39.04653930664063,5.730678558349609,1.7656246423721313,3.8326141072834674,5.011795907274935,0.9586146286000267
f7dd88eae08a372459563c8e,fryum,evaluation,49.06558227539063,6.1570587158203125,1.6495237350463867,9.420285346673172,5.751111464498476,-0.3915521896622628
a307dc7bbe40b873d7ec1a1b,fryum,evaluation,56.22032928466797,8.88644790649414,1.523693561553955,13.410524156262413,10.483695415761686,-1.8548631051317055
75cd49382fc73712226d88a5,fryum,evaluation,50.26710510253906,5.932823181152344,1.613094687461853,10.090380740581349,5.362301581210793,-0.8151947985140273
cf1dff7c1f54fed52392a5af,fryum,evaluation,51.67377853393555,6.795436859130859,1.6739526987075806,10.874889670260927,6.858017788518479,-0.10746159209838502
c75ae74b9c782ad4d76052db,fryum,evaluation,52.39532470703125,7.877376556396484,1.6237232685089111,11.277299642138868,8.734031097653686,-0.6915923410871747
81f47bf243d5be7b46a06904,fryum,evaluation,48.4233283996582,5.642711639404297,1.7269490957260132,9.062097092464656,4.85926697139977,0.5088469139237347
331edf617fbde0bfb7ff3460,fryum,evaluation,49.93051910400391,6.5958404541015625,1.7654404640197754,9.902665016688136,6.511930559039023,0.95647277195376
353de009f49fc1c9357fcd65,fryum,evaluation,49.997535705566406,6.635078430175781,1.6687201261520386,9.94004051635216,6.579966666342229,-0.16831250189206
daa4b281797800bcf13aac29,fryum,evaluation,46.61658477783203,5.174587249755859,1.6564950942993164,8.054466982072142,4.047569621232521,-0.310480489549853
0ce7b5f90467de3134ed6800,fryum,evaluation,42.90849304199219,3.759593963623047,1.6392574310302734,5.986445354657567,1.594062975870561,-0.5109416358606337
3532bae072497217ef8de7cb,fryum,evaluation,44.11531829833984,5.969917297363281,1.6966978311538696,6.659497940308289,5.426620374465351,0.15704730635318448
7af56bdfdd3960808ce41cae,fryum,evaluation,49.9896240234375,6.182559967041016,1.7099802494049072,9.935628130975157,5.795328981251532,0.31151190789601635
78bec2dc1371a65962c51669,fryum,evaluation,41.4946403503418,5.018890380859375,1.6818770170211792,5.1979325150071505,3.777601342058849,-0.015307690024644813
5b2fab7a0e399dec855935ef,fryum,evaluation,36.54750442504883,4.174709320068359,1.6235569715499878,2.4388896390227695,2.313846098244172,-0.693526250486231
75b27c6c6e52d134a67b971e,fryum,evaluation,42.152191162109375,4.1443328857421875,1.6441868543624878,5.5646519482714885,2.261175329971235,-0.45361612506466487
0567f015e56225dc7b608691,fryum,evaluation,45.55758666992188,7.399925231933594,1.602137565612793,7.463858349232243,7.906161447043471,-0.9426179400296248
d4ec56d92b5bc3454049717e,fryum,evaluation,40.99739074707031,7.312013626098633,1.586700439453125,4.9206138813148685,7.753728420516536,-1.1221401848613044
7c4a79c3d182c14dd86bf5e9,fryum,evaluation,46.491737365722656,4.21795654296875,1.5731388330459595,7.984838945129726,2.388833979684621,-1.2798515360905804
e6b2601125b73e982bd8a6d1,fryum,evaluation,42.614044189453125,6.599729537963867,1.836873173713684,5.822229731475238,6.518673978385282,1.787181821424661
abccf93ccdf1ddd69aec4953,fryum,evaluation,44.650367736816406,6.737392425537109,1.7146331071853638,6.9578977344155835,6.757372502816983,0.3656211679351317
4fcabf5d56be189db9f6ef7d,fryum,evaluation,38.76756286621094,4.072639465332031,1.680130124092102,3.6770275270563535,2.136863585789194,-0.035622749762114936
e7ef16aed3002dad8595e1a8,fryum,evaluation,35.803436279296875,3.1184730529785156,1.7237341403961182,2.023919048405278,0.48240087106589824,0.47145938519029457
e155f540bc071f756a015d82,fryum,evaluation,38.5282096862793,3.9730491638183594,1.4694709777832031,3.543539040807516,1.9641804579100555,-2.4854312470525297
b02417ed927c24517ea53019,fryum,evaluation,41.72920227050781,5.690834045410156,1.5962356328964233,5.32874889130733,4.9427081043601,-1.011253008443874
5d5db8e43375cbdd66727f4c,fryum,evaluation,35.86167907714844,4.694282531738281,1.7121634483337402,2.056401353099632,3.2147523711411856,0.3369008804654191
c09fe3ad04c8af091445e1e8,fryum,evaluation,34.891326904296875,3.9258365631103516,1.6616644859313965,1.5152310092620462,1.882316868367168,-0.25036432669632125
be287c3d130dbab9e49c5e01,fryum,evaluation,34.60111999511719,3.4250926971435547,1.7918719053268433,1.3533811394737514,1.0140594604952984,1.2638506885752345
d45d40f0cfe3ec168b544349,fryum,evaluation,34.25913619995117,3.770719528198242,1.701651692390442,1.1626550369361461,1.613353983740462,0.21465701172034077
2b0ddfa999dd7cd84c31ef1b,fryum,evaluation,34.06919479370117,3.009143829345703,1.756447196006775,1.05672374827088,0.292831083460424,0.8518877834417848
e13aaf7261b73fb3560ccb8a,fryum,evaluation,37.00120544433594,4.082170486450195,1.7099031209945679,2.6919210058568677,2.15338975865494,0.31061496210304906
44b07ba50ec832f94c291ff2,fryum,evaluation,33.15504455566406,3.3582916259765625,1.5847407579421997,0.5468975094281804,0.8982307328032795,-1.1449298168405777
46c4a50ff056ee2902a26b38,fryum,evaluation,35.91252136230469,4.801319122314453,1.8203226327896118,2.084756354210868,3.4003468816234608,1.5947113946666835
6a83f42612ccc8d8c1801a32,fryum,evaluation,41.38121795654297,5.992504119873047,1.9468905925750732,5.1346762689056815,5.465784460732344,3.0666022135560254
1baa800086090523864d3a1b,macaroni1,calibration,29.25786781311035,2.2552547454833984,1.7898977994918823,-0.21474314336501385,-0.6697794155055022,0.7729161740503326
e09bd6863d1654ac0543dd0e,macaroni1,calibration,28.160898208618164,2.7595367431640625,1.6963317394256592,-0.46722218597964194,-0.2182196833418937,-0.35034756404486334
cd1fb687ea1e87b19abdb116,macaroni1,calibration,30.23279190063477,3.1827774047851562,1.6698068380355835,0.009645845383723945,0.16077151737789697,-0.668779908710603
392b9d09ab52a18184bcf00c,macaroni1,calibration,26.33390998840332,2.206310272216797,1.7249557971954346,-0.8877226582070218,-0.7136067845982041,-0.006714775540417383
ba840ca6fb303414c2350a4c,macaroni1,calibration,35.51723098754883,3.547182083129883,1.7456709146499634,1.2259148431350495,0.4870779881805926,0.24197091508913698
52c13276a01666c9b0e46b11,macaroni1,calibration,26.041189193725582,2.3254356384277344,1.7272002696990967,-0.9550954146543995,-0.6069358768372521,0.020230193316142397
3b9054ce77f5886e41ff24a8,macaroni1,calibration,26.053272247314453,1.6744461059570312,1.689475178718567,-0.9523143733297481,-1.18986499244279,-0.43266080887823644
4ac599618d1f2aeebf058990,macaroni1,calibration,29.217103958129883,3.108091354370117,1.7012410163879395,-0.22412537149294334,0.09389383172406711,-0.2914115268953602
7d7e3e0fd6a61398789cc9fd,macaroni1,calibration,29.794410705566406,2.565593719482422,1.7279703617095947,-0.09125217765890545,-0.39188612440358706,0.02947517413265908
d2ff715157550acadadba0f8,macaroni1,calibration,30.8637752532959,2.6824188232421875,1.6778351068496704,0.1548732720446463,-0.287274988558219,-0.5724002681426258
b2f794a5b7e2de9e500979e1,macaroni1,calibration,27.72886276245117,2.266347885131836,1.9660632610321045,-0.5666596684560341,-0.6598460544266996,2.8877885403002517
eeae1efb31de90434401ff99,macaroni1,calibration,28.41157531738281,2.3875789642333984,1.7668120861053467,-0.40952622415251433,-0.5512895843151634,0.4957713985109871
133fb97b4a46d6fc89458056,macaroni1,calibration,34.24064636230469,5.418500900268555,1.693399429321289,0.9320955224553307,2.162751971678537,-0.3855500467267019
0001d619793eb3ae695414e2,macaroni1,calibration,26.42988586425781,2.0816383361816406,1.6884417533874512,-0.8656328052606778,-0.8252443728985575,-0.4450671151782957
08002ab5283f57e3502de94f,macaroni1,calibration,34.61879348754883,5.381326675415039,1.8003995418548584,1.0191300435196693,2.1294642812683127,0.898989948822939
30e7567552ad9fb07fb9be63,macaroni1,calibration,28.698257446289062,2.654478073120117,1.6688346862792969,-0.3435433298730678,-0.3122945563786075,-0.6804506236577692
576ab87bd5e1cfb32f5d13e5,macaroni1,calibration,31.21322250366211,3.0093441009521484,1.5859042406082153,0.23530221634307832,0.00547052192837084,-1.6760334486743296
261fb9a95a88fcb1fa0c78ef,macaroni1,calibration,27.86463737487793,3.005880355834961,1.6608434915542603,-0.5354097194907207,0.002368908496612662,-0.7763851885238986
676f26dc31d7d0e1f0ccce31,macaroni1,calibration,27.111093521118164,2.546579360961914,1.7481974363327026,-0.708845729008483,-0.40891254747693356,0.2723018939475355
f554fd777ec2aef6c5374735,macaroni1,calibration,25.308313369750977,1.9276962280273438,1.9606608152389526,-1.1237744606687807,-0.9630919610467967,2.822931994538066
47dd0f533c734e3b3505c354,macaroni1,calibration,32.813018798828125,3.9858856201171875,1.6751068830490112,0.6035120877268221,0.8799154334440306,-0.6051526877969293
cc60f26238c37c68ed1a1fc7,macaroni1,calibration,29.20231819152832,2.1831092834472656,1.744159460067749,-0.22752847052193967,-0.7343821291928663,0.22382585134724609
669be523c3509e7a2b15e6fe,macaroni1,calibration,33.5869255065918,4.758089065551758,1.819564938545227,0.7816348213459213,1.571385647728899,1.1290711888929397
88ac314651d3cebfb04cedad,macaroni1,calibration,36.46499633789063,3.9065723419189453,1.825883150100708,1.4440529640982,0.8088942928422683,1.20492153382424
27b0da8578b6ce1798565d80,macaroni1,calibration,30.39781951904297,3.7599735260009766,1.6930204629898071,0.047628680031145704,0.6776222618043093,-0.39009955044430356
cb1196f52d9dc7a432887b0f,macaroni1,calibration,42.50226593017578,6.177379608154297,1.6555812358856201,2.833593786765011,2.842290538697842,-0.8395587470662355
b4db62ae4823c2fd5c6dece5,macaroni1,calibration,30.707353591918945,3.1995468139648438,1.73074471950531,0.11887118853484387,0.17578769870610064,0.06278143396900472
da773592c46fe1762ac4ea30,macaroni1,calibration,25.72026252746582,1.8374691009521484,1.697574496269226,-1.0289600478356247,-1.0438859166576562,-0.3354282258076827
fbd0c98cae077bdf6faefe1c,macaroni1,calibration,26.122636795043945,1.7790546417236328,1.7223081588745117,-0.9363493962415761,-1.096193192517252,-0.03849976376562413
ed4f5b83837fb6572932690e,macaroni1,calibration,29.011865615844727,2.3377552032470703,1.6814793348312378,-0.271363125352092,-0.5959043123241871,-0.5286511870960445
ff2b22887b306f60c9365830,macaroni1,calibration,27.444334030151367,2.001230239868164,1.9854031801223755,-0.6321469359548112,-0.8972458692876706,3.1199649277255745
f1240665086213d781ff8ca0,macaroni1,calibration,35.39384460449219,5.193002700805664,1.854531168937683,1.197516174896431,1.9608294223486675,1.5488419757565683
a529b74c22e6fdb338661f4d,macaroni1,calibration,44.14899063110352,6.222339630126953,1.517369270324707,3.21260472219796,2.8825500275818747,-2.498798101331614
ddb12d34c412020b1eee9007,macaroni1,calibration,30.452320098876957,3.667165756225586,1.8954592943191528,0.0601725592435486,0.5945174675518371,2.0401855150343815
0abb3a0c5d5451b75cb255da,macaroni1,calibration,26.93939971923828,2.677875518798828,1.653222918510437,-0.7483628555942882,-0.2913432942820339,-0.8678704274831317
cb1e8763b28065eaf5bcf525,macaroni1,calibration,32.212646484375,3.9357128143310547,1.6719516515731812,0.4653301120871014,0.8349881529801545,-0.6430313491361807
0c0fa1e3a2dc78d848aeaf69,macaroni1,calibration,26.802217483520508,2.2815914154052734,1.7263617515563965,-0.7799367838015253,-0.6461962226279048,0.010163754451842338
9535332a494397383fb09091,macaroni1,calibration,27.158523559570312,2.015867233276367,1.7469249963760376,-0.6979292089421708,-0.8841391614268158,0.2570262089265604
3427678904fe954eebc75d3b,macaroni1,calibration,32.593299865722656,2.4853076934814453,1.7067681550979614,0.5529414742407204,-0.46377831283034754,-0.22505803841892116
f7687fafe513433f4c1d1957,macaroni1,calibration,27.16325569152832,3.3862838745117188,1.6945056915283203,-0.6968400592142374,0.34300155411516053,-0.3722693312503436
7bdc3027b85781cce61da74f,macaroni1,calibration,27.856613159179688,2.083436965942383,1.825312852859497,-0.5372565767681958,-0.8236337883907667,1.1980750960183244
3c542d1e8af9b5d03efd01e8,macaroni1,calibration,35.289794921875,4.144168853759766,1.9882310628890991,1.1735680507697788,1.0216502860034382,3.1539137566620155
40150784a6ff635defdc56e1,macaroni1,calibration,25.946556091308597,2.0813026428222656,1.6596554517745972,-0.9768762142317524,-0.8255449697950273,-0.7906476465451687
e31cd9882211d0204eba6443,macaroni1,calibration,34.98372268676758,4.8707122802734375,1.7827273607254028,1.103122320483009,1.6722341985576572,0.6868348124228592
3b9a6ec1a5c03ff1e1f9c224,macaroni1,calibration,26.43050575256348,2.3958892822265625,1.7577153444290161,-0.8654901314752756,-0.5438481031906202,0.3865647048379883
a9dedcf73a19fe46baef9e77,macaroni1,calibration,32.62284851074219,3.752979278564453,1.8535852432250977,0.5597424043435597,0.6713592571488812,1.537486105357333
a5b61b445a31650ff6e3b7f4,macaroni1,calibration,30.192455291748047,2.05072021484375,1.6580281257629395,0.00036195241865421407,-0.852930030238205,-0.8101837507442816
5d1801c94f95702081c405e0,macaroni1,calibration,27.101043701171875,2.071186065673828,1.6688554286956787,-0.7111588003170203,-0.8346038671750083,-0.6802016102425875
ba62f5269a98e07f8320c6b3,macaroni1,calibration,25.76833915710449,2.696941375732422,1.7884260416030884,-1.0178947080362342,-0.27427075691206987,0.7552476704650826
b4a493944675a25c98996489,macaroni1,calibration,29.365238189697266,3.000589370727539,1.6940308809280396,-0.19003072674487842,-0.002368908496612662,-0.3779694486794745
935efd3b4dddea3e067bb2fe,macaroni1,calibration,31.068225860595703,3.735414505004883,1.8355005979537964,0.20192972044727073,0.6556308661284732,1.320379322885249
dac0807767fd621f4a765b69,macaroni1,calibration,27.143787384033203,2.4173927307128906,1.6809383630752563,-0.7013208940683351,-0.5245928224474254,-0.5351455714529102
3baf62d32e743499c9a19a25,macaroni1,calibration,32.09067153930664,3.232494354248047,1.7317638397216797,0.43725630108293284,0.2052906009198621,0.07501600687928354
8e5a32f55eb8602c36176472,macaroni1,calibration,31.823835372924805,3.4879932403564453,1.7015056610107422,0.3758411629176134,0.4340772899348218,-0.28823445918442103
2069e979e6e32af63dfa850b,macaroni1,calibration,37.30484008789063,4.084014892578125,1.5837457180023193,1.6373517985212729,0.9677853716803163,-1.7019465860806249
4be21640999640edfd31c128,macaroni1,calibration,39.19824600219727,5.641578674316406,1.6401033401489258,2.0731389986108444,2.362507149067381,-1.0253714125855689
5c367cfe98d0a884398daa8f,macaroni1,calibration,27.858661651611328,2.6407337188720703,1.7827874422073364,-0.5367850947819804,-0.32460194976475804,0.6875560926599372
2f1344e756188716f7a60d59,macaroni1,calibration,33.669532775878906,4.355705261230469,1.6970086097717285,0.8006477494865083,1.211070737139216,-0.3422217124850829
43c8d656eae09a307d3c0b8b,macaroni1,calibration,39.5174446105957,5.308769226074219,1.7000445127487183,2.146605901177999,2.064492653208008,-0.30577559383891717
88878b03c6b6bfd2f38972d3,macaroni1,calibration,29.190916061401367,2.4046764373779297,1.8533674478530884,-0.23015279018078125,-0.5359796378381367,1.534871464497925
231c0cde2c49e0eeea924c3b,macaroni1,calibration,32.01306915283203,4.666284561157227,1.895430564880371,0.4193952991358554,1.489179228292013,2.039840617143239
6c364e32432be2c33262d345,macaroni1,calibration,41.78171920776367,5.558780670166016,1.7934871912002563,2.667752412593177,2.2883656077278314,0.816006943769422
4ac4a0b2cc200d2bf21a9c2f,macaroni1,calibration,26.057796478271484,2.121553421020508,1.7322587966918945,-0.9512730741944566,-0.7895023771461326,0.0809579821656887
68a7923896000fafc618026d,macaroni1,calibration,28.582353591918945,3.1673927307128906,1.8227463960647583,-0.3702198157728381,0.14699529824763183,1.167264694780122
9538113161c9375861d9386f,macaroni1,calibration,27.35746192932129,2.6754798889160156,1.7209467887878418,-0.6521414597389529,-0.2934884630432059,-0.05484305802640131
85a9854cc3bbb6a42985bf84,macaroni1,calibration,30.19717788696289,2.606290817260742,1.5680222511291504,0.0014489071652737824,-0.3554438745173402,-1.8907073414578568
a911c3996dab93796bd97d77,macaroni1,calibration,31.781930923461918,2.970090866088867,1.617997407913208,0.36619641502454797,-0.029678819715672836,-1.2907538820365319
c0d08fc19b1f525e034a12bd,macaroni1,calibration,37.59391021728516,4.198657989501953,1.8322821855545044,1.7038843161217072,1.0704426276986296,1.2817421724078004
c21eb34bf8aa3be3ad4e9970,macaroni1,calibration,30.85123634338379,2.9567317962646484,1.6769402027130127,0.1519873106131935,-0.04164120984564766,-0.5831436227849773
b71bfcb3737b39896b3981e3,macaroni1,calibration,36.75116729736328,4.895881652832031,1.841590166091919,1.5099182073792217,1.6947721340452568,1.3934847958032244
6f48cde1b9e0b3890fa22d1a,macaroni1,calibration,26.09275245666504,2.370199203491211,1.7856707572937012,-0.9432275896866631,-0.5668523054551305,0.7221703884817776
1cb28881694d944bbb3f80b9,macaroni1,calibration,35.6832389831543,4.53620719909668,1.7368890047073364,1.2641233218615362,1.3727013467837288,0.13654378710289064
832abab0242cd26880edbb6b,macaroni1,calibration,27.02732276916504,2.3858108520507812,1.6009302139282227,-0.72812644486936,-0.5528728418323658,-1.4956461271604784
7b469fffd6d6f774d40981c3,macaroni1,calibration,31.382850646972656,3.8298606872558594,1.7013566493988037,0.27434390997630315,0.7402027781881482,-0.2900233486613012
dea88015e1869fe434e0ecc6,macaroni1,calibration,27.963790893554688,3.2461605072021484,1.8696801662445068,-0.5125884987706002,0.21752796889263046,1.7307062044225319
89febed44d2f9491ba1954ef,macaroni1,calibration,32.32491683959961,3.427480697631836,1.7025845050811768,0.4911703101062941,0.3798912834722888,-0.2752828993718086
398aa1c0f13d04f0836274b8,macaroni1,calibration,29.21304702758789,2.556774139404297,1.8708304166793823,-0.22505911654385605,-0.3997836246835704,1.7445150000724652
54feb56bcefe88fc74711721,macaroni1,calibration,47.5258903503418,9.249248504638672,1.726074457168579,3.989833557552584,5.59299808431323,0.006714775540417383
79eeed8db6a03996dd986d67,macaroni1,calibration,32.394187927246094,3.7815933227539062,1.7493040561676025,0.5071137763775903,0.6969817266991215,0.28558690275863835
1166c8594ae3b5c7697f2665,macaroni1,calibration,29.17734718322754,3.0653114318847656,1.6913495063781738,-0.23327580959413005,0.05558651473017714,-0.410159441482247
ce1f39d95343ce85691e6ace,macaroni1,calibration,30.18931007385254,2.903860092163086,1.6359742879867554,-0.00036195241865421407,-0.08898522103966568,-1.0749408244341274
02df69748a07b50164f8a2b3,macaroni1,calibration,26.95998954772949,2.138242721557617,1.897223711013794,-0.7436238909376822,-0.7745579291682229,2.061367397552224
68933c3c7608b313c6fbfb60,macaroni1,calibration,29.480802536010746,2.9425697326660156,1.6430858373641968,-0.1634323821798804,-0.05432264141547392,-0.9895664319279169
a839b6ebccc86ab7876fc721,macaroni1,calibration,39.05379486083984,4.904605865478516,1.7105473279953003,2.039892055646186,1.7025842374796523,-0.1796889390620772
8cd2136a6f5d323a5dfa50ea,macaroni1,calibration,44.33584976196289,6.4046173095703125,1.6636875867843628,3.255612308069051,3.0457707264912375,-0.742241728412373
56ff3d4e6f0b75112ccfd32f,macaroni1,calibration,39.23143768310547,5.3211517333984375,1.8794034719467163,2.0807784115755736,2.0755805796391615,1.8474348205679163
89efd41663d7c8c45b83022f,macaroni1,calibration,31.77142143249512,4.060945510864258,1.7757210731506348,0.36377754561668296,0.9471278747325657,0.6027240914431168
ebb6df0981300e850ef06864,macaroni1,calibration,27.15924644470215,2.582876205444336,1.73686683177948,-0.6977628293585808,-0.37641050804611964,0.13627760034873088
144fe1ec8e238618d53ce167,macaroni1,calibration,38.574851989746094,5.770137786865234,1.7012392282485962,1.9296583380794832,2.4776255127939035,-0.29143299356908275
1a0f97b2cb81dc637bd48e50,macaroni1,calibration,28.089570999145508,2.069730758666992,1.829466462135315,-0.4836388902222047,-0.835907023038682,1.247939316852673
e038dcce54a79b61a08a271c,macaroni1,evaluation,29.08928108215332,2.7421531677246094,1.6008803844451904,-0.253545145038766,-0.23378582035568446,-1.496244331801547
86eeb761e12b0f0c274e1f54,macaroni1,evaluation,36.07200241088867,3.420421600341797,1.8089182376861572,1.3536012961244548,0.3735702089618609,1.0012571824372243
4c2b87e998d1b5e51872271c,macaroni1,evaluation,28.42876434326172,2.4210433959960938,1.7283437252044678,-0.4055699898324264,-0.5213238311983146,0.03395741560593002
6dc0bee62270288893be907b,macaroni1,evaluation,30.47344970703125,3.0472354888916016,1.8396159410476685,0.06503575984251853,0.03940039661741708,1.3697841569019344
23bfbf5ef2a7f82eabbe32e2,macaroni1,evaluation,28.5561637878418,3.0572986602783203,1.7092032432556152,-0.37624767345693794,0.04841147176386871,-0.19582472214353627
0f0fbdb4f186b1f6a2ee813d,macaroni1,evaluation,27.925525665283203,2.447225570678711,1.6535543203353882,-0.5213956417943004,-0.4978789812105699,-0.8638919372865502
cc3859abf9a3b6f9c23cc414,macaroni1,evaluation,30.965124130249023,3.951221466064453,1.8134022951126099,0.1781997774632155,0.8488753880096841,1.0550884445755022
9bf48ad0de8dac2f8b60643b,macaroni1,evaluation,28.474214553833008,2.361328125,1.685800313949585,-0.39510914788687,-0.5747959200317315,-0.47677768560126427
97b83bc1016922377294512c,macaroni1,evaluation,39.974647521972656,4.47845458984375,1.552868366241455,2.251835939341646,1.320986725032514,-2.0726302456986616
91fc5e19d8e892f4987ed7d5,macaroni1,evaluation,30.730379104614254,3.504650115966797,1.5663946866989136,0.12417075141900759,0.4489927029852316,-1.9102463078801326
8705a1c6127602a8a65f0859,macaroni1,evaluation,29.59604263305664,3.432313919067383,1.7795178890228271,-0.136908666979555,0.38421919560669143,0.6483049953140234
bd72045ddb156541fc1b57d8,macaroni1,evaluation,33.79774856567383,4.054349899291992,1.7236464023590088,0.8301579562624618,0.9412218288916957,-0.022434105151658758
1d199f25afb8a12990b79de8,macaroni1,evaluation,32.34513473510742,4.00483512878418,1.694422721862793,0.49582367049166054,0.8968837866623772,-0.3732653849110705
355774e9d68ca541c307aa11,macaroni1,evaluation,33.619850158691406,3.637317657470703,1.6812081336975098,0.7892127748338643,0.5677899628196874,-0.5319069659439664
2d7667d36b170f2fa8061346,macaroni1,evaluation,36.57445526123047,6.662508010864258,1.7375339269638062,1.4692460816260675,3.2766991683935456,0.144286100758828
c9150880266351b4ea30f303,macaroni1,evaluation,30.73287773132324,3.1663780212402344,1.6663603782653809,0.12474583652323686,0.1460866758105749,-0.710154775643469
a102796723837e755f6a51ee,macaroni1,evaluation,32.51024627685547,3.3291988372802734,1.7000247240066528,0.533825820974645,0.29188471028306223,-0.3060131583614468
a03d919a020dfbeb44648b51,macaroni1,evaluation,34.649471282958984,4.635002136230469,1.5659112930297852,1.0261908594100688,1.461167355002219,-1.916049465343132
cb13ee2309ea70fdfa9a82aa,macaroni1,evaluation,31.01728820800781,2.849519729614258,1.8251571655273438,0.190205886253723,-0.13764434365573974,1.19620606429288
2e04bcc4021810e813fbcce7,macaroni1,evaluation,28.48101806640625,3.1828880310058594,1.8395134210586548,-0.3935432482175679,0.1608705777187791,1.368553400941841
5ac982fc779fe515d968c55c,macaroni1,evaluation,27.906429290771484,2.362905502319336,1.7069584131240845,-0.5257908723771579,-0.5733834562057051,-0.22277398433484055
d7b75dc170f79ba4079656f8,macaroni1,evaluation,27.43212890625,2.258535385131836,1.8276958465576172,-0.6349560730402791,-0.6668417640172731,1.226683016532592
716775ebb7356a6c56c16b15,macaroni1,evaluation,29.37638282775879,2.8772125244140625,1.725574254989624,-0.18746567158151084,-0.11284680763388016,0.000709831344426049
c4dae2c5b6376b2e180790d5,macaroni1,evaluation,30.723617553710938,3.0582275390625,1.7771223783493042,0.12261450966748726,0.049243237039896366,0.6195468080836979
1b0032887856297d9c6df6d9,macaroni1,evaluation,27.70238304138184,2.7068920135498047,1.773851752281189,-0.5727542535720742,-0.26536045004341213,0.5802828307335506
520cd1ade211b12ba5e5f41e,macaroni1,evaluation,29.42262077331543,2.4365901947021484,1.7625609636306763,-0.17682352417943023,-0.5074024374305498,0.4447365284029683
416300b678c37fba68363a3e,macaroni1,evaluation,32.45266342163086,3.8017616271972656,1.6266820430755615,0.5205725238016059,0.7150414516040835,-1.186494541100793
b3f701616ea63cdd3c6033be,macaroni1,evaluation,33.429443359375,4.74931526184082,1.8085007667541504,0.7453886559140185,1.5635291379347978,0.9962454296787967
65fcd249b735d8e19349215c,macaroni1,evaluation,33.38787841796875,4.561716079711914,1.7508553266525269,0.7358220493557255,1.395543295041622,0.30420995776875165
f78316c6ad95e095ce2064de,macaroni1,evaluation,44.20472717285156,5.058753967285156,1.5897871255874634,3.2254330709886356,1.8406162828143617,-1.629419282241577
9f89722dfc85075078cb67bf,macaroni1,evaluation,30.48643684387207,3.370929718017578,1.6220502853393555,0.06802488539572234,0.3292526619754836,-1.2420989504885545
7d6a7af201ca8181b65bd8ff,macaroni1,evaluation,26.03348922729492,2.1630401611328125,1.6981037855148315,-0.9568676425672037,-0.7523530413784167,-0.3290740903858044
72910ae560227fdcaad0aadc,macaroni1,evaluation,28.056137084960938,2.651844024658203,1.6700656414031982,-0.4913340557123074,-0.31465321725374956,-0.6656729654671575
42a4f4d003782c1ab08404e8,macaroni1,evaluation,29.890321731567383,2.7057113647460938,1.6885446310043335,-0.0691772505854947,-0.26641766299179226,-0.44383206588345764
827d468e3d21d0e6dd9b270b,macaroni1,evaluation,33.08565139770508,3.812131881713867,1.7788963317871094,0.6662613355347008,0.7243275045933286,0.6408431795280608
f9425ff9505a9a5ef3ccc7ec,macaroni1,evaluation,32.69916915893555,4.944263458251953,1.6333212852478027,0.5773084008020555,1.7380956617489893,-1.1067902126805018
d731cc7ef0d67138a3813b47,macaroni1,evaluation,32.53082275390625,2.8053741455078125,1.773006558418274,0.5385617126574124,-0.17717454347845066,0.5701362496206862
2da8e091a994a4312f3b7c7c,macaroni1,evaluation,25.01238441467285,1.6334304809570312,1.6646467447280884,-1.1918856088301373,-1.2265924677933011,-0.7307270046275908
bf8ffd873dfc4dd768cd3d04,macaroni1,evaluation,27.538976669311523,3.0620956420898438,1.663823127746582,-0.6103639413961428,0.052706933096947906,-0.7406145545442029
b584fc55d4626fb9091417d9,macaroni1,evaluation,34.38250732421875,4.879770278930664,1.667431354522705,0.9647463084951436,1.6803451909516107,-0.6972976691952358
61560c6085eb134e5fcf083b,macaroni1,evaluation,31.805747985839844,3.3997344970703125,1.7738264799118042,0.37167816135776144,0.35504592521689987,0.5799794350782717
e56d0912729acab49b30eca4,macaroni1,evaluation,40.395774841308594,7.749732971191406,1.6719990968704224,2.348762802191253,4.250255658898703,-0.642461766726742
3b9e3860cb3fc3c4fdb5e382,macaroni1,evaluation,31.903732299804688,2.128467559814453,1.6548177003860474,0.3942302773688036,-0.7833111058409986,-0.8487250167457694
9763d34caa5cf6e2e40559fa,macaroni1,evaluation,32.83614730834961,2.362030029296875,1.7010468244552612,0.6088353564091762,-0.5741673992482035,-0.2937428076616304
8cf50f81987d2fe0d6b3a76b,macaroni1,evaluation,28.700977325439453,3.164937973022461,1.7201502323150635,-0.34291732120235713,0.14479718344219528,-0.06440574561401191
133f5a68841537ec52c70973,macaroni1,evaluation,29.46476173400879,2.380176544189453,1.6682149171829224,-0.1671243407497805,-0.5579180874697083,-0.6878909727700092
a5c5b59cb3aec6d5a84328b5,macaroni1,evaluation,27.16405296325684,2.1390914916992188,1.6523139476776123,-0.6966565587763985,-0.7737978972424892,-0.8787826532921007
aae0002b4c724394fa04f1d8,macaroni1,evaluation,30.069913864135746,2.7590999603271484,1.8408805131912231,-0.02784224047555636,-0.21861080089468699,1.3849653885585302
99e57f8a6142249aa70c03ff,macaroni1,evaluation,34.24087142944336,4.67579460144043,1.8360345363616943,0.9321473240143376,1.497695001734054,1.326789271658806
1cfb217527b81f10167f2367,macaroni1,evaluation,30.667219161987305,2.934000015258789,1.7319525480270386,0.10963382917362861,-0.06199640196001659,0.07728145651280457
ab1a1ad3bdb2f32731272e06,macaroni1,evaluation,39.112586975097656,4.841285705566406,1.6259233951568604,2.0534236764498233,1.6458841478830069,-1.1956021352054853
adae9db36e1b1ca951ee26bd,macaroni1,evaluation,32.88950729370117,2.747232437133789,1.6863129138946533,0.6211167158564416,-0.22923758435966463,-0.4706239058007965
325afcd3b34093a75cef6138,macaroni1,evaluation,29.77439308166504,3.380474090576172,1.8046481609344482,-0.09585944343668104,0.3377991782819362,0.9499947655877462
819c7147d9d7d4d0b76b5d76,macaroni1,evaluation,29.045167922973636,2.306650161743164,1.6679271459579468,-0.26369825060411956,-0.6237573474811873,-0.6913456761277601
61bb5e06d63a99abe1c9ca59,macaroni1,evaluation,31.07416534423828,2.8150291442871094,1.6772454977035522,0.20329675480953782,-0.16852896683111593,-0.5794785460247452
79d0fac8b20d6d9f7b17ba0c,macaroni1,evaluation,28.597957611083984,3.422199249267578,1.7687749862670898,-0.3666283873471132,0.3751620061636222,0.5193360818120341
f54057a6a40346c568758ba4,macaroni1,evaluation,37.45166397094727,4.75438117980957,1.736854910850525,1.6711448528368145,1.5680654183724354,0.13613448919058047
527124ecbaa64f17c39c5337,macaroni1,evaluation,29.78180313110352,3.671640396118164,1.8282663822174072,-0.09415394295581712,0.5985242875468286,1.2335323165616707
bdb949ab8a73c03fac50dc51,macaroni1,evaluation,27.360538482666016,2.2349777221679688,1.6845639944076538,-0.6514333587671042,-0.6879364928144346,-0.49161974381304363
3a450993b1fd2050872e6bb2,macaroni1,evaluation,30.99533462524414,3.302227020263672,1.7463254928588867,0.18515303926923624,0.26773277441384835,0.24982914878317616
80fa55667e07b0a58bbf3af9,macaroni1,evaluation,28.678194046020508,2.2196083068847656,1.679094910621643,-0.34816113156114986,-0.7016990484494057,-0.5572762809492902
a899b9de6c3d9c6dd5067117,macaroni1,evaluation,32.739501953125,2.9195194244384766,1.566527009010315,0.5865914157745988,-0.07496305899410695,-1.908657774024663
e24c41fff25b9a759a3e7109,macaroni1,evaluation,34.95285415649414,5.013130187988281,1.714945912361145,1.0960176049663324,1.799762431885036,-0.12688378392773775
9cb028b16f7d97e922164775,macaroni1,evaluation,29.760581970214844,2.7472801208496094,1.748401403427124,-0.09903821537540167,-0.2291948859368706,0.2747505258634891
24651fd8edb41c5aad89d79e,macaroni1,evaluation,34.674991607666016,4.301664352416992,1.8145416975021362,1.032064629405937,1.1626797606182884,1.0687670090715187
2d495fb96aae7e3d4984b61a,macaroni1,evaluation,32.21693420410156,3.971088409423828,1.701781988143921,0.4663169756858093,0.8666652588825878,-0.28491714253849443
d6e3dfdb4dcfd9d1abbb3bbd,macaroni1,evaluation,27.28923797607422,2.2557849884033203,1.7156871557235718,-0.6678439170619882,-0.6693046090440327,-0.11798513211394507
3d6b40836f0878dc1f897eca,macaroni1,evaluation,37.36164474487305,5.8272705078125,1.7430514097213745,1.6504259852191001,2.528785055048796,0.2105236691971652
60c800d3cb38836c7ed959bf,macaroni1,evaluation,29.0658016204834,3.7469310760498047,1.603678584098816,-0.25894918903347,0.6659433892016867,-1.4626518496489005
d847731059250850ed61867d,macaroni1,evaluation,32.83418655395508,3.770132064819336,1.7455977201461792,0.6083840682510482,0.686718733796349,0.24109221257809343
beb72c20da77740b1cf2894b,macaroni1,evaluation,29.362194061279297,3.7115306854248047,1.7199300527572632,-0.19073136478026,0.6342440801194006,-0.06704900870505004
56a8bc11f880d5bd3e348b9b,macaroni1,evaluation,30.34575080871582,3.679533004760742,1.6762853860855103,0.03564452105377591,0.6055917304876961,-0.5910047187021795
fbd19f86cedb4224b8ae8cc4,macaroni1,evaluation,35.166893005371094,3.7995338439941406,1.7711656093597412,1.1452808875819036,0.7130465812911465,0.548035593467518
5e3d4604dc5ea8337cee66d3,macaroni1,evaluation,28.729713439941406,2.5886363983154297,1.8285503387451172,-0.33630340350745797,-0.37125253857260104,1.2369412243488136
abafc5d3bf2bbc5b1f12dc0a,macaroni1,evaluation,29.793529510498047,2.8888320922851562,1.7621774673461914,-0.09145499393230538,-0.10244205596743147,0.4401326424452695
ccf029bd832ca16db792071d,macaroni1,evaluation,31.62322425842285,3.745573043823242,1.7240811586380005,0.32966841399194574,0.6647273381205129,-0.01721484121391319
143c918fb8c7224562f0141d,macaroni1,evaluation,29.429832458496094,2.0521202087402344,1.6333259344100952,-0.17516367930989526,-0.8516764045449724,-1.1067343993288232
8de6efba55d47e2f9fcf26b2,macaroni1,evaluation,27.87961769104004,2.294769287109375,1.6159567832946777,-0.5319618428429218,-0.6343960865045473,-1.3152516500887197
acadad5421bbb3fb90ce8731,macaroni1,evaluation,32.6921272277832,3.586639404296875,1.7582896947860718,0.575687626599907,0.5224100790741947,0.39345980043767526
db56010d35504e42159af7bc,macaroni1,evaluation,30.765043258666992,3.221649169921875,1.5459835529327393,0.1321490694985981,0.1955792716395884,-2.1552826639768514
bece8c7d3b0ac077c78d54d6,macaroni1,evaluation,31.757469177246094,3.37103271484375,1.7491662502288818,0.36056628795451645,0.3293448905687187,0.2839325377704196
f5c1a5244fd99ed800de704b,macaroni1,evaluation,28.41669273376465,2.371063232421875,1.7735551595687866,-0.40834839717950044,-0.5660786100341029,0.5767222251187683
6dda6c3c425297162e2cb481,macaroni1,evaluation,28.13839340209961,2.4393997192382812,1.7222018241882324,-0.47240190288407014,-0.5048866463595257,-0.03977631529632582
2440bf790bd243c686a3d8f3,macaroni1,evaluation,29.11796188354492,2.0715065002441406,1.6129724979400635,-0.246943958235488,-0.8343169337738324,-1.351078097420094
eaf9a66d2d04e6c3a6e5829e,macaroni1,evaluation,28.858715057373047,2.73577880859375,1.6589641571044922,-0.3066123302712431,-0.2394937455147901,-0.7989466626063112
483e948bfe041e56d33ff034,macaroni1,evaluation,32.910057067871094,3.888914108276367,1.7396413087844849,0.6258464615915301,0.7930822129131839,0.16958529129665803
773ebf1c61a0d24126d6c7fb,macaroni1,evaluation,25.983997344970703,1.9458503723144531,1.7411142587661743,-0.9682587175935699,-0.9468358175206545,0.18726810599772306
d389cda0bb605d982a7ad6a8,macaroni1,evaluation,34.82744216918945,4.6350860595703125,1.5922585725784302,1.0671527226966515,1.4612425042263366,-1.5997494769338334
6eea5f4ec8c873b499a24d78,macaroni1,evaluation,30.99207878112793,3.3134727478027344,1.6241010427474976,0.18440367264868712,0.2778027704455918,-1.217479537951939
aa508c9e9b36a321288ea94e,macaroni1,evaluation,31.996362686157227,3.6529922485351562,1.9032024145126343,0.4155501308702492,0.5818257883605402,2.133141936699401
3ce378aff142c86c5415f797,macaroni1,evaluation,27.44911766052246,2.726865768432617,1.77211594581604,-0.631045933327783,-0.24747493470344978,0.5594444149952689
2082fd2f443731d54b457329,macaroni1,evaluation,29.87407875061035,3.289701461791992,1.7394814491271973,-0.07291574275924763,0.2565167527143131,0.16766617066586098
4828c3fd010cd485680035b0,macaroni1,evaluation,30.263093948364254,3.0260543823242188,1.677623987197876,0.016620179010356027,0.020433757212309937,-0.5749347667534696
32005d81be5fcfec4c8e4576,macaroni1,evaluation,26.99103164672852,2.4635696411132812,1.869067907333374,-0.736479226761092,-0.4832436698136889,1.7233560153399266
4040f2f8333a99a40e58a1e9,macaroni1,evaluation,30.43448257446289,3.9149646759033203,1.7469388246536255,0.05606706619411878,0.8164092152540172,0.2571922178700149
0b6f4855f72258c394c54157,macaroni1,evaluation,31.802413940429688,3.1898231506347656,1.586575984954834,0.37091079589043874,0.1670806363299425,-1.6679691349125538
635c1f78face430b990865a1,macaroni1,evaluation,34.69437026977539,4.457426071166992,1.7013007402420044,1.0365248314356845,1.302156720580348,-0.29069453999302663
36ee95659f39eabf650c9734,macaroni1,evaluation,34.30367660522461,4.192508697509766,1.722739577293396,0.9466025929548421,1.0649362390951118,-0.033320570952160684
0a5fc896034108697d256245,macaroni1,evaluation,25.704620361328125,1.9034957885742188,1.6729999780654907,-1.0325602561866047,-0.9847622645832217,-0.6304461538884334
fa2bf5f7b5c229d58704a75a,macaroni1,evaluation,26.992525100708008,2.069965362548828,1.8064987659454346,-0.7361354926873436,-0.8356969467985355,0.9722113417790164
259c3149bfd2e3b96010f6bd,macaroni1,evaluation,40.05150604248047,7.50556755065918,1.772895097732544,2.269525732746243,4.031617531013428,0.5687981602919799
51085c0dde6572394f925b75,macaroni1,evaluation,32.71238327026367,4.760059356689453,1.6208643913269043,0.580349766910529,1.5731499465587482,-1.2563356485013575
9be5a91d9e1c43972f2cbb9f,macaroni1,evaluation,35.79962921142578,5.675544738769531,1.7110997438430786,1.2909117518083129,2.392922089592023,-0.17305716799338705
8c2143fdd3b3980b2d19b468,macaroni1,evaluation,38.19784927368164,6.958759307861328,1.742727279663086,1.8428872147728068,3.5419776374651932,0.20663247680705546
2345d287749147fc1d326ea3,macaroni1,evaluation,38.19021224975586,7.133882522583008,1.7905657291412354,1.8411294737366741,3.6987918650185394,0.7809346922415003
251140b68bcbff57a5e06fec,macaroni1,evaluation,36.00835037231445,4.5224151611328125,1.808493733406067,1.3389511128432803,1.3603512549747843,0.996160994095488
0f35d2c299de03a383e80afe,macaroni1,evaluation,37.12084579467773,6.557281494140625,1.807576298713684,1.595003585036858,3.1824739969085964,0.9851471593642322
10d3e03993e06518157e65fc,macaroni1,evaluation,41.63451385498047,8.295400619506836,1.6700494289398193,2.6338715590250814,4.738874206173704,-0.665867596642242
78f5e80e155e6e49e3262332,macaroni1,evaluation,31.9102783203125,3.7876110076904297,1.640296220779419,0.3957369125426317,0.7023702676557277,-1.023055874046695
53eca411b8cb199d728dcd82,macaroni1,evaluation,48.8962287902832,8.743980407714844,1.8542996644973755,4.305231300532521,5.140555348766241,1.5460627570652874
41931e192be7cce3b45b2940,macaroni1,evaluation,42.6615104675293,7.707393646240234,1.6122078895568848,2.8702455847437136,4.212342875331429,-1.3602572471038614
6cc0a6b7e23183b3cb8e719c,macaroni1,evaluation,39.7524299621582,7.953817367553711,1.7220793962478638,2.200690240751315,4.43300320052023,-0.041246066890530564
6a6f17ea1be5882b16aed7f7,macaroni1,evaluation,35.601898193359375,6.5875396728515625,1.6890990734100342,1.2454018872394286,3.209568708076775,-0.43717596591788194
29e7714a876f73909eaf12fb,macaroni1,evaluation,46.149227142333984,7.458427429199219,1.71259343624115,3.672980102965301,3.9894058702392514,-0.15512533987714028
1da88bfbc807996365e990b0,macaroni1,evaluation,41.0610237121582,7.866937637329102,1.645049810409546,2.501876796712847,4.355206674189511,-0.9659888686226364
13295077e692b776977e90f1,macaroni1,evaluation,33.3829460144043,4.454206466674805,1.9417288303375244,0.7346868050202011,1.2992737230732951,2.5956528709446505
ba6523958ae850d02b5b3d0a,macaroni1,evaluation,39.08778381347656,7.585294723510742,2.002411127090454,2.0477149690487564,4.103009293925042,3.3241459103935136
c421503b61809f1136f3a315,macaroni1,evaluation,36.20600509643555,5.899879455566406,1.9187006950378418,1.3844434175616538,2.593802797405718,2.3191993222991716
271f58cf3f9e2c3f6c6cb1d5,macaroni1,evaluation,39.25693893432617,5.617179870605469,1.705024242401123,2.086647791608814,2.340659220092133,-0.24599376974474507
9f508efba2b34d78c14ebf4b,macaroni1,evaluation,32.536468505859375,4.845293045043945,1.803599238395691,0.5398611415952128,1.649472523334617,0.9374024147820914
25f3f4cadc2dde03d0bacab4,macaroni1,evaluation,42.81513977050781,7.110408782958984,1.8121973276138306,2.90560497772482,3.6777722854454953,1.0406227687096583
e92a3be4f89c01fdecf3c13f,macaroni1,evaluation,39.03690719604492,6.642009735107422,1.7647864818572998,2.0360051827356185,3.2583439704028487,0.4714539505180689
95d4e2804290b11c11db41b7,macaroni1,evaluation,39.17900848388672,6.174980163574219,1.6187976598739624,2.0687112823045406,2.8401419540628465,-1.2811468299898947
654501aee741251968ca0c14,macaroni1,evaluation,40.92983627319336,8.210081100463867,1.743682622909546,2.4716826337594973,4.662474772236806,0.21810140502122957
df88bf7e9bb033178fb41335,macaroni1,evaluation,48.05765914916992,12.03255844116211,1.6893326044082642,4.112225715612978,8.085315270422102,-0.43437241832971535
623e70869370a4627f59c678,macaroni1,evaluation,45.47657775878906,10.588125228881836,1.7974333763122559,3.518162802944158,6.791896355082324,0.8633810304519532
584c4d4b937541e3e8fc4467,macaroni1,evaluation,46.344688415527344,10.480438232421875,1.7218596935272217,3.7179675619814887,6.695467944981203,-0.043883605535242676
067ddfed88952e43c12bc42a,macaroni1,evaluation,47.97713088989258,11.005073547363281,1.8198130130767822,4.093691293398811,7.1652530719302145,1.1320493320940497
bd48310a6a7abe1c8bc80fba,macaroni1,evaluation,45.499168395996094,10.012710571289062,1.7059391736984253,3.523362274680411,6.276640823731497,-0.23500998835670087
ff8d68cda19e242035f7a986,macaroni1,evaluation,41.69783782958984,8.892309188842773,1.7171462774276733,2.648446234949058,5.273376478583167,-0.10046832635633451
c8551eaef4dfb2c931d4c605,macaroni1,evaluation,37.28208923339844,6.260778427124023,1.8825956583023071,1.6321154510989457,2.916970080164597,1.885757126497434
d96aae817b19c7a8723b8caf,macaroni1,evaluation,50.678367614746094,12.320137023925781,1.7447824478149414,4.715409214637116,8.342827750355973,0.2313048404721867
969ed4892a21b13adc0de64a,macaroni1,evaluation,42.083438873291016,8.31441879272461,1.8358784914016724,2.737196353408305,4.755904045120873,1.324915946598617
ebd7680b63278eca4ab27673,macaroni1,evaluation,44.595741271972656,10.353195190429688,1.7239892482757568,3.3154290608416233,6.581528057723796,-0.01831822824325288
e1f6891848736d49bcf75c60,macaroni1,evaluation,43.31870651245117,8.600648880004883,1.7348026037216187,3.0215061370438905,5.012209013658128,0.11149647220340535
fc302ffa90bc1fac6118d74c,macaroni1,evaluation,39.325439453125,7.683977127075195,1.7564563751220703,2.102413903389951,4.191374533865738,0.3714507354257232
e5babd47840b5fb47ed26fc9,macaroni1,evaluation,41.75665283203125,9.231401443481445,1.7471362352371216,2.661983123707848,5.577016918629881,0.25956213864898575
985d85bec4b4efa1c7c68607,macaroni1,evaluation,47.30931854248047,10.844871520996094,1.6892316341400146,3.9399872879000535,7.021800034837575,-0.43558456983924937
78285238f65b7c9fa932013a,macaroni1,evaluation,57.34342956542969,14.26116943359375,1.6538013219833374,6.249443023217237,10.080926827978784,-0.8609266740896736
98b83d9bb42ef3e610d8f55c,macaroni1,evaluation,43.22881317138672,8.437442779541016,1.652817964553833,3.0008162431795204,4.866065975929465,-0.8727319135255012
ce696f2bf7f8b1de7e417355,macaroni1,evaluation,54.87177276611328,13.021259307861328,1.5934690237045288,5.680565326143556,8.97064827975024,-1.5852179699352404
4ffd9e26024323e77bcc20d1,macaroni1,evaluation,48.84423828125,9.933528900146484,1.7318882942199707,4.293265140401924,6.205737530776646,0.07651008737037385
cb801eb202924f8a85d48e26,macaroni1,evaluation,50.02120208740234,11.478412628173828,1.5909658670425415,4.564155686277142,7.589104943574323,-1.6152684509236641
40de7bc67bc4efe486eb4fa8,macaroni1,evaluation,52.74750518798828,11.16939926147461,1.741716742515564,5.191642896400778,7.312398668626082,0.19450094393064493
a9fa9d0cf2c594cfa408e420,macaroni1,evaluation,57.167388916015625,12.837059020996094,1.8354724645614624,6.208925424148578,8.805705980433821,1.3200415805520138
4e0ded510d62c7ba61cb9f50,macaroni1,evaluation,49.78985595703125,10.937118530273438,1.7094385623931885,4.510908951573193,7.10440269563799,-0.1929997078816471
d8895294a23c7168af5aa474,macaroni1,evaluation,62.272071838378906,13.337169647216797,1.629933476448059,7.383821658111369,9.253530454571408,-1.1474609727152678
b7f407f081d3c4a18a659b99,macaroni1,evaluation,53.74875259399414,11.69113540649414,1.7763171195983887,5.42209047257201,7.779587731469216,0.6098796493506374
d3ca4706e5369328cc9988c8,macaroni1,evaluation,35.29887771606445,6.846231460571289,1.6840360164642334,1.1756585509730915,3.441214483482023,-0.4979581370075254
6fce8600bc3038b0e9240de1,macaroni1,evaluation,33.74821472167969,5.8710479736328125,1.7572084665298462,0.8187572233183139,2.567985623047537,0.3804796183934328
14c183f1381f0b21cf8a2106,macaroni1,evaluation,35.395206451416016,4.736089706420898,1.8427146673202515,1.197829618228049,1.5516863033886463,1.406984471351553
99684aada658938377885f6f,macaroni1,evaluation,38.29924774169922,7.502689361572266,1.744480848312378,1.8662251340942082,4.02904025421358,0.22768412817098124
f51af20dafe318b44789c933,macaroni1,evaluation,42.46954345703125,9.495731353759766,1.7432242631912231,2.8260623668809215,5.813711355546294,0.21259878099034618
dbb50a366a8b491693704c54,macaroni1,evaluation,35.41109848022461,5.778676986694336,1.7388522624969482,1.2014873350894522,2.485271946347858,0.1601127637386822
f033b99711b2346d705e4972,macaroni1,evaluation,40.94465255737305,6.224330902099609,1.6614961624145508,2.475092756728698,2.8843331137177537,-0.7685498526151635
7d1c867164af3b9437402cb4,macaroni1,evaluation,38.99980545043945,6.14451789855957,1.6932549476623535,2.027465827432208,2.81286449364511,-0.38728455396348493
2fc54af7eb831978d6c0c25e,macaroni1,evaluation,40.7736701965332,7.987180709838867,1.7239575386047363,2.435739375748906,4.462878432980755,-0.018698903923932975
c26f9c46fe963265e51e7d9c,macaroni1,evaluation,40.35975646972656,7.873048782348633,1.8197197914123535,2.3404727967650967,4.360678904054794,1.1309302028373136
0e433b70c0668ca3dd3dd1ae,macaroni1,evaluation,38.73093032836914,7.291807174682617,1.8110039234161377,1.965581402261987,3.840205625438536,1.0262959106672205
16181216c45b3f0bfba3307b,macaroni1,evaluation,35.06801986694336,5.9704132080078125,1.7998415231704712,1.1225241993124104,2.6569623044026436,0.8922909155099181
c565b413df23a0ebcfbc6a7c,macaroni1,evaluation,42.47145080566406,9.591344833374023,1.7968120574951172,2.826501363143692,5.899328524995967,0.8559220768891537
a1fc30499cc531de35f8d50e,macaroni1,evaluation,41.17113876342773,9.61041259765625,1.769339919090271,2.5272209289551073,5.9164027703028435,0.5261181195967822
b17630256afb67385ea21ce9,macaroni1,evaluation,40.84260177612305,6.602846145629883,1.7467128038406372,2.4516047006854293,3.223274901793658,0.25447883031148305
e24af5bcea5b127faf12cb40,macaroni1,evaluation,36.62811279296875,6.795646667480469,1.73017156124115,1.481595924490325,3.3959182886452064,0.05590064948513286
e65ae977eb1fcd92a6bd63ce,macaroni1,evaluation,41.802642822265625,9.649742126464844,1.8575830459594727,2.6725682015957686,5.9516204294233575,1.5854798633546556
638abd854a72e1f7d01f8b49,macaroni1,evaluation,44.80750274658203,10.174074172973633,1.8487422466278076,3.364168181919447,6.421133994403399,1.4793457662471463
fe0f59551edb0f27d3946825,macaroni1,evaluation,39.40023422241211,8.091022491455078,1.7288169860839844,2.119628702838231,4.555863642267766,0.03963892858450142
f35da06699298c8dccfa5b4b,macaroni1,evaluation,38.55489349365234,7.740571975708008,1.741011619567871,1.9250646811858518,4.242052437911513,0.186035918926048
5e269e1aef429fb78dd6a9f4,macaroni1,evaluation,42.53275680541992,9.605684280395508,1.6781542301177979,2.840611581021659,5.912168794698587,-0.5685691824389393
2803f7fccd0d5162a7a3db22,macaroni1,evaluation,40.29856872558594,8.870323181152344,1.8509931564331055,2.3263897966554214,5.253689089801297,1.5063680151291072
c6a5c6a7893471795272c2e8,macaroni1,evaluation,35.40693283081055,4.57122802734375,1.7768107652664185,1.2005285672515615,1.4040607764205746,0.6158058824096461
c290d272e54b12aa5b4c6cf8,macaroni1,evaluation,34.77711868286133,4.740472793579102,1.7278385162353516,1.0555702452997167,1.5556111424118733,0.027892364723515514
de1e2110de9d0d2285f2af2f,macaroni1,evaluation,42.94134140014648,7.852222442626953,1.6003068685531616,2.934651604447286,4.342029940915274,-1.5031294096201635
b32933441242293194c28408,macaroni1,evaluation,42.02377700805664,8.693424224853516,1.7458202838897705,2.723464550308846,5.095284772983101,0.24376409790076164
b6642c6bb684eb9e7880574e,macaroni1,evaluation,39.87232971191406,7.108055114746094,1.6910972595214844,2.228286423821589,3.675664691296382,-0.4131876735887097
e2025032a865176e25e58206,macaroni1,evaluation,38.33699417114258,5.605356216430664,1.7322317361831665,1.8749128701344349,2.330071719176126,0.08063311983668725
2905db12308a3447e25ef517,macaroni1,evaluation,36.79825210571289,6.7075653076171875,1.7032419443130493,1.5207552691219723,3.317045762060078,-0.26739031899981336
63063328f8c10b1f7f826f03,macaroni1,evaluation,40.03503036499024,5.510015487670898,1.5944714546203613,2.2657336830284334,2.244698784704835,-1.5731837526463721
bd8c82f8bbbd108306a3bfb5,macaroni1,evaluation,45.01005935668945,7.322055816650391,1.6180565357208252,3.41078870703314,3.8672917969221556,-1.2900440506921058
67b394201437c775a3f8cf6d,macaroni1,evaluation,50.20075607299805,7.994651794433594,1.599496841430664,4.605481916461826,4.469568421864123,-1.512853812816484
0b3d289359dc893c12d78013,macaroni1,evaluation,34.322200775146484,4.549190521240234,1.6190918684005737,0.9508661246588684,1.3843272733420866,-1.2776148466067425
4bfdfe23349cc38a681dc6ea,macaroni1,evaluation,38.96231842041016,6.98786735534668,1.7328613996505737,2.0188377948837197,3.5680424626755793,0.08819225121019207
6deecf099081e1f744af9a3e,macaroni1,evaluation,40.67624282836914,7.658695220947266,1.7098350524902344,2.413315446646593,4.168735830100345,-0.18823983076156436
11a8694ae92e988093708a31,macaroni1,evaluation,36.40625,6.095363616943359,1.6154226064682007,1.4305318792048693,2.768849251492114,-1.3216644610854396
ac1c53cb6301e55ec304a394,macaroni1,evaluation,37.93583297729492,7.099388122558594,1.6865001916885376,1.7825814201635082,3.66790382596934,-0.4683756295062535
009ae6d6a7cf15f60e00275e,macaroni1,evaluation,37.90849685668945,6.832525253295898,1.5828137397766113,1.7762897257254826,3.4289412488341076,-1.713135016424824
f60a118233ac31406d15c996,macaroni1,evaluation,44.47793960571289,8.60774040222168,1.672991394996643,3.2883157736603965,5.018559123096056,-0.6305491939223017
5129989f8e81fb6a8abbd966,macaroni1,evaluation,32.744808197021484,4.109731674194336,1.786555528640747,0.5878127033776261,0.9908134850615913,0.7327920986397013
5ba9be9dce43d728a9f9989d,macaroni1,evaluation,41.91445159912109,8.838882446289062,1.4991161823272705,2.698302162519369,5.225535457747826,-2.7179270444683636
d22f9c55dedb39fc3784ba9c,macaroni1,evaluation,37.657493591308594,6.683361053466797,1.6660815477371216,1.7185186955374203,3.29537204264983,-0.713502145632607
d87c34803bde260541762a13,macaroni1,evaluation,35.51788711547852,5.31730842590332,1.6488709449768066,1.226065857849444,2.072139086761963,-0.920116017989103
fc763410d8b93160846ffc72,macaroni1,evaluation,35.574745178222656,5.563692092895508,1.7676048278808594,1.239152336442629,2.292763545275616,0.5052882905279895
b3520e891492cf0620a45437,macaroni1,evaluation,48.04341125488281,10.625598907470703,1.6633126735687256,4.1089464135300835,6.8254521915876945,-0.7467425743362035
158c1a24504aa99270a9ace6,macaroni1,evaluation,33.4063720703125,5.471122741699219,1.7486293315887451,0.7400785571195475,2.2098722431371143,0.277486811207325
124a3ce41aebda69a518a35e,macaroni1,evaluation,36.59747314453125,6.721683502197266,1.779761552810669,1.474543888525181,3.329687911080934,0.6512301873866179
6dbf6a1c2a242638f234b770,macaroni1,evaluation,37.69622039794922,6.665048599243164,1.6937990188598633,1.727432075656711,3.2789741403600114,-0.3807529607055001
502de3d0a3b80d5fe9a20206,macaroni1,evaluation,38.14459228515625,6.493040084838867,1.7715190649032593,1.830629561123731,3.1249489737835705,0.5522788393066776
5d7adaa1a43aa8239aaae18a,macaroni1,evaluation,40.644187927246094,8.515623092651367,1.5899462699890137,2.405937675454473,4.936072602005641,-1.627508748280269
8686cee89c231ee9ac208eed,macaroni1,evaluation,45.33172225952149,9.466850280761719,1.946902871131897,3.484822792771797,5.787849774828408,2.6577674069166743
704a758c54b5f09596f8244a,macaroni1,evaluation,49.77294158935547,10.443618774414062,1.7160848379135132,4.507015932714945,6.662497930836567,-0.1132109438780473
05d2d292b4646a3f67482643,macaroni2,calibration,36.61328125,3.845491409301758,1.6372805833816528,1.0560975451035988,0.1020569592070163,-1.0939113736896549
65bc4a02d63dd018103d595f,macaroni2,calibration,36.07926940917969,3.445272445678711,1.7569166421890259,0.9002913602757757,-0.2354228373465493,0.3303940728735892
f7a528d194fcf92ee0b434a4,macaroni2,calibration,34.66158676147461,4.37403678894043,1.7674449682235718,0.486660598275764,0.54774645271585,0.455737153076037
dc7e97618bc706d76487ffb9,macaroni2,calibration,35.67441940307617,5.257314682006836,1.568210482597351,0.7821701313876424,1.2925598442498718,-1.9162129583661496
6ee441020718a884f6f4845d,macaroni2,calibration,29.40740203857422,2.4719619750976562,1.834099292755127,-1.046328772892882,-1.0561551100544642,1.2492781507792918
62a17b5727dc6530a85ef1f8,macaroni2,calibration,30.245939254760746,2.201190948486328,1.6625699996948242,-0.8016726164123972,-1.2844795006484557,-0.7928328046166698
10c1074d12d0b26bffeddcc9,macaroni2,calibration,33.270469665527344,2.7304306030273438,1.6766388416290283,0.08078074543325839,-0.8382045682321947,-0.6253387531284965
4e7db1334b8ab2104573f185,macaroni2,calibration,30.89562225341797,2.6708412170410156,1.6456853151321411,-0.6121175885448743,-0.8884525966548535,-0.9938503609109077
e6be939d64a739392b7397b7,macaroni2,calibration,32.67241668701172,3.027250289916992,1.8151806592941284,-0.09371042832854098,-0.5879149601691469,1.0240457839774093
9ca550a1faa02c06a4384112,macaroni2,calibration,32.34381484985352,3.240530014038086,1.8275710344314575,-0.18958507877895964,-0.4080694144863575,1.1715571527819792
192e84e7b946be7da306b6f5,macaroni2,calibration,29.55538558959961,2.8612327575683594,1.9065954685211182,-1.0031522911371191,-0.727907234733408,2.1123682511039936
45162f333ae26fddfe303563,macaroni2,calibration,38.77692413330078,4.786186218261719,1.6609654426574707,1.6873737026867743,0.895286470055016,-0.8119355680343757
219a53f868d7ce546ab83cb9,macaroni2,calibration,40.38851165771485,7.460763931274414,1.9476512670516968,2.157579200956919,3.150591751651741,2.6011506302883416
bb8b04022b075abed1b222de,macaroni2,calibration,35.215354919433594,3.7882957458496094,1.710585117340088,0.6482309931160402,0.053827408336064704,-0.2211975112003568
6a448888a37d7aa172cf9901,macaroni2,calibration,32.50382232666016,3.7306766510009766,1.737834095954895,-0.14290043136201652,0.005240804065528254,0.10321027221588593
a3965838f0687bb2179b8e14,macaroni2,calibration,34.2000732421875,3.5370750427246094,1.768163800239563,0.3520069161099748,-0.15801140862844576,0.46429507754919946
16d9a21640b4c5398bb37591,macaroni2,calibration,34.611358642578125,5.288949966430664,1.7255529165267944,0.4720057704646092,1.3192359149053425,-0.04300108683455203
a2c072c56a6fc594dd4b9005,macaroni2,calibration,30.441579818725582,2.8370609283447266,1.8004813194274902,-0.744591466634706,-0.7482898371340339,0.849045453461283
18981c79a709a2099955afbc,macaroni2,calibration,32.64727783203125,3.074789047241211,1.7812085151672363,-0.10104507671279787,-0.5478284784968357,0.6195965703062054
b480eb12dc620178605862d2,macaroni2,calibration,36.49947738647461,5.362375259399414,1.7177226543426514,1.0228935139582973,1.3811509044117338,-0.13622285615788118
30d36e2e153df1df035ac044,macaroni2,calibration,36.44337844848633,4.325920104980469,1.8151556253433228,1.0065257841951893,0.5071726414035648,1.0237477468067022
ef1b049c0844d16c1abe6f72,macaroni2,calibration,38.43710708618164,5.1016693115234375,1.69248628616333,1.5882268418797958,1.161313769626793,-0.4366698702738915
fa596eb6ab6844a05be3fc82,macaroni2,calibration,32.98509216308594,3.9073829650878906,1.74685537815094,-0.002482539183776174,0.15424626444633693,0.21061151474176334
e572a17608ce7d5140016c3e,macaroni2,calibration,33.37607192993164,4.145669937133789,1.89077627658844,0.11159183363073691,0.35517886923704134,1.9240357244849011
6caafa7ba6dfcc11d0f617ad,macaroni2,calibration,35.44296646118164,4.801023483276367,1.876245141029358,0.7146401684033628,0.9077978141783072,1.7510379199110024
c7ec61dde32b86fdbb863003,macaroni2,calibration,36.47124862670898,4.254673004150391,1.6073347330093384,1.0146573382309052,0.4470943860517948,-1.450426275738792
e733c4d34f2a4090dbe05f50,macaroni2,calibration,37.61117935180664,6.124662399291992,1.7327767610549927,1.3472496960569997,2.023940307885998,0.04300108683455203
a6f28d4d399e3a9ac3db718c,macaroni2,calibration,33.55632400512695,3.523345947265625,1.757490873336792,0.16418315464028266,-0.16958830218795853,0.33723047787976224
f3b6a8a6a19e925006c24670,macaroni2,calibration,35.49758529663086,3.5051498413085938,1.718516230583191,0.7305760554391427,-0.18493194827822693,-0.12677507784646455
58488d5dcb302e760a5ed6e7,macaroni2,calibration,29.60047721862793,2.3137874603271484,1.7606525421142578,-0.9899961134093334,-1.1895338549831713,0.37487115331545284
b72e1259680ec000434ec917,macaroni2,calibration,32.979469299316406,2.5559844970703125,1.7016761302947998,-0.004123096348934695,-0.9853041354665707,-0.3272618441319193
6724122786e2eba422f8ee5f,macaroni2,calibration,32.84137344360352,3.2295875549316406,1.7853672504425049,-0.04441469060666913,-0.4172965106729266,0.6691076404837751
11d840114e02446df8c492a5,macaroni2,calibration,31.939281463623047,3.4265480041503906,1.7785065174102783,-0.307613928939342,-0.25121199601197536,0.5874284250145471
d675d193811f8c300e9230de,macaroni2,calibration,34.57795715332031,3.8165855407714844,1.9006942510604858,0.4622603711850108,0.07768243546508574,2.0421123746205843
de156ea15fa7cab5f07aaf40,macaroni2,calibration,31.88844108581543,3.0010833740234375,1.6699005365371704,-0.3224473927240436,-0.6099798952543033,-0.7055604249105043
b265fa5146a29488fc40eea7,macaroni2,calibration,30.59971809387207,2.9111766815185547,1.8023699522018433,-0.6984521876105214,-0.6857926254175088,0.8715302291542039
6ab23c95c271ad571f49d7da,macaroni2,calibration,30.832399368286133,2.770273208618164,1.6437715291976929,-0.6305638396824284,-0.8046077733496353,-1.016634592999158
7a10ec610ab203b6893dd7b5,macaroni2,calibration,41.147274017333984,5.426017761230469,1.7980825901031494,2.378959813532124,1.4348166737087973,0.8204878156090485
d33aa12b8658fed291467a76,macaroni2,calibration,39.19108963012695,4.710567474365234,1.8396594524383545,1.8082128695649464,0.8315218796048294,1.3154736256179722
c350b51db1e355fd6398e627,macaroni2,calibration,30.722984313964844,2.5224742889404297,1.6792675256729126,-0.6624873681014645,-1.013561212841825,-0.5940434309796234
76d05b933dff5a0066174508,macaroni2,calibration,32.96683883666992,3.070629119873047,1.6228123903274536,-0.00780822848858182,-0.5513362868954599,-1.2661598276629182
099c144062092abe11aa0aa5,macaroni2,calibration,37.91673278808594,4.160253524780273,1.705769658088684,1.4363996203256784,0.3674763029903109,-0.27852708982281066
778716c91547175fe20060b8,macaroni2,calibration,35.12902069091797,4.240024566650391,1.6972309350967407,0.6230416513508654,0.43474226844453473,-0.38018331107715214
79893cf6254eb3696175fd44,macaroni2,calibration,38.04751968383789,4.605228424072266,1.5557726621627808,1.4745587128680526,0.7426960005405377,-2.0642891785704407
01bf8cf7ec65fafffc6f828f,macaroni2,calibration,36.46122741699219,5.516605377197266,1.6595556735992432,1.0117334958476838,1.5112035843389027,-0.8287193184190554
64a099958ffe5629f914e44b,macaroni2,calibration,30.358064651489254,2.984273910522461,1.6623212099075317,-0.7689583038238617,-0.6241542718783636,-0.7957947264036499
c29d193014026f8f4efcd407,macaroni2,calibration,40.15289688110352,5.1978607177734375,1.6379516124725342,2.0888349585512094,1.2424260085811343,-1.0859225582900807
038b8c6619fae0cd7ce7e762,macaroni2,calibration,28.55564308166504,4.717456817626953,1.5914067029953003,-1.2948425760046003,0.8373312349169939,-1.6400545544381495
55f09ede030d92299aa29874,macaroni2,calibration,35.86275863647461,3.756521224975586,1.722214937210083,0.8371210054434134,0.027033928229379056,-0.0827407954867944
41b3f8b05e5bc98d5245914f,macaroni2,calibration,32.42610549926758,3.878406524658203,1.5941311120986938,-0.16557551353689956,0.12981223180447557,-1.6076195949174772
8d2e5fb037a1fab33652937b,macaroni2,calibration,32.49944305419922,3.010408401489258,1.6156498193740845,-0.14417815159648398,-0.6021166787202025,-1.351432519876101
a8063424bef0a5c49a44679b,macaroni2,calibration,29.77693748474121,2.32958984375,1.68217933177948,-0.9385111111393857,-1.1762086864446102,-0.5593774503525146
88d2328ba25746437caa9248,macaroni2,calibration,30.702709197998047,2.9052295684814453,1.6661335229873657,-0.6684029456678264,-0.6908074564981647,-0.7504079229788183
020a5d954626c4b1a404f800,macaroni2,calibration,39.73385238647461,5.802400588989258,1.8189760446548462,1.9665722688682603,1.75219693722357,1.069231057505858
090d122e739584d0c7f23cdb,macaroni2,calibration,41.01073455810547,6.234004974365234,1.891453742980957,2.339122321936114,2.116142110759878,1.9321011780140855
b4f5a2d551794845686b176b,macaroni2,calibration,35.8420295715332,6.080837249755859,1.7423460483551025,0.8310729812673812,1.986985281028965,0.1569265049496712
c3babb607a6a64943bba3937,macaroni2,calibration,29.334774017333984,2.5617103576660156,1.6723239421844482,-1.067519117443393,-0.9804758728289411,-0.6767090075614298
15edde4d42eec0fcaf86805b,macaroni2,calibration,31.303821563720703,2.703584671020508,1.7434016466140747,-0.4930191485366532,-0.8608420754356043,0.169493738981156
0bb0a482b6f4ae9c5be79648,macaroni2,calibration,34.2313232421875,3.7182464599609375,1.5722559690475464,0.36112458523953966,-0.005240804065528254,-1.8680501515798742
fca9006125515432f8a446e9,macaroni2,calibration,29.781938552856445,2.302236557006836,1.7380846738815308,-0.9370519724395737,-1.199274014388063,0.10619348237220225
c9c4caa88736a874c3a1136c,macaroni2,calibration,31.90179443359375,2.603515625,1.7882572412490845,-0.3185513477059721,-0.9452240871888465,0.7035139030049818
bf0ad3fbede0cb319c6d6aee,macaroni2,calibration,30.791248321533203,3.6469364166259766,1.7094677686691284,-0.6425702917985393,-0.0653721349226419,-0.23449990358625258
fc4208e0aa9276a5c5d77be2,macaroni2,calibration,33.876792907714844,4.050031661987305,1.6626806259155273,0.2576848960838391,0.2745330513902659,-0.7915157641670687
b6eaa5d9cc8ef769aadb9765,macaroni2,calibration,32.6353874206543,2.9668922424316406,1.6348531246185303,-0.10451428748878099,-0.6388111530964575,-1.1228110446758914
8f649a1f85943358b244cd1d,macaroni2,calibration,28.11122131347656,3.5108680725097656,1.596187949180603,-1.4245094763667998,-0.1801101190351845,-1.5831322932823289
48535eccfad5bf4c712bb61e,macaroni2,calibration,39.13286209106445,5.770162582397461,1.7842071056365967,1.7912240876321244,1.725012628395717,0.6552957464584324
52cb14fc6c14605414b5ff20,macaroni2,calibration,39.54384231567383,4.585014343261719,1.7571467161178589,1.9111339022491654,0.7256507215819775,0.33313317639485013
2e1a8a38ba204b4a41f3616a,macaroni2,calibration,39.19285583496094,5.647891998291016,1.782104253768921,1.8087281870462684,1.6219094383939712,0.6302606241190317
9137b2c1e4ef5ccd14a19704,macaroni2,calibration,32.41136169433594,2.9379825592041016,1.710906982421875,-0.16987724585938102,-0.6631888935356816,-0.21736560471983632
1db345e123c520e083b4a5e7,macaroni2,calibration,30.84192276000977,3.175882339477539,1.8207756280899048,-0.627785243371153,-0.46258278352027327,1.0906556724058347
0c2ef6fb8a6a89471eabc757,macaroni2,calibration,31.11973190307617,3.2122268676757812,1.6727322340011597,-0.5467301442464371,-0.431935700055906,-0.6718481632296585
239a66b32787de4bb2bfbeb2,macaroni2,calibration,39.7196159362793,7.192811965942383,1.6518590450286865,1.962418565109528,2.924644500357688,-0.9203501369406574
863c2224efc178ed6e09a4b4,macaroni2,calibration,37.7856559753418,4.072309494018555,1.7906042337417603,1.3981559400325902,0.29331856358464065,0.7314555973710883
13bf20341c4830cea3091af1,macaroni2,calibration,31.994930267333984,3.239898681640625,1.7496418952941895,-0.29137753278918427,-0.4086017778884412,0.2437858902907139
07bb5a747e1b35f0eec2a0a6,macaroni2,calibration,33.66056823730469,4.094806671142578,1.7621407508850098,0.19459801600547053,0.3122890358733949,0.39258875350168165
d3dc65e1f44a1665365e902a,macaroni2,calibration,29.28245735168457,2.281984329223633,1.766555666923523,-1.0827833109587026,-1.2163514603195587,0.4451497373928211
5e7de9e9ada2b80ced024acc,macaroni2,calibration,36.37833404541016,3.812826156616211,1.6856707334518433,0.9875480771238767,0.074512380282285,-0.5178111996112242
955d78e4475bca1933731af7,macaroni2,calibration,38.0147590637207,4.598838806152344,1.6878987550735474,1.4650002970374005,0.7373080325738293,-0.4912858914182879
3a8c5c94921fa3868f9314a4,macaroni2,calibration,35.111690521240234,3.970926284790039,1.7575736045837402,0.6179853072522797,0.2078283996137679,0.33821541976771824
714ecc0d6bfa03cc128bf6ad,macaroni2,calibration,30.660978317260746,2.4881458282470703,1.6047590970993042,-0.6805785732853639,-1.0425082717865473,-1.4810900429306906
44c5f564aad3a060da360872,macaroni2,calibration,34.885536193847656,6.03639030456543,1.891409158706665,0.5520012967119657,1.949505932513082,1.9315703880053023
67efc558dd9ed652857ed611,macaroni2,calibration,28.592737197875977,2.302938461303711,1.7171211242675781,-1.2840197959001216,-1.1986821420860483,-0.14338426360258727
e5431d6fd62cf3cb0a9cccbf,macaroni2,calibration,32.15237808227539,3.475339889526367,1.7969142198562622,-0.2454397061713058,-0.21006882927873055,0.806577995084759
83e256e517f4a26b84b1ffd0,macaroni2,calibration,32.86597442626953,3.7657337188720703,1.7188525199890137,-0.0372369747599227,0.03480225219331997,-0.12277144518663184
a5d63de02791d43b23029aba,macaroni2,calibration,32.692535400390625,4.6565704345703125,1.6901419162750244,-0.08784048362769564,0.7859895294145256,-0.46458034169830487
1e41c8109edbe19d63e3ac0a,macaroni2,calibration,32.68039321899414,2.446817398071289,1.7707031965255737,-0.09138315218719331,-1.0773579702649472,0.4945274004558837
27ea559654c1229f157208ab,macaroni2,calibration,33.00210952758789,3.0569591522216797,1.723446249961853,0.002482539183776174,-0.5628633216469225,-0.06808162436186989
22071d38ffec95cc2dc737db,macaroni2,calibration,31.233333587646484,3.3485851287841797,1.7856330871582031,-0.5135851019272903,-0.31695324694905297,0.6722725113917606
a119b31abdc36384445192e2,macaroni2,calibration,31.425233840942383,3.970582962036133,1.885300874710083,-0.45759524543347624,0.20753889685734772,1.858849318352758
f2716ea8426152f3b061ae8d,macaroni2,calibration,35.728271484375,3.9327354431152344,1.7554328441619873,0.7978823060827188,0.17562443465931885,0.3127289839983897
9da0ffc2091c2342b27f0ed6,macaroni2,evaluation,31.732038497924805,2.7985477447509766,1.8829997777938843,-0.3680802582406646,-0.7807656130097885,1.831454025466281
4ce08cc3f03aef08b962dfed,macaroni2,evaluation,41.31885147094727,5.249286651611328,1.665268063545227,2.4290201800005793,1.2857903047955803,-0.7607114937375512
0e4daf882b8988af5fcf1473,macaroni2,evaluation,43.37515258789063,7.813190460205078,1.6878069639205933,3.028977722881994,3.447771156162974,-0.49237869437754744
e78674eb9a38c75a58aed675,macaroni2,evaluation,31.799842834472656,2.664134979248047,1.7797101736068726,-0.3482972980424895,-0.8941075504969273,0.6017583360270713
c7103f841b898a97a1674921,macaroni2,evaluation,31.728107452392575,2.8163719177246094,1.7399805784225464,-0.3692272013605407,-0.765735594905642,0.1287648307670904
d375ce7f704f3b7c889f1734,macaroni2,evaluation,30.033559799194336,2.5607528686523438,1.7448714971542358,-0.8636375957970899,-0.981283263849624,0.18699277857553293
309e0cbefe455b2ea22f3eec,macaroni2,evaluation,40.73328399658203,4.744443893432617,1.7724206447601318,2.2581718445030683,0.8600877599202651,0.5149741695910166
164c0016c2da5c69740eee95,macaroni2,evaluation,32.80097579956055,3.5351505279541016,1.7160766124725342,-0.05620132587059844,-0.15963423241304542,-0.15581950974418748
dcbe16d9b9ec8faa5595ad42,macaroni2,evaluation,34.936973571777344,4.095691680908203,1.6462507247924805,0.5670089444833345,0.3130353096455002,-0.9871189785267934
3310468cd5959578286518b4,macaroni2,evaluation,45.5760383605957,5.629081726074219,1.7355883121490479,3.671120067441723,1.6060479040394402,0.07647349955420976
21f0bb03132d4e3d206597ca,macaroni2,evaluation,34.78571701049805,4.458066940307617,1.6426297426223755,0.5228775115418822,0.6186038606983304,-1.030227926432649
b72ce5b7a2813bddf34f0065,macaroni2,evaluation,33.83517074584961,3.8796749114990234,1.7265607118606567,0.24554098887281833,0.1308817836545834,-0.031002961876655636
aa33aef7a2c073fb92ac6337,macaroni2,evaluation,32.0649299621582,3.5909271240234375,1.7680765390396118,-0.2709540429786966,-0.11260129293529716,0.4632562051255917
02a89308f4b562fed27e6207,macaroni2,evaluation,29.94606590270996,2.6034507751464844,1.6266753673553467,-0.8891652885651196,-0.945278771042837,-1.2201698537735604
6a5e077611d91f85af23e4e8,macaroni2,evaluation,31.099327087402344,3.2435264587402344,1.7958213090896606,-0.5526835637012752,-0.4055426987622682,0.7935665437464584
c306d8f37fb5e260b7c60323,macaroni2,evaluation,36.12876510620117,4.996311187744141,1.7623273134231567,0.9147324927167064,1.0724718070760335,0.39480984003576114
ea5e29282e9754ce4894f880,macaroni2,evaluation,31.396059036254883,3.395364761352539,1.7697324752807617,-0.4661074443474059,-0.27750688803815965,0.4829706543555584
6121cf68a38bea901bb0f71c,macaroni2,evaluation,38.91963577270508,4.5464935302734375,1.7803106307983398,1.7290120229756112,0.6931685123116358,0.6089069704501757
fb6fd948ff3d2f81adef3bad,macaroni2,evaluation,33.731319427490234,3.7508487701416016,1.805532693862915,0.21524076616978197,0.02225069935385933,0.9091836776114962
56f69bf206010558832c42a1,macaroni2,evaluation,35.456485748291016,4.749883651733398,1.6412724256515503,0.7185846287787506,0.8646747702608778,-1.0463872179834661
b04be9f194980fbb2a9cf26a,macaroni2,evaluation,36.30537796020508,4.90876579284668,1.6878823041915894,0.9662620148554508,0.9986502125375399,-0.49148174441618114
ed993a9c64ca89886c148271,macaroni2,evaluation,32.288055419921875,3.501293182373047,1.6193158626556396,-0.20585375183399707,-0.18818402924201338,-1.3077871050629726
50189745af4b016360d4129b,macaroni2,evaluation,32.4281005859375,3.010234832763672,1.7322345972061157,-0.16499341625238267,-0.6022630384470593,0.03654645325180862
bf9f82d3c74a69eaef139ef6,macaroni2,evaluation,32.94825744628906,3.1278228759765625,1.8180484771728516,-0.013229635511300379,-0.5031083443731551,1.058188070718847
09f1a0bba5eccd98d28321b7,macaroni2,evaluation,33.42022705078125,2.6820907592773438,1.7496905326843262,0.12447477066378296,-0.878966556336153,0.24436493393665923
e342c21e8cf0553d4ef011ad,macaroni2,evaluation,32.82651138305664,3.4146270751953125,1.7779834270477295,-0.04875092582747012,-0.26126417505434196,0.5812008673713901
1aff5fdea116b013b67f3db7,macaroni2,evaluation,32.4874382019043,3.179729461669922,1.6903986930847168,-0.14768075227406463,-0.4593387442997207,-0.461523331861623
6a8cb89542d8aed5de20cdb8,macaroni2,evaluation,35.28574752807617,4.190458297729492,1.6532787084579468,0.6687691215886794,0.39294611216069775,-0.9034485909123172
41e5417234996b87cd1835ec,macaroni2,evaluation,32.651241302490234,3.503459930419922,1.8395156860351562,-0.0998886731208035,-0.18635694517927281,1.3137620407233397
59d3f3d775269be95a8f8a32,macaroni2,evaluation,35.0290641784668,3.9588546752929688,1.7099536657333374,0.5938777982988649,0.19764916102830576,-0.22871514402528906
3c1c6d0235e4b7d97bbf6e9e,macaroni2,evaluation,32.21477508544922,3.2806167602539062,1.7865302562713623,-0.22723441882361387,-0.37426675097701045,0.6829535959000558
c665ef64c2eca25fee802f1b,macaroni2,evaluation,31.834131240844727,3.317232131958008,1.7429993152618408,-0.3382931270255103,-0.34339128200480057,0.16470385588050537
2e3f1b75a27dd34d2dbf7338,macaroni2,evaluation,38.91368865966797,4.308998107910156,1.5843538045883179,1.7272768610892597,0.4929033722093445,-1.7240215599987105
717ef4406a5e2364275bb6fb,macaroni2,evaluation,31.766334533691406,2.7254257202148438,1.7388752698898315,-0.35807386123024554,-0.8424248750813419,0.11560578006805852
118ef857f2ae60c7e8957fd4,macaroni2,evaluation,39.99296188354492,4.880805969238281,1.7244305610656738,2.0421714580719423,0.9750734297244117,-0.056363086654589244
a5b79a1b2ba4a1da799096c7,macaroni2,evaluation,36.88272476196289,5.794170379638672,1.6942747831344604,1.1347118424215374,1.74525691281272,-0.41537724326379927
cd1f67970d567bf75d873a22,macaroni2,evaluation,38.065547943115234,4.712455749511719,1.6870718002319336,1.4798187353663832,0.8331141447651402,-0.5011310526239807
fd916768b573d0a26a5c2686,macaroni2,evaluation,30.56524085998535,2.178079605102539,1.5633457899093628,-0.7085114519651365,-1.3039678612014727,-1.974128676757661
0b1f80db3ba12c4ac074aee5,macaroni2,evaluation,31.944568634033203,2.718893051147461,1.6678991317749023,-0.30607131548553623,-0.8479334691965588,-0.7293877870962298
b639b503ce63224c0cefbd13,macaroni2,evaluation,35.3575325012207,4.513429641723633,1.8116283416748047,0.6897134938640885,0.6652877885197277,0.9817543094540647
12aa988e2c192ec197791e10,macaroni2,evaluation,48.16483688354492,9.897350311279297,1.6389127969741821,4.426441935453154,5.205213722498012,-1.0744793501595487
3920b4cb838bea1997e763d6,macaroni2,evaluation,37.92576599121094,3.631793975830078,1.5428297519683838,1.4390351965584431,-0.07814081482941766,-2.2183786534999044
b7b8ebc2d46f90d036593472,macaroni2,evaluation,33.41402053833008,4.015127182006836,1.8165985345840454,0.12266392500047706,0.24510027115421648,1.0409260416364132
0deb769b37a56e959b7f77c2,macaroni2,evaluation,36.50901794433594,5.657281875610352,1.7761563062667847,1.0256771187548113,1.6298273387820625,0.5594484115836355
71468190937308a18f30e53e,macaroni2,evaluation,30.555938720703125,2.3673858642578125,1.6175575256347656,-0.7112254944666556,-1.1443376496600444,-1.328720668243594
35427a6ae432f98d18759137,macaroni2,evaluation,35.936710357666016,3.703235626220703,1.830918788909912,0.8586975598557357,-0.017898507915676286,1.2114132378532598
1b7432f592af1c52df4dc2ff,macaroni2,evaluation,37.116024017333984,5.973674774169922,1.6115344762802124,1.2027804958182573,1.896621820658353,-1.4004269922911117
c5e900adfeb212975ed0b2e9,macaroni2,evaluation,32.243255615234375,3.51776123046875,1.6684529781341553,-0.21892478531270917,-0.17429754702572645,-0.7227940695004896
f3622dc004565594e8cf378c,macaroni2,evaluation,37.596309661865234,4.707143783569336,1.6559103727340698,1.342911234842761,0.8286348937838617,-0.8721177881478837
35325a2687895d2bacdc9adf,macaroni2,evaluation,34.401004791259766,3.760965347290039,1.7477333545684814,0.41063179233819375,0.030781380576373328,0.22106410408584978
452935a32559a9d95deda4a0,macaroni2,evaluation,30.97956275939941,2.8808650970458984,1.5560671091079712,-0.5876266522214488,-0.7113525021121152,-2.0607836937530757
d0993e7b4c424800241a3808,macaroni2,evaluation,36.013771057128906,4.616315841674805,1.6011565923690796,0.8811812065947908,0.7520453312242621,-1.5239790110200717
acdf486bceecd691f962c6ce,macaroni2,evaluation,32.23015594482422,3.176544189453125,1.8244212865829468,-0.22274681604890617,-0.4620246865398411,1.1340583998085303
c325c4637ed0fa9d401e9f02,macaroni2,evaluation,34.572608947753906,3.849130630493164,1.666624903678894,0.46069994978368634,0.10512568842506997,-0.7445578790852236
fac9a280713713c1ee92c98c,macaroni2,evaluation,35.09632110595703,3.4939022064208984,1.66423761844635,0.6135010434677318,-0.19441638024828067,-0.7729792713737064
e67e1dd2e4230ef649ae849a,macaroni2,evaluation,33.0286750793457,3.4142608642578125,1.6245380640029907,0.01023344834128224,-0.2615729779945235,-1.245615132028839
7af698b52f598887c4bb78b9,macaroni2,evaluation,33.79271697998047,4.235240936279297,1.790229082107544,0.2331544483768555,0.43070853003841386,0.7269892974843484
a325436f9233ae63da45f6d3,macaroni2,evaluation,35.28655242919922,4.992073059082031,1.7737483978271484,0.669003963896582,1.0688980563828914,0.5307814934354749
ae3fd6797784509642603703,macaroni2,evaluation,32.3990592956543,3.433229446411133,1.7695358991622925,-0.17346666028111524,-0.24557795070230976,0.48063035295319606
6243c02a73546cacb7e4eefd,macaroni2,evaluation,34.06538772583008,3.126323699951172,1.6729151010513306,0.3127103409198446,-0.5043725064095231,-0.6696710726588738
ad4f0fbd7905e6cfb6aa38fd,macaroni2,evaluation,37.58208847045898,5.094280242919922,1.7760556936264038,1.338761983070906,1.1550830269691725,0.5582505860023171
bf5878376781c99626df030d,macaroni2,evaluation,34.74591827392578,3.9346675872802734,1.6463863849639893,0.5112656167629821,0.17725369183850562,-0.9855039009064851
540691390f66f545f0222fa4,macaroni2,evaluation,32.5314826965332,3.4858226776123047,1.6623526811599731,-0.13483009214589617,-0.20122934511603505,-0.7954200511033324
5ebc528bdf155246b8101882,macaroni2,evaluation,37.2122688293457,4.298664093017578,1.7366260290145874,1.230861403061778,0.48418933924109775,0.08882784989233233
27f6af7a7e085f3e53255dce,macaroni2,evaluation,38.23160552978516,6.039377212524414,1.711822271347046,1.5282685955811177,1.9520246064939373,-0.20646879806893395
112963ef3ded1b898260b897,macaroni2,evaluation,33.309547424316406,4.131868362426758,1.8457002639770508,0.09218228383209413,0.343540858428951,1.3873914141342298
f11e3521ef9d69e591cad3df,macaroni2,evaluation,37.66748809814453,5.948083877563477,1.6544204950332642,1.363678640639703,1.8750426068645236,-0.8898552574788263
e8a24b423b327939418141bc,macaroni2,evaluation,32.953163146972656,3.020843505859375,1.719271183013916,-0.011798321729486364,-0.5933174032736764,-0.11778712831271036
058e9aea4df0e4413124ca53,macaroni2,evaluation,35.74812698364258,3.853494644165039,1.775347113609314,0.8036754540098899,0.10880559012889954,0.5498147148466824
e4c92fe01ea54f67f7627042,macaroni2,evaluation,35.789146423339844,5.397228240966797,1.6829026937484741,0.8156435077391637,1.4105402592343201,-0.5507655953437005
f3008f1cf24c86b15166c62d,macaroni2,evaluation,33.83476638793945,3.8173675537109375,1.7027556896209717,0.24542301122050705,0.07834185841026499,-0.3144093459513291
80986fdc48fd5333d3e742ad,macaroni2,evaluation,37.5126838684082,3.9329147338867188,1.6902456283569336,1.3185121207487276,0.17577561943211603,-0.4633456162768038
fec2ff06b90f1d99dbb27c30,macaroni2,evaluation,32.51506042480469,3.357624053955078,1.805363655090332,-0.13962154302514138,-0.3093312827119689,0.9071712170969117
3af11a0cd3054d7196be9fbe,macaroni2,evaluation,39.65239334106445,5.197690963745117,1.6253306865692139,1.9428053369111402,1.242282865551571,-1.2361787075144015
5c67ec12418aacb2a446ba46,macaroni2,evaluation,38.17141342163086,4.933900833129883,1.8348037004470825,1.510706620337536,1.019845031004789,1.257664349073142
3eb54681750f513e21ec52b3,macaroni2,evaluation,39.11161422729492,4.994472503662109,1.6462435722351074,1.7850246959021836,1.0709213589805389,-0.9872041320041384
eb02ba2ff6dcfb3bda968f32,macaroni2,evaluation,30.773487091064453,2.4305572509765625,1.6306896209716797,-0.6477524045264756,-1.091069142478735,-1.1723788838383575
df30177d9764643c62bc4257,macaroni2,evaluation,33.20538711547852,2.572813034057617,1.699861764907837,0.06179190839474654,-0.9711136753560425,-0.34886244288507556
feda7c635ed25dd9493c7802,macaroni2,evaluation,37.56406021118164,5.7959442138671875,1.7338253259658813,1.3335019605725775,1.746752677054224,0.05548458661331436
7500067abb6ef1a422f17013,macaroni2,evaluation,33.79916000366211,3.6988983154296875,1.768784999847412,0.23503429983679633,-0.02155589273845095,0.471690657056604
ea21fcff9fd1734e44949055,macaroni2,evaluation,33.95709609985352,3.4146900177001953,1.867848515510559,0.28111459003482625,-0.2612110995489983,1.6510734144065797
91226ab04466566299a30600,macaroni2,evaluation,33.65951156616211,3.0397281646728516,1.6551223993301392,0.19428971591405333,-0.5773931433219209,-0.8814988629020468
33960b3cb617142b581adb73,macaroni2,evaluation,30.565095901489254,3.5053462982177734,1.5582078695297241,-0.7085537458404945,-0.18476628836760872,-2.035297257983747
acc1696d07b5d6bd1dfdae41,macaroni2,evaluation,32.70139694213867,3.5341129302978516,1.7267121076583862,-0.08525499224732709,-0.16050917407689302,-0.02920054660618859
cab40b14618160dc68f2870f,macaroni2,evaluation,36.44120407104492,4.500572204589844,1.645274043083191,1.0058913760648363,0.6544459102917928,-0.9987466858582394
6a4390dbe3b8e6b616bd6cef,macaroni2,evaluation,32.8665771484375,3.335195541381836,1.775269627571106,-0.03706112127817572,-0.32824385444943915,0.5488922188421127
cfff5e11e5db9907d417bb57,macaroni2,evaluation,38.2213134765625,4.537677764892578,1.7948285341262817,1.525265730430778,0.6857347248662248,0.7817472410909863
943d293f3ccaaeec87a2153d,macaroni2,evaluation,37.98017501831055,6.694845199584961,1.8193984031677246,1.4549098687746276,2.50474005235401,1.0742593703430743
2c85cb0ad09b73d534abf8b9,macaroni2,evaluation,37.64595031738281,4.4425201416015625,1.8425517082214355,1.3573946611590484,0.6054942108784376,1.349906853407005
39f845199393307fbf2b60a9,macaroni2,evaluation,31.9185733795166,3.6599178314208984,1.8033277988433838,-0.3136558316334146,-0.05442571403266636,0.8829336989953084
7a9b644a7222f68cf42429ae,macaroni2,evaluation,31.500696182250977,3.3802967071533203,1.7489023208618164,-0.4355779443200666,-0.29021284234771105,0.23498102073325128
3aa1a84a25f5dcbaef6bd1e2,macaroni2,evaluation,36.46941375732422,4.067058563232422,1.710326910018921,1.0141219868086269,0.288890779760059,-0.22427155173250768
3ee6c47f9ef08b16ed10dfb3,macaroni2,evaluation,53.45471954345703,11.083141326904297,1.8348125219345093,5.969846729926788,6.205117642805717,1.2577693716952008
dc17dd0347418dcda136fbf6,macaroni2,evaluation,34.848487854003906,4.542566299438477,1.7858641147613525,0.5411918725681262,0.6898569224479185,0.6750229687100008
b1d42592bf2998a70a0868be,macaroni2,evaluation,34.89350128173828,4.176050186157227,1.691362977027893,0.5543252338631537,0.38079664648293177,-0.450043223890908
3930ace9c61b018381801321,macaroni2,evaluation,38.76016998291016,5.163263320922852,1.6999151706695557,1.6824854210928983,1.2132521724772163,-0.3482266302542336
4f94b8f0b3c53faa0b0a065e,macaroni2,evaluation,31.820810317993164,3.543487548828125,1.8991808891296387,-0.3421797115714625,-0.15260414047797594,2.0240953180390258
e8aa70ccda5f15a47e752d6b,macaroni2,evaluation,34.515625,4.200885772705078,1.7176934480667114,0.44407400478155745,0.40173895421263667,-0.13657056619037286
ec2fa0ec4fc668f824a5006b,macaroni2,evaluation,38.018367767333984,4.330413818359375,1.818604588508606,1.4660531919344426,0.5109619108153752,1.064808753582413
eac5b9adf7b6dc54a203e870,macaroni2,evaluation,32.630584716796875,4.381263732910156,1.7847602367401123,-0.10591555035915723,0.5538404857384943,0.6618809487064379
6c43f4bb8134d5daccdba116,macaroni2,evaluation,50.96132659912109,11.541522979736328,1.776386022567749,5.242360909880494,6.59164242299415,0.5621832574310291
169f7ea77a6f29b7261b88e9,macaroni2,evaluation,51.70784759521485,12.30291748046875,1.6242740154266357,5.46016991598149,7.233679119301723,-1.248758714567488
a4ad1746927a2d08c40f7b23,macaroni2,evaluation,52.57250595092773,12.426998138427734,1.7194396257400513,5.7124473175016055,7.338308632169261,-0.11578176392123797
f1974de0999ddbae2228d155,macaroni2,evaluation,40.81863021850586,8.007623672485352,1.6745691299438477,2.2830729201177844,3.6117246088669432,-0.6499793310228658
0822b68a9a064a98dd389a74,macaroni2,evaluation,56.44748306274414,14.471355438232422,1.9048359394073486,6.843031611587331,9.062188178943323,2.0914204956771485
56f5ac5c6ad735dba1cd3bb8,macaroni2,evaluation,47.71009826660156,10.762645721435547,1.8405588865280151,4.293764935461938,5.934863602990205,1.3261816753940934
57a3f07a9f8ab3e2fb963fa5,macaroni2,evaluation,48.73157501220703,11.71450424194336,1.6751846075057983,4.591796519141149,6.7375067784678,-0.6426518742973371
519fe0e89bba0403a2a1022d,macaroni2,evaluation,50.54718399047852,10.963279724121094,1.6240222454071045,5.121528420982646,6.104045797144852,-1.2517561169700284
9fe1a7a0cd53409fd91c9cb5,macaroni2,evaluation,49.56771469116211,11.771121978759766,1.7421813011169434,4.835753157183165,6.785248999698778,0.15496513652149366
b615744a82c716e79d04f34d,macaroni2,evaluation,52.67456817626953,12.278751373291016,1.7165188789367676,5.742225544743003,7.213301341947036,-0.15055418639502785
d0dce877e6cda5e371822352,macaroni2,evaluation,37.81296157836914,6.775608062744141,1.888532042503357,1.4061227705537602,2.5728423591045586,1.8973174017433163
fd40c99a12d76a57de528883,macaroni2,evaluation,42.34201431274414,9.203149795532227,1.774117350578308,2.7275437082299923,4.619837540667805,0.5351739936418493
b93330f8ec0ec06fd567db25,macaroni2,evaluation,37.3848762512207,6.797651290893555,1.8120638132095337,1.2812222786446088,2.5914300444153797,0.9869387369997468
912ee1c771818f300df8bf39,macaroni2,evaluation,41.771480560302734,7.430959701538086,1.754097580909729,2.5610816928056783,3.125459695697178,0.2968322490027193
b215ef7749e71b9cb6e4e9fb,macaroni2,evaluation,37.90924453735352,6.799091339111328,1.7648035287857056,1.434214807764482,2.5926443476436973,0.42428997389256545
9da86506405268facfc8f498,macaroni2,evaluation,38.192012786865234,6.863578796386719,1.7911251783370972,1.516716802625091,2.647022615391284,0.7376576089710419
26d6fd632bf434a131f6ec4e,macaroni2,evaluation,42.78189468383789,9.105140686035156,1.7953318357467651,2.855885585997129,4.537192545453085,0.7877392074468224
38adb42e111febc3aaefacba,macaroni2,evaluation,42.544429779052734,8.798089981079102,1.7586324214935303,2.7866015401822595,4.278275755248716,0.35082097286400826
a347c980a564f328aebde63b,macaroni2,evaluation,35.9281005859375,4.854692459106445,1.7275038957595825,0.8561855262588817,0.953053528401365,-0.01977405666410817
74889680237c02d94022f094,macaroni2,evaluation,37.2198371887207,6.3166961669921875,1.821595311164856,1.2330695885540943,2.18587045799232,1.1004142609095604
e3d133714c0f05814f496648,macaroni2,evaluation,39.23067474365234,8.159637451171875,1.7728767395019531,1.8197624365275291,3.7399083876665555,0.5204041229963764
37adcf1d496e402eae667b36,macaroni2,evaluation,43.478633880615234,8.665660858154297,1.7483532428741455,3.059169984903196,4.166606500354227,0.22844407212240778
77480b68d94b0c9f9f2bd72e,macaroni2,evaluation,40.539180755615234,7.572225570678711,1.8523131608963013,2.2015392324035017,3.244580429872192,1.466120061613457
b715236e21705c0f16885250,macaroni2,evaluation,33.71706008911133,5.070549011230469,1.8057594299316406,0.21108038443073004,1.1350719531059525,0.9118830428433295
3f4645ae574aa13ac1a18dd6,macaroni2,evaluation,35.98152542114258,5.815702438354492,1.881550908088684,0.8717730453213275,1.7634135606862043,1.8142047694054493
2ca215e8e7ea31fa3a35a3cc,macaroni2,evaluation,42.79297256469727,9.175695419311523,1.744187593460083,2.8591177284717717,4.596686970246074,0.17885068691673808
260dc45bbc85f7b24f7f267c,macaroni2,evaluation,33.389408111572266,2.820474624633789,1.9251885414123535,0.11548287016356878,-0.7622760369664211,2.3337247154620613
398c22d13c653f57cd601bfe,macaroni2,evaluation,35.0831413269043,5.328105926513672,1.7830809354782104,0.6096556398004166,1.3522537042750615,0.6418883314504779
e2b654828a5193f8b616f3bb,macaroni2,evaluation,32.698638916015625,3.9404525756835938,1.8576363325119019,-0.0860596888758275,0.1821318132841853,1.5294941179027763
1dea0ee12acb9c510e2cdd46,macaroni2,evaluation,40.23326110839844,8.101879119873047,1.7775732278823853,2.112282460449711,3.6912043739448044,0.5763173154456601
89ddb9c1cd38234b74750970,macaroni2,evaluation,43.63529968261719,7.2907867431640625,1.6761655807495117,3.1048796471934916,3.0072605452967673,-0.6309730748794841
d79c739cfd0c7a8ddad5bb2b,macaroni2,evaluation,49.78751754760742,12.064544677734375,1.6723735332489014,4.899884028184816,7.032674138821913,-0.6761186101185052
a9a764ece6fb7ca57e54752f,macaroni2,evaluation,44.36799621582031,9.294425964355469,1.831338882446289,3.3186551531815023,4.696805065159398,1.2164145854226502
a5e0aa291b7e878eb282bd94,macaroni2,evaluation,46.55984115600586,9.49362564086914,1.8245245218276978,3.9581596955150284,4.864777781131668,1.1352874483315416
d4191d1b56f640d6a801911e,macaroni2,evaluation,34.813270568847656,4.843162536621094,1.6785054206848145,0.5309166868498469,0.943331060831588,-0.6031165339907225
7e8ffcd62777541ce5d7dcfe,macaroni2,evaluation,47.357032775878906,10.205467224121094,1.6329995393753052,4.190752637046685,5.46502957959593,-1.1448785683298222
14947f4fbed997508681936b,macaroni2,evaluation,40.96255493164063,7.712041854858398,1.7598127126693726,2.325065173363557,3.3624788190756547,0.36487271585053915
576ecdd2034b836ce755cc5a,macaroni2,evaluation,52.46213150024414,11.555492401123047,1.7910797595977783,5.680243870407512,6.603421968483157,0.7371168843899019
8248cbd34f6cce2df014846e,macaroni2,evaluation,50.71312713623047,11.13936996459961,1.6709545850753784,5.169944891295779,6.252531760912751,-0.6930116407991109
a05c6cd02e90eae80a4d2f1c,macaroni2,evaluation,45.33876419067383,7.7003021240234375,1.6731059551239014,3.601891671462849,3.352579433154732,-0.6673988940383875
f1d17364deb292c99d749920,macaroni2,evaluation,50.56880569458008,10.669429779052734,1.7438780069351196,5.127836886391137,5.856260387924839,0.17516496057232633
b7e61b03528d51c88838e31c,macaroni2,evaluation,39.53012847900391,6.943233489990234,1.63261878490448,1.9071326790410639,2.7141904715780543,-1.1494115717738158
21b2c0a524a8bfb810c613c6,macaroni2,evaluation,55.18505859375,14.373085021972656,1.7606730461120605,6.474699816087965,8.979322839963993,0.3751152599505082
f85176278608d1dceff94b4b,macaroni2,evaluation,44.49772262573242,8.97225570678711,1.821436882019043,3.3565048326357396,4.425138895232015,1.0985281113863707
d8767d99c1d4860e49c078b3,macaroni2,evaluation,46.12974548339844,10.518970489501953,1.7120484113693237,3.8326726543344805,5.729387413272351,-0.2037765289602127
0d589de7718ba1b4532880ec,macaroni2,evaluation,34.40850067138672,4.104686737060547,1.7798888683319092,0.41281883089283183,0.32062028186370833,0.6038857537360715
8911db1dabb5828791f3bdb1,macaroni2,evaluation,39.89238739013672,6.891782760620117,1.7352415323257446,2.0128272995513155,2.6708052668312,0.07234497512760454
bbac3c92a49a7df39fd013a2,macaroni2,evaluation,33.298828125,3.8891525268554688,1.6987874507904053,0.08905476304912573,0.13887366808042653,-0.36165249518227954
b2bfc2ce945399e86fa4d118,macaroni2,evaluation,37.47991561889648,6.149486541748047,1.630674123764038,1.3089514789246335,2.0448729655238225,-1.1725633830392717
d535fdc73b7a40b73f50cba8,macaroni2,evaluation,41.986724853515625,7.139987945556641,1.7729828357696533,2.6238825327270283,2.8801012845851535,0.5216672329103258
0d393af7221ca9197c2c5d73,macaroni2,evaluation,37.04156875610352,5.732709884643555,1.7461466789245605,1.181057025838908,1.6934310943675714,0.20217422436150617
379fa23ea1bb36eb6d0acb95,macaroni2,evaluation,35.684165954589844,4.551921844482422,1.9102635383605957,0.7850138380070317,0.6977458725603678,2.1560377927357033
b86929d14e198629e6ab27c3,macaroni2,evaluation,36.89448547363281,5.339284896850586,1.780996322631836,1.1381432113090435,1.3616802356938313,0.6170703504783067
65d42137359fa24e0df540b1,macaroni2,evaluation,34.85221481323242,4.418859481811523,1.8023321628570557,0.5422792703634857,0.5855426459151484,0.8710803349488984
26eec54b18e8cba99626757c,macaroni2,evaluation,40.24174499511719,6.324396133422852,1.8695682287216187,2.1147577651548075,2.192363361479366,1.6715471488095384
243cf774d89a3f3be1a370ad,macaroni2,evaluation,42.72307586669922,8.108222961425781,1.6504251956939697,2.8387242895727196,3.69655374154399,-0.937420570699065
b0850a01724998d12c702626,macaroni2,evaluation,36.38873291015625,6.335094451904297,1.7195595502853394,0.99058210618237,2.2013845890391472,-0.11435402395108848
3428f8693b2e18ca84800e9d,macaroni2,evaluation,36.33907318115234,5.337421417236328,1.8218390941619873,0.9760931148824807,1.3601088790659286,1.103316575262399
d2aa4f8570cfabc3225ef991,macaroni2,evaluation,35.150508880615234,5.081325531005859,1.6737195253372192,0.6293111618741611,1.144159122960252,-0.6600941449068174
eae40d57f118ed32069bdd26,macaroni2,evaluation,34.7880859375,4.078828811645508,1.5882476568222046,0.523568682504951,0.29881589925933005,-1.6776640069321471
74d31bb9848465744b6b502a,macaroni2,evaluation,38.337738037109375,5.910436630249023,1.7462127208709717,1.5592343903226626,1.8432970212744066,0.20296047480232407
6e71b0a437d17eba07a7a7a4,macaroni2,evaluation,46.533992767333984,7.3599700927734375,1.8349244594573975,3.950618029740867,3.065598567412723,1.2591020236156485
22fea48efc706041289e9a7b,macaroni2,evaluation,35.28513717651367,4.634243011474609,1.7949237823486328,0.6685910421134925,0.7671622001553347,0.7828812015642959
15fe0ec6952569c6d987e369,macaroni2,evaluation,35.91424560546875,4.9061126708984375,1.8210504055023193,0.8521431221721409,0.9964129995698708,1.0939269851605014
6e319946b7cb0bbef87a6245,macaroni2,evaluation,33.314579010009766,4.290618896484375,1.7234574556350708,0.09365032650566543,0.4774053246489854,-0.06794821724736287
bca9e17fdbb4da05ef608bb9,macaroni2,evaluation,34.873077392578125,3.675586700439453,1.6716866493225098,0.5483662494247149,-0.0412131298993797,-0.6842961823928604
cc1ee3abeee827425ec2c456,macaroni2,evaluation,40.38558578491211,7.541355133056641,1.8102606534957886,2.15672553247274,3.21854930702408,0.9654715453610975
6008113371fb50d467d8cf5c,macaroni2,evaluation,39.7016830444336,7.921430587768555,1.682162880897522,1.9571863675291974,3.539043333519016,-0.5595733033504079
66283ca0969bbb84dc6cfe06,macaroni2,evaluation,38.94449234008789,5.8976898193359375,1.6779316663742065,1.736264309602594,1.8325484272679848,-0.6099472620984059
3ca20c2162a9adab9d240819,macaroni2,evaluation,33.193023681640625,4.07533073425293,1.6326133012771606,0.058184686025491573,0.295866187841138,-1.1494768561064468
a68e74f6c39286379bdb618b,macaroni2,evaluation,36.34822463989258,4.584001541137695,1.725770115852356,0.9787631940135652,0.724796688450538,-0.04041525957251191
2d9695a99f4fdfb5f7fe0814,macaroni2,evaluation,54.499061584472656,10.68972396850586,1.6789236068725586,6.274549615945186,5.873373217526563,-0.5981378940152907
21cbc2dafd0b25d4fa7f8cd9,macaroni2,evaluation,47.60182571411133,9.743736267089844,1.7918466329574585,4.262174749560517,5.075680539183753,0.7462467563858975
de66bcee40cc4031e5eaa38a,macaroni2,evaluation,33.72471237182617,4.431795120239258,1.7430250644683838,0.21331305585088473,0.5964504664376012,0.165010408398947
9d5b78927cb437cce31ee393,macaroni2,evaluation,35.732398986816406,5.036899566650391,1.7464828491210938,0.7990865685336697,1.1066974662794833,0.20617643779671646
abd2cc4c976920cbddc44c3d,macaroni2,evaluation,34.414794921875,4.693687438964844,1.825839638710022,0.41465527548069586,0.8172879940808383,1.150944334366024
5d05d063e9d61804665f67a7,macaroni2,evaluation,34.62913131713867,5.27351188659668,1.7115147113800049,0.4771912221827052,1.3062179409583161,-0.21013039759476465
a182f91d4187d68dae715f40,macaroni2,evaluation,39.51234817504883,7.219856262207031,1.7272992134094238,1.9019450013295258,2.9474492758203628,-0.022210865340794722
b4eb10027246cf9f94854690,macaroni2,evaluation,33.27972412109375,4.175029754638672,1.7323482036590576,0.08348087547577845,0.3799361799569052,0.03789897431697011
dd4edc1e6dd864bcb8fa34b5,macaroni2,evaluation,46.48311996459961,10.156059265136719,1.717911720275879,3.935775105484046,5.423366916249776,-0.13397196590673102
bf7f49ab37ec49e2b3ec1cb7,macaroni2,evaluation,35.09249496459961,4.438997268676758,1.812573790550232,0.6123847077576545,0.6025235909278375,0.9930101799344381
5e7411eabc11c44764966a52,macaroni2,evaluation,38.06345748901367,4.540397644042969,1.6666927337646484,1.4792088131638683,0.6880282300365311,-0.7437503402750695
930961ee952b2753e5c2f2e4,macaroni2,evaluation,46.3846435546875,8.73324966430664,1.780309796333313,3.9070430951593735,4.223599943001475,0.6088970358778187
626d3cf021255d3a68499679,macaroni2,evaluation,40.12168502807617,6.303159713745117,1.6635000705718994,2.0797284193888417,2.174456007646132,-0.781760014112588
652031ff416a3dde1a8e50d7,macaroni2,evaluation,35.119293212890625,3.4524307250976562,1.8427767753601074,0.6202035097150755,-0.229386704875189,1.3525863494941244
88d8ef3400369b5d4bfedaea,macaroni2,evaluation,51.33363342285156,10.529865264892578,1.6247671842575073,5.350987163751014,5.7385743007427505,-1.2428873823045572
80456b01901cdc1d20ba82c8,macaroni2,evaluation,41.47670364379883,7.401603698730469,1.6502054929733276,2.475075984270767,3.1007056016746075,-0.9400362016781758
c0a76fcded4285964ed51841,macaroni2,evaluation,42.55031204223633,7.6020050048828125,1.7003512382507324,2.7883177811243725,3.2696915772943473,-0.34303510658543956
4b036904c7b811b28bb4fa44,macaroni2,evaluation,50.87261962890625,10.383453369140625,1.7673027515411377,5.216479284155533,5.615114241918727,0.4540440181014959
ceaee2e842571126fc9e9988,macaroni2,evaluation,50.51466369628906,9.516387939453125,1.663219690322876,5.112040123945347,4.883971813882324,-0.7850980304245081
8ce78565de343dad369b1098,macaroni2,evaluation,52.85481643676758,10.709762573242188,1.625529170036316,5.794815752755829,5.89027052840962,-1.2338156985180806
da459dabcb47161c978b77d5,macaroni2,evaluation,51.06540298461914,10.529979705810547,1.7442718744277954,5.272726799390008,5.7386708016615575,0.17985407872478548
8055987a8be0ec738d12db2d,macaroni2,evaluation,45.38086700439453,9.04449462890625,1.6086910963058472,3.6141758162605795,4.48605349188011,-1.4342783379849542
7b1a21bf83ad6a88ead37086,macaroni2,evaluation,51.81725692749024,11.138450622558594,1.7149569988250732,5.492091774905447,6.251756536865003,-0.16914886739790916
a4ea2f7f8f34bb57d9bb8dba,macaroni2,evaluation,48.960845947265625,9.963722229003906,1.7117588520050049,4.658689848001636,5.261181038708616,-0.20722382556805874
9297e2a5561e5cc51211a8a4,macaroni2,evaluation,47.68896484375,9.288986206054688,1.8073102235794067,4.2875989336335945,4.6922180548187855,0.9303457359563262
699733d5d2d16aff08b0199d,macaroni2,evaluation,44.94558334350586,8.382110595703125,1.8149726390838623,3.4871750995409436,3.927506173826818,1.021569237011295
28485adba20bcc1631a8d377,macaroni2,evaluation,41.21697235107422,7.497568130493164,1.708567500114441,2.399295376601738,3.181626447139982,-0.24521788793473065
310376fc298561257b2f6ac1,macaroni2,evaluation,42.18512725830078,6.866085052490234,1.6564955711364746,2.6817694921299418,2.649135985513151,-0.8651508144764485
9bfbaa8b3543a070404c6402,macaroni2,evaluation,39.68927383422852,6.929485321044922,1.9642010927200317,1.9535657891993055,2.7025974945320734,2.7981815846182156
29a14b87c1d9fc16c00a4e2b,pcb1,calibration,30.662080764770508,2.7252349853515625,1.675580382347107,-0.45811504901846956,-0.021784134596018547,-0.7530584832634394
3b13fa27ceb2d3986a61147e,pcb1,calibration,32.382808685302734,2.659940719604492,1.8619869947433472,0.5441176450297429,-0.12879177982854875,1.004697547607786
61ea9ad08a7d339d8978865b,pcb1,calibration,30.147396087646484,2.6331348419189453,1.8230968713760376,-0.7578915589386406,-0.17272264905116957,0.6379758524304471
1e72799776d6d5ad2db8d170,pcb1,calibration,32.18500900268555,2.559551239013672,1.760599136352539,0.42890982720692955,-0.29331529198125994,0.04864176582718606
b7dca54dcbee636d18208a6c,pcb1,calibration,34.79474258422852,4.31523323059082,1.9432098865509033,1.948941138937436,2.583987845534444,1.7706040038447026
a0c6aaf391c47af3432bd6db,pcb1,calibration,42.64059066772461,5.048316955566406,1.7556291818618774,6.518731265538697,3.785403655489379,0.0017766500095875476
16808ca8b77a8d208060d473,pcb1,calibration,31.381149291992188,3.056398391723633,1.7342886924743652,-0.039295793142294935,0.520943712904874,-0.19945748777360386
be972a0e65fd4a19c589368b,pcb1,calibration,30.231609344482425,2.8075523376464844,1.7146869897842407,-0.7088418060601299,0.11312183195513204,-0.3842954110424998
3464068e3e39522b415eceb4,pcb1,calibration,32.23871612548828,2.6915531158447266,1.6778404712677002,0.46019137598281845,-0.07698373752772919,-0.7317465518924996
6aa2b45be0b3721de3efb0b6,pcb1,calibration,30.49762344360352,3.0575122833251953,1.6862388849258423,-0.5539027107878923,0.5227692165071233,-0.6525521388425456
c60a949f547b58c2556975b5,pcb1,calibration,31.65241432189941,2.8561325073242188,1.7555981874465942,0.11870169064404043,0.19273754556692604,0.0014843823711865592
625341fc10caed8e8c956174,pcb1,calibration,30.981250762939453,2.4692344665527344,1.7696713209152222,-0.27221546355391546,-0.4413311251554126,0.13418962769345696
865bc45db108543bd63d26aa,pcb1,calibration,31.722801208496094,2.8916759490966797,1.7552833557128906,0.15969831662872275,0.2509879901352724,-0.0014843823711865592
a942a23aa6f4b43467c8311d,pcb1,calibration,31.51210021972656,2.495595932006836,1.7542176246643066,0.036976172649216085,-0.3981285818562919,-0.011533892706974396
53c62b0f7c9f2195f36386f2,pcb1,calibration,33.468971252441406,3.299661636352539,1.6684775352478027,1.1767496973422376,0.9196161948070415,-0.8200361090282321
0ad73e30af0aac4eb47a7a15,pcb1,calibration,30.611347198486328,2.361551284790039,1.6566990613937378,-0.48766465893003524,-0.6178079348680571,-0.9311034321521154
f2335ae7dc8c953617c96019,pcb1,calibration,30.321792602539062,1.9925956726074219,1.741965651512146,-0.6563148443007181,-1.2224716186274531,-0.12706616606058363
570a35bd3435a52a1125b3f7,pcb1,calibration,32.57212448120117,3.991497039794922,1.855114459991455,0.654384049081864,2.0534321059567677,0.9398916952175729
9423d6cad5d1a288ca874d1d,pcb1,calibration,29.6713809967041,2.1480960845947266,1.8696080446243286,-1.0351450871171266,-0.9676294402360621,1.0765616634653827
cce739504e31d78d39052287,pcb1,calibration,31.28188705444336,2.700836181640625,1.6620972156524658,-0.09711077863113676,-0.0617701655548748,-0.8802005264993772
25acba1aa5e1b52bb5344551,pcb1,calibration,33.79262924194336,3.380464553833008,1.8229820728302002,1.3652632995789227,1.052040226666093,0.6368933380620618
211c28690cada7a73e485c2c,pcb1,calibration,40.145164489746094,5.037227630615234,1.8284592628479004,5.065277950048659,3.7672298918875344,0.6885415261927227
9a73c02cbb9c75c3f2572eea,pcb1,calibration,31.299936294555664,2.447298049926758,1.5851491689682007,-0.08659805414551149,-0.47728166784285836,-1.6057965307629882
e77e6c9b2f27c9dc936fe0a8,pcb1,calibration,31.541015625,2.621053695678711,1.7170195579528809,0.05381786166983308,-0.19252186106597535,-0.36230002304022235
b0a316b033d969740d45d749,pcb1,calibration,30.12983512878418,2.1307315826416016,1.688628911972046,-0.7681198855094059,-0.9960872909122213,-0.6300149316029248
4ddb4a43aaf8160cba8bbf8e,pcb1,calibration,33.17896270751953,3.2398033142089844,1.6755671501159668,1.0078351107850831,0.8215172572224742,-0.7531832590629106
75e00734a3d92bbb56959e97,pcb1,calibration,29.974292755126957,1.992288589477539,1.6708062887191772,-0.858715063473924,-1.2229748824630047,-0.7980766924276039
47c2e633afa117aee0f235c8,pcb1,calibration,34.700828552246094,4.11103630065918,1.766597867012024,1.894241199359791,2.249339275928969,0.10520791902709431
cf502a9b6a4da184efe146b9,pcb1,calibration,30.573894500732425,2.5559139251708984,1.7927907705307007,-0.5094788677432782,-0.29927631144956346,0.3521988038145636
64e43280ea77e1601a79dba6,pcb1,calibration,30.530672073364254,2.3478641510009766,1.7353674173355103,-0.534653637855166,-0.6402391229669276,-0.18928544985094792
dc751ccf9d84151cf703ae6a,pcb1,calibration,30.38480567932129,2.6184520721435547,1.7179956436157227,-0.6196130712021657,-0.19678553728766704,-0.35309584064319427
e87c123ccd5856be2e666803,pcb1,calibration,31.817420959472656,2.6359004974365234,1.945698618888855,0.21480930006768484,-0.16819014866887272,1.7940719711020006
8448f5df267e11e2a185f995,pcb1,calibration,31.75974464416504,2.5962448120117188,1.7227238416671753,0.18121590730420367,-0.2331799524263446,-0.3085104124051235
c4a580779a7ea8902c9cca6e,pcb1,calibration,31.900541305541992,3.341726303100586,1.8193343877792358,0.26322249042582324,0.9885539626906106,0.6024968093411701
3b2abb2afa1b0f080629b891,pcb1,calibration,29.227413177490234,2.537748336791992,1.7652002573013306,-1.293732780274216,-0.3290470243054223,0.09202889674781281
0e3621e82ddde5cd851555ca,pcb1,calibration,33.046966552734375,3.109739303588867,1.612954020500183,0.930954355707073,0.6083615788988839,-1.3436054805660644
6d20315fccacc3893d01b6b3,pcb1,calibration,30.346908569335938,2.748821258544922,1.8221182823181152,-0.6416861265551075,0.016870279009142217,0.6287480638010866
c4fdfe5a7fe8f4ead0327626,pcb1,calibration,28.596757888793945,2.0807056427001953,1.7137199640274048,-1.661056016832344,-1.0780724081721402,-0.39341416136061064
bbaf9a0abf2c59a5894750b2,pcb1,calibration,30.25938034057617,2.2363452911376953,1.6343739032745361,-0.6926666746524722,-0.823002041830468,-1.141622687986046
7dc070d3ce5265734ac060c9,pcb1,calibration,44.1002311706543,5.322017669677734,1.8096516132354736,7.368894394838435,4.233958648495473,0.5111912749983998
cf85aafe67704fbbd77a8595,pcb1,calibration,41.52906799316406,4.983814239501953,1.7452272176742554,5.871328296523162,3.679693243124885,-0.0963106176503873
7fe891c81a7d4e45784bbd30,pcb1,calibration,31.2020206451416,2.5799388885498047,1.9657466411590576,-0.1436287235097785,-0.25990294950790044,1.9831185483638707
87d7bf2271beb95db195949e,pcb1,calibration,33.22336196899414,3.4841976165771484,1.9164466857910156,1.0336953243089535,1.2220433754878846,1.5182353945106553
87ad24a6a73178c9b818b670,pcb1,calibration,29.305709838867188,1.9358348846435547,1.8425488471984863,-1.2481291302546749,-1.315494155783848,0.821401898184606
75978ee7379d478b2ca12bea,pcb1,calibration,35.244686126708984,3.765005111694336,1.7590548992156982,2.2110093737634915,1.6822453315453152,0.03408009279700758
994ee0767e845a41397045f6,pcb1,calibration,31.220775604248047,2.5249557495117188,1.9207836389541626,-0.13270495516283215,-0.35001218297029485,1.5591315058670643
143ad4f5e3aa749de9e19e42,pcb1,calibration,29.3725528717041,2.217132568359375,1.8687485456466675,-1.2091966110114394,-0.8544888531069345,1.0684568570312631
9e0910333eb25b235b3e624a,pcb1,calibration,40.04730987548828,4.5657501220703125,1.7862980365753174,5.00828283042375,2.9945479818875596,0.29097435410106415
41f40f57d50b3ec8f7dcd6ef,pcb1,calibration,33.48735427856445,4.123256683349609,1.7198582887649536,1.187456834464974,2.269366675894056,-0.3355316796815964
806acdeec7658fa24117d6da,pcb1,calibration,30.38262176513672,2.423830032348633,1.8602901697158813,-0.6208850853135511,-0.5157422779833968,0.9886970185116334
ffb8687580c8245324343e64,pcb1,calibration,30.906435012817383,2.7282333374023438,1.6454097032546997,-0.3157916675007242,-0.016870279009142217,-1.037558547120771
06168d4eb3d6ca0eac1c2170,pcb1,calibration,31.23922348022461,2.244579315185547,1.9094525575637817,-0.12196004644202822,-0.8095076941405538,1.452282953692869
1e0cfbaf46ee391693712876,pcb1,calibration,33.26432418823242,3.9380245208740234,1.6464407444000244,1.0575536431352548,1.9657985554618074,-1.0278361517187318
efac835c60bc11b56e745918,pcb1,calibration,30.9768009185791,2.6535873413085938,1.6947075128555298,-0.27480726173894804,-0.13920402725850106,-0.5726956271809832
d307c4c9423d23ff55df8e88,pcb1,calibration,30.364633560180664,3.0669708251953125,1.7959030866622925,-0.6313622600598189,0.5382703678145785,0.381546971135229
cbff346b1c0d4878701b5c3d,pcb1,calibration,30.49197196960449,2.1714630126953125,1.8411699533462524,-0.5571943944665299,-0.9293345007991526,0.8083993605946665
158ec1fa780fbe8634c4b6d4,pcb1,calibration,40.20600128173828,6.629878997802734,1.7149533033370972,5.100712152753246,6.37734994652267,-0.3817841575648544
cd6b8e705d2a954b69ecbb41,pcb1,calibration,31.702695846557617,2.42694091796875,1.6143087148666382,0.14798801029849176,-0.5106439965188959,-1.3308311365553382
9d75e43c79103c70bb0d8a41,pcb1,calibration,32.51116180419922,3.036243438720703,1.6744956970214844,0.6188765250398525,0.487912725636094,-0.7632867265011725
c85c45dfe965711f0fc10927,pcb1,calibration,30.4847412109375,2.7761173248291016,1.8612922430038452,-0.5614059276510365,0.06160449485124602,0.9981462560823976
28205aa5419aef1b602bb59c,pcb1,calibration,33.31438064575195,3.574026107788086,1.8943628072738647,1.0867088731258232,1.3692589879048869,1.3099913298310462
d89efc52f77ac40ed9816215,pcb1,calibration,35.02629470825195,3.170989990234375,1.646490216255188,2.0838079626249417,0.7087423959862628,-1.0273696476035918
1d62807987874e278a9a7270,pcb1,calibration,32.780006408691406,3.3167495727539062,1.7955974340438843,0.7754642394747941,0.9476207954449709,0.37866476257807463
b5ea6993fe6ad62f54a3b9d0,pcb1,calibration,32.310523986816406,2.790914535522461,1.7680424451828003,0.5020156443369155,0.08585493482770058,0.11882983918918347
b0a645e9e999e31802a4613e,pcb1,calibration,31.78598976135254,2.3980751037597656,1.7222634553909302,0.19650229522792803,-0.5579507970607448,-0.3128517109416797
7cf3fa6e8b2dc51de6e9d421,pcb1,calibration,29.20593643188477,2.1439208984375,1.7882864475250244,-1.3062418448106337,-0.9744719528821641,0.3097244472107891
6f4fa8be3f00077da66a9bdc,pcb1,calibration,29.78021812438965,2.3787193298339844,1.815722942352295,-0.9717532362665772,-0.5896720480121577,0.5684420089359473
aa68846fef27ea2ea5243138,pcb1,calibration,31.72333335876465,2.763195037841797,1.7186002731323242,0.16000826591874595,0.04042677754775547,-0.34739437348177193
2e98b674ada86b6b22de31a2,pcb1,calibration,32.344295501708984,3.3858909606933594,1.6092331409454346,0.5216857594951614,1.0609333050023928,-1.3786922105561032
eac4dbdac841657c026f2a91,pcb1,calibration,31.514339447021484,3.0627784729003906,1.739639163017273,0.03828040371189638,0.531399722407483,-0.14900422464148244
3a13d9a31f7385b06945d43f,pcb1,calibration,32.95792770385742,3.030801773071289,1.676457405090332,0.8790939515606122,0.4789946404011333,-0.7447884332029929
80d07277b1003416a5ae3fa3,pcb1,calibration,29.056861877441406,1.9595718383789062,1.7313710451126099,-1.393069861332616,-1.2765927990544104,-0.22696998950385078
ee42bf7f0a62514af24470d6,pcb1,calibration,33.364559173583984,3.725339889526367,1.758253812789917,1.1159352025951068,1.6172398984761802,0.026526098450643566
2f532d43fb761172ed8c5fa3,pcb1,calibration,30.539411544799805,2.377798080444336,1.8550776243209839,-0.529563359550912,-0.5911818395188124,0.9395443463703963
2f6154dc60a43a10d4771931,pcb1,calibration,38.36385345458984,4.240447998046875,1.828632116317749,4.027758806900061,2.461425909334804,0.690171480329959
abe9ea14968ee5b2544a71e4,pcb1,calibration,30.210487365722656,2.5818004608154297,1.5915868282318115,-0.7211442377365364,-0.2568521078712647,-1.5450914181608013
27c98f330a51bb6bec3cb19c,pcb1,calibration,30.45358657836914,2.872577667236328,1.8025516271591187,-0.5795518477343296,0.219688730598763,0.44424062778484413
028a8ed694f12d95e23a969d,pcb1,calibration,30.461376190185547,2.797801971435547,1.6761043071746826,-0.5750148122488288,0.0971424237107861,-0.7481180360681612
90721e1d829bb539455cc820,pcb1,calibration,31.884923934936523,2.5102176666259766,1.7420774698257446,0.2541262008677233,-0.37416572121443825,-0.126011754349737
80b53c43942a4f876bd4d6b5,pcb1,calibration,32.237056732177734,3.2897167205810547,1.6745597124099731,0.45922486744403646,0.9033179486047686,-0.7626830814172443
6c38006daa4b3936e256f25c,pcb1,calibration,33.247772216796875,3.3561668395996094,1.8669136762619019,1.0479129981932431,1.0122198664108655,1.0511546128379246
455535b0da5c8a1834df0612,pcb1,calibration,29.763019561767575,3.3189258575439453,1.6221457719802856,-0.9817704862599094,0.9511874043664887,-1.2569301400793467
383c3d5d6b3dd46fefab555c,pcb1,calibration,30.16355323791504,2.2886810302734375,1.8254791498184204,-0.7484808763730978,-0.7372315052857481,0.6604399927604677
3bca3dcc1023082474a94acb,pcb1,calibration,36.91965103149414,3.4672698974609375,1.9500811100006104,3.1865875397990644,1.194301347285895,1.8353974910655988
8c52345ebb24b75aa732aaa2,pcb1,calibration,28.90282440185547,2.2547664642333984,1.6811984777450562,-1.482788516036103,-0.7928124634220381,-0.7000816014843556
b9f3c71d7a12586e6a9691a3,pcb1,calibration,31.3851318359375,3.4187393188476562,1.9164707660675049,-0.03697617264921815,1.1147669060947492,1.5184624639835667
b6aa2abf6edc5d2bf8d3db40,pcb1,calibration,36.80790710449219,3.6224403381347656,1.6983002424240112,3.121502632611614,1.448602751493743,-0.5388173114651025
bd170c0615eb028f0d2ee072,pcb1,calibration,29.776596069335938,2.4863014221191406,1.841005563735962,-0.9738628911115738,-0.413360909003142,0.8068492180048398
6915c844609217b7e0e88d56,pcb1,calibration,30.13569641113281,2.1040897369384766,1.667521357536316,-0.7647059996017332,-1.039749335974237,-0.8290525656729026
54a22926860a69d60b9b4d75,pcb1,calibration,29.77598571777344,2.0846805572509766,1.8230862617492676,-0.9742183885051466,-1.071558111070963,0.6378758069696098
d2fe252d391127e1e99fef37,pcb1,evaluation,35.82980728149414,3.4824962615966797,1.9397886991500854,2.5518113938315707,1.2192551062871888,1.7383432770967413
94207dc5834ad224b761e5d1,pcb1,evaluation,28.967113494873047,2.0031566619873047,1.875730037689209,-1.4453435311991079,-1.2051637188917443,1.1342901425810858
9954fa04012d1a81deffe93d,pcb1,evaluation,30.21966552734375,3.0068702697753906,1.9448556900024414,-0.7157984456806525,0.4397744457137686,1.786123415443795
443de4655c99abb3353ef5b1,pcb1,evaluation,31.29386329650879,2.6481246948242188,1.795344352722168,-0.0901352532115826,-0.14815649697912053,0.3762782848999004
4f48fe3f0c136427ccd3648e,pcb1,evaluation,29.26433563232422,1.8967323303222656,1.6542807817459106,-1.272227409821639,-1.3795774594648607,-0.9539070525852018
a8fdc87ff474c353e7d68b64,pcb1,evaluation,29.93840789794922,2.126321792602539,1.8193469047546387,-0.8796160883574254,-1.0033142846252354,0.6026148405028321
dd8f1a46f5698dcb4de08996,pcb1,evaluation,40.493194580078125,4.343156814575195,1.663781762123108,5.267987007582536,2.6297504700839793,-0.8643157803522834
6e45e52baaff55c65d1132d8,pcb1,evaluation,33.23678207397461,3.1689815521240234,1.7177085876464844,1.0415118232501837,0.7054508629500155,-0.35580268861730807
7b36854cd40e4e9aac0846ac,pcb1,evaluation,31.298948287963867,2.2876033782958984,1.75807785987854,-0.08717351555136099,-0.7389976175036775,0.024866917549567186
8dd9773724248f7138807228,pcb1,evaluation,30.75543212890625,3.050748825073242,1.779340147972107,-0.4037428336005305,0.5116849086756579,0.22536364159894687
ef054abb510290e4a625b03d,pcb1,evaluation,32.43521881103516,3.191610336303711,1.7493809461593628,0.5746437618442891,0.7425360936642017,-0.05714225767944866
7b116d245230d88934628234,pcb1,evaluation,31.990798950195312,2.488950729370117,1.971733570098877,0.3157927784300791,-0.4090190862231349,2.0395734150399263
c42b0d49fffb425a8b7af6a7,pcb1,evaluation,33.39878845214844,3.2274703979492188,1.7303385734558105,1.1358719407985338,0.8013054313797627,-0.23670587418150832
e3b11c995fbb85efa2bf9dc8,pcb1,evaluation,32.367210388183594,2.8071250915527344,1.617442011833191,0.5350324647651922,0.11242163879262548,-1.3012851265256014
d4c3c0fa6e984dee52090406,pcb1,evaluation,31.527801513671875,3.122953414916992,1.646848201751709,0.046121343098934654,0.630017553139265,-1.0239939563800604
cd15115a93c64175713a89c8,pcb1,evaluation,32.56643295288086,2.6646652221679688,1.7494324445724487,0.6510690358867772,-0.12104901883065264,-0.0566566437571824
73c2d04f0f25906e0c65f4e1,pcb1,evaluation,31.11785125732422,2.9507484436035156,1.831081509590149,-0.1926529250131239,0.3477990724388009,0.7132684925077479
c80d99f16349f486cd50d3b9,pcb1,evaluation,31.231670379638672,2.3942184448242188,1.7731834650039673,-0.12635932668751867,-0.5642712906972994,0.16730804754949513
c6d93e38f2d3cc43ebe963bd,pcb1,evaluation,30.57283973693848,2.3917274475097656,1.8017029762268066,-0.51009321167655,-0.5683536669036993,0.43623811502416476
99a60adaa94936c5279259d9,pcb1,evaluation,30.968935012817383,2.774444580078125,1.7233130931854248,-0.2793887343986457,0.05886311358553957,-0.3029539549566001
cce5f0ece2e4d97a20ddb6ac,pcb1,evaluation,32.3344612121582,3.6394729614257812,1.949718713760376,0.5159578077411844,1.4765167021240264,1.8319802079089103
c367c59aa42bc4ecd3ea4e25,pcb1,evaluation,30.64425277709961,2.19244384765625,1.7831292152404785,-0.4684989056989239,-0.8949500151403487,0.2610933603934677
460a2fc1ac70207cf473f68f,pcb1,evaluation,29.97422981262207,3.074554443359375,1.9147080183029175,-0.8587517241426386,0.5506987964490698,1.5018403041026613
92b43bf77b964eec56ba53d4,pcb1,evaluation,31.62825965881348,2.9128036499023438,1.705757737159729,0.10463288129331454,0.28561316719368784,-0.4684954694532215
0ffceb74e8687c200a90966f,pcb1,evaluation,32.072105407714844,3.756082534790039,1.7079957723617554,0.3631494749716868,1.6676225475533257,-0.4473914977480671
15c07f768a7e2b6b0d183853,pcb1,evaluation,28.93502616882324,2.1099929809570312,1.762017011642456,-1.4640326957369598,-1.0300747920547826,0.06201188617772974
7b7a8cc0a77e4223a6321b73,pcb1,evaluation,30.25815200805664,2.0785961151123047,1.6694157123565674,-0.6933821131570399,-1.0815296119120161,-0.8111893924350945
ec9fa29331f55801682c7ff0,pcb1,evaluation,32.97123336791992,3.1823177337646484,1.744295358657837,0.8868437947405469,0.7273068923796843,-0.10509775660954317
8750c1aeab594622d8784573,pcb1,evaluation,33.41427230834961,3.5141658782958984,1.8148176670074463,1.1448904653017893,1.2711569244579868,0.5599055456820353
1d7ce9dc0f64e4eb99235fb8,pcb1,evaluation,31.322731018066406,3.1565380096435547,1.7481554746627808,-0.0733213374248407,0.6850577370920121,-0.06869807045930312
3be8f1197f0eda8b067147ea,pcb1,evaluation,32.033870697021484,3.954000473022461,1.9184678792953491,0.34087978512292383,1.9919807783598202,1.5372946168533044
568feba1634c8b558148d80e,pcb1,evaluation,34.092315673828125,3.0680160522460938,1.8736835718154907,1.5398147416829502,0.5399833403728534,1.1149926097025098
34713421232d7f0950793c9f,pcb1,evaluation,38.01660537719727,5.158180236816406,1.711259126663208,3.8255052304017108,3.9654533258482063,-0.4166190877433476
f5210dd9617c6866335090e6,pcb1,evaluation,29.163841247558597,2.31787109375,1.7620638608932495,-1.3307600556737584,-0.689393308147354,0.06245365995423585
5efc4fa924acd2018ce59556,pcb1,evaluation,36.3972282409668,4.920812606811523,1.7309757471084595,2.882303989485975,3.5764428844161626,-0.23069752599976492
0951d912da15851a0b6aaf88,pcb1,evaluation,34.01776885986328,4.004575729370117,1.797395944595337,1.4963951787751855,2.074866143971533,0.39562415434944276
838282bf680c8d4689a08350,pcb1,evaluation,31.067312240600582,3.027629852294922,1.7406710386276245,-0.22208922013048965,0.4737963313419887,-0.1392739604953326
1183a9b18f32e8ae9e6e58c9,pcb1,evaluation,46.902610778808594,7.838081359863281,1.7290726900100708,9.001131793274752,8.357414937670548,-0.24864275899758562
8d6dc0e57924c4f652c3d326,pcb1,evaluation,37.18183135986328,3.970550537109375,1.7187451124191284,3.339293667067909,2.019103885819951,-0.34602858432539807
8e0e4defcc18d10300da6b0d,pcb1,evaluation,29.626657485961918,2.6696319580078125,1.792527675628662,-1.0611941586313316,-0.11290927331651399,0.3497179012070598
3bae2f547af3562d46b856ac,pcb1,evaluation,30.110559463500977,2.1137771606445312,1.979921817779541,-0.7793469375702459,-1.0238730811868675,2.116786028680261
e2855363f5e93ef846974a16,pcb1,evaluation,30.899986267089844,2.4269065856933594,1.704943060874939,-0.3195477196497149,-0.510700262040883,-0.4761776119179614
026cf1380d0117661cf5f72a,pcb1,evaluation,31.242979049682617,2.7691078186035156,1.6872023344039917,-0.11977262654218715,0.05011695077887292,-0.643467111713481
0942c709f38c86da8143257b,pcb1,evaluation,30.25332260131836,2.235393524169922,1.7394304275512695,-0.6961949862837019,-0.8245618471344446,-0.15097253477548295
75d7257576c499aa1ed12a10,pcb1,evaluation,35.320045471191406,5.299381256103516,1.8531103134155273,2.254902192576453,4.196860914331956,0.9209932200760443
0f75e3351697bc689f23253e,pcb1,evaluation,34.02326202392578,2.6240291595458984,1.8365501165390015,1.4995946553173602,-0.18764551582709046,0.7648357449846978
a22f68f59b28b1091c66c927,pcb1,evaluation,31.440645217895508,3.4945125579833984,1.9608349800109863,-0.004642573774218323,1.2389480389826855,1.9368031205277263
40f6d307fb064bc03e614a95,pcb1,evaluation,32.416351318359375,3.0295181274414062,1.7533856630325317,0.5636544486653982,0.47689093505128105,-0.019379030585437853
19bc45b61a0e261c39a87770,pcb1,evaluation,29.7386474609375,2.7229785919189453,1.7865560054779053,-0.9959659415570984,-0.02548202973550627,0.2934069201376016
0ba7be3f67f418fd404fa959,pcb1,evaluation,35.93414306640625,4.306934356689453,1.7128738164901733,2.6125814514045045,2.570387218525221,-0.4013930678889576
05f2009cb282964f76559f90,pcb1,evaluation,31.601306915283203,2.492307662963867,1.9255273342132568,0.0889343385789121,-0.40351756851772624,1.6038630679243355
10e47f65e7b35d8f68040020,pcb1,evaluation,31.780437469482425,2.4522972106933594,1.688835620880127,0.19326837987575265,-0.4690887826690652,-0.6280657312760505
88b7afba082517328cdb6fb2,pcb1,evaluation,32.979061126708984,3.362598419189453,1.845306634902954,0.891403048813146,1.0227602741964552,0.8474069733644847
1e806aaed95c158c28fb5086,pcb1,evaluation,34.609371185302734,3.2606754302978516,1.633935809135437,1.8409721367912892,0.8557235687283188,-1.1457537786442138
314cb2565cc3ce19083e5df6,pcb1,evaluation,36.56312942504883,4.634937286376953,1.7110371589660645,2.978932624777076,3.107935512140964,-0.4187121736768193
50d38baa510767d19b05b9ec,pcb1,evaluation,42.559207916259766,7.63299560546875,1.7535436153411865,6.471330131822892,8.021309716218072,-0.017889589735894353
0f39312847933943a54bf25b,pcb1,evaluation,30.363344192504883,2.4081478118896484,1.8444077968597412,-0.632113248303746,-0.5414431180821864,0.8389312118508561
23ea7c38aa3bf4de497a0b02,pcb1,evaluation,30.20978546142578,2.1946887969970703,1.679582953453064,-0.7215530597391476,-0.8912708751748567,-0.7153154900828563
765e635c6a4979adf936fb00,pcb1,evaluation,33.510215759277344,4.014982223510742,1.8802921772003174,1.2007724337130672,2.0919208488583,1.1773096907411083
e9bf42e68f852e5e3569a0d5,pcb1,evaluation,36.44109725952149,3.762849807739258,1.6773079633712769,2.9078553646491816,1.6787131071094563,-0.7367679347414889
b35291828b7ef5ca62387b34,pcb1,evaluation,30.746990203857425,2.6113853454589844,1.7153359651565552,-0.4086598069254124,-0.2083668572300187,-0.37817577633690375
5a78bd23c475f84804fb68a9,pcb1,evaluation,30.95242118835449,2.702390670776367,1.903030276298523,-0.289007160753561,-0.0592225877537907,1.391722850803581
48aa7ef1a276600a1b03f49d,pcb1,evaluation,29.25841522216797,2.035158157348633,1.7808085680007935,-1.2756757345393166,-1.1527180006750706,0.23921038302134448
67aba00d3d4910567e7916ca,pcb1,evaluation,36.9407844543457,6.143688201904297,1.9193791151046753,3.198896637051598,5.5805551344888755,1.5458872854222934
ca28c1ac4809a9f0fb28f49d,pcb1,evaluation,29.0380802154541,2.1279850006103516,1.7012752294540405,-1.4040091826905312,-1.0005885326711919,-0.5107641146038138
260e91f96282c15dc19e0857,pcb1,evaluation,29.32401466369629,2.0843067169189453,1.6814218759536743,-1.23746754123549,-1.0721707800881564,-0.6979750262752654
38123b12ca3618cb24d4f273,pcb1,evaluation,33.28678894042969,3.740816116333008,1.6471168994903564,1.070638169077524,1.642603145443047,-1.021460220776384
4fe202240c9ba2184e34b012,pcb1,evaluation,30.38619804382324,2.0344905853271484,1.8965262174606323,-0.6188020927730747,-1.1538120524914872,1.3303916109914353
235b8d0485aa66a829d08732,pcb1,evaluation,30.65555763244629,2.5727920532226562,1.7729734182357788,-0.4619144274123022,-0.27161555566822204,0.16532737224617766
1b996ea8237002b9d4517d4f,pcb1,evaluation,43.13389587402344,5.502044677734375,1.8881676197052002,6.806055368319549,4.528996290622006,1.2515726494461963
b23063e2abb2fd513e544117,pcb1,evaluation,31.040565490722656,2.2179927825927734,1.6446751356124878,-0.2376677824745564,-0.8530790891949235,-1.0444852901508743
5f3f241184dd4ce301edee21,pcb1,evaluation,34.07933807373047,3.743541717529297,1.759987711906433,1.5322559783520622,1.6470700027163587,0.042876224606575794
f5888129ebf48dd56e5780e8,pcb1,evaluation,30.07196617126465,2.79296875,1.7662619352340698,-0.8018254821377342,0.08922148855993074,0.10204018746934822
12f646efd6255556716d0553,pcb1,evaluation,29.769939422607425,2.809324264526367,1.75885009765625,-0.9777400345602488,0.11602575806213465,0.03214887817095797
5598ea98eb7a14ae876bb81f,pcb1,evaluation,33.84307861328125,3.3510665893554688,1.6922612190246582,1.3946473810166051,1.0038613105334435,-0.595763412594932
ee2caf42190a2195295595df,pcb1,evaluation,29.86190223693848,2.251035690307617,1.79507577419281,-0.9241765757126928,-0.79892665014464,0.3737456734025257
36288d6f965496f8fa14e115,pcb1,evaluation,33.20441055297852,3.5596885681152344,1.6882874965667725,1.0226571302384544,1.3457618807505933,-0.6332343720505418
7a26113ea821234e21572b6b,pcb1,evaluation,32.54416275024414,3.359090805053711,1.9212450981140137,0.63809782473871,1.0170118133667698,1.5634829213603343
eea371653e7f4a1666591061,pcb1,evaluation,29.703001022338867,2.810178756713867,1.7443592548370361,-1.0167281002712325,0.11742614438714775,-0.10449523563191651
1f13db4b10a8fd29027dfbde,pcb1,evaluation,31.36089324951172,2.304443359375,1.7156188488006592,-0.051093862891564756,-0.7113993789689885,-0.3755082720833439
5086ac0054bf0f0aaf660376,pcb1,evaluation,32.47154998779297,2.9626121520996094,1.7486337423324585,0.5958047441968359,0.3672419361476882,-0.06418815597751557
0fc47e40a9366777c17ab6aa,pcb1,evaluation,31.818086624145508,2.699901580810547,1.7078380584716797,0.21519701441255257,-0.06330183809785789,-0.4488786903850075
517b1a09e2b47e3a77e4233f,pcb1,evaluation,31.48586845397949,2.5935897827148438,1.6397098302841187,0.021697561230976173,-0.2375311527933496,-1.0913065658227128
87ab47efadac77df23c6deae,pcb1,evaluation,35.63640594482422,3.888317108154297,1.8195436000823975,2.439165379101207,1.884335457211436,0.6044696159003768
e3b68fe7ba83c9caac1a62d4,pcb1,evaluation,37.77313995361328,3.865184783935547,1.8030812740325928,3.683699541963355,1.8464249988414383,0.4492350320825964
c274dd625fa6667a0f1253e3,pcb1,evaluation,30.5639705657959,2.3035449981689453,1.778635025024414,-0.5152590331769386,-0.7128716601276518,0.21871455282532437
eb9bbfdc6a5896142320122b,pcb1,evaluation,39.362579345703125,4.704685211181641,1.6446813344955444,4.609463635724233,3.222242045920159,-1.0444268366231941
12bd25b4466a71122430d725,pcb1,evaluation,34.429779052734375,4.021604537963867,1.7623525857925415,1.7363692505905597,2.1027738428771516,0.06517624541657122
100b650ee3ac76ba262dd5a4,pcb1,evaluation,30.392467498779297,2.4950332641601562,1.6406348943710327,-0.6151504679834446,-0.3990507112444144,-1.0825835009227447
8d9cc0fe81cdd6e214ae8157,pcb1,evaluation,31.66883087158203,3.4866867065429688,1.7459207773208618,0.12826345960185467,1.2261226258319515,-0.0897705671880144
614130625b05ce4668372139,pcb1,evaluation,31.17412757873535,2.5939254760742188,1.649192214012146,-0.15987495439615532,-0.23698100102280872,-1.001890654172835
18e98170e8f3ad0b1c8e8318,pcb1,evaluation,33.66441345214844,2.9393787384033203,1.642246961593628,1.2905844064823675,0.32916580707406184,-1.0673822114069886
0cfdc39ec5c2c0c3efa96db5,pcb1,evaluation,28.801118850708008,3.1306324005126953,1.6441189050674438,-1.5420266020285995,0.6426022748903872,-1.0497303701538705
c2de138bd844b8b54a67aa67,pcb1,evaluation,30.584178924560547,2.612560272216797,1.5699541568756104,-0.5034887366615418,-0.20644132603312568,-1.749080740489073
4868e2113a0c1f0b335c08a5,pcb1,evaluation,28.83102035522461,2.081348419189453,1.8019176721572876,-1.52461056253149,-1.0770189925660476,0.4382626304732424
196ac90dfae9c8cd4a714667,pcb1,evaluation,36.82379150390625,5.526714324951172,1.6543415784835815,3.130754452279403,4.5694261940320935,-0.9533337583714153
4a9a389f2d9c655afe257674,pcb1,evaluation,32.42866134643555,2.3898143768310547,1.8118489980697632,0.5708243867220637,-0.5714889068233157,0.5319119264547283
be71b1c9c44662185bcefb39,pcb1,evaluation,31.52064323425293,2.652334213256836,1.7480063438415527,0.04195202522991303,-0.14125771881103144,-0.0701043274425325
074d2027ec2abd34f85d549a,pcb1,evaluation,28.80567741394043,1.7985115051269531,1.6523442268371582,-1.5393714808703365,-1.5405468661453845,-0.9721681594537559
ed7e6d55126c1227b0e4fd86,pcb1,evaluation,34.59391784667969,3.341909408569336,1.8364062309265137,1.8319713871577126,0.988854045474542,0.7634789486787362
e627b7117defb3cdfbc53291,pcb1,evaluation,47.89766311645508,8.388790130615234,1.7168108224868774,9.58069697216134,9.259945168967496,-0.36426833317422286
3a8bf07b45d07dbde32c82d7,pcb1,evaluation,49.5819091796875,6.880439758300781,1.7123221158981323,10.561680920437963,6.7879819777094355,-0.40659543185249525
6016a0b692e7aea96d304bed,pcb1,evaluation,57.21310806274414,9.78689193725586,1.6522940397262573,15.006449279295035,11.551227265675541,-0.9726414082067052
b3c5e4b55365dfe49bbfc529,pcb1,evaluation,57.4953498840332,10.070110321044922,1.6495388746261597,15.170840161518948,12.015380311721401,-0.99862175304795
9bb458c7f0a120e60f0f5780,pcb1,evaluation,55.6376838684082,10.666549682617188,1.6424087285995483,14.088848294434122,12.992856218305212,-1.065856799155796
bd5ea3af2c9e7796fc4885b2,pcb1,evaluation,59.43588638305664,10.283523559570312,1.574751853942871,16.301099687216414,12.36513304811809,-1.703839958277203
635fa95eba6aeafd2fbc4b1b,pcb1,evaluation,46.66720581054688,7.7105255126953125,1.7191541194915771,8.864020892290304,8.148369768314351,-0.34217177560480655
1a691e974afca341bb5607c6,pcb1,evaluation,53.14815139770508,7.939060211181641,1.6729885339736938,12.638827750650794,8.522904341284038,-0.7774988024715713
76b6c61f2186903165b99fd7,pcb1,evaluation,64.42523956298828,11.915374755859375,1.6318886280059814,19.207133127723523,15.0394958254132,-1.165058056160599
562e3709953ca4e6e4b2876d,pcb1,evaluation,61.42504119873047,10.480293273925781,1.6749805212020874,17.459676802170844,12.687609509800348,-0.7587149861728001
9edccd3149b8c7ecf98d85b0,pcb1,evaluation,66.50577545166016,14.095996856689453,1.6182643175125122,20.418934868072252,18.61321295787532,-1.293531041257563
8ad961d56efb06cc9e822f11,pcb1,evaluation,54.08601760864258,9.867683410644531,1.6233773231506348,13.185085045618116,11.683632542360597,-1.2453169978781136
c415f04e8f8cc4ea36be7511,pcb1,evaluation,50.654441833496094,6.626110076904297,1.8737084865570068,11.186374271580187,6.371173242553415,1.1152275479195322
6c3010fedf8b5c28e9914b8f,pcb1,evaluation,50.97593307495117,7.9619598388671875,1.7102539539337158,11.37362585806968,8.560433444449457,-0.42609755207795197
5a72ee44d10a570b1fd8bb25,pcb1,evaluation,55.07319259643555,8.394481658935547,1.566084384918213,13.760062086268878,9.26927274216803,-1.785571479249738
d178bd5629b190173e283933,pcb1,evaluation,40.97169876098633,6.642751693725586,1.8467063903808594,5.546690298569195,6.398446391405511,0.8606062295571939
4aa0507748155ccd41c16e7b,pcb1,evaluation,65.38946533203125,14.629589080810547,1.8018616437911987,19.768743466375863,19.48769170059935,0.4377343005115175
88214944719c4af8d3143df7,pcb1,evaluation,42.33756256103516,6.298923492431641,1.8358960151672363,6.34223347520485,5.834962818016033,0.7586677737081353
d36616000cd05d03f27f9267,pcb1,evaluation,42.801795959472656,6.674049377441406,1.8721649646759033,6.6126247927579795,6.4497386664214496,1.1006726195271628
c4ac42eb5ee0a4789bf270c7,pcb1,evaluation,45.58815002441406,9.12078857421875,1.734010934829712,8.235528162754244,10.459582363255171,-0.20207665545619735
cd76c7f3317d58ab297a3951,pcb1,evaluation,43.58388519287109,7.079753875732422,1.6167937517166138,7.0681502654501225,7.1146283397434065,-1.3073980165933883
af0b57367f305eb2a17d8514,pcb1,evaluation,53.619815826416016,8.196903228759766,1.8772242069244385,12.913547248970703,8.945470914856742,1.1483796909646165
6a3a02b2881c1317d6944352,pcb1,evaluation,45.87579727172852,8.552265167236328,1.7511069774627686,8.403067418770009,9.527856577771566,-0.04086632253941822
76a42f157de24284ad441e6a,pcb1,evaluation,48.73284149169922,8.676734924316406,1.680325984954834,10.067144052518382,9.731844101873586,-0.7083089355053435
50228ea6895579d622003f6f,pcb1,evaluation,41.53931427001953,7.399078369140625,1.7572236061096191,5.877296209017802,7.637953959745736,0.016811571792715325
dbe0623545dce8b3b6d109c2,pcb1,evaluation,39.954078674316406,6.644775390625,1.6571719646453857,4.953980603555171,6.4017629313404205,-0.9266441024538973
39c5197be54ded8547348437,pcb1,evaluation,39.947532653808594,6.095056533813477,1.7073538303375244,4.95016789400908,5.5008550225941,-0.45344481018187216
b10423a934a65fe8029be8b3,pcb1,evaluation,43.48768997192383,7.05047607421875,1.7511379718780518,7.012121654363999,7.066646352937712,-0.04057405490101724
529b697585bca5778aab04c4,pcb1,evaluation,55.320499420166016,10.579914093017578,1.7836884260177612,13.904105186428042,12.850873299433013,0.2663665430540025
52c0fe23ccdac65dc7944451,pcb1,evaluation,40.95584487915039,6.292991638183594,1.7631561756134033,5.537456253771085,5.825241386161589,0.07275384599526762
90be51adb35b52806ba0d167,pcb1,evaluation,49.0399055480957,8.821044921875,1.8045744895935059,10.245992569367246,9.968346845959504,0.4633155876157148
422a9abdea5f8a6bac79fde4,pcb1,evaluation,50.96376800537109,10.006515502929688,1.7315151691436768,11.366540350643984,11.911157809827234,-0.22561094498528617
df6255da319f5f5a957fca34,pcb1,evaluation,55.97035598754883,11.544437408447266,1.7549543380737305,14.282612148802167,14.431584370690214,-0.004586915763443207
6be096202c2f5627f69df8cb,pcb1,evaluation,44.30469131469727,8.374534606933594,1.7077264785766602,7.487981577968639,9.236582473893506,-0.44993085388325105
3072ce20cf90f5e99440e6bc,pcb1,evaluation,44.39979553222656,6.70904541015625,1.540498971939087,7.543374737463747,6.507091988500334,-2.026833918324548
f2bf98b580ac49811aac941d,pcb1,evaluation,42.7591552734375,7.570283889770508,1.8402323722839355,6.587788856099348,7.918534488583908,0.7995582645330367
4fed9d166ca54ae4e2cbdd5e,pcb1,evaluation,43.69300842285156,7.316974639892578,1.6987987756729126,7.131708755703914,7.503398089775839,-0.5341162989120527
48ae52448a5b6943103b118e,pcb1,evaluation,36.19718933105469,4.468286514282227,1.8321316242218018,2.765791940600484,2.8348195425530855,0.7231707449180337
4bdd749184a92487f374f3ab,pcb1,evaluation,59.13961410522461,12.118087768554688,1.8819268941879272,16.1285368086577,15.371712474123898,1.1927245604541572
842cbf0745e696a8e10da9a2,pcb1,evaluation,54.1038932800293,9.782901763916016,1.8068866729736328,13.195496675532443,11.544687961675702,0.48511875344042854
84796433e41b95aa753bf782,pcb1,evaluation,66.6964111328125,12.153404235839844,1.8431910276412964,20.52997003523798,15.429590941074663,0.8274574588310142
d05061981f58affed931bdbd,pcb1,evaluation,68.18034362792969,8.917888641357422,1.5997792482376099,21.394281960802,10.127059380035877,-1.4678394607999123
23f9a42b155f330ad983066b,pcb1,evaluation,63.31697463989258,10.810432434082031,1.7995659112930298,18.561627626046192,13.228658769228623,0.4160862613564166
d244dab5ed65b8c4fabe3bd3,pcb1,evaluation,68.5452651977539,8.881729125976562,1.4913185834884644,21.606829408703067,10.067799281934095,-2.490589593557316
3dab225ec30eb8d5cbdec634,pcb1,evaluation,56.61542892456055,6.555950164794922,1.5731583833694458,14.65833290035415,6.256191522510375,-1.7188658872099185
3ef2a58bb9f86d4d6fba6aa6,pcb1,evaluation,59.05043411254883,5.7339019775390625,1.6969588994979858,16.076594195738974,4.908976115775114,-0.5514657555700561
a7b0d374a67a0a9b5daee1c9,pcb1,evaluation,73.07066345214844,10.719066619873047,1.6828423738479614,24.242633727342856,13.07892371177153,-0.6845801755860877
5f832185524985ca3f0e92d9,pcb1,evaluation,40.49113082885742,4.35127067565918,1.6880829334259033,5.266784982020511,2.6430478884469384,-0.6351633384639883
1d3eb297e517f209f1d7d84c,pcb1,evaluation,32.79203796386719,2.748546600341797,1.79736328125,0.782471981845641,0.016420154833245146,0.39531614922282016
2c951b1265924f7382f5e6b3,pcb1,evaluation,42.08932495117188,5.7935028076171875,1.5758042335510254,6.197648241520484,5.006653061944778,-1.693916347847188
96d29042e067ef2b0e292923,pcb1,evaluation,70.04573822021484,9.095783233642578,1.6662695407867432,22.48077531363297,10.418602308074542,-0.8408568059453979
01a83a014fad55e405a3e709,pcb1,evaluation,44.34588241577149,5.444812774658203,1.6403123140335083,7.511973208317531,4.435201665469454,-1.085625332574718
6c029ad079d487365496de90,pcb1,evaluation,41.073028564453125,4.948936462402344,1.8274918794631958,5.605709531478772,3.622533724510623,0.6794194035557073
c62ede3434899c46ab3c060b,pcb1,evaluation,47.423587799072266,4.803674697875977,1.6205332279205322,9.30457325913681,3.384471175120728,-1.272135926020309
374ea579413f7ebcbcf16d3c,pcb1,evaluation,58.96214294433594,5.260784149169922,1.7614911794662476,16.025169275899643,4.133605964169087,0.05705345328162682
fdc9ef93a38479ccb01d0720,pcb1,evaluation,54.44757080078125,5.432682037353516,1.7748699188232422,13.395670592278387,4.415321181034,0.18321077939741354
ae88f967f93fdad6f994fcae,pcb1,evaluation,50.78610610961914,6.032379150390625,1.755918025970459,11.26306172495044,5.398136060481923,0.0045003595782244525
9ee551b136ab48c842ab8213,pcb1,evaluation,40.16818237304688,4.865047454833984,1.6640809774398804,5.07868464550386,3.4850520473973945,-0.8614942735354123
b9d7dae8a5c5fcbebbb0a494,pcb1,evaluation,33.90583038330078,3.3380699157714844,1.6570215225219727,1.4311969567935332,0.9825616845989809,-0.9280627246064437
5b86366603ab17a8469074b2,pcb1,evaluation,60.9936637878418,6.878913879394531,1.7647981643676758,17.20842235368559,6.78548128784334,0.08823728619271076
8a19c172453e419aab8e520d,pcb1,evaluation,47.57099151611328,9.668743133544922,1.9681010246276855,9.390428101543879,11.357598849343818,2.0053196478193303
8be118bc14a8534c33f3d714,pcb1,evaluation,43.214725494384766,7.929161071777344,1.8867470026016235,6.853134332522426,8.506681115777749,1.2381766746507172
f8d31cce26e9ee33e673a259,pcb1,evaluation,50.3237190246582,10.190101623535156,1.8521440029144287,10.99374578701287,12.212028311066433,0.9118812143957428
7b2bbe00b4d165b6e192aef2,pcb1,evaluation,50.54612731933594,10.917987823486328,1.7616446018218994,11.123286815372884,13.404926146164982,0.058500178091711715
8c0ead322ee64bc3d0700295,pcb1,evaluation,53.06047058105469,10.857410430908203,1.6190898418426514,12.587758328205037,13.305648758481018,-1.2857466051193827
04c892b9392b4664c9714d83,pcb1,evaluation,54.875972747802734,11.499980926513672,1.7101635932922363,13.64519199096996,14.35872677144154,-0.426949624654521
494233199c4bb5688f9e6a0c,pcb1,evaluation,43.653099060058594,6.450283050537109,1.7938823699951172,7.10846366988153,6.083018749283308,0.36249224521778606
65cffa9bb35f0e26103179b1,pcb1,evaluation,44.286014556884766,8.405670166015625,1.8298836946487427,7.47710335772524,9.28760905061117,0.7019734723898512
a7816abdfded36a3b8a8d38b,pcb1,evaluation,58.08079528808594,11.985176086425781,1.8180902004241943,15.511831039577363,15.153889883337708,0.5907645118719735
baa4d638140bceaf22b6a72c,pcb1,evaluation,54.2744255065918,10.861976623535156,1.800614356994629,13.294822647297293,13.313132072905306,0.4259727762784808
bcb8634e535bdd0ef7b0d2c3,pcb1,evaluation,60.47547149658203,13.07119369506836,1.8017233610153198,16.906602844681718,16.933712133458044,0.43643033720172847
88df36a01535eb14c196767d,pcb1,evaluation,55.7285385131836,9.069992065429688,1.8308409452438354,14.141766303326472,10.376334397612874,0.7110000459912356
69ee6908ed17d05a195326d6,pcb1,evaluation,49.578895568847656,9.306037902832031,1.7251396179199219,10.559925652057187,10.763178616448414,-0.2857303982043695
0602bbc2de6433225c631535,pcb1,evaluation,41.90795516967773,6.212007522583008,1.7911080121994019,6.092009969160959,5.692520397380938,0.336330919261993
8663dc42040eee78d0739f78,pcb1,evaluation,49.275978088378906,9.139991760253906,1.830826997756958,10.38349229562592,10.491053545219975,0.7108685255539552
1912e7e3197ae3b58cf6d6d8,pcb1,evaluation,37.707557678222656,5.344032287597656,1.7334158420562744,3.6455013470237225,4.270037351538556,-0.20768819411349632
f6f9cbebb8ba45b8c42b58c3,pcb1,evaluation,44.39767837524414,8.471969604492188,1.6173597574234009,7.542141605879784,9.396264025292991,-1.3020607598736655
1f3ea9d7cd96153a56bc5fd3,pcb1,evaluation,43.88073348999024,6.978912353515625,1.831540822982788,7.241048644674034,6.949363998217865,0.7175996740875903
b7d6be412991b8875483fd9d,pcb1,evaluation,46.71572113037109,9.114269256591797,1.5838234424591064,8.892278491362086,10.448898165802282,-1.6182977169424397
fabb976489bbb5dcb38fc0f5,pcb1,evaluation,51.20899200439453,10.794296264648438,1.7498588562011719,11.509370315947578,13.20221397389467,-0.05263571551656573
6fd668f7feb0390bd1144115,pcb1,evaluation,52.03317260742188,9.413299560546875,1.7973277568817139,11.989411777644143,10.938964610585549,0.3949811655449606
90ea34a359c519167346cf51,pcb1,evaluation,48.967567443847656,9.066596984863281,1.7859388589859009,10.203859462652481,10.370770362660814,0.28758742181451735
1d4ee84e7ce290fe11f558e6,pcb1,evaluation,47.84457778930664,8.46408462524414,1.7503446340560913,9.549777586355155,9.383341710409946,-0.048054982337781
50898a82c14d334f089ba557,pcb1,evaluation,47.049922943115234,8.027618408203125,1.7966325283050537,9.086933311072784,8.668038129387517,0.3884253775943661
3680c24978c1d42b2a37599c,pcb1,evaluation,39.33341217041016,4.635807037353516,1.5992282629013062,4.592475304028772,3.1093609053646385,-1.4730350801256407
71cc4b3b7db056e9c9c0e4cf,pcb1,evaluation,44.16292190551758,7.466541290283203,1.7791727781295776,7.405408420876005,7.748515710450453,0.22378539635158154
75ab2d0d05101c31bd2b6306,pcb1,evaluation,51.39332962036133,9.46014404296875,1.815061330795288,11.616737194383353,11.015735789474661,0.5622032189623877
f5be8c821d0e2b33f0067ae5,pcb1,evaluation,43.67599487304688,7.224102020263672,1.617047905921936,7.121799265858016,7.351193601075977,-1.3050014219585002
a51198ecdfd31320f770ef6d,pcb1,evaluation,53.037017822265625,9.050521850585938,1.6452655792236328,12.574098340856917,10.344425594921505,-1.0389175916393356
684f34e6e9fc7364eaf50826,pcb1,evaluation,45.00111770629883,5.745906829833984,1.7504314184188843,7.893612991472533,4.928650293296615,-0.047236632950258234
6a559f080171b70ceb05a76d,pcb1,evaluation,52.42208480834961,9.51095962524414,1.7459229230880737,12.21593249497141,11.099015013740283,-0.08975033327458665
f0c3fba61a2efd6739f3d64b,pcb1,evaluation,45.76878356933594,6.82977294921875,1.7181930541992188,8.34073761638276,6.704946570705757,-0.3512343206078403
43b1e7fcfe515f7fccfef929,pcb1,evaluation,57.01347351074219,8.437286376953125,1.7813217639923096,14.890172747432786,9.339423344636655,0.2440496606494839
0c33699be9e9a16d7c17ce77,pcb1,evaluation,51.41144180297852,8.017192840576172,1.6757171154022217,11.627286579537694,8.650952165877424,-0.7517691333355704
eba74f816c6d5107132eca7e,pcb1,evaluation,48.51653289794922,7.521450042724609,1.6188386678695679,9.941155776235407,7.838503035281875,-1.2881150970967323
6cfc6e55e1a48e120ca08f74,pcb1,evaluation,47.21202850341797,9.559173583984375,1.746001958847046,9.18135119694759,11.178030561784215,-0.08900505079666413
b3987a6e76637494d22b6173,pcb1,evaluation,41.51628494262695,7.796926498413086,1.694934368133545,5.863882847986475,8.289968206119637,-0.5705564528891482
32cf4b2e165e3206846aaf60,pcb1,evaluation,42.01047897338867,4.935810089111328,1.729006290435791,6.1517246438467215,3.601021539937542,-0.24926888620754464
410c85cbd877dc37da9438a0,pcb1,evaluation,42.42420196533203,5.213573455810547,1.727181315422058,6.392696330222815,4.0562346197121135,-0.26647782957785515
4d7ad789330c4ea70ea3ae32,pcb1,evaluation,60.36019515991211,13.224388122558594,1.6514393091201782,16.839460496328954,17.184775144289297,-0.9807012503887632
32d1745f75b3f57218a650b6,pcb2,calibration,30.27621459960937,2.3391284942626953,1.6628103256225586,-0.8399690982011706,-0.8445961758503726,-0.9261782093970837
abfffc5cfa435b5b3a8a8856,pcb2,calibration,34.043235778808594,4.0282135009765625,1.8424358367919922,0.901141461254945,1.0539090293178066,1.3812171991091657
e1b8c3a940bba151a0efb8c9,pcb2,calibration,35.805171966552734,4.567693710327148,1.693737268447876,1.7155052664038453,1.660276371083459,-0.5289034269361396
91a0648e817552e646c900d6,pcb2,calibration,31.45214462280273,3.4218368530273438,1.8175245523452759,-0.29645631099707376,0.3723511338607189,1.061217089001601
a274995d82c1c23f41606e10,pcb2,calibration,30.62042808532715,2.6181488037109375,1.7316579818725586,-0.68087423088274,-0.5309816995335751,-0.04178954498392333
d187099aa7debcabc61d43fa,pcb2,calibration,34.3792839050293,4.381134033203125,1.756467580795288,1.0564623137840208,1.4505862035154433,0.27690435472161556
7d1dd88aab6dce1799d0fccd,pcb2,calibration,31.045391082763672,2.408069610595703,1.8365342617034912,-0.4844570813587388,-0.7671074362735774,1.3054079937601695
ff96409f6a9fb78bdd78796a,pcb2,calibration,30.831188201904297,2.645763397216797,1.9845147132873535,-0.5834612759169064,-0.4999433271005182,3.206303987376631
10965014569fe3d9b9ede5df,pcb2,calibration,35.726600646972656,4.451147079467773,1.6782915592193604,1.6791897407713732,1.529279775617959,-0.7273126524574652
787d6770eaa57905f73ac87c,pcb2,calibration,31.546674728393555,2.6072540283203125,1.681789755821228,-0.25276466255625657,-0.5432272571615362,-0.682376258263503
9c584b5fffe6087c92ec3b3c,pcb2,calibration,29.99912452697754,2.6278343200683594,1.6484016180038452,-0.9680396421215798,-0.520095330199754,-1.11126653891932
cc26b23f33da31b1a1d7c649,pcb2,calibration,31.43256187438965,3.082202911376953,1.832984447479248,-0.30550742284997773,-0.009392119742314013,1.259808540827547
b76036871107339122f83137,pcb2,calibration,40.31190490722656,6.130466461181641,1.7555968761444092,3.7985093001969172,3.4168085705874054,0.26571964103299056
b4868c5d04cfb0dc5b221d04,pcb2,calibration,31.125843048095703,3.1128387451171875,1.8488249778747559,-0.44727232456945687,0.025042079595975802,1.4632894766085558
6351d18691c0974e744bf682,pcb2,calibration,38.14244842529297,4.851076126098633,1.6421416997909546,2.795790332267448,1.9787937868776981,-1.191678872601833
aba0463ce4c846367e9f18ea,pcb2,calibration,32.10618209838867,3.0989151000976562,1.6128439903259277,0.005838659180071455,0.009392119742314013,-1.5680251936741632
80235ae174b2ef8932a76adf,pcb2,calibration,30.178302764892575,2.482210159301758,1.8159502744674683,-0.8852237758925172,-0.6837746157980038,1.0409945631292048
7fc5d53b3a5040390374b7b5,pcb2,calibration,32.89934158325195,3.477235794067383,1.7381644248962402,0.3724355772047784,0.4346186796072403,0.04178954498392333
da46b80fc25b65ecdddacf73,pcb2,calibration,30.53586769104004,2.519979476928711,1.6348602771759033,-0.7199578963046467,-0.6413224918223585,-1.285213031530489
2d629d050315bdc884d9f9b6,pcb2,calibration,33.58557891845703,3.863260269165039,1.6898412704467773,0.6896132658294482,0.8685041693144872,-0.5789498142268901
d12281a21741fca05aa3004b,pcb2,calibration,32.68284225463867,3.714883804321289,1.7077240943908691,0.27236996853626705,0.701731336857493,-0.34923441583450066
14cb473b51d004c463f5986d,pcb2,calibration,33.791587829589844,3.3784542083740234,1.7550790309906006,0.7848302220005425,0.3235897178509192,0.259067615257609
e84214243612d3150a3e959a,pcb2,calibration,33.90385437011719,3.7534332275390625,1.7598706483840942,0.8367196194547183,0.7450602873509667,0.32061876075518314
b5e202f4397f66cb0455540e,pcb2,calibration,38.95881652832031,3.798358917236328,1.693128228187561,3.173114232762804,0.7955560619253708,-0.5367269075269371
80a109f381211665071e6d56,pcb2,calibration,29.101367950439453,2.9531116485595703,1.7229598760604858,-1.38298115183826,-0.15448868588692818,-0.15352183335885797
a870ee43585eff0c21881f25,pcb2,calibration,32.464900970458984,3.5506439208984375,1.7852331399917603,0.17163789054265619,0.517128269317909,0.6464148924004596
1515aeba929ba10b3b116d1f,pcb2,calibration,32.56318664550781,3.4908924102783203,1.6203651428222656,0.21706535657754703,0.4499685032445305,-1.4714115633287732
f43148e645e8095b390785ea,pcb2,calibration,33.8942985534668,3.172840118408203,1.6324520111083984,0.832302937816162,0.09248268741467341,-1.3161486265383755
d8e756508072e0e602275990,pcb2,calibration,29.399229049682617,2.2954158782958984,1.7185922861099243,-1.2453102759729633,-0.8937284744704029,-0.20962609679311897
847eabae263197256b97a23f,pcb2,calibration,31.430540084838867,3.5254135131835938,1.5985230207443237,-0.30644189042220715,0.48876968453102704,-1.7519864764720254
702ecb7de045b0b8d029a5e3,pcb2,calibration,35.50690460205078,4.22541618347168,1.746948003768921,1.5776466154509217,1.2755617689383472,0.15461978512703212
80a1c62b225cf13117eb0610,pcb2,calibration,35.9788703918457,4.616790771484375,1.7460925579071045,1.7957883728828952,1.7154607021236108,0.14363107956438523
6a9b8ea6ee01b9d79fd25702,pcb2,calibration,33.462833404541016,3.6452064514160156,1.7439709901809692,0.6328805053169435,0.6234150788555589,0.11637829348600914
095beda014022e653475c36b,pcb2,calibration,29.920942306518555,2.678895950317383,1.7231117486953735,-1.0041753268250568,-0.46270285413915396,-0.15157093997998225
60737d625caf7975c9b7b023,pcb2,calibration,32.12531661987305,3.0088329315185547,1.8218715190887451,0.01468260133536012,-0.09185883285064388,1.1170564352030947
e2d6bf7892c0f4a5f40a4cb4,pcb2,calibration,37.63274765014648,4.457828521728516,1.7783222198486328,2.5602075310156716,1.5367896125175997,0.5576400557807092
03efdb387d15b2540b78a6c8,pcb2,calibration,33.85560989379883,4.074235916137695,1.7718398571014404,0.814421107405688,1.1056375062094512,0.4743702911366717
c28952936858d8021e2a30ae,pcb2,calibration,30.843196868896484,2.6959896087646484,1.7110508680343628,-0.577910891167136,-0.44348984863113794,-0.30650005043082357
d812d1d4d044523552242967,pcb2,calibration,32.75682830810547,3.9373207092285156,1.7642687559127808,0.3065661922407773,0.9517469489251493,0.3771150404414003
df1bd4a9f21d2103dde46aa8,pcb2,calibration,30.94524383544922,2.353046417236328,1.7399460077285767,-0.5307449628186258,-0.8289526474870617,0.06467502500535002
5a1e62c98423c0df9fb89397,pcb2,calibration,32.08091735839844,2.947307586669922,1.8181244134902954,-0.005838659180071455,-0.16101236093277652,1.068922658454115
915bb3e13b69356fa5369c3a,pcb2,calibration,34.786521911621094,4.27223014831543,1.802925705909729,1.24468700373375,1.328179935328522,0.8736863144720596
3cf7fca23cf64dd70b103bf3,pcb2,calibration,31.113229751586918,2.8071346282958984,1.771376371383667,-0.4531021680177132,-0.31856458005681193,0.46841654431008706
ae430b8e7a0eba15321942fc,pcb2,calibration,30.7336483001709,2.5312576293945312,1.5954999923706055,-0.62854404683789,-0.6286460243408925,-1.790819055117951
5a548c0e35a7ac996549caba,pcb2,calibration,32.59696960449219,3.3546009063720703,1.6404715776443481,0.23267978076559256,0.29677897840846795,-1.2131325745155292
d5cf8bec5a2fb9fc2073fa18,pcb2,calibration,30.921449661254883,2.416259765625,1.7756381034851074,-0.541742588255949,-0.7579018297514372,0.523161001370375
9ef91a08b079d99c0a809097,pcb2,calibration,34.637351989746094,3.951345443725586,1.8141560554504395,1.1757409283668425,0.9675105317750089,1.0179467638784525
28932281ac5c5c99dfb74b40,pcb2,calibration,29.48136329650879,2.1771621704101562,1.6172248125076294,-1.207347971637732,-1.026643797890564,-1.5117509544431555
3d068c846fc576d31c9a781b,pcb2,calibration,39.5223388671875,4.2425384521484375,1.746625304222107,3.4335732660458707,1.2948069318981175,0.15047451952529228
92bd23f1db439af2bca21b16,pcb2,calibration,31.91632652282715,2.4605979919433594,1.6618109941482544,-0.08191225371818198,-0.7080663548530506,-0.9390152103351647
ac853e317e00d01d458004c1,pcb2,calibration,30.190887451171875,2.376840591430664,1.777144193649292,-0.8794071560419778,-0.8022083667782355,0.5425076159298067
929bb99c754c8d818db66c4a,pcb2,calibration,34.58966445922852,2.934171676635742,1.6107279062271118,1.1536998356867694,-0.1757769189481421,-1.5952075393322658
9427b9dc1b27680827a90b48,pcb2,calibration,30.727123260498047,2.457582473754883,1.7273309230804443,-0.6315599086912834,-0.7114557502679326,-0.09737316183355503
429924fa95abe8da4b5c1557,pcb2,calibration,34.39571762084961,4.052433013916016,1.848825216293335,1.0640579483145198,1.0811313841427104,1.4632925392355243
2da405946147656b13b2812c,pcb2,calibration,30.464662551879883,2.4133262634277344,1.7910234928131104,-0.7528687863107508,-0.7611990404712908,0.7207953822686936
fa2b970abd44417cbb75f4c5,pcb2,calibration,30.027332305908203,2.2419662475585938,1.7551321983337402,-0.955002056342616,-0.9538050258374117,0.2597505810715639
a956a3ea4974ec8981363b67,pcb2,calibration,31.881696701049805,3.5744190216064453,1.6616878509521484,-0.09791809639874628,0.5438511117255658,-0.9405970571643473
86f7d8afc2f9d631b8214049,pcb2,calibration,33.704715728759766,4.059194564819336,1.6370502710342407,0.7446780898828415,1.0887312619072627,-1.25708127151218
ac232d0fb8082d89d617f01d,pcb2,calibration,32.41788864135742,3.447111129760742,1.9320452213287354,0.1499088747687771,0.4007590267402904,2.5323024825582388
74458433ac132007e71576b5,pcb2,calibration,30.868385314941406,2.498729705810547,1.7182351350784302,-0.566268835734247,-0.6652069031551867,-0.21421391199179374
f7ce19c51906e685624ecc5a,pcb2,calibration,31.20103073120117,2.5954627990722656,1.651064157485962,-0.41252070976069866,-0.5564804149444591,-1.0770646522496268
2d03eefb506238b3665b107e,pcb2,calibration,33.47321701049805,3.2853775024414062,1.6839957237243652,0.6376797897162051,0.2189729519743656,-0.6540393022383105
d1828c6ee7ecb4b53512a135,pcb2,calibration,39.47657775878906,6.1421051025390625,1.7095932960510254,3.4124225622789566,3.4298902219609735,-0.32522342040218416
fdb2c4f6e0a7d7d0631b61fe,pcb2,calibration,37.79603958129883,5.381095886230469,1.7782074213027954,2.635680774217287,2.5745277312633283,0.5561654008954209
c87d9a9d980868be22f9d239,pcb2,calibration,33.13726043701172,3.1701507568359375,1.6951720714569092,0.48240125269983397,0.08945988694978806,-0.5104725378402619
294d37c7c0cb28ef2e94593a,pcb2,calibration,33.05097961425781,3.791248321533203,1.8101409673690796,0.4425224082683509,0.7875638632494186,0.9663705944169824
4932e43999803647fa3e6361,pcb2,calibration,29.605255126953125,2.038715362548828,1.6873704195022583,-1.150085385643237,-1.1822558507587688,-0.6106893488139835
12171fbf0316dcad8b38685f,pcb2,calibration,30.76321220397949,2.5153369903564453,1.8194730281829834,-0.6148796625269891,-0.6465405743269903,1.086246407900913
dee5c4990a9ef8ec34b8a04a,pcb2,calibration,30.883447647094727,2.470714569091797,1.7816206216812134,-0.5593070523211375,-0.696695479912801,0.6000099685751458
7c1dbfb695777196375f23de,pcb2,calibration,31.39675712585449,3.0352001190185547,1.5535204410552979,-0.32205631461025436,-0.06222252531406572,-2.33007109858034
3fef67ff3aefb8c18636f433,pcb2,calibration,32.544490814208984,2.833211898803711,1.5373800992965698,0.2084241762539685,-0.28925413469800865,-2.5374032877741217
93dbe9a9d8617cd323cf166e,pcb2,calibration,30.429595947265625,2.1357288360595703,1.6830174922943115,-0.7690765092498439,-1.0732142195208512,-0.6666052606896874
2fcc5727f31fddec11eb0a75,pcb2,calibration,37.38963317871094,4.798000335693359,1.7021504640579224,2.447840450174626,1.9191374262136096,-0.42083097778845213
76b92cd253ceaf95874bab97,pcb2,calibration,31.054765701293945,2.1995391845703125,1.5854487419128418,-0.48012414917241064,-1.0014923829586244,-1.9199332828520836
62edfe41b1195d42a1afbcac,pcb2,calibration,29.24395751953125,2.052274703979492,1.878517508506775,-1.317076503947005,-1.1670153624574426,1.844707507940569
9cdf8bb1a9e36dd1fc7ef565,pcb2,calibration,28.88121223449707,2.1175708770751953,1.9226398468017578,-1.4847367362954165,-1.0936234822341198,2.411484911281523
8f6b8a5c888238c0ddf9b091,pcb2,calibration,30.13322639465332,2.3084335327148438,1.7627445459365845,-0.9060579948873259,-0.8790968339222875,0.35753566623236976
778176291667a659dfb3ba6e,pcb2,calibration,31.869604110717773,2.506816864013672,1.652229905128479,-0.1035072703684961,-0.6561170634593612,-1.0620899376875972
e2f150b6cd2a979e22bf9d51,pcb2,calibration,30.884424209594727,2.650724411010742,1.785210132598877,-0.558855686852287,-0.4943672249663573,0.6461193488980082
f97e461ffeb29c4fce17af91,pcb2,calibration,30.42158317565918,2.6489391326904297,1.6848762035369873,-0.7727799981846891,-0.49637384995581313,-0.6427290208439809
d1418d6687c262039510d3c3,pcb2,calibration,33.090816497802734,3.5366077423095703,1.7407792806625366,0.46093494573399674,0.5013518234873477,0.075378906259935
d1193e14e0119c884ae7715f,pcb2,calibration,34.28594207763672,3.349832534790039,1.7284642457962036,1.0133198854351855,0.291419403116118,-0.08281496453922894
7db514cd3a826e7690871651,pcb2,calibration,30.64805030822754,2.236835479736328,1.6647775173187256,-0.6681072880704503,-0.9595719288519802,-0.9009084742807516
296796e58ab595ea02589263,pcb2,calibration,32.02248001098633,2.619142532348633,1.7674148082733154,-0.03284829831022837,-0.5298647640426494,0.4175279346030244
2d3c3782802e3b89af007147,pcb2,calibration,32.76136016845703,3.5921688079833984,1.8924140930175781,0.30866081011966146,0.5638015947938091,2.0232173147346657
7ea8416ba18f513d5c1c18ec,pcb2,calibration,32.07575988769531,2.217998504638672,1.8094356060028076,-0.008222433062437936,-0.9807443950868794,0.9573098125309482
ea3e43b9f2a428bc27c0d796,pcb2,calibration,36.07863235473633,3.536294937133789,1.7210841178894043,1.8418981765601499,0.5010002353481696,-0.1776170510328057
50983cdd979099617af45d84,pcb2,calibration,32.36894607543945,3.392791748046875,1.8135381937026978,0.12728770693537325,0.339704888839957,1.010009966089824
f7baaa108e1681c2deb891c3,pcb2,calibration,32.11741256713867,2.8140411376953125,1.7172048091888428,0.011029362071851723,-0.3108017712033723,-0.2274490544357677
3bfe60e64bd8e2a8347bc396,pcb2,calibration,33.64110565185547,3.103517532348633,1.6049249172210693,0.7152776242848672,0.014565181814490163,-1.6697503484298255
ba34b0e5a82437c978dd2c4d,pcb2,evaluation,32.44910430908203,2.936849594116211,1.6897283792495728,0.16433670145472748,-0.17276698146395839,-0.5803999680964311
8826e957d650cd38a0a2066a,pcb2,evaluation,30.95927619934082,2.803377151489258,1.7452436685562134,-0.5242592289234445,-0.32278792538718365,0.13272659624336955
a8c40bc88da010daad3fad02,pcb2,evaluation,36.571563720703125,4.762868881225586,1.721087098121643,2.0697301864015065,1.8796502192896922,-0.1775787681957006
e462bc80c56e663f56044b30,pcb2,evaluation,34.431976318359375,4.501552581787109,1.8377856016159058,1.080816654491956,1.5859347741183316,1.3214821914038575
ed9e628ab67b6094d5e19bc4,pcb2,evaluation,34.844783782958984,4.744203567504883,1.6821269989013672,1.2716155381312229,1.8586706977653178,-0.6780441724166902
52e6d8cc25705fa13e93c93a,pcb2,evaluation,36.75495529174805,3.757373809814453,1.6331403255462646,2.1544934477881696,0.7494894403725647,-1.3073068224805824
1e89f8f09b48e7ae7efe5a72,pcb2,evaluation,31.28476333618164,3.083423614501953,1.686744213104248,-0.3738196470994956,-0.008020068467472432,-0.6187333385465064
3806d1e3ed87a3939aaa8b78,pcb2,evaluation,28.745140075683597,2.0159454345703125,1.7555770874023438,-1.5476290486260018,-1.2078488946947983,0.2654654429946127
0043f160068eb5a09420a18c,pcb2,evaluation,31.831787109375,3.5943374633789062,1.6651368141174316,-0.12098622183509382,0.5662391296367698,-0.8962930954393612
4811889971e6c4b4e68adab6,pcb2,evaluation,36.537696838378906,5.393470764160156,1.7873942852020264,2.0540769729934816,2.5884369010620345,0.6741760745555913
dc8b8c825979219c2b976912,pcb2,evaluation,32.75761032104492,3.0213680267333984,1.6887694597244263,0.3069276372451302,-0.0777695813221144,-0.5927178537633669
2034cdea012f878d4583fdec,pcb2,evaluation,32.43439102172852,2.8056087493896484,1.7342493534088135,0.15753624593380802,-0.3202796441503639,-0.00850185246429983
0c9fd90f15cae099872a5c55,pcb2,evaluation,32.80963516235352,3.5674209594726562,1.7349162101745605,0.3309734273395966,0.535985399026513,6.431516633656212e-05
89db9e94b579861c70f3ff6d,pcb2,evaluation,34.56996536254883,4.304964065551758,1.8492807149887085,1.144594947869798,1.3649723477954456,1.4691436880586672
6eac6232db1cf69389032b5f,pcb2,evaluation,31.057043075561523,2.1772804260253906,1.7910776138305664,-0.4790715507938805,-1.0265108804233138,0.7214905985905221
6340d38f026ae0dc5592b0d0,pcb2,evaluation,32.71029281616211,2.9651126861572266,1.8074119091033936,0.2850575697622354,-0.1409997067911419,0.9313142348231034
533d6a6d4804f7c7554f5024,pcb2,evaluation,30.894248962402344,2.3784847259521484,1.6523984670639038,-0.5543147033951606,-0.8003603852174332,-1.059924660420933
2c48acb2ed19a2050e991dfe,pcb2,evaluation,30.04583168029785,2.2790374755859375,1.638850450515747,-0.9464516780567165,-0.9121375436845665,-1.2339569065872174
4514a0f38695bbc7232e8d7c,pcb2,evaluation,33.499305725097656,4.052206039428711,2.0369179248809814,0.6497379476906905,1.0808762683587947,3.8794540818978054
c05f5d705b556b4622e08caf,pcb2,evaluation,34.125770568847656,3.3721351623535156,1.671600103378296,0.9392888959582595,0.3164872086734971,-0.8132683409527963
1ce29bfeaf2d32681988d2e8,pcb2,evaluation,33.42670822143555,4.0538482666015625,1.6964964866638184,0.616183509262202,1.0827221060894798,-0.493459645030757
995c387397a32e7b9c20e5d8,pcb2,evaluation,34.81062316894531,4.413087844848633,1.8143337965011597,1.2558265624532703,1.4865017894645387,1.0202299522834006
b8f0e0febd4a9334f5037dee,pcb2,evaluation,30.3921012878418,2.7281532287597656,1.647046446800232,-0.7864064748487921,-0.4073384413691792,-1.1286745106077496
c7d15b9d68a41bfb50c7f1c2,pcb2,evaluation,33.674495697021484,3.4771690368652344,1.6734544038772583,0.730710444397555,0.43454364555314745,-0.7894487597060053
a1dec8717366c386fe7f6c02,pcb2,evaluation,31.526979446411133,2.5432090759277344,1.6051101684570312,-0.2618677872268617,-0.6152127848281466,-1.6673706872753726
b75e572b5fcccacf1c7a4778,pcb2,evaluation,31.27577209472656,2.6433963775634766,1.8410234451293945,-0.3779753830763743,-0.5026038202756407,1.3630741969483184
4e37ab90cf82b7479ed93cb2,pcb2,evaluation,33.71453857421875,4.640844345092773,1.7845516204833984,0.7492181917667865,1.7424965437283406,0.637660373211266
b3d28df22c7be6b7b38d571a,pcb2,evaluation,31.7657527923584,2.4049739837646484,1.7283886671066284,-0.151507166946562,-0.770586872553371,-0.08378581728821419
7df8bef9af6f3c502deffc53,pcb2,evaluation,35.97315979003906,4.926992416381836,1.7254136800765991,1.7931489427779377,2.064122513192143,-0.12200127660000572
330518a2822d4706b2b13b9b,pcb2,evaluation,38.74699020385742,5.727291107177734,1.6743383407592773,3.0752084783885967,2.9636457604686344,-0.7780940702206336
b37f12e30f91df2ea6589046,pcb2,evaluation,35.34846115112305,4.8387451171875,1.7730374336242676,1.5044143312762974,1.9649339251716813,0.48975386639898366
3f05b5758b90f9952024f33c,pcb2,evaluation,35.85797119140625,4.66143798828125,1.6627938747406006,1.739908975209936,1.7656434775009415,-0.9263895306579039
04304d7b1002f4e8647efce6,pcb2,evaluation,31.9794979095459,2.640472412109375,1.6559257507324219,-0.05271454995191797,-0.5058903118449096,-1.014614625736825
565dc63184ca13923263ec1b,pcb2,evaluation,43.7327766418457,6.004352569580078,1.7616413831710815,5.379630195555533,3.2750585232553346,0.3433648912495473
1b3b155ce025d33f33447719,pcb2,evaluation,32.50469970703125,2.8502197265625,1.8387333154678345,0.19003279654467503,-0.2701376015452549,1.3336561336032782
29fe32a6caa180e3f7411e00,pcb2,evaluation,32.28629684448242,3.280109405517578,1.7408368587493896,0.08908737784117784,0.21305169319137737,0.07611853067280547
855890624a7eb1719341b2c9,pcb2,evaluation,35.9193115234375,4.840663909912109,1.7142736911773682,1.7682603687221052,1.9670906182693229,-0.2651009903853722
258d26e58bb9ac580dfa9a5e,pcb2,evaluation,32.682212829589844,3.835092544555664,1.815783977508545,0.272079049386422,0.8368440861475177,1.0388583808187406
de1261a4aa6d2857e59cf93e,pcb2,evaluation,31.03448867797852,2.5682010650634766,1.8282207250595093,-0.48949615366332544,-0.5871221788058821,1.1986157226852765
893858cfd24e0e489f100f4d,pcb2,evaluation,31.20891761779785,3.141918182373047,1.6977680921554565,-0.40887540465582073,0.0577269135588426,-0.47712512409475444
ea13e3141c57996d05ca6617,pcb2,evaluation,33.3779182434082,3.176542282104492,1.7265647649765015,0.593632867283306,0.0966438616716539,-0.10721491359653323
be1e18d23a50e340985eff2a,pcb2,evaluation,30.721778869628903,2.8972415924072266,1.5988197326660156,-0.6340300767454237,-0.21728575767233382,-1.748175037209842
0f3fcb53b32e04766a5fcbcd,pcb2,evaluation,32.95660400390625,3.1557369232177734,1.7007423639297485,0.3989021672552246,0.07325896275607269,-0.4389188526638681
45e729ee5732726e00ba4128,pcb2,evaluation,29.79326057434082,2.2185134887695312,1.8054533004760742,-1.0631895987308917,-0.9801655609553056,0.906154754277634
41fc3e456450643e87a5bfb4,pcb2,evaluation,32.48484802246094,3.21832275390625,1.7335456609725952,0.18085738287319933,0.14360446038322397,-0.017541195961555213
521ae23eef80d9dd5c535c03,pcb2,evaluation,32.57716751098633,3.134571075439453,1.7799291610717773,0.22352728799683189,0.04946887994838983,0.5782821615477772
98fcc6c0f5f9d6ab1253ae5b,pcb2,evaluation,32.35224914550781,3.2361583709716797,1.7871309518814087,0.11957041530584804,0.16365141580672962,0.6707934030689849
7b2a661d4bc03810c26ed1e1,pcb2,evaluation,31.714513778686523,3.0050811767578125,1.6948171854019165,-0.17518974889030947,-0.0960757466906648,-0.5150312580827368
31319c2edc009de416c2dbc5,pcb2,evaluation,33.66130447387695,3.404560089111328,1.572994589805603,0.7246134842753483,0.3529323206614766,-2.0799141964873136
fc8325e935edbc2b2277f0f3,pcb2,evaluation,33.41992950439453,3.5358104705810547,1.7169734239578247,0.6130503981756892,0.5004557024984668,-0.2304213339086074
22079e0a617255e9a819daa1,pcb2,evaluation,30.750762939453125,2.6690750122070312,1.7358098030090332,-0.6206336906816494,-0.47374143541127783,0.011543041043928694
62e922cf0c48b441aba9c0b8,pcb2,evaluation,31.828536987304688,3.224517822265625,1.7216718196868896,-0.12248842253611175,0.150567620603045,-0.17006767555568067
058b8f36da98efd54556c35e,pcb2,evaluation,33.638790130615234,3.490060806274414,1.6921601295471191,0.7142073944427101,0.4490337933135447,-0.5491627043321566
e0d4d13b2e9fd335e2d592bf,pcb2,evaluation,33.80983352661133,3.916646957397461,1.8581557273864746,0.7932633510533228,0.9285099742876369,1.5831484456441605
09e2e2bca87650ec39207400,pcb2,evaluation,32.79509353637695,3.915386199951172,1.7059428691864014,0.32425231340499194,0.9270929025803396,-0.37211530191547476
05ec8ecb9391c17d882a581c,pcb2,evaluation,31.79568290710449,3.348573684692383,1.7718596458435059,-0.1376735205848422,0.29000447523893763,0.4746244891750495
7866d19f82a8dbd2db3f6299,pcb2,evaluation,33.37911605834961,3.526113510131836,1.670095682144165,0.5941864952411929,0.48955647018394405,-0.832593517123449
2d16634cf6ebccfe00de24eb,pcb2,evaluation,30.956193923950195,2.4843292236328125,1.633967638015747,-0.5256838511845038,-0.6813928205380835,-1.2966795069002075
63eff4ec2ea81e620e204ecf,pcb2,evaluation,31.61234474182129,2.5379676818847656,1.5609041452407837,-0.22241209792242597,-0.6211040299894975,-2.2352230726822375
143fedb0342ac0b13a1b6316,pcb2,evaluation,30.992992401123047,3.1282958984375,1.737081527709961,-0.5086756597967461,0.042415678863657325,0.02787909329341547
6a223f31caa79bb46374aa93,pcb2,evaluation,32.01755905151367,3.3078060150146484,1.6864149570465088,-0.035122757118107625,0.2441822503194627,-0.6229628263898774
224b4293ccfd7e0d2470c220,pcb2,evaluation,39.96327972412109,5.676639556884766,1.6614688634872437,3.6373753541100258,2.9067142078831765,-0.9434100800348297
67b7085715b2aefa16a4946d,pcb2,evaluation,33.706905364990234,3.814207077026367,1.6004849672317505,0.7456901358950295,0.813369146367025,-1.7267841191489983
da446c52dfb32c983fa5f6e2,pcb2,evaluation,33.986351013183594,3.0930919647216797,1.7310317754745483,0.8748494226944058,0.0028470063952962814,-0.04983353471644621
87ce66b9c70bf5719b7cb314,pcb2,evaluation,33.38352584838867,3.396524429321289,1.541671872138977,0.5962246924364708,0.3439003643788085,-2.4822729397158145
447aee10c687a4a89f8451c5,pcb2,evaluation,35.87689208984375,4.894664764404297,1.774265170097351,1.7486541811689136,2.0277867365401274,0.5055248639727992
b6ecc79ae9e795bdd453f1e4,pcb2,evaluation,38.09578704833984,4.223976135253906,1.6778428554534912,2.774223525958934,1.2739431772000576,-0.7330765164120085
bfaef7c70aa976a1630e9543,pcb2,evaluation,30.77331924438477,2.8674163818359375,1.750237226486206,-0.6102082062390198,-0.2508088292109241,0.19687178678318504
5aae4b6756f58f6d4f3cb4ba,pcb2,evaluation,29.90203666687012,2.7104015350341797,1.725523829460144,-1.0129134801985822,-0.4272910682675395,-0.12058634294060135
b63757ca9f693879eefc2a56,pcb2,evaluation,29.93290328979492,2.388120651245117,1.666384220123291,-0.9986469814048218,-0.7895297554666525,-0.8802694311406519
0ae1380158a04dc16067fdea,pcb2,evaluation,31.476768493652344,2.3942317962646484,1.6594489812850952,-0.28507520122586233,-0.7826609237719768,-0.9693566557111799
cb55367a4fb82042d97b9768,pcb2,evaluation,31.121990203857425,2.728891372680664,1.7128692865371704,-0.44905310239577934,-0.4065087791139234,-0.28314139454277787
b700fef6748f2ca922501100,pcb2,evaluation,32.65810775756836,2.8573074340820312,1.830219030380249,0.260937727520539,-0.262171128830706,1.2242851306209859
9726685f5a482d2ada538a01,pcb2,evaluation,34.77523422241211,4.516639709472656,1.8520427942276,1.2394698536465292,1.6028924703433267,1.5046242214876706
6a855131c4603895fa33332b,pcb2,evaluation,31.53846740722656,3.337383270263672,1.7908343076705933,-0.25655807195560104,0.27742662394285084,0.7183651877692621
91529aaa2b5f2e3163358f18,pcb2,evaluation,31.22359848022461,2.7376441955566406,1.7078807353973389,-0.40208993587898095,-0.3966707427072859,-0.3472222699162568
90d39ebe20fb5e776e3acbaa,pcb2,evaluation,30.415069580078125,2.6378040313720703,1.6238996982574463,-0.7757905705989945,-0.5088895301785087,-1.4260081185221287
81fcedac4fe97bbc8303ac91,pcb2,evaluation,31.456844329833984,2.69390869140625,1.7375329732894897,-0.2942841146782293,-0.44582876728871945,0.03367817745809549
185f26a76325221337c2c1ee,pcb2,evaluation,40.95919418334961,5.099460601806641,1.7324224710464478,4.097685264458449,2.257974063856206,-0.03196923160972398
ecb97538b9b8bb6b843f2f6e,pcb2,evaluation,33.78983688354492,3.0703372955322266,1.7412668466567993,0.7840209378200645,-0.022728886899797573,0.08164197841032879
b02694d4f2e93e3b97a88c33,pcb2,evaluation,32.04828643798828,3.6362380981445312,1.7165157794952393,-0.020920613166582468,0.6133347896457071,-0.236300046374466
d44d841a48fb30c8d123e666,pcb2,evaluation,33.49794006347656,3.575702667236328,1.6752556562423706,0.649106741292845,0.5452939093942664,-0.766310612959685
5228cf9dae763723ea82b6ba,pcb2,evaluation,31.091310501098636,2.328584671020508,1.8732975721359253,-0.46323320701777077,-0.8564472687368168,1.7776543530942506
db24cc88cba37b8399b70b31,pcb2,evaluation,34.87379837036133,3.4933528900146484,1.7626063823699951,1.285026029365897,0.4527340440953831,0.3557608739041775
c693c3f3c082a56311af0ccb,pcb2,evaluation,36.48992919921875,4.375917434692383,1.66171395778656,2.031998854239789,1.4447228281456126,-0.9402616995113066
af5b1e7c35833b942280ea47,pcb2,evaluation,39.14352035522461,5.485370635986328,1.7133523225784302,3.258484016498235,2.6917309237564364,-0.27693651230478383
007dd0e22dd86be207fc7d90,pcb2,evaluation,31.98870277404785,3.2242794036865234,1.6510525941848755,-0.048460077778729856,0.15029964183842748,-1.0772131896575945
a9efc77de43acab4f98d6ac5,pcb2,evaluation,32.818748474121094,2.3909873962402344,1.6699098348617554,0.3351855840000767,-0.7863075788008917,-0.8349808348453228
6fdf24774d86dd530faa8812,pcb2,evaluation,29.751073837280277,2.4077816009521484,1.6274691820144653,-1.0826882343559572,-0.7674311546212353,-1.3801559988646126
d7f429c88b3074401445b7dd,pcb2,evaluation,30.48579788208008,2.573312759399414,1.7744150161743164,-0.7431000738882259,-0.5813767140924829,0.5074497250224435
cc9cd68b128089ea5db831bd,pcb2,evaluation,30.96769523620605,3.3548965454101562,1.8320757150650024,-0.5203679649009736,0.29711127207659366,1.248135338137461
b17c61128d2f2cdff9bdeb32,pcb2,evaluation,35.21025848388672,4.116106033325195,1.8536357879638672,1.4405373017021441,1.1526988649365175,1.5250871635770868
ec677796fb77e7aabe8a688b,pcb2,evaluation,30.741655349731445,2.7285614013671875,1.6425799131393433,-0.6248432026225889,-0.406879661724154,-1.1860497642338996
a3677c4e5e6e0329a34190bd,pcb2,evaluation,31.40313148498535,2.55047607421875,1.6460312604904175,-0.3191100970381859,-0.6070447920826052,-1.1417151762392295
230daa2a70435f314b40c5c8,pcb2,evaluation,30.00938034057617,2.312652587890625,1.7396060228347778,-0.9632994231254702,-0.8743546817036164,0.06030771894840061
72f94a321d1b0f8df2f10901,pcb2,evaluation,34.23146057128906,3.509866714477539,1.9023504257202148,0.9881386290831454,0.47129532524784934,2.150855356270026
557aef73bba69df9a5eecf08,pcb2,evaluation,32.9301872253418,2.683927536010742,1.6447200775146484,0.38669237869354717,-0.4570474302906663,-1.1585580932519879
572283945470c54ea7963474,pcb2,evaluation,29.8214168548584,2.3257617950439453,1.730695128440857,-1.0501758154278242,-0.859620137309888,-0.05415796399583791
b6856620e4338e04753b122a,pcb2,evaluation,33.063438415527344,3.7950077056884766,1.6042289733886719,0.4482808442889196,0.7917893524099072,-1.6786901565506076
3fbf4037cb36554dd6bc46a0,pcb2,evaluation,31.44949722290039,2.6646461486816406,1.8375917673110962,-0.2976799345727839,-0.47871940894281245,1.318992275678542
785ab307e32681ec6061b1ad,pcb2,evaluation,43.64426803588867,6.030139923095703,1.6685869693756104,5.3387216736482355,3.3040431064363633,-0.8519738205795331
628387340d1a6acdb1c9cfb8,pcb2,evaluation,53.19305419921875,9.143692016601562,1.760062336921692,9.752153833458026,6.803627101668938,0.32308111283778296
483f148fc75c8678fab89bb4,pcb2,evaluation,58.04360580444336,9.934635162353516,1.6385366916656494,11.994070248920988,7.692634862221839,-1.237987323677642
235b228ca68afd7f5ba618d2,pcb2,evaluation,48.0283088684082,7.955589294433594,1.7014378309249878,7.36501763097788,5.468218171186095,-0.4299851697970228
75a5838a6d051b79a9684558,pcb2,evaluation,59.74069213867188,8.844181060791016,1.7199727296829224,12.778460565904041,6.466981458405854,-0.19189348664603828
e6cc72556acfea6bdc4af38a,pcb2,evaluation,42.32144927978516,5.0174102783203125,1.7268321514129639,4.727317172602127,2.1657507798856823,-0.10378017745146398
f3f49db511a77f3f8bae01fa,pcb2,evaluation,47.35046005249024,6.550743103027344,1.6570056676864624,7.051717101204784,3.8891929615346603,-1.0007424568834222
9cc4e91c8188d17a460ae54d,pcb2,evaluation,58.49969100952149,8.407928466796875,1.6695295572280884,12.204872028045056,5.97664034639911,-0.8398657248599332
34b654a1dca527cd5f37709f,pcb2,evaluation,56.80537033081055,7.6400146484375,1.74732506275177,11.421759992174959,5.1135171906781425,0.15946332967756893
49bb6414f376f55f9dfed75a,pcb2,evaluation,48.198341369628906,8.127025604248047,1.7000055313110352,7.443606353802378,5.660909909756893,-0.44838390130973216
8fac390667fd5e96d54f7365,pcb2,evaluation,35.8004264831543,3.8548812866210938,1.8278249502182007,1.7133119123286502,0.8590863236107699,1.1935317619177197
a15cc8af2dae04ebbcd5c355,pcb2,evaluation,59.12179565429688,6.561557769775391,1.6020352840423584,12.492407700020062,3.90134847829771,-1.7068693872869272
2c6d7c05b7b6a314e07d03bc,pcb2,evaluation,40.403568267822266,6.162225723266602,1.6724309921264648,3.8408759441461657,3.452505485864573,-0.8025950859678954
45835dece90eca01ae528c98,pcb2,evaluation,69.92440795898438,10.06521224975586,1.7848293781280518,17.48535609576022,7.839401472027549,0.6412283336294611
be1b9150631085938abac877,pcb2,evaluation,47.69718551635742,6.149257659912109,1.7209651470184326,7.211973000403046,3.437929584899498,-0.17914530189004116
1da24f7dc6e05ac42a2e436a,pcb2,evaluation,46.66500854492188,6.4993133544921875,1.7206199169158936,6.73490262073083,3.831386726261491,-0.18357998574029552
b0dbfa0887ba168b245c9f5b,pcb2,evaluation,47.507137298583984,7.747104644775391,1.7114715576171875,7.124133048613476,5.233884676423854,-0.3010960451450681
320c443c643128d0f13cbd13,pcb2,evaluation,40.41236877441406,5.484172821044922,1.624927282333374,3.844943522804908,2.690384598442998,-1.4128081962882915
64922825f529b3488defd830,pcb2,evaluation,57.05739974975586,8.021175384521484,1.6024214029312134,11.53824754606563,5.541935913587192,-1.7019094629115907
44e8a317d17ba03d731c70e9,pcb2,evaluation,48.720645904541016,6.105884552001953,1.6109164953231812,7.685014590636502,3.3891788880402833,-1.5927850014002554
d8de5fa5354169f39de7d6d0,pcb2,evaluation,43.888648986816406,7.266658782958984,1.644918441772461,5.4516741190817,4.69387102060761,-1.1560099876142726
58896642a6f3987d7f1143f5,pcb2,evaluation,55.77623748779297,9.802360534667969,1.7044998407363892,10.946096603300171,7.543960243612052,-0.39065185164176247
e26b913937c2f4a11d007da4,pcb2,evaluation,40.52531814575195,6.357828140258789,1.75730562210083,3.8971485234580063,3.672359552017001,0.28766948851556867
2727cab027a82fb59ff47289,pcb2,evaluation,42.90541076660156,5.732448577880859,1.8789464235305786,4.997223144096521,2.96944267710484,1.8502171738567346
6fdb7f891ca8919f0898fcd1,pcb2,evaluation,45.18576049804688,7.503204345703125,1.7470368146896362,6.051196776789599,4.959744544050272,0.155760613672764
73fc18451c00b691448763c1,pcb2,evaluation,44.132625579833984,5.8506622314453125,1.7946038246154785,5.564439671000718,3.1023129800925457,0.7667868514532723
faf71a290ac9d8c0d6bf4424,pcb2,evaluation,57.99021530151367,12.009090423583984,1.6758321523666382,11.969393252428679,10.024290223367155,-0.7589051809500751
b19543d0edfdd53b19e85ff8,pcb2,evaluation,47.39406967163086,8.316394805908203,1.7688236236572266,7.071873390423135,5.873757939087161,0.4356249973593456
592c6eaa6aadd46ac503d739,pcb2,evaluation,54.71076202392578,8.152889251708984,1.5800203084945679,10.45363571902797,5.689980246142599,-1.9896647049822749
017154c854febdf67bcc4cd3,pcb2,evaluation,42.37947082519531,5.661434173583984,1.8750957250595093,4.754134628778747,2.8896235941909314,1.8007526856899816
fc0211f53eb8a3eb1fa5941b,pcb2,evaluation,45.56271362304688,8.196063995361328,1.8255083560943604,6.225423847765875,5.738507984669652,1.1637737469791862
467b73b06b77bb4318220828,pcb2,evaluation,44.39041519165039,8.279998779296875,1.7485047578811646,5.683589575899063,5.832849372795713,0.17461720791725033
cc08af32cf19a56d899bcf9a,pcb2,evaluation,45.05093002319336,7.960651397705078,1.6567026376724243,5.988878368600067,5.473907896316454,-1.0046350557602683
c7ae6b358d344ed02f059979,pcb2,evaluation,38.483280181884766,5.820545196533203,1.659197211265564,2.953322170335346,3.0684619025460638,-0.9725907897898185
d5d38247b3750584b90e5c29,pcb2,evaluation,56.7168083190918,10.331829071044922,1.6774275302886963,11.380826786218583,8.139074621093886,-0.7384116125909748
2ea061e8a06eade2f04c6203,pcb2,evaluation,40.93476867675781,7.721904754638672,1.897071123123169,4.0863958382981,5.205560392918843,2.0830396073085735
ea80968873d9da594441c2d7,pcb2,evaluation,35.50501251220703,4.770702362060547,1.7887016534805298,1.576772094855024,1.8884549295799646,0.6909699895368551
ba63aa941366b93f0ebaeca2,pcb2,evaluation,50.22865676879883,10.207748413085938,1.6856818199157715,8.38201455815247,7.999609896666473,-0.6323804043177311
05a260a03941e14c4b7fa404,pcb2,evaluation,39.92415237426758,5.058917999267578,1.7531169652938843,3.6192907618678447,2.21240481089053,0.23386372662109767
40288d3216a8b6e9f3ff6f84,pcb2,evaluation,46.21229934692383,8.181915283203125,1.6369682550430298,6.525661226137748,5.722605052862192,-1.2581348151893121
23604140fec2eef8bd39e1b5,pcb2,evaluation,55.45047378540039,7.704257965087891,1.4693833589553833,10.795529193364928,5.185725676676914,-3.410861436537035
bd71e15273755fea66216dfa,pcb2,evaluation,57.22011947631836,8.02248764038086,1.5785514116287231,11.613456317312838,5.543410868707647,-2.0085335497346346
feb3e41656025da3bc354582,pcb2,evaluation,56.85517883300781,9.235771179199219,1.7069149017333984,11.444781394232695,6.907122644394332,-0.3596289717652765
55f1898177a830b5e12abe3d,pcb2,evaluation,51.3792839050293,8.382614135742188,1.6687548160552979,8.913832395532797,5.9481874330870825,-0.849817731193774
0396aae0e8543b910447f326,pcb2,evaluation,59.448486328125,10.664375305175781,1.669813871383667,12.64340355452144,8.51285140198237,-0.8362135422001069
d0055a1c157529b0573e9797,pcb2,evaluation,34.73089599609375,3.8539466857910156,1.5626822710037231,1.2189768034729007,0.8580358468534693,-2.2123820007518527
11474c54f7e82004a4d08d3d,pcb2,evaluation,57.487300872802734,7.377155303955078,1.6648499965667725,11.736947088556144,4.818067386942177,-0.8999774356823557
e96e226b798c2f75f8be448b,pcb2,evaluation,55.07023620605469,7.7166290283203125,1.4094257354736328,10.619784053370369,5.199630558815387,-4.181052397865693
843bca24abf251865e56ed56,pcb2,evaluation,48.45820999145508,7.019931793212891,1.6955870389938354,7.563717173468393,4.4165537320007235,-0.5051420356017482
c838acdc59364f0ae0139747,pcb2,evaluation,45.36435317993164,7.573402404785156,1.722489833831787,6.133742000051986,5.038646067674131,-0.15955980242707377
9a426de3fe539d30129fb6e1,pcb2,evaluation,36.98846054077149,4.938720703125,1.775244951248169,2.262419162941588,2.077304924581207,0.5181107294994707
50b92309c855312aa506352e,pcb2,evaluation,34.03789520263672,4.21156120300293,1.6801743507385254,0.898673056347169,1.2599889869688954,-0.7031270872879495
b883a7338b6052eac5107f56,pcb2,evaluation,56.8471565246582,9.737247467041016,1.8115041255950928,11.441073497431942,7.470774171079955,0.9838811641088535
e4861796e2e4468e0112e833,pcb2,evaluation,32.557369232177734,3.1522693634033203,1.8469622135162354,0.21437655837443392,0.06936147960347583,1.4393611721043864
cd68690ce790f663ed5457f7,pcb2,evaluation,47.41993713378906,7.118564605712891,1.770485520362854,7.083829285908584,4.527415475007924,0.4569730386426316
2fa5078aab210427dc187c96,pcb2,evaluation,33.73716354370117,3.536701202392578,1.6717716455459595,0.7596754128439429,0.5014568711630778,-0.8110647808490269
d343c2a2cbca687849a3010d,pcb2,evaluation,32.65945816040039,3.0718116760253906,1.7088685035705566,0.2615618813329338,-0.021071706219402974,-0.3345338063861436
a3f3d4706393e7fb6290639a,pcb2,evaluation,32.44352340698242,3.379579544067383,1.8950220346450806,0.1617572183261016,0.3248545776199138,2.0567178598285936
f19f9dd394dcf709d33a91a1,pcb2,evaluation,33.776973724365234,3.3944320678710938,1.7078797817230225,0.77807560828505,0.34154858274052535,-0.34723452042413044
2a6f82efe4a992edee519e90,pcb2,evaluation,37.08423614501953,3.9671363830566406,1.8931949138641357,2.306686478669821,0.985259301313155,2.033247418056201
9dcd7b88aa145c9956d55e28,pcb2,evaluation,39.33102416992188,6.256137847900391,1.8311859369277954,3.345147949663889,3.5580612493323462,1.2367056142913633
f645c03fd2cdd71d8649824d,pcb2,evaluation,61.07977294921875,11.382308959960938,1.5786491632461548,13.397381359894327,9.319797633319043,-2.0072778726775877
d5ba7127f32231a9ea444738,pcb2,evaluation,42.77015686035156,6.958011627197266,1.6931867599487305,4.934709026660733,4.346956431084385,-0.535975032606193
1396120765feff59f1681771,pcb2,evaluation,41.64863967895508,5.8103485107421875,1.641302466392517,4.416345759174147,3.0570009867409027,-1.2024593195306283
14865019f5e6980bbff89391,pcb2,evaluation,52.02228164672852,8.586692810058594,1.724698543548584,9.211024820136299,6.177568680279192,-0.13118762619174468
8b68baa11ed86b3af31e169e,pcb2,evaluation,46.6867790222168,8.225486755371094,1.811801552772522,6.744964897022739,5.7715787080535685,0.9877017912519421
6027ce71478d7b3c6f712726,pcb2,evaluation,43.577884674072266,6.898532867431641,1.6866466999053955,5.308039400644581,4.280103232717729,-0.6199859529765851
96643ba666ef12f988aa091b,pcb2,evaluation,41.58306884765625,5.070228576660156,1.6911870241165161,4.386039036345747,2.225117723483984,-0.5616628163037127
844ad8281954962a34a5bf8c,pcb2,evaluation,51.35416412353516,10.409038543701172,1.7066656351089478,8.90222207673444,8.225856864227616,-0.36283094826074674
3a12002344b707eeebd29c0b,pcb2,evaluation,43.75941848754883,6.7777252197265625,1.6445446014404297,5.39194400975261,4.144317320770985,-1.160812186700736
96557f21d6aa5ae880a4458f,pcb2,evaluation,43.082801818847656,7.391483306884766,1.7790992259979248,5.079212976254662,4.83417183878063,0.5676211570707499
42ee2d6c129abdc1c0309610,pcb2,evaluation,45.16994094848633,6.437522888183594,1.7346560955047607,6.043885008823491,3.7619352057931037,-0.00327701085619626
580fe2e2970cd28c647aca81,pcb2,evaluation,36.72570037841797,5.353126525878906,1.9045467376708984,2.1409718783326457,2.5430906064285206,2.179068275902998
ade09ecec40f2c9d7e7a559e,pcb2,evaluation,37.02721405029297,4.798765182495117,1.572741985321045,2.280330966840225,1.9199971020905024,-2.0831590497603414
3756ebdbf929ed787cce6dfc,pcb2,evaluation,46.18137741088867,8.753425598144531,1.666641354560852,6.511369161721726,6.364973733781617,-0.8769663879552242
c75d1316fd33a72b0af4c5e4,pcb2,evaluation,50.05531311035156,7.9810791015625,1.6501493453979492,8.301895424285151,5.4968683168688806,-1.0888159519274072
f5b0f44066263eac6e77f054,pcb2,evaluation,41.32718276977539,7.363372802734375,1.7862496376037598,4.267768941482388,4.802576070517169,0.6594724024802658
6074e88848b9c71cf3e3e076,pcb2,evaluation,33.941158294677734,3.585908889770508,1.674134373664856,0.8539614277355332,0.5567655443500121,-0.7807141475921064
6f83b8bb8a22fbd61cb75ad4,pcb2,evaluation,47.76232147216797,8.64288330078125,1.693847417831421,7.242078724546099,6.240725915524243,-0.5274884932767352
aadfd2dcc350943f2416b2dd,pcb2,evaluation,48.02669906616211,8.984760284423828,1.6521908044815063,7.364273583212822,6.624990313344798,-1.062592208510416
d9b148f21cbbcaf360fd45b1,pcb2,evaluation,43.37052536010742,8.159950256347656,1.7383499145507812,5.212198290661091,5.697916705235511,0.04417226876534454
d9fc0603ee4f26815a3e863a,pcb2,evaluation,46.48270034790039,6.6271820068359375,1.7827622890472412,6.6506400929111695,3.975109097301147,0.6146753578133661
e12cc7f03dd0bec2c8be0d63,pcb2,evaluation,46.15248489379883,6.853290557861328,1.7145955562591553,6.498015091170657,4.229251582343912,-0.26096644397802177
27be79a2c4dff4ebb32b823e,pcb2,evaluation,35.01982498168945,3.860933303833008,1.8064037561416626,1.3525192721299422,0.8658886965718204,0.9183639166871914
5554622b54ec46458487fccd,pcb2,evaluation,40.6689567565918,5.256309509277344,1.7623053789138794,3.963538036599003,2.4342697896926473,0.3518943073565628
11f01d17018e97dc327c1871,pcb2,evaluation,45.72804260253906,6.790592193603516,1.7067307233810425,6.301838611125165,4.158779598739862,-0.36199485109837143
52d274d86324a2d347948688,pcb2,evaluation,57.522274017333984,9.610057830810547,1.6407133340835571,11.75311161440935,7.3278150035619305,-1.2100270707695637
734f3cec9eec135b130266c0,pcb2,evaluation,60.436798095703125,10.479045867919922,1.9904264211654663,13.100199514169004,8.304544004839782,3.2822433543717846
0034b5c2e42b8d83e6fcf6d9,pcb2,evaluation,49.42097091674805,8.561187744140625,1.6345449686050415,8.008703578778613,6.1489013839554705,-1.2892633556962083
0cfdad5173e59da7138f0989,pcb2,evaluation,66.6634292602539,13.271324157714844,1.6881988048553467,15.978137480194054,11.443021255174987,-0.6000482514122508
d2289d206bd04eca591264a1,pcb2,evaluation,52.70773315429688,8.730361938476562,1.6812183856964111,9.527839300610253,6.3390505400075785,-0.6897158437932921
d04fb07abcc9f87fd3b69169,pcb2,evaluation,63.17817687988281,13.09903335571289,1.7354012727737427,14.367259963672199,11.2493690807118,0.006295229733562067
1ac6ad7feff9327f8055eead,pcb2,evaluation,43.78215408325195,5.5096588134765625,1.7096257209777832,5.402452362074285,2.71903045646555,-0.3248069031344807
117bc18a710b4e277abb6a6f,pcb2,evaluation,58.461036682128906,11.4635009765625,1.7754675149917603,12.187006065951843,9.411056193736943,0.5209696917744794
f05ab3c24065985287fcdc4d,pcb2,evaluation,46.35415649414063,6.188785552978516,1.8134454488754272,6.591227349927369,3.482358320242962,1.0088186041991134
76c30b6fb52eb38e507d2dc5,pcb2,evaluation,49.85868453979492,7.068065643310547,1.768298864364624,8.21101404501993,4.470655428831821,0.42888415540188024
eeb0f9de2bffec5cced2a0ff,pcb2,evaluation,49.08884048461914,8.379478454589844,1.6476006507873535,7.855193477564026,5.9446629763748335,-1.1215554342196858
372ae5bdec2320a7643a9f3a,pcb2,evaluation,44.41606903076172,6.503028869628906,1.7881301641464233,5.6954467351882005,3.8355629073292903,0.6836288726935817
b11dc48e6859c0e3757254f8,pcb2,evaluation,47.22478103637695,6.703453063964844,1.6397318840026855,6.993628481139362,4.060836576017342,-1.2226343746850141
044cd9bc7b24ef53e8aae994,pcb2,evaluation,51.52302551269531,7.679161071777344,1.6505699157714844,8.980269513625586,5.157517159998219,-1.083413477955136
943e78e137e7b0dabebf84ab,pcb3,calibration,31.795026779174805,2.597105026245117,1.82499098777771,-0.8938940273455219,-0.6564005186757055,0.9881436587096781
93d4cde025c9b6d7563cb751,pcb3,calibration,32.6567268371582,2.6874313354492188,1.7012219429016113,-0.453820199302617,-0.501789521814537,-0.3690457022831695
3e5f8931ce690d0567529eb3,pcb3,calibration,34.513423919677734,3.6335887908935547,1.7593467235565186,0.4944027757922801,1.117742469062301,0.2683215327460225
4e6d3f5a25e3c6a86cdb754b,pcb3,calibration,32.74807357788086,2.550844192504883,1.9042110443115234,-0.40716903629452944,-0.7355849078445883,1.8568311242433675
168a3230b835f3681c7b312b,pcb3,calibration,35.15624237060547,2.849905014038086,1.925626516342163,0.8226928505294323,-0.22368430937234418,2.091662465389451
6d06c8b2e967e47195f3f1a2,pcb3,calibration,30.62157821655273,2.5200538635253906,1.7704859972000122,-1.4931791221766164,-0.7882885276332118,0.39046922883006263
2eea259b2d4c53ba5ec306db,pcb3,calibration,34.89502716064453,3.2007389068603516,1.7048019170761108,0.6892891489449587,0.37683594192418274,-0.32978949838239785
1518c0861544d38ef8ffee22,pcb3,calibration,32.202728271484375,3.2923030853271484,1.6750297546386719,-0.68567916794379,0.5335657921114255,-0.6562561213921554
9e5488513ab7fffed707afc0,pcb3,calibration,34.77798843383789,3.751523971557617,1.6708788871765137,0.6295169810567462,1.3196114041282845,-0.7017724551747424
b7e7a245d915c1cbdbaf76b9,pcb3,calibration,34.344905853271484,3.2511062622070312,1.744058609008789,0.40833989359712114,0.46304943927648284,0.10067972509864592
a47668f1d6655cb4c8bb8e48,pcb3,calibration,33.703800201416016,2.811647415161133,1.6868860721588135,0.08092455251864387,-0.2891696098567777,-0.5262456812615253
093638d6cb3f3f3e540ecc4f,pcb3,calibration,33.39972305297852,2.893167495727539,1.7070292234420776,-0.0743689205332475,-0.14963218126446096,-0.30536597223668116
d9073d112c00e2b0228667e9,pcb3,calibration,31.441823959350582,2.1951847076416016,1.7687848806381226,-1.0742761864918877,-1.344365095835981,0.3718156365532816
1c4b2f28076091629cfa0602,pcb3,calibration,32.13196563720703,2.7507362365722656,1.6507905721664429,-0.7218179415928347,-0.3934309056475039,-0.9220508570904541
7910bd415645bb993aef128f,pcb3,calibration,30.485366821289062,1.9814815521240234,1.7792373895645142,-1.5627428521327569,-1.7101594939253668,0.4864326146901223
c33278aa63a0e2a149016e14,pcb3,calibration,33.00519943237305,2.9586334228515625,1.7035844326019287,-0.2758537856724157,-0.03757454996885759,-0.3431398233945047
e27f709f5abc4bb43479a469,pcb3,calibration,33.73206329345703,2.960031509399414,1.7662138938903809,0.09535863197771516,-0.035181453685325347,0.343623483460546
2fc4278c8f63d13465c3149e,pcb3,calibration,35.99444961547852,2.986021041870117,1.6395498514175415,1.250768800539045,0.00930467177089618,-1.0453109713263893
e5e640d7722512a777c0b230,pcb3,calibration,31.096649169921875,2.3487396240234375,1.6423654556274414,-1.2505583968973109,-1.081526074692283,-1.014436465651176
c152fe1fa36b6850ec845502,pcb3,calibration,31.19462203979492,2.596588134765625,1.6446619033813477,-1.2005232419847296,-0.6572852786932187,-0.9892547696722054
1725fd60afdb8a35f9008848,pcb3,calibration,37.767860412597656,4.890117645263672,1.6973178386688232,2.1564571209126666,3.2685353052890727,-0.41185615407466075
84bd10d90c5b8b30fb19ab12,pcb3,calibration,39.00410842895508,4.217445373535156,1.7858630418777466,2.787814159743619,2.11712624840169,0.5590861997457278
d287b7262cec762ae6c7cc4f,pcb3,calibration,34.815650939941406,3.7715072631835938,1.9224337339401245,0.6487513806382567,1.3538166834769438,2.056652012554901
789f846e590f985548a61d1b,pcb3,calibration,31.87319564819336,2.5294036865234375,1.597510576248169,-0.8539728586000017,-0.7722844921872704,-1.506292609027799
31d8332cda3e1b4da0906e35,pcb3,calibration,34.505184173583984,3.4128570556640625,1.673761010169983,0.49019470295767437,0.7399172936130021,-0.6701685378323642
8ce8c08e520f1414911c6870,pcb3,calibration,34.2301139831543,2.975149154663086,1.8802964687347412,0.3497152048290859,-0.00930467177089618,1.594595865193259
6d26b71a9fbabbcfab982660,pcb3,calibration,34.08197021484375,3.4526805877685547,1.7320125102996826,0.27405756199023673,0.8080829925268762,-0.03141176050532928
bf29c42078fcf112de269058,pcb3,calibration,32.53852844238281,3.3742332458496094,1.7081642150878906,-0.5141846144786628,0.6738051520829502,-0.2929202222670082
c90840806a55391b3ad853b2,pcb3,calibration,31.94611930847168,2.5865707397460938,1.7231719493865967,-0.8167304399228069,-0.6744319931285685,-0.1283529240124129
36d1bc231ff620c59206465c,pcb3,calibration,36.17633056640625,3.758577346801758,1.6451917886734009,1.3436561638173594,1.3316846238506614,-0.9834443129328717
1621ba8240391d551eebc9cd,pcb3,calibration,32.66563415527344,2.907583236694336,1.557510256767273,-0.4492711946411335,-0.12495684468746682,-1.9449160797844252
ec86db93f6863dbd040ff9b3,pcb3,calibration,34.33103561401367,4.189445495605469,1.6142182350158691,0.4012563043255348,2.069199026788793,-1.3230847903900995
8da2a9c6251b199375ca8847,pcb3,calibration,35.79900360107422,3.697978973388672,1.6451746225357056,1.1509537025385665,1.2279587547864008,-0.9836325482018176
f5b3ae4227e5ba972695e51a,pcb3,calibration,32.32588577270508,2.732545852661133,1.7384494543075562,-0.6227821163395092,-0.4245672757103238,0.03917254378124023
9f05ba2132c2a26518a68fcb,pcb3,calibration,34.14493560791016,2.830657958984375,1.734247088432312,0.3062142519013526,-0.25662937703554184,-0.0069084958081841565
b3a51be5b57e3efd3bbf1d87,pcb3,calibration,32.84880065917969,3.0100021362304688,1.800209879875183,-0.3557272940733421,0.05035296586755501,0.7164064401459102
fe00a822b06643a619b012a2,pcb3,calibration,32.21997833251953,3.0124568939208984,1.793688416481018,-0.6768694895372681,0.054554759751464975,0.6448953385976561
d243ec7433b4e35e51034935,pcb3,calibration,32.4734992980957,2.1605873107910156,1.821644902229309,-0.5473952707802944,-1.4035852506613444,0.9514521603482929
ee9760f5b7dc55b5e9f3f922,pcb3,calibration,34.263755798339844,3.299022674560547,1.6515944004058838,0.3668962207218581,0.5450676723390983,-0.9132364791841938
e6b9c43b4bb7b2b328c004da,pcb3,calibration,30.88035011291504,2.4719104766845703,1.7630411386489868,-1.3610232310785135,-0.870695271552226,0.30883263843976616
a116345ea08c6cca0b754d82,pcb3,calibration,31.582609176635746,2.762493133544922,1.626328945159912,-1.002376586476162,-0.37330669624546736,-1.1902848081488422
69e3fd46c1acc899ce940c7d,pcb3,calibration,36.22471237182617,3.161052703857422,1.6138094663619995,1.368364954447593,0.3089053084024154,-1.3275671427318712
f6bb59049f148851ad929770,pcb3,calibration,43.322853088378906,4.791843414306641,1.6338390111923218,4.9934151423643165,3.10031989885972,-1.1079331851744252
73a1b8dcf35c02ae62779d94,pcb3,calibration,32.581512451171875,3.199747085571289,1.6412256956100464,-0.49223250119146955,0.37513824742563323,-1.0269345031955561
f09a73d450d0ebcaf5313f32,pcb3,calibration,33.37507629394531,3.014036178588867,1.6729726791381836,-0.08695612358157878,0.057258011760693756,-0.6788129811208262
40d02a6e61695a63b944af29,pcb3,calibration,37.84290313720703,4.301971435546875,1.7061374187469482,2.194781754617465,2.261808997243457,-0.31514505589628866
03cbf5cf1a692f2373ab2a8d,pcb3,calibration,40.15103149414063,3.7664146423339844,1.5475364923477173,3.37355257195646,1.345099675186315,-2.0542833854206664
b23cede9085e54318355d611,pcb3,calibration,34.0672721862793,3.3487796783447266,1.7921431064605713,0.266551217253322,0.6302364346153679,0.6279502428244317
2bfaa0e7466b482f776d9d31,pcb3,calibration,35.03216552734375,3.4004459381103516,1.7297618389129639,0.7593262870949942,0.7186732588013454,-0.056091495767111095
272f7b06c106ec4aeab508f5,pcb3,calibration,32.665550231933594,2.9866561889648438,1.7583527565002441,-0.4493140546422267,0.010391849209390366,0.257422187798314
8a6811b3ecc271d759c78019,pcb3,calibration,39.05781936645508,5.294477462768555,1.831445574760437,2.815244560443271,3.9606755579563573,1.0589214270226641
404a3241b72012378380fa64,pcb3,calibration,35.44831848144531,3.2217063903808594,1.7226334810256958,0.9718573434249989,0.4127258565829412,-0.1342574983862195
b9e45c261f1ce3d27a6c9e66,pcb3,calibration,32.81197738647461,2.938547134399414,1.6974817514419556,-0.3745330936439204,-0.07195612836159714,-0.41005876869410196
eac2d75712f961160ead8151,pcb3,calibration,35.075008392333984,3.2500057220458984,1.7831846475601196,0.7812063176530761,0.46116565134251547,0.5297162690327134
7f6d90b003833d8dea084120,pcb3,calibration,32.69675827026367,2.533985137939453,1.833152413368225,-0.4333759787811574,-0.7644424495228168,1.0776377643890938
cc5dac093c2ab51aba7f90b8,pcb3,calibration,33.45888137817383,2.567777633666992,1.6320337057113647,-0.04415651612627617,-0.7066000390789685,-1.1277292609585579
6f4365a386bb556c20cb1700,pcb3,calibration,33.77783203125,2.7219924926757812,1.8700038194656372,0.11873291802845577,-0.4426313981343128,1.481731827998476
8bf5550fa5c3ce1edd2f9b5b,pcb3,calibration,33.20529556274414,2.8229331970214844,1.689088225364685,-0.17366385397500375,-0.26985180534155223,-0.5020979720723889
7360b75ad1a4d71da420fe09,pcb3,calibration,40.50040435791016,4.263572692871094,1.736166000366211,3.5519787565074794,2.1960821017726913,0.01413333144334666
347b101fa9a9458488a65fb1,pcb3,calibration,30.86676597595215,2.2748870849609375,1.7983697652816772,-1.3679607067100095,-1.2079390188919674,0.6962286650664152
6f60f45be83b03b33ff8f44f,pcb3,calibration,34.627593994140625,3.566438674926758,1.7480219602584839,0.5527099109158521,1.0028020219162763,0.14413985000587368
8f3614488b51988dd4e462b9,pcb3,calibration,33.191951751708984,2.488626480102539,1.6619150638580322,-0.1804785941488236,-0.8420825896574421,-0.8000652524880062
ca403679144af52109d5f27f,pcb3,calibration,31.416481018066406,2.5477561950683594,1.838232159614563,-1.0872189327311004,-0.7408706143698799,1.1333397177246365
c71f9767d83bfbbc135ecdae,pcb3,calibration,34.700408935546875,3.338634490966797,1.8571624755859375,0.5898968064098125,0.6128709787734743,1.3409200821227134
8ad964c5fc802723266cab68,pcb3,calibration,35.01362228393555,2.892667770385742,1.6025829315185547,0.7498561750352634,-0.15048755810796088,-1.4506717014330524
9deb66332e39fd160dbe328a,pcb3,calibration,35.286888122558594,3.3746681213378906,1.775821566581726,0.8894141831403479,0.6745495258246219,0.44897641054864473
69bc193e1e9573b60025b5dc,pcb3,calibration,31.68471908569336,2.3241939544677734,1.7750157117843628,-0.9502286283278725,-1.1235407487342701,0.4401398104231339
5abbc24af0582b0a57d4b1ad,pcb3,calibration,39.874473571777344,4.501918792724609,1.7379299402236938,3.2323132828993972,2.6040576785568064,0.03347581251689462
21a2e2ae4ed5897da45480e0,pcb3,calibration,33.631805419921875,2.888723373413086,1.5117037296295166,0.04415651612627617,-0.15723915853680767,-2.4472075158832305
57bedf196e96086dabc93186,pcb3,calibration,32.35422897338867,2.7134761810302734,1.746832013130188,-0.6083071250612125,-0.45720871724205014,0.13109148573770069
c43d3798d59b385f2232ea54,pcb3,calibration,37.2265625,3.5371437072753906,1.653809905052185,1.8800140102252192,0.9526580030639273,-0.8889423647858773
5e61114039561def564afb66,pcb3,calibration,30.998327255249023,2.4082813262939453,1.9030897617340088,-1.3007718104508044,-0.9796089032284002,1.8445357010509777
0fbcacf75c2c461640afa107,pcb3,calibration,33.66432571411133,2.8519668579101562,1.8066914081573486,0.06076476654989376,-0.22015506369362883,0.7874796332559916
e0be703688f2ce882b0764db,pcb3,calibration,37.645774841308594,4.931432723999023,1.837182641029358,2.094107508413258,3.339254075544996,1.1218312225315896
c72ca95f37844ed0c4b725ee,pcb3,calibration,30.53838539123535,2.2210655212402344,1.8168888092041016,-1.5356660464421235,-1.3000650638151774,0.899299226145999
fb53dc979bd745fbddb56b50,pcb3,calibration,32.22929382324219,2.603790283203125,1.6920533180236816,-0.6721120294159222,-0.6449574047960595,-0.4695842509301061
9c663f19fe4e1e60d0346921,pcb3,calibration,33.74848937988281,3.5559005737304688,1.7094372510910034,0.10374750310077643,0.984764017869188,-0.27896074700956286
9c3ef593248f3b3700a2e21e,pcb3,calibration,32.34639358520508,2.6029319763183594,1.8290629386901855,-0.6123086906178238,-0.6464265634967273,1.0327946331308615
0f7bf017462b45e7a68ca6e5,pcb3,calibration,35.58745574951172,3.746854782104492,1.7668418884277344,1.0429153288737998,1.3116191807966515,0.35050975704947956
cfae38c0d6d2deac117f131f,pcb3,calibration,34.58961486816406,3.5177669525146484,1.7710685729980469,0.5333138122393082,0.9194909291970731,0.3968574632699105
fd165653a988e711fd1f34d5,pcb3,calibration,31.849315643310547,2.5133228302001953,1.760783314704895,-0.8661684770928869,-0.7998099966435601,0.2840744718159236
3d27aa8fc7e84c699d7cd4ca,pcb3,calibration,32.48276901245117,3.0275497436523438,1.555928111076355,-0.5426611888413629,0.0803890993034304,-1.9622650970722624
00ef6542a72fc9f71ed246e8,pcb3,calibration,36.05223083496094,2.9334945678710938,1.6521327495574951,1.280277911291714,-0.08060457591286169,-0.9073332119997549
3619a9c2118f7294856a2082,pcb3,calibration,38.892822265625,5.40690803527832,1.667279839515686,2.730979850112159,4.153122288555391,-0.7412378093743427
803359a2a7251fbf3c33abcc,pcb3,calibration,32.38304901123047,2.857738494873047,1.7448586225509644,-0.5935886110494318,-0.2102757876309159,0.10945227294514051
7a9b95682d3e28e1e07601b4,pcb3,calibration,38.34038543701172,4.116201400756836,1.6865644454956055,2.448848048370522,1.9438275528680269,-0.5297724781755235
39a698b070175e32c8e74726,pcb3,calibration,32.888877868652344,2.2706470489501953,1.7355071306228638,-0.335259695369468,-1.2151966628732664,0.0069084958081841565
2529cdfcc40639faa27a9811,pcb3,calibration,32.20698165893555,2.470867156982422,1.7748903036117554,-0.6835069451611115,-0.8724811155728156,0.43876464720833547
edc4c8f3703128d0cf84e2a1,pcb3,calibration,32.93387222290039,3.200237274169922,1.8416911363601685,-0.3122808902379056,0.3759773002835702,1.171269124417214
bd25738f13117ef7258e660b,pcb3,calibration,33.24779510498047,3.133525848388672,1.8683876991271973,-0.1519591597850303,0.2617877564734422,1.4640102617408501
a677358ea82763fa149c1411,pcb3,evaluation,34.792274475097656,2.938161849975586,1.6617377996444702,0.6368129221519307,-0.07261561737834135,-0.802009043077745
77d504b48ac749d34ae5f78e,pcb3,evaluation,31.82765007019043,2.4859867095947266,1.7152423858642578,-0.8772331760114718,-0.8466010688612738,-0.21530454637169272
abb92f5ed9b2fec447effe1f,pcb3,evaluation,34.49993896484375,3.5546112060546875,1.748165488243103,0.48751595288934896,0.9825570150210737,0.14571370600455932
7876f137dbbbfffcc6723509,pcb3,evaluation,32.805946350097656,3.1174659729003906,1.8589121103286743,-0.3776131691770277,0.234298164785391,1.3601057004721397
056786f0aa55115950c55363,pcb3,evaluation,38.406211853027344,5.505182266235352,1.6722840070724487,2.482465874682539,4.321337694984743,-0.6863646140979085
2980b34e3867b9b914862f14,pcb3,evaluation,33.08294677734375,2.7517871856689453,1.615647315979004,-0.23614789102329545,-0.3916320024384639,-1.307414204250362
30d715d6ea9ac89ebc7d1318,pcb3,evaluation,39.12009811401367,5.96917724609375,1.6881816387176514,2.847050577618166,5.115555094174428,-0.5120391472135886
08081b2d1087d1c1f63bc2dc,pcb3,evaluation,34.41468048095703,3.705831527709961,1.6596007347106934,0.4439740881423867,1.241399924498955,-0.8254430268721287
0153cfb8c2d58810b0f93a89,pcb3,evaluation,34.66020584106445,3.1996402740478516,1.7817133665084839,0.5693649177042985,0.3749554187873279,0.5135829378568176
a16bde197fff924d734091fd,pcb3,evaluation,35.23788833618164,4.04533576965332,1.8135439157485962,0.8643897870475188,1.8225272809466668,0.8626207996782905
8ab966121bacd2464840dd22,pcb3,evaluation,33.308258056640625,2.697420120239258,1.6089823246002197,-0.12108047717924278,-0.48469177933587615,-1.3804991617973017
bd114adc58fac621d702f7df,pcb3,evaluation,31.04891395568848,2.3577346801757812,1.6270248889923096,-1.2749369707009384,-1.0661292915092844,-1.1826534366203314
32979cfd91f7a33c6b03b5c8,pcb3,evaluation,33.74786758422852,3.1191577911376953,1.8467495441436768,0.10342994945631676,0.2371940398242629,1.226737090855942
20fc74090c6cda7fa43395f3,pcb3,evaluation,34.21977996826172,3.339162826538086,1.8049201965332031,0.3444375801490179,0.6137753275736632,0.7680574136310152
3e9539255c363ca5e382d607,pcb3,evaluation,33.625675201416016,2.9386463165283203,1.6112160682678223,0.041025787864604216,-0.07178635891174218,-1.3560050474257304
73e73467f7c4ec0ef2864e33,pcb3,evaluation,36.91561508178711,4.338108062744141,1.5734280347824097,1.7212118616292849,2.3236638433386845,-1.7703696978969674
e91bfb7b8657a277828b3514,pcb3,evaluation,32.05465316772461,2.803373336791992,1.7994295358657837,-0.7613017435090175,-0.3033322997312155,0.7078495785450826
fb567dd8df44f0de4e2c1491,pcb3,evaluation,36.10623550415039,4.271585464477539,1.79360032081604,1.3078583219951925,2.2097975144427036,0.6439293256549412
b3d3d7fd39292641381fee2e,pcb3,evaluation,34.98918151855469,2.6955928802490234,1.6511119604110718,0.7373741738078009,-0.48781945496974227,-0.9185266745551912
7462910baed1e7cd9439bb84,pcb3,evaluation,35.600189208984375,2.770254135131836,1.66169273853302,1.0494183599487599,-0.36002223679431766,-0.8025031606587277
ab2961892bc385dfccec7a58,pcb3,evaluation,33.26533508300781,2.9641799926757812,1.6768289804458618,-0.14300141955655013,-0.028080519965430893,-0.6365267122657744
98e51d0425cc0eaec7e070fe,pcb3,evaluation,35.15245819091797,3.848766326904297,1.660390853881836,0.8207602541165023,1.486060555319723,-0.8167789757431514
00825985d63dafd101884c28,pcb3,evaluation,33.18121719360352,3.8410263061523438,1.78709077835083,-0.1859607779250147,1.472812008636812,0.5725489430434552
d429ab3cad048b887e5471a0,pcb3,evaluation,36.77886962890625,4.617948532104492,1.650278925895691,1.6513753862116403,2.8026650813073073,-0.9276613138565329
7dc7330688ef283dc165e81e,pcb3,evaluation,34.675045013427734,2.5167160034179688,1.6252050399780273,0.5769433451703246,-0.7940019225802534,-1.2026089895073209
5ab4e77da9c98f1e3da1ffc8,pcb3,evaluation,37.750370025634766,5.388383865356445,1.9904981851577759,2.1475247070484684,4.121414578997867,2.8030126970611784
ddbae263d9ad18e5490824e3,pcb3,evaluation,30.63977813720703,2.609405517578125,1.924963355064392,-1.4838843464849922,-0.6353458420965794,2.084390570937052
626d37ddb1ff82a0c2afbb6d,pcb3,evaluation,32.621150970458984,3.266874313354492,1.7186839580535889,-0.4719889434024009,0.490039517006307,-0.1775659893267965
76efefcee7bc7fd8c486ca1e,pcb3,evaluation,30.82012176513672,2.4590415954589844,1.7517366409301758,-1.3917821004994269,-0.8927228576709055,0.18487317789212276
c744cc8fb211642739d25c50,pcb3,evaluation,35.41778564453125,3.0230464935302734,1.6222689151763916,0.9562640957545431,0.07268091332059325,-1.2348050636332577
e62eb09a27e5eebd8bc72015,pcb3,evaluation,33.88169860839844,2.6442317962646484,1.6964060068130493,0.17177801392690265,-0.5757339116177045,-0.42185484554803837
650618991b0f82f5a3f8bddd,pcb3,evaluation,37.116188049316406,3.672880172729492,1.667649269104004,1.8236453160601809,1.1849972895817613,-0.7371868295239051
8ebf92cb1e8cafbdd898e5f8,pcb3,evaluation,32.605003356933594,2.774932861328125,1.5351201295852661,-0.4802355972491074,-0.3520136894771218,-2.190435001200653
f3fbe0f219a7366dc4b7ec81,pcb3,evaluation,37.27503204345703,3.6462974548339844,1.5156217813491821,1.904767609038414,1.1394958122235226,-2.404244122935721
3b28e2f9a6c5bdd055c3352d,pcb3,evaluation,35.841732025146484,4.182828903198242,1.6632083654403687,1.1727752876406123,2.0578734456052006,-0.7858835550380554
6e897da71c3dee1fd2084990,pcb3,evaluation,34.145851135253906,2.3283424377441406,1.714150071144104,0.3066818155496385,-1.1164398150143757,-0.2272823225477365
6538009068567c2eeb2cff4f,pcb3,evaluation,31.8095645904541,2.8390235900878906,1.6664806604385376,-0.8864695062470578,-0.24230997689969952,-0.7500012068952635
819e3482a2214213cb5628bf,pcb3,evaluation,32.74605178833008,3.6447811126708984,1.7704501152038574,-0.40820157268450213,1.1369002985190095,0.39007576483039125
058aa8dfb17e82e7a4658a4c,pcb3,evaluation,34.123985290527344,3.6399173736572266,1.7382131814956665,0.2955148370829903,1.1285750658818918,0.03658169445450021
3fc30739de9a174fc45f397b,pcb3,evaluation,31.95079040527344,2.524961471557617,1.7408775091171265,-0.8143448912255946,-0.7798882046625045,0.06579737682212856
07719a9f44a630b6e3e80f30,pcb3,evaluation,39.72615051269531,3.6336708068847656,1.7918329238891602,3.156564075512758,1.1178828553381428,0.6245489360897306
e47b8a6cd8fe57e21effa05d,pcb3,evaluation,32.2847785949707,2.6310958862304688,1.7668919563293457,-0.643775724147709,-0.5982185693321473,0.35105877658390483
b98d92f06c767a228d778397,pcb3,evaluation,37.92176818847656,3.9397239685058594,1.665755033493042,2.235058466553872,1.6417522000251605,-0.7579580685763263
64dceb09ff87fa1424e035bd,pcb3,evaluation,35.500038146972656,4.441610336303711,1.6405463218688965,0.9982707931896213,2.5008280586536604,-1.0343841754019594
c8832e9abcff5f1e39cb0882,pcb3,evaluation,35.063072204589844,3.770254135131836,1.7602816820144653,0.7751104565885014,1.351671711773969,0.2785738189567299
c01e7c00d79b21e51e4f511f,pcb3,evaluation,33.25782012939453,3.8031692504882812,1.7430700063705444,-0.14683933783626,1.4080123155460234,0.08983920367248296
d894fb11bf70dcc7fc116ecd,pcb3,evaluation,29.16630172729492,1.9793262481689453,1.6807597875595093,-2.2363949193152344,-1.7138487146625994,-0.593423450055923
1257ca59dde2218bbaa50c3c,pcb3,evaluation,33.21540832519531,3.5891685485839844,1.7182737588882446,-0.16849922384327234,1.0417086091070726,-0.18206402794098034
a0cd6ddd1e77326e4ea94cac,pcb3,evaluation,36.27568054199219,4.331846237182617,1.6461195945739746,1.3943946123842446,2.312945514418035,-0.9732704580842251
bd6a8f0dad87649b74700383,pcb3,evaluation,31.679668426513672,2.838634490966797,1.914685845375061,-0.9528080211209363,-0.24297599551066892,1.9716925467919642
09b936bb93c833df03447faf,pcb3,evaluation,36.245487213134766,3.3710403442382812,1.7446101903915405,1.3789747529000296,0.668339881716466,0.10672809030289722
7c25ac8e6a7ced4265891840,pcb3,evaluation,30.63505744934082,2.4144344329833984,1.7595794200897217,-1.486295221546485,-0.9690766677431683,0.27087316639173215
d36d19d5a77d3aa36f92d353,pcb3,evaluation,38.433685302734375,4.75819206237793,1.7426493167877197,2.496496680494961,3.0427190834022038,0.08522613239394335
d56ef36b5765423d254484b6,pcb3,evaluation,35.41852569580078,3.2880191802978516,1.8709774017333984,0.9566420430369105,0.5262330577965368,1.4924076435643114
dd8237122737951dbb3b11a1,pcb3,evaluation,40.0210189819336,3.8330345153808594,1.7181357145309448,3.307154637535611,1.4591325087350382,-0.18357775322875275
74cf0eed3dc4ee871bf28999,pcb3,evaluation,30.739946365356445,2.3307266235351562,1.6599186658859253,-1.4327280129074482,-1.1123588186236317,-0.8219567528285284
b4b9fbe926831964c7de70f6,pcb3,evaluation,39.33430862426758,3.5386123657226562,1.8688722848892212,2.9564487822267083,0.9551718968406255,1.4693239865204657
b11e64aff85326eb28f70193,pcb3,evaluation,34.488460540771484,3.197235107421875,1.6862837076187134,0.481653873648919,0.3708385096283454,-0.5328509091364079
8a598b3c690058c1f7a27d54,pcb3,evaluation,32.95109176635742,3.1402454376220703,1.9419159889221191,-0.30348679728632677,0.2732896367011149,2.270284663725332
245d76d36e337b973a9434ac,pcb3,evaluation,34.541263580322266,3.709575653076172,1.7204917669296265,0.5086206070640175,1.2478087212309794,-0.1577424625659426
9c9585d138312ae2e742d9e8,pcb3,evaluation,31.695913314819336,2.6575050354003906,1.727734088897705,-0.9445116886365991,-0.5530141885111548,-0.07832678691133295
627feee810359bfae22e27d0,pcb3,evaluation,34.56260299682617,2.8842220306396484,1.6930360794067383,0.5195187364328993,-0.16494407972253222,-0.45880778178295945
a9db794e409615544b31ab56,pcb3,evaluation,33.46516418457031,3.2626914978027344,1.5860382318496704,-0.04094786058988929,0.48287981693838583,-1.6320925922051346
0f5903a3646440fdc211f908,pcb3,evaluation,33.957523345947266,4.471593856811523,1.8151822090148926,0.21050202491461487,2.552150669263656,0.8805855031583047
756646f18b84f9a66f9adf61,pcb3,evaluation,35.70624923706055,3.5405941009521484,1.7268671989440918,1.1035836604212337,0.9585640210406119,-0.08783266799309553
122afcd920e04ff96c403870,pcb3,evaluation,35.194515228271484,3.9791622161865234,1.727652907371521,0.8422389592098025,1.7092584099222905,-0.07921698287072243
62d37dfe44c3d4d468b2d037,pcb3,evaluation,33.91804504394531,3.6223888397216797,1.9009251594543457,0.1903402907639969,1.0985715804171423,1.8207997565126601
df4ab1814b8f9417ec52e6a1,pcb3,evaluation,37.034156799316406,3.3195228576660156,1.6534085273742676,1.7817516131734392,0.580157711705271,-0.8933436713868529
0ea2a017a831f1fbe8e6fd3c,pcb3,evaluation,31.62044906616211,2.581005096435547,1.8703008890151978,-0.9830515964377973,-0.6839586711031211,1.4849893439027324
6b53ac2b2cf0cb53190cd09d,pcb3,evaluation,31.28475952148437,2.2664356231689453,1.6712496280670166,-1.1544896526287578,-1.2224053348978765,-0.6977070962412603
ff9e6c1199683a65dd28821a,pcb3,evaluation,33.24754333496094,3.1682968139648438,1.7016676664352417,-0.15208773978830994,0.3213050078360518,-0.3641581212374173
d1dd94e5adef3796605964cb,pcb3,evaluation,33.38679504394531,3.398843765258789,1.7485111951828003,-0.08097130888347283,0.7159308292267654,0.14950455517082878
86176e294f06afc599e8103e,pcb3,evaluation,34.049842834472656,2.846586227416992,1.7651034593582153,0.2576499742990101,-0.22936505634825974,0.331447014500615
07cfaa4af4a3a48294ee60f8,pcb3,evaluation,33.710994720458984,3.0148887634277344,1.7101658582687378,0.08459882352145241,0.058717376070023794,-0.2709712055943081
1362c7e36c2b7ed1027b499c,pcb3,evaluation,33.739017486572266,2.8726444244384766,1.6139519214630127,0.09891016752284769,-0.18476139819598478,-1.3260050514374946
5865302646a48d660a3a5df4,pcb3,evaluation,30.89298439025879,2.5789356231689453,1.6267023086547852,-1.354570852732118,-0.6875009759702869,-1.1861906910492712
c7c47caf2cb34889a65933e0,pcb3,evaluation,36.5219955444336,3.7364044189453125,1.7976585626602173,1.5201887155928098,1.2937313574167426,0.6884299732988416
e79a6c9e000ca00c71291f4e,pcb3,evaluation,41.51215744018555,5.148532867431641,1.6813832521438599,4.0686852924141,3.710863077291914,-0.5865868496629613
e2965af600501776c8913d73,pcb3,evaluation,37.18656539916992,4.107152938842773,1.6919797658920288,1.8595873233405704,1.9283393553658756,-0.4703907867699641
903715a78bb06e4f25826b1b,pcb3,evaluation,37.61578750610352,4.831357955932617,1.7051819562911987,2.078792850749912,3.1679567006413536,-0.3256221786782368
2303f3fe2615e901fed4c38a,pcb3,evaluation,34.37488555908203,3.0981197357177734,1.7867071628570557,0.42365065489673526,0.2011833276723384,0.5683424076582637
727e5ef680606d3ca5b33357,pcb3,evaluation,36.89753341674805,4.55964469909668,1.6930365562438965,1.7119774795755667,2.702866763169499,-0.4588025530254887
00b31381bedc1d3eac00940e,pcb3,evaluation,33.720943450927734,2.5872745513916016,1.662810206413269,0.08967968183286527,-0.6732272829940209,-0.7902495675261036
0bea9fcc06208b7fcf1752af,pcb3,evaluation,34.034114837646484,2.9834938049316406,1.8948127031326294,0.24961762045776958,0.004978815596707605,1.7537736216849134
81644969a3d294cfdf20dfad,pcb3,evaluation,32.94912338256836,3.1731739044189453,1.7561208009719849,-0.30449205913014926,0.32965309405295756,0.23294768126725782
97d5d87b9a1c9732d5901804,pcb3,evaluation,31.998231887817383,3.3086280822753906,1.7025560140609741,-0.7901163274257935,0.5615091905981274,-0.3544169460694725
e57bd58b6b3e8258d3f11cb0,pcb3,evaluation,35.85218811035156,2.984813690185547,1.7241953611373901,1.1781152541404523,0.0072380551986234495,-0.11713070329088766
c7db64dbf06445bbba36470d,pcb3,evaluation,34.76448059082031,3.1817760467529297,1.777462124824524,0.6226184690626079,0.34437732903076174,0.4669659506266448
73ee4a30b1f3d101236287dd,pcb3,evaluation,33.7778434753418,2.9195919036865234,1.7558079957962036,0.1187387625740594,-0.10440168206656773,0.2295176163664678
fb95ed02fc4a3d2661758942,pcb3,evaluation,36.04810333251953,2.9111289978027344,1.6762927770614624,1.2781699785106755,-0.11888758685515242,-0.642406450041595
43664e73192f5e6f26ceeaa0,pcb3,evaluation,35.52540588378906,4.347438812255859,1.6054551601409912,1.011226202610977,2.3396352308135,-1.4191762808081916
20090940cea17bc05537f0fa,pcb3,evaluation,34.685096740722656,3.024343490600586,1.7237046957015991,0.5820768043921701,0.07490097535715795,-0.12251109472825493
12358e41084724e2c739056e,pcb3,evaluation,31.83281135559082,2.80511474609375,1.8603625297546387,-0.8745972859442396,-0.3003515399674161,1.3760102735086917
50b6cb3f5abbb04cc838c5af,pcb3,evaluation,39.86870193481445,5.507942199707031,1.7691452503204346,3.2293656837333056,4.326061856406668,0.37576727001177557
08ffdedac93baea4ed5e6dcb,pcb3,evaluation,35.273319244384766,3.9006919860839844,1.6490384340286255,0.8824845002363235,1.5749413919130135,-0.9412639264166018
1a55f10c2d0e3b015462d6fd,pcb3,evaluation,31.18832778930664,3.2222671508789062,1.7746304273605347,-1.2037377420667184,0.41368570693404416,0.435914974386795
c5c1b1b2a3612209143a7504,pcb3,evaluation,33.28715133666992,3.2313003540039062,1.6723984479904175,-0.13185976745418426,0.4291477860592948,-0.6851097123049366
4a7108d565d999afd544524a,pcb3,evaluation,33.23722457885742,3.130727767944336,1.7192051410675049,-0.15735757174090648,0.2569982991092651,-0.17185095741130335
e0014122fe4e6da9c17c7a45,pcb3,evaluation,33.64097213745117,3.339080810546875,1.6275523900985718,0.04883799715477506,0.6136349412978216,-1.1768691236683513
1059ec31e732828121ee3007,pcb3,evaluation,33.87089157104492,3.1131763458251953,1.7385461330413818,0.16625881469521836,0.22695563607916452,0.040232674358428
fcf86319d4f4b8e0e3e06fbe,pcb3,evaluation,34.362815856933594,3.2246017456054688,1.934134602546692,0.417486607466785,0.41768181859986064,2.1849578777500773
7975583be402b6b3e95c4253,pcb3,evaluation,60.75236511230469,12.379287719726562,1.6586027145385742,13.894739920314644,16.087702401545908,-0.8363868162583382
6273ff3d99faff748cb73ccf,pcb3,evaluation,68.85833740234375,8.486221313476562,1.6098344326019287,18.03449391317782,9.423964192593294,-1.3711553721971315
e219ccecbb0fa925b4ee168c,pcb3,evaluation,59.47915649414063,11.90152359008789,1.846724510192871,13.244506947365872,15.269916432000397,1.2264625810887295
5f570b16714e282159e85e06,pcb3,evaluation,49.74714660644531,7.218833923339844,1.61397123336792,8.274328744230608,7.254584866404519,-1.3257932867599305
00def363460ce202d13ff3ac,pcb3,evaluation,63.78440475463867,7.079345703125,1.9029086828231812,15.443215262538033,7.015823723966211,1.8425500804014732
fcee1f61a8facc5ae071042d,pcb3,evaluation,57.8415641784668,6.448436737060547,1.6565121412277222,12.408181694215996,5.935900664656212,-0.859310996199327
195b9a91e8b5e0aff0059c51,pcb3,evaluation,60.698486328125,10.294902801513672,1.791843056678772,13.867223799612805,12.5198733505539,0.6246600471859833
f51a7ad211ef88f4b46e93ce,pcb3,evaluation,55.62320709228516,9.947406768798828,1.6365394592285156,11.275257440773663,11.925066494204414,-1.07832142442839
e29a040a67f4cafdefa3910c,pcb3,evaluation,61.28248977661133,9.369060516357422,1.5529369115829468,14.16547680631109,10.935114713723312,-1.995065092686067
bc0a151a73830b91cf629ae6,pcb3,evaluation,56.326290130615234,7.325328826904297,1.6048349142074585,11.63432489265947,7.436871548389156,-1.425977587088226
8a06f3e847432f46cd2e1394,pcb3,evaluation,61.06465148925781,8.275993347167969,1.5662317276000977,14.054225880746202,9.064118254843057,-1.849280798455653
5df4539192f57bf417e8130d,pcb3,evaluation,68.46226501464844,7.352817535400391,1.707087755203247,17.832218086200296,7.483923804375878,-0.30472414225715067
7bd85e3c167af931c064eb67,pcb3,evaluation,73.01976013183594,12.478923797607422,1.5167592763900757,20.159749927385565,16.25824887311365,-2.391770921989327
c8d0e8e6a1f461b3389d1110,pcb3,evaluation,69.08729553222656,7.389503479003906,1.5768625736236572,18.151423788887556,7.546718912039533,-1.7327082650247643
4773564034a8e983012dbef8,pcb3,evaluation,43.7548828125,6.247966766357422,1.750732421875,5.214054531628409,5.592757428934011,0.17386141465879384
560887d7ff6c9b943234f327,pcb3,evaluation,58.038970947265625,11.895095825195312,1.4783700704574585,12.508998157696556,15.258914065730952,-2.8127277284417693
3d641a43fe8d5bacb4f61ff1,pcb3,evaluation,54.28815078735352,9.37618637084961,1.8125358819961548,10.593438595201064,10.947311995735967,0.8515672063851959
dc5fe9467ee732c258956139,pcb3,evaluation,55.18692779541016,9.654083251953125,1.8152565956115723,11.05244777690876,11.422986405446855,0.8814011893237365
7d5f5d3cf83aca5e99c261d1,pcb3,evaluation,66.67486572265625,11.423515319824219,1.6874784231185913,16.919385782917182,14.451712568424476,-0.5197502572935278
cb0e24bf3e640c774f49f0d4,pcb3,evaluation,57.40583801269531,5.904743194580078,1.825380563735962,12.185654516721934,5.005263718116739,0.9924155535632535
b831d785f037d22df96d4bba,pcb3,evaluation,49.48221206665039,9.779178619384766,1.834621787071228,8.139025565324959,11.637111388873521,1.0937501805351066
b0ff82f2da12cc7c2476600c,pcb3,evaluation,39.61369705200195,5.604164123535156,1.7031550407409668,3.099133622229729,4.490764341142869,-0.3478483194968849
ccd22533cc8468c15cea8173,pcb3,evaluation,42.46160888671875,6.633678436279297,1.6612824201583862,4.553574122054623,6.2529777602314525,-0.8070025064622793
4a749e9a94c97d05b64241aa,pcb3,evaluation,44.66465377807617,7.354366302490234,1.6533786058425903,5.678678373479316,7.486574819631305,-0.8936717759181404
15c3ae0d8743e8989805d796,pcb3,evaluation,49.53628921508789,8.677791595458984,1.6509820222854614,8.166642991483927,9.751873884988127,-0.9199515109659615
b1e4cce03596b43b79ea9b56,pcb3,evaluation,50.20918273925781,7.753868103027344,1.6875324249267578,8.510292532067389,8.17039963405281,-0.5191581005099691
3d87b297c6b243bf9e8a1daa,pcb3,evaluation,49.78947067260742,9.103351593017578,1.645963430404663,8.29594382205466,10.480302357561905,-0.9749828761558847
1eceb5e37343e14cafa05cac,pcb3,evaluation,47.88331604003906,8.218875885009766,1.700927972793579,7.322462669042789,8.966350640509283,-0.37226923126386624
52546fda84f54d6a1fecaf2e,pcb3,evaluation,50.04035186767578,9.03994369506836,1.641405463218689,8.424069898959065,10.371767442350793,-1.024963261629096
5e22de1b20c6b8a851188e87,pcb3,evaluation,52.74521255493164,9.49343490600586,1.7144982814788818,9.80545357873872,11.148005603841415,-0.22346402240474578
7b4b5c2c09678c5e8e11b8dd,pcb3,evaluation,45.61175537109375,6.0395965576171875,1.606001377105713,6.162367123089228,5.236091403571441,-1.413186739125486
8a7cddd693b1921d790d5b13,pcb3,evaluation,48.34946060180664,7.195976257324219,1.7320414781570435,7.56052464875127,7.215459537807178,-0.03109411348898326
ca4bbb42038836cd916fea40,pcb3,evaluation,46.2515983581543,6.706371307373047,1.7185509204864502,6.489137615969439,6.3774057077866795,-0.17902481266112638
1fbb9f1ade34b0442c15b1c1,pcb3,evaluation,43.34114837646485,7.0906829833984375,1.807795763015747,5.002758622602639,7.035229678003476,0.799589435558171
b284edc37259b804e1588c05,pcb3,evaluation,46.44486618041992,6.8793792724609375,1.6625653505325317,6.587840302123358,6.673542394681735,-0.7929345344873165
7197ad0bd1ca57ef77bcdf39,pcb3,evaluation,44.40024948120117,7.310367584228516,1.6064629554748535,5.5436459918533,7.41126247983796,-1.4081253018938324
32c9f568a03a9e26ef015b76,pcb3,evaluation,50.65790557861328,8.680660247802734,1.7677648067474365,8.739457165185295,9.75678413984547,0.36063001713405135
14f02280ec42c1ccc8aac851,pcb3,evaluation,40.33057403564453,5.0596160888671875,1.6417617797851562,3.4652456997497683,3.558664765496953,-1.0210560726091031
6b05141a06e123ce944355e2,pcb3,evaluation,45.4481086730957,8.098922729492188,1.8664450645446777,6.078792069139343,8.761027550098174,1.4427083038051511
e8c4f14bf1512ee978e3215c,pcb3,evaluation,46.27753448486328,8.462261199951172,1.5877829790115356,6.502383304489108,9.382951811264874,-1.612960568619783
ed49ac7324a7e91df5ff4eec,pcb3,evaluation,39.2465705871582,5.456916809082031,1.6766937971115112,2.9116405992656285,4.238722004050524,-0.6380090650087225
4f82198a3d1004d1e280622f,pcb3,evaluation,39.50349426269531,5.389049530029297,1.6330757141113281,3.042852596248745,4.122553993190163,-1.1163031186956747
edec0f96045bd10e9803db12,pcb3,evaluation,38.94387435913086,5.044776916503906,1.7585811614990234,2.7570523680499037,3.5332646439609627,0.2599267626267872
8544063c4f0dfa42a7779aab,pcb3,evaluation,52.9337043762207,7.222190856933594,1.621137261390686,9.901717141194062,7.260330909322686,-1.2472142123006356
f7277cd24c31a03f79526d0e,pcb3,evaluation,53.32862854003906,6.2347259521484375,1.629025936126709,10.103406565429353,5.570093207378376,-1.1607109558944697
d3f9ce53374c295ee2be4662,pcb3,evaluation,36.39320755004883,3.6127262115478516,1.8260079622268677,1.454416147551545,1.0820321182447354,0.9992952912053488
934643e8423388494ab08704,pcb3,evaluation,41.415771484375,5.799217224121094,1.6312099695205688,4.019460581158552,4.824635553065299,-1.1367619394892206
91b0cac38312f1899f1637c5,pcb3,evaluation,55.79964447021485,7.500907897949219,1.6152853965759277,11.365364748526527,7.737409181791991,-1.311382831170636
ce08ed8426b8499dce325f94,pcb3,evaluation,49.82410430908203,6.338966369628906,1.6932486295700073,8.313631365233078,5.748520899175926,-0.45647706314038755
7b930fe92c62d542c51727f6,pcb3,evaluation,36.55180740356445,5.0994873046875,1.7455323934555054,1.535413756890234,3.626912084338642,0.1168405072512629
cf9a7dd1993f876a3309b56e,pcb3,evaluation,52.50836181640625,6.792888641357422,1.690314531326294,9.684492914744352,6.525496904813995,-0.48865091504707375
b838036dacda8010bf828f1f,pcb3,evaluation,45.83729934692383,6.632251739501953,1.6746021509170532,6.277553376027221,6.250535691991232,-0.6609450096540204
46bd2a9a13c68a3032f8a029,pcb3,evaluation,55.38249588012695,8.15578842163086,1.5773450136184692,11.152325216729004,8.858364211213086,-1.7274180696537669
7e9bdf56b2622729636c1045,pcb3,evaluation,57.35677719116211,6.685108184814453,1.9128516912460327,12.160598949719219,6.341009749575468,1.9515801311808532
f73d56126da134c469e66dd7,pcb3,evaluation,58.32209396362305,7.561046600341797,1.5459966659545898,12.653590267748225,7.840348234752116,-2.071168350482978
50ea033230d5fe7c2043a5de,pcb3,evaluation,39.774658203125,5.852705001831055,1.9147883653640747,3.1813371561446315,4.916190258493805,1.9728167296481682
12f6de240f34609698a449ec,pcb3,evaluation,35.43474578857422,4.181062698364258,1.7537424564361572,0.9649257123391065,2.0548502434789375,0.20686794619269167
be68c91ba135f7233398ea1c,pcb3,evaluation,45.364933013916016,5.4789581298828125,1.6769659519195557,6.036313911692239,4.276449999483673,-0.6350247516823111
dc1e7b75565f5b8171c95bf5,pcb3,evaluation,36.271705627441406,3.5259342193603516,1.7474970817565918,1.392364606877921,0.9334707904332056,0.1383842952199825
9b501d06984dd1b3dedbfd5d,pcb3,evaluation,41.71688461303711,5.508369445800781,1.5973663330078125,4.17324031689911,4.32679317095989,-1.5078743081626906
fcb791ab3ea3fb7a609f757e,pcb3,evaluation,39.31160736083984,6.723735809326172,1.7755650281906128,2.9448551519309922,6.407128420699745,0.4461633390293993
ed0b427ea2af383e2c74329d,pcb3,evaluation,43.09031295776367,7.777313232421875,1.6745283603668213,4.874655923880645,8.21053052016083,-0.6617541598726138
249f8e1272d8883ea47662fb,pcb3,evaluation,49.16333770751953,7.412555694580078,1.777426838874817,7.976175094807584,7.5861772499423585,0.4665790225738118
6c1fc0e6d225520f1907a225,pcb3,evaluation,53.602760314941406,11.292675018310547,1.603500247001648,10.243406810818446,14.227754016094673,-1.4406128792487616
3f5daadf1432eed743eaeb72,pcb3,evaluation,53.32537460327149,9.601673126220703,1.6764483451843262,10.101744766296061,11.333276310386966,-0.6407005679167738
7b3aa78e93b96651be784a04,pcb3,evaluation,47.0660285949707,7.861122131347656,1.6081186532974243,6.905070548396595,8.353985705288261,-1.389969748766137
a569d3990d1513165c49cccf,pcb3,evaluation,47.47829818725586,8.007926940917969,1.6142841577529907,7.115618355585106,8.605270609450484,-1.322361914669773
18e1a3f7f9f9b8caa40609cc,pcb3,evaluation,55.57466506958008,10.488655090332031,1.7273354530334473,11.250466826504976,12.851517970845538,-0.08269802815685193
bcc4280fb7ff5c2da59097f0,pcb3,evaluation,39.27970123291016,4.971240997314453,1.5403435230255127,2.9285605587881096,3.4073936560819695,-2.133157884677057
93c53680529d7217c5f47f79,pcb3,evaluation,47.07865905761719,8.946109771728516,1.6294811964035034,6.911520978561123,10.211152483599562,-1.155718799699303
a1479eb073103ac29bf7aee5,pcb3,evaluation,55.561065673828125,11.158729553222656,1.6527072191238403,11.243521558146009,13.998480374065567,-0.9010338664369092
c416948642d628c37cf0631c,pcb3,evaluation,45.67999267578125,7.339729309082031,1.8003759384155273,6.197216200341741,7.46152076658925,0.7182273549350872
63fe5945d26e0efa418a77e6,pcb3,evaluation,36.59283828735352,3.9802780151367188,1.6189944744110107,1.5563684010610799,1.7111683162331588,-1.2707109411846678
00160ff324c599b2c715a0b5,pcb3,evaluation,45.45460891723633,8.108707427978516,1.569362998008728,6.082111771042198,8.777775959285787,-1.8149448553348255
a34a9649cc479852c9c16a76,pcb3,evaluation,50.72466659545898,8.304882049560547,1.7407678365707397,8.773552296054937,9.113566871910423,0.06459476260386378
d0ab37e5a4719ff16e84666d,pcb3,evaluation,42.77754974365234,6.888919830322266,1.6730308532714844,4.714926440715598,6.689872909838936,-0.6781750727093988
fed78b28902ec90460c78fc3,pcb3,evaluation,47.2030143737793,9.240730285644531,1.5894752740859985,6.975029759271916,10.715452634393685,-1.5944037083562101
d4b0eec4535fdfd674e4c71e,pcb3,evaluation,54.257415771484375,9.837158203125,1.8073973655700684,10.577742093891608,11.736354691502187,0.7952208086913873
11aa823d106daa2240583cd3,pcb3,evaluation,49.87899398803711,9.572978973388672,1.8558317422866821,8.341663754129904,11.284160702625083,1.3263279272113113
faa43040d0a6fc9e74142c2f,pcb3,evaluation,43.51365661621094,4.728809356689453,1.6244555711746216,5.09085930303159,2.9924248838826752,-1.2108272890619196
4306ab11db3608ce4a569108,pcb3,evaluation,42.54523468017578,6.143363952636719,1.6332952976226807,4.596282164962135,5.4137094256850675,-1.1138952758804097
3c4a804044a0d360622a6542,pcb3,evaluation,54.21142578125,10.054214477539062,1.6726115942001343,10.55425481329253,12.107888602915516,-0.6827724577155263
dbb4aa21ac55939e97e7877a,pcb3,evaluation,52.159088134765625,9.305255889892578,1.735575795173645,9.506117382921897,10.825900720712779,0.00766143688396733
d131209a7aa6c748e7ed53f3,pcb3,evaluation,38.02906799316406,4.971353530883789,1.7696709632873535,2.2898569261334045,3.4075862791116127,0.3815319751232405
4373511abe35d425e9676a2a,pcb3,evaluation,44.09206008911133,7.213603973388672,1.6367217302322388,5.386252378747838,7.245632792721783,-1.0763227318852087
37d281bef1de8488cc105a14,pcb3,evaluation,42.66460800170898,5.938259124755859,1.5677896738052368,4.657246620153482,5.06263273297926,-1.8321971406094544
a2fc7a2f4dbd7b0a1425f6a0,pcb3,evaluation,46.17740249633789,7.386299133300781,1.819888949394226,6.451245478639309,7.541234052890373,0.9321972609623794
a5fbbd4fd9bf7832a02775fe,pcb3,evaluation,54.9852180480957,11.101627349853516,1.7728685140609741,10.949433764281235,13.900738878108694,0.41659471553249755
652343ecfc3c939f01d8e928,pcb3,evaluation,54.57346725463867,9.210029602050781,1.9940484762191772,10.739150909826755,10.662902460069352,2.8419434108093977
36890e55c2c6b3d21fb8bd1b,pcb3,evaluation,55.7786750793457,10.726566314697266,1.8496726751327515,11.354655592798824,13.258749173887983,1.2587906813408019
c850ed3e3fdd330aeb92bb23,pcb3,evaluation,41.5282096862793,5.547126770019531,1.7309123277664185,4.07688324171411,4.393133848287824,-0.043475811179639896
0623b00ea5cbe2a2f243afb8,pcb3,evaluation,41.63473510742188,6.001651763916016,1.6072205305099487,4.131286220374468,5.171141529813473,-1.3998181134622316
faa514ab45e01a4b854740cf,pcb3,evaluation,41.91531753540039,4.85205078125,1.7189700603485107,4.27458084130213,3.2033764845158985,-0.17442873484436658
36d1b72ee722b86a7f2dade4,pcb3,evaluation,42.96336364746094,7.633628845214844,1.7704578638076782,4.809822379499698,7.964586824074812,0.39016073213929037
fd1ba76f2cac314fa9e195a7,pcb3,evaluation,47.35349655151367,9.118907928466797,1.5808273553848267,7.051881637595772,10.506930042812233,-1.6892324538451244
3c0b4bf6bf885018b620760d,pcb3,evaluation,56.37023162841797,10.822269439697266,1.6984374523162842,11.6567659995955,13.422563633809556,-0.39957903153341845
009b5b8e3f53c3ec7bca77e5,pcb3,evaluation,47.66317367553711,9.135665893554688,1.6604783535003662,7.210035041629704,10.535614550243492,-0.815819498747275
5a9bd58da8232d623302a431,pcb3,evaluation,46.81081008911133,9.525554656982422,1.776646614074707,6.774729388708418,11.202984787217519,0.45802346816235195
ef98ce7f2a4f4ab08e617a63,pcb3,evaluation,39.26399612426758,4.867359161376953,1.6087758541107178,2.9205398940380727,3.229579746141587,-1.382763213782122
1e51370fdebf3dff56edbce7,pcb3,evaluation,56.357460021972656,6.561428070068359,1.5009956359863281,11.65024348670186,6.129307245606348,-2.5646271080243754
971f5267f30e9cdd80664928,pcb4,calibration,29.272846221923828,2.4240379333496094,1.8539867401123047,-0.6613001580034293,-0.16161523713135592,1.2585366505436786
dbcd8270ee7564d5b0d9063a,pcb4,calibration,29.899490356445312,2.5258007049560547,1.723732829093933,-0.3465250289533583,-0.0009411029731121247,-0.3271459228687808
0e44d9e4845b53091a4cf53f,pcb4,calibration,28.87342643737793,2.4185714721679688,1.8216209411621094,-0.8619362244713527,-0.17024628071836184,0.8645225056428217
39f2bddc6d4d98d0c1e48e7a,pcb4,calibration,31.15443229675293,2.0192432403564453,1.5963728427886963,0.2838558993103746,-0.8007491343493179,-1.8775984908978456
7c173b59a1127dffbec34f4d,pcb4,calibration,30.077394485473636,2.5001678466796875,1.712843418121338,-0.2571604405236054,-0.04141304811120442,-0.45971122612125065
452f39e9ae2300aeb6a716f0,pcb4,calibration,37.230377197265625,4.738798141479492,1.6652774810791016,3.3359172444954917,3.4931799925385567,-1.0387685217234544
6d1da69201da9a090cb4c6b7,pcb4,calibration,30.20486640930176,2.5269927978515625,1.7641056776046753,-0.19312889684068404,0.0009411029731121247,0.16434428899499653
6f182ad91162d6d757b46778,pcb4,calibration,30.278038024902344,2.5026378631591797,1.8028289079666138,-0.1563734187716783,-0.03751311739062778,0.6357524109553542
1a7d46f8b3d178aeddbe62a5,pcb4,calibration,31.842947006225582,3.2208824157714844,1.7615783214569092,0.6297097812630446,1.0965295170922953,0.13357680900927602
457f6570f2699a75edd76b5f,pcb4,calibration,32.56044006347656,3.5152759552001953,1.7774940729141235,0.9901200320685822,1.561350062983294,0.3273316800235458
563d2bfb1c7c13e5c1e9f7d8,pcb4,calibration,33.80857849121094,3.246896743774414,1.7145335674285889,1.617083428067577,1.1376037681331794,-0.4391357187754865
f35f61eb5b3154f0987d7d10,pcb4,calibration,32.9403190612793,3.5153026580810547,1.8624444007873535,1.1809403940082626,1.5613922243964895,1.3614983584832523
d6cb38f771c277bdd87122dd,pcb4,calibration,29.517179489135746,3.0328636169433594,1.6764990091323853,-0.5385669646630231,0.7996649837242927,-0.9021600978993031
f247eb1bd616140365a639cc,pcb4,calibration,31.309844970703125,2.6219615936279297,1.6579502820968628,0.36192260703763274,0.1508881690026347,-1.1279682367049322
5078e779ef94fd5123b0c214,pcb4,calibration,30.62005424499512,2.494943618774414,1.6882984638214111,0.015427758142122943,-0.04966162744993757,-0.7585161218384284
a9655521381f6b7b0fb822f9,pcb4,calibration,29.62502861022949,1.8673973083496094,1.8027992248535156,-0.4843923236825517,-1.0405000104850919,0.6353910552402254
fa0f7c75431d2034f8fb1da2,pcb4,calibration,31.04519462585449,2.8287277221679688,1.8050966262817383,0.22898376365966247,0.4773530259633383,0.663359116854527
e7cd15ce03ebe9d27020f037,pcb4,calibration,29.646278381347656,2.371194839477539,1.7740899324417114,-0.47371816417555584,-0.24504966231558445,0.28589041977769725
60b627c2820dd1c91460be32,pcb4,calibration,29.09864616394043,2.1518287658691406,1.7074668407440186,-0.7488041219145033,-0.5914086832454999,-0.5251645010760154
5d4f6a678e30b3beacda1508,pcb4,calibration,28.633323669433597,2.0303688049316406,1.6586766242980957,-0.9825443585005164,-0.7831828826943962,-1.119125905892565
2a43cdd383f6781febebb40c,pcb4,calibration,29.338003158569336,2.278898239135742,1.7774041891098022,-0.6285706038414669,-0.39077757549605074,0.32623745428375833
0d58adca2a3d073c075adc19,pcb4,calibration,29.220327377319336,2.2021923065185547,1.8625483512878418,-0.6876813609497611,-0.5118892464294178,1.3627638291000885
740dbbf64d94c95cf9b8728b,pcb4,calibration,32.39535140991211,2.978811264038086,1.9042468070983887,0.9071928978823903,0.7143212488282144,1.8703916937840732
c8dabcf7759155cd5fa32bc8,pcb4,calibration,34.97325897216797,4.546695709228516,1.7634621858596802,2.202124328474791,3.189867774481168,0.15651056148389236
ce117109c4ff17c8b1588b94,pcb4,calibration,29.462852478027344,2.2260379791259766,1.7229974269866943,-0.5658564436359818,-0.4742391044459049,-0.33609854699178965
dc71aa43a9f168b80db4d4a2,pcb4,calibration,33.288368225097656,3.5144996643066406,1.7661861181259155,1.3557720319687026,1.5601243704711127,0.18967111606498355
754327be2c792325fa82a242,pcb4,calibration,29.679832458496094,2.655506134033203,1.9011951684951782,-0.45686332044096833,0.20385193856462808,1.8332417140588497
75e48b951733050cd4018890,pcb4,calibration,39.804954528808594,5.950614929199219,1.6723624467849731,4.629175837595817,5.4065281654666535,-0.9525177015738705
f3140148477e9222de79765e,pcb4,calibration,30.2237606048584,2.680540084838867,1.8323928117752075,-0.18363798722069813,0.24337826343533733,0.9956568983124926
15a489cb6d19a6a30ec17d8f,pcb4,calibration,28.659313201904297,2.1622390747070312,1.7450567483901978,-0.9694893277633939,-0.5749717551583128,-0.06755320154027192
710cd961a3e72daaa67e76e6,pcb4,calibration,29.27288627624512,2.374967575073242,1.8640259504318237,-0.6612800379648631,-0.23909285693697396,1.3807517973290875
c9356ff919ee3251f61f63ad,pcb4,calibration,31.32906723022461,2.2742958068847656,1.8141151666641235,0.37157830935443426,-0.39804439621323334,0.773148851459485
7921edc5cb8c293e737bc419,pcb4,calibration,29.42020606994629,2.096263885498047,1.692076563835144,-0.5872785361247063,-0.6791405610461476,-0.7125223600730664
d9fdfb6abdcdc62c8f106fb5,pcb4,calibration,30.42339134216309,2.3469505310058594,1.6995514631271362,-0.08335971501532642,-0.28332921396751476,-0.6215245738825744
d5cdfe7ccbc72ce26de8379f,pcb4,calibration,30.044893264770508,2.9096717834472656,1.7638928890228271,-0.2734864146730712,0.6051563154767218,0.16175384742268809
aa139585c4c27887bf3d989b,pcb4,calibration,30.111581802368164,2.1003150939941406,1.658174991607666,-0.239987508560286,-0.6727440723584991,-1.1252326723554638
fb722351bb804c91e8312924,pcb4,calibration,28.32113265991211,1.9259109497070312,1.808680534362793,-1.1393637714603757,-0.9481123080558638,0.7069888285799504
5f9aefb5e8ca27418d69fd92,pcb4,calibration,30.64556884765625,2.4129199981689453,1.6873726844787598,0.02824422270769512,-0.17916944266822177,-0.7697863567126846
edb2ed29317b85b4374019cd,pcb4,calibration,30.64710235595703,2.2484359741210938,2.0022993087768555,0.02901453275559237,-0.4388747133634867,3.064061365392714
8d4be43c0cb94269493c512b,pcb4,calibration,29.020490646362305,2.098102569580078,1.663893699645996,-0.7880631076391769,-0.6762374465946913,-1.055614373696203
9fb054ff961eadb629909583,pcb4,calibration,34.61554718017578,3.9589309692382812,1.6784913539886475,2.0224389707349384,2.2618408625186524,-0.8779057281525295
670b251ecb4210c23ba1b086,pcb4,calibration,29.8939151763916,2.5246448516845703,1.7792274951934814,-0.34932554670211907,-0.002766089858571157,0.34843398305040124
bca44eaabd1f62e4971ee472,pcb4,calibration,34.47587585449219,3.2084426879882812,1.6441469192504883,1.9522794381635211,1.076888321602256,-1.2960073516064259
69e672572cd2951dd5f1010d,pcb4,calibration,28.44683265686035,1.897420883178711,1.7305892705917358,-1.076222299959664,-0.9930955244058663,-0.24367710635735673
8a27d97cb3ee4d20a366c246,pcb4,calibration,28.83028030395508,1.8234233856201172,1.619462013244629,-0.8836093383935941,-1.1099308234294119,-1.5965159887274636
a64223a995c5f6db5fd203cd,pcb4,calibration,33.480499267578125,3.928537368774414,1.739802360534668,1.4522830664771422,2.213852139713719,-0.13151896802914526
f59c394abf433bde46256ce9,pcb4,calibration,27.977258682250977,1.5989952087402344,1.6242960691452026,-1.3120981349247374,-1.464282443689374,-1.5376672513612566
eb47adf48680662537261929,pcb4,calibration,32.725830078125,3.1078128814697266,1.952587604522705,1.073198545592545,0.9180030359753037,2.4588819699016855
4dd8671fe1938c2a94be9861,pcb4,calibration,34.812156677246094,4.318933486938477,1.8296831846237183,2.1211996171743017,2.8302520006308063,0.9626704910639936
d443a3cd7306651bf10df5ed,pcb4,calibration,29.67133331298828,2.4188365936279297,1.746440052986145,-0.4611326010049362,-0.16982767811592156,-0.05071315447860968
0b2c0ba10cdf39771cd6bf20,pcb4,calibration,32.1362419128418,3.124767303466797,1.6914088726043701,0.7770373265058417,0.9447725218248835,-0.7206506868218057
079717bb7f5b63d42fbcac8f,pcb4,calibration,47.99007415771485,8.016830444335938,1.708617091178894,8.740715299218119,8.66889399570211,-0.5111616043078339
ac44a036c8dc0972188d1794,pcb4,calibration,30.61232566833496,2.228475570678711,1.7023868560791016,0.011545548796250957,-0.47039036972706555,-0.587007121335036
98d05ce6b2ba43fe84ea94c9,pcb4,calibration,28.81948471069336,2.614004135131836,1.871360182762146,-0.8890321678352606,0.13832406787039858,1.47003713474909
53ca11b46e8b95e4e356b841,pcb4,calibration,36.002315521240234,4.512895584106445,1.7334351539611816,2.719038778302674,3.1365004599643043,-0.20903194576591735
e8ca098a790ef95644c4673d,pcb4,calibration,32.42377471923828,3.019866943359375,1.8364304304122925,0.9214704604865754,0.7791444216161775,1.0448099829366309
417ca16594441401cc8f3eb9,pcb4,calibration,31.421491622924805,2.9495849609375,1.775988221168518,0.41800481929343536,0.6681755820858236,0.3089997708126774
9a4303cbeaa73a3b4cf501de,pcb4,calibration,33.745723724365234,3.3720664978027344,1.8648203611373901,1.585510297074535,1.3352353924867255,1.3904227791990391
3804cb9e4848ec909fe6f32f,pcb4,calibration,28.823143005371094,1.6382102966308594,1.6942862272262573,-0.8871945376463715,-1.402365396882381,-0.6856224020986635
ee159a6bf892b2b4115c3285,pcb4,calibration,30.199106216430664,2.1547069549560547,1.8248770236968994,-0.196022350005673,-0.5868642852089361,0.9041613409963414
bc76820aa4d4f67fa8d5a3f0,pcb4,calibration,29.7010498046875,2.5140533447265625,1.8188666105270386,-0.44620544858424077,-0.01948911324958437,0.8309918879799721
3bc26860619f504014ba2ff6,pcb4,calibration,32.41025161743164,3.0360450744628906,1.7054636478424072,0.914677552228377,0.804688214953576,-0.5495509325500048
93ed13776c2ada859b3069b1,pcb4,calibration,28.287574768066406,2.2244606018066406,1.7790240049362183,-1.1562205313891123,-0.4767296393539488,0.3459567372442777
28df998926d4d358d9c5ac56,pcb4,calibration,30.357839584350582,2.645160675048828,1.7977577447891235,-0.11628759527171378,0.18751740248091556,0.5740171815514321
c304792bfd003a042cc4f59c,pcb4,calibration,31.169708251953125,2.659717559814453,1.7936937808990479,0.2915292987800376,0.2105013957314491,0.52454337558977
19a1d3b29d800c76ff6fbfd5,pcb4,calibration,28.52128219604492,1.7441120147705078,1.6793532371520996,-1.0388248968507439,-1.2351562436788468,-0.8674133513638517
8e9eb6da770e7f6ce0607ed0,pcb4,calibration,31.517454147338867,2.9430007934570312,1.849465012550354,0.46620859930563224,0.6577797822036379,1.2034901299390672
88a4918b9e5ca5e8b4f73cf7,pcb4,calibration,28.903324127197266,2.4012699127197266,1.6961286067962646,-0.8469180528285798,-0.1975638649394821,-0.6631936768885643
5d352208030b662cfdcd7510,pcb4,calibration,30.468713760375977,2.761219024658203,1.7469841241836548,-0.06059341233108148,0.37076295034628054,-0.04408975092902106
f76304e5cd54a7036e9dcfbd,pcb4,calibration,31.30609893798828,2.3967838287353516,1.785522222518921,0.36004090438331654,-0.2046469823563132,0.4250646143020397
7f3ec8c37d437b6a6adfacc3,pcb4,calibration,33.5919303894043,3.7415771484375,1.7284382581710815,1.5082570137635265,1.9186590052259638,-0.2698630602681317
e8af80c3b56b30df9df33eb8,pcb4,calibration,35.301883697509766,4.289974212646484,1.790459394454956,2.367198705828532,2.7845279480203695,0.4851686636906818
24f695d384c6b3426677feed,pcb4,calibration,33.18449401855469,3.7708396911621094,1.7542275190353394,1.3035940652914837,1.9648618910291196,0.04408975092902106
acc7a8b572dd41d64550aaf1,pcb4,calibration,30.824201583862305,2.3426666259765625,1.6415376663208008,0.11797480421990485,-0.29009310925586623,-1.3277718250712365
a45d006e0bb740adef1b2051,pcb4,calibration,31.038949966430664,3.1124439239501953,1.7450772523880005,0.22584695383775433,0.9253150296351957,-0.06730359036355649
3faa13582214a5ce0bf8a33b,pcb4,calibration,30.566356658935547,2.3096351623535156,1.7875670194625854,-0.011545548796250957,-0.3422467773786047,0.44995752426831787
359716a72f0b1a59c5e10e43,pcb4,calibration,38.57249069213867,5.044736862182617,1.7356187105178833,4.010086083355056,3.9762293265775477,-0.18244980667349517
c7322d82eacff12adf7c5843,pcb4,calibration,32.404781341552734,3.184843063354492,1.8677594661712646,0.9119297298187137,1.0396266669260439,1.4262027999078706
c87dd032af4497260100f48a,pcb4,calibration,30.35027313232422,2.388723373413086,1.6983635425567627,-0.12008836636624978,-0.21737370608230308,-0.635986058626582
f83768441dd51479225b9ae6,pcb4,calibration,34.372032165527344,3.8450927734375,1.7101294994354248,1.9001168010394942,2.082100735007536,-0.4927498775695273
8fcce0e5a23b7eee2b76501c,pcb4,calibration,31.63465690612793,2.6111316680908203,1.831497073173523,0.5250817483394506,0.13378870442237661,0.9847523728366799
97f70febe339ace709238a58,pcb4,calibration,29.770973205566406,2.0952281951904297,1.664665937423706,-0.41108160983310515,-0.6807758215722273,-1.0462133201917694
97dcf36e7fc8e14e9ede437b,pcb4,calibration,32.714813232421875,3.4864349365234375,1.9324078559875488,1.0676645768902384,1.5158127252027231,2.213218132725007
04bf308582eed1623c49dada,pcb4,calibration,29.098064422607425,2.2735061645507812,1.6996937990188599,-0.7490963415222237,-0.39929116943201226,-0.6197918079232824
d400cb805b513d71c3e10046,pcb4,calibration,29.121841430664062,2.433401107788086,1.731818437576294,-0.7371527033915202,-0.14683163874733218,-0.22871349680437505
53c99b8c7c922ff16a2f293f,pcb4,calibration,34.999393463134766,3.930513381958008,1.8477762937545776,2.215252174589577,2.2169720842901803,1.1829320373265624
68fa22a84411c8cc3e24b15b,pcb4,calibration,33.23137283325195,3.3661441802978516,1.8050870895385742,1.3271421751885215,1.3258845933458834,0.6632430186327989
f61738adf10a61d69b13da3e,pcb4,calibration,29.38448715209961,2.0660343170166016,1.6455378532409668,-0.6052208200388502,-0.7268702923128806,-1.2790744259673812
c0b9bb496bb3ddb956c844bd,pcb4,calibration,30.639970779418945,2.8890857696533203,1.7408958673477173,0.025432207794040373,0.5726528774325644,-0.11820685568024594
f1f5176f5cfa8d8f89d36ead,pcb4,calibration,30.287084579467773,2.0926895141601562,1.878512978553772,-0.15182916434732924,-0.6847841673553065,1.557113703500715
879a9e187d2fb2c26d3011be,pcb4,evaluation,34.68596267700195,3.910646438598633,1.731479525566101,2.0578099985312948,2.1856039928727857,-0.23283933735903775
69ba060e16646709c1ba4118,pcb4,evaluation,27.98258209228516,1.7626075744628906,1.7004852294921875,-1.3094240859898085,-1.2059534419819882,-0.6101571067476209
c207e5e9d612c394c2a79e07,pcb4,evaluation,29.502904891967773,2.1410655975341797,1.7033679485321045,-0.5457373631685759,-0.6084027442927694,-0.5750635167747568
12774eb0dd589f4b33059131,pcb4,evaluation,32.771202087402344,2.789539337158203,1.8341532945632935,1.0959897588007286,0.4154781405695408,1.0170886300435016
ebdcce8467c4adf610fb54c3,pcb4,evaluation,31.829679489135746,2.930265426635742,1.7259975671768188,0.6230452580128326,0.6376717996389349,-0.29957549766389807
338cb4d6755dfb5303de9f54,pcb4,evaluation,29.559307098388672,2.497121810913086,1.7586543560028076,-0.5174054745785641,-0.04622246074499663,0.09798109422743773
925ea38d4e5a984148a71d20,pcb4,evaluation,29.661474227905277,2.0940322875976562,1.6526120901107788,-0.46608500478302006,-0.6826640505774794,-1.1929542163172413
530abbba39db08b11beeff4f,pcb4,evaluation,36.972782135009766,4.607950210571289,1.6933581829071045,3.206522402196095,3.286583044821955,-0.6969202103005802
8c6c68d6c3d47870ef132cb9,pcb4,evaluation,31.985126495361328,2.335205078125,1.6937084197998047,0.7011292114874299,-0.301874212714473,-0.6926565031076153
1315e58ccfc03d64e65dd8b1,pcb4,evaluation,31.24939727783203,2.8302650451660156,1.7876980304718018,0.33155859455260844,0.4797803187515891,0.4515524235893078
342efc669ebd5e9a3eed1119,pcb4,evaluation,29.60803985595703,2.2178192138671875,1.6860864162445068,-0.4929260943251131,-0.48721578512155334,-0.7854451043682633
e1c750f13cbc1258c048b35a,pcb4,evaluation,28.07009506225586,1.7878074645996094,1.6602927446365356,-1.2654646760176445,-1.1661651140435645,-1.0994516109929655
384d1e991130ef9a8a9babe1,pcb4,evaluation,30.943437576293945,3.0110645294189453,1.8200942277908325,0.17786928473513927,0.7652462129092577,0.845936631571923
ed3899dca5b42c60ea76fef9,pcb4,evaluation,28.46016311645508,2.0478343963623047,1.6965800523757935,-1.0695261595059884,-0.7556063069350755,-0.6576978773175101
f1389ff79262f2e03ad21c4a,pcb4,evaluation,29.69254493713379,2.579334259033203,1.7589638233184814,-0.4504776034394321,0.08358349589516949,0.10174848152251488
9c59bacae8072ea00979926c,pcb4,evaluation,32.028419494628906,2.63360595703125,1.8942162990570068,0.7228760988844096,0.16927355668535315,1.7482824866259912
79d64fa32eebe85dc9ca3e39,pcb4,evaluation,29.105772018432617,2.3255558013916016,1.8030686378479004,-0.7452246712441748,-0.3171095405255906,0.6386708300040446
11d19c328a71bea06c5efa35,pcb4,evaluation,29.27897071838379,2.191425323486328,1.7241768836975098,-0.6582237082972129,-0.5288893305357152,-0.3217400994195657
bd0f51d58e329e45ebadcf50,pcb4,evaluation,29.57927703857422,2.7648239135742188,1.876735806465149,-0.507374198208559,0.3764547411276627,1.535478799881682
782c205c691cff62c71e88a2,pcb4,evaluation,30.3801326751709,3.0998916625976562,1.7831239700317383,-0.10508935666496695,0.9054961539038329,0.3958688139929634
63d23e80bb60ce2749f0301c,pcb4,evaluation,30.447154998779297,2.273862838745117,1.6069607734680176,-0.07142278356414439,-0.398728013412902,-1.7487033426797556
dc79b8ca0ab9a572e3841f9d,pcb4,evaluation,33.26068115234375,4.390071868896484,1.8248047828674316,1.3418642948352741,2.9425730169129274,0.903281896966751
b360b01f699336ea6d7b0cf8,pcb4,evaluation,29.15443420410156,2.3085708618164062,1.9119973182678223,-0.720780740582482,-0.3439272108473937,1.9647447185825075
e7b2f5c457da2515d6842389,pcb4,evaluation,29.554832458496094,2.212810516357422,1.8022401332855225,-0.519653170315339,-0.49512406162520917,0.628584796991415
a32ea7c7a03c43064664e265,pcb4,evaluation,38.16754913330078,3.625337600708008,1.8065005540847778,3.8066763258564573,1.7351273620567726,0.6804502263206762
ddcbf1d18345e1e6df5ce386,pcb4,evaluation,30.369543075561523,2.812959671020508,1.920316219329834,-0.11040871162258575,0.4524567114714409,2.066017197395937
a45f3bdba386a3c6966dc459,pcb4,evaluation,35.79137420654297,2.953523635864258,1.6837108135223389,2.6130789904455245,0.6743943905321486,-0.8143651714007354
f480ac15e00b1bb47f723ccc,pcb4,evaluation,30.079614639282227,2.0918102264404297,1.640808343887329,-0.2560452155288903,-0.6861724824612414,-1.3366504365778937
ad727cd7b964c0f4cdfdb0c5,pcb4,evaluation,29.93169212341309,2.6371994018554688,1.7297465801239014,-0.3303494760445888,0.17494727828965154,-0.25393583547480675
8b03478c339d4dafa739ce5d,pcb4,evaluation,27.93529319763184,1.911285400390625,1.6714380979537964,-1.3331781867578638,-0.9712047163688998,-0.9637705217148674
3cdeb50e2efed16c26b4b2de,pcb4,evaluation,29.896352767944336,2.468687057495117,1.746978759765625,-0.34810109864090927,-0.0911183427390944,-0.044155056178743116
610621b5ca199240fdf35fd6,pcb4,evaluation,33.49601745605469,3.667804718017578,1.7251695394515991,1.4600781442752666,1.8021790666850652,-0.30965572576544115
e5027aa058e0d68ff7fd375b,pcb4,evaluation,30.63401985168457,2.8979053497314453,1.9099454879760742,0.022442944921603297,0.58657818990511,1.9397661861777047
0a393c866e939db3e38a59f9,pcb4,evaluation,31.83921241760254,2.848011016845703,1.7638428211212158,0.6278338271911771,0.5077995893494618,0.16114433175861553
e622496f95843c1d43c6956d,pcb4,evaluation,32.51692199707031,2.5136985778808594,1.663669228553772,0.9682600892168116,-0.020049257739180704,-1.0583470355901283
5be8ca0a842a368af73421cb,pcb4,evaluation,30.07706642150879,2.461221694946289,1.799640417098999,-0.25732523322042106,-0.10290546925672914,0.5969364217483325
8be97586538a3ee268d860cf,pcb4,evaluation,30.373327255249023,2.1749706268310547,1.749698519706726,-0.10850784702677961,-0.5548697956526378,-0.011045294569657986
62dcac57921e970cd7336352,pcb4,evaluation,32.795284271240234,2.6124000549316406,1.758853793144226,1.108086692463354,0.13579137154915924,0.10040899828932681
4e949d5cc5dbd3a3986df67c,pcb4,evaluation,32.42518615722656,3.107553482055664,1.687503457069397,0.9221794523217047,0.9175934679614053,-0.7681943598472379
94567a9d4533440466e04614,pcb4,evaluation,29.673938751220703,2.1208457946777344,1.7235819101333618,-0.45982384040117047,-0.6403279686702467,-0.32898317722762815
bd4578abc4a144d67800deee,pcb4,evaluation,44.01840972900391,8.672183990478516,1.6415574550628662,6.745673593377018,9.703637467521268,-1.3275309212611506
3f6c5d0aeb2bc5dbe35482db,pcb4,evaluation,28.96544075012207,2.4653072357177734,1.848634958267212,-0.8157157054033688,-0.0964547730378294,1.193385230965407
06cea9d17be8bdbeccab1b9a,pcb4,evaluation,37.74913787841797,5.412397384643555,1.9464272260665894,3.596500486817747,4.556731755688246,2.383886872348642
403118cd151e0c0f42b0755d,pcb4,evaluation,29.90599822998047,2.4459991455078125,1.872908115386963,-0.34325600173516746,-0.12694048630763433,1.4888813273633337
f7bd79ecd98be56dfa67f0ca,pcb4,evaluation,33.94723129272461,2.6917552947998047,1.8756622076034546,1.6867313368012118,0.26108605697741505,1.5224090425706398
61b66cece8f62f8e344bdbac,pcb4,evaluation,32.30854034423828,3.0796871185302734,1.8167908191680908,0.86358606763364,0.8735950217624673,0.8057216587930777
9b9efc54f6ad27d5092db377,pcb4,evaluation,32.385440826416016,2.7629337310791016,1.6679273843765259,0.9022146254832932,0.3734703153793295,-1.0065091795885277
6ec13877e32339a93d3c5a98,pcb4,evaluation,36.19741821289063,3.9737091064453125,1.8288819789886475,2.817042528053187,2.2851741931928053,0.9529167892110608
195faf93735335e019e6e7d4,pcb4,evaluation,31.68106460571289,2.9487571716308594,1.746649980545044,0.5483932082590873,0.6668685782767655,-0.04815754237281968
69b616622561642383edc05a,pcb4,evaluation,32.08504867553711,3.0177268981933594,1.9731262922286987,0.7513220010262869,0.7757654855015157,2.708915453898656
c0289b65015467def8941d8a,pcb4,evaluation,29.657791137695312,2.4286632537841797,1.6437875032424927,-0.4679350902338795,-0.15431227806000583,-1.300382803337804
3d62d967e187ee85d58604ce,pcb4,evaluation,36.10220336914063,4.761623382568359,1.7613857984542847,2.7692143220941934,3.5292189662321016,0.1312330761581398
58fe78eccbfcf87922468d12,pcb4,evaluation,29.474334716796875,2.3210201263427734,1.8277074098587036,-0.5600886992474974,-0.32427095770978465,0.9386178419774726
9c34589e1297a75b0fd2685a,pcb4,evaluation,32.106346130371094,3.114442825317383,1.7827767133712769,0.7620201129601434,0.9284711125658245,0.3916413874942887
e20df895b49932f158be6a32,pcb4,evaluation,28.84246826171875,2.295686721801758,1.7451852560043335,-0.8774870980875469,-0.36427009271418537,-0.06598877800248565
6a5c4f3c38755bfe9e9a730f,pcb4,evaluation,30.58485221862793,2.679422378540039,1.7607203722000122,-0.0022548814648335443,0.24161350714015747,0.12313232273706098
f908a78d3165b8833c9ae7d6,pcb4,evaluation,28.254301071166992,2.055095672607422,1.7970571517944336,-1.1729345348537483,-0.7441414140754343,0.565488315937731
a9bd9794622d2b2d8d684e4e,pcb4,evaluation,32.43716049194336,3.3884849548339844,1.713266372680664,0.9281943857554098,1.3611586385428829,-0.454562269987609
7d7b22f61558a5ef29c9d842,pcb4,evaluation,30.32574462890625,2.2346229553222656,1.6692264080047607,-0.13240949474430774,-0.46068421010357635,-0.9906951505613876
d1dfad72d4164ada90de8aa2,pcb4,evaluation,33.17521286010742,2.8780860900878906,1.7828547954559326,1.2989319649269713,0.555285386725564,0.39259194168468753
6aea21099a9f91f24abf4ee3,pcb4,evaluation,29.31917762756348,2.499574661254883,1.6212269067764282,-0.6380270219667709,-0.04234963379004561,-1.5750305615689053
24862581b903415889830797,pcb4,evaluation,34.83916091918945,3.916421890258789,1.740885853767395,2.1347643555550597,2.1947229042410528,-0.11832875881306046
46c48a7752644b92848aefdf,pcb4,evaluation,31.98033332824707,2.8091602325439453,1.6964328289031982,0.6987215135392137,0.44645774467963495,-0.6594901436154377
94bef49ce9c22a4f81bbfc22,pcb4,evaluation,28.71424674987793,1.8192615509033203,1.7085566520690918,-0.9418951739207464,-1.11650198082887,-0.5118973767880357
da2cc750503c9456b21a285b,pcb4,evaluation,31.712926864624023,3.217924118041992,1.7084016799926758,0.5643982198885942,1.0918586348161452,-0.5137839728911175
4394acd696bd6fb799311d94,pcb4,evaluation,30.151592254638672,2.160015106201172,1.714663028717041,-0.21988950622851916,-0.5784831985715887,-0.4375596854155274
69c05e26c0538934208dc521,pcb4,evaluation,33.41414260864258,3.1570053100585938,1.7375133037567139,1.4189508692553199,0.9956733936698151,-0.15938544369943466
89f466e67ac653882f8dbc81,pcb4,evaluation,38.16572570800781,4.216823577880859,1.7961899042129517,3.805760385053236,2.669029768101022,0.554930633899331
b79293a8b446c3933777e959,pcb4,evaluation,31.021387100219727,2.363880157470703,1.7292306423187256,0.21702479597576696,-0.25659887800161646,-0.2602167492702975
91d77693499ec166c23c8368,pcb4,evaluation,29.41857147216797,2.1107730865478516,1.7095247507095337,-0.588099625317552,-0.656231856033463,-0.500111956054861
20d45b89ee36b1a07888cdac,pcb4,evaluation,31.053936004638672,3.01953125,1.8263483047485352,0.23337472255209346,0.7786143924217207,0.9220723941534454
c494ae6a513646bc70c540c0,pcb4,evaluation,33.80485916137695,3.219156265258789,1.8379706144332886,1.6152151387723037,1.0938040828821625,1.0635598457457205
faea477c8d6ee5a72581d00f,pcb4,evaluation,32.26163864135742,3.340635299682617,1.7491188049316406,0.840026460571708,1.2856083976261985,-0.01810261522295542
6b99d5545bbc8ceabfa2661f,pcb4,evaluation,37.35905838012695,4.964038848876953,1.70009183883667,3.4005562217236456,3.848814524371465,-0.6149461583939054
a786d775373a5dd59e5944a3,pcb4,evaluation,30.882339477539062,2.7728137969970703,2.060337781906128,0.14717856114771077,0.3890700382616361,3.7706090207300975
bb5f06b43135b48ef4a8e033,pcb4,evaluation,32.791786193847656,3.459657669067383,1.7386738061904907,1.1063295424287225,1.4735338623562555,-0.14525774134289537
6a23f65f01171581e3375726,pcb4,evaluation,29.69393920898437,1.954965591430664,1.7948496341705322,-0.4497772344779751,-0.9022376789697294,0.5386144800632169
e38909ffe3603d70a931864f,pcb4,evaluation,30.27020263671875,2.407003402709961,1.7547377347946167,-0.16030928155372043,-0.18851120722052198,0.050301005791474895
ee03ac9f26e4c89aab6c0a4d,pcb4,evaluation,29.90702247619629,2.1691055297851562,1.6603020429611206,-0.3427415036061615,-0.5641302489080611,-1.0993384152267804
6b81489b9ee73b2f18ca5ddd,pcb4,evaluation,28.628551483154297,1.8210792541503906,1.7255369424819946,-0.9849415173809148,-1.1136319932020673,-0.30518304177336575
02acb841616b8cf4e09bc9c1,pcb4,evaluation,29.704938888549805,2.4561691284179688,1.7997374534606934,-0.4442518886493372,-0.110883010939206,0.598117721154416
0d0f11a63286028e86709718,pcb4,evaluation,36.03059768676758,4.237749099731445,1.6858305931091309,2.733245441723346,2.7020692583986636,-0.7885594391661199
9669e7c4e182ca1c98dc5744,pcb4,evaluation,28.65937042236328,1.9043655395507812,1.8619922399520874,-0.9694605848511589,-0.9821305454455423,1.3559938515455683
c34a02a42c7dc2fcd1fb1bc9,pcb4,evaluation,31.10462951660156,3.1282958984375,1.6930400133132935,0.2588390265981278,0.9503438514257073,-0.7007935372229841
d9c3d82ceef4ad710833d2b5,pcb4,evaluation,30.637672424316406,2.536081314086914,1.8221280574798584,0.024277700819269003,0.015291041107125801,0.8706960285832139
5f009b1a19fb14d2d967a249,pcb4,evaluation,29.6489200592041,2.133493423461914,1.781150221824646,-0.47239119972737464,-0.6203585164631858,0.37184083577855964
c2e3c250556cdfae1d0d304e,pcb4,evaluation,28.37024688720703,2.2383899688720703,1.7191450595855713,-1.114692771792025,-0.4547364393135077,-0.38299642365885933
6a94827cd153f88a34ff8bea,pcb4,evaluation,28.891752243041992,1.9460601806640625,1.650667428970337,-0.8527308277795657,-0.916298510270403,-1.2166280949553745
5395dd6c114fd12bf0ccc220,pcb4,evaluation,30.247995376586918,2.5213394165039062,1.7587088346481323,-0.17146440579211125,-0.007985070506261755,0.09864430531905956
b6bed1bed1f92488b9c9f1b6,pcb4,evaluation,30.29849624633789,2.4027538299560547,1.6988736391067505,-0.14609686955060133,-0.19522089497762216,-0.6297762549918998
431b7db254defeff17e05426,pcb4,evaluation,30.82237243652344,2.409191131591797,1.8231269121170044,0.11705598912546203,-0.18505698286801123,0.8828558660814617
51342aaa4b67cd3663b97e60,pcb4,evaluation,31.08734893798828,3.372598648071289,1.763086199760437,0.25015866710316803,1.3360756092211201,0.15193338909226167
1d4aee12b481c5e7a7512cba,pcb4,evaluation,33.506553649902344,3.5733184814453125,1.745568037033081,1.4653706725147995,1.6529939176225743,-0.06132888562787367
4a5372483664bf9ff2c9b2e8,pcb4,evaluation,29.99345016479492,2.0970020294189453,1.849769115447998,-0.2993272508693872,-0.6779750991242456,1.2071922119844223
37ee876d87464ced30caa7f8,pcb4,evaluation,29.642986297607425,2.5659828186035156,1.7795588970184326,-0.47537183972613944,0.0625027892974579,0.352468396255453
2be0489928254ac7aec80f5c,pcb4,evaluation,32.766448974609375,3.3807106018066406,1.8909112215042114,1.093602180891077,1.3488836442439869,1.7080471966583433
fba1a1e45627bcb714f09caf,pcb4,evaluation,32.50534439086914,2.9807090759277344,1.8079211711883545,0.9624444399746023,0.7173177206946033,0.6977445076748496
eb48e46ff215c692c1700239,pcb4,evaluation,36.17212677001953,3.940336227416992,1.8035093545913696,2.8043381608453255,2.232481461287068,0.6440360190756548
ed93e360146bf0f42ae21392,pcb4,evaluation,32.30656051635742,2.965656280517578,1.7653130292892456,0.86259156287031,0.6935507297704405,0.17904232386577515
3075ee08fc7769d799405b7b,pcb4,evaluation,30.36259651184082,2.655467987060547,1.766886830329895,-0.11389810116791134,0.2037917079743489,0.19820143290645637
26756bddb7f30592556632f0,pcb4,evaluation,30.438581466674805,2.3561630249023438,1.6231800317764282,-0.07572942991401767,-0.26878352641509373,-1.5512536457589887
f3d0156953e0d9ac3a5b0539,pcb4,evaluation,47.511810302734375,5.8078460693359375,1.7161171436309814,8.500474373981623,5.18110915828781,-0.419857609057534
16f97c0d505f09955e660ae5,pcb4,evaluation,53.73469543457031,8.757621765136719,1.6796547174453735,11.626346559689074,9.838535920569539,-0.8637431963294717
9855a151dc87d8ed941a265d,pcb4,evaluation,47.651981353759766,7.086009979248047,1.689160704612732,8.57088492798656,7.199213385358964,-0.7480193913664358
388e45cb72ef6d36729020ea,pcb4,evaluation,49.584510803222656,7.331897735595703,1.6982754468917847,9.54163080006316,7.5874477241804765,-0.6370585159497955
fe2c02c1f27a44e28d550220,pcb4,evaluation,42.38581466674805,6.357063293457031,1.661240816116333,5.925590402459542,6.048273058773218,-1.0879099965254198
49092abc7738fc32ba92fb08,pcb4,evaluation,43.811222076416016,7.919666290283203,1.734049916267395,6.641599340562479,8.51548065920202,-0.20154796414776913
55376591cd13917e8f433996,pcb4,evaluation,43.96454620361328,4.967121124267578,1.693904161453247,6.718616931993161,3.8536811560660227,-0.6902735871066459
b3a751786ba15b26ece1fc1d,pcb4,evaluation,50.20598602294922,8.574642181396484,1.8231582641601562,9.853809486041339,9.549627848177416,0.8832375389853929
068868c67451fd61d22440f1,pcb4,evaluation,47.60923385620117,7.044017791748047,1.6220906972885132,8.549412056352887,7.132911551579647,-1.5645149651358818
47f8c3c8d23ea75f9eaed475,pcb4,evaluation,48.04192352294922,7.603221893310547,1.6258753538131714,8.766760210091297,8.015843820600143,-1.5184413858430819
027038eb34c752939a1e0aa2,pcb4,evaluation,51.27779006958008,5.8108673095703125,1.7265199422836304,10.392196807502895,5.185879421037921,-0.2932162175687409
056f325717dc75cdf75734d6,pcb4,evaluation,56.21614456176758,9.739734649658203,1.670461893081665,12.872825105029907,11.389202582602064,-0.975654625936511
f69a7ad702682a7c21480f93,pcb4,evaluation,42.20784759521485,4.497840881347656,1.7260932922363281,5.836194196826336,3.1127304575106276,-0.2984101617633022
c01a47cbeebb24b5df8b09d9,pcb4,evaluation,48.790306091308594,5.553897857666016,1.6867707967758179,9.142686843018346,4.780148095740308,-0.7771136057314999
7297bdf13d802055a3b2332e,pcb4,evaluation,56.71556091308594,10.06960678100586,1.750966191291809,13.123691326822593,11.910040588982211,0.004387061553550925
b0703ab5fecbd9a2b2951bd2,pcb4,evaluation,46.39434814453125,5.838947296142578,1.7744290828704834,7.939152124750709,5.230215158542422,0.29001916278790313
1e7940bd5a34afe21e45549f,pcb4,evaluation,48.37190246582031,5.747230529785156,1.709045171737671,8.932514836367933,5.085402750334199,-0.5059502453800133
bdd0f82397445b34db5a60de,pcb4,evaluation,52.04543685913086,6.028900146484375,1.6469553709030151,10.777800220882384,5.530133382837579,-1.2618178765352692
37b09625a0bfb14b576704b7,pcb4,evaluation,50.02555847167969,6.704883575439453,1.630380630493164,9.763177335182025,6.597449557879717,-1.4635951346709515
79f751ffd9ae6b5e35702cb8,pcb4,evaluation,53.624908447265625,6.984615325927734,1.907634973526001,11.571198492080908,7.039120476396914,1.911638489508527
c894a684e68453e869a7b59d,pcb4,evaluation,46.7534294128418,7.514690399169922,1.755223035812378,8.11952539619005,7.876060666680232,0.056208954049664056
52e4b266e84dec5255c98f5d,pcb4,evaluation,52.32623672485352,6.6990203857421875,1.8556581735610962,10.918851272190139,6.588192116153808,1.2788843151293012
e6b56c2512bb8660ea532707,pcb4,evaluation,43.79757308959961,4.654712677001953,1.7241814136505127,6.634743197897364,3.360416713915683,-0.32168495276424486
072d4a79bd05c7d78e259898,pcb4,evaluation,40.242313385009766,3.6320762634277344,1.820698857307434,4.848869412972601,1.745767095829589,0.8532972588294852
84c62456176a47f1aed1e84a,pcb4,evaluation,46.08121871948242,7.122306823730469,1.6801939010620117,7.781861328030198,7.2565227920096,-0.8571792931185188
53cc9622e70431b774da2d9c,pcb4,evaluation,53.770729064941406,8.617694854736328,1.7773404121398926,11.64444692962051,9.617604092366493,0.3254610474259516
e1ea53378faad7537e477a2c,pcb4,evaluation,51.28160858154297,7.182708740234375,1.7613428831100464,10.394114917846041,7.351891908657647,0.1307106341603633
f8f05304ac4fdc3e8f3c9257,pcb4,evaluation,59.83502578735352,10.211685180664062,1.5689342021942139,14.690657175971666,12.134369422477002,-2.2116304895428747
005e070227309d82c55c4275,pcb4,evaluation,54.00996780395508,7.074680328369141,1.7896419763565063,11.764621045674929,7.181324900046048,0.4752175948608112
3c2fbca5ce7276e377337e6c,pcb4,evaluation,48.10930633544922,7.340084075927734,1.7089033126831055,8.8006078635392,7.600373208854387,-0.507677206428219
cbf6c89149a15b1bc70a8375,pcb4,evaluation,50.99715423583984,7.746715545654297,1.829960823059082,10.251228152543545,8.242407208994292,0.9660504005440532
b18da311930bfdfeb131ac29,pcb4,evaluation,53.68162155151367,9.433387756347656,1.6288822889328003,11.599686550494063,10.905508781247086,-1.4818356165322089
a8a94a64acd471f75b56c857,pcb4,evaluation,59.71303176879883,11.164295196533203,1.8979620933532715,14.629377287086701,13.638453745987611,1.793882965665249
44452abcc72d422a96de6497,pcb4,evaluation,49.780181884765625,6.7189178466796875,1.7534781694412231,9.639920062741869,6.619608392043426,0.03496733315673488
2de9d5cdfc61fe53c1d226f1,pcb4,evaluation,50.02949142456055,5.612770080566406,1.6696492433547974,9.765152931349641,4.87310196571816,-0.9855476456555176
2a3381ab00f3a412b4144b3b,pcb4,evaluation,60.1506233215332,11.936386108398438,1.6336389780044556,14.849187750306575,14.857514870179106,-1.4239287259897713
4c816b72ee515729decd9575,pcb4,evaluation,63.03134536743164,10.36279296875,1.82539963722229,16.296228588640595,12.372954836690873,0.9105235235470418
48659a6236cca2b8a9785293,pcb4,evaluation,67.227294921875,12.703620910644531,1.6902505159378052,18.40393292947204,16.06890864022806,-0.7347522670784561
f3b3eb6ad758e704e90ac7d3,pcb4,evaluation,50.18675994873047,10.313350677490234,1.6981889009475708,9.844151867530387,12.294889968630034,-0.638112107311978
d451674ba2957ea9a1018211,pcb4,evaluation,59.29770278930664,11.654594421386719,1.845076560974121,14.420749732920381,14.412591499786833,1.1500660819831061
e713192788ad43790d8658d7,pcb4,evaluation,46.73542022705078,6.579826354980469,1.7300996780395508,8.110479043612632,6.399995613767494,-0.24963729881532354
18f0fd2d3dbdc60d5f3513d9,pcb4,evaluation,62.83568572998047,11.91793441772461,1.6110559701919556,16.197945074544332,14.828381333661069,-1.698849315041934
a31e27ed2e8db09c3e91c9ae,pcb4,evaluation,52.804725646972656,9.533714294433594,1.6595180034637451,11.159205252881417,11.06391523368132,-1.1088831402806028
373efaec363f842465bd3acb,pcb4,evaluation,61.59227752685547,11.562675476074219,1.744019627571106,15.573357759290095,14.26745986945013,-0.08017888315320379
fc402da6880e1e06b238b903,pcb4,evaluation,51.2330436706543,8.079036712646484,1.5708680152893066,10.369719850135146,8.767112019270362,-2.1880886726319573
6e2de9d61f899d21b2cfc8e8,pcb4,evaluation,55.89201736450195,6.221385955810547,1.5829246044158936,12.710009920577836,5.834050918327273,-2.0413143982677386
bd271671372ec7b546a25301,pcb4,evaluation,37.16720581054688,5.633207321166992,1.6929112672805786,3.3041850693880863,4.905370504460228,-0.7023608632163136
beb6670b85f21ac45fd6b48b,pcb4,evaluation,42.104679107666016,6.319683074951172,1.7067675590515137,5.784370726066678,5.989253103358654,-0.533677403184229
755b7f59b1d26d1c46179b0f,pcb4,evaluation,44.85466003417969,6.576377868652344,1.697546124458313,7.165737842332085,6.394550768406257,-0.6459371274564526
83592b0bc775afea95d3c11d,pcb4,evaluation,51.02252578735352,6.490486145019531,1.569218635559082,10.263972759828539,6.258935571333664,-2.208167860079834
eb662872bc6bce7c9aac9465,pcb4,evaluation,46.14385986328125,7.305080413818359,1.6531436443328857,7.813327152150896,7.545105619214215,-1.186483191683671
db1bd561f26bd21285df12af,pcb4,evaluation,42.104583740234375,7.016550064086914,1.7473899126052856,5.784322821212952,7.089542515049127,-0.03914977159449001
b55a295f7c7ec1ad3fac8596,pcb4,evaluation,49.75088119506836,4.974575042724609,1.706057071685791,9.625201775483415,3.8654502134065734,-0.5423267207029732
6ae93e59b3c647f7e16d08ed,pcb4,evaluation,52.08125305175781,6.362323760986328,1.7747645378112793,10.795791367747327,6.056578857172717,0.29410291773718933
22cdb4294c4c5b5f755fc763,pcb4,evaluation,46.49908828735352,7.133880615234375,1.7650858163833618,7.991765067499754,7.2747967531003015,0.17627628373310295
18b56ae51ab1f4c17be2c55f,pcb4,evaluation,46.68935394287109,7.992366790771484,1.7113606929779053,8.087339083069326,8.630268118156074,-0.47776159714442845
7702f6e31aa74020b48b62c4,pcb4,evaluation,37.91962814331055,4.6338348388671875,1.7593592405319214,3.68214095191892,3.3274525118558897,0.1065622040409166
7df7bce17e9dbffda7284557,pcb4,evaluation,49.878173828125,7.020439147949219,1.5241408348083496,9.689143258041334,7.095683023728088,-2.756935129633174
73f7e96255ed2f2a4762cc32,pcb4,evaluation,40.053810119628906,6.109643936157227,1.7183359861373901,4.754180679099858,5.657620461751996,-0.3928459065447178
d92f74d23c5d7507316ef1f6,pcb4,evaluation,47.139427185058594,7.934780120849609,1.7840862274169922,8.313419333544724,8.53934401907063,0.40758312456532964
9407debbd13a3bb3cb165677,pcb4,evaluation,43.80525970458984,6.219738006591797,1.736085057258606,6.638604329107592,5.831448956827212,-0.17677260363099062
a618c028ba8f003626d69f29,pcb4,evaluation,41.71663284301758,6.841014862060547,1.7237149477005005,5.589447792453992,6.8123884423499845,-0.327363607034521
9b02325c82f1ba6da823079c,pcb4,evaluation,55.185245513916016,6.199298858642578,1.6648616790771484,12.354985133428059,5.79917740655563,-1.0438304041908
579cdbb9cbf43dc43c4648ba,pcb4,evaluation,43.06740951538086,5.726596832275391,1.7403717041015625,6.267968308225931,5.052824024052193,-0.12458790419197716
5212af2e2f675e11ac441f21,pcb4,evaluation,43.74215698242188,6.703304290771484,1.761321783065796,6.606906645494871,6.594956011442159,0.13045376684478988
d646baf1c18f122f83fdb5d9,pcb4,evaluation,52.260292053222656,6.312995910644531,1.546295166015625,10.885726023936405,5.978694680882714,-2.48723315564769
17e584cd0c3324b6eb08e5bf,pcb4,evaluation,45.34869766235352,6.878028869628906,1.6099836826324463,7.4139022303746875,6.870830184097868,-1.711903108847488
660565f9c151fe4823f9903e,pcb4,evaluation,45.11026763916016,7.1912689208984375,1.8457305431365967,7.294134347479857,7.365407653116295,1.1580275175381114
19beac86001ba6a35484fd4e,pcb4,evaluation,50.588565826416016,7.025493621826172,1.8489421606063843,10.045986513438509,7.103663576940079,1.1971250449328237
0faf418cf81ced5dd69c34c7,pcb4,evaluation,45.29599380493164,7.364582061767578,1.6988707780838013,7.387428092012126,7.639053293931674,-0.6298110844584182
00fa6be94b9f1137a440b277,pcb4,evaluation,43.083980560302734,5.670940399169922,1.6638137102127075,6.276292255609178,4.964947592834875,-1.0565881475309475
656d7b1bb516335c5b215df9,pcb4,evaluation,43.75923538208008,7.014568328857422,1.877104640007019,6.615485446699933,7.086413535884123,1.5399688986070164
a594b3da8fff3917c805e6e2,pcb4,evaluation,42.02758407592773,7.388160705566406,1.8447093963623047,5.745644442315422,7.676281821783233,1.145596300446574
32ccad4fbea9506978472013,pcb4,evaluation,54.06638717651367,6.147953033447266,1.837454915046692,11.79296155713861,5.7181070320398595,1.057281834405773
7899993537b41d8220507079,pcb4,evaluation,42.1976432800293,7.424657821655273,1.8162785768508911,5.831068377477762,7.733907439032834,0.7994857330585066
190a2a3d2a2b8ee2288dcdb1,pcb4,evaluation,51.080867767333984,7.191806793212891,1.8253004550933838,10.293279033143314,7.366256904439231,0.9093161020410694
72e94075c44242bba2f16fd4,pcb4,evaluation,54.04360580444336,8.447757720947266,1.7266119718551636,11.781518045680793,9.349288858790821,-0.29209586972906465
6a2113d159a9b9248744b3c4,pcb4,evaluation,53.8627815246582,9.637157440185547,1.6522562503814697,11.690686610629983,11.22724252534136,-1.1972861312154714
c599b05f2e1a8757cf156c2b,pcb4,evaluation,54.7086181640625,9.047119140625,1.690041422843933,12.115566255481488,10.295625870198206,-0.7372977205898449
b47939562c67b3a5671dc4cc,pcb4,evaluation,49.95270156860352,7.158199310302734,1.7013877630233765,9.726579943130313,7.313193754403277,-0.599169861288827
afcb52664763e120dc376f55,pcb4,evaluation,50.61338424682617,7.693794250488281,1.6433581113815308,10.05845327257189,8.15884931109999,-1.3056101257711121
50c468e621f244dde7ab1428,pcb4,evaluation,42.50477600097656,5.5489349365234375,1.8348865509033203,5.985346916996048,4.7723120959449865,1.0260151320666215
18bb01bf7702c211e846338c,pcb4,evaluation,43.87868881225586,4.812847137451172,1.6672284603118896,6.67548915028166,3.610096602858979,-1.0150177280134265
9ad36bc24600f804a1e17b9f,pcb4,evaluation,45.89137649536133,5.2801971435546875,1.6234135627746582,7.686500010011157,4.347999633546248,-1.5484106905544215
047764c95331feae308c90e2,pcb4,evaluation,45.65324020385742,5.74530029296875,1.6171928644180298,7.5668796740658,5.082355082466073,-1.6241401093598955
563c172d1fd3f1a051c73278,pcb4,evaluation,54.27407836914063,11.235122680664062,1.8235678672790527,11.897288747580816,13.750283882958959,0.8882239576086152
b253c99dac508bb4f47a228a,pcb4,evaluation,45.92255783081055,6.682891845703125,1.698055386543274,7.702162980985068,6.562726622583772,-0.6397374824161716
37f5bc28dd23597ed6ab1e0b,pcb4,evaluation,51.55339050292969,6.663875579833984,1.7811827659606934,10.530636086185561,6.532701673329602,0.37223702096020683
8ed7bbc72b2275a95c7a18f6,pcb4,evaluation,41.08894729614258,4.932853698730469,1.6773885488510132,5.274149542401244,3.799576016818239,-0.8913310362676137
4e0d26e1684570372c9ff29d,pcb4,evaluation,54.71599960327149,7.034122467041016,1.6131309270858765,12.119274091159802,7.117287736461229,-1.6735892444494405
c5a5497d8136faa6b62d321c,pcb4,evaluation,48.50675582885742,5.0936126708984375,1.751437783241272,9.000254215729166,4.053399770372742,0.010128118618005923
0526d987ae6faeb2ac46b9cc,pcb4,evaluation,51.93328857421875,7.427398681640625,1.7125450372695923,10.721466029095987,7.738235006944394,-0.46334364923356886
7bae5855faac0d2cdea685c1,pcb4,evaluation,43.54965591430664,4.524330139160156,1.7708323001861572,6.510209740153976,3.1545545794004872,0.24623271846314673
d2c8cb6cdfcad1fe3b1f8dff,pcb4,evaluation,46.503753662109375,4.645282745361328,1.5744549036026,7.994108572943975,3.3455277119986704,-2.144422680212244
238d45a7dd220fd6070bce30,pcb4,evaluation,42.185096740722656,4.482219696044922,1.6100713014602661,5.824766014921707,3.088066030791305,-1.710836456435361
b80f07883522b9d821bd85bb,pcb4,evaluation,44.86150741577149,4.802104949951172,1.597339391708374,7.1691774108295405,3.593135668636363,-1.8658319361257016
4b8d2b38330fa5942f9509a6,pcb4,evaluation,45.42233657836914,5.364830017089844,1.8337615728378296,7.450892442226944,4.481627221139627,1.0123198955860195
5a4ebea6d6c6dcc23d694629,pcb4,evaluation,44.17741012573242,6.177906036376953,1.6543327569961548,6.825542481701405,5.765400091527068,-1.1720071946619472
c643255e8f0cfd6ae1af7537,pcb4,evaluation,39.48176193237305,4.667232513427734,1.8026238679885864,4.466830120710249,3.380184393645308,0.6332562991881998
5000d4717291375122bf2493,pcb4,evaluation,49.60681915283203,5.9684906005859375,1.5733531713485718,9.5528367034465,5.434752220071475,-2.157834927277384
23fcd1c48207b6b503632b8e,pipe_fryum,calibration,29.26240539550781,2.2712955474853516,1.748012661933899,-0.4169757956108131,-0.37755193603719395,0.6744907594765952
67503760fb5cc238958ce1ca,pipe_fryum,calibration,29.39056968688965,2.229440689086914,1.7316501140594482,-0.3526011262619668,-0.4590114194985111,0.427545101554488
9ffc4ca46a987c08cac7462f,pipe_fryum,calibration,29.379430770874023,2.028196334838867,1.633373737335205,-0.3581960078602592,-0.8506806730531763,-1.0556545012569925
b11c563d27124629e258e0dd,pipe_fryum,calibration,33.45530319213867,2.914867401123047,1.6771934032440186,1.6890430210302176,0.8749915624620428,-0.3943225185603701
ea47c1450d1447967535085f,pipe_fryum,calibration,30.092567443847656,2.3177528381347656,1.6077816486358643,0.0,-0.28713502760357645,-1.4418935656100316
8d15c39c8c8ca5ec2cb38720,pipe_fryum,calibration,30.50045394897461,2.5806198120117188,1.6200640201568604,0.20487421743061823,0.22446646217366595,-1.2565264492312838
ce0b8ac0d8da068cd89bb5df,pipe_fryum,calibration,28.870635986328125,2.92120361328125,1.9187259674072266,-0.6137546792219827,0.8873233344297102,3.250917723030022
561f4149365504bbb366d290,pipe_fryum,calibration,28.730514526367188,2.2735023498535156,1.7184088230133057,-0.6841352240399529,-0.3732569751200984,0.2277058494882776
5a79e753ad9046766ffef8a6,pipe_fryum,calibration,36.81943893432617,4.822900772094727,1.6760846376419067,3.3787892343709056,4.588477135551715,-0.4110561503392226
f6cf81875145b8ca4b8aa7f6,pipe_fryum,calibration,32.19704818725586,3.266887664794922,1.5891438722610474,1.0570436628428448,1.5601065035676158,-1.7231772620367276
8c7717dcba119e521c78ed1b,pipe_fryum,calibration,31.73338890075684,2.4500980377197266,1.7013211250305176,0.8241557582862582,-0.029559873623882085,-0.030183866288980628
b7981d028b512fc6fef4a3d7,pipe_fryum,calibration,29.93920516967773,2.337635040283203,1.8473764657974243,-0.07703117290964073,-0.24843954566770468,2.1741019512663247
341b937d4955b1a6cf4837bc,pipe_fryum,calibration,32.37181091308594,2.6591720581054688,1.8039799928665161,1.1448239062204357,0.37734776762713323,1.5191568509280429
80a25ade67388f16a5554543,pipe_fryum,calibration,30.47000312805176,4.440805435180664,1.6392794847488403,0.1895793056640555,3.8448289673581884,-0.9665242086050052
5b8b451f31d6747adc98bd88,pipe_fryum,calibration,29.96885681152344,2.477811813354492,1.75693941116333,-0.06213767473719671,0.024377708161249987,0.8092143965581793
4c5864792b29838bc78c660d,pipe_fryum,calibration,31.4354190826416,3.1677398681640625,1.6587904691696167,0.6744907594765952,1.3671413709898639,-0.6720619450586347
e1e66a88542684d2ff570663,pipe_fryum,calibration,29.683143615722656,3.573373794555664,1.7104603052139282,-0.20564638773339625,2.1566012182481056,0.10774580582431137
a233549a609877451640c8fd,pipe_fryum,calibration,28.58864021301269,1.7764701843261719,1.7873713970184326,-0.7553961962875192,-1.3405994776819703,1.2684978056291427
488106294126a946d6638d51,pipe_fryum,calibration,33.5347900390625,4.265468597412109,1.732753038406372,1.7289678661889905,3.5035818867827007,0.4441905763655775
9b135a01a452c8b46036de60,pipe_fryum,calibration,32.18231964111328,2.8991527557373047,1.7052547931671143,1.0496457731678426,0.8444071346349469,0.029183554573139106
825ac957d7b8bcde64b509ec,pipe_fryum,calibration,28.320819854736328,2.118724822998047,1.6810343265533447,-0.8899176517026227,-0.6744907594765952,-0.33635481445171206
b248561c20529db910e58e81,pipe_fryum,calibration,27.66310310363769,2.5373306274414062,1.6556248664855957,-1.2202772075560375,0.14021543972388223,-0.7198376242208139
f4f0c48d24237252083f3e93,pipe_fryum,calibration,27.610706329345703,1.8083877563476562,1.631547212600708,-1.2465951857044413,-1.2784803108827685,-1.0832206453399489
91e0d79c548b372c0e67dcf6,pipe_fryum,calibration,30.8181209564209,3.2398605346679688,1.7093929052352905,0.36443276799808155,1.5075052968301539,0.09163646930696426
554414d351743129394aa8c3,pipe_fryum,calibration,28.772661209106445,1.9985332489013672,1.6960760354995728,-0.6629656865951814,-0.9084120751125275,-0.10934342597479207
dfa1d3adb42a73bc69103cd3,pipe_fryum,calibration,28.21552848815918,2.0604705810546875,1.742424488067627,-0.9428036532215491,-0.7878673336597681,0.5901533272760501
506bddff7441d7cb69a0d1f6,pipe_fryum,calibration,29.023283004760746,2.1844444274902344,2.00570011138916,-0.5370827666889446,-0.5465848188029193,4.56354258882903
40141cfa75fc2f551be734a9,pipe_fryum,calibration,30.335193634033203,2.43206787109375,1.7909824848175049,0.12186686790965266,-0.06465085508395459,1.3229968029245949
b2188e92b99f225484c78f3f,pipe_fryum,calibration,29.55357551574707,2.70050048828125,1.884100079536438,-0.2707261654480529,0.4577826968852366,2.728339410227007
6ed68694d187723d9bea370c,pipe_fryum,calibration,32.23357009887695,3.419910430908203,1.7550773620605469,1.0753879766860128,1.857925107246733,0.7811121141814804
fb2fd69159f84d102a619e65,pipe_fryum,calibration,30.0861759185791,2.441997528076172,1.6054811477661133,-0.003210350725321495,-0.04532538703347988,-1.4766130179343298
30ef08bd301438b6b19bc06e,pipe_fryum,calibration,31.35731506347656,2.4652862548828125,1.6863161325454712,0.6352604843792524,0.0,-0.25664112525424737
acd965d6835ba745e403cefa,pipe_fryum,calibration,30.86780166625977,2.7323131561279297,1.923046350479126,0.3893865147430696,0.5196976952743775,3.3161214949824114
529ebb620c7a23fa1dc19e3b,pipe_fryum,calibration,32.820640563964844,2.494709014892578,1.594635248184204,1.370263145635462,0.05726367079266671,-1.640300716730541
945b5e15237ab9312c115480,pipe_fryum,calibration,32.67967987060547,3.445056915283203,1.6663974523544312,1.2994610686422778,1.9068661312147428,-0.557256385326118
86bcab2cb5ebeca3439798dd,pipe_fryum,calibration,28.593402862548828,2.123271942138672,1.5986407995224,-0.7530040011931791,-0.6656409869386904,-1.5798484254283989
8cff52a03ea60f46bbf10a35,pipe_fryum,calibration,28.654333114624023,2.4650020599365234,1.665528655052185,-0.722399807244986,-0.0005531107836190419,-0.5703683849395227
469c9bfc44abe9cfdc31a310,pipe_fryum,calibration,30.68086242675781,2.323040008544922,1.724776029586792,0.2954902227141912,-0.27684493973651614,0.32380054259354274
cce1150b64c43d54eaddffab,pipe_fryum,calibration,29.113037109375,2.0639495849609375,1.6689026355743408,-0.4920008585775009,-0.7810963667515727,-0.5194478408865324
81d074f99eafada7ead5de55,pipe_fryum,calibration,31.477020263671875,2.376382827758789,1.6459474563598633,0.6953863010074777,-0.17302715929709506,-0.8658903312208405
6000292f0b10bc56ead08e4b,pipe_fryum,calibration,29.47120857238769,1.8435001373291016,1.7401635646820068,-0.3120976323899477,-1.2101432879589904,0.5560311833863912
d5321bac7cde697c75e10290,pipe_fryum,calibration,33.18871307373047,3.0473155975341797,1.703321099281311,1.5551394934628688,1.1327671726988877,0.0
db4c3884eec2bdddf662f4a0,pipe_fryum,calibration,32.0699462890625,3.8104496002197266,1.7379119396209717,0.9932026149067141,2.6180069763736924,0.5220493709964368
3d513c48638a987796953ce3,pipe_fryum,calibration,31.46829414367676,2.6738510131835938,1.7515523433685303,0.6910033244129269,0.40591649642399324,0.7279120828191893
dbbff57f5f79a46163730309,pipe_fryum,calibration,29.58646011352539,1.9499130249023438,1.6826729774475098,-0.25420881037336834,-1.003038564946306,-0.3116240863115006
d39246b9dff4a70decf3ac14,pipe_fryum,evaluation,30.618389129638672,2.167905807495117,1.7657864093780518,0.264110984380209,-0.5787728966872193,0.9427344211615296
56bf310390cf892ac734dea7,pipe_fryum,evaluation,36.99262619018555,3.8817920684814453,1.686330795288086,3.4657781468922995,2.7568563438266227,-0.25641983327394435
fb743bb252e7c0613202fc29,pipe_fryum,evaluation,33.08706283569336,2.8635196685791016,1.6602429151535034,1.5040823667677679,0.7750566939666855,-0.6501414451560931
3afdd642de1032072466be7d,pipe_fryum,evaluation,40.36111068725586,6.465858459472656,1.6204659938812256,5.157708663322731,7.786062545794139,-1.2504598105517557
7a3b88385b3be5200875104e,pipe_fryum,evaluation,28.0906925201416,2.303394317626953,1.6558762788772583,-1.0055065642846024,-0.31508011471152375,-0.7160432763634221
aac0b822f7838c82af1d1744,pipe_fryum,evaluation,29.804845809936523,2.863361358642578,1.823105812072754,-0.14451751613369807,0.7747485852751393,1.8078061519674278
7b9fd6f4aad88e32b4e6856f,pipe_fryum,evaluation,28.7663631439209,2.0774288177490234,1.7826385498046875,-0.6661290939646268,-0.7548625821352252,1.19706907227961
aaf2e70cd11620fe48c293fe,pipe_fryum,evaluation,29.92913055419922,2.118236541748047,1.6471197605133057,-0.08209147506754648,-0.6754410706216051,-0.8481977675273413
bc93a9e26ce2a3f13c02d603,pipe_fryum,evaluation,31.4002742767334,2.5908737182617188,1.4875993728637695,0.6568381416118463,0.2444229962188738,-3.2556997887507175
cf28e0b1762a3ed523e5c591,pipe_fryum,evaluation,31.03651428222656,3.225564956665039,1.6974159479141235,0.4741278943484339,1.4796827107682429,-0.08912129704303179
b042df6968c69f5bd45695f1,pipe_fryum,evaluation,31.95828437805176,3.465578079223633,1.711215615272522,0.9371168009668484,1.9468051843755299,0.11914504149260613
0e95fade7a72558185234da3,pipe_fryum,evaluation,28.853464126586918,2.1712474822998047,1.6352521181106567,-0.6223798023434578,-0.5722692047885578,-1.0273057391949154
c623ae09c1e9bd3ab6cbfcd6,pipe_fryum,evaluation,29.407745361328125,3.1062870025634766,1.6769119501113892,-0.343974087085148,1.247539516376294,-0.39857024510911443
caea7e3b85eb8a1567dfd975,pipe_fryum,evaluation,31.88661003112793,3.6387462615966797,1.7730480432510376,0.9011160371482457,2.283831547092126,1.052327925065282
e7e0f8b252f9f578c92d2646,pipe_fryum,evaluation,27.396188735961918,1.9114532470703125,1.7613725662231445,-1.3543435998274425,-1.0778904162274763,0.876120137724932
e8ea516d922b57b6c2e5ae6a,pipe_fryum,evaluation,30.82211303710937,2.7901668548583984,1.5843132734298706,0.36643791991335817,0.6322947173464096,-1.7960812752549473
6e5c8739e16ce83fe556694f,pipe_fryum,evaluation,29.149734497070312,2.079305648803711,1.748130202293396,-0.4735684061886064,-0.7512098236715934,0.6762646935626019
c5fe4ad5796453842ba24e2e,pipe_fryum,evaluation,33.95827102661133,2.4479827880859375,1.824111819267273,1.941674917857218,-0.033676651201288245,1.8229889407623678
2c860b0347ffe5e1fefae507,pipe_fryum,evaluation,30.53580474853516,3.282665252685547,1.7795414924621582,0.22263030228383057,1.5908134324407481,1.150327888147303
7d82e2fa502490171062e1d9,pipe_fryum,evaluation,31.61919593811035,2.9008350372314453,1.731590747833252,0.7667986416270508,0.8476812535017387,0.42664913890252926
cf59db8f504ef18f53a4814f,pipe_fryum,evaluation,35.76108169555664,5.174829483032227,1.8006138801574707,2.847195008208777,5.273413893317598,1.468355048913264
1db692405f0bc9bd4f076f2b,pipe_fryum,evaluation,35.65116500854492,3.0239124298095703,1.6056373119354248,2.79198578958782,1.087219056490796,-1.4742561683880124
d6a5886f081c7fbc1862b032,pipe_fryum,evaluation,31.978065490722656,2.599630355834961,1.8491007089614868,0.94705250594217,0.26146549022957866,2.2001244488525327
da89a148d452e38766b2990c,pipe_fryum,evaluation,29.30814743041992,2.228973388671875,1.7508965730667114,-0.3940003760063189,-0.45992089696150884,0.7180151138464479
5cb93b9c88f1b3ec40b49a62,pipe_fryum,evaluation,31.72707748413086,3.144611358642578,1.696825385093689,0.8209856447231144,1.3221278048008402,-0.0980341463960514
2621de051ab80ad359cae9c9,pipe_fryum,evaluation,32.81041717529297,2.985563278198242,1.7304081916809082,1.3651281173192211,1.0125825100784172,0.40880185073499703
7196cc9fa0f293edd384139f,pipe_fryum,evaluation,33.16274642944336,3.977628707885742,1.649811029434204,1.5420969047506854,2.9433771789522765,-0.807580793971877
a43b485d8fa45fa1c708d7d6,pipe_fryum,evaluation,30.164077758789062,3.04443359375,1.6070270538330078,0.03591837343889988,1.127158109651583,-1.45328200654758
7efa3db1a6bb8bcd36099bea,pipe_fryum,evaluation,36.612979888916016,4.743221282958984,1.6658238172531128,3.275088487157626,4.433401947728322,-0.565913759384804
4954fadf0e288712cf3d27df,pipe_fryum,evaluation,31.482208251953125,2.7133445739746094,1.715264081954956,0.6979921362724357,0.4827803345824891,0.1802450166395377
0210f72d93f7dd0646bb9287,pipe_fryum,evaluation,30.444244384765625,2.118886947631836,1.6278690099716187,0.17664114196800276,-0.6741752264792286,-1.1387325482037802
8501bab627fc3b4cc9e739a5,pipe_fryum,evaluation,29.54852867126465,2.2313308715820312,1.8803374767303467,-0.27326110666536135,-0.45533267596450794,2.67155372913509
2f443362a5d61cfe6f160d0f,pipe_fryum,evaluation,28.7067813873291,2.2469520568847656,1.920414924621582,-0.6960559623494651,-0.4249301436300116,3.27640768056607
6dec7f4af93d85dc39803658,pipe_fryum,evaluation,29.573644638061523,2.0688858032226562,1.7716020345687866,-0.26064579829441736,-0.7714893150199882,1.0305045777394588
4fdfcc645e1d4d56e8cc393e,pipe_fryum,evaluation,29.126544952392575,2.3702945709228516,1.7480785846710205,-0.48521610661190234,-0.1848763513864372,0.6754856738270635
7cb774f507c1a7f9e7631a9c,pipe_fryum,evaluation,28.821144104003903,2.254547119140625,1.751889705657959,-0.6386135812275476,-0.41014835074161543,0.7330035974879511
55db29d7f7fadddad71325f1,pipe_fryum,evaluation,32.0072021484375,2.691469192504883,1.7626056671142578,0.9616873366434566,0.44020565285546365,0.894730253531883
6126f9369e8422abe8cbccaa,pipe_fryum,evaluation,29.335100173950195,2.481048583984375,1.8561270236968994,-0.3804624869882574,0.030677231649850756,2.3061664863406897
4fb3fbbd45514de26c77479a,pipe_fryum,evaluation,30.5524959564209,2.7468032836914062,1.6203285455703735,0.2310140024322288,0.5478989209331283,-1.2525341979768732
76f747c07b2115d7d36e7e09,pipe_fryum,evaluation,31.035797119140625,2.6232147216796875,1.7102704048156738,0.473767675944162,0.3073662609641387,0.10487980481111794
f45cc8c6731ed53fb4454dea,pipe_fryum,evaluation,30.000572204589844,2.857860565185547,1.6064023971557617,-0.04620759062480046,0.7640427362821373,-1.462709404732849
5b78614f133956f6be42d70c,pipe_fryum,evaluation,32.61357879638672,2.5551719665527344,1.780015468597412,1.2662596616781652,0.17493891804584544,1.1574811963886444
7a358805a1a720db3ad1ed21,pipe_fryum,evaluation,34.04906463623047,3.1380767822265625,1.671364188194275,1.9872789510493258,1.3094099689305125,-0.4822977750224827
5f864c9d0199d4dc9272ebd7,pipe_fryum,evaluation,30.751522064208984,2.8893890380859375,1.8483773469924927,0.3309813158118534,0.8254046238876591,2.189207377824248
5fc4e442f1ce6ccc47f817dc,pipe_fryum,evaluation,34.86638259887695,4.417341232299805,1.614975094795227,2.397803388324024,3.7991620622569706,-1.3333291593707781
da74c00a468f645be7f7f795,pipe_fryum,evaluation,36.724735260009766,3.8747920989990234,1.7124543190002441,3.3312212444533698,2.7432327426462075,0.1378397160237379
a4884ebd344af55b796d9446,pipe_fryum,evaluation,30.167049407958984,2.71282958984375,1.6827582120895386,0.03741098055022512,0.4817780532967365,-0.3103377142308771
fbf590b715344fc929e9ddd0,pipe_fryum,evaluation,28.4081974029541,1.7574081420898438,1.7612444162368774,-0.8460294460691691,-1.3776987338664581,0.8741860817995191
286a5cf7bc56b96370507bdf,pipe_fryum,evaluation,32.8544807434082,3.819927215576172,1.6235188245773315,1.3872604725732876,2.636452664184451,-1.20438610060394
b53096c9b1f28abc02cf989a,pipe_fryum,evaluation,28.16987991333008,2.2838191986083984,1.9453593492507935,-0.9657321294701655,-0.35317794002885416,3.652872116228161
aa388c0b54898cd2df16d788,pipe_fryum,evaluation,56.7636604309082,10.679344177246094,1.7492566108703613,13.396420904002603,15.986505296647515,0.6932645953665345
702485fb6d28c085f95458f5,pipe_fryum,evaluation,45.87147903442383,8.51034927368164,1.6587880849838257,7.925469765223151,11.765126674537886,-0.6720979274944563
24988ee82878247416514fff,pipe_fryum,evaluation,58.7368392944336,12.225177764892578,1.7537145614624023,14.38751394197791,18.995064168549906,0.7605445538658324
733e12e6f055dfbc969c7ae4,pipe_fryum,evaluation,62.30963897705078,11.249687194824219,1.6078078746795654,16.182068382519482,17.096528108465638,-1.4414977588159936
4ee40b105c9abce2b17b343a,pipe_fryum,evaluation,45.44428253173828,7.298580169677734,1.7150825262069702,7.710896475651932,9.406736536244495,0.17750495415172002
cf45fb37af36b9cb2e036161,pipe_fryum,evaluation,54.6743392944336,9.967166900634766,1.620725154876709,12.346991645088396,14.600439370121478,-1.2465485197779438
9c7c483bee80475cb9be16b7,pipe_fryum,evaluation,41.098262786865234,6.463050842285156,1.650769829750061,5.527967197587802,7.7805982567103324,-0.7931104574062054
f9991632fc5297445556de43,pipe_fryum,evaluation,47.86130142211914,8.003829956054688,1.6996850967407227,8.924922552655081,10.779319923400704,-0.05487501374978829
85aa351ddd6bf045da1da401,pipe_fryum,evaluation,54.06186676025391,8.543067932128906,1.7550148963928223,12.039357463617362,11.82880494555937,0.7801693743629535
0449c1a215feb95ea376c73c,pipe_fryum,evaluation,54.14228439331055,10.051383972167969,1.6424810886383057,12.079749826279551,14.764345769718224,-0.9182051946619193
99bf917f1d6959dd4bcb317d,pipe_fryum,evaluation,64.60333251953125,12.558387756347656,1.6486157178878784,17.334150306374962,19.643569857655134,-0.8256205881710549
92c8db57341a024a86d2b692,pipe_fryum,evaluation,51.87516784667969,7.475460052490234,1.7859907150268555,10.941017059990955,9.75098674852433,1.2476603770448325
7eb01c3335029e91e2ce4985,pipe_fryum,evaluation,55.82186126708984,8.34670639038086,1.7078551054000854,12.923371748811642,11.446638803454803,0.06842779820200806
ddddf6167e2d1efb8ae176af,pipe_fryum,evaluation,55.58956527709961,9.424575805664062,1.8425453901290894,12.806693558767806,13.544428383146691,2.1011907415609405
9d5222b6e52561ea7d059cfd,pipe_fryum,evaluation,49.02398300170898,7.429424285888672,1.7492594718933105,9.508917060306965,9.661390225883865,0.6933077742895205
9fef093da9744935a3718f38,pipe_fryum,evaluation,47.36268615722656,8.469200134277344,1.6280208826065063,8.674476874973166,11.685040687653341,-1.136440467041942
6c59c63705e5998b15f24bd7,pipe_fryum,evaluation,47.0916633605957,7.696651458740234,1.5287257432937622,8.538346891098552,10.181477697213813,-2.635015364680008
81ee1534cf0fac2ff1f581ee,pipe_fryum,evaluation,41.3167839050293,5.0759429931640625,1.62405264377594,5.637726511792109,5.080957325688543,-1.1963296332234754
1f768d6f038138aeb90761ef,pipe_fryum,evaluation,42.51161956787109,4.937385559082031,1.701194167137146,6.237871449920708,4.811291689680344,-0.032099930996482826
d5fc2b3e86237af915b953c8,pipe_fryum,evaluation,52.65985107421875,8.798503875732422,1.641201376914978,11.33514964381586,12.325943887598493,-0.9375187670891832
d432ab3933e2a8e67264beef,pipe_fryum,evaluation,43.64510345458984,5.487068176269531,1.5969184637069702,6.8072004699858395,5.881104461175236,-1.6058421370659497
af4ba14f7bbdb808da54580e,pipe_fryum,evaluation,50.423946380615234,8.341270446777344,1.806210994720459,10.212094042334535,11.436059167660748,1.55282741524814
be75f9f76ad7cd0b167fc750,pipe_fryum,evaluation,48.28526306152344,7.938804626464844,1.773227334022522,9.137871027296386,10.65276520638634,1.0550338042390692
44303df434a9f4b33a7a6654,pipe_fryum,evaluation,53.56221771240234,9.3631591796875,1.6062198877334595,11.78839253493779,13.424897059438415,-1.4654638601949954
eaabd5c8c55e835bed64407e,pipe_fryum,evaluation,45.98954391479492,5.898075103759766,1.6969094276428223,7.984771678054366,6.681021443181497,-0.09676576553333868
ba0c8a426ec24b0bd3b22f26,pipe_fryum,evaluation,47.62495803833008,5.989521026611328,1.6629199981689453,8.806211427893507,6.858996902307882,-0.6097385670937674
cb3e29917e9f7b99822d2813,pipe_fryum,evaluation,56.90990447998047,9.249977111816406,1.6623988151550293,13.469876717644292,13.204617905747448,-0.6176043275643773
bf73f2ad1ca1f8a863c4c74e,pipe_fryum,evaluation,42.465126037597656,6.3369598388671875,1.7130718231201172,6.214518567413867,7.535195252123167,0.14715916690154202
8fdc0decf27dd16474875aee,pipe_fryum,evaluation,48.57720947265625,8.381881713867188,1.6870265007019043,9.284510574721217,11.515098327424617,-0.2459201585011905
6d97b059a95c16c2ec2f72b8,pipe_fryum,evaluation,48.2106819152832,7.797492980957031,1.7682262659072876,9.100410229307272,10.377739221575819,0.9795570468596023
3bd90d4365f1e8cd9f5a7f7c,pipe_fryum,evaluation,59.54259490966797,12.603874206542969,1.767987608909607,14.792230815511363,19.732097280257463,0.9759552050338565
71d17a00bca4cf9fd77446b8,pipe_fryum,evaluation,57.59491729736328,10.859550476074219,1.8867907524108887,13.813946607496534,16.33722950360273,2.7689473881735163
0c4d03db8dfde3f3032d7099,pipe_fryum,evaluation,54.84640121459961,10.507579803466797,1.588495135307312,12.433415321283931,15.652211078472822,-1.732968082823795
4b32ad4ec07b6614e21c6852,pipe_fryum,evaluation,41.08736038208008,6.730968475341797,1.6345492601394653,5.522491111420707,8.30202952739377,-1.0379133612751341
c258d3a75fc25eb2c47648af,pipe_fryum,evaluation,59.85850143432617,13.418296813964844,1.7799484729766846,14.950905106538547,21.31715687568741,1.1564700899420564
48d85fa3550ce0d7862dfb05,pipe_fryum,evaluation,55.85163497924805,10.367637634277344,1.7289717197418213,12.938326560755026,15.379850419451822,0.3871224331524604
b84f34cda76ef08ff8e99f51,pipe_fryum,evaluation,52.84660720825195,9.960628509521484,1.6572493314743042,11.428953965188326,14.58771410994533,-0.6953209915737412
6d936d7f701b0448f20b8956,pipe_fryum,evaluation,58.1811637878418,12.46426773071289,1.7833672761917114,14.108407908492136,19.460389960148657,1.2080671037884936
e021418646356481c77b8613,pipe_fryum,evaluation,51.12692642211914,10.287437438964844,1.6732561588287354,10.565188552847035,15.223761813883947,-0.4537439130762223
bfb6d7405f02d93d1ad109f5,pipe_fryum,evaluation,57.473541259765625,11.675369262695312,1.5628938674926758,13.752981558628566,17.92500639496294,-2.1193456795547476
3faee577018566a57ee7dc85,pipe_fryum,evaluation,70.08503723144531,9.132495880126953,1.6727277040481567,20.08751416843649,12.975971559396903,-0.46171941997608823
e1b7deab408eee537147a175,pipe_fryum,evaluation,61.976524353027344,8.02752685546875,1.7129502296447754,16.014750765845072,10.825439711156966,0.14532406267463852
95da451e4152cd14590a84de,pipe_fryum,evaluation,66.39669036865234,9.320350646972656,1.639574646949768,18.234922411589338,13.341581499522,-0.9620695830502866
4422f862d41ba0d8e8992654,pipe_fryum,evaluation,64.30585479736328,8.868637084960938,1.7852391004562378,17.1847324787044,12.462439750106359,1.2363169141520611
de0ea409166c9b6a3023fdcd,pipe_fryum,evaluation,70.06974029541016,11.07547378540039,1.6860687732696533,20.079830786515544,16.757467485954255,-0.26037430297074227
1a8ba50ac8a59956b346085d,pipe_fryum,evaluation,67.22394561767578,7.994045257568359,1.6993365287780762,18.650438173029638,10.760276578971405,-0.0601356458669117
d779115fd6d4617d2a54b54a,pipe_fryum,evaluation,61.76977157592773,7.646629333496094,1.7836426496505737,15.910902482370462,10.084122774991043,1.2122230751258927
2b2db9e826f5daf3cb3071ea,pipe_fryum,evaluation,70.05665588378906,11.064849853515625,1.5236135721206665,20.073258716692894,16.73679079424447,-2.712168903568763
c41e2548d6303abc53802db7,pipe_fryum,evaluation,64.61607360839844,9.755786895751953,1.5775376558303833,17.340549931216845,14.189043736002038,-1.8983397596164588
2b648c40bebad7995a5ad986,pipe_fryum,evaluation,66.3519058227539,8.898796081542969,1.623445749282837,18.21242792187566,12.521136311922362,-1.2054889622618732
62119a98c3d5576e86d6a789,pipe_fryum,evaluation,51.68757247924805,11.501575469970703,1.8726836442947388,10.846791206443276,17.5867624460918,2.556041114538678
8ed6c90ae60347ba4c72a07a,pipe_fryum,evaluation,50.90552520751953,9.304008483886719,1.6930341720581055,10.453982616859609,13.30977577338745,-0.1552516167178283
0b7d763512126c93322f8af2,pipe_fryum,evaluation,43.73296737670898,6.988628387451172,1.7036025524139404,6.851332972675383,8.803496839726181,0.004247726548744308
c39c7f23ba46526d4f88e6d7,pipe_fryum,evaluation,51.99765396118164,11.062366485595703,1.7240811586380005,11.002539680963409,16.731957571155398,0.31331346167332647
dd75a67f4915e33534943c10,pipe_fryum,evaluation,47.11991882324219,9.714553833007812,1.6921806335449219,8.552539113015865,14.108794414389443,-0.16813332874197454
e1287049e1c0516f22255bc4,pipe_fryum,evaluation,52.39566421508789,11.011360168457031,1.8417030572891235,11.202453231113898,16.632687178030963,2.088478146985156
057a07d881ec15a46279132e,pipe_fryum,evaluation,48.95788192749024,9.588325500488281,1.7511996030807495,9.47571565334286,13.863124134792745,0.722588481439378
bdb30dc88493807718e7d1f6,pipe_fryum,evaluation,53.51795196533203,10.22165298461914,1.6637868881225586,11.766158628750608,15.095729660011324,-0.59665535342902
fd5e2c989bb909c18fe9c77c,pipe_fryum,evaluation,58.55208587646485,13.759395599365234,1.8947397470474243,14.294715549659932,21.981016029229206,2.8889146283246467
57bb6a0476ceb3509b91b43d,pipe_fryum,evaluation,51.775634765625,9.92184829711914,1.6858187913894653,10.891023344010597,14.512238616975248,-0.26414706136664096
e0ddc332cd9e88be32f13168,pipe_fryum,evaluation,52.197242736816406,9.315311431884766,1.7135775089263916,11.10278961250596,13.331773991533264,0.15479104153931134
771d685ed94af1f169c48a71,pipe_fryum,evaluation,52.952632904052734,10.16036605834961,1.7772488594055176,11.482208807360564,14.97645076270094,1.1157271778612163
496a39db40d0871f481f064c,pipe_fryum,evaluation,45.75292205810547,8.467334747314453,1.7441588640213013,7.865920681252834,11.68141020210717,0.6163287502145003
a4f0decdaeb9a8df57c1a327,pipe_fryum,evaluation,42.961822509765625,8.027557373046875,1.787649393081665,6.464000469258815,10.825499105603528,1.2726933576459456
901934e119123ecb36d9f0e3,pipe_fryum,evaluation,47.035743713378906,8.822685241699219,1.681256651878357,8.51025943584192,12.373006562193943,-0.33299945231134437
abc77e893b93053c28c53516,pipe_fryum,evaluation,54.98716354370117,11.502098083496094,1.7285797595977783,12.504117763399337,17.58777957598919,0.38120692070338325
dad09c8a3db135aa0ab0ca8a,pipe_fryum,evaluation,57.05084991455078,11.5513916015625,1.601691722869873,13.540671130416108,17.68371645580027,-1.5338035014292404
af76920517b7bf9e84ca4933,pipe_fryum,evaluation,52.66645431518555,10.109451293945312,1.6028822660446167,11.338466335612656,14.877358552916197,-1.5158356721017057
360090d515946477b25a2eba,pipe_fryum,evaluation,53.6580696105957,10.241016387939453,1.6377285718917847,11.836537257513237,15.133415436355623,-0.9899307831069805
12ef41b8576c7c4e0df76fb2,pipe_fryum,evaluation,48.744606018066406,8.704906463623047,1.7070891857147217,9.368590915233636,12.143781119989407,0.05686844069430701
9f5996b1113b389991f83b3b,pipe_fryum,evaluation,41.26121520996094,5.5258026123046875,1.8003827333450317,5.60981533362693,5.956490862475475,1.464866551760356
5b0010b9839800bf37045817,pipe_fryum,evaluation,51.36458587646485,8.246929168701172,1.7125886678695679,10.684560716701563,11.252448660416686,0.13986732628228718
7a5bf53731e0a9a669ef7889,pipe_fryum,evaluation,55.59098052978516,9.068729400634766,1.8104133605957031,12.807404415299649,12.851866863303266,1.6162500566273583
978319c9ebc05207a4478bce,pipe_fryum,evaluation,47.9724006652832,8.269214630126953,1.8827100992202759,8.980725748432022,11.295821455019404,2.7073616501429925
308a5df6dd48db5b057d2ee5,pipe_fryum,evaluation,41.55346298217773,7.158367156982422,2.005737543106079,5.756606249423766,9.133848751510246,4.56410751307143
e72a2af22fa59baef68800fa,pipe_fryum,evaluation,47.622650146484375,8.364757537841797,1.7959725856781006,8.805052214411669,11.481770618596888,1.398308041099282
92219acf00c528a158b9b5cc,pipe_fryum,evaluation,46.46468734741211,7.273639678955078,1.776707649230957,8.223427867217687,9.358196424790787,1.1075591649297045
a7b903f127fa92c66e04c9e3,pipe_fryum,evaluation,45.61004638671875,6.220760345458984,1.6444013118743896,7.794156744478025,7.3090434725282725,-0.8892249408511724
8d62649f443ae79817c13a24,pipe_fryum,evaluation,47.88259506225586,5.991382598876953,1.6857359409332275,8.93561797357346,6.862619963548232,-0.2653974510114429
56a9d5dc513156c13df1ea93,pipe_fryum,evaluation,52.78550338745117,8.200614929199219,1.6911134719848633,11.398262590722076,11.162310163451334,-0.18423906701573947
33b64b0c0133325b4ea95503,pipe_fryum,evaluation,46.47329330444336,6.948577880859375,1.8176627159118652,8.22775048806897,8.725549052917907,1.7256582509866294
ec6dc1b1f43ad8c8911e025d,pipe_fryum,evaluation,48.46004104614258,7.503822326660156,1.6914914846420288,9.225658934895344,9.806186462298928,-0.17853405181621884
4ec231856480e7aa7fca76be,pipe_fryum,evaluation,42.24253845214844,5.75762939453125,1.8449195623397827,6.102716738215115,6.407680775792205,2.137022051152127
259ee2c9ef0f9a9c45b411f3,pipe_fryum,evaluation,44.94454956054688,6.11114501953125,1.648606777191162,7.45988939375485,7.095706044779371,-0.8257555223053861
fadb436ceeea2e435f8dca9e,pipe_fryum,evaluation,66.2337646484375,12.33060073852539,1.6897287368774414,18.153087687937607,19.200242284202197,-0.20513766574094655
f57730953547b32edefd782d,pipe_fryum,evaluation,36.390724182128906,3.2406692504882812,1.5262385606765747,3.163453354773617,1.5090792496640766,-2.6725522417291403
fa2b4fefc6133cb7d6460db2,pipe_fryum,evaluation,52.86792755126953,9.124988555908203,1.6921970844268799,11.439662798494098,12.961360525542375,-0.16788504993480521
8d1ddfce04bbda2df6c274e2,pipe_fryum,evaluation,43.05491256713867,5.500495910644531,1.6891474723815918,6.510757967766735,5.907238017663008,-0.21391018359426178
715b3f75141c544aed0e386f,pipe_fryum,evaluation,45.39825439453125,7.217830657958984,1.6104676723480225,7.687777351896797,9.249578830638484,-1.401355753413375
985b2d3e9e0d6f16160f4fc4,pipe_fryum,evaluation,39.05956268310547,3.527088165283203,1.797249436378479,4.503963993060352,2.0665184035764055,1.41757843460356
e779547ac415b9900bd04058,pipe_fryum,evaluation,52.8350944519043,6.172389984130859,1.51863694190979,11.423171310166529,7.21490327472573,-2.7872768409810584
92c4dce718327918dcb3afe1,pipe_fryum,evaluation,53.97289657592773,7.319782257080078,1.8765062093734741,11.994669304878666,9.448000827994221,2.6137317538915097
927b327bf71e71304da94c00,pipe_fryum,evaluation,51.00768661499024,7.435890197753906,1.5870065689086914,10.505296494970525,9.673974424249426,-1.7554337166290344
dbffe09b728470ee63402d0d,pipe_fryum,evaluation,62.69874954223633,8.278194427490234,1.659139633178711,16.377511775557362,11.313298270920601,-0.6667923173325558
8739060da5262e8b525be173,pipe_fryum,evaluation,60.54819107055664,7.330226898193359,1.5689455270767212,15.297324080239937,9.468328577330448,-2.028013261830476
9324dd2f3bff7d261313254b,pipe_fryum,evaluation,56.02255630493164,6.722007751464844,1.637598991394043,13.024177336403344,8.284589833021675,-0.9918864284938864
8d602a6fd0e112599dd329b7,pipe_fryum,evaluation,60.01988983154297,6.8021697998046875,1.577071189880371,15.031967659887504,8.440604195531346,-1.9053797231849623
de49fabd2dc494b1cb0f31f4,pipe_fryum,evaluation,55.436126708984375,6.988883972167969,1.5303761959075928,12.72962406475133,8.803994268216147,-2.6101065234824796
013f6d6986ec962ab26302b8,pipe_fryum,evaluation,57.99342727661133,6.958942413330078,1.4612467288970947,14.014111160896809,8.745720891831906,-3.6534172501308593
9c93f059c631dc3ee1e97869,pipe_fryum,evaluation,50.5637321472168,6.074283599853516,1.6340343952178955,10.28230597428242,7.023964977636944,-1.0456837682908167
