category,epoch,loss,bce,dice,identity,residual_l1,normal_fp
screw,1,2.0439295768737793,0.5462921857833862,0.973471999168396,0.0,0.0,0.5241653919219971
screw,50,2.0198001861572266,0.5266645550727844,0.97417151927948,9.008544293465093e-05,0.006128416862338781,0.51265549659729
screw,100,1.9942152500152588,0.5080767869949341,0.9752531051635742,0.0005090881604701281,0.012346114963293076,0.4975210428237915
screw,150,1.9760068655014038,0.4939829707145691,0.9751198291778564,0.0009219892090186477,0.0195462703704834,0.485513836145401
