strategy,image_mode,category,num_images,num_defect_types,fallback_count,top1_accuracy,top2_accuracy,macro_f1
category_aware,gt_crop,MEAN,328,20,0,0.29726097532834644,0.5022070040830978,0.2147232524060093
generic,gt_crop,MEAN,328,20,0,0.2904437404252319,0.4623265324436411,0.186490159575522
manufacturing_aware,gt_crop,MEAN,328,20,0,0.2787539500926228,0.45393591074873885,0.1969018076982343
generic,full,MEAN,328,20,0,0.2701856944150658,0.4467501073656007,0.14950429681327
manufacturing_aware,full,MEAN,328,20,0,0.26837081514528005,0.46168450217615653,0.1594941231829422
category_aware,full,MEAN,328,20,0,0.2682723432622477,0.42911386522572414,0.14690566248573722
