category,image_path,gt_binary,D_raw_patchcore,M_raw_crop_topk,Q_raw_candidate_quality,F_raw_full_image_vlm,D,M,Q,F,K,agreement,mutual_anomaly_evidence,adaptive_gate,V0_detector_only,V1_full_image_vlm,V2_crop_topk_vlm,V3_naive_detector_crop_fusion,V4_quality_calibrated_qcr,V5_fixed_qc_diagnostic,V6_adaptive_qcr_refinement,stage18_m_score_source,stage18_q_score_source,stage18_full_image_source,stage18_note
sheet_metal,/root/private_data/iad-vlm-anomaly/datasets/MVTec_AD_2_anomalib_all/sheet_metal_folder/test/bad/000180_000_overexposed.png,1,0.6107113361358643,0.0160163342952728,0.888784646987915,0.0080021023750305,0.31537662498573743,0.8833467712380029,0.5333783746778075,0.8813932634553074,0.2785869234050896,0.4320298537477345,0.31537662498573743,0.02024600735091827,0.31537662498573743,0.8813932634553074,0.8833467712380029,0.5993616981118701,0.49631452158232314,0.5606858882977859,0.49732682194986905,context_topk_mean_score,max(candidate_score_mean),full_image_score,AD2 QCR ablation assembled from Stage11 image-level VLM predictions and candidate-level non-GT quality evidence.
sheet_metal,/root/private_data/iad-vlm-anomaly/datasets/MVTec_AD_2_anomalib_all/sheet_metal_folder/test/bad/000181_000_regular.png,1,0.5817731618881226,0.0144146432479222,0.8934324383735657,0.0073002278804779,0.26448444044692904,0.737446870506561,0.5667430572432985,0.8027395704789027,0.1950432229052667,0.527037569940368,0.26448444044692904,0.01540844370447299,0.26448444044692904,0.8027395704789027,0.737446870506561,0.500965655476745,0.42108966133645254,0.4769511523962526,0.4218600835216762,context_topk_mean_score,max(candidate_score_mean),full_image_score,AD2 QCR ablation assembled from Stage11 image-level VLM predictions and candidate-level non-GT quality evidence.
sheet_metal,/root/private_data/iad-vlm-anomaly/datasets/MVTec_AD_2_anomalib_all/sheet_metal_folder/test/bad/000183_000_shift_2.png,1,0.7540854215621948,0.0169077217578887,0.9453627467155457,0.0057965219020843,0.567521779380511,0.9645442921481912,0.9395304974686708,0.6342307711575291,0.5473998929712568,0.6029774872323198,0.567521779380511,0.17599455052859317,0.567521779380511,0.6342307711575291,0.9645442921481912,0.766033035764351,0.7514516573854425,0.7615194676554735,0.7602513849118722,context_topk_mean_score,max(candidate_score_mean),full_image_score,AD2 QCR ablation assembled from Stage11 image-level VLM predictions and candidate-level non-GT quality evidence.
sheet_metal,/root/private_data/iad-vlm-anomaly/datasets/MVTec_AD_2_anomalib_all/sheet_metal_folder/test/bad/000187_001_regular.png,1,0.6158413290977478,0.0111439625422159,0.8924779295921326,0.0046549290418624,0.3243984985242638,0.4395167602795434,0.5598910107859615,0.5063012124845291,0.14257857711093266,0.8848817382447204,0.3243984985242638,0.022915104333985106,0.3243984985242638,0.5063012124845291,0.4395167602795434,0.3819576294019036,0.3335988101245889,0.37581306231121236,0.33474456534128816,context_topk_mean_score,max(candidate_score_mean),full_image_score,AD2 QCR ablation assembled from Stage11 image-level VLM predictions and candidate-level non-GT quality evidence.
sheet_metal,/root/private_data/iad-vlm-anomaly/datasets/MVTec_AD_2_anomalib_all/sheet_metal_folder/test/bad/000188_001_shift_1.png,1,0.8422553539276123,0.0124489565690358,0.912876546382904,0.0019727498292922,0.7225820271452867,0.5583901842667046,0.7063247289817518,0.20572995376160436,0.40348271128546565,0.8358081571214179,0.5583901842667046,0.13300676257772534,0.7225820271452867,0.20572995376160436,0.5583901842667046,0.6404861057059956,0.5994897585313822,0.6233696285915183,0.6061400966602685,context_topk_mean_score,max(candidate_score_mean),full_image_score,AD2 QCR ablation assembled from Stage11 image-level VLM predictions and candidate-level non-GT quality evidence.
sheet_metal,/root/private_data/iad-vlm-anomaly/datasets/MVTec_AD_2_anomalib_all/sheet_metal_folder/test/bad/000189_001_shift_2.png,1,0.8737521171569824,0.0135986506938934,0.9046049118041992,0.002040684223175,0.7779738798904319,0.6631171595255783,0.6469458887721256,0.21334284039656023,0.5158878294180366,0.8851432796351464,0.6631171595255783,0.19589668297729515,0.7779738798904319,0.21334284039656023,0.6631171595255783,0.7205455197080051,0.6620164598589411,0.6927197875854204,0.6718112940078058,context_topk_mean_score,max(candidate_score_mean),full_image_score,AD2 QCR ablation assembled from Stage11 image-level VLM predictions and candidate-level non-GT quality evidence.
sheet_metal,/root/private_data/iad-vlm-anomaly/datasets/MVTec_AD_2_anomalib_all/sheet_metal_folder/test/bad/000191_001_underexposed.png,1,0.5921244025230408,0.0120640496412913,0.902712345123291,0.0041875094175338,0.28268867282482274,0.5233285644607757,0.6333598903261803,0.45392107912960067,0.14793905733873638,0.7593601083640471,0.28268867282482274,0.020113589818894533,0.28268867282482274,0.45392107912960067,0.5233285644607757,0.40300861864279924,0.35504030807546383,0.4005367896807311,0.35604598756640854,context_topk_mean_score,max(candidate_score_mean),full_image_score,AD2 QCR ablation assembled from Stage11 image-level VLM predictions and candidate-level non-GT quality evidence.
sheet_metal,/root/private_data/iad-vlm-anomaly/datasets/MVTec_AD_2_anomalib_all/sheet_metal_folder/test/bad/000193_002_regular.png,1,0.5793967247009277,0.0146446824073791,0.9268587827682496,0.0041707605123519,0.2603051138992273,0.758401405143327,0.8066977534666725,0.452044157748225,0.19741576414716774,0.5019037087559003,0.2603051138992273,0.020806344347565946,0.2603051138992273,0.452044157748225,0.758401405143327,0.5093532595212771,0.47270308567421776,0.5078939593784058,0.47374340289159605,context_topk_mean_score,max(candidate_score_mean),full_image_score,AD2 QCR ablation assembled from Stage11 image-level VLM predictions and candidate-level non-GT quality evidence.
sheet_metal,/root/private_data/iad-vlm-anomaly/datasets/MVTec_AD_2_anomalib_all/sheet_metal_folder/test/bad/000194_002_shift_1.png,1,0.8394360542297363,0.0063189417123794,0.8596252799034119,0.0032797753810882,0.7176238594576446,0.0,0.32405464522025473,0.3521982857228741,0.0,0.2823761405423554,0.0,0.0,0.7176238594576446,0.3521982857228741,0.0,0.3588119297288223,0.3588119297288223,0.31945500830508333,0.3588119297288223,context_topk_mean_score,max(candidate_score_mean),full_image_score,AD2 QCR ablation assembled from Stage11 image-level VLM predictions and candidate-level non-GT quality evidence.
sheet_metal,/root/private_data/iad-vlm-anomaly/datasets/MVTec_AD_2_anomalib_all/sheet_metal_folder/test/bad/000195_002_shift_2.png,1,0.8516057729721069,0.0079213380813598,0.8543062210083008,0.0032047778367996,0.7390261624059881,0.14596414929919274,0.28587119487641155,0.3437938859787004,0.10787132510543711,0.4069379868932047,0.14596414929919274,0.001831685229889724,0.7390261624059881,0.3437938859787004,0.14596414929919274,0.4424951558525904,0.41643585497011204,0.39337037668025715,0.4165274392316065,context_topk_mean_score,max(candidate_score_mean),full_image_score,AD2 QCR ablation assembled from Stage11 image-level VLM predictions and candidate-level non-GT quality evidence.
sheet_metal,/root/private_data/iad-vlm-anomaly/datasets/MVTec_AD_2_anomalib_all/sheet_metal_folder/test/bad/000198_003_overexposed.png,1,0.4880484938621521,0.0156255116065343,0.9276793003082277,0.0084806084632873,0.09965534445140417,0.8477462778813957,0.8125879290337826,0.9350157718171214,0.08448244732966628,0.25190906657000856,0.09965534445140417,0.0017233807836760612,0.09965534445140417,0.9350157718171214,0.8477462778813957,0.47370081116639995,0.4339813397684862,0.4686676865694649,0.43406750880767,context_topk_mean_score,max(candidate_score_mean),full_image_score,AD2 QCR ablation assembled from Stage11 image-level VLM predictions and candidate-level non-GT quality evidence.
sheet_metal,/root/private_data/iad-vlm-anomaly/datasets/MVTec_AD_2_anomalib_all/sheet_metal_folder/test/bad/000199_003_regular.png,1,0.4545032978057861,0.0144321074088414,0.9508287906646729,0.0082142353057861,0.04066101075655078,0.739037701240543,0.9787690962178963,0.9051653744742033,0.03005001991963828,0.3016233095160078,0.04066101075655078,0.00036071822371136177,0.04066101075655078,0.9051653744742033,0.739037701240543,0.3898493559985469,0.3859267464169507,0.412761396412591,0.3859447823281362,context_topk_mean_score,max(candidate_score_mean),full_image_score,AD2 QCR ablation assembled from Stage11 image-level VLM predictions and candidate-level non-GT quality evidence.
sheet_metal,/root/private_data/iad-vlm-anomaly/datasets/MVTec_AD_2_anomalib_all/sheet_metal_folder/test/bad/000200_003_shift_1.png,1,0.6207086443901062,0.015236755212148,0.9170721769332886,0.0060837417840957,0.33295841339472587,0.8123340056810261,0.736443525171237,0.6664173010738842,0.2704734416781367,0.5206244077136998,0.33295841339472587,0.03452857009015766,0.33295841339472587,0.6664173010738842,0.8123340056810261,0.5726462095378759,0.5191222378076712,0.5588086643152381,0.5208486663121791,context_topk_mean_score,max(candidate_score_mean),full_image_score,AD2 QCR ablation assembled from Stage11 image-level VLM predictions and candidate-level non-GT quality evidence.
sheet_metal,/root/private_data/iad-vlm-anomaly/datasets/MVTec_AD_2_anomalib_all/sheet_metal_folder/test/bad/000201_003_shift_2.png,1,0.6397439241409302,0.0128547449906667,0.9127625226974488,0.0062210410833358,0.3664348504889692,0.5953539236419408,0.705506197392338,0.6818033807962854,0.21815842599775576,0.7710809268470283,0.3664348504889692,0.04348801218227851,0.3664348504889692,0.6818033807962854,0.5953539236419408,0.480894387065455,0.4370623768477783,0.4770819719913734,0.43923677745689227,context_topk_mean_score,max(candidate_score_mean),full_image_score,AD2 QCR ablation assembled from Stage11 image-level VLM predictions and candidate-level non-GT quality evidence.
sheet_metal,/root/private_data/iad-vlm-anomaly/datasets/MVTec_AD_2_anomalib_all/sheet_metal_folder/test/bad/000202_003_shift_3.png,1,0.6231607794761658,0.0142017503579457,0.9203648567199708,0.0058788806200027,0.3372708662207216,0.7180542095028175,0.7600803898144385,0.6434600811885387,0.24217876523245077,0.619216656717904,0.3372708662207216,0.0384429800847063,0.3372708662207216,0.6434600811885387,0.7180542095028175,0.5276625378617695,0.48459371635276516,0.5223559457941046,0.4865158653570005,context_topk_mean_score,max(candidate_score_mean),full_image_score,AD2 QCR ablation assembled from Stage11 image-level VLM predictions and candidate-level non-GT quality evidence.
sheet_metal,/root/private_data/iad-vlm-anomaly/datasets/MVTec_AD_2_anomalib_all/sheet_metal_folder/test/bad/000204_004_overexposed.png,1,1.0,0.0125869115193684,0.8616328239440918,0.0066272914409637,1.0,0.5709566611738652,0.33846602131177284,0.727328743447891,0.5709566611738652,0.5709566611738652,0.5709566611738652,0.06299767310763413,1.0,0.727328743447891,0.5709566611738652,0.7854783305869326,0.6910515226557093,0.7193249327181099,0.6942014063110911,context_topk_mean_score,max(candidate_score_mean),full_image_score,AD2 QCR ablation assembled from Stage11 image-level VLM predictions and candidate-level non-GT quality evidence.
sheet_metal,/root/private_data/iad-vlm-anomaly/datasets/MVTec_AD_2_anomalib_all/sheet_metal_folder/test/bad/000205_004_regular.png,1,1.0,0.0118993818759918,0.8697901368141174,0.0060150176286697,1.0,0.508328786163578,0.397024190539435,0.6587159119182846,0.508328786163578,0.508328786163578,0.508328786163578,0.0521496119548888,1.0,0.6587159119182846,0.508328786163578,0.754164393081789,0.6775369027545165,0.6938668121357324,0.6801443833522609,context_topk_mean_score,max(candidate_score_mean),full_image_score,AD2 QCR ablation assembled from Stage11 image-level VLM predictions and candidate-level non-GT quality evidence.
sheet_metal,/root/private_data/iad-vlm-anomaly/datasets/MVTec_AD_2_anomalib_all/sheet_metal_folder/test/bad/000211_005_regular.png,1,0.5067092776298523,0.0144719878832499,0.8714832663536072,0.0051185488700866,0.13247317335153636,0.7426704600468982,0.40917850749129697,0.5582555318250033,0.098383912596858,0.3898027133046382,0.13247317335153636,0.0020787856077927494,0.13247317335153636,0.5582555318250033,0.7426704600468982,0.4375718166992173,0.3278753992874589,0.4008136953681893,0.32797933856784856,context_topk_mean_score,max(candidate_score_mean),full_image_score,AD2 QCR ablation assembled from Stage11 image-level VLM predictions and candidate-level non-GT quality evidence.
sheet_metal,/root/private_data/iad-vlm-anomaly/datasets/MVTec_AD_2_anomalib_all/sheet_metal_folder/test/bad/000212_005_shift_1.png,1,0.7918268442153931,0.0155705362558364,0.8559519648551941,0.0045655071735382,0.6338958163180217,0.8427385092341478,0.29768534841291305,0.4962803893443017,0.5342084152536128,0.7911573070838739,0.6338958163180217,0.07975334624603313,0.6338958163180217,0.4962803893443017,0.8427385092341478,0.7383171627760847,0.5903502621531345,0.6738431065875204,0.5943379294654361,context_topk_mean_score,max(candidate_score_mean),full_image_score,AD2 QCR ablation assembled from Stage11 image-level VLM predictions and candidate-level non-GT quality evidence.
sheet_metal,/root/private_data/iad-vlm-anomaly/datasets/MVTec_AD_2_anomalib_all/sheet_metal_folder/test/bad/000213_005_shift_2.png,1,0.7598381042480469,0.0140329971909523,0.8685071468353271,0.0048291385173797,0.5776387475878069,0.7026822872128228,0.38781410561410834,0.5258235326532545,0.40589651633775053,0.8749564603749841,0.5776387475878069,0.07955760214033332,0.5776387475878069,0.5258235326532545,0.7026822872128228,0.6401605174003149,0.5326174712836883,0.5914994761154377,0.536595351390705,context_topk_mean_score,max(candidate_score_mean),full_image_score,AD2 QCR ablation assembled from Stage11 image-level VLM predictions and candidate-level non-GT quality evidence.
sheet_metal,/root/private_data/iad-vlm-anomaly/datasets/MVTec_AD_2_anomalib_all/sheet_metal_folder/test/bad/000214_005_shift_3.png,1,0.7668877840042114,0.014509692788124,0.8561959266662598,0.004140168428421,0.5900366825791005,0.7461050436935502,0.29943665515388224,0.44861593746712863,0.4402293448364772,0.8439316388855502,0.5900366825791005,0.06564025094030032,0.5900366825791005,0.44861593746712863,0.7461050436935502,0.6680708631363254,0.5373974018821972,0.6084232905080962,0.5406794144292122,context_topk_mean_score,max(candidate_score_mean),full_image_score,AD2 QCR ablation assembled from Stage11 image-level VLM predictions and candidate-level non-GT quality evidence.
sheet_metal,/root/private_data/iad-vlm-anomaly/datasets/MVTec_AD_2_anomalib_all/sheet_metal_folder/test/bad/000215_005_underexposed.png,1,0.5190991759300232,0.0138901670773824,0.8563771843910217,0.0049079060554504,0.15426269556918534,0.6896717260151567,0.3007378337024499,0.5346504066941318,0.10639061951295072,0.4645909695540287,0.15426269556918534,0.0022931004774065806,0.15426269556918534,0.5346504066941318,0.6896717260151567,0.42196721079217103,0.3014018745002888,0.37828661395527685,0.30151652952415914,context_topk_mean_score,max(candidate_score_mean),full_image_score,AD2 QCR ablation assembled from Stage11 image-level VLM predictions and candidate-level non-GT quality evidence.
sheet_metal,/root/private_data/iad-vlm-anomaly/datasets/MVTec_AD_2_anomalib_all/sheet_metal_folder/test/bad/000217_006_regular.png,1,0.6078360080718994,0.0163833647966384,0.8420343995094299,0.0065390169620513,0.31031992288738947,0.916780006569642,0.19777657211122102,0.7174364994414267,0.2844951009433917,0.39353991631774754,0.31031992288738947,0.006871445165460021,0.31031992288738947,0.7174364994414267,0.916780006569642,0.6135499647285158,0.42968436485596684,0.5390671390882739,0.43002793711423987,context_topk_mean_score,max(candidate_score_mean),full_image_score,AD2 QCR ablation assembled from Stage11 image-level VLM predictions and candidate-level non-GT quality evidence.
sheet_metal,/root/private_data/iad-vlm-anomaly/datasets/MVTec_AD_2_anomalib_all/sheet_metal_folder/test/bad/000218_006_shift_1.png,1,0.7066926956176758,0.013490339120229,0.9017258882522584,0.0038662403821945,0.4841744564320407,0.653250932282914,0.6262785009875445,0.4179189216719339,0.3162874150518037,0.8309235241491267,0.4841744564320407,0.07969156273130969,0.4841744564320407,0.4179189216719339,0.653250932282914,0.5687126943574774,0.5076792149464637,0.5492267470899167,0.5116637930830292,context_topk_mean_score,max(candidate_score_mean),full_image_score,AD2 QCR ablation assembled from Stage11 image-level VLM predictions and candidate-level non-GT quality evidence.
sheet_metal,/root/private_data/iad-vlm-anomaly/datasets/MVTec_AD_2_anomalib_all/sheet_metal_folder/test/bad/000219_006_shift_2.png,1,0.7500139474868774,0.0167897790670394,0.8759348392486572,0.0039786994457244,0.5603614724374357,0.9538007552373893,0.44113461400223863,0.430521346640992,0.5344731956167617,0.6065607172000465,0.5603614724374357,0.08013820574434513,0.5603614724374357,0.430521346640992,0.9538007552373893,0.7570811138374125,0.6238195570272376,0.7032256720318301,0.6278264673144548,context_topk_mean_score,max(candidate_score_mean),full_image_score,AD2 QCR ablation assembled from Stage11 image-level VLM predictions and candidate-level non-GT quality evidence.
sheet_metal,/root/private_data/iad-vlm-anomaly/datasets/MVTec_AD_2_anomalib_all/sheet_metal_folder/test/bad/000222_007_overexposed.png,1,0.5253474116325378,0.0158238460620244,0.8969102501869202,0.0070219337940216,0.1652511691920215,0.865812794152118,0.5917089125382096,0.7715532860318013,0.14307657653504854,0.29943837503990356,0.1652511691920215,0.004189176408146851,0.1652511691920215,0.7715532860318013,0.865812794152118,0.5155319816720697,0.42715606985639487,0.48590413424498163,0.4273655286768022,context_topk_mean_score,max(candidate_score_mean),full_image_score,AD2 QCR ablation assembled from Stage11 image-level VLM predictions and candidate-level non-GT quality evidence.
sheet_metal,/root/private_data/iad-vlm-anomaly/datasets/MVTec_AD_2_anomalib_all/sheet_metal_folder/test/bad/000227_007_underexposed.png,1,0.4858980178833008,0.0140707145134607,0.8872617483139038,0.0067850947380065,0.09587340508560203,0.7061180019962289,0.522446078750184,0.7450125489894793,0.0676979372436204,0.3897554030893732,0.09587340508560203,0.0013216218390889225,0.09587340508560203,0.7450125489894793,0.7061180019962289,0.40099570354091546,0.31669334836131935,0.3798109644321128,0.3167594294532738,context_topk_mean_score,max(candidate_score_mean),full_image_score,AD2 QCR ablation assembled from Stage11 image-level VLM predictions and candidate-level non-GT quality evidence.
sheet_metal,/root/private_data/iad-vlm-anomaly/datasets/MVTec_AD_2_anomalib_all/sheet_metal_folder/test/bad/000231_008_shift_2.png,1,0.7950816750526428,0.014789601167043,0.9441608786582948,0.003308743238449,0.6396199318131396,0.7716022235433929,0.9309027551953016,0.355444491386029,0.4935321616096919,0.8680177082697467,0.6396199318131396,0.25507644107591837,0.6396199318131396,0.355444491386029,0.7716022235433929,0.7056110776782663,0.6922821807452594,0.7069323538231124,0.7050360027990553,context_topk_mean_score,max(candidate_score_mean),full_image_score,AD2 QCR ablation assembled from Stage11 image-level VLM predictions and candidate-level non-GT quality evidence.
sheet_metal,/root/private_data/iad-vlm-anomaly/datasets/MVTec_AD_2_anomalib_all/sheet_metal_folder/test/bad/000233_008_underexposed.png,1,0.7004795074462891,0.0094600617885589,0.857488751411438,0.0058749020099639,0.4732476192278162,0.28612828176707134,0.3087173400333403,0.6430142288675137,0.13540952814001228,0.8128806625392551,0.28612828176707134,0.009722944965546139,0.4732476192278162,0.6430142288675137,0.28612828176707134,0.37968795049744375,0.33023907056953605,0.3481630472152903,0.33072521781781333,context_topk_mean_score,max(candidate_score_mean),full_image_score,AD2 QCR ablation assembled from Stage11 image-level VLM predictions and candidate-level non-GT quality evidence.
sheet_metal,/root/private_data/iad-vlm-anomaly/datasets/MVTec_AD_2_anomalib_all/sheet_metal_folder/test/bad/000235_009_regular.png,1,0.61473548412323,0.0138050566116968,0.8830956220626831,0.0062012672424316,0.32245370179891863,0.681918914687856,0.49253908242309313,0.6795874780622294,0.21988727836780017,0.6405347871110626,0.32245370179891863,0.02236922247899961,0.32245370179891863,0.6795874780622294,0.681918914687856,0.5021863082433873,0.41567450870325034,0.4729916826737992,0.4167929698272003,context_topk_mean_score,max(candidate_score_mean),full_image_score,AD2 QCR ablation assembled from Stage11 image-level VLM predictions and candidate-level non-GT quality evidence.
sheet_metal,/root/private_data/iad-vlm-anomaly/datasets/MVTec_AD_2_anomalib_all/sheet_metal_folder/test/bad/000237_009_shift_2.png,1,0.7819350957870483,0.0146432866652806,0.9100977182388306,0.003854751586914,0.6164996709317566,0.7582742653719242,0.6863766049722906,0.4166314604752748,0.46747583507781076,0.8582254055598324,0.6164996709317566,0.16976800846402731,0.6164996709317566,0.4166314604752748,0.7582742653719242,0.6873869681518404,0.6279338307848191,0.6652948185264825,0.6364222312080204,context_topk_mean_score,max(candidate_score_mean),full_image_score,AD2 QCR ablation assembled from Stage11 image-level VLM predictions and candidate-level non-GT quality evidence.
sheet_metal,/root/private_data/iad-vlm-anomaly/datasets/MVTec_AD_2_anomalib_all/sheet_metal_folder/test/bad/000240_010_overexposed.png,1,0.5958817005157471,0.0155322800079981,0.8340177536010742,0.0068798959255218,0.28929645330105735,0.8392537031155158,0.14022819616689317,0.7556361911854819,0.24279311973109727,0.4500427501855415,0.28929645330105735,0.004432702680403087,0.28929645330105735,0.7556361911854819,0.8392537031155158,0.5642750782082866,0.38388341065797615,0.48972219415642837,0.38410504579199634,context_topk_mean_score,max(candidate_score_mean),full_image_score,AD2 QCR ablation assembled from Stage11 image-level VLM predictions and candidate-level non-GT quality evidence.
sheet_metal,/root/private_data/iad-vlm-anomaly/datasets/MVTec_AD_2_anomalib_all/sheet_metal_folder/test/bad/000243_010_shift_2.png,1,0.714566171169281,0.0164785832166671,0.9279420971870422,0.0043846070766448,0.4980211617322328,0.9254535632165196,0.8144744453838755,0.47600830253834775,0.46089545868232545,0.5725675985157133,0.4980211617322328,0.10704205948784949,0.4980211617322328,0.47600830253834775,0.9254535632165196,0.7117373624743762,0.6688135410775728,0.6969268803861212,0.6741656440519653,context_topk_mean_score,max(candidate_score_mean),full_image_score,AD2 QCR ablation assembled from Stage11 image-level VLM predictions and candidate-level non-GT quality evidence.
sheet_metal,/root/private_data/iad-vlm-anomaly/datasets/MVTec_AD_2_anomalib_all/sheet_metal_folder/test/bad/000245_010_underexposed.png,1,0.6528260707855225,0.0138744314511617,0.8144835829734802,0.0060859620571136,0.3894417967980405,0.6882383495176451,0.0,0.6666661100470397,0.26802877946146947,0.7012034472803954,0.3894417967980405,0.0,0.3894417967980405,0.6666661100470397,0.6882383495176451,0.5388400731578428,0.3667804857784315,0.4578749364724212,0.3667804857784315,context_topk_mean_score,max(candidate_score_mean),full_image_score,AD2 QCR ablation assembled from Stage11 image-level VLM predictions and candidate-level non-GT quality evidence.
sheet_metal,/root/private_data/iad-vlm-anomaly/datasets/MVTec_AD_2_anomalib_all/sheet_metal_folder/test/bad/000246_011_overexposed.png,1,0.622539758682251,0.0142197559277216,0.8463461399078369,0.0083610415458679,0.336178706619505,0.7196943577993709,0.22872887563796687,0.9216168241621916,0.24194591836634774,0.6164843488201341,0.336178706619505,0.01146915844100312,0.336178706619505,0.9216168241621916,0.7196943577993709,0.5279365322094379,0.38916666307520487,0.46941670516798184,0.389740120997255,context_topk_mean_score,max(candidate_score_mean),full_image_score,AD2 QCR ablation assembled from Stage11 image-level VLM predictions and candidate-level non-GT quality evidence.
sheet_metal,/root/private_data/iad-vlm-anomaly/datasets/MVTec_AD_2_anomalib_all/sheet_metal_folder/test/bad/000247_011_regular.png,1,0.5975615978240967,0.0143032968044281,0.8440658450126648,0.0080432295799255,0.2922508084407721,0.7273041934406811,0.21235952748520395,0.8860020739647291,0.21255523851540276,0.564946615000091,0.2922508084407721,0.007452580832044076,0.2922508084407721,0.8860020739647291,0.7273041934406811,0.5097775009407266,0.3665639462948239,0.450313477352642,0.3669365753364261,context_topk_mean_score,max(candidate_score_mean),full_image_score,AD2 QCR ablation assembled from Stage11 image-level VLM predictions and candidate-level non-GT quality evidence.
sheet_metal,/root/private_data/iad-vlm-anomaly/datasets/MVTec_AD_2_anomalib_all/sheet_metal_folder/test/bad/000250_011_shift_3.png,1,0.7042033076286316,0.0143794914086659,0.9501236081123352,0.0042791366577148,0.4797964887053097,0.7342448485769852,0.9737068655674183,0.464189041384114,0.35228810019719936,0.7455516401283244,0.4797964887053097,0.12270464436499794,0.4797964887053097,0.464189041384114,0.7342448485769852,0.6070206686411475,0.6021942690136312,0.6182160314893798,0.608329501231881,context_topk_mean_score,max(candidate_score_mean),full_image_score,AD2 QCR ablation assembled from Stage11 image-level VLM predictions and candidate-level non-GT quality evidence.
sheet_metal,/root/private_data/iad-vlm-anomaly/datasets/MVTec_AD_2_anomalib_all/sheet_metal_folder/test/bad/000251_011_underexposed.png,1,0.5793843865394592,0.0135941952466964,0.8561065793037415,0.0074417889118194,0.26028341536410377,0.6627113076574344,0.298795265267561,0.818603229841044,0.17249276255748835,0.5975721077066694,0.26028341536410377,0.00801643737070953,0.26028341536410377,0.818603229841044,0.6627113076574344,0.46149736151076903,0.34532328483823926,0.4163266919911202,0.3457241067067747,context_topk_mean_score,max(candidate_score_mean),full_image_score,AD2 QCR ablation assembled from Stage11 image-level VLM predictions and candidate-level non-GT quality evidence.
sheet_metal,/root/private_data/iad-vlm-anomaly/datasets/MVTec_AD_2_anomalib_all/sheet_metal_folder/test/bad/000253_012_regular.png,1,0.560121476650238,0.0160299489895502,0.8974040150642395,0.0043949782848358,0.22640665602040794,0.8845869495775444,0.5952534581141169,0.4771705243189942,0.20027637321314504,0.34181970644286364,0.22640665602040794,0.009226095219206773,0.22640665602040794,0.4771705243189942,0.8845869495775444,0.5554968027989762,0.4659884255892529,0.5239504253719072,0.46644973035021325,context_topk_mean_score,max(candidate_score_mean),full_image_score,AD2 QCR ablation assembled from Stage11 image-level VLM predictions and candidate-level non-GT quality evidence.
sheet_metal,/root/private_data/iad-vlm-anomaly/datasets/MVTec_AD_2_anomalib_all/sheet_metal_folder/test/bad/000258_013_overexposed.png,1,1.0,0.0123442709445953,0.8792577385902405,0.0068808645009994,1.0,0.5488542489568692,0.46498841304995225,0.7557447320126967,0.5488542489568692,0.5488542489568692,0.5488542489568692,0.07687997313009641,1.0,0.7557447320126967,0.5488542489568692,0.7744271244784346,0.7010162787937618,0.7209259657834299,0.7048602774502667,context_topk_mean_score,max(candidate_score_mean),full_image_score,AD2 QCR ablation assembled from Stage11 image-level VLM predictions and candidate-level non-GT quality evidence.
sheet_metal,/root/private_data/iad-vlm-anomaly/datasets/MVTec_AD_2_anomalib_all/sheet_metal_folder/test/bad/000259_013_regular.png,1,1.0,0.011297695338726,0.8795461654663086,0.0063748657703399,1.0,0.4535204595491948,0.4670589171592975,0.6990413340168598,0.4535204595491948,0.45352045954919484,0.4535204595491948,0.04356746793791084,1.0,0.6990413340168598,0.4535204595491948,0.7267602297745974,0.6663353085739572,0.6734661214905272,0.6685136819708527,context_topk_mean_score,max(candidate_score_mean),full_image_score,AD2 QCR ablation assembled from Stage11 image-level VLM predictions and candidate-level non-GT quality evidence.
sheet_metal,/root/private_data/iad-vlm-anomaly/datasets/MVTec_AD_2_anomalib_all/sheet_metal_folder/test/bad/000260_013_shift_1.png,1,1.0,0.0121735036373138,0.9429346919059752,0.0018376410007476,1.0,0.5332988562850058,0.9221004384898961,0.1905893432945969,0.5332988562850058,0.5332988562850058,0.5332988562850058,0.13985892488222293,1.0,0.1905893432945969,0.5332988562850058,0.7666494281425029,0.7562634913778925,0.7588594719914926,0.7632564376220037,context_topk_mean_score,max(candidate_score_mean),full_image_score,AD2 QCR ablation assembled from Stage11 image-level VLM predictions and candidate-level non-GT quality evidence.
sheet_metal,/root/private_data/iad-vlm-anomaly/datasets/MVTec_AD_2_anomalib_all/sheet_metal_folder/test/bad/000265_014_regular.png,1,0.7225592732429504,0.0138515134652455,0.8184686899185181,0.0090605020523071,0.5120782484816659,0.686150723520316,0.028607529292562786,1.0,0.3513628606947113,0.8259275249613499,0.5120782484816659,0.004251228749828229,0.5120782484816659,1.0,0.686150723520316,0.5991144860009909,0.4324840743514671,0.5172886277995202,0.4326966357889585,context_topk_mean_score,max(candidate_score_mean),full_image_score,AD2 QCR ablation assembled from Stage11 image-level VLM predictions and candidate-level non-GT quality evidence.
sheet_metal,/root/private_data/iad-vlm-anomaly/datasets/MVTec_AD_2_anomalib_all/sheet_metal_folder/test/bad/000268_014_shift_3.png,1,0.6619316339492798,0.0136833687623341,0.9535972476005554,0.0065877884626388,0.4054553157191893,0.67083422693137,0.9986427693666371,0.7229019475564107,0.2719933032756969,0.7346210887878193,0.4054553157191893,0.08090488844476625,0.4054553157191893,0.7229019475564107,0.67083422693137,0.5381447713252796,0.5379171521346048,0.5575794243244572,0.5419623965568431,context_topk_mean_score,max(candidate_score_mean),full_image_score,AD2 QCR ablation assembled from Stage11 image-level VLM predictions and candidate-level non-GT quality evidence.
sheet_metal,/root/private_data/iad-vlm-anomaly/datasets/MVTec_AD_2_anomalib_all/sheet_metal_folder/test/bad/000269_014_underexposed.png,1,0.6938841342926025,0.0117069830497105,0.8362034559249878,0.0083684027194976,0.4616486515539689,0.4908029532623324,0.15591850112446473,0.9224417344490164,0.22657852155226138,0.9708456982916365,0.4616486515539689,0.01583354540552078,0.4616486515539689,0.9224417344490164,0.4908029532623324,0.47622580240815066,0.37265637929759843,0.41923034419419314,0.37344805656787444,context_topk_mean_score,max(candidate_score_mean),full_image_score,AD2 QCR ablation assembled from Stage11 image-level VLM predictions and candidate-level non-GT quality evidence.
sheet_metal,/root/private_data/iad-vlm-anomaly/datasets/MVTec_AD_2_anomalib_all/sheet_metal_folder/test/good/000157_000_regular.png,0,0.5522382855415344,0.0151049892107645,0.913138210773468,0.0069729089736938,0.21254286443410403,0.8003312873331702,0.7082031156401576,0.766059450315853,0.17010470430602595,0.4122115771009338,0.21254286443410403,0.01055457794706825,0.21254286443410403,0.766059450315853,0.8003312873331702,0.5064370758836371,0.44805353185875685,0.4929804427015281,0.44858126075611027,context_topk_mean_score,max(candidate_score_mean),full_image_score,AD2 QCR ablation assembled from Stage11 image-level VLM predictions and candidate-level non-GT quality evidence.
sheet_metal,/root/private_data/iad-vlm-anomaly/datasets/MVTec_AD_2_anomalib_all/sheet_metal_folder/test/good/000162_001_overexposed.png,0,0.5077129006385803,0.014344165722529,0.8770575523376465,0.0068326592445373,0.134238197189264,0.7310269907328215,0.449194133614478,0.750342738535165,0.09813174533266676,0.4032112064564425,0.134238197189264,0.0023859003664028528,0.134238197189264,0.750342738535165,0.7310269907328215,0.43263259396104276,0.3319691052155946,0.40083866306354865,0.3320884002339147,context_topk_mean_score,max(candidate_score_mean),full_image_score,AD2 QCR ablation assembled from Stage11 image-level VLM predictions and candidate-level non-GT quality evidence.
sheet_metal,/root/private_data/iad-vlm-anomaly/datasets/MVTec_AD_2_anomalib_all/sheet_metal_folder/test/good/000164_001_shift_1.png,0,0.6919410228729248,0.0112402886152267,0.8800668120384216,0.0032225102186203,0.45823139433161936,0.44829121432508023,0.47079643594316406,0.3457810180461718,0.20542110820679632,0.9900598199934609,0.44829121432508023,0.04292397147441041,0.45823139433161936,0.3457810180461718,0.44829121432508023,0.45326130432834977,0.3939519772393,0.4302307978776759,0.3960981758130205,context_topk_mean_score,max(candidate_score_mean),full_image_score,AD2 QCR ablation assembled from Stage11 image-level VLM predictions and candidate-level non-GT quality evidence.
sheet_metal,/root/private_data/iad-vlm-anomaly/datasets/MVTec_AD_2_anomalib_all/sheet_metal_folder/test/good/000165_001_shift_2.png,0,0.6948940753936768,0.011402279138565,0.8804937601089478,0.0031755864620208,0.4634247867188612,0.46304711953762817,0.47386132970948763,0.3405226324323318,0.21458751261250839,0.999622332818767,0.46304711953762817,0.0470670361888496,0.4634247867188612,0.3405226324323318,0.46304711953762817,0.4632359531282447,0.40232920418939977,0.43943364673479535,0.40468255599884223,context_topk_mean_score,max(candidate_score_mean),full_image_score,AD2 QCR ablation assembled from Stage11 image-level VLM predictions and candidate-level non-GT quality evidence.
sheet_metal,/root/private_data/iad-vlm-anomaly/datasets/MVTec_AD_2_anomalib_all/sheet_metal_folder/test/good/000166_001_shift_3.png,0,0.67481529712677,0.0117237716913223,0.8785180449485779,0.0033742934465408,0.4281131986371433,0.4923322501567798,0.4596784407422494,0.36279020060015044,0.2107739344068412,0.9357809484803635,0.4281131986371433,0.03881538107464119,0.4281131986371433,0.36279020060015044,0.4923322501567798,0.46022272439696155,0.3937182921275645,0.4352234170324783,0.39565906118129657,context_topk_mean_score,max(candidate_score_mean),full_image_score,AD2 QCR ablation assembled from Stage11 image-level VLM predictions and candidate-level non-GT quality evidence.
sheet_metal,/root/private_data/iad-vlm-anomaly/datasets/MVTec_AD_2_anomalib_all/sheet_metal_folder/test/good/000167_001_underexposed.png,0,0.4942851364612579,0.0120918651421864,0.8989706635475159,0.0055760592222213,0.11062342983713143,0.525862310794754,0.6064998168679978,0.6095252090245824,0.05817269244219527,0.5847611190423774,0.11062342983713143,0.002282314277312258,0.11062342983713143,0.6095252090245824,0.525862310794754,0.3182428703159427,0.26651114141595433,0.32106154718377355,0.26662525712981994,context_topk_mean_score,max(candidate_score_mean),full_image_score,AD2 QCR ablation assembled from Stage11 image-level VLM predictions and candidate-level non-GT quality evidence.
sheet_metal,/root/private_data/iad-vlm-anomaly/datasets/MVTec_AD_2_anomalib_all/sheet_metal_folder/test/good/000171_002_shift_2.png,0,0.5970181226730347,0.0172969549894332,0.953786313533783,0.0001368969678878,0.29129502465692597,1.0,1.0,0.0,0.29129502465692597,0.2912950246569259,0.29129502465692597,0.02471719596012383,0.29129502465692597,0.0,1.0,0.645647512328463,0.645647512328463,0.645647512328463,0.6468833721264692,context_topk_mean_score,max(candidate_score_mean),full_image_score,AD2 QCR ablation assembled from Stage11 image-level VLM predictions and candidate-level non-GT quality evidence.
sheet_metal,/root/private_data/iad-vlm-anomaly/datasets/MVTec_AD_2_anomalib_all/sheet_metal_folder/test/good/000172_002_shift_3.png,0,0.5697171092033386,0.0164506733417511,0.9470019936561584,0.0003992319107055,0.24328203656370886,0.9229112202431933,0.9512980122475945,0.029397865586380485,0.2245277212282617,0.32037081632051556,0.24328203656370886,0.01664752012151229,0.24328203656370886,0.029397865586380485,0.9229112202431933,0.5830966284034511,0.5718597256672406,0.5840598760703465,0.5726921016733163,context_topk_mean_score,max(candidate_score_mean),full_image_score,AD2 QCR ablation assembled from Stage11 image-level VLM predictions and candidate-level non-GT quality evidence.
sheet_metal,/root/private_data/iad-vlm-anomaly/datasets/MVTec_AD_2_anomalib_all/sheet_metal_folder/test/good/000173_002_underexposed.png,0,0.4313827455043793,0.0130057583252588,0.9243289828300476,0.0050467550754547,0.0,0.6091099039619635,0.78853730587152,0.5502101517400808,0.0,0.3908900960380365,0.0,0.0,0.0,0.5502101517400808,0.6091099039619635,0.30455495198098176,0.2723539466529476,0.3224976921719374,0.2723539466529476,context_topk_mean_score,max(candidate_score_mean),full_image_score,AD2 QCR ablation assembled from Stage11 image-level VLM predictions and candidate-level non-GT quality evidence.
sheet_metal,/root/private_data/iad-vlm-anomaly/datasets/MVTec_AD_2_anomalib_all/sheet_metal_folder/test/good/000174_003_overexposed.png,0,0.5518999695777893,0.0131163746118545,0.9308816194534302,0.0040784776210784,0.21194788431158698,0.6191860701865853,0.8355761298559932,0.441702721702985,0.13123517757125255,0.5927618141250016,0.21194788431158698,0.013776712402868107,0.21194788431158698,0.441702721702985,0.6191860701865853,0.41556697724908614,0.3901147347492519,0.42913471254199353,0.3908035703693953,context_topk_mean_score,max(candidate_score_mean),full_image_score,AD2 QCR ablation assembled from Stage11 image-level VLM predictions and candidate-level non-GT quality evidence.
sheet_metal,/root/private_data/iad-vlm-anomaly/datasets/MVTec_AD_2_anomalib_all/sheet_metal_folder/test/good/000176_003_shift_1.png,0,0.6706885695457458,0.0131057401498158,0.9147440195083618,0.0043342113494873,0.4208557199932976,0.6182173646685362,0.7197305905750345,0.47036083980543375,0.2601803141199358,0.8026383553247614,0.4208557199932976,0.06325539019165084,0.4208557199932976,0.47036083980543375,0.6182173646685362,0.5195365423309168,0.4762196884079396,0.5136203243342305,0.47938245791752215,context_topk_mean_score,max(candidate_score_mean),full_image_score,AD2 QCR ablation assembled from Stage11 image-level VLM predictions and candidate-level non-GT quality evidence.
sheet_metal,/root/private_data/iad-vlm-anomaly/datasets/MVTec_AD_2_anomalib_all/sheet_metal_folder/test/good/000179_003_underexposed.png,0,0.5498682260513306,0.0135185370842615,0.938635528087616,0.0043369233608245,0.20837475403740818,0.6558195176289927,0.8912384173287373,0.47066475412162584,0.13665623067887303,0.5525552364084154,0.20837475403740818,0.01402310337341178,0.20837475403740818,0.47066475412162584,0.6558195176289927,0.4320971358332004,0.41426514366219214,0.4484671734673214,0.4149662988308627,context_topk_mean_score,max(candidate_score_mean),full_image_score,AD2 QCR ablation assembled from Stage11 image-level VLM predictions and candidate-level non-GT quality evidence.
vial,/root/private_data/iad-vlm-anomaly/datasets/MVTec_AD_2_anomalib_all/vial_folder/test/bad/000371_000_shift_3.png,1,1.0,0.0042328536510467,0.7974899411201477,0.0036835670471191,1.0,0.49318167511666927,0.0,0.5561922169229586,0.49318167511666927,0.4931816751166693,0.49318167511666927,0.0,1.0,0.5561922169229586,0.49318167511666927,0.7465908375583347,0.6232954187791673,0.6465908375583347,0.6232954187791673,context_topk_mean_score,max(candidate_score_mean),full_image_score,AD2 QCR ablation assembled from Stage11 image-level VLM predictions and candidate-level non-GT quality evidence.
vial,/root/private_data/iad-vlm-anomaly/datasets/MVTec_AD_2_anomalib_all/vial_folder/test/bad/000373_000_underexposed.png,1,1.0,0.0037875473499298,0.8547731041908264,0.0055507123470306,1.0,0.46165388996362433,0.34129297226656347,0.7188506863221072,0.46165388996362433,0.46165388996362433,0.46165388996362433,0.03357970245683513,1.0,0.7188506863221072,0.46165388996362433,0.7308269449818121,0.6548032795569327,0.6649562422084686,0.6564822646797744,context_topk_mean_score,max(candidate_score_mean),full_image_score,AD2 QCR ablation assembled from Stage11 image-level VLM predictions and candidate-level non-GT quality evidence.
vial,/root/private_data/iad-vlm-anomaly/datasets/MVTec_AD_2_anomalib_all/vial_folder/test/bad/000376_001_shift_1.png,1,1.0,0.0019045174121856,0.80162113904953,0.0028146505355834,1.0,0.3283349515945807,0.024613669091574142,0.4804955746698122,0.3283349515945807,0.3283349515945807,0.3283349515945807,0.0008712197388143566,1.0,0.4804955746698122,0.3283349515945807,0.6641674757972904,0.5841041198610819,0.5666288427064479,0.5841476808480226,context_topk_mean_score,max(candidate_score_mean),full_image_score,AD2 QCR ablation assembled from Stage11 image-level VLM predictions and candidate-level non-GT quality evidence.
vial,/root/private_data/iad-vlm-anomaly/datasets/MVTec_AD_2_anomalib_all/vial_folder/test/bad/000380_001_underexposed.png,1,1.0,0.0013131722807884,0.8285006880760193,0.0038334727287292,1.0,0.28646758477936074,0.18476196902250244,0.5692514195067591,0.28646758477936074,0.28646758477936074,0.28646758477936074,0.004343492155206884,1.0,0.5692514195067591,0.28646758477936074,0.6432337923896804,0.584848974951079,0.5617099892919306,0.5850661495588394,context_topk_mean_score,max(candidate_score_mean),full_image_score,AD2 QCR ablation assembled from Stage11 image-level VLM predictions and candidate-level non-GT quality evidence.
vial,/root/private_data/iad-vlm-anomaly/datasets/MVTec_AD_2_anomalib_all/vial_folder/test/bad/000383_002_shift_1.png,1,1.0,0.0028323531150817,0.8045375347137451,0.0001433491706848,1.0,0.3940259257057991,0.0419895486902126,0.24778214238424892,0.3940259257057991,0.3940259257057991,0.3940259257057991,0.0025687131018408806,1.0,0.24778214238424892,0.3940259257057991,0.6970129628528996,0.6026427241246072,0.6012119177219207,0.6027711597796992,context_topk_mean_score,max(candidate_score_mean),full_image_score,AD2 QCR ablation assembled from Stage11 image-level VLM predictions and candidate-level non-GT quality evidence.
vial,/root/private_data/iad-vlm-anomaly/datasets/MVTec_AD_2_anomalib_all/vial_folder/test/bad/000384_002_shift_2.png,1,1.0,0.0041986033320426,0.7985766530036926,-0.0001631081104278,1.0,0.4907567449140736,0.006474627252598179,0.22108477058122808,0.4907567449140736,0.4907567449140736,0.4907567449140736,0.0007652680864692961,1.0,0.22108477058122808,0.4907567449140736,0.7453783724570369,0.6234835529772726,0.6460258351822967,0.6235218163815961,context_topk_mean_score,max(candidate_score_mean),full_image_score,AD2 QCR ablation assembled from Stage11 image-level VLM predictions and candidate-level non-GT quality evidence.
vial,/root/private_data/iad-vlm-anomaly/datasets/MVTec_AD_2_anomalib_all/vial_folder/test/bad/000386_002_shift_4.png,1,1.0,0.0011896416544914,0.8128963112831116,0.0002269148826599,1.0,0.27772158896491905,0.09179112295648129,0.25506206366555684,0.27772158896491905,0.27772158896491905,0.27772158896491905,0.0019662086714145014,1.0,0.25506206366555684,0.27772158896491905,0.6388607944824596,0.5758034913713168,0.5480399067781077,0.5759018018048875,context_topk_mean_score,max(candidate_score_mean),full_image_score,AD2 QCR ablation assembled from Stage11 image-level VLM predictions and candidate-level non-GT quality evidence.
vial,/root/private_data/iad-vlm-anomaly/datasets/MVTec_AD_2_anomalib_all/vial_folder/test/bad/000387_002_underexposed.png,1,1.0,0.0010164678096771,0.8270252346992493,0.0007883608341217,1.0,0.2654608422390408,0.1759712207222164,0.3039730611757419,0.2654608422390408,0.26546084223904076,0.2654608422390408,0.0032918728394780573,1.0,0.3039730611757419,0.2654608422390408,0.6327304211195204,0.5780435776754481,0.550327543191742,0.578208171317422,context_topk_mean_score,max(candidate_score_mean),full_image_score,AD2 QCR ablation assembled from Stage11 image-level VLM predictions and candidate-level non-GT quality evidence.
vial,/root/private_data/iad-vlm-anomaly/datasets/MVTec_AD_2_anomalib_all/vial_folder/test/bad/000394_003_underexposed.png,1,0.836393415927887,-0.0014749690890312,0.948050618171692,0.0060595273971557,0.7410899365454751,0.08906655572697231,0.8970402160576586,0.7631766834817941,0.06600632813202592,0.34797661918149725,0.08906655572697231,0.001835110458295625,0.7410899365454751,0.7631766834817941,0.08906655572697231,0.4150782461362237,0.41278567780268927,0.42836725132794745,0.41287743332560406,context_topk_mean_score,max(candidate_score_mean),full_image_score,AD2 QCR ablation assembled from Stage11 image-level VLM predictions and candidate-level non-GT quality evidence.
vial,/root/private_data/iad-vlm-anomaly/datasets/MVTec_AD_2_anomalib_all/vial_folder/test/bad/000396_004_regular.png,1,1.0,0.0070172250270843,0.8824192881584167,0.0066094696521759,1.0,0.6903157877708637,0.5060088816601354,0.8110855234974811,0.6903157877708637,0.6903157877708637,0.6903157877708637,0.1664568062543691,1.0,0.8110855234974811,0.6903157877708637,0.8451578938854318,0.7599054268832834,0.7957587820514452,0.7682282671960019,context_topk_mean_score,max(candidate_score_mean),full_image_score,AD2 QCR ablation assembled from Stage11 image-level VLM predictions and candidate-level non-GT quality evidence.
vial,/root/private_data/iad-vlm-anomaly/datasets/MVTec_AD_2_anomalib_all/vial_folder/test/bad/000399_004_shift_3.png,1,1.0,0.0093417465686798,0.8924729228019714,0.0069131851196289,1.0,0.8548924298781774,0.5659084169799159,0.8375440391101083,0.8548924298781774,0.8548924298781774,0.8548924298781774,0.35357420015873314,1.0,0.8375440391101083,0.8548924298781774,0.9274462149390887,0.8346708128896626,0.8840370566370803,0.8523495228975992,context_topk_mean_score,max(candidate_score_mean),full_image_score,AD2 QCR ablation assembled from Stage11 image-level VLM predictions and candidate-level non-GT quality evidence.
vial,/root/private_data/iad-vlm-anomaly/datasets/MVTec_AD_2_anomalib_all/vial_folder/test/bad/000400_004_shift_4.png,1,1.0,0.0101568698883056,0.8938239812850952,0.0074851810932159,1.0,0.9126033421871695,0.5739580207499161,0.8873741137007398,0.9126033421871695,0.9126033421871695,0.9126033421871695,0.43624081305057155,1.0,0.8873741137007398,0.9126033421871695,0.9563016710935848,0.859099837549669,0.9136974731685764,0.8809118782021976,context_topk_mean_score,max(candidate_score_mean),full_image_score,AD2 QCR ablation assembled from Stage11 image-level VLM predictions and candidate-level non-GT quality evidence.
vial,/root/private_data/iad-vlm-anomaly/datasets/MVTec_AD_2_anomalib_all/vial_folder/test/bad/000401_004_underexposed.png,1,1.0,0.0022614300251007,0.9140493869781494,0.0085184574127197,1.0,0.3536044439646094,0.6944609478624177,0.9773891460631597,0.3536044439646094,0.3536044439646093,0.3536044439646094,0.03070442522863291,1.0,0.9773891460631597,0.3536044439646094,0.6768022219823047,0.6497922303221588,0.6462483167685464,0.6513274515835905,context_topk_mean_score,max(candidate_score_mean),full_image_score,AD2 QCR ablation assembled from Stage11 image-level VLM predictions and candidate-level non-GT quality evidence.
vial,/root/private_data/iad-vlm-anomaly/datasets/MVTec_AD_2_anomalib_all/vial_folder/test/bad/000402_005_overexposed.png,1,1.0,0.0043498128652572,0.9562968015670776,0.0043515264987945,1.0,0.5014624134939365,0.9461709604160637,0.6143822581775761,0.5014624134939365,0.5014624134939365,0.5014624134939365,0.11931217819367736,1.0,0.6143822581775761,0.5014624134939365,0.7507312067469682,0.7439828967205129,0.7453483027885747,0.7499485056301968,context_topk_mean_score,max(candidate_score_mean),full_image_score,AD2 QCR ablation assembled from Stage11 image-level VLM predictions and candidate-level non-GT quality evidence.
vial,/root/private_data/iad-vlm-anomaly/datasets/MVTec_AD_2_anomalib_all/vial_folder/test/bad/000404_005_shift_1.png,1,1.0,0.0059989541769027,0.9550811052322388,0.0029948651790618,1.0,0.6182219851194923,0.938927844057793,0.4961951766627044,0.6182219851194923,0.6182219851194923,0.6182219851194923,0.22185312691927772,1.0,0.4961951766627044,0.6182219851194923,0.8091109925597462,0.7996719551892166,0.8030037769655255,0.8107646115351805,context_topk_mean_score,max(candidate_score_mean),full_image_score,AD2 QCR ablation assembled from Stage11 image-level VLM predictions and candidate-level non-GT quality evidence.
vial,/root/private_data/iad-vlm-anomaly/datasets/MVTec_AD_2_anomalib_all/vial_folder/test/bad/000409_006_overexposed.png,1,0.7029593586921692,0.0055859585603078,0.962980568408966,0.0037060678005218,0.5299283844488497,0.5889818036163451,0.9859928300392583,0.5581523954419975,0.3121181756601794,0.9409465808325046,0.5299283844488497,0.15345285300487088,0.5299283844488497,0.5581523954419975,0.5889818036163451,0.5594550940325974,0.5573926019758377,0.5773751757960218,0.5650652446260813,context_topk_mean_score,max(candidate_score_mean),full_image_score,AD2 QCR ablation assembled from Stage11 image-level VLM predictions and candidate-level non-GT quality evidence.
vial,/root/private_data/iad-vlm-anomaly/datasets/MVTec_AD_2_anomalib_all/vial_folder/test/bad/000410_006_regular.png,1,0.6526409387588501,0.0073627879222234,0.964993417263031,0.0034564137458801,0.45029867167320287,0.7147817175982292,0.997985379530277,0.5364035008009457,0.32186525797077303,0.7355169540749738,0.45029867167320287,0.10638775250493522,0.45029867167320287,0.5364035008009457,0.7147817175982292,0.582540194635716,0.5821801911658017,0.5980172194586778,0.5874995787910484,context_topk_mean_score,max(candidate_score_mean),full_image_score,AD2 QCR ablation assembled from Stage11 image-level VLM predictions and candidate-level non-GT quality evidence.
vial,/root/private_data/iad-vlm-anomaly/datasets/MVTec_AD_2_anomalib_all/vial_folder/test/bad/000414_006_shift_4.png,1,0.6095765829086304,0.0057705342769622,0.9590891003608704,0.0030876696109771,0.38214863254706277,0.6020498054042236,0.9628074711061946,0.5042799394551426,0.23007250986044928,0.7800988271428392,0.38214863254706277,0.06603681467986945,0.38214863254706277,0.5042799394551426,0.6020498054042236,0.4920992189756432,0.4865012802798916,0.5129673732771789,0.48980312101388507,context_topk_mean_score,max(candidate_score_mean),full_image_score,AD2 QCR ablation assembled from Stage11 image-level VLM predictions and candidate-level non-GT quality evidence.
vial,/root/private_data/iad-vlm-anomaly/datasets/MVTec_AD_2_anomalib_all/vial_folder/test/bad/000415_006_underexposed.png,1,0.8329750299453735,-0.001985544959704,0.9488089680671692,0.0044358968734741,0.7356802854812214,0.052917670533732926,0.9015584632348632,0.6217322785582433,0.03893048696525786,0.31723738505251153,0.052917670533732926,0.0005892082378713743,0.7356802854812214,0.6217322785582433,0.052917670533732926,0.3942989780074772,0.3929966538051342,0.4094880774259939,0.39302611421702777,context_topk_mean_score,max(candidate_score_mean),full_image_score,AD2 QCR ablation assembled from Stage11 image-level VLM predictions and candidate-level non-GT quality evidence.
vial,/root/private_data/iad-vlm-anomaly/datasets/MVTec_AD_2_anomalib_all/vial_folder/test/bad/000419_007_shift_2.png,1,0.637323260307312,0.0092490315437316,0.9347578287124634,0.0069288611412048,0.4260581979639316,0.8483281854924716,0.8178418027532791,0.8389096734160858,0.36143717799293434,0.5777300124714599,0.4260581979639316,0.0727605516770004,0.4260581979639316,0.8389096734160858,0.8483281854924716,0.6371931917282015,0.5985607084924789,0.6276824514571827,0.6021987360763289,context_topk_mean_score,max(candidate_score_mean),full_image_score,AD2 QCR ablation assembled from Stage11 image-level VLM predictions and candidate-level non-GT quality evidence.
vial,/root/private_data/iad-vlm-anomaly/datasets/MVTec_AD_2_anomalib_all/vial_folder/test/bad/000420_007_shift_3.png,1,0.6704345941543579,0.0113807916641235,0.9363580942153932,0.0069806277751922,0.4784574189123009,0.9992572761093624,0.8273761814543414,0.8434193821413445,0.47810205715662196,0.47920014280293843,0.4784574189123009,0.09069510720904791,0.4784574189123009,0.8434193821413445,0.9992572761093624,0.7388573475108317,0.6957334458329488,0.7216337018697617,0.7002682011934013,context_topk_mean_score,max(candidate_score_mean),full_image_score,AD2 QCR ablation assembled from Stage11 image-level VLM predictions and candidate-level non-GT quality evidence.
vial,/root/private_data/iad-vlm-anomaly/datasets/MVTec_AD_2_anomalib_all/vial_folder/test/bad/000421_007_shift_4.png,1,0.7039324045181274,0.0079550445079803,0.9426317811012268,0.007043719291687,0.5314682451945026,0.7567136155848189,0.8647547955105179,0.8489156707834773,0.40216925738965115,0.7747546296096838,0.5314682451945026,0.14320010923203583,0.5314682451945026,0.8489156707834773,0.7567136155848189,0.6440909303896607,0.6185054584697247,0.6419651496017456,0.6256654639313265,context_topk_mean_score,max(candidate_score_mean),full_image_score,AD2 QCR ablation assembled from Stage11 image-level VLM predictions and candidate-level non-GT quality evidence.
vial,/root/private_data/iad-vlm-anomaly/datasets/MVTec_AD_2_anomalib_all/vial_folder/test/bad/000422_007_underexposed.png,1,0.838371992111206,-0.0027329673369725,0.957282543182373,0.0087780058383941,0.7442210653327307,0.0,0.9520440070101548,1.0,0.0,0.2557789346672693,0.0,0.0,0.7442210653327307,1.0,0.0,0.37211053266636535,0.37211053266636535,0.39289282683410776,0.37211053266636535,context_topk_mean_score,max(candidate_score_mean),full_image_score,AD2 QCR ablation assembled from Stage11 image-level VLM predictions and candidate-level non-GT quality evidence.
vial,/root/private_data/iad-vlm-anomaly/datasets/MVTec_AD_2_anomalib_all/vial_folder/test/bad/000426_008_shift_2.png,1,0.593421995639801,0.0084467232227325,0.9321951866149902,0.003527820110321,0.35658373710855945,0.7915245779362438,0.8025735862055495,0.5426241468030887,0.282244792013781,0.5650591591723158,0.35658373710855945,0.04564216646287347,0.35658373710855945,0.5426241468030887,0.7915245779362438,0.5740541575224016,0.534987192809372,0.5677251638398543,0.5372693011325157,context_topk_mean_score,max(candidate_score_mean),full_image_score,AD2 QCR ablation assembled from Stage11 image-level VLM predictions and candidate-level non-GT quality evidence.
vial,/root/private_data/iad-vlm-anomaly/datasets/MVTec_AD_2_anomalib_all/vial_folder/test/bad/000427_008_shift_3.png,1,0.6194548606872559,0.0088213682174682,0.9474085569381714,0.003062218427658,0.3977811667814921,0.8180495268827668,0.8932148164983673,0.5020627309051287,0.32540469528847454,0.5797316398987253,0.3977811667814921,0.06702718098422375,0.3977811667814921,0.5020627309051287,0.8180495268827668,0.6079153468321294,0.5860764546217294,0.6081942286443879,0.5894278136709405,context_topk_mean_score,max(candidate_score_mean),full_image_score,AD2 QCR ablation assembled from Stage11 image-level VLM predictions and candidate-level non-GT quality evidence.
vial,/root/private_data/iad-vlm-anomaly/datasets/MVTec_AD_2_anomalib_all/vial_folder/test/bad/000428_008_shift_4.png,1,0.9065405130386353,0.0055351555347442,0.928788125514984,0.0031386911869049,0.8520988514195205,0.5853849381080949,0.7822743229110247,0.508724741606931,0.49880583340019474,0.7332860866885744,0.5853849381080949,0.16749644267974392,0.8520988514195205,0.508724741606931,0.5853849381080949,0.7187418947638077,0.6868785617619895,0.7031015314421681,0.6952533838959767,context_topk_mean_score,max(candidate_score_mean),full_image_score,AD2 QCR ablation assembled from Stage11 image-level VLM predictions and candidate-level non-GT quality evidence.
vial,/root/private_data/iad-vlm-anomaly/datasets/MVTec_AD_2_anomalib_all/vial_folder/test/bad/000429_008_underexposed.png,1,0.8577589988708496,-0.00156931579113,0.9307236671447754,0.003447413444519,0.7749013168568392,0.08238678823612686,0.7938062761127378,0.5356194293933284,0.06384163069578025,0.3074854713792877,0.08238678823612686,0.0012838097593437453,0.7749013168568392,0.5356194293933284,0.08238678823612686,0.428644052546483,0.42439714288010344,0.42868003271803823,0.4244613333680706,context_topk_mean_score,max(candidate_score_mean),full_image_score,AD2 QCR ablation assembled from Stage11 image-level VLM predictions and candidate-level non-GT quality evidence.
vial,/root/private_data/iad-vlm-anomaly/datasets/MVTec_AD_2_anomalib_all/vial_folder/test/bad/000431_009_regular.png,1,0.6932194232940674,0.0066998898983001,0.9444364309310912,0.0025421977043151,0.514514779267447,0.6678483900791439,0.8755068956271755,0.45676053888032836,0.3436178670056906,0.8466663891883032,0.514514779267447,0.13105255200853622,0.514514779267447,0.45676053888032836,0.6678483900791439,0.5911815846732955,0.5703959548404591,0.594857744001923,0.576948582440886,context_topk_mean_score,max(candidate_score_mean),full_image_score,AD2 QCR ablation assembled from Stage11 image-level VLM predictions and candidate-level non-GT quality evidence.
vial,/root/private_data/iad-vlm-anomaly/datasets/MVTec_AD_2_anomalib_all/vial_folder/test/bad/000432_009_shift_1.png,1,0.7246940732002258,0.0065546333789825,0.9423518776893616,0.0047118663787841,0.5643239214277684,0.6575641962071103,0.8630871315362857,0.6457736733745398,0.371079205794095,0.9067597252206582,0.5643239214277684,0.16388603274753152,0.5643239214277684,0.6457736733745398,0.6575641962071103,0.6109440588174393,0.5884368087420013,0.6121718807869896,0.5966311103793779,context_topk_mean_score,max(candidate_score_mean),full_image_score,AD2 QCR ablation assembled from Stage11 image-level VLM predictions and candidate-level non-GT quality evidence.
vial,/root/private_data/iad-vlm-anomaly/datasets/MVTec_AD_2_anomalib_all/vial_folder/test/bad/000434_009_shift_3.png,1,0.6877051591873169,0.0070832073688507,0.9425649642944336,0.0028964579105377,0.5057883671986364,0.6949873522420786,0.8643567011078104,0.4876223164377183,0.3515165181142245,0.8108010149565578,0.5057883671986364,0.12460109569956421,0.5057883671986364,0.4876223164377183,0.6949873522420786,0.6003878597203576,0.5768202654337415,0.6018976096984895,0.5830503202187197,context_topk_mean_score,max(candidate_score_mean),full_image_score,AD2 QCR ablation assembled from Stage11 image-level VLM predictions and candidate-level non-GT quality evidence.
vial,/root/private_data/iad-vlm-anomaly/datasets/MVTec_AD_2_anomalib_all/vial_folder/test/bad/000436_009_underexposed.png,1,0.8726606369018555,0.0018298079570134,0.933867871761322,0.004731923341751,0.7984833998766979,0.3230455055533673,0.8125394409987517,0.6475209583325695,0.2579464735891394,0.5245621056766694,0.3230455055533673,0.03551686815858065,0.7984833998766979,0.6475209583325695,0.3230455055533673,0.5607644527150326,0.5456248799515638,0.5556601536308152,0.5474007233594929,context_topk_mean_score,max(candidate_score_mean),full_image_score,AD2 QCR ablation assembled from Stage11 image-level VLM predictions and candidate-level non-GT quality evidence.
vial,/root/private_data/iad-vlm-anomaly/datasets/MVTec_AD_2_anomalib_all/vial_folder/test/bad/000438_010_regular.png,1,1.0,0.011391282081604,0.8352946639060974,0.0064041316509246,1.0,1.0,0.2252404635793339,0.7931972718468998,1.0,1.0,1.0,0.2252404635793339,1.0,0.7931972718468998,1.0,1.0,0.8063101158948335,0.9225240463579334,0.8175721390738002,context_topk_mean_score,max(candidate_score_mean),full_image_score,AD2 QCR ablation assembled from Stage11 image-level VLM predictions and candidate-level non-GT quality evidence.
vial,/root/private_data/iad-vlm-anomaly/datasets/MVTec_AD_2_anomalib_all/vial_folder/test/bad/000439_010_shift_1.png,1,1.0,0.0096501410007476,0.8455272316932678,0.0069987177848815,1.0,0.8767268242540085,0.28620608221483956,0.8449953137453909,0.8767268242540085,0.8767268242540085,0.8767268242540085,0.19287313602746706,1.0,0.8449953137453909,0.8767268242540085,0.9383634121270042,0.7819128434491016,0.8669840203484882,0.791556500250475,context_topk_mean_score,max(candidate_score_mean),full_image_score,AD2 QCR ablation assembled from Stage11 image-level VLM predictions and candidate-level non-GT quality evidence.
vial,/root/private_data/iad-vlm-anomaly/datasets/MVTec_AD_2_anomalib_all/vial_folder/test/bad/000441_010_shift_3.png,1,1.0,0.0091048777103424,0.8368451595306396,0.0067554712295532,1.0,0.8381220620294006,0.23447831344341005,0.8238046156362551,0.8381220620294006,0.8381220620294006,0.8381220620294006,0.13804621391543842,1.0,0.8238046156362551,0.8381220620294006,0.9190610310147003,0.7586608773984419,0.8425088623590414,0.7655631880942139,context_topk_mean_score,max(candidate_score_mean),full_image_score,AD2 QCR ablation assembled from Stage11 image-level VLM predictions and candidate-level non-GT quality evidence.
vial,/root/private_data/iad-vlm-anomaly/datasets/MVTec_AD_2_anomalib_all/vial_folder/test/bad/000443_010_underexposed.png,1,1.0,0.0042117089033126,0.9034355282783508,0.0072804391384124,1.0,0.49168462227460524,0.631223598723683,0.8695377873089452,0.49168462227460524,0.4916846222746052,0.49168462227460524,0.07503140932914203,1.0,0.8695377873089452,0.49168462227460524,0.7458423111373026,0.700511889745969,0.708964671009671,0.7042634602124261,context_topk_mean_score,max(candidate_score_mean),full_image_score,AD2 QCR ablation assembled from Stage11 image-level VLM predictions and candidate-level non-GT quality evidence.
vial,/root/private_data/iad-vlm-anomaly/datasets/MVTec_AD_2_anomalib_all/vial_folder/test/bad/000444_011_overexposed.png,1,0.5475729703903198,0.004827524224917,0.9555959105491638,0.0028818547725677,0.28402691365309873,0.535284483998547,0.9419950531177255,0.48635014759754425,0.15203519991649883,0.7487424296545517,0.28402691365309873,0.030456830798979918,0.28402691365309873,0.48635014759754425,0.535284483998547,0.40965569882582287,0.4018934118105125,0.4371275843640808,0.4034162533504615,context_topk_mean_score,max(candidate_score_mean),full_image_score,AD2 QCR ablation assembled from Stage11 image-level VLM predictions and candidate-level non-GT quality evidence.
vial,/root/private_data/iad-vlm-anomaly/datasets/MVTec_AD_2_anomalib_all/vial_folder/test/bad/000445_011_regular.png,1,0.5038888454437256,0.0064402123292287,0.954060196876526,0.0008979737758636,0.21489607991542423,0.6494631604378529,0.9328452740938564,0.31352211626584153,0.13956708722757682,0.5654329194775713,0.21489607991542423,0.015819844608236964,0.21489607991542423,0.31352211626584153,0.6494631604378529,0.4321796201766386,0.42127599004530314,0.4529849322734542,0.422066982275715,context_topk_mean_score,max(candidate_score_mean),full_image_score,AD2 QCR ablation assembled from Stage11 image-level VLM predictions and candidate-level non-GT quality evidence.
vial,/root/private_data/iad-vlm-anomaly/datasets/MVTec_AD_2_anomalib_all/vial_folder/test/bad/000446_011_shift_1.png,1,0.6100303530693054,0.005994364619255,0.914354145526886,0.0011439025402069,0.3828667311600279,0.6178970434173398,0.6962766986929648,0.33494647803950806,0.2365722212066427,0.7649696877426881,0.3828667311600279,0.048243350931420126,0.3828667311600279,0.33494647803950806,0.6178970434173398,0.5003818872886838,0.4534644548150411,0.4935904018209078,0.45587662236161214,context_topk_mean_score,max(candidate_score_mean),full_image_score,AD2 QCR ablation assembled from Stage11 image-level VLM predictions and candidate-level non-GT quality evidence.
vial,/root/private_data/iad-vlm-anomaly/datasets/MVTec_AD_2_anomalib_all/vial_folder/test/bad/000449_011_shift_4.png,1,0.6237936615943909,0.0066164433956146,0.9104281067848206,0.001141607761383,0.4046473893394286,0.6619403591309118,0.6728853676336111,0.33474656579319123,0.26785243822072724,0.7427070302085168,0.4046473893394286,0.05416652391288224,0.4046473893394286,0.33474656579319123,0.6619403591309118,0.5332938742351702,0.4791612799287742,0.5207088799735701,0.4818696061244183,context_topk_mean_score,max(candidate_score_mean),full_image_score,AD2 QCR ablation assembled from Stage11 image-level VLM predictions and candidate-level non-GT quality evidence.
vial,/root/private_data/iad-vlm-anomaly/datasets/MVTec_AD_2_anomalib_all/vial_folder/test/bad/000450_011_underexposed.png,1,0.8704206943511963,0.00026635825634,0.9612892866134644,0.0042622089385986,0.7949386545890019,0.21235291904203604,0.9759161764470874,0.6066012581490191,0.16880754376132337,0.4174142644530341,0.21235291904203604,0.01460258991351226,0.7949386545890019,0.6066012581490191,0.21235291904203604,0.503645786815519,0.5023672192572304,0.5173890014732563,0.503097348752906,context_topk_mean_score,max(candidate_score_mean),full_image_score,AD2 QCR ablation assembled from Stage11 image-level VLM predictions and candidate-level non-GT quality evidence.
vial,/root/private_data/iad-vlm-anomaly/datasets/MVTec_AD_2_anomalib_all/vial_folder/test/bad/000451_012_overexposed.png,1,1.0,0.0004495978355407,0.8677689433097839,-0.0017457902431488,1.0,0.22532632200104208,0.41872215603098817,0.08320763093602741,0.22532632200104208,0.22532632200104208,0.22532632200104208,0.004790289104533975,1.0,0.08320763093602741,0.22532632200104208,0.6126631610005211,0.5799188613399627,0.5545353766036198,0.5801583757951895,context_topk_mean_score,max(candidate_score_mean),full_image_score,AD2 QCR ablation assembled from Stage11 image-level VLM predictions and candidate-level non-GT quality evidence.
vial,/root/private_data/iad-vlm-anomaly/datasets/MVTec_AD_2_anomalib_all/vial_folder/test/bad/000452_012_regular.png,1,0.98396897315979,-0.0008945763111114,0.8644883632659912,-0.0025661289691925,0.9746306409367334,0.13015849348024192,0.39917646661919837,0.0117428972736604,0.1268564559240078,0.15552785254350854,0.13015849348024192,0.0010250810200299583,0.9746306409367334,0.0117428972736604,0.13015849348024192,0.5523945672084877,0.5328439957204074,0.4945189460211107,0.5328952497714089,context_topk_mean_score,max(candidate_score_mean),full_image_score,AD2 QCR ablation assembled from Stage11 image-level VLM predictions and candidate-level non-GT quality evidence.
vial,/root/private_data/iad-vlm-anomaly/datasets/MVTec_AD_2_anomalib_all/vial_folder/test/bad/000454_012_shift_2.png,1,0.9418894052505492,0.0002194344997406,0.8707482814788818,-0.002700924873352,0.9080390446430391,0.2090307066391819,0.43647304694921546,0.0,0.1898080431577021,0.3009916619961428,0.2090307066391819,0.00521238631521525,0.9080390446430391,0.0,0.2090307066391819,0.5585348756411105,0.5290862663395028,0.5094560095235803,0.5293468856552636,context_topk_mean_score,max(candidate_score_mean),full_image_score,AD2 QCR ablation assembled from Stage11 image-level VLM predictions and candidate-level non-GT quality evidence.
vial,/root/private_data/iad-vlm-anomaly/datasets/MVTec_AD_2_anomalib_all/vial_folder/test/bad/000455_012_shift_3.png,1,0.9841676950454712,0.0009676218032836,0.8682850003242493,-0.0025387704372406,0.9749451215325071,0.26200253412326535,0.42179682270238983,0.014126266651777184,0.2554380924726318,0.28705741259075823,0.26200253412326535,0.008103324379377306,0.9749451215325071,0.014126266651777184,0.26200253412326535,0.6184738278278863,0.5806011534053619,0.5625025537798112,0.5810063196243308,context_topk_mean_score,max(candidate_score_mean),full_image_score,AD2 QCR ablation assembled from Stage11 image-level VLM predictions and candidate-level non-GT quality evidence.
vial,/root/private_data/iad-vlm-anomaly/datasets/MVTec_AD_2_anomalib_all/vial_folder/test/bad/000458_013_overexposed.png,1,0.9393282532691956,0.0012271404266357,0.8875448703765869,0.0041253268718719,0.9039859802399787,0.2803765103722812,0.5365470903773729,0.5946766224696145,0.25345643456515116,0.3763905301323025,0.2803765103722812,0.014351307818331804,0.9039859802399787,0.5946766224696145,0.2803765103722812,0.5921812453061299,0.5596959179256618,0.5527453487391564,0.5604134833165784,context_topk_mean_score,max(candidate_score_mean),full_image_score,AD2 QCR ablation assembled from Stage11 image-level VLM predictions and candidate-level non-GT quality evidence.
vial,/root/private_data/iad-vlm-anomaly/datasets/MVTec_AD_2_anomalib_all/vial_folder/test/bad/000460_013_shift_1.png,1,0.9164485335350036,0.0010943412780761,0.879397988319397,0.0015424489974975,0.8677784539854709,0.2709743011203729,0.48800798319551547,0.3696663023244284,0.23514566009603066,0.403195847134902,0.2709743011203729,0.01253741637923047,0.8677784539854709,0.3696663023244284,0.2709743011203729,0.5693763775529219,0.5346922078197206,0.5278164663714923,0.5353190786386821,context_topk_mean_score,max(candidate_score_mean),full_image_score,AD2 QCR ablation assembled from Stage11 image-level VLM predictions and candidate-level non-GT quality evidence.
vial,/root/private_data/iad-vlm-anomaly/datasets/MVTec_AD_2_anomalib_all/vial_folder/test/bad/000462_013_shift_3.png,1,0.913200318813324,0.0030635893344879,0.8882534503936768,0.001981496810913,0.8626381016917434,0.4103975014655753,0.5407688087175927,0.4079144479436221,0.35402452160329834,0.5477593997738319,0.4103975014655753,0.04303675575409609,0.8626381016917434,0.4079144479436221,0.4103975014655753,0.6365178015786593,0.5894009682043194,0.5986935742950166,0.5915528059920242,context_topk_mean_score,max(candidate_score_mean),full_image_score,AD2 QCR ablation assembled from Stage11 image-level VLM predictions and candidate-level non-GT quality evidence.
vial,/root/private_data/iad-vlm-anomaly/datasets/MVTec_AD_2_anomalib_all/vial_folder/test/bad/000463_013_shift_4.png,1,0.9068299531936646,0.0027066469192504,0.8815997838973999,0.0017397999763488,0.8525568951426991,0.3851258990844928,0.5011262768940113,0.3868587555073155,0.3283417407625156,0.5325690039417937,0.3851258990844928,0.03374829866504408,0.8525568951426991,0.3868587555073155,0.3851258990844928,0.618841397113596,0.5708090993283904,0.5780199194565295,0.5724965142616426,context_topk_mean_score,max(candidate_score_mean),full_image_score,AD2 QCR ablation assembled from Stage11 image-level VLM predictions and candidate-level non-GT quality evidence.
vial,/root/private_data/iad-vlm-anomaly/datasets/MVTec_AD_2_anomalib_all/vial_folder/test/bad/000465_014_overexposed.png,1,0.6323387622833252,0.0044141709804534,0.926329493522644,0.003484696149826,0.4181701492830145,0.5060189823627611,0.7676257983639421,0.5388673543301737,0.2116020333946749,0.9121511669202533,0.4181701492830145,0.061956837933108966,0.4181701492830145,0.5388673543301737,0.5060189823627611,0.46209456582288777,0.4326981265630785,0.467598435834172,0.43579596845973395,context_topk_mean_score,max(candidate_score_mean),full_image_score,AD2 QCR ablation assembled from Stage11 image-level VLM predictions and candidate-level non-GT quality evidence.
vial,/root/private_data/iad-vlm-anomaly/datasets/MVTec_AD_2_anomalib_all/vial_folder/test/bad/000466_014_regular.png,1,0.6119701266288757,0.0034016966819763,0.9304906725883484,0.0017900764942169,0.38593645416808475,0.43433557686119345,0.7924180950064189,0.3912386510856252,0.16762593245285864,0.9516008773068914,0.38593645416808475,0.04878274417686066,0.38593645416808475,0.3912386510856252,0.43433557686119345,0.4101360155146391,0.38759596390180595,0.42411321515763906,0.390035101110649,context_topk_mean_score,max(candidate_score_mean),full_image_score,AD2 QCR ablation assembled from Stage11 image-level VLM predictions and candidate-level non-GT quality evidence.
vial,/root/private_data/iad-vlm-anomaly/datasets/MVTec_AD_2_anomalib_all/vial_folder/test/bad/000467_014_shift_1.png,1,0.605259895324707,0.0060116946697235,0.9615099430084229,0.0017736852169036,0.3753174046804976,0.619124014844629,0.9772308468117823,0.3898107064691003,0.23236801842685603,0.7561933898358686,0.3753174046804976,0.06444735572376607,0.3753174046804976,0.3898107064691003,0.619124014844629,0.4972207097625633,0.4936964773784379,0.5187364543339145,0.4969188451646262,context_topk_mean_score,max(candidate_score_mean),full_image_score,AD2 QCR ablation assembled from Stage11 image-level VLM predictions and candidate-level non-GT quality evidence.
vial,/root/private_data/iad-vlm-anomaly/datasets/MVTec_AD_2_anomalib_all/vial_folder/test/bad/000468_014_shift_2.png,1,0.5979623198509216,0.0035072863101959,0.9368872046470642,0.0021707415580749,0.3637688735520122,0.4418113460217639,0.8305286203596345,0.4244007176070717,0.16071721566483535,0.9219575275302483,0.3637688735520122,0.04476653212409739,0.3637688735520122,0.4244007176070717,0.4418113460217639,0.40279010978688806,0.38407151519911925,0.42135667143195743,0.38630984180532413,context_topk_mean_score,max(candidate_score_mean),full_image_score,AD2 QCR ablation assembled from Stage11 image-level VLM predictions and candidate-level non-GT quality evidence.
vial,/root/private_data/iad-vlm-anomaly/datasets/MVTec_AD_2_anomalib_all/vial_folder/test/bad/000470_014_shift_4.png,1,0.6009054780006409,0.0031257569789886,0.9604706168174744,0.0027860403060913,0.3684264688903797,0.4147989845220084,0.9710385434219427,0.4780031622482595,0.15282292516675883,0.9536274843683713,0.3684264688903797,0.05213802307304635,0.3684264688903797,0.4780031622482595,0.4147989845220084,0.39161272670619407,0.38860943101147993,0.42567632822382545,0.39121633216513224,context_topk_mean_score,max(candidate_score_mean),full_image_score,AD2 QCR ablation assembled from Stage11 image-level VLM predictions and candidate-level non-GT quality evidence.
vial,/root/private_data/iad-vlm-anomaly/datasets/MVTec_AD_2_anomalib_all/vial_folder/test/good/000332_000_overexposed.png,0,0.4476915597915649,0.0054656788706779,0.945910632610321,0.0018114745616912,0.12596296712725089,0.5804659748409268,0.8842901863159932,0.39310276787591153,0.0731172165073753,0.5454969922863241,0.12596296712725089,0.0044427277214598125,0.12596296712725089,0.39310276787591153,0.5804659748409268,0.3532144709840888,0.33642306853440157,0.37831231706960794,0.33664520492047456,context_topk_mean_score,max(candidate_score_mean),full_image_score,AD2 QCR ablation assembled from Stage11 image-level VLM predictions and candidate-level non-GT quality evidence.
vial,/root/private_data/iad-vlm-anomaly/datasets/MVTec_AD_2_anomalib_all/vial_folder/test/good/000334_000_shift_1.png,0,0.438491016626358,0.0064976811408996,0.9611159563064576,-0.0004826635122299,0.11140295887189944,0.6535319650849385,0.9748834748207961,0.19324634121645223,0.07280539462782902,0.45787099378696094,0.11140295887189944,0.0036203964188252047,0.11140295887189944,0.19324634121645223,0.6535319650849385,0.38246746197841897,0.37836384896430136,0.4107428565275977,0.3785448687852426,context_topk_mean_score,max(candidate_score_mean),full_image_score,AD2 QCR ablation assembled from Stage11 image-level VLM predictions and candidate-level non-GT quality evidence.
vial,/root/private_data/iad-vlm-anomaly/datasets/MVTec_AD_2_anomalib_all/vial_folder/test/good/000335_000_shift_2.png,0,0.4568784832954407,0.0056690573692321,0.9403040409088136,-4.26173210144043e-06,0.14050142204842897,0.5948652177689588,0.8508861240484893,0.2349228520467618,0.0835794090236871,0.5456362042794701,0.14050142204842897,0.005451984799718993,0.14050142204842897,0.2349228520467618,0.5948652177689588,0.3676833199086939,0.34550765533612665,0.3875932092341728,0.3457802545761126,context_topk_mean_score,max(candidate_score_mean),full_image_score,AD2 QCR ablation assembled from Stage11 image-level VLM predictions and candidate-level non-GT quality evidence.
vial,/root/private_data/iad-vlm-anomaly/datasets/MVTec_AD_2_anomalib_all/vial_folder/test/good/000337_000_shift_4.png,0,0.4412226974964142,0.0058060511946678,0.961637020111084,-0.0004199594259262,0.11572588799736803,0.6045644110765709,0.9779879719380734,0.19870887844037124,0.06996375332344201,0.5111614769207972,0.11572588799736803,0.004047578232463758,0.11572588799736803,0.19870887844037124,0.6045644110765709,0.36014514953696947,0.35681822734150453,0.3929112921557271,0.3570206062531277,context_topk_mean_score,max(candidate_score_mean),full_image_score,AD2 QCR ablation assembled from Stage11 image-level VLM predictions and candidate-level non-GT quality evidence.
vial,/root/private_data/iad-vlm-anomaly/datasets/MVTec_AD_2_anomalib_all/vial_folder/test/good/000338_000_underexposed.png,0,0.7985492944717407,-0.0007833689451217,0.9653315544128418,0.0013888180255889,0.6812010027158145,0.1380319997242932,1.0,0.35628256687323395,0.09402753661905756,0.45683099700847873,0.1380319997242932,0.00592912221373377,0.6812010027158145,0.35628256687323395,0.1380319997242932,0.4096165012200539,0.4096165012200539,0.43709595463794887,0.40991295733074057,context_topk_mean_score,max(candidate_score_mean),full_image_score,AD2 QCR ablation assembled from Stage11 image-level VLM predictions and candidate-level non-GT quality evidence.
vial,/root/private_data/iad-vlm-anomaly/datasets/MVTec_AD_2_anomalib_all/vial_folder/test/good/000340_001_regular.png,0,0.3753239512443542,0.006213754415512,0.9594609141349792,0.0041814744472503,0.011440057017765607,0.6334298897835654,0.9650227368368719,0.5995679818469254,0.007246474055880972,0.3780101672342002,0.011440057017765607,3.0240986730174583e-05,0.011440057017765607,0.5995679818469254,0.6334298897835654,0.3224349734006655,0.3168960624130778,0.35517489980980765,0.3168975744624143,context_topk_mean_score,max(candidate_score_mean),full_image_score,AD2 QCR ablation assembled from Stage11 image-level VLM predictions and candidate-level non-GT quality evidence.
vial,/root/private_data/iad-vlm-anomaly/datasets/MVTec_AD_2_anomalib_all/vial_folder/test/good/000341_001_shift_1.png,0,0.5636477470397949,0.0062257051467895,0.8891909122467041,0.0053617656230926,0.30946550749659874,0.6342760042157972,0.5463542045835901,0.7023903792880508,0.19628654553755648,0.6751895032808015,0.30946550749659874,0.02240798235533132,0.30946550749659874,0.7023903792880508,0.6342760042157972,0.471870755856198,0.3999365952446936,0.4517606796970731,0.4010569943624602,context_topk_mean_score,max(candidate_score_mean),full_image_score,AD2 QCR ablation assembled from Stage11 image-level VLM predictions and candidate-level non-GT quality evidence.
vial,/root/private_data/iad-vlm-anomaly/datasets/MVTec_AD_2_anomalib_all/vial_folder/test/good/000342_001_shift_2.png,0,0.3680949211120605,0.0042038559913635,0.9601605534553528,0.0049000978469848,0.0,0.4911286343621594,0.9691911865237409,0.6621716700980574,0.0,0.5088713656378405,0.0,0.0,0.0,0.6621716700980574,0.4911286343621594,0.2455643171810797,0.24178154455885129,0.29337057239723785,0.24178154455885129,context_topk_mean_score,max(candidate_score_mean),full_image_score,AD2 QCR ablation assembled from Stage11 image-level VLM predictions and candidate-level non-GT quality evidence.
vial,/root/private_data/iad-vlm-anomaly/datasets/MVTec_AD_2_anomalib_all/vial_folder/test/good/000344_001_shift_4.png,0,0.5654625296592712,0.0052184164524078,0.8893576264381409,0.0055242478847503,0.3123374303218909,0.5629597406374373,0.5473474874064025,0.7165452048321616,0.17583339876537532,0.7493776896844536,0.3123374303218909,0.022526270339790582,0.3123374303218909,0.7165452048321616,0.5629597406374373,0.43764858547966407,0.37394230020752006,0.4224369570009091,0.3750686137245096,context_topk_mean_score,max(candidate_score_mean),full_image_score,AD2 QCR ablation assembled from Stage11 image-level VLM predictions and candidate-level non-GT quality evidence.
vial,/root/private_data/iad-vlm-anomaly/datasets/MVTec_AD_2_anomalib_all/vial_folder/test/good/000352_002_underexposed.png,0,0.8082817792892456,0.0001860111951828,0.9579806327819824,-0.0005790293216705,0.6966028172330085,0.20666432924330833,0.9562032234637764,0.1848513250027912,0.14396295397245862,0.5100615120102998,0.20666432924330833,0.01451072225735561,0.6966028172330085,0.1848513250027912,0.20666432924330833,0.45163357323815845,0.449370765376689,0.4713234763341502,0.4500963014895568,context_topk_mean_score,max(candidate_score_mean),full_image_score,AD2 QCR ablation assembled from Stage11 image-level VLM predictions and candidate-level non-GT quality evidence.
vial,/root/private_data/iad-vlm-anomaly/datasets/MVTec_AD_2_anomalib_all/vial_folder/test/good/000355_003_shift_1.png,0,0.692304253578186,0.0006173849105834,0.8893150687217712,0.0017311573028564,0.5130665084013671,0.23720568422909954,0.5470939286164532,0.3861058392549718,0.12170229218038134,0.7241391758277325,0.23720568422909954,0.011436885902601555,0.5130665084013671,0.3861058392549718,0.23720568422909954,0.37513609631523337,0.3482781226767214,0.36698849913187015,0.3488499669718515,context_topk_mean_score,max(candidate_score_mean),full_image_score,AD2 QCR ablation assembled from Stage11 image-level VLM predictions and candidate-level non-GT quality evidence.
vial,/root/private_data/iad-vlm-anomaly/datasets/MVTec_AD_2_anomalib_all/vial_folder/test/good/000356_003_shift_2.png,0,0.6853682994842529,0.0019647777080535,0.8651812076568604,0.0026081800460815,0.5020902489509139,0.3326013939436265,0.40330443212952094,0.4625086650275558,0.1669959166865764,0.8305111449927125,0.3326013939436265,0.01860408763791165,0.5020902489509139,0.4625086650275558,0.3326013939436265,0.41734582144727017,0.3677303770388439,0.3909066920394259,0.3686605814207395,context_topk_mean_score,max(candidate_score_mean),full_image_score,AD2 QCR ablation assembled from Stage11 image-level VLM predictions and candidate-level non-GT quality evidence.
vial,/root/private_data/iad-vlm-anomaly/datasets/MVTec_AD_2_anomalib_all/vial_folder/test/good/000357_003_shift_3.png,0,0.7374457120895386,0.0009985566139221,0.8579319715499878,0.0030114948749542,0.5845035960582584,0.2641927255962235,0.36011349774407253,0.4976438913827421,0.15442159816342532,0.679689129537965,0.2641927255962235,0.009985702478937507,0.5845035960582584,0.4976438913827421,0.2641927255962235,0.4243481608272409,0.38208482105143404,0.3909320382525425,0.3825841061753809,context_topk_mean_score,max(candidate_score_mean),full_image_score,AD2 QCR ablation assembled from Stage11 image-level VLM predictions and candidate-level non-GT quality evidence.
vial,/root/private_data/iad-vlm-anomaly/datasets/MVTec_AD_2_anomalib_all/vial_folder/test/good/000360_004_overexposed.png,0,0.4339416325092315,0.0029592166344324,0.9119316935539246,0.0005655586719512,0.10420348498076895,0.403007891089662,0.681843734629774,0.2845633994428322,0.04199482672629296,0.701195593891107,0.10420348498076895,0.002092194567298574,0.10420348498076895,0.2845633994428322,0.403007891089662,0.2536056880352155,0.22155081664926107,0.2752684065637791,0.221655426377626,context_topk_mean_score,max(candidate_score_mean),full_image_score,AD2 QCR ablation assembled from Stage11 image-level VLM predictions and candidate-level non-GT quality evidence.
vial,/root/private_data/iad-vlm-anomaly/datasets/MVTec_AD_2_anomalib_all/vial_folder/test/good/000361_004_regular.png,0,0.4128669500350952,0.0066884855429331,0.8854214549064636,0.0003953874111175,0.07085245936276845,0.6670409591828869,0.5238957852065848,0.2697387380604294,0.04726149245380758,0.40381150017988154,0.07085245936276845,0.0007084120652324915,0.07085245936276845,0.2697387380604294,0.6670409591828869,0.36894670927282763,0.2895514562461239,0.35227309518430144,0.2895868768493855,context_topk_mean_score,max(candidate_score_mean),full_image_score,AD2 QCR ablation assembled from Stage11 image-level VLM predictions and candidate-level non-GT quality evidence.
vial,/root/private_data/iad-vlm-anomaly/datasets/MVTec_AD_2_anomalib_all/vial_folder/test/good/000362_004_shift_1.png,0,0.4010511934757232,0.0092540880044301,0.9184795618057252,0.0001533329486846,0.0521538336448584,0.8486861840344578,0.7208559207220395,0.24865189046884914,0.044262238058822796,0.20346764961040054,0.0521538336448584,0.0003385816719121835,0.0521538336448584,0.24865189046884914,0.8486861840344578,0.4504200088396581,0.391193577980102,0.43684782294981267,0.39121050706369764,context_topk_mean_score,max(candidate_score_mean),full_image_score,AD2 QCR ablation assembled from Stage11 image-level VLM predictions and candidate-level non-GT quality evidence.
vial,/root/private_data/iad-vlm-anomaly/datasets/MVTec_AD_2_anomalib_all/vial_folder/test/good/000363_004_shift_2.png,0,0.4152393341064453,0.0055335064729054,0.8895390629768372,-2.047419548034668e-05,0.07460679549743783,0.5852681841631645,0.5484284859450658,0.23351048500787758,0.043664983727018,0.48933861133427337,0.07460679549743783,0.0008742611480080135,0.07460679549743783,0.23351048500787758,0.5852681841631645,0.3299374898303012,0.26386487981761564,0.32315933883144937,0.26390859287501606,context_topk_mean_score,max(candidate_score_mean),full_image_score,AD2 QCR ablation assembled from Stage11 image-level VLM predictions and candidate-level non-GT quality evidence.
vial,/root/private_data/iad-vlm-anomaly/datasets/MVTec_AD_2_anomalib_all/vial_folder/test/good/000366_004_underexposed.png,0,0.8754568696022034,0.0022934675216674,0.934259295463562,0.0034053325653076,0.8029084833168704,0.35587270584651604,0.8148715426424448,0.5319535061232855,0.2857332145050969,0.5529642225296456,0.35587270584651604,0.045818576438503095,0.8029084833168704,0.5319535061232855,0.35587270584651604,0.5793905945816932,0.5629200533194371,0.5735729513801088,0.5652109821413622,context_topk_mean_score,max(candidate_score_mean),full_image_score,AD2 QCR ablation assembled from Stage11 image-level VLM predictions and candidate-level non-GT quality evidence.
fruit_jelly,/root/private_data/iad-vlm-anomaly/datasets/MVTec_AD_2_anomalib_all/fruit_jelly_folder/test/bad/000321_000_regular.png,1,1.0,0.0101792812347412,0.9268935918807985,0.0014410316944122,1.0,0.7587009136744193,0.8093068123735692,0.5951100309441285,0.7587009136744193,0.7587009136744193,0.7587009136744193,0.3534475839422183,1.0,0.5951100309441285,0.7587009136744193,0.8793504568372097,0.8431806829162944,0.8602811380745666,0.8608530621134054,context_topk_mean_score,max(candidate_score_mean),full_image_score,AD2 QCR ablation assembled from Stage11 image-level VLM predictions and candidate-level non-GT quality evidence.
fruit_jelly,/root/private_data/iad-vlm-anomaly/datasets/MVTec_AD_2_anomalib_all/fruit_jelly_folder/test/bad/000322_000_shift_1.png,1,1.0,0.0086289048194885,0.9250332713127136,0.0014555752277374,1.0,0.6780507555558523,0.7943277013488447,0.5964062313239581,0.6780507555558523,0.6780507555558523,0.6780507555558523,0.24762034314822517,1.0,0.5964062313239581,0.6780507555558523,0.8390253777779262,0.804161313403595,0.8184581479128106,0.8165423305610062,context_topk_mean_score,max(candidate_score_mean),full_image_score,AD2 QCR ablation assembled from Stage11 image-level VLM predictions and candidate-level non-GT quality evidence.
fruit_jelly,/root/private_data/iad-vlm-anomaly/datasets/MVTec_AD_2_anomalib_all/fruit_jelly_folder/test/bad/000325_001_regular.png,1,1.0,0.0064014792442321,0.909331202507019,-0.0017222911119461,1.0,0.5621806848591897,0.6678962486231994,0.3131771518121594,0.5621806848591897,0.5621806848591897,0.5621806848591897,0.11866885851997469,1.0,0.3131771518121594,0.5621806848591897,0.7810903424295949,0.7344147638312659,0.7478799672919149,0.7403482067572646,context_topk_mean_score,max(candidate_score_mean),full_image_score,AD2 QCR ablation assembled from Stage11 image-level VLM predictions and candidate-level non-GT quality evidence.
fruit_jelly,/root/private_data/iad-vlm-anomaly/datasets/MVTec_AD_2_anomalib_all/fruit_jelly_folder/test/bad/000326_001_shift_1.png,1,1.0,0.0027587711811065,0.900127649307251,-0.0016865283250808,1.0,0.3726880052875815,0.5937901791820545,0.3163645297953518,0.3726880052875815,0.3726880052875815,0.3726880052875815,0.030737550618618825,1.0,0.3163645297953518,0.3726880052875815,0.6863440026437908,0.6484966206815742,0.6457230205619963,0.6500334982125051,context_topk_mean_score,max(candidate_score_mean),full_image_score,AD2 QCR ablation assembled from Stage11 image-level VLM predictions and candidate-level non-GT quality evidence.
fruit_jelly,/root/private_data/iad-vlm-anomaly/datasets/MVTec_AD_2_anomalib_all/fruit_jelly_folder/test/bad/000330_002_shift_1.png,1,0.9260298013687134,0.0148178885380427,0.8995383977890015,-0.0010566413402557,0.8548578930363862,1.0,0.5890455861991184,0.3725035525983824,0.8548578930363862,0.8548578930363862,0.8548578930363862,0.3679854811808261,0.8548578930363862,0.3725035525983824,1.0,0.9274289465181931,0.8246903430679726,0.8863335051381049,0.8430896171270139,context_topk_mean_score,max(candidate_score_mean),full_image_score,AD2 QCR ablation assembled from Stage11 image-level VLM predictions and candidate-level non-GT quality evidence.
fruit_jelly,/root/private_data/iad-vlm-anomaly/datasets/MVTec_AD_2_anomalib_all/fruit_jelly_folder/test/bad/000331_002_underexposed.png,1,0.8717085123062134,0.0131301631530125,0.916498363018036,-0.0002895444631576,0.7482702875763677,0.9122049859477388,0.7256054923247123,0.4408714822635768,0.682575887163711,0.8360653016286289,0.7482702875763677,0.30984907491224645,0.7482702875763677,0.4408714822635768,0.9122049859477388,0.8302376367620532,0.7676616272575352,0.805008247358485,0.7831540810031475,context_topk_mean_score,max(candidate_score_mean),full_image_score,AD2 QCR ablation assembled from Stage11 image-level VLM predictions and candidate-level non-GT quality evidence.
fruit_jelly,/root/private_data/iad-vlm-anomaly/datasets/MVTec_AD_2_anomalib_all/fruit_jelly_folder/test/bad/000334_003_shift_1.png,1,0.7420337200164795,-0.0032171756029129,0.88134765625,-0.0029226988554,0.49382629633040814,0.061820884053187496,0.4425755950538362,0.20619015365818885,0.030528778207857172,0.5679945877227793,0.061820884053187496,0.0004744345347779517,0.49382629633040814,0.20619015365818885,0.061820884053187496,0.2778235901917978,0.26920847281514937,0.2695693094796076,0.2692321945418883,context_topk_mean_score,max(candidate_score_mean),full_image_score,AD2 QCR ablation assembled from Stage11 image-level VLM predictions and candidate-level non-GT quality evidence.
fruit_jelly,/root/private_data/iad-vlm-anomaly/datasets/MVTec_AD_2_anomalib_all/fruit_jelly_folder/test/bad/000335_003_underexposed.png,1,0.7146259546279907,-0.0024197250604629,0.8902506232261658,-0.0024453401565551,0.44004760046021585,0.10330404369596798,0.5142613749529068,0.24873500936293083,0.045458696546248,0.6632564432357522,0.10330404369596798,0.0016017682647263606,0.44004760046021585,0.24873500936293083,0.10330404369596798,0.27167582207809193,0.2591311310414208,0.27331266481238903,0.25921121945465714,context_topk_mean_score,max(candidate_score_mean),full_image_score,AD2 QCR ablation assembled from Stage11 image-level VLM predictions and candidate-level non-GT quality evidence.
fruit_jelly,/root/private_data/iad-vlm-anomaly/datasets/MVTec_AD_2_anomalib_all/fruit_jelly_folder/test/bad/000336_004_overexposed.png,1,0.7050026059150696,0.0019203126430511,0.9320167899131776,-0.0028823614120483,0.4211649540149732,0.32907162090198144,0.8505582791611783,0.20978525040838736,0.13859343408481573,0.9079066668870082,0.32907162090198144,0.035219109252530016,0.4211649540149732,0.20978525040838736,0.32907162090198144,0.3751182874584773,0.3628240301317742,0.39900980129138125,0.3645849855944007,context_topk_mean_score,max(candidate_score_mean),full_image_score,AD2 QCR ablation assembled from Stage11 image-level VLM predictions and candidate-level non-GT quality evidence.
fruit_jelly,/root/private_data/iad-vlm-anomaly/datasets/MVTec_AD_2_anomalib_all/fruit_jelly_folder/test/bad/000338_004_shift_1.png,1,0.6595323085784912,0.0054811462759971,0.9505766034126282,-0.0031424760818481,0.33194449926684194,0.5143052149541701,1.0,0.1866023878773439,0.17072078704828753,0.8176392843126719,0.33194449926684194,0.046335476112731186,0.33194449926684194,0.1866023878773439,0.5143052149541701,0.42312485711050607,0.42312485711050607,0.45557196439323355,0.4254416309161426,context_topk_mean_score,max(candidate_score_mean),full_image_score,AD2 QCR ablation assembled from Stage11 image-level VLM predictions and candidate-level non-GT quality evidence.
fruit_jelly,/root/private_data/iad-vlm-anomaly/datasets/MVTec_AD_2_anomalib_all/fruit_jelly_folder/test/bad/000339_004_underexposed.png,1,0.6402290463447571,-0.0012742280960083,0.9297035336494446,-0.0027787685394287,0.294068216605485,0.16289248325085115,0.8319321762208832,0.21901802196634862,0.04790150204801663,0.8688242666453662,0.16289248325085115,0.005639882290020396,0.294068216605485,0.21901802196634862,0.16289248325085115,0.22848034992816807,0.22163610363568137,0.27076764776942447,0.2219180977501824,context_topk_mean_score,max(candidate_score_mean),full_image_score,AD2 QCR ablation assembled from Stage11 image-level VLM predictions and candidate-level non-GT quality evidence.
fruit_jelly,/root/private_data/iad-vlm-anomaly/datasets/MVTec_AD_2_anomalib_all/fruit_jelly_folder/test/bad/000340_005_overexposed.png,1,0.8677825927734375,0.0136041045188903,0.8996792435646057,-0.0019772946834564,0.7405669659238598,0.9368592864910967,0.5901796619849445,0.29044981871788056,0.6938070392943037,0.8037076794327631,0.7405669659238598,0.24371675947650548,0.7405669659238598,0.29044981871788056,0.9368592864910967,0.8387131262074783,0.7427271288418971,0.7993691710939076,0.7549129668157224,context_topk_mean_score,max(candidate_score_mean),full_image_score,AD2 QCR ablation assembled from Stage11 image-level VLM predictions and candidate-level non-GT quality evidence.
fruit_jelly,/root/private_data/iad-vlm-anomaly/datasets/MVTec_AD_2_anomalib_all/fruit_jelly_folder/test/bad/000342_005_shift_1.png,1,0.8772469758987427,0.0128457248210906,0.8956745862960815,-0.00130495429039,0.7591376948570745,0.8974085815269818,0.5579345710741085,0.3503725248017881,0.6812566819253499,0.8617291133300927,0.7591376948570745,0.248648228675584,0.7591376948570745,0.3503725248017881,0.8974085815269818,0.8282731381920281,0.7290948108134028,0.7865376358535684,0.7415272222471819,context_topk_mean_score,max(candidate_score_mean),full_image_score,AD2 QCR ablation assembled from Stage11 image-level VLM predictions and candidate-level non-GT quality evidence.
fruit_jelly,/root/private_data/iad-vlm-anomaly/datasets/MVTec_AD_2_anomalib_all/fruit_jelly_folder/test/bad/000344_006_overexposed.png,1,0.599179744720459,0.0114781856536865,0.9348813891410828,-0.0036223828792572,0.21352250715249554,0.8262695671563991,0.8736237392825519,0.14383043149129524,0.17642714956304162,0.38725293999609645,0.21352250715249554,0.012744659241934837,0.21352250715249554,0.14383043149129524,0.8262695671563991,0.5198960371544473,0.4937908225939848,0.5209219186081172,0.49442805555608155,context_topk_mean_score,max(candidate_score_mean),full_image_score,AD2 QCR ablation assembled from Stage11 image-level VLM predictions and candidate-level non-GT quality evidence.
fruit_jelly,/root/private_data/iad-vlm-anomaly/datasets/MVTec_AD_2_anomalib_all/fruit_jelly_folder/test/bad/000345_006_regular.png,1,0.5947992205619812,0.0098393857479095,0.933238446712494,-0.0030780136585235,0.20492717392734508,0.7410196431861193,0.8603949348134399,0.19234763669203905,0.15185506130278106,0.4639075307412257,0.20492717392734508,0.012421043706908639,0.20492717392734508,0.19234763669203905,0.7410196431861193,0.4729734085567322,0.4471108846588523,0.47960372645700783,0.4477319368441977,context_topk_mean_score,max(candidate_score_mean),full_image_score,AD2 QCR ablation assembled from Stage11 image-level VLM predictions and candidate-level non-GT quality evidence.
fruit_jelly,/root/private_data/iad-vlm-anomaly/datasets/MVTec_AD_2_anomalib_all/fruit_jelly_folder/test/bad/000347_006_underexposed.png,1,0.6007364392280579,0.0140981823205947,0.9343035221099854,-0.0026838779449462,0.21657700646319528,0.9625610789321533,0.8689708130262738,0.22747519821507736,0.20846859701310919,0.2540159275310421,0.21657700646319528,0.009965959749538608,0.21657700646319528,0.22747519821507736,0.9625610789321533,0.5895690426976743,0.5580381438014161,0.5793991751620777,0.5585364417888931,context_topk_mean_score,max(candidate_score_mean),full_image_score,AD2 QCR ablation assembled from Stage11 image-level VLM predictions and candidate-level non-GT quality evidence.
fruit_jelly,/root/private_data/iad-vlm-anomaly/datasets/MVTec_AD_2_anomalib_all/fruit_jelly_folder/test/bad/000350_007_shift_1.png,1,0.6626853346824646,0.010621428489685,0.913043737411499,-0.0004055500030517,0.33813127259596487,0.7817012932416585,0.6977892001238221,0.43053242493061566,0.2643176530737135,0.5564299793543064,0.33813127259596487,0.034701342185912316,0.33813127259596487,0.43053242493061566,0.7817012932416585,0.5599162829188117,0.5008566396451106,0.5441437116548029,0.5025917067544062,context_topk_mean_score,max(candidate_score_mean),full_image_score,AD2 QCR ablation assembled from Stage11 image-level VLM predictions and candidate-level non-GT quality evidence.
fruit_jelly,/root/private_data/iad-vlm-anomaly/datasets/MVTec_AD_2_anomalib_all/fruit_jelly_folder/test/bad/000352_008_overexposed.png,1,0.8787295818328857,0.0053890943527221,0.9268134236335754,-0.0023372024297714,0.7620468197892775,0.5095166990207431,0.808661305842914,0.2583728435395866,0.3882755801182878,0.7474698792314657,0.5095166990207431,0.11958008529578247,0.7620468197892775,0.2583728435395866,0.5095166990207431,0.6357817594050104,0.6114091944445458,0.6283190961201285,0.6173881987093349,context_topk_mean_score,max(candidate_score_mean),full_image_score,AD2 QCR ablation assembled from Stage11 image-level VLM predictions and candidate-level non-GT quality evidence.
fruit_jelly,/root/private_data/iad-vlm-anomaly/datasets/MVTec_AD_2_anomalib_all/fruit_jelly_folder/test/bad/000356_009_overexposed.png,1,0.980495274066925,0.0086348950862884,0.8482720851898193,0.0008113086223602,0.9617284113054018,0.6783623676004058,0.1762544783515347,0.5389856169568513,0.6524003620817093,0.716633956295004,0.6783623676004058,0.05590021570621203,0.9617284113054018,0.5389856169568513,0.6783623676004058,0.8200453894529038,0.6803458988614828,0.7389017956056476,0.6831409096467934,context_topk_mean_score,max(candidate_score_mean),full_image_score,AD2 QCR ablation assembled from Stage11 image-level VLM predictions and candidate-level non-GT quality evidence.
fruit_jelly,/root/private_data/iad-vlm-anomaly/datasets/MVTec_AD_2_anomalib_all/fruit_jelly_folder/test/bad/000358_009_shift_1.png,1,1.0,0.0070235431194305,0.8480676412582397,0.0016914904117584,1.0,0.5945402779238341,0.17460831671573956,0.6174323014197127,0.5945402779238341,0.5945402779238341,0.5945402779238341,0.036695158763831,1.0,0.6174323014197127,0.5945402779238341,0.797270138961917,0.6745879887679557,0.7147309706334911,0.6764227467061472,context_topk_mean_score,max(candidate_score_mean),full_image_score,AD2 QCR ablation assembled from Stage11 image-level VLM predictions and candidate-level non-GT quality evidence.
fruit_jelly,/root/private_data/iad-vlm-anomaly/datasets/MVTec_AD_2_anomalib_all/fruit_jelly_folder/test/bad/000360_010_overexposed.png,1,1.0,0.0073527991771698,0.9112722873687744,-0.0003952980041503,1.0,0.6116680882135968,0.683525665483638,0.43144613995246534,0.6116680882135968,0.6116680882135968,0.6116680882135968,0.15642360693713792,1.0,0.43144613995246534,0.6116680882135968,0.8058340441067984,0.757439731316225,0.7741866106551623,0.7652609116630819,context_topk_mean_score,max(candidate_score_mean),full_image_score,AD2 QCR ablation assembled from Stage11 image-level VLM predictions and candidate-level non-GT quality evidence.
fruit_jelly,/root/private_data/iad-vlm-anomaly/datasets/MVTec_AD_2_anomalib_all/fruit_jelly_folder/test/bad/000361_010_regular.png,1,1.0,0.0092068314552307,0.9206097722053528,-0.0005552172660827,1.0,0.7081143414663377,0.7587101387719059,0.4171932480709802,0.7081143414663377,0.7081143414663377,0.7081143414663377,0.2693928460111917,1.0,0.4171932480709802,0.7081143414663377,0.8540571707331688,0.8113419679366598,0.8299281846103594,0.8248116102372194,context_topk_mean_score,max(candidate_score_mean),full_image_score,AD2 QCR ablation assembled from Stage11 image-level VLM predictions and candidate-level non-GT quality evidence.
fruit_jelly,/root/private_data/iad-vlm-anomaly/datasets/MVTec_AD_2_anomalib_all/fruit_jelly_folder/test/bad/000362_010_shift_1.png,1,1.0,0.0050559937953948,0.9159634709358216,-0.0008610785007476,1.0,0.4921888989113415,0.7212985959633054,0.3899331978697783,0.4921888989113415,0.49218889891134143,0.4921888989113415,0.08600239176370685,1.0,0.3899331978697783,0.4921888989113415,0.7460944494556707,0.7118010151612043,0.7182243090520013,0.7161011347493896,context_topk_mean_score,max(candidate_score_mean),full_image_score,AD2 QCR ablation assembled from Stage11 image-level VLM predictions and candidate-level non-GT quality evidence.
fruit_jelly,/root/private_data/iad-vlm-anomaly/datasets/MVTec_AD_2_anomalib_all/fruit_jelly_folder/test/bad/000364_011_overexposed.png,1,1.0,0.0107466578483581,0.8357604742050171,0.0018117725849151,1.0,0.7882156903124022,0.0755122658239087,0.6281525160364937,0.7882156903124022,0.7882156903124022,0.7882156903124022,0.03697879279358853,1.0,0.6281525160364937,0.7882156903124022,0.8941078451562011,0.711933910761462,0.8016590717385921,0.7137828504011414,context_topk_mean_score,max(candidate_score_mean),full_image_score,AD2 QCR ablation assembled from Stage11 image-level VLM predictions and candidate-level non-GT quality evidence.
fruit_jelly,/root/private_data/iad-vlm-anomaly/datasets/MVTec_AD_2_anomalib_all/fruit_jelly_folder/test/bad/000365_011_regular.png,1,1.0,0.0117765367031097,0.8263822793960571,0.0024141669273376,1.0,0.8417897073456444,0.0,0.6818412420149539,0.8417897073456444,0.8417897073456444,0.8417897073456444,0.0,1.0,0.6818412420149539,0.8417897073456444,0.9208948536728222,0.7104474268364112,0.8208948536728223,0.7104474268364112,context_topk_mean_score,max(candidate_score_mean),full_image_score,AD2 QCR ablation assembled from Stage11 image-level VLM predictions and candidate-level non-GT quality evidence.
fruit_jelly,/root/private_data/iad-vlm-anomaly/datasets/MVTec_AD_2_anomalib_all/fruit_jelly_folder/test/bad/000367_011_underexposed.png,1,1.0,0.0124838650226593,0.8365410566329956,0.0026194155216217,1.0,0.8785847335419875,0.0817974357313061,0.7001341354901295,0.8785847335419875,0.8785847335419875,0.8785847335419875,0.055474148788298525,1.0,0.7001341354901295,0.8785847335419875,0.9392923667709938,0.7376126779545987,0.8474721103441243,0.7403863853940137,context_topk_mean_score,max(candidate_score_mean),full_image_score,AD2 QCR ablation assembled from Stage11 image-level VLM predictions and candidate-level non-GT quality evidence.
fruit_jelly,/root/private_data/iad-vlm-anomaly/datasets/MVTec_AD_2_anomalib_all/fruit_jelly_folder/test/bad/000368_012_overexposed.png,1,0.5555112361907959,0.0090972185134887,0.9222147464752196,-0.0013686567544937,0.1278374684040251,0.702412306143585,0.7716332275086558,0.34469500776923684,0.08979461099322895,0.42542516226044014,0.1278374684040251,0.0037682744767945,0.1278374684040251,0.34469500776923684,0.702412306143585,0.41512488727380503,0.3750229794457519,0.4182426936692325,0.3752113931695916,context_topk_mean_score,max(candidate_score_mean),full_image_score,AD2 QCR ablation assembled from Stage11 image-level VLM predictions and candidate-level non-GT quality evidence.
fruit_jelly,/root/private_data/iad-vlm-anomaly/datasets/MVTec_AD_2_anomalib_all/fruit_jelly_folder/test/bad/000371_012_underexposed.png,1,0.5732898712158203,0.0094007750352223,0.9207605123519896,-0.0015425831079483,0.16272217324754734,0.7182032335821623,0.7599238830217375,0.3291937261776718,0.11686759100190533,0.444518939665385,0.16272217324754734,0.006423935791060467,0.16272217324754734,0.3291937261776718,0.7182032335821623,0.44046270341485483,0.39735684253494546,0.4400493101342482,0.39767803932449847,context_topk_mean_score,max(candidate_score_mean),full_image_score,AD2 QCR ablation assembled from Stage11 image-level VLM predictions and candidate-level non-GT quality evidence.
fruit_jelly,/root/private_data/iad-vlm-anomaly/datasets/MVTec_AD_2_anomalib_all/fruit_jelly_folder/test/bad/000374_013_shift_1.png,1,1.0,0.0125146210193634,0.8540415167808533,0.0058346688747406,1.0,0.8801846520991048,0.22270935168587588,0.9866953530685212,0.8801846520991048,0.8801846520991048,0.8801846520991048,0.15186574605487319,1.0,0.9866953530685212,0.8801846520991048,0.9400923260495524,0.7690525013329886,0.8623632612181401,0.7766457886357323,context_topk_mean_score,max(candidate_score_mean),full_image_score,AD2 QCR ablation assembled from Stage11 image-level VLM predictions and candidate-level non-GT quality evidence.
fruit_jelly,/root/private_data/iad-vlm-anomaly/datasets/MVTec_AD_2_anomalib_all/fruit_jelly_folder/test/bad/000375_013_underexposed.png,1,1.0,0.0126316547393798,0.8571404814720154,0.0059839487075805,1.0,0.8862727142830152,0.24766189855708892,1.0,0.8862727142830152,0.8862727142830152,0.8862727142830152,0.17240955641177091,1.0,1.0,0.8862727142830152,0.9431363571415077,0.7764421743354228,0.8679025469972166,0.7850626521560113,context_topk_mean_score,max(candidate_score_mean),full_image_score,AD2 QCR ablation assembled from Stage11 image-level VLM predictions and candidate-level non-GT quality evidence.
fruit_jelly,/root/private_data/iad-vlm-anomaly/datasets/MVTec_AD_2_anomalib_all/fruit_jelly_folder/test/good/000303_000_underexposed.png,0,0.4903601706027984,0.0082942247390747,0.9001848697662354,-2.086162567138672e-05,0.0,0.6606407890864461,0.5942509124678746,0.464817987436421,0.0,0.3393592109135539,0.0,0.0,0.0,0.464817987436421,0.6606407890864461,0.33032039454322304,0.26330679520364086,0.32368140688136593,0.26330679520364086,context_topk_mean_score,max(candidate_score_mean),full_image_score,AD2 QCR ablation assembled from Stage11 image-level VLM predictions and candidate-level non-GT quality evidence.
fruit_jelly,/root/private_data/iad-vlm-anomaly/datasets/MVTec_AD_2_anomalib_all/fruit_jelly_folder/test/good/000305_001_regular.png,0,0.7373324632644653,-0.0012037605047225,0.9226915836334229,-0.0046009421348571,0.4846016312221595,0.16655818812324372,0.7754726715571585,0.05661580142635864,0.08071436965793122,0.6819565569010843,0.16655818812324372,0.007109516297585337,0.4846016312221595,0.05661580142635864,0.16655818812324372,0.3255799096727016,0.3162306934203036,0.34608263185967025,0.31658616923518285,context_topk_mean_score,max(candidate_score_mean),full_image_score,AD2 QCR ablation assembled from Stage11 image-level VLM predictions and candidate-level non-GT quality evidence.
fruit_jelly,/root/private_data/iad-vlm-anomaly/datasets/MVTec_AD_2_anomalib_all/fruit_jelly_folder/test/good/000306_001_shift_1.png,0,0.6858506202697754,0.0010129064321517,0.9170037508010864,-0.0038316845893859,0.38358550174189043,0.2818685973866385,0.7296748230856172,0.12517630184470316,0.10812070735383664,0.8982830956447481,0.2818685973866385,0.019975523105920514,0.38358550174189043,0.12517630184470316,0.2818685973866385,0.33272704956426447,0.3136780049504765,0.3499611926953569,0.3146767811057725,context_topk_mean_score,max(candidate_score_mean),full_image_score,AD2 QCR ablation assembled from Stage11 image-level VLM predictions and candidate-level non-GT quality evidence.
fruit_jelly,/root/private_data/iad-vlm-anomaly/datasets/MVTec_AD_2_anomalib_all/fruit_jelly_folder/test/good/000307_001_underexposed.png,0,0.746764063835144,-0.0015934109687805,0.91691255569458,-0.004198208451271,0.5031080352091366,0.14628867729472106,0.7289405294113404,0.0925096617395169,0.07359900900709054,0.6431806420855845,0.14628867729472106,0.005047865127755781,0.5031080352091366,0.0925096617395169,0.14628867729472106,0.32469835625192883,0.3147851233967732,0.3400126388433862,0.315037516653161,context_topk_mean_score,max(candidate_score_mean),full_image_score,AD2 QCR ablation assembled from Stage11 image-level VLM predictions and candidate-level non-GT quality evidence.
fruit_jelly,/root/private_data/iad-vlm-anomaly/datasets/MVTec_AD_2_anomalib_all/fruit_jelly_folder/test/good/000309_002_regular.png,0,0.7084732055664062,-0.0044055879116058,0.9485985040664672,-0.0052361786365509,0.427974860641466,0.0,0.9840725462952955,0.0,0.0,0.572025139358534,0.0,0.0,0.427974860641466,0.0,0.0,0.213987430320733,0.213987430320733,0.26959719888611594,0.213987430320733,context_topk_mean_score,max(candidate_score_mean),full_image_score,AD2 QCR ablation assembled from Stage11 image-level VLM predictions and candidate-level non-GT quality evidence.
fruit_jelly,/root/private_data/iad-vlm-anomaly/datasets/MVTec_AD_2_anomalib_all/fruit_jelly_folder/test/good/000313_003_regular.png,0,0.6131702661514282,0.0053185224533081,0.9336143136024476,-0.0009260773658752,0.24097428902660287,0.505845568067981,0.8634213765846714,0.38414013838533345,0.12189577612243976,0.7351287209586219,0.24097428902660287,0.018644277223508074,0.24097428902660287,0.38414013838533345,0.505845568067981,0.37340992854729194,0.3561380057104245,0.3972596581085447,0.3570702195715999,context_topk_mean_score,max(candidate_score_mean),full_image_score,AD2 QCR ablation assembled from Stage11 image-level VLM predictions and candidate-level non-GT quality evidence.
fruit_jelly,/root/private_data/iad-vlm-anomaly/datasets/MVTec_AD_2_anomalib_all/fruit_jelly_folder/test/good/000314_003_shift_1.png,0,0.7512716054916382,0.0033702403306961,0.900808334350586,-0.0009291172027587,0.5119525983623454,0.4044964636167086,0.5992709855612917,0.3838692112567666,0.20708301557695388,0.8925438652543631,0.4044964636167086,0.04480350911513011,0.5119525983623454,0.3838692112567666,0.4044964636167086,0.458224530989527,0.4177011636872604,0.4472150249054462,0.4199413391430169,context_topk_mean_score,max(candidate_score_mean),full_image_score,AD2 QCR ablation assembled from Stage11 image-level VLM predictions and candidate-level non-GT quality evidence.
fruit_jelly,/root/private_data/iad-vlm-anomaly/datasets/MVTec_AD_2_anomalib_all/fruit_jelly_folder/test/good/000315_003_underexposed.png,0,0.6156240105628967,0.0060677230358123,0.9220728278160096,-0.0009606778621673,0.24578895277525606,0.5448187779588433,0.7704905129737223,0.38105635018660167,0.13391043688679885,0.7009701748164128,0.24578895277525606,0.017776392120398436,0.24578895277525606,0.38105635018660167,0.5448187779588433,0.39530386536704964,0.36404359580414525,0.4066831872796918,0.3649324154101652,context_topk_mean_score,max(candidate_score_mean),full_image_score,AD2 QCR ablation assembled from Stage11 image-level VLM predictions and candidate-level non-GT quality evidence.
fruit_jelly,/root/private_data/iad-vlm-anomaly/datasets/MVTec_AD_2_anomalib_all/fruit_jelly_folder/test/good/000316_004_overexposed.png,0,0.7601321935653687,-0.0017606616020202,0.8968847393989563,-0.0032578408718109,0.529338578740313,0.13758834498605804,0.5676786001386999,0.17632043773324496,0.07283081898615183,0.6082497662457451,0.13758834498605804,0.003460041548633922,0.529338578740313,0.17632043773324496,0.13758834498605804,0.33346346186318554,0.3185928653859425,0.33082171140303357,0.3187658674633742,context_topk_mean_score,max(candidate_score_mean),full_image_score,AD2 QCR ablation assembled from Stage11 image-level VLM predictions and candidate-level non-GT quality evidence.
fruit_jelly,/root/private_data/iad-vlm-anomaly/datasets/MVTec_AD_2_anomalib_all/fruit_jelly_folder/test/good/000318_004_shift_1.png,0,0.8938310146331787,-6.67870044708252e-05,0.8918328285217285,-0.0028830170631408,0.7916783986597021,0.22570323939582268,0.5270011302363418,0.20972681514536484,0.1786843791371923,0.4340248407361206,0.22570323939582268,0.009224663075408281,0.7916783986597021,0.20972681514536484,0.22570323939582268,0.5086908190277624,0.48200147474370725,0.47752120615956334,0.48246270789747764,context_topk_mean_score,max(candidate_score_mean),full_image_score,AD2 QCR ablation assembled from Stage11 image-level VLM predictions and candidate-level non-GT quality evidence.
walnuts,/root/private_data/iad-vlm-anomaly/datasets/MVTec_AD_2_anomalib_all/walnuts_folder/test/bad/000540_000_overexposed.png,1,0.336684376001358,0.0089593231678009,0.8941233158111572,0.00110325217247,0.1968158191187621,0.3495634550386514,0.6745369322092195,0.1872319892402601,0.06879961773741673,0.8472523640801107,0.1968158191187621,0.007738638322488011,0.1968158191187621,0.1872319892402601,0.3495634550386514,0.27318963707870675,0.2447471384626007,0.292885364657629,0.24513407037872512,context_topk_mean_score,max(candidate_score_mean),full_image_score,AD2 QCR ablation assembled from Stage11 image-level VLM predictions and candidate-level non-GT quality evidence.
walnuts,/root/private_data/iad-vlm-anomaly/datasets/MVTec_AD_2_anomalib_all/walnuts_folder/test/bad/000543_000_shift_2.png,1,0.3172292411327362,0.0100831389427185,0.9086134433746338,0.0005356967449188,0.17325832100166666,0.4272311783109567,0.7521752585320115,0.14565156636186205,0.07402135663372002,0.7460271426907099,0.17325832100166666,0.00719655774526903,0.17325832100166666,0.14565156636186205,0.4272311783109567,0.30024474965631165,0.27377513557831745,0.3228154612416225,0.2741349634655809,context_topk_mean_score,max(candidate_score_mean),full_image_score,AD2 QCR ablation assembled from Stage11 image-level VLM predictions and candidate-level non-GT quality evidence.
walnuts,/root/private_data/iad-vlm-anomaly/datasets/MVTec_AD_2_anomalib_all/walnuts_folder/test/bad/000545_000_underexposed.png,1,0.3021983206272125,0.0092590550581614,0.901381254196167,0.0001806020736694,0.15505793925678443,0.37027814336744896,0.7134250776929373,0.11963650972480117,0.05741456586238482,0.7847797958893354,0.15505793925678443,0.004984393005920106,0.15505793925678443,0.11963650972480117,0.37027814336744896,0.2626680413121167,0.23613993377023418,0.2872183974052256,0.23638915342053018,context_topk_mean_score,max(candidate_score_mean),full_image_score,AD2 QCR ablation assembled from Stage11 image-level VLM predictions and candidate-level non-GT quality evidence.
walnuts,/root/private_data/iad-vlm-anomaly/datasets/MVTec_AD_2_anomalib_all/walnuts_folder/test/bad/000546_001_overexposed.png,1,0.96754789352417,0.0094001591205596,0.8371954560279846,-0.0010107457637786,0.96070495309528,0.3800299474580661,0.3695165840209476,0.032355612614740396,0.36509665284750314,0.41932499436278614,0.3800299474580661,0.021498608808695963,0.96070495309528,0.032355612614740396,0.3800299474580661,0.6703674502766731,0.6104668054147477,0.6097552839081836,0.6115417358551826,context_topk_mean_score,max(candidate_score_mean),full_image_score,AD2 QCR ablation assembled from Stage11 image-level VLM predictions and candidate-level non-GT quality evidence.
walnuts,/root/private_data/iad-vlm-anomaly/datasets/MVTec_AD_2_anomalib_all/walnuts_folder/test/bad/000547_001_regular.png,1,0.9751788973808287,0.0099769532680511,0.8317591547966003,-0.0014523863792419,0.9699450514137309,0.41989260932160843,0.3403887984205603,0.0,0.4072727585366931,0.44994755790787755,0.41989260932160843,0.026191522925755453,0.9699450514137309,0.0,0.41989260932160843,0.6949188303676697,0.6256773632254315,0.6307012199898611,0.6269869393717193,context_topk_mean_score,max(candidate_score_mean),full_image_score,AD2 QCR ablation assembled from Stage11 image-level VLM predictions and candidate-level non-GT quality evidence.
walnuts,/root/private_data/iad-vlm-anomaly/datasets/MVTec_AD_2_anomalib_all/walnuts_folder/test/bad/000549_001_shift_2.png,1,0.9885308742523192,0.0106908082962036,0.8268090486526489,-0.000440627336502,0.986112462852083,0.4692276480535191,0.31386605357563163,0.074123806778983,0.4627112316603461,0.48311518520143615,0.4692276480535191,0.032922186482456164,0.986112462852083,0.074123806778983,0.4692276480535191,0.7276700554528011,0.6471818009702046,0.6597937728858387,0.6488279102943274,context_topk_mean_score,max(candidate_score_mean),full_image_score,AD2 QCR ablation assembled from Stage11 image-level VLM predictions and candidate-level non-GT quality evidence.
walnuts,/root/private_data/iad-vlm-anomaly/datasets/MVTec_AD_2_anomalib_all/walnuts_folder/test/bad/000553_002_regular.png,1,0.8467388153076172,0.0098242312669754,0.8119125962257385,0.0012578964233398,0.8144217403685163,0.4093378810628687,0.23405063238585902,0.19856158461497667,0.3333736694939823,0.5949161406943524,0.4093378810628687,0.019001102615288982,0.8144217403685163,0.19856158461497667,0.4093378810628687,0.6118798107156925,0.5334967879305383,0.5462462787605382,0.5344468430613027,context_topk_mean_score,max(candidate_score_mean),full_image_score,AD2 QCR ablation assembled from Stage11 image-level VLM predictions and candidate-level non-GT quality evidence.
walnuts,/root/private_data/iad-vlm-anomaly/datasets/MVTec_AD_2_anomalib_all/walnuts_folder/test/bad/000558_003_overexposed.png,1,0.3327539563179016,0.0081012646357218,0.9258174896240234,0.0028767585754394,0.1920566203304898,0.29026240756416977,0.8443548029101597,0.3171631688806165,0.05574681700576565,0.9017942127663201,0.1920566203304898,0.008152330531836989,0.1920566203304898,0.3171631688806165,0.29026240756416977,0.2411595139473298,0.2298650265390556,0.2829377731494564,0.23027264306564746,context_topk_mean_score,max(candidate_score_mean),full_image_score,AD2 QCR ablation assembled from Stage11 image-level VLM predictions and candidate-level non-GT quality evidence.
walnuts,/root/private_data/iad-vlm-anomaly/datasets/MVTec_AD_2_anomalib_all/walnuts_folder/test/bad/000559_003_regular.png,1,0.3356964588165283,0.0093268553415934,0.9152084589004515,0.0026106536388397,0.19561958699913765,0.3749638701288183,0.7875114531413617,0.2976677059588974,0.07335027741419772,0.8206557168703194,0.19561958699913765,0.009273250172117525,0.19561958699913765,0.2976677059588974,0.3749638701288183,0.285291728563978,0.26537284659193705,0.3143195559067383,0.2658365091005429,context_topk_mean_score,max(candidate_score_mean),full_image_score,AD2 QCR ablation assembled from Stage11 image-level VLM predictions and candidate-level non-GT quality evidence.
walnuts,/root/private_data/iad-vlm-anomaly/datasets/MVTec_AD_2_anomalib_all/walnuts_folder/test/bad/000561_003_shift_2.png,1,0.4180181920528412,0.0109573105971018,0.8933989405632019,0.0027745068073272,0.29529990732620276,0.4876458153542154,0.6706557184908073,0.3096719679304051,0.1440017640821104,0.8076540919719873,0.29529990732620276,0.02303329940303579,0.29529990732620276,0.3096719679304051,0.4876458153542154,0.3914728613402091,0.3513220211680095,0.3946440373294591,0.35247368613816127,context_topk_mean_score,max(candidate_score_mean),full_image_score,AD2 QCR ablation assembled from Stage11 image-level VLM predictions and candidate-level non-GT quality evidence.
walnuts,/root/private_data/iad-vlm-anomaly/datasets/MVTec_AD_2_anomalib_all/walnuts_folder/test/bad/000562_003_shift_3.png,1,0.498451292514801,0.0081817060708999,0.8947731852531433,0.0036237835884094,0.3926933525775539,0.2958217734909363,0.6780189426734546,0.371891948541932,0.11616724399759354,0.9031284209133824,0.2958217734909363,0.021042879072843888,0.3926933525775539,0.371891948541932,0.2958217734909363,0.3442575630342451,0.32044531118203873,0.3548246690945009,0.3214974551356809,context_topk_mean_score,max(candidate_score_mean),full_image_score,AD2 QCR ablation assembled from Stage11 image-level VLM predictions and candidate-level non-GT quality evidence.
walnuts,/root/private_data/iad-vlm-anomaly/datasets/MVTec_AD_2_anomalib_all/walnuts_folder/test/bad/000563_003_underexposed.png,1,0.3405732810497284,0.0086039106051127,0.914742112159729,0.0028132200241088,0.2015247493818109,0.32500063506187016,0.7850127601328165,0.3125081877014103,0.06549567152977276,0.8765241143199407,0.2015247493818109,0.009082001594069368,0.2015247493818109,0.3125081877014103,0.32500063506187016,0.2632626922218405,0.2457949448500822,0.2956609969437314,0.24624904492978567,context_topk_mean_score,max(candidate_score_mean),full_image_score,AD2 QCR ablation assembled from Stage11 image-level VLM predictions and candidate-level non-GT quality evidence.
walnuts,/root/private_data/iad-vlm-anomaly/datasets/MVTec_AD_2_anomalib_all/walnuts_folder/test/bad/000565_004_regular.png,1,0.5267114043235779,0.0088907033205032,0.92174631357193,0.006267100572586,0.4269124692899187,0.34482108762412,0.8225413790141091,0.5655474624675735,0.1472084219808485,0.9179086183342013,0.34482108762412,0.03832513356258454,0.4269124692899187,0.5655474624675735,0.34482108762412,0.38586677845701933,0.3705689097828615,0.40566840286511124,0.3724851664609907,context_topk_mean_score,max(candidate_score_mean),full_image_score,AD2 QCR ablation assembled from Stage11 image-level VLM predictions and candidate-level non-GT quality evidence.
walnuts,/root/private_data/iad-vlm-anomaly/datasets/MVTec_AD_2_anomalib_all/walnuts_folder/test/bad/000567_004_shift_2.png,1,0.5238694548606873,0.0063323378562927,0.9299243688583374,0.0055669248104095,0.4234712585466869,0.16801059489163184,0.8663595250056128,0.5142509672404582,0.0711476580679369,0.744539336344945,0.16801059489163184,0.00771050958042086,0.4234712585466869,0.5142509672404582,0.16801059489163184,0.29574092671915936,0.29012767279280754,0.33034345968268247,0.2905131982718286,context_topk_mean_score,max(candidate_score_mean),full_image_score,AD2 QCR ablation assembled from Stage11 image-level VLM predictions and candidate-level non-GT quality evidence.
walnuts,/root/private_data/iad-vlm-anomaly/datasets/MVTec_AD_2_anomalib_all/walnuts_folder/test/bad/000568_004_shift_3.png,1,0.5631758570671082,0.0070162812868754,0.9274051189422609,0.0062499344348907,0.47106591683204224,0.21527842142156564,0.8528613452127711,0.5642898315298533,0.10141032696110458,0.7442125045895234,0.21527842142156564,0.013856644567313458,0.47106591683204224,0.5642898315298533,0.21527842142156564,0.3431721691268039,0.3352532247936321,0.36996490251883074,0.3359460570219978,context_topk_mean_score,max(candidate_score_mean),full_image_score,AD2 QCR ablation assembled from Stage11 image-level VLM predictions and candidate-level non-GT quality evidence.
walnuts,/root/private_data/iad-vlm-anomaly/datasets/MVTec_AD_2_anomalib_all/walnuts_folder/test/bad/000570_005_overexposed.png,1,0.3813140392303467,0.0108512192964553,0.9307973980903624,0.0080434679985046,0.2508562158871852,0.48031376862189806,0.8710372290567587,0.6956882472642154,0.12048969443500239,0.7705424472652871,0.2508562158871852,0.020286543439831495,0.2508562158871852,0.6956882472642154,0.48031376862189806,0.36558499225454166,0.35009934362362394,0.3916206861528094,0.3511136707956155,context_topk_mean_score,max(candidate_score_mean),full_image_score,AD2 QCR ablation assembled from Stage11 image-level VLM predictions and candidate-level non-GT quality evidence.
walnuts,/root/private_data/iad-vlm-anomaly/datasets/MVTec_AD_2_anomalib_all/walnuts_folder/test/bad/000572_005_shift_1.png,1,0.5246747136116028,0.0086382329463958,0.8802797198295593,0.0050066411495208,0.42444631637263197,0.32737267696084493,0.6003627320448756,0.47320329080094875,0.13895212681707825,0.902926360588213,0.32737267696084493,0.024658899224186157,0.42444631637263197,0.47320329080094875,0.32737267696084493,0.37590949666673845,0.34320191611079154,0.3746590832195862,0.34443486107200083,context_topk_mean_score,max(candidate_score_mean),full_image_score,AD2 QCR ablation assembled from Stage11 image-level VLM predictions and candidate-level non-GT quality evidence.
walnuts,/root/private_data/iad-vlm-anomaly/datasets/MVTec_AD_2_anomalib_all/walnuts_folder/test/bad/000574_005_shift_3.png,1,0.3872590959072113,0.0108410815397898,0.9415814280509948,0.0065056085586547,0.2580548635664231,0.4796131409061537,0.9288182274289676,0.5830211089859427,0.12376650364120115,0.7784417226602693,0.2580548635664231,0.02309255601218899,0.2580548635664231,0.5830211089859427,0.4796131409061537,0.36883400223628837,0.3602990738567733,0.4003256748960476,0.3614537016573827,context_topk_mean_score,max(candidate_score_mean),full_image_score,AD2 QCR ablation assembled from Stage11 image-level VLM predictions and candidate-level non-GT quality evidence.
walnuts,/root/private_data/iad-vlm-anomaly/datasets/MVTec_AD_2_anomalib_all/walnuts_folder/test/bad/000576_006_overexposed.png,1,1.0,0.0183708369731903,0.8526511788368225,0.0109098851680755,1.0,1.0,0.45232858451787583,0.9056885966061424,1.0,1.0,1.0,0.45232858451787583,1.0,0.9056885966061424,1.0,1.0,0.863082146129469,0.9452328584517876,0.8856985753553628,context_topk_mean_score,max(candidate_score_mean),full_image_score,AD2 QCR ablation assembled from Stage11 image-level VLM predictions and candidate-level non-GT quality evidence.
walnuts,/root/private_data/iad-vlm-anomaly/datasets/MVTec_AD_2_anomalib_all/walnuts_folder/test/bad/000577_006_regular.png,1,1.0,0.0173421800136566,0.8531928062438965,0.0092595517635345,1.0,0.9289087714745308,0.4552306324944423,0.7847813556213478,0.9289087714745308,0.9289087714745308,0.9289087714745308,0.36488051280796474,1.0,0.7847813556213478,0.9289087714745308,0.9644543857372654,0.8379441247606292,0.9099774489867096,0.8561881504010275,context_topk_mean_score,max(candidate_score_mean),full_image_score,AD2 QCR ablation assembled from Stage11 image-level VLM predictions and candidate-level non-GT quality evidence.
walnuts,/root/private_data/iad-vlm-anomaly/datasets/MVTec_AD_2_anomalib_all/walnuts_folder/test/bad/000578_006_shift_1.png,1,1.0,0.0180366337299346,0.8513794541358948,0.0096198916435241,1.0,0.9769029714716418,0.44551466401297635,0.8111806883782654,0.9769029714716418,0.9769029714716418,0.9769029714716418,0.4153519895984379,1.0,0.8111806883782654,0.9769029714716418,0.9884514857358209,0.8530318926450271,0.9330029521371185,0.873799492124949,context_topk_mean_score,max(candidate_score_mean),full_image_score,AD2 QCR ablation assembled from Stage11 image-level VLM predictions and candidate-level non-GT quality evidence.
walnuts,/root/private_data/iad-vlm-anomaly/datasets/MVTec_AD_2_anomalib_all/walnuts_folder/test/bad/000579_006_shift_2.png,1,1.0,0.0153475105762481,0.8548752665519714,0.0111255943775177,1.0,0.7910557199850843,0.46424528069896975,0.9214919520353573,0.7910557199850843,0.7910557199850843,0.7910557199850843,0.22980989439606722,1.0,0.9214919520353573,0.7910557199850843,0.8955278599925421,0.7895749011895213,0.8419523880624391,0.8010653959093247,context_topk_mean_score,max(candidate_score_mean),full_image_score,AD2 QCR ablation assembled from Stage11 image-level VLM predictions and candidate-level non-GT quality evidence.
walnuts,/root/private_data/iad-vlm-anomaly/datasets/MVTec_AD_2_anomalib_all/walnuts_folder/test/bad/000581_006_underexposed.png,1,1.0,0.0154181718826293,0.8533357381820679,0.0093743801116943,1.0,0.7959391741174816,0.4559964640172558,0.7931939459044027,0.7959391741174816,0.7959391741174816,0.7959391741174816,0.2299328991858761,1.0,0.7931939459044027,0.7959391741174816,0.8979695870587407,0.789721155771967,0.8435692334604664,0.8012178007312608,context_topk_mean_score,max(candidate_score_mean),full_image_score,AD2 QCR ablation assembled from Stage11 image-level VLM predictions and candidate-level non-GT quality evidence.
walnuts,/root/private_data/iad-vlm-anomaly/datasets/MVTec_AD_2_anomalib_all/walnuts_folder/test/bad/000588_008_overexposed.png,1,0.9688700437545776,0.0174594819545745,0.9235992431640624,0.012197196483612,0.9623058955597592,0.9370155936867247,0.8324694042641928,1.0,0.901695630036163,0.9747096981269655,0.9370155936867247,0.6855677054638047,0.9623058955597592,1.0,0.9370155936867247,0.9496607446232419,0.9104160494672224,0.9331450991286292,0.9446944347404127,context_topk_mean_score,max(candidate_score_mean),full_image_score,AD2 QCR ablation assembled from Stage11 image-level VLM predictions and candidate-level non-GT quality evidence.
walnuts,/root/private_data/iad-vlm-anomaly/datasets/MVTec_AD_2_anomalib_all/walnuts_folder/test/bad/000590_008_shift_1.png,1,0.896670937538147,0.0160915702581405,0.9248998761177064,0.0095284283161163,0.8748826872276122,0.8424782242434319,0.8394382156317142,0.8044798735382229,0.7370696127568406,0.9675955370158197,0.8424782242434319,0.5043706244405802,0.8748826872276122,0.8044798735382229,0.8424782242434319,0.8586804557355221,0.8248630039915344,0.8445951474272732,0.8500815352135634,context_topk_mean_score,max(candidate_score_mean),full_image_score,AD2 QCR ablation assembled from Stage11 image-level VLM predictions and candidate-level non-GT quality evidence.
walnuts,/root/private_data/iad-vlm-anomaly/datasets/MVTec_AD_2_anomalib_all/walnuts_folder/test/bad/000592_008_shift_3.png,1,0.8700042366981506,0.0158230364322662,0.938036322593689,0.0107784569263458,0.8425929725034776,0.823919656778237,0.9098234978700112,0.896059859739218,0.6942289127088198,0.9813266842747593,0.823919656778237,0.5106911343778984,0.8425929725034776,0.896059859739218,0.823919656778237,0.8332563146408574,0.8146817664697568,0.8270102927705689,0.8402163231886517,context_topk_mean_score,max(candidate_score_mean),full_image_score,AD2 QCR ablation assembled from Stage11 image-level VLM predictions and candidate-level non-GT quality evidence.
walnuts,/root/private_data/iad-vlm-anomaly/datasets/MVTec_AD_2_anomalib_all/walnuts_folder/test/bad/000594_009_overexposed.png,1,0.4281511902809143,0.0058926145235697,0.8983744382858276,0.0054373741149902,0.3075695774307963,0.13762099644983214,0.6973145118047596,0.5047597837573452,0.04232803172367999,0.8300514190190358,0.13762099644983214,0.0033716809471988343,0.3075695774307963,0.5047597837573452,0.13762099644983214,0.22259528694031422,0.21218131731623102,0.25204048390509537,0.21234990136359097,context_topk_mean_score,max(candidate_score_mean),full_image_score,AD2 QCR ablation assembled from Stage11 image-level VLM predictions and candidate-level non-GT quality evidence.
walnuts,/root/private_data/iad-vlm-anomaly/datasets/MVTec_AD_2_anomalib_all/walnuts_folder/test/bad/000596_009_shift_1.png,1,0.5752536654472351,0.0101062854131062,0.8750752806663513,0.0051536262035369,0.4856904851064248,0.42883084766684754,0.5724772669714876,0.48397175570518447,0.20827906243191055,0.9431403625604227,0.42883084766684754,0.04822433075919816,0.4856904851064248,0.48397175570518447,0.42883084766684754,0.4572606663866362,0.4114269323862701,0.44388416604964875,0.41383814892423,context_topk_mean_score,max(candidate_score_mean),full_image_score,AD2 QCR ablation assembled from Stage11 image-level VLM predictions and candidate-level non-GT quality evidence.
walnuts,/root/private_data/iad-vlm-anomaly/datasets/MVTec_AD_2_anomalib_all/walnuts_folder/test/bad/000597_009_shift_2.png,1,0.4501582086086273,0.0083559254805246,0.8830692172050476,0.0045880377292633,0.3342170561719555,0.30786220324588237,0.6153089018812693,0.4425354363717345,0.10289279927545106,0.9736451470739269,0.30786220324588237,0.018977336462411096,0.3342170561719555,0.4425354363717345,0.30786220324588237,0.32103962970891897,0.29143166744994137,0.3286518738828072,0.29238053427306193,context_topk_mean_score,max(candidate_score_mean),full_image_score,AD2 QCR ablation assembled from Stage11 image-level VLM predictions and candidate-level non-GT quality evidence.
walnuts,/root/private_data/iad-vlm-anomaly/datasets/MVTec_AD_2_anomalib_all/walnuts_folder/test/bad/000598_009_shift_3.png,1,0.4578291773796081,0.0096018413702646,0.9143920540809632,0.0055359899997711,0.3435055465164832,0.39396835400888397,0.783137143563391,0.5119846114881087,0.13533031475402102,0.9495371925075993,0.3435055465164832,0.03456834986852459,0.3435055465164832,0.5119846114881087,0.39396835400888397,0.3687369502626836,0.34737767461368463,0.38683630604188807,0.34910609210711085,context_topk_mean_score,max(candidate_score_mean),full_image_score,AD2 QCR ablation assembled from Stage11 image-level VLM predictions and candidate-level non-GT quality evidence.
walnuts,/root/private_data/iad-vlm-anomaly/datasets/MVTec_AD_2_anomalib_all/walnuts_folder/test/bad/000599_009_underexposed.png,1,0.3552324771881103,0.0067643225193023,0.926937460899353,0.0038043558597564,0.21927502393709225,0.19786536825692796,0.8503556262269512,0.3851210906454912,0.043386933360859456,0.9785903443198357,0.19786536825692796,0.007143815969340532,0.21927502393709225,0.3851210906454912,0.19786536825692796,0.2085701960970101,0.2011678363159647,0.25623041283638914,0.2015250271144317,context_topk_mean_score,max(candidate_score_mean),full_image_score,AD2 QCR ablation assembled from Stage11 image-level VLM predictions and candidate-level non-GT quality evidence.
walnuts,/root/private_data/iad-vlm-anomaly/datasets/MVTec_AD_2_anomalib_all/walnuts_folder/test/bad/000600_010_overexposed.png,1,0.5978255271911621,0.011191189289093,0.8877400159835815,0.0073008239269256,0.5130219117001058,0.5038093413824856,0.6403351135669385,0.6412804254984646,0.258465231448414,0.9907874296823798,0.5038093413824856,0.08261447581277867,0.5130219117001058,0.6412804254984646,0.5038093413824856,0.5084156265412957,0.46311499415323387,0.49661253573457187,0.4672457179438728,context_topk_mean_score,max(candidate_score_mean),full_image_score,AD2 QCR ablation assembled from Stage11 image-level VLM predictions and candidate-level non-GT quality evidence.
walnuts,/root/private_data/iad-vlm-anomaly/datasets/MVTec_AD_2_anomalib_all/walnuts_folder/test/bad/000602_010_shift_1.png,1,0.6507849097251892,0.0090818603833516,0.902039110660553,0.0054025948047637,0.5771484552965759,0.3580320908776957,0.7169498827460202,0.5022117710762289,0.20663766819666535,0.7808836355811198,0.3580320908776957,0.04141966356167232,0.5771484552965759,0.5022117710762289,0.3580320908776957,0.4675902730871358,0.44225501676123097,0.46643097356397717,0.4443259999393146,context_topk_mean_score,max(candidate_score_mean),full_image_score,AD2 QCR ablation assembled from Stage11 image-level VLM predictions and candidate-level non-GT quality evidence.
walnuts,/root/private_data/iad-vlm-anomaly/datasets/MVTec_AD_2_anomalib_all/walnuts_folder/test/bad/000603_010_shift_2.png,1,0.5360194444656372,0.0119528025388717,0.9211163520812988,0.005333662033081,0.43818322837748835,0.5564449854484983,0.8191660356593896,0.4971615968419456,0.24382486013828752,0.8817382429289901,0.43818322837748835,0.07716944010599233,0.43818322837748835,0.4971615968419456,0.5564449854484983,0.4973141069129933,0.47215806874896704,0.5041503751101624,0.47601654075426664,context_topk_mean_score,max(candidate_score_mean),full_image_score,AD2 QCR ablation assembled from Stage11 image-level VLM predictions and candidate-level non-GT quality evidence.
walnuts,/root/private_data/iad-vlm-anomaly/datasets/MVTec_AD_2_anomalib_all/walnuts_folder/test/bad/000605_010_underexposed.png,1,0.5125999450683594,0.0119289606809616,0.9144102334976196,0.0051026344299316,0.40982542892349905,0.5547972573565921,0.7832345491574096,0.4802359804717838,0.22737002396174627,0.8550281715669069,0.40982542892349905,0.06240284214290246,0.40982542892349905,0.4802359804717838,0.5547972573565921,0.4823113431400456,0.452246123735762,0.486909531823952,0.4553662658429071,context_topk_mean_score,max(candidate_score_mean),full_image_score,AD2 QCR ablation assembled from Stage11 image-level VLM predictions and candidate-level non-GT quality evidence.
walnuts,/root/private_data/iad-vlm-anomaly/datasets/MVTec_AD_2_anomalib_all/walnuts_folder/test/bad/000608_011_shift_1.png,1,0.9988558292388916,0.0102673570315043,0.7869324684143066,0.0082391500473022,0.9986145662452375,0.4399626240344495,0.10020672341314311,0.7100243665994171,0.43935308496427833,0.44134805778921204,0.4399626240344495,0.008548847014314806,0.9986145662452375,0.7100243665994171,0.4399626240344495,0.7192885951398436,0.6203197423759164,0.6293868569496169,0.6207471847266322,context_topk_mean_score,max(candidate_score_mean),full_image_score,AD2 QCR ablation assembled from Stage11 image-level VLM predictions and candidate-level non-GT quality evidence.
walnuts,/root/private_data/iad-vlm-anomaly/datasets/MVTec_AD_2_anomalib_all/walnuts_folder/test/bad/000609_011_shift_2.png,1,0.9938974976539612,0.0107945352792739,0.7682302594184875,0.0066853463649749,0.9926107072247419,0.47639629508338116,0.0,0.5961891162522557,0.4728760633819618,0.48378558785863923,0.47639629508338116,0.0,0.9926107072247419,0.5961891162522557,0.47639629508338116,0.7345035011540615,0.6154044273832162,0.6348904072614454,0.6154044273832162,context_topk_mean_score,max(candidate_score_mean),full_image_score,AD2 QCR ablation assembled from Stage11 image-level VLM predictions and candidate-level non-GT quality evidence.
walnuts,/root/private_data/iad-vlm-anomaly/datasets/MVTec_AD_2_anomalib_all/walnuts_folder/test/bad/000614_012_shift_1.png,1,0.7725992798805237,0.0067903200785319,0.8808518052101135,0.0073688626289367,0.7246489385853225,0.19966207843048642,0.6034279743117497,0.6462650981214105,0.1446849132103914,0.4750131398451639,0.19966207843048642,0.008280372966882284,0.7246489385853225,0.6462650981214105,0.19966207843048642,0.4621555085079045,0.4423604097838284,0.4445356955585378,0.4427744284321725,context_topk_mean_score,max(candidate_score_mean),full_image_score,AD2 QCR ablation assembled from Stage11 image-level VLM predictions and candidate-level non-GT quality evidence.
walnuts,/root/private_data/iad-vlm-anomaly/datasets/MVTec_AD_2_anomalib_all/walnuts_folder/test/bad/000615_012_shift_2.png,1,0.346498966217041,0.0132638961076736,0.8912858963012695,0.0065112113952636,0.20869994082171256,0.6470556128827603,0.6593339948397391,0.5834315857503388,0.13504046811698903,0.5616443279389522,0.20869994082171256,0.010436457436342632,0.20869994082171256,0.5834315857503388,0.6470556128827603,0.4278777768522364,0.37277031416291284,0.42173966777746197,0.37329213703472996,context_topk_mean_score,max(candidate_score_mean),full_image_score,AD2 QCR ablation assembled from Stage11 image-level VLM predictions and candidate-level non-GT quality evidence.
walnuts,/root/private_data/iad-vlm-anomaly/datasets/MVTec_AD_2_anomalib_all/walnuts_folder/test/bad/000617_012_underexposed.png,1,0.3646619319915771,0.0116384029388427,0.9048659801483154,0.0042046010494232,0.2306927995155168,0.5347166010664887,0.7320962929347092,0.414443978655207,0.12335526964745004,0.6959761984490281,0.2306927995155168,0.01449954391215837,0.2306927995155168,0.414443978655207,0.5347166010664887,0.38270470029100273,0.34689156037723656,0.39170891649101813,0.3476165375728445,context_topk_mean_score,max(candidate_score_mean),full_image_score,AD2 QCR ablation assembled from Stage11 image-level VLM predictions and candidate-level non-GT quality evidence.
walnuts,/root/private_data/iad-vlm-anomaly/datasets/MVTec_AD_2_anomalib_all/walnuts_folder/test/bad/000620_013_shift_1.png,1,0.8315162658691406,0.0118219405412673,0.8788110017776489,0.0097587406635284,0.795989322286816,0.5474010178840238,0.5924933181359315,0.8213530886193134,0.43572536524461736,0.7514116955972079,0.5474010178840238,0.10618907817029527,0.795989322286816,0.8213530886193134,0.5474010178840238,0.6716951700854199,0.6159277769736868,0.6401780044063907,0.6212372308822016,context_topk_mean_score,max(candidate_score_mean),full_image_score,AD2 QCR ablation assembled from Stage11 image-level VLM predictions and candidate-level non-GT quality evidence.
walnuts,/root/private_data/iad-vlm-anomaly/datasets/MVTec_AD_2_anomalib_all/walnuts_folder/test/bad/000621_013_shift_2.png,1,0.8139071464538574,0.0132880210876464,0.8568663597106934,0.0108908116817474,0.7746670955188948,0.6487229077457594,0.4749135884636008,0.9042912288975653,0.5025442907399793,0.8740558122268646,0.6487229077457594,0.13532789876897677,0.7746670955188948,0.9042912288975653,0.6487229077457594,0.7116950016323271,0.6265361057049073,0.6671017892262198,0.6333025006433561,context_topk_mean_score,max(candidate_score_mean),full_image_score,AD2 QCR ablation assembled from Stage11 image-level VLM predictions and candidate-level non-GT quality evidence.
walnuts,/root/private_data/iad-vlm-anomaly/datasets/MVTec_AD_2_anomalib_all/walnuts_folder/test/bad/000623_013_underexposed.png,1,0.8414573669433594,0.0133469402790069,0.8492222428321838,0.0120445489883422,0.8080266312758928,0.6527948557928945,0.43395629267283187,0.9888166915572771,0.5274756282405648,0.8447682245170017,0.6527948557928945,0.12623002886954462,0.8080266312758928,0.9888166915572771,0.6527948557928945,0.7304107435343936,0.6380331384601152,0.6804717869188547,0.6443446399035925,context_topk_mean_score,max(candidate_score_mean),full_image_score,AD2 QCR ablation assembled from Stage11 image-level VLM predictions and candidate-level non-GT quality evidence.
walnuts,/root/private_data/iad-vlm-anomaly/datasets/MVTec_AD_2_anomalib_all/walnuts_folder/test/bad/000626_014_shift_1.png,1,0.6099127531051636,0.0056725740432739,0.9005254507064819,0.0063960254192352,0.5276578833154579,0.1224138392682448,0.7088396694341565,0.5749927948227517,0.06459262731680074,0.5947559559527869,0.1224138392682448,0.0033334986457279592,0.5276578833154579,0.5749927948227517,0.1224138392682448,0.32503586129185136,0.3161253478150573,0.3373719187085768,0.3162920227473437,context_topk_mean_score,max(candidate_score_mean),full_image_score,AD2 QCR ablation assembled from Stage11 image-level VLM predictions and candidate-level non-GT quality evidence.
walnuts,/root/private_data/iad-vlm-anomaly/datasets/MVTec_AD_2_anomalib_all/walnuts_folder/test/bad/000627_014_shift_2.png,1,0.2436696290969848,0.0093030234177907,0.9292947053909302,0.0069179534912109,0.0841877268511547,0.3733168285902793,0.8629857784639106,0.6132304521357881,0.03142869519429778,0.7108708982608754,0.0841877268511547,0.001623190561058045,0.0841877268511547,0.6132304521357881,0.3733168285902793,0.22875227772071702,0.2159648490568123,0.2724432695423944,0.2160460085848652,context_topk_mean_score,max(candidate_score_mean),full_image_score,AD2 QCR ablation assembled from Stage11 image-level VLM predictions and candidate-level non-GT quality evidence.
walnuts,/root/private_data/iad-vlm-anomaly/datasets/MVTec_AD_2_anomalib_all/walnuts_folder/test/good/000480_000_overexposed.png,0,0.3010706305503845,0.0112642844518025,0.9300387501716614,0.0064180195331573,0.1536924613487187,0.50886100109093,0.8669723818414256,0.5766041344617054,0.07820809974203806,0.6448314602577887,0.1536924613487187,0.006719791223772643,0.1536924613487187,0.5766041344617054,0.50886100109093,0.33127673121982437,0.31435358948259584,0.35953943313420583,0.3146895790437845,context_topk_mean_score,max(candidate_score_mean),full_image_score,AD2 QCR ablation assembled from Stage11 image-level VLM predictions and candidate-level non-GT quality evidence.
walnuts,/root/private_data/iad-vlm-anomaly/datasets/MVTec_AD_2_anomalib_all/walnuts_folder/test/good/000481_000_regular.png,0,0.32807058095932,0.0110879639784495,0.9095184803009032,0.0060523748397827,0.18638569556248008,0.4966753652978867,0.757024460301152,0.54981615881084,0.0925731834297955,0.6897103302645934,0.18638569556248008,0.009008955057566234,0.18638569556248008,0.54981615881084,0.4966753652978867,0.3415305304301834,0.31136053919558926,0.3581841887172415,0.3118109869484676,context_topk_mean_score,max(candidate_score_mean),full_image_score,AD2 QCR ablation assembled from Stage11 image-level VLM predictions and candidate-level non-GT quality evidence.
walnuts,/root/private_data/iad-vlm-anomaly/datasets/MVTec_AD_2_anomalib_all/walnuts_folder/test/good/000482_000_shift_1.png,0,0.3141162693500519,0.0124390621980031,0.9421724677085876,0.0046577155590057,0.16948893942686022,0.5900507431596963,0.9319850270037049,0.4476401952821348,0.10000707466616762,0.579438196267164,0.16948893942686022,0.009153520138334424,0.16948893942686022,0.4476401952821348,0.5900507431596963,0.3797698412932783,0.3697367699526656,0.40701508320160984,0.3701944459595823,context_topk_mean_score,max(candidate_score_mean),full_image_score,AD2 QCR ablation assembled from Stage11 image-level VLM predictions and candidate-level non-GT quality evidence.
walnuts,/root/private_data/iad-vlm-anomaly/datasets/MVTec_AD_2_anomalib_all/walnuts_folder/test/good/000485_000_underexposed.png,0,0.3166203498840332,0.0111768146355946,0.9211369156837464,0.0052881240844726,0.1725210372695466,0.5028158986537332,0.8192762157575431,0.49382538143771315,0.08674632039136128,0.6697051386158134,0.1725210372695466,0.008211208897942534,0.1725210372695466,0.49382538143771315,0.5028158986537332,0.3376684679616399,0.31495076996614635,0.36073702798420243,0.3153613304110435,context_topk_mean_score,max(candidate_score_mean),full_image_score,AD2 QCR ablation assembled from Stage11 image-level VLM predictions and candidate-level non-GT quality evidence.
walnuts,/root/private_data/iad-vlm-anomaly/datasets/MVTec_AD_2_anomalib_all/walnuts_folder/test/good/000488_001_shift_1.png,0,0.3422479629516601,0.008010928829511,0.9482453465461732,0.007237285375595,0.20355255931568697,0.28401923447926136,0.9645236052077827,0.6366254443192585,0.057812842073135855,0.9195333248364256,0.20355255931568697,0.010437133077788463,0.20355255931568697,0.6366254443192585,0.28401923447926136,0.24378589689747415,0.24126690227473174,0.2972623622460712,0.24178875892862117,context_topk_mean_score,max(candidate_score_mean),full_image_score,AD2 QCR ablation assembled from Stage11 image-level VLM predictions and candidate-level non-GT quality evidence.
walnuts,/root/private_data/iad-vlm-anomaly/datasets/MVTec_AD_2_anomalib_all/walnuts_folder/test/good/000489_001_shift_2.png,0,0.3512828946113586,0.0070202946662902,0.9354304075241088,0.0074297487735748,0.2144926215151381,0.21555578898369857,0.8958609648519094,0.6507257578536428,0.04623512626187743,0.9989368325314395,0.2144926215151381,0.008874891357919953,0.2144926215151381,0.6507257578536428,0.21555578898369857,0.21502420524941834,0.20941226227808138,0.2662289733109134,0.20985600684597738,context_topk_mean_score,max(candidate_score_mean),full_image_score,AD2 QCR ablation assembled from Stage11 image-level VLM predictions and candidate-level non-GT quality evidence.
walnuts,/root/private_data/iad-vlm-anomaly/datasets/MVTec_AD_2_anomalib_all/walnuts_folder/test/good/000492_002_overexposed.png,0,0.401611328125,0.0097555369138717,0.868165910243988,0.0057997107505798,0.27543344694453076,0.4045903644980479,0.5354567539921123,0.5313054034462565,0.11143771869424145,0.8708430824464828,0.27543344694453076,0.014312424122521181,0.27543344694453076,0.5313054034462565,0.4045903644980479,0.34001190572128936,0.2930244754144299,0.3366989718456669,0.29374009662055595,context_topk_mean_score,max(candidate_score_mean),full_image_score,AD2 QCR ablation assembled from Stage11 image-level VLM predictions and candidate-level non-GT quality evidence.
walnuts,/root/private_data/iad-vlm-anomaly/datasets/MVTec_AD_2_anomalib_all/walnuts_folder/test/good/000493_002_regular.png,0,0.371545135974884,0.0124204754829406,0.8786433935165405,0.0057981610298156,0.23902741482254616,0.5887662018013752,0.5915952704953346,0.5311918673199315,0.14073126315147222,0.650261213021171,0.23902741482254616,0.0129404936329639,0.23902741482254616,0.5311918673199315,0.5887662018013752,0.4138968083119607,0.3537830829649157,0.40435010001424926,0.35443010764656385,context_topk_mean_score,max(candidate_score_mean),full_image_score,AD2 QCR ablation assembled from Stage11 image-level VLM predictions and candidate-level non-GT quality evidence.
walnuts,/root/private_data/iad-vlm-anomaly/datasets/MVTec_AD_2_anomalib_all/walnuts_folder/test/good/000496_002_shift_3.png,0,0.4092881381511688,0.0096214264631271,0.9548665285110474,0.0064984858036041,0.28472901024738145,0.3953218939810547,1.0,0.5824992794822746,0.11255961160234597,0.8894071162663267,0.28472901024738145,0.02850459693381781,0.28472901024738145,0.5824992794822746,0.3953218939810547,0.3400254521142181,0.3400254521142181,0.3832763228516091,0.341450681960909,context_topk_mean_score,max(candidate_score_mean),full_image_score,AD2 QCR ablation assembled from Stage11 image-level VLM predictions and candidate-level non-GT quality evidence.
walnuts,/root/private_data/iad-vlm-anomaly/datasets/MVTec_AD_2_anomalib_all/walnuts_folder/test/good/000498_003_overexposed.png,0,0.3024095892906189,0.0115122298399607,0.8882793188095093,0.0067565441131591,0.15531375661163732,0.5259966866934279,0.6432247064019747,0.6014052279019353,0.08169452137563071,0.6293170699182093,0.15531375661163732,0.005136119104242806,0.15531375661163732,0.6014052279019353,0.5259966866934279,0.3406552216525326,0.2937395660708736,0.34501610009978667,0.29399637202608575,context_topk_mean_score,max(candidate_score_mean),full_image_score,AD2 QCR ablation assembled from Stage11 image-level VLM predictions and candidate-level non-GT quality evidence.
walnuts,/root/private_data/iad-vlm-anomaly/datasets/MVTec_AD_2_anomalib_all/walnuts_folder/test/good/000500_003_shift_1.png,0,0.5637779831886292,0.0075460523366928,0.8635561466217041,0.0075480639934539,0.47179500892365567,0.2518912829004974,0.510757569612265,0.6593938044209181,0.11884105006383124,0.7800962739768418,0.2518912829004974,0.011927313490211186,0.47179500892365567,0.6593938044209181,0.2518912829004974,0.36184314591207656,0.3310341700521456,0.3524343786972709,0.33163053572665613,context_topk_mean_score,max(candidate_score_mean),full_image_score,AD2 QCR ablation assembled from Stage11 image-level VLM predictions and candidate-level non-GT quality evidence.
walnuts,/root/private_data/iad-vlm-anomaly/datasets/MVTec_AD_2_anomalib_all/walnuts_folder/test/good/000502_003_shift_3.png,0,0.493832916021347,0.0086840490500132,0.8860525488853455,0.0069529712200164,0.3871011325141476,0.3305390611108026,0.6312936389037304,0.6157959319132541,0.12795204489615472,0.943437928596655,0.3305390611108026,0.02518922266697301,0.3871011325141476,0.6157959319132541,0.3305390611108026,0.35882009681247506,0.3283521332068897,0.3629806458299686,0.32961159434023835,context_topk_mean_score,max(candidate_score_mean),full_image_score,AD2 QCR ablation assembled from Stage11 image-level VLM predictions and candidate-level non-GT quality evidence.
walnuts,/root/private_data/iad-vlm-anomaly/datasets/MVTec_AD_2_anomalib_all/walnuts_folder/test/good/000505_004_regular.png,0,0.3063398003578186,0.0093249678611755,0.9217826724052428,0.0058186948299407,0.16007270279425526,0.374833424988208,0.8227361902021464,0.532696220993697,0.06000059943549019,0.7852392778060473,0.16007270279425526,0.0062049099551735026,0.16007270279425526,0.532696220993697,0.374833424988208,0.26745306389123163,0.25084196365298467,0.30223613007674893,0.2511522091507433,context_topk_mean_score,max(candidate_score_mean),full_image_score,AD2 QCR ablation assembled from Stage11 image-level VLM predictions and candidate-level non-GT quality evidence.
walnuts,/root/private_data/iad-vlm-anomaly/datasets/MVTec_AD_2_anomalib_all/walnuts_folder/test/good/000506_004_shift_1.png,0,0.5277224183082581,0.0090815424919128,0.9194371104240416,0.0091512799263,0.4281366684641364,0.35801012116980374,0.810168633035442,0.7768491104881172,0.15327726055408156,0.9298734527056673,0.35801012116980374,0.04134017476851855,0.4281366684641364,0.7768491104881172,0.35801012116980374,0.39307339481697007,0.37608300714476733,0.41080330521252845,0.37815001588319325,context_topk_mean_score,max(candidate_score_mean),full_image_score,AD2 QCR ablation assembled from Stage11 image-level VLM predictions and candidate-level non-GT quality evidence.
walnuts,/root/private_data/iad-vlm-anomaly/datasets/MVTec_AD_2_anomalib_all/walnuts_folder/test/good/000509_004_underexposed.png,0,0.3069425523281097,0.0082699755827585,0.9268544316291808,0.0035225749015808,0.1608025527028318,0.3019221434745468,0.8499107541204955,0.36447716613828585,0.04854985138821776,0.858880409228285,0.1608025527028318,0.005698845261457312,0.1608025527028318,0.36447716613828585,0.3019221434745468,0.23136234808868933,0.22003353138158477,0.2749359390218228,0.22031847364465765,context_topk_mean_score,max(candidate_score_mean),full_image_score,AD2 QCR ablation assembled from Stage11 image-level VLM predictions and candidate-level non-GT quality evidence.
walnuts,/root/private_data/iad-vlm-anomaly/datasets/MVTec_AD_2_anomalib_all/walnuts_folder/test/good/000513_005_shift_2.png,0,0.436133474111557,0.0080751776695251,0.8970050811767578,-0.0005220472812652,0.317235027584718,0.28845951841027095,0.6899774753555863,0.06815879337298529,0.09150946327995678,0.971224490825553,0.28845951841027095,0.017689087113151963,0.317235027584718,0.06815879337298529,0.28845951841027095,0.3028472729974945,0.2804900359586785,0.3204265122615499,0.2813744903143361,context_topk_mean_score,max(candidate_score_mean),full_image_score,AD2 QCR ablation assembled from Stage11 image-level VLM predictions and candidate-level non-GT quality evidence.
walnuts,/root/private_data/iad-vlm-anomaly/datasets/MVTec_AD_2_anomalib_all/walnuts_folder/test/good/000517_006_regular.png,0,0.3885742127895355,0.0106745213270187,0.8707231283187866,0.0029389858245849,0.2596472896116972,0.46810204380073117,0.5491583677632833,0.32172208102985483,0.12154142693455582,0.791545245810966,0.2596472896116972,0.01371770548851165,0.2596472896116972,0.32172208102985483,0.46810204380073117,0.36387466670621416,0.311114694336098,0.3581697128347553,0.3118005796105236,context_topk_mean_score,max(candidate_score_mean),full_image_score,AD2 QCR ablation assembled from Stage11 image-level VLM predictions and candidate-level non-GT quality evidence.
walnuts,/root/private_data/iad-vlm-anomaly/datasets/MVTec_AD_2_anomalib_all/walnuts_folder/test/good/000519_006_shift_2.png,0,0.4611872732639313,0.0105013102293014,0.85444176197052,0.0024332106113433,0.3475717397351979,0.4561312992130021,0.46192255648486524,0.2846678194950191,0.15853834921513923,0.8914404405221958,0.3475717397351979,0.022690302810498924,0.3475717397351979,0.2846678194950191,0.4561312992130021,0.4018515194741,0.3404930286271577,0.38352730614928043,0.3416275437676826,context_topk_mean_score,max(candidate_score_mean),full_image_score,AD2 QCR ablation assembled from Stage11 image-level VLM predictions and candidate-level non-GT quality evidence.
walnuts,/root/private_data/iad-vlm-anomaly/datasets/MVTec_AD_2_anomalib_all/walnuts_folder/test/good/000520_006_shift_3.png,0,0.4690164625644684,0.0074375023444493,0.8753905892372131,0.0037506222724914,0.3570518134253194,0.24438931420870075,0.5741666951431654,0.3811844438039799,0.08725964781998677,0.8873375007833814,0.24438931420870075,0.01086481915935373,0.3570518134253194,0.3811844438039799,0.24438931420870075,0.30072056381701007,0.2747032864817135,0.3067190853499233,0.2752465274396812,context_topk_mean_score,max(candidate_score_mean),full_image_score,AD2 QCR ablation assembled from Stage11 image-level VLM predictions and candidate-level non-GT quality evidence.
walnuts,/root/private_data/iad-vlm-anomaly/datasets/MVTec_AD_2_anomalib_all/walnuts_folder/test/good/000522_007_overexposed.png,0,0.1965264081954956,0.0087903340657552,0.9111983776092528,0.0105609595775604,0.02710375672603162,0.3378844956338654,0.7660253759137358,0.8801255010873285,0.009157939171158182,0.6892192610921661,0.02710375672603162,0.0001310472185573716,0.02710375672603162,0.8801255010873285,0.3378844956338654,0.1824941261799485,0.16273002671732084,0.22351363245244824,0.1627365790782487,context_topk_mean_score,max(candidate_score_mean),full_image_score,AD2 QCR ablation assembled from Stage11 image-level VLM predictions and candidate-level non-GT quality evidence.
walnuts,/root/private_data/iad-vlm-anomaly/datasets/MVTec_AD_2_anomalib_all/walnuts_folder/test/good/000523_007_regular.png,0,0.1741425693035125,0.0066325366497039,0.9186835289001464,0.0091760158538818,0.0,0.18875755122889318,0.8061309316413923,0.7786613217351814,0.0,0.8112424487711068,0.0,0.0,0.0,0.7786613217351814,0.18875755122889318,0.09437877561444659,0.08523021296384717,0.1561161136556965,0.08523021296384717,context_topk_mean_score,max(candidate_score_mean),full_image_score,AD2 QCR ablation assembled from Stage11 image-level VLM predictions and candidate-level non-GT quality evidence.
walnuts,/root/private_data/iad-vlm-anomaly/datasets/MVTec_AD_2_anomalib_all/walnuts_folder/test/good/000524_007_shift_1.png,0,0.63271564245224,0.0039013028144836,0.8563582301139832,0.0099795758724212,0.5552690526281147,0.0,0.4721910222701124,0.8375319866202027,0.0,0.44473094737188534,0.0,0.0,0.5552690526281147,0.8375319866202027,0.0,0.27763452631405733,0.27763452631405733,0.26932672327825713,0.27763452631405733,context_topk_mean_score,max(candidate_score_mean),full_image_score,AD2 QCR ablation assembled from Stage11 image-level VLM predictions and candidate-level non-GT quality evidence.
walnuts,/root/private_data/iad-vlm-anomaly/datasets/MVTec_AD_2_anomalib_all/walnuts_folder/test/good/000525_007_shift_2.png,0,0.2116146981716156,0.0085532665252685,0.9331073760986328,0.0109045505523681,0.04537360502587107,0.321500585973301,0.8834141267492688,0.905297770325149,0.014587640603538662,0.7238730190525701,0.04537360502587107,0.00042326764372589085,0.04537360502587107,0.905297770325149,0.321500585973301,0.18343709549958603,0.17406648885800627,0.2365498531349496,0.17408765224019257,context_topk_mean_score,max(candidate_score_mean),full_image_score,AD2 QCR ablation assembled from Stage11 image-level VLM predictions and candidate-level non-GT quality evidence.
walnuts,/root/private_data/iad-vlm-anomaly/datasets/MVTec_AD_2_anomalib_all/walnuts_folder/test/good/000527_007_underexposed.png,0,0.1864359676837921,0.0072768529256184,0.9355611205101012,0.0085983574390411,0.014885618174933595,0.23328671635939588,0.8965613270410379,0.7363407306486403,0.003472616985010002,0.7815989018155377,0.014885618174933595,3.622327410575395e-05,0.014885618174933595,0.7363407306486403,0.23328671635939588,0.12408616726716473,0.11805345017737232,0.18927232821633658,0.1180552613410776,context_topk_mean_score,max(candidate_score_mean),full_image_score,AD2 QCR ablation assembled from Stage11 image-level VLM predictions and candidate-level non-GT quality evidence.
walnuts,/root/private_data/iad-vlm-anomaly/datasets/MVTec_AD_2_anomalib_all/walnuts_folder/test/good/000528_008_overexposed.png,0,0.357555627822876,0.0088011771440505,0.8770253658294678,0.0060532689094543,0.2220880405043785,0.3386338686389925,0.5829258532650196,0.5498816604221773,0.07520653233445095,0.883454171865386,0.2220880405043785,0.008601576966812045,0.2220880405043785,0.5498816604221773,0.3386338686389925,0.2803609545716855,0.24505209661714217,0.29010200221729543,0.24548217546548276,context_topk_mean_score,max(candidate_score_mean),full_image_score,AD2 QCR ablation assembled from Stage11 image-level VLM predictions and candidate-level non-GT quality evidence.
walnuts,/root/private_data/iad-vlm-anomaly/datasets/MVTec_AD_2_anomalib_all/walnuts_folder/test/good/000531_008_shift_2.png,0,0.3422197997570038,0.0133521109819412,0.8871616721153259,0.0064696073532104,0.20351845755234438,0.6531522068228299,0.6372363382267136,0.5803835774360024,0.13292852967949217,0.5503662507295144,0.20351845755234438,0.00948799247067266,0.20351845755234438,0.5803835774360024,0.6531522068228299,0.4283353321875871,0.3691003606269989,0.4196847525406904,0.36957476025053254,context_topk_mean_score,max(candidate_score_mean),full_image_score,AD2 QCR ablation assembled from Stage11 image-level VLM predictions and candidate-level non-GT quality evidence.
walnuts,/root/private_data/iad-vlm-anomaly/datasets/MVTec_AD_2_anomalib_all/walnuts_folder/test/good/000532_008_shift_3.png,0,0.3639559745788574,0.0123578906059265,0.8973226547241211,0.0073546171188354,0.22983798198106137,0.5844409155601148,0.6916790393061911,0.6452214391140669,0.13432672061950068,0.6453970664209465,0.22983798198106137,0.013782113244253344,0.22983798198106137,0.6452214391140669,0.5844409155601148,0.40713944877058805,0.3620906026320221,0.4083121350090397,0.3627797082942347,context_topk_mean_score,max(candidate_score_mean),full_image_score,AD2 QCR ablation assembled from Stage11 image-level VLM predictions and candidate-level non-GT quality evidence.
walnuts,/root/private_data/iad-vlm-anomaly/datasets/MVTec_AD_2_anomalib_all/walnuts_folder/test/good/000533_008_underexposed.png,0,0.3985611200332641,0.0065639168024063,0.8547475934028625,0.0057564973831176,0.2717400635851736,0.18401518381436868,0.46356120600261175,0.5281394922315042,0.050004297750353956,0.9122751202291951,0.18401518381436868,0.003891292771023129,0.2717400635851736,0.5281394922315042,0.18401518381436868,0.22787762369977116,0.20319940287912425,0.2336586493351135,0.2033939675176754,context_topk_mean_score,max(candidate_score_mean),full_image_score,AD2 QCR ablation assembled from Stage11 image-level VLM predictions and candidate-level non-GT quality evidence.
walnuts,/root/private_data/iad-vlm-anomaly/datasets/MVTec_AD_2_anomalib_all/walnuts_folder/test/good/000535_009_regular.png,0,0.3809798061847687,0.0088560432195663,0.866192638874054,0.0089653432369232,0.25045150554233053,0.3424257029105047,0.5248839356458805,0.7632269587165191,0.0857610328303267,0.9080258026318258,0.25045150554233053,0.010237056970579786,0.25045150554233053,0.7632269587165191,0.3424257029105047,0.29643860422641766,0.2557656161512847,0.2982153802287548,0.2562774689998137,context_topk_mean_score,max(candidate_score_mean),full_image_score,AD2 QCR ablation assembled from Stage11 image-level VLM predictions and candidate-level non-GT quality evidence.
walnuts,/root/private_data/iad-vlm-anomaly/datasets/MVTec_AD_2_anomalib_all/walnuts_folder/test/good/000539_009_underexposed.png,0,0.3557000756263733,0.0081077069044113,0.8828397989273071,0.0098534226417541,0.2198412214681463,0.2907076374256732,0.6140796752210069,0.8282897092601806,0.063909522101779,0.9291335840424731,0.2198412214681463,0.00801636678558536,0.2198412214681463,0.8282897092601806,0.2907076374256732,0.25527442944690976,0.22722693298414737,0.2720184632898064,0.22762775132342664,context_topk_mean_score,max(candidate_score_mean),full_image_score,AD2 QCR ablation assembled from Stage11 image-level VLM predictions and candidate-level non-GT quality evidence.
