strategy,image_mode,category,num_images,num_defect_types,fallback_count,top1_accuracy,top2_accuracy,macro_f1
generic,crop_top1,MEAN,328,20,164,0.2839856995429751,0.48733005788127615,0.1890259628989066
manufacturing_aware,crop_top1,MEAN,328,20,164,0.27971719580280624,0.4677677249389458,0.1781042043365173
category_aware,crop_top1,MEAN,328,20,164,0.2784585344435257,0.4462510175694992,0.18318897025543127
generic,full,MEAN,328,20,0,0.2701856944150658,0.4467501073656007,0.14950429681327
manufacturing_aware,full,MEAN,328,20,0,0.26837081514528005,0.46168450217615653,0.1594941231829422
category_aware,full,MEAN,328,20,0,0.2682723432622477,0.42911386522572414,0.14690566248573722
