dataset,category,strategy,eval_mode,num_images_total,num_images_used,num_normal,num_anomaly,covered_count,fallback_count,coverage_ratio,auroc,ap,best_f1,best_accuracy,best_threshold
VisA,MEAN,inspection_binary,crop_topk_ensemble,2162,2162,962,1200,1199,963,0.5545790934320074,0.9221857260726072,0.9398195768083911,0.9042398243985746,0.8947284411276949,
VisA,MEAN,inspection_binary,crop_or_full,2162,2162,962,1200,1199,963,0.5545790934320074,0.8703729372937294,0.904652046331397,0.8671811592792308,0.8439759535655057,
VisA,MEAN,inspection_binary,full_all,2162,2162,962,1200,2162,0,1.0,0.5949971397139714,0.6796165066285377,0.7394776790909408,0.6215241500829187,
