image_id,category,split,reference_available,encoded_views,matching_reason,tight_area_fraction,context15_area_fraction,context30_area_fraction,tight_text,tight_visual,context15_text,context15_visual,context30_text,context30_visual,tight_text_z,tight_visual_z,context15_text_z,context15_visual_z,context30_text_z,context30_visual_z
005e070227309d82c55c4275,pcb4,evaluation,1,9,ok,0.052026637638470895,0.1174201191009797,0.42982006787475185,0.00605890154838562,0.09925952553749084,0.00854957103729248,0.08313551545143127,-0.0011036694049835205,0.021377354860305786,2.6005249106869748,1.7912599262399498,3.151774606957971,2.4077529762082617,-1.5026142127842341,-0.34437577648513373
00fa6be94b9f1137a440b277,pcb4,evaluation,1,9,ok,0.022422146805831253,0.05053787539220081,0.20179932125248126,0.0003236532211303711,0.1923031210899353,0.0006954669952392578,0.10308024287223816,0.003228902816772461,0.04421812295913696,-1.0789032014511986,4.990024357491386,-0.4857019446013274,3.4207424218316396,0.459966585623151,1.3543498188974978
027038eb34c752939a1e0aa2,pcb4,evaluation,1,9,ok,0.04198416255789631,0.09480053787539221,0.37785746302106676,0.002724200487136841,0.12501123547554016,0.005557268857955933,0.06195589900016785,0.004093259572982788,0.031907230615615845,0.46115933657106106,2.676583126667065,1.7659476616771357,1.3320437185776481,0.851505349638156,0.43875767088170686
02acb841616b8cf4e09bc9c1,pcb4,evaluation,1,9,ok,0.039808381891528466,0.08991937205182386,0.35421335723890635,-0.0011516213417053223,0.0372653603553772,-0.0006293058395385742,0.033202558755874634,-0.0011215507984161377,0.009486943483352661,-2.0253603363278314,-0.3400499113930547,-1.0992448893911655,-0.1283337325326156,-1.5107141768710184,-1.2286956933224633
047764c95331feae308c90e2,pcb4,evaluation,1,9,ok,0.017058734071844786,0.03869781328039956,0.15352860664660306,0.0014035999774932861,0.1002478301525116,0.0009864866733551025,0.07432407140731812,0.004268616437911987,0.03748023509979248,-0.3860672110563753,1.8252370488027607,-0.3509218029682677,1.9602211734885182,0.9309389974492202,0.8532360859459307
04bf308582eed1623c49dada,pcb4,calibration,1,9,ok,0.0044822949350067235,0.010181212780943843,0.04034065441506051,0.003702908754348755,0.032828956842422485,0.004031181335449219,0.04187643527984619,0.0011361241340637207,0.0261419415473938,1.089046135273106,-0.4925699174790149,1.059169708517475,0.31221103832533137,-0.48802621121378603,0.00997856579243277
0526d987ae6faeb2ac46b9cc,pcb4,evaluation,1,9,ok,0.06873119036946918,0.1552034641736569,0.6185807133252225,0.002584129571914673,0.04409179091453552,0.006295055150985718,0.06664225459098816,0.0009301900863647461,0.01715889573097229,0.3712973404109024,-0.10536268616931044,2.1076391298049417,1.5700629530238732,-0.5813107976132511,-0.6581132333459231
056f325717dc75cdf75734d6,pcb4,evaluation,1,9,ok,0.04068483063328424,0.09195508100147276,0.34493660754306205,0.005625694990158081,0.19555866718292236,0.007919371128082275,0.0754624605178833,0.005515158176422119,0.11787548661231995,2.32260278809462,5.101947429517089,2.8599096940063395,2.018039770337934,1.4956009938790935,6.832433935187405
068868c67451fd61d22440f1,pcb4,evaluation,1,9,ok,0.031059902670167127,0.0702012763868434,0.2795391240315041,0.0033140182495117188,0.08590388298034668,0.00454142689704895,0.08965185284614563,0.0005895495414733887,0.03738179802894592,0.8395548186999334,1.332103612313748,1.2954800828031496,2.7387166873533064,-0.7356151134664907,0.8459150724380663
06cea9d17be8bdbeccab1b9a,pcb4,evaluation,1,9,ok,0.011960123583274637,0.027183918166101044,0.10764111224947173,0.006443053483963013,0.0640394389629364,0.0028909146785736084,0.028929591178894043,0.004577219486236572,0.03676867485046387,2.8469762150496227,0.5804215065576491,0.5310772354992981,-0.34535705732654876,1.0707308776469713,0.8003155535469691
072d4a79bd05c7d78e259898,pcb4,evaluation,1,9,ok,0.042226953533542506,0.09551557063883374,0.38004258180188255,0.0023767948150634766,0.05989357829093933,0.004830718040466309,0.03731915354728699,0.003784686326980591,0.017919093370437622,0.23828246652021648,0.43789013106890395,1.4294596869846254,0.08074744404233006,0.7117269693805496,-0.6015754154353556
079717bb7f5b63d42fbcac8f,pcb4,calibration,1,9,ok,0.037940759001942326,0.07139788905252822,0.22764455401165395,0.0003912895917892456,0.08529072999954224,5.5417418479919434e-05,0.08867380023002625,5.6743621826171875e-05,0.05087935924530029,-1.0355113290500326,1.3110239030197588,-0.7821285407900019,2.689041554848879,-0.9769670433723715,1.8497627808099408
0a393c866e939db3e38a59f9,pcb4,evaluation,1,9,ok,0.043328184030223475,0.08158977396426971,0.1995221553435359,0.0014098286628723145,0.015097081661224365,0.0015578269958496094,0.034377843141555786,0.0032861828804016113,0.05362841486930847,-0.3820712201632959,-1.1021776104344758,-0.08631657048005602,-0.06864123069080313,0.4859134705811498,2.0542169888044715
0b2c0ba10cdf39771cd6bf20,pcb4,calibration,1,9,ok,0.025356982775180892,0.05705321124415701,0.14354816332628972,-0.00018286705017089844,0.010965198278427124,0.0016227364540100098,0.011346995830535889,0.0004886388778686523,0.030753761529922485,-1.4038594752252533,-1.2442284578946958,-0.05625500893609248,-1.2383742010942096,-0.781325910796243,0.35297126252312894
0d0f11a63286028e86709718,pcb4,evaluation,1,9,ok,0.016214968730656764,0.03673614223815927,0.14593471857591087,0.001162886619567871,0.04957383871078491,0.00011092424392700195,0.057858020067214966,0.006539463996887207,0.043266743421554565,-0.5404960074362906,0.08310573443443485,-0.756421626935258,1.1239131173946453,1.9595939366503834,1.2835933204986016
0d58adca2a3d073c075adc19,pcb4,calibration,1,9,ok,0.004152125888454889,0.009421490469787198,0.03105790164564257,0.0019906312227249146,0.02994757890701294,0.0018824934959411621,0.011182546615600586,0.0013225078582763672,0.015448451042175293,-0.009459409063880533,-0.5916293873764957,0.06404644671918128,-1.246726549840612,-0.4035975855492051,-0.7853233236447001
0e44d9e4845b53091a4cf53f,pcb4,calibration,1,9,ok,0.005852996734327976,0.013340830505218672,0.05267697060895178,0.0013456642627716064,0.03762957453727722,0.0023370087146759033,0.01329892873764038,-0.0005439668893814087,0.009713888168334961,-0.423235662234109,-0.32752851899090424,0.2745463893762006,-1.1392358477969342,-1.2490785868978154,-1.2118172440756005
0faf418cf81ced5dd69c34c7,pcb4,evaluation,1,9,ok,0.05720862414889757,0.12903473244968092,0.4571380546839982,0.001245260238647461,0.12142837047576904,0.0013394653797149658,0.05145198106765747,0.0012248754501342773,0.02913770079612732,-0.4876495058646568,2.5534070923017165,-0.1874465344068792,0.7985514437107161,-0.447823389463047,0.2327807452729158
11d19c328a71bea06c5efa35,pcb4,evaluation,1,9,ok,0.02927098674521355,0.06596577447653199,0.26343888070692195,0.0021432042121887207,0.026623010635375977,0.0012946128845214844,0.028486132621765137,0.004715859889984131,0.01129823923110962,0.08842324824291357,-0.705925386724298,-0.20821910103849772,-0.36788024495729654,1.1335325991998384,-1.0939850551246209
12774eb0dd589f4b33059131,pcb4,evaluation,1,9,ok,0.025753185631043094,0.054705342468677295,0.16669334699366076,4.0411949157714844e-05,0.030536919832229614,0.0007751435041427612,0.025024324655532837,-0.0008081495761871338,0.04600152373313904,-1.26061562943123,-0.5713683175170304,-0.4488013087942629,-0.5437049057099869,-1.3687488063099802,1.486985837463684
1315e58ccfc03d64e65dd8b1,pcb4,evaluation,1,9,ok,0.03651202749140894,0.08028110392520971,0.19162611256963566,0.003886491060256958,0.01114228367805481,0.0012832880020141602,0.009244263172149658,0.003039941191673279,0.02806222438812256,1.206822708963867,-1.2381404034266834,-0.2134640015833582,-1.3451716491100054,0.37437021513605867,0.15279484928190704
15a489cb6d19a6a30ec17d8f,pcb4,calibration,1,9,ok,0.02089603210176944,0.04719216238714222,0.18806428891592494,-0.0026866495609283447,0.06616944074630737,-0.0010309219360351562,0.031119883060455322,0.002883315086364746,0.021887660026550293,-3.010152216374915,0.6536492650368322,-1.2852456255557443,-0.23411249067774648,0.3034212797059011,-0.3064230927748214
16f97c0d505f09955e660ae5,pcb4,evaluation,1,9,ok,0.016398395978741116,0.037369132996094,0.14758556380867005,0.003754913806915283,0.11753129959106445,0.005001962184906006,0.10388538241386414,0.005131393671035767,0.07449817657470703,1.1224097912942712,2.419428910804719,1.508768104170858,3.4616353275461744,1.3217622646365592,3.6063538620084414
17e584cd0c3324b6eb08e5bf,pcb4,evaluation,1,9,ok,0.04073685727092271,0.09227124287635269,0.3666317154383044,0.0007450282573699951,0.0887429416179657,0.00446552038192749,0.07443124055862427,0.004389345645904541,0.04339182376861572,-0.8085715495983299,1.4297081785854164,1.2603254467827296,1.965664277165949,0.9856272549751584,1.2928958617315736
18b56ae51ab1f4c17be2c55f,pcb4,evaluation,1,9,ok,0.015607991291541268,0.03527406031888327,0.14047192162387143,0.0017728805541992188,0.11123418807983398,0.0009095370769500732,0.04804244637489319,0.004466235637664795,0.06537511944770813,-0.14915657394562506,2.20293925128383,-0.38655952193360926,0.6253817339731018,1.0204571005483305,2.927849068180426
18bb01bf7702c211e846338c,pcb4,evaluation,1,9,ok,0.019777459392542315,0.04487297496318115,0.17799713453288082,0.00038310885429382324,0.09140026569366455,0.0016435086727142334,0.0458073616027832,0.0017680227756500244,0.038559794425964355,-1.040759652017259,1.521064855906237,-0.04663475714722994,0.5118621437349841,-0.20178698032697598,0.9335256388702055
18f0fd2d3dbdc60d5f3513d9,pcb4,evaluation,1,9,ok,0.03676882563872703,0.08343671960043542,0.32326551194211434,0.0054934024810791016,0.12743669748306274,0.006448090076446533,0.07250070571899414,0.0024329423904418945,0.03750509023666382,2.237731000657398,2.759968571446463,2.1785142990098327,1.8676127282180603,0.09941018424009564,0.8550846252331118
190a2a3d2a2b8ee2288dcdb1,pcb4,evaluation,1,9,ok,0.04004050073637703,0.09069843760005122,0.3593199718255747,0.0044899582862854,0.17294907569885254,0.005154430866241455,0.08460775017738342,0.005281239748001099,0.04659152030944824,1.593974955824942,4.32464774956649,1.5793810283485061,2.482527537294212,1.389639963683811,1.5308653725575958
195faf93735335e019e6e7d4,pcb4,evaluation,1,9,ok,0.035079293931826426,0.07938464493820836,0.31571364538643787,0.00036588311195373535,0.05829682946205139,0.002911865711212158,0.02702277898788452,0.0024328231811523438,0.014939069747924805,-1.0518107655875935,0.3829951828549757,0.54078030150729,-0.4422037368285988,0.09935618447951707,-0.8232072966620837
19a1d3b29d800c76ff6fbfd5,pcb4,calibration,1,9,ok,0.01600419414740347,0.03641864634692963,0.11351812127809438,0.0029625296592712402,0.012508779764175415,0.0004950612783432007,0.011951476335525513,0.0015108585357666016,0.050799399614334106,0.6140585670588885,-1.1911613604331965,-0.5785159806905757,-1.2076727350515712,-0.31827796383507784,1.8438159811606523
19beac86001ba6a35484fd4e,pcb4,evaluation,1,9,ok,0.038633113487438905,0.08740475123263111,0.3476980213869501,0.0011106133460998535,0.10286682844161987,0.003953218460083008,0.06669303774833679,-0.0025790631771087646,0.06417682766914368,-0.5740317396203157,1.9152761162202045,1.023062708977067,1.5726422212848137,-2.170942249584801,2.8387290829778187
1a7d46f8b3d178aeddbe62a5,pcb4,calibration,1,9,ok,0.0227102943373674,0.051098162259076645,0.20439264903630658,-0.00016674399375915527,0.14308655261993408,0.00033357739448547363,0.07962989807128906,0.00392603874206543,0.04221808910369873,-1.3935157858800096,3.297998079752007,-0.6533041217493298,2.229703242483985,0.7757571854865789,1.2056022510764932
1d4aee12b481c5e7a7512cba,pcb4,evaluation,1,9,ok,0.016424409297560352,0.03702695780239482,0.14781968367804316,0.00810280442237854,0.0626448392868042,0.004941791296005249,0.059574514627456665,0.004792243242263794,0.03107619285583496,3.9117835108265497,0.5324762846070207,1.4809011194338229,1.2110935955384994,1.1681329457905516,0.3769512943552769
1e7940bd5a34afe21e45549f,pcb4,evaluation,1,9,ok,0.02585523788179548,0.058591999103541015,0.2326971409361593,0.007881492376327515,0.17852434515953064,0.008598774671554565,0.12085020542144775,0.005743563175201416,0.0519900918006897,3.769801556893499,4.516321056467096,3.1745623195884045,4.323275915104308,1.5990645351476174,1.932370765502071
20d45b89ee36b1a07888cdac,pcb4,evaluation,1,9,ok,0.010848220955796035,0.024484536082474227,0.08120957930460396,0.0023984313011169434,0.015603750944137573,0.0017646849155426025,0.01666468381881714,0.0012613534927368164,0.017451316118240356,0.25216327699091334,-1.0847587255454356,0.009485678682777294,-0.9682896973758233,-0.43129946272600717,-0.6363651907969782
22cdb4294c4c5b5f755fc763,pcb4,evaluation,1,9,ok,0.023131843503873983,0.052250752385221234,0.20818659153486585,0.0026765167713165283,0.14760085940361023,0.0017882287502288818,0.0791102945804596,0.004014462232589722,0.0278455913066864,0.43056801872930495,3.4531963380054838,0.020389550868145152,2.2033126661169096,0.8158115078957269,0.13668330002708834
238d45a7dd220fd6070bce30,pcb4,evaluation,1,9,ok,0.06841102644554012,0.15438704616763782,0.6095360824742269,0.003940999507904053,0.049047231674194336,0.004519671201705933,0.024442017078399658,0.0014997124671936035,0.01868024468421936,1.2417924091717245,0.06500140551323375,1.2854043528090757,-0.5732802123710877,-0.32332694144917334,-0.5449666703578938
24862581b903415889830797,pcb4,evaluation,1,9,ok,0.03679550596572111,0.0830311786301253,0.33115955369149,0.0017858147621154785,0.045791447162628174,0.0032120943069458008,0.08278423547744751,0.0018170475959777832,0.03146207332611084,-0.14085867898104873,-0.04692986315261433,0.6798253754255126,2.389911523748341,-0.17957957878904254,0.40565019925985696
24f695d384c6b3426677feed,pcb4,calibration,1,9,ok,0.02816375317495891,0.0634724979189345,0.1834599314849203,0.002020120620727539,0.12107488512992859,0.001918211579322815,0.07623696327209473,0.0017308592796325684,0.02493080496788025,0.009459409063880533,2.54125454870611,0.08058858699027417,2.0573766386274412,-0.21862140568734253,-0.080096719689281
26756bddb7f30592556632f0,pcb4,evaluation,1,9,ok,0.029881966233378156,0.06723442402510085,0.2089069603637062,0.0031071454286575317,0.0381353497505188,0.0013192147016525269,0.040558308362960815,0.0013999342918395996,0.02176043391227722,0.7068362982008396,-0.31014037150240936,-0.19682524472328103,0.24526358767208242,-0.36852474105342936,-0.3158852201333055
28df998926d4d358d9c5ac56,pcb4,calibration,1,9,ok,0.03055897953085313,0.06916141064224883,0.2549305244285074,0.000942617654800415,0.06851491332054138,0.0011019110679626465,0.0670936107635498,0.0032934844493865967,0.027692019939422607,-0.6818087762915528,0.7342847370474405,-0.2974652245202554,1.5929872592515395,0.4892209559165867,0.12526180968315095
2a3381ab00f3a412b4144b3b,pcb4,evaluation,1,9,ok,0.016873972807410726,0.03819689014108557,0.15186575526669654,0.0033551156520843506,0.12010768055915833,0.0007711052894592285,0.10969734191894531,0.008008897304534912,0.06465017795562744,0.865920710764797,2.508002828796169,-0.4506715299096013,3.7568238008113317,2.6252219854220225,2.8739333389709794
2a43cdd383f6781febebb40c,pcb4,calibration,1,9,ok,0.03896928560756441,0.0879490299033105,0.35072357046807967,0.0030083656311035156,0.04752102494239807,-0.0003122389316558838,0.04233062267303467,0.00025072693824768066,0.009768247604370117,0.6434644713342766,0.01253163820233224,-0.9524014765049267,0.3352791417858553,-0.8890959329709073,-1.2077743955626292
2be0489928254ac7aec80f5c,pcb4,evaluation,1,9,ok,0.012613124586454931,0.02859597447226313,0.11351812127809438,0.004726409912109375,0.031360357999801636,0.004425913095474243,0.06429752707481384,0.006264835596084595,0.03864160180091858,1.7456696531727505,-0.5430591716147788,1.2419820972455728,1.4509746257364595,1.8351919882175223,0.9396098599053516
2de9d5cdfc61fe53c1d226f1,pcb4,evaluation,1,9,ok,0.03654604490832639,0.08265632003585836,0.32891440417493756,0.000990450382232666,0.07844012975692749,0.006334662437438965,0.06167477369308472,0.0036808550357818604,0.021223843097686768,-0.6511218605815412,1.0755057434012723,2.1259824793420985,1.31776541018243,0.6646931779166224,-0.35579283388114025
3075ee08fc7769d799405b7b,pcb4,evaluation,1,9,ok,0.014371358135365307,0.03257000917803249,0.12934222321828776,0.005800038576126099,0.028737515211105347,0.004959791898727417,0.031871795654296875,0.0033546090126037598,0.018644869327545166,2.434452293953541,-0.6332304098545675,1.48923775082618,-0.19592297294093422,0.5169093331532442,-0.5475976249548768
32ccad4fbea9506978472013,pcb4,evaluation,1,9,ok,0.036498687327911894,0.08228212844976628,0.32848818595120705,0.0015199482440948486,0.14275038242340088,0.0010257363319396973,0.09137201309204102,-0.003053337335586548,0.03702089190483093,-0.3114243955224903,3.286440817146962,-0.33274408186936966,2.826083345072334,-2.385780297046608,0.819073572716529
338cb4d6755dfb5303de9f54,pcb4,evaluation,1,9,ok,0.012486393033233015,0.02823845809054236,0.11237753729909714,0.002648860216140747,0.041781723499298096,0.0017992854118347168,0.04874974489212036,0.000352710485458374,0.03264769911766052,0.41282505438108635,-0.1847809571183235,0.025510230084311577,0.6613053100510949,-0.8428991377959478,0.4938281830271499
342efc669ebd5e9a3eed1119,pcb4,evaluation,1,9,ok,0.006494658598535784,0.014712199312714776,0.0473068877932168,0.003073662519454956,0.04126748442649841,0.0021250098943710327,0.022918999195098877,0.0004899203777313232,0.012935489416122437,0.6853554572038314,-0.20246008533198084,0.1763632314133977,-0.6506340417179785,-0.7807454133700235,-0.9722186248849763
359716a72f0b1a59c5e10e43,pcb4,calibration,1,9,ok,0.01760901581609784,0.03986040852916693,0.1584811423448806,-0.0018453598022460938,0.05476304888725281,-0.0002257227897644043,0.056395381689071655,0.0029065310955047607,0.03564733266830444,-2.470425771778081,0.2615066317795654,-0.9123331968161635,1.049625953245328,0.313937733078576,0.7169185041231408
373efaec363f842465bd3acb,pcb4,evaluation,1,9,ok,0.04229765640007684,0.09555825916202429,0.348731884057971,0.006214767694473267,0.10762825608253479,0.006692469120025635,0.1303674876689911,0.005802512168884277,0.07546418905258179,2.7005202808822153,2.0789701919844115,2.29169373181998,4.8066571248029915,1.625767416753716,3.6781986491243712
37b09625a0bfb14b576704b7,pcb4,evaluation,1,9,ok,0.03992043926490363,0.0904463085099571,0.35928395338413266,0.004477649927139282,0.12102523446083069,0.005443960428237915,0.0896868109703064,0.0024215877056121826,0.02175229787826538,1.586078571907039,2.5395475983958256,1.713471051488821,2.740492204765327,0.09426670704498764,-0.3164903175258719
37ee876d87464ced30caa7f8,pcb4,evaluation,1,9,ok,0.02439382297069433,0.045779439072805274,0.13089368423299397,0.002186983823776245,0.0694153904914856,0.0007275491952896118,0.02492561936378479,0.0011060237884521484,0.03599369525909424,0.11650990193637593,0.7652424222966816,-0.47084369345253185,-0.5487181313439274,-0.5016611507598728,0.742678364549541
37f5bc28dd23597ed6ab1e0b,pcb4,evaluation,1,9,ok,0.03371326118972914,0.07607094832554268,0.30341935070756226,-5.990266799926758e-05,0.15945693850517273,0.004805475473403931,0.08372920751571655,0.003244251012802124,0.027917087078094482,-1.3249721143408246,3.860798859157035,1.4177690797175286,2.4379064991109582,0.4669190547976408,0.14200062107019057
3804cb9e4848ec909fe6f32f,pcb4,calibration,1,9,ok,0.02802835051546392,0.06326906042560458,0.19619845360824742,0.0042837560176849365,0.038627564907073975,0.0029252171516418457,0.04284524917602539,0.0037755370140075684,0.029677748680114746,1.461686625732998,-0.2932184079221854,0.5469637632022835,0.36141693775411826,0.707582487756145,0.27294547000074215
384d1e991130ef9a8a9babe1,pcb4,evaluation,1,9,ok,0.01728885189216879,0.038995965934558494,0.1555996670295191,0.0026027560234069824,0.07600244879722595,0.0010498762130737305,0.06652310490608215,0.003878980875015259,0.01680263876914978,0.3832470739428384,0.9917002208144221,-0.3215641622869039,1.5640113600031924,0.7544407799981917,-0.684608963128851
388e45cb72ef6d36729020ea,pcb4,evaluation,1,9,ok,0.03415548760965614,0.07738962348722546,0.3073993884869053,0.00592389702796936,0.15631994605064392,0.007875174283981323,0.07290339469909668,0.0017258822917938232,0.052305638790130615,2.5139132420475025,3.7529515664436435,2.839440779511529,1.8880652356956589,-0.2208758956914975,1.9558387918482012
39f2bddc6d4d98d0c1e48e7a,pcb4,calibration,1,9,ok,0.05072597169750912,0.11481078312095792,0.39894025741179484,0.004175513982772827,0.07032105326652527,0.008503824472427368,0.07009506225585938,0.000317990779876709,0.0184401273727417,1.3922443342322115,0.7963783844690857,3.1305879692307057,1.7454304899415845,-0.8586265680644539,-0.562824801097483
3bc26860619f504014ba2ff6,pcb4,calibration,1,9,ok,0.016787261744679944,0.037859384004610364,0.15108535570211948,0.00028890371322631836,0.05754724144935608,0.0001696944236755371,0.06870877742767334,0.006105393171310425,0.027888834476470947,-1.1011966243283784,0.35722494623776857,-0.7292033535814031,1.6750213101141744,1.7629673084436963,0.13989940375094884
3c2fbca5ce7276e377337e6c,pcb4,evaluation,1,9,ok,0.033019572687882866,0.07456617788307614,0.27714589870013445,0.006397992372512817,0.05694282054901123,0.00277632474899292,0.04286247491836548,0.004339724779129028,0.04729911684989929,2.818067419689163,0.33644543888910533,0.47800712340722284,0.36229183039192553,0.9631498546343321,1.5834911139191532
3cdeb50e2efed16c26b4b2de,pcb4,evaluation,1,9,ok,0.05237614992209345,0.11824854325414612,0.30978661074470126,0.0016946196556091309,0.06617891788482666,0.003808841109275818,0.029532194137573242,0.0015101730823516846,0.021369993686676025,-0.19936457435340735,0.6539750814826127,0.9561971282150231,-0.3147509515541213,-0.3185884624584046,-0.34492324555459863
3d62d967e187ee85d58604ce,pcb4,evaluation,1,9,ok,0.02096673496830377,0.047624383684446436,0.1795699398091823,0.007820948958396912,0.09827345609664917,0.000760495662689209,0.06787702441215515,0.0018514394760131836,0.027403056621551514,3.730960143021294,1.757359647178502,-0.45558517357794426,1.6327767104107778,-0.16400064786212754,0.10377087811419758
3f6c5d0aeb2bc5dbe35482db,pcb4,evaluation,1,9,ok,0.024821375210774585,0.05604135984290624,0.19473837271349598,0.0001574009656906128,0.017787903547286987,0.0012242048978805542,0.03200218081474304,-0.00016739964485168457,0.032089799642562866,-1.1855617430638465,-1.0096693051732237,-0.24082719982068956,-0.1893007319540712,-1.0785000932002118,0.4523357903940221
3faa13582214a5ce0bf8a33b,pcb4,calibration,1,9,ok,0.04298667584469915,0.09719976628033553,0.3868800826022924,0.003214210271835327,0.018712937831878662,-5.492568016052246e-05,0.027931392192840576,0.0004368722438812256,0.012422144412994385,0.7755233665424076,-0.977867365989004,-0.8332318151777545,-0.3960554206668892,-0.8047753068274834,-1.0103973889397642
403118cd151e0c0f42b0755d,pcb4,evaluation,1,9,ok,0.017085414398838872,0.03884989114426586,0.15376872958954985,0.003294914960861206,0.08693456649780273,0.0025340020656585693,0.07005780935287476,0.005895555019378662,0.035090744495391846,0.8272991719895799,1.367537687662408,0.36578005411706327,1.743538421088195,1.6679142298852834,0.6755236363444925
417ca16594441401cc8f3eb9,pcb4,calibration,1,9,ok,0.019037747326631237,0.04325014407376577,0.1713397259396811,0.0035227537155151367,0.036771535873413086,0.0014172494411468506,0.03134840726852417,0.00199928879737854,0.026229441165924072,0.973468312552221,-0.35702720229426027,-0.15142234908560057,-0.22250578350351435,-0.0970274448045666,0.016486133354978887
431b7db254defeff17e05426,pcb4,evaluation,1,9,ok,0.030575654735224434,0.06891528462572838,0.2751808926170199,0.009095191955566406,0.06225210428237915,0.006099671125411987,0.052955567836761475,0.003126591444015503,0.025179147720336914,4.548446193834448,0.5189743691274741,2.0171507930362433,0.8749183699436789,0.41362129110660056,-0.06162684213522896
4394acd696bd6fb799311d94,pcb4,evaluation,1,9,ok,0.03214445796247679,0.07242107959275149,0.2893001216622911,0.0002911686897277832,0.02680373191833496,0.0020220279693603516,0.01802736520767212,0.0007194876670837402,0.012030601501464844,-1.099743536730895,-0.6997123334940681,0.12866914237980448,-0.8990793323739206,-0.6767553744358586,-1.0395174238977787
44452abcc72d422a96de6497,pcb4,evaluation,1,9,ok,0.03732911250560287,0.08423179334485924,0.3359620125504258,0.0031310319900512695,0.09581094980239868,0.0038152337074279785,0.03399649262428284,0.004670470952987671,0.03744867444038391,0.7221606364821943,1.6727006494365098,0.9591577365488984,-0.08800996112918005,1.112972190359551,0.8508888400165247
452f39e9ae2300aeb6a716f0,pcb4,calibration,1,9,ok,0.026360163070158586,0.05951847345841071,0.23724146763142728,0.0016051530838012695,0.07347241044044495,0.0010378360748291016,0.0455317497253418,0.0036250948905944824,0.029044806957244873,-0.2567615344540023,0.904719524751239,-0.3271403197082819,0.49786386153006773,0.6394347899060003,0.22587199592262416
457f6570f2699a75edd76b5f,pcb4,calibration,1,9,ok,0.035351433267166124,0.07975283345072677,0.3091582890439905,0.0018238723278045654,0.0357610285282135,0.0002848207950592041,0.025842726230621338,0.0031381547451019287,0.018808573484420776,-0.11644298342859709,-0.39176763697061373,-0.6758847988319397,-0.5021384234836451,0.41885926788272104,-0.5354225334626882
46c48a7752644b92848aefdf,pcb4,evaluation,1,9,ok,0.02816375317495891,0.0634724979189345,0.2534737785746302,-0.000538945198059082,0.057784318923950195,0.0006097853183746338,0.03817659616470337,0.0024865567684173584,0.049014508724212646,-1.6323001412085674,0.36537548028237266,-0.5253837579341535,0.12429681442702392,0.12369657656030368,1.711069138896194
47f8c3c8d23ea75f9eaed475,pcb4,evaluation,1,9,ok,0.030487609656143947,0.068831241595697,0.2743884869052955,0.00428241491317749,0.07178527116775513,0.00729861855506897,0.06991949677467346,0.0027666687965393066,0.036452680826187134,1.4608262449186986,0.8467170253421774,2.5724201322987104,1.7365135478493308,0.25058251397977865,0.7768142800913573
48659a6236cca2b8a9785293,pcb4,evaluation,1,9,ok,0.039817720005976394,0.08969392328872383,0.35835948005378754,-0.0004960596561431885,0.13653478026390076,0.0034438669681549072,0.08517864346504211,0.0037453770637512207,0.03562173247337341,-1.6047870747246378,3.072753383975789,0.7871664057870389,2.511523114058634,0.6939205483297689,0.7150145529868237
49092abc7738fc32ba92fb08,pcb4,evaluation,1,9,ok,0.047512326311071267,0.10699878337708907,0.417621822373055,0.0014993846416473389,0.04346352815628052,0.001101464033126831,0.038438260555267334,-0.0007715821266174316,0.017798513174057007,-0.32461690134174764,-0.1269618575325159,-0.29767226006807884,0.13758670605323128,-1.3521843797525064,-0.6105432690995455
4a5372483664bf9ff2c9b2e8,pcb4,evaluation,1,9,ok,0.01140383876544791,0.025789871080659964,0.10263454888903119,0.004411444067955017,0.058838844299316406,0.0027309954166412354,0.08599987626075745,0.003728538751602173,0.03336840867996216,1.5436044390411257,0.4016292196455747,0.457013718857926,2.5532333935178335,0.6862930821480471,0.547429172933503
4b8d2b38330fa5942f9509a6,pcb4,evaluation,1,9,ok,0.0449029903310495,0.1011637958634821,0.34850843631939554,0.00790095329284668,0.09825673699378967,0.006763964891433716,0.05160623788833618,0.004803061485290527,0.03869342803955078,3.782286638487666,1.7567848577883043,2.324805617101876,0.806386122418831,1.1730334240630562,0.9434643081312601
4c816b72ee515729decd9575,pcb4,evaluation,1,9,ok,0.03761392499626475,0.0848434398411987,0.33852532496638277,0.0022040903568267822,0.1770259439945221,0.006079196929931641,0.09398391842842102,0.005169093608856201,0.06708270311355591,0.12748453721210595,4.464807222313154,2.00766856494593,2.9587415901762566,1.3388396889195293,3.05484637697852
4dd8671fe1938c2a94be9861,pcb4,calibration,1,9,ok,0.02327124821241809,0.052555575121128684,0.20944123391176284,0.0013494491577148438,0.09998023509979248,0.004208981990814209,0.041498154401779175,0.003267824649810791,0.028833717107772827,-0.4208074763804196,1.8160373448195426,1.1415146470717845,0.2929982143604737,0.4775975074520514,0.2101727108253782
4e0d26e1684570372c9ff29d,pcb4,evaluation,1,9,ok,0.038622441356641266,0.08716462828968431,0.3476019722097714,0.0038022100925445557,0.10846823453903198,0.002590745687484741,0.08027389645576477,-0.0016476213932037354,0.03670439124107361,1.152752554678563,2.1078479797967518,0.3920597663207853,2.262411815166299,-1.7490151203042104,0.7955346192035047
4e949d5cc5dbd3a3986df67c,pcb4,evaluation,1,9,ok,0.02678704830206399,0.06035089966062624,0.19104181340846513,0.0021564364433288574,0.01973026990890503,0.001780390739440918,0.009937971830368042,-0.0015085935592651367,0.033361464738845825,0.0969123389440009,-0.9428923024884879,0.0167595275963075,-1.3099382997497286,-1.6860378995294631,0.5469127344995544
5000d4717291375122bf2493,pcb4,evaluation,1,9,ok,0.031994381123135046,0.07248311135301275,0.2879494301082154,0.00222170352935791,0.07112064957618713,0.00395628809928894,0.04987204074859619,0.005608618259429932,0.02264106273651123,0.13878420523990462,0.8238678663567951,1.0244843530721213,0.7183065331558462,1.5379368061726857,-0.2503906309283752
5078e779ef94fd5123b0c214,pcb4,calibration,1,9,ok,0.008428315297432286,0.019125792405711724,0.07585483767689057,0.003397226333618164,0.04679200053215027,0.0007593631744384766,0.048319071531295776,0.0031838417053222656,0.03735187649726868,0.8929366683337979,-0.01253163820233224,-0.45610966363243033,0.6394314804508303,0.43955467612445476,0.8436897325767597
50c468e621f244dde7ab1428,pcb4,evaluation,1,9,ok,0.04493900877249152,0.10182413395658577,0.3815873727348402,0.004356801509857178,0.06958943605422974,0.0034075379371643066,0.043051958084106445,0.0027119815349578857,0.03749823570251465,1.5085487007518381,0.7712259696028397,0.7703413169339207,0.3719156494078055,0.22581012381436355,0.8545748362210595
51342aaa4b67cd3663b97e60,pcb4,evaluation,1,9,ok,0.0384196708714862,0.08682845616955881,0.2279900642462274,-0.0001967400312423706,0.023759067058563232,0.00045652687549591064,0.022754549980163574,-2.3484230041503906e-05,0.03788352012634277,-1.4127596367598392,-0.804385477311145,-0.5963624449129563,-0.6589863904643808,-1.0133088822417433,0.8832294116463306
5212af2e2f675e11ac441f21,pcb4,evaluation,1,9,ok,0.02051583744210369,0.046603861176922584,0.1846425369789332,0.001702725887298584,0.11668175458908081,0.0017625689506530762,0.0716707706451416,0.0027190744876861572,0.060758382081985474,-0.19416405032030878,2.390222232806544,0.008505710423079675,1.8254604614747094,0.22902310956878796,2.5844906532454313
52e4b266e84dec5255c98f5d,pcb4,evaluation,1,9,ok,0.0414332138054684,0.09384404815265415,0.3571828776333483,0.0031241178512573242,0.11658662557601929,0.0075543224811553955,0.055173009634017944,0.004544675350189209,0.0367739200592041,0.7177248953951396,2.38695177338852,2.6908444656537185,0.9875418763728314,1.055988943009024,0.8007056529648875
530abbba39db08b11beeff4f,pcb4,evaluation,1,9,ok,0.03186298051268916,0.07222898123839405,0.2867668246142025,0.00032404065132141113,0.06837236881256104,0.0003085136413574219,0.06790706515312195,-0.000415116548538208,0.024757415056228638,-1.0786546469937344,0.7293841708204962,-0.6649119147972974,1.634302474734151,-1.1907115956824628,-0.0929921652202392
5395dd6c114fd12bf0ccc220,pcb4,evaluation,1,9,ok,0.028718703976435934,0.04923520842671448,0.12177835051546392,0.0003952980041503906,0.035327404737472534,0.00018765032291412354,0.062125444412231445,0.00238192081451416,0.04936623573303223,-1.03293974639396,-0.4066752762351002,-0.7208874257438282,1.3406549023431942,0.0762982867124713,1.7372279646363744
53c99b8c7c922ff16a2f293f,pcb4,calibration,1,9,ok,0.017843802693645813,0.04014855606070308,0.16059422424281233,0.00393068790435791,0.04850068688392639,0.0038486123085021973,0.054242491722106934,0.005020260810852051,0.01698368787765503,1.2351770366884447,0.04621163255987172,0.9746163907863818,0.9402810237253288,1.2714209878371951,-0.6711438837887735
53ca11b46e8b95e4e356b841,pcb4,calibration,1,9,ok,0.022955753345713006,0.0517224819107383,0.20660178011141705,0.007280871272087097,0.05654916167259216,0.004799932241439819,0.038443028926849365,0.003705441951751709,0.025018811225891113,3.3844752293161036,0.3229117614289952,1.4152018389245178,0.13782889086646513,0.6758306285359508,-0.07355147206932232
53cc9622e70431b774da2d9c,pcb4,evaluation,1,9,ok,0.04788184883993938,0.10812869522528869,0.40381475315361465,0.00029036402702331543,0.06856608390808105,0.010333478450775146,0.062437981367111206,0.0016994476318359375,0.014386147260665894,-1.1002597652194746,0.7360439409386517,3.9779568617323373,1.35652860319559,-0.2328503425997935,-0.8643295381429823
55376591cd13917e8f433996,pcb4,evaluation,1,9,ok,0.04294598834603317,0.09699499477065592,0.3865138951142985,0.0005697906017303467,0.08890277147293091,0.004463255405426025,0.06500104069709778,0.002840965986251831,0.03784835338592529,-0.9209946426667837,1.4352030012229038,1.2592764666737575,1.4867059676189482,0.2842378647603671,0.8806139723671057
563c172d1fd3f1a051c73278,pcb4,evaluation,1,9,ok,0.03917605814176858,0.08851465283558516,0.35258452327591727,0.0023118555545806885,0.14740541577339172,0.008261948823928833,0.07776385545730591,0.0014737248420715332,0.02309471368789673,0.19662091553447483,3.446477142246274,3.0185679354883694,2.1349272431350848,-0.3350988892552998,-0.21665146422637355
563d2bfb1c7c13e5c1e9f7d8,pcb4,calibration,1,9,ok,0.015694702354272054,0.035690273419991037,0.1412523211884485,0.001773536205291748,0.08418801426887512,-0.0019895732402801514,0.05285674333572388,0.004667907953262329,0.018821686506271362,-0.14873594332530093,1.2731134177671632,-1.7292264566781848,0.8698990896894074,1.111811195507112,-0.5344472849178925
579cdbb9cbf43dc43c4648ba,pcb4,evaluation,1,9,ok,0.026800388465561036,0.0484047832490235,0.11748415188576551,0.0009503215551376343,0.10646873712539673,0.004009559750556946,0.10008248686790466,0.0037906765937805176,0.1045854389667511,-0.6768663665027441,2.039106857217169,1.0491560891877478,3.2684868843718506,0.7144404573496222,5.844019535036923
58fe78eccbfcf87922468d12,pcb4,evaluation,1,9,ok,0.008614410578216047,0.019620045463277197,0.07752969520394441,0.0029882490634918213,0.04482382535934448,0.003459841012954712,0.037566810846328735,0.004322439432144165,0.029463589191436768,0.6305587591197858,-0.08019592718281,0.7945644760292632,0.093325917779663,0.9553198893504407,0.2570178880850554
5a4ebea6d6c6dcc23d694629,pcb4,evaluation,1,9,ok,0.036353279545794114,0.08238217967599411,0.32384580905423577,0.0032109618186950684,0.05505385994911194,0.008278518915176392,0.06308072805404663,0.0014961659908294678,0.01728123426437378,0.773439333014438,0.27150448359694407,3.026242053127692,1.3891736023644299,-0.32493343432638555,-0.649014607717772
5be8ca0a842a368af73421cb,pcb4,evaluation,1,9,ok,0.02737468250410877,0.06180831252267828,0.24637214253697892,0.003555119037628174,0.08288529515266418,0.0032494664192199707,0.11558541655540466,0.0031619369983673096,0.02648290991783142,0.994232169537313,1.2283269760125768,0.6971335472235521,4.055878149157735,0.42963222011814406,0.03533724443108744
5d352208030b662cfdcd7510,pcb4,calibration,1,9,ok,0.04637374335659858,0.10106174361272972,0.2292413715822501,0.002544969320297241,0.036932289600372314,0.003414154052734375,0.03858518600463867,0.005240201950073242,0.024598240852355957,0.3461742206333602,-0.3515006176762094,0.7734054430417076,0.1450490256109992,1.3710505461046412,-0.10483035266968022
5d4f6a678e30b3beacda1508,pcb4,calibration,1,9,ok,0.02642486286311925,0.0415406021216196,0.105699451452477,0.0012187063694000244,0.015260070562362671,0.002259880304336548,0.01201695203781128,0.0023504793643951416,0.0190240740776062,-0.5046850459877847,-1.0965741823150617,0.23882585619172964,-1.204347234834854,0.06205584985987569,-0.5193952102185564
5f009b1a19fb14d2d967a249,pcb4,evaluation,1,9,ok,0.050439825190497535,0.11431653006339246,0.41111182258649764,0.0005824565887451172,0.07545077800750732,0.0020528435707092285,0.03834173083305359,0.001638561487197876,0.015070408582687378,-0.9128688238650672,0.9727342200979334,0.14294079280976696,0.13268397724032857,-0.2604307203152938,-0.8134392958963682
5f9aefb5e8ca27418d69fd92,pcb4,calibration,1,9,ok,0.01411922904527118,0.03184030223474419,0.1270730614074406,-0.0029983222484588623,0.05993229150772095,0.0012978315353393555,0.05611521005630493,0.0021780431270599365,0.02587360143661499,-3.2101047176180937,0.43922106051251686,-0.20672844509416893,1.035396081812757,-0.016054803817013578,-0.00997856579243277
60b627c2820dd1c91460be32,pcb4,calibration,1,9,ok,0.030090739792106892,0.06834499263622974,0.16607102836652365,0.0019199848175048828,0.02100515365600586,0.0021133720874786377,0.04897969961166382,0.0023556947708129883,0.025235414505004883,-0.054782358403807366,-0.8990628184708794,0.17097340598506078,0.6729846726692972,0.06441833938518775,-0.05744213928846906
610621b5ca199240fdf35fd6,pcb4,evaluation,1,9,ok,0.01726417258969926,0.03915004482294935,0.1394413939937248,0.0026422739028930664,0.024570614099502563,0.004268959164619446,0.037423163652420044,0.0056566596031188965,0.04266315698623657,0.4085996286041938,-0.7764851388361462,1.1692919164047628,0.08603010028099335,1.559698709685846,1.2387030732764468
61b66cece8f62f8e344bdbac,pcb4,evaluation,1,9,ok,0.026585611833258627,0.05866603701094961,0.1358695652173913,0.003953754901885986,0.017037928104400635,0.003163278102874756,0.02173784375190735,0.005301862955093384,0.029144614934921265,1.2499755866943942,-1.035452861330667,0.6572170936031928,-0.7106247336110851,1.3989819222639022,0.233294967232899
62dcac57921e970cd7336352,pcb4,evaluation,1,9,ok,0.009989114426586412,0.02266760581417686,0.08964589870013447,0.00010749697685241699,0.05415526032447815,0.001337677240371704,0.04894369840621948,0.003552347421646118,0.04885777831077576,-1.2175774691426096,0.24061134688884808,-0.18827467659817296,0.6711561773293816,0.6064814360129331,1.6994127023119197
63d23e80bb60ce2749f0301c,pcb4,evaluation,1,9,ok,0.034557693539092015,0.0783921367740283,0.17778369191692814,0.0022131800651550293,0.022142618894577026,0.0038286447525024414,0.022125184535980225,0.0016035735607147217,0.05463463068008423,0.13331600717569073,-0.8599576729170887,0.9653688029836015,-0.6909517585010833,-0.27627965004510163,2.1290517992997864
656d7b1bb516335c5b215df9,pcb4,evaluation,1,9,ok,0.012977311049924228,0.02919894986232951,0.11679579944931805,0.003101438283920288,0.1316894292831421,0.00010243058204650879,0.10046878457069397,0.003741741180419922,0.03937661647796631,0.7031748998466544,2.9061740908803935,-0.7603553023439034,3.288106881553958,0.6922735556321228,0.9942747573151183
660565f9c151fe4823f9903e,pcb4,evaluation,1,9,ok,0.026148721478730444,0.059232326951399114,0.23533849330857398,0.0008862018585205078,0.10014399886131287,0.006318390369415283,0.05267053842544556,0.004540443420410156,0.034224092960357666,-0.7180021292130806,1.8216674120194294,2.118446385401325,0.8604417727326257,1.054071951508485,0.6110685734293559
670b251ecb4210c23ba1b086,pcb4,calibration,1,9,ok,0.02336863140594651,0.052917093551898574,0.2103176826535186,0.0011560022830963135,0.04595315456390381,-0.0006033778190612793,0.0586797297000885,0.0029649734497070312,0.016583621501922607,-0.5449126289496941,-0.041370491973981786,-1.087236827617406,1.165647615335168,0.34041111570221577,-0.7008978303009054
68fa22a84411c8cc3e24b15b,pcb4,calibration,1,9,ok,0.02089603210176944,0.04683464600542144,0.11826054940129346,0.004271760582923889,0.017747163772583008,-0.0003843754529953003,0.01009318232536316,0.003341376781463623,0.03332582116127014,1.453990997338431,-1.0110699060580728,-0.9858101127387026,-1.302055184078967,0.5109153597290238,0.5442618316368824
69b616622561642383edc05a,pcb4,evaluation,1,9,ok,0.020106294422744444,0.04552730998271115,0.1809566498047,0.0018182694911956787,0.04318958520889282,0.0013374686241149902,0.05361565947532654,0.0009807348251342773,0.036589086055755615,-0.12003746327500345,-0.1363797970596059,-0.18837129318715723,0.9084443163706569,-0.5584148991279411,0.7869590814311984
69ba060e16646709c1ba4118,pcb4,evaluation,1,9,ok,0.010337292693859256,0.02344533734605451,0.09303563424473331,-0.0010977089405059814,0.03901597857475281,-4.717707633972168e-05,0.05633187294006348,0.0016292929649353027,0.02390381693840027,-1.990773027592996,-0.2798650565452746,-0.8296431990154814,1.0464003542640699,-0.264629201700277,-0.15647641253851097
69c05e26c0538934208dc521,pcb4,evaluation,1,9,ok,0.02733132697274338,0.06180764551450343,0.2459819427546904,8.299946784973145e-05,0.04903346300125122,0.0025238990783691406,0.07139426469802856,0.006563156843185425,0.022912204265594482,-1.2332937586838117,0.06452804954483563,0.36110105073625354,1.8114167696173116,1.9703263890653726,-0.23022515079075787
69e672572cd2951dd5f1010d,pcb4,calibration,1,9,ok,0.00370189537042966,0.008441655460929329,0.03331705833386694,0.00048382580280303955,0.032006531953811646,0.00411812961101532,0.026092946529388428,0.0009586513042449951,0.021071553230285645,-0.9761450528633746,-0.5208442276606485,1.099438122569134,-0.489429775409199,-0.5684183547751196,-0.36711901584456347
6a2113d159a9b9248744b3c4,pcb4,evaluation,1,9,ok,0.03108591598898636,0.07016058888817742,0.27977324390087727,0.0036890506744384766,0.1422252655029297,0.0082893967628479,0.06695124506950378,0.00347214937210083,0.024994075298309326,1.0801555335253454,3.2683877172266693,3.0312799181247287,1.5857565289214264,0.5701530970837059,-0.07539114546064156
6a23f65f01171581e3375726,pcb4,evaluation,1,9,ok,0.009220721009156689,0.02074662227060255,0.0829864890824102,0.004534110426902771,0.04135119915008545,0.001315474510192871,0.045543789863586426,0.00018912553787231445,0.030180364847183228,1.6223006041890433,-0.1995820400609195,-0.19855744214007048,0.4984753781834832,-0.9170003092498789,0.31032630342796974
6a5c4f3c38755bfe9e9a730f,pcb4,evaluation,1,9,ok,0.013138727028238458,0.02977657894175151,0.11824854325414612,0.0021542012691497803,0.04622963070869446,-0.001310884952545166,0.02753034234046936,0.00701826810836792,0.0388396680355072,0.09547837092016859,-0.03186546314534666,-1.4149050879726377,-0.41642467711493847,2.176483975014176,0.9543405458796982
6a94827cd153f88a34ff8bea,pcb4,evaluation,1,9,ok,0.008324262022155344,0.01888967151181405,0.07491835819939809,0.0025125741958618164,0.022420763969421387,0.003562644124031067,0.008107960224151611,0.004948034882545471,0.03991314768791199,0.3253912440746171,-0.8503952676074357,0.8421757508437271,-1.4028842901036311,1.2387038828966592,1.034177938115022
6ae93e59b3c647f7e16d08ed,pcb4,evaluation,1,9,ok,0.0375659004076754,0.08452327591726964,0.3380931036690786,0.0002612471580505371,0.07609641551971436,0.0010503828525543213,0.1171102523803711,-0.004122942686080933,0.04653093218803406,-1.118939588676597,0.9949307216117366,-0.32132952199937065,4.133324311464671,-2.8702931488377517,1.5263592809858464
6aea21099a9f91f24abf4ee3,pcb4,evaluation,1,9,ok,0.031113930332330154,0.07044206633796504,0.21353533008900558,0.000292360782623291,0.011737585067749023,0.0026592910289764404,0.015782803297042847,0.0002206265926361084,0.043589115142822266,-1.0989787537848512,-1.2176744175635825,0.42380521698704615,-1.0130802649283406,-0.902730872516994,1.3075689193828186
6b81489b9ee73b2f18ca5ddd,pcb4,evaluation,1,9,ok,0.01600085910652921,0.036018441442018316,0.08428315297432286,0.00403401255607605,0.018696755170822144,0.0010929703712463379,0.01541951298713684,0.0025700777769088745,0.03738883137702942,1.3014645985368,-0.9784237129388745,-0.3016059354767242,-1.0315317203865944,0.16153015881565835,0.8464381602939113
6b99d5545bbc8ceabfa2661f,pcb4,evaluation,1,9,ok,0.0192698661714798,0.043599656357388314,0.1734287955433182,0.006274104118347168,0.0781920850276947,0.003718852996826172,0.05540400743484497,0.0033971667289733887,0.01896214485168457,2.7385873520215505,1.0669781639099787,0.9145208724381646,0.9992742169189286,0.5361872476797906,-0.5240010431187508
6d1da69201da9a090cb4c6b7,pcb4,calibration,1,9,ok,0.016221638812405285,0.036498687327911894,0.09671084928816888,0.0027173906564712524,0.017540544271469116,0.002211153507232666,0.038814276456832886,0.0027420222759246826,0.05206230282783508,0.4567905139917853,-1.0181733193240992,0.21625898147897465,0.15668449223180284,0.23941806348016106,1.937741281920344
6e2de9d61f899d21b2cfc8e8,pcb4,evaluation,1,9,ok,0.036208538771851186,0.0822120925914068,0.32092431324838316,0.0032885372638702393,0.11442101001739502,0.0007074177265167236,0.06434717774391174,-0.0028161704540252686,0.045632630586624146,0.823207583228245,2.312499641787615,-0.4801671942895141,1.453496375104257,-2.2783477733755597,1.4595503227194073
6ec13877e32339a93d3c5a98,pcb4,evaluation,1,9,ok,0.049532027064523705,0.1116051418326183,0.44578824358071334,0.002210378646850586,0.038376569747924805,0.003039836883544922,0.033372461795806885,0.00012072920799255371,0.01584947109222412,0.13151876725248754,-0.30184742083527855,0.6000476776642135,-0.11970438490607709,-0.9479826718818286,-0.7554984499656741
6f182ad91162d6d757b46778,pcb4,calibration,1,9,ok,0.017966532197818616,0.04057277325990907,0.16169878978036756,0.002031475305557251,0.05577129125595093,0.003660142421722412,0.038095444440841675,0.002198725938796997,0.022141993045806885,0.016743966624948713,0.29616919837453737,0.8873302038240194,0.12017513163680038,-0.00668584535663315,-0.2875077039537149
710cd961a3e72daaa67e76e6,pcb4,calibration,1,9,ok,0.022858370152184584,0.05192658641224307,0.20572533136966126,0.0007198154926300049,0.08046931028366089,0.003546297550201416,0.07702875137329102,0.0008196830749511719,0.01937142014503479,-0.8247467089071584,1.1452673476789599,0.8346051509783166,2.0975914268649216,-0.6313685756695776,-0.49356220615129653
7297bdf13d802055a3b2332e,pcb4,evaluation,1,9,ok,0.033990736590467654,0.07679131715438305,0.28094384324774285,0.004738837480545044,0.11358070373535156,0.0026683807373046875,0.08334365487098694,0.0008557736873626709,0.02576887607574463,1.7536425153852582,2.2836105835950744,0.4280149397927895,2.418324343305919,-0.6150201481544182,-0.017767255307006017
72e94075c44242bba2f16fd4,pcb4,evaluation,1,9,ok,0.03875851102431111,0.08735272459499263,0.34882659921880005,0.002203613519668579,0.10489347577095032,0.005525708198547363,0.041828662157058716,0.0033822953701019287,0.020709335803985596,0.1271786240336884,1.9849506311963472,1.7513309520008007,0.30978464922774474,0.529450777547615,-0.39405804042058035
73f7e96255ed2f2a4762cc32,pcb4,evaluation,1,9,ok,0.05719595099357538,0.12946228468976115,0.5015267817122366,-4.392862319946289e-05,0.059921324253082275,0.005526185035705566,0.05703243613243103,-0.0001679062843322754,0.02386653423309326,-1.3147240228638364,0.4388440150658275,1.7515517899184792,1.0819818442933702,-1.0787295921826707,-0.1592492214692825
740dbbf64d94c95cf9b8728b,pcb4,calibration,1,9,ok,0.016781925679281124,0.037907408593199715,0.08991203496190049,0.0026322901248931885,0.023078948259353638,0.001122981309890747,0.025430768728256226,0.0013392120599746704,0.016816318035125732,0.4021945714310761,-0.8277674179059797,-0.28770694903284394,-0.5230616776919668,-0.3960308690981342,-0.6835916015787118
754327be2c792325fa82a242,pcb4,calibration,1,9,ok,0.006489989541311818,0.014776899105675438,0.05840990587180637,0.0029519200325012207,0.012668430805206299,0.0014720112085342407,0.015301644802093506,0.00025731325149536133,0.026530057191848755,0.6072519988390978,-1.1856726852758184,-0.1260604944772291,-1.0375182262387186,-0.8861124461989417,0.03884370624442122
755b7f59b1d26d1c46179b0f,pcb4,evaluation,1,9,ok,0.03246462188640584,0.07325350579496702,0.29218159697765256,0.0009295940399169922,0.0763540267944336,0.0010897815227508545,0.09708276391029358,0.005726605653762817,0.04018181562423706,-0.6901640299770825,1.0037871912888652,-0.30308278905119806,3.116131445676603,1.591383069205317,1.0541594509135075
75e48b951733050cd4018890,pcb4,calibration,1,9,ok,0.019972892787774008,0.045167125568290965,0.17975603508996607,0.0001709461212158203,0.07797348499298096,0.0037560760974884033,0.05526968836784363,0.005905240774154663,0.02088114619255066,-1.1768718968394227,1.0594628694766448,0.9317600323869297,0.9924521734611477,1.6723017104322915,-0.3812800680097907
7702f6e31aa74020b48b62c4,pcb4,evaluation,1,9,ok,0.03150413011461869,0.07107639111224948,0.28353717103156817,0.003175020217895508,0.16262543201446533,0.005711764097213745,0.0699523389339447,0.002499133348464966,0.03454846143722534,0.7503811271912143,3.9697291329496402,1.8374991470049167,1.738181595750479,0.12939355130134192,0.6351926760692578
782c205c691cff62c71e88a2,pcb4,evaluation,1,9,ok,0.014810249514418049,0.03362788414334806,0.12309502465262215,0.002118527889251709,0.026802003383636475,0.0008407384157180786,0.01719561219215393,-0.0020560920238494873,0.06685471534729004,0.07259224125980478,-0.6997717591351225,-0.41842229274363674,-0.9413239320773171,-1.9340452999266515,3.0378903511428668
7899993537b41d8220507079,pcb4,evaluation,1,9,ok,0.03290284625728373,0.07425468506542016,0.29612561631555356,0.0009550750255584717,0.09830734133720398,0.0028251707553863525,0.060341596603393555,0.003683418035507202,0.028423070907592773,-0.673816794505394,1.75852459465917,0.5006292075993974,1.250053563712412,0.6658541727690616,0.17963191605551343
7921edc5cb8c293e737bc419,pcb4,calibration,1,9,ok,0.02663497043819769,0.06033088941538067,0.15173368764807582,0.002079695463180542,0.020358741283416748,0.0014784038066864014,0.0058959126472473145,0.0014539659023284912,0.018213540315628052,0.04767943679242461,-0.9212859590651552,-0.12309988614335392,-1.5152338249628128,-0.3440493495711964,-0.5796766526567604
79d64fa32eebe85dc9ca3e39,pcb4,evaluation,1,9,ok,0.025485048344752514,0.05743740795287187,0.17600611513094705,0.0015276819467544556,0.018452048301696777,0.001495644450187683,0.022568345069885254,0.0007107853889465332,0.02398127317428589,-0.3064628661600305,-0.9868365394681322,-0.11511521518229657,-0.6684437074211625,-0.6806973569580936,-0.15071579670231977
79f751ffd9ae6b5e35702cb8,pcb4,evaluation,1,9,ok,0.0352680572453096,0.07981886726003713,0.3174125152077864,0.0033315420150756836,0.10724830627441406,0.0066585540771484375,0.12299790978431702,0.003078758716583252,0.024989932775497437,0.8507971280067789,2.0659078213326634,2.2759866349251086,4.432357468639915,0.3919538871744528,-0.0756992353418384
7bae5855faac0d2cdea685c1,pcb4,evaluation,1,9,ok,0.025813883374954643,0.0586800441826215,0.2323249503745918,0.006092935800552368,0.11536994576454163,0.003349810838699341,0.10319846868515015,0.004262655973434448,0.04454928636550903,2.622359463796528,2.345123294146413,0.743606126524987,3.426747091544756,0.928239009420292,1.3789792776015213
7c173b59a1127dffbec34f4d,pcb4,calibration,1,9,ok,0.02642486286311925,0.06006075110456554,0.23782376576807326,-0.004787474870681763,0.10673841834068298,0.002706766128540039,0.06776854395866394,0.0011654794216156006,0.034354329109191895,-4.357929202188086,2.04837828180166,0.44579239216589556,1.6272670059097079,-0.47472877017131526,0.62075456465835
7d7b22f61558a5ef29c9d842,pcb4,evaluation,1,9,ok,0.029663187552026637,0.06322703891058888,0.19281071908817315,0.001186370849609375,0.04647386074066162,0.0038280636072158813,0.044965267181396484,0.002433568239212036,0.06837111711502075,-0.5254297833992256,-0.02346902989637988,0.9650996567714311,0.4690923057178867,0.09969368298313308,3.1506689794526324
7df7bce17e9dbffda7284557,pcb4,evaluation,1,9,ok,0.036648764167253635,0.08320860280463598,0.3298388775052827,0.0033785104751586914,0.11592927575111389,0.0014627575874328613,0.07105302810668945,-0.0025485754013061523,0.04580637812614441,0.8809295760809087,2.3643526119275733,-0.13034613031717435,1.7940854189202644,-2.157131810816834,1.472472365937951
7f3ec8c37d437b6a6adfacc3,pcb4,calibration,1,9,ok,0.04561135301274252,0.09664681650338307,0.22142003372393332,0.0024480968713760376,0.05094480514526367,0.0012790113687515259,0.03496682643890381,0.0008195936679840088,0.06520956754684448,0.2840260464804675,0.13023846443064838,-0.21544464165753577,-0.03872686529117487,-0.6314090754900116,2.9155365553023795
83592b0bc775afea95d3c11d,pcb4,evaluation,1,9,ok,0.03687087788947941,0.08354277390023693,0.33183790100531474,0.00320550799369812,0.12011826038360596,0.0012964904308319092,0.058168500661849976,-0.0026201605796813965,0.043407559394836426,0.7699404510362872,2.5083665547026217,-0.20734955173763925,1.1396823760463342,-2.18955866704426,1.2940661599853285
84c62456176a47f1aed1e84a,pcb4,evaluation,1,9,ok,0.037806023350622185,0.08532368572709227,0.34025421015559965,-0.0012288391590118408,0.10505983233451843,0.0049925148487091064,0.05646097660064697,0.0015691518783569336,0.0372929573059082,-2.0748991516578252,1.9906698368578153,1.504392752926856,1.0529575080823763,-0.29187208091216127,0.8393077635470753
879a9e187d2fb2c26d3011be,pcb4,evaluation,1,9,ok,0.039922440289428186,0.09056837100595505,0.21559638534929884,-8.514523506164551e-05,0.03423002362251282,0.0014376789331436157,0.03165137767791748,-0.001949220895767212,0.043646931648254395,-1.3411663932233042,-0.44440236166444186,-0.14196082455006934,-0.2071179659326688,-1.8856345145679712,1.3118688788757817
88a4918b9e5ca5e8b4f73cf7,pcb4,calibration,1,9,ok,0.037875392200806816,0.0712684894666069,0.22725235320484088,0.0012070238590240479,0.01791691780090332,0.0008619874715805054,0.014672696590423584,0.0026885569095611572,0.03920537233352661,-0.512179918859015,-1.0052338982745321,-0.4085812030370959,-1.069462403104263,0.21519917086067622,0.9815388979096721
89f466e67ac653882f8dbc81,pcb4,evaluation,1,9,ok,0.04535655588994899,0.0895338413267593,0.23461812447973363,0.0028145164251327515,0.055871665477752686,0.0018937885761260986,0.05159926414489746,0.0030677318572998047,0.06102392077445984,0.5191012045207123,0.2996199838757601,0.06927754489418687,0.8060319271294766,0.3869589093209358,2.604239436277545
8a27d97cb3ee4d20a366c246,pcb4,calibration,1,9,ok,0.02459192439862543,0.055918630338733434,0.22132731958762886,0.0017094314098358154,0.09080237150192261,0.003589034080505371,0.03193169832229614,0.005267351865768433,0.015855997800827026,-0.18986214624881184,1.5005097315815545,0.8543977493502375,-0.19288052622468402,1.3833489915764086,-0.7550130421672416
8b03478c339d4dafa739ce5d,pcb4,evaluation,1,9,ok,0.017843802693645813,0.04014855606070308,0.1194291477236345,0.0030633509159088135,0.025507837533950806,0.004151687026023865,0.024230390787124634,0.003008544445037842,0.07329851388931274,0.6787400847205517,-0.7442641464244919,1.114979591025747,-0.5840286771134224,0.36014802819368,3.517131919003424
8be97586538a3ee268d860cf,pcb4,evaluation,1,9,ok,0.019704088493308573,0.04487297496318115,0.17733679643977718,0.003963381052017212,0.06225934624671936,-0.0012936592102050781,0.06065729260444641,0.0023815035820007324,0.05076026916503906,1.2561512089836988,0.5192233420718912,-1.4069273181965076,1.2660877120035754,0.07610928755044633,1.8409057508440232
8c6c68d6c3d47870ef132cb9,pcb4,evaluation,1,9,ok,0.03329838210497108,0.06282216494845361,0.15064246227401762,0.001371532678604126,0.023465126752853394,0.0015686452388763428,0.028319865465164185,0.0013153254985809326,0.03187867999076843,-0.4066398723049563,-0.8144909100304323,-0.08130631022272876,-0.37632492666374423,-0.40685107112406343,0.4366342888228107
8d4be43c0cb94269493c512b,pcb4,calibration,1,9,ok,0.019720096689505025,0.04454747497385328,0.15951367099955177,0.004253938794136047,0.02586895227432251,0.0011045336723327637,0.0320436954498291,-0.0005510449409484863,0.036945849657058716,1.4425574922950748,-0.731849310344232,-0.29625061597302454,-0.18719221042385403,-1.2522848226821675,0.8134924912715389
8e9eb6da770e7f6ce0607ed0,pcb4,calibration,1,9,ok,0.020304395850675547,0.045864149111011505,0.1827395626560799,0.001580357551574707,0.06058350205421448,0.00023415684700012207,0.11703187227249146,0.0005685091018676758,0.03627583384513855,-0.2726690197317155,0.46160915848971923,-0.699348827585263,4.12934339859714,-0.7451460712086068,0.7636617235804075
8ed7bbc72b2275a95c7a18f6,pcb4,evaluation,1,9,ok,0.026490229664254766,0.06004074085931997,0.2384120669782929,0.002773672342300415,0.11698070168495178,0.0027287304401397705,0.1140887439250946,0.00441393256187439,0.04446575045585632,0.4928978288318831,2.400499794968885,0.45596473874895393,3.9798623909039605,0.9967647055944866,1.3727665010763792
8fcce0e5a23b7eee2b76501c,pcb4,calibration,1,9,ok,0.01044201297731105,0.023778174425305755,0.09397811679579945,0.003909260034561157,0.05061802268028259,0.006758451461791992,0.05715775489807129,0.011059075593948364,0.06189432740211487,1.2214300632333057,0.11900394453132919,2.32225217867872,1.0883467639161721,4.006900359405532,2.6689737749123275
91d77693499ec166c23c8368,pcb4,evaluation,1,9,ok,0.01997422680412371,0.045383236216943075,0.16934670551322278,0.00527404248714447,0.06236580014228821,0.0028708279132843018,0.0339621901512146,0.002345144748687744,0.03238871693611145,2.097001378798494,0.5228831418968223,0.5217744382170981,-0.08975217812938104,0.059639360573985056,0.4745670242674341
925ea38d4e5a984148a71d20,pcb4,evaluation,1,9,ok,0.03824558173784978,0.07082959808755417,0.17037923416789397,0.000451892614364624,0.06741192936897278,0.0011146366596221924,0.04300990700721741,-0.0006025433540344238,0.03935334086418152,-0.9966316760305257,0.6963650305746814,-0.2915716125922148,0.3697798820860995,-1.275612719252106,0.9925436911481058
93ed13776c2ada859b3069b1,pcb4,calibration,1,9,ok,0.024847388529593818,0.056040692834731384,0.16454224562976244,0.0008747577667236328,0.010785579681396484,0.0005889981985092163,0.01220637559890747,0.0007350742816925049,0.02371850609779358,-0.725344045495102,-1.250403601664253,-0.5350109109079435,-1.1947264431291396,-0.6696949057402117,-0.17025844765564713
9407debbd13a3bb3cb165677,pcb4,evaluation,1,9,ok,0.027622142536978932,0.062251872958954985,0.2485992828328104,0.002135038375854492,0.08173349499702454,0.0027102231979370117,0.03824585676193237,0.00579303503036499,0.029323995113372803,0.08318448506251283,1.1887290074700425,0.44739346706906347,0.12781454883924553,1.6214744357877204,0.24663592403091164
94567a9d4533440466e04614,pcb4,evaluation,1,9,ok,0.027157904847281807,0.06133940577575719,0.2078624255618877,0.003295525908470154,0.010191947221755981,0.0019940733909606934,0.01407015323638916,9.042024612426758e-05,0.023922443389892578,0.8276911232494274,-1.270812211046336,0.115722519455912,-1.100065481566525,-0.9617121110089278,-0.1550911163101079
94bef49ce9c22a4f81bbfc22,pcb4,evaluation,1,9,ok,0.015047704424665428,0.03390535954408657,0.11238754242171992,0.0022216588258743286,0.019995033740997314,0.0011034756898880005,0.026074767112731934,0.0014487504959106445,0.04967004060745239,0.138755525879428,-0.9337899336069966,-0.29674060010287334,-0.490353105009653,-0.3464118390965084,1.7598227002401192
9669e7c4e182ca1c98dc5744,pcb4,evaluation,1,9,ok,0.021643081257603895,0.04869693282960876,0.19478773131843505,-0.0009808242321014404,0.03425323963165283,0.0013561844825744629,0.06475690007209778,0.005324721336364746,0.02403700351715088,-1.9157860597333913,-0.44360421383028137,-0.17970340491828252,1.4743061051813753,1.4093363763548414,-0.14657099038693788
971f5267f30e9cdd80664928,pcb4,calibration,1,9,ok,0.028733378156282685,0.06518937696100403,0.16031207978484985,0.0019751638174057007,0.017361074686050415,-5.9664249420166016e-05,0.008200109004974365,-0.0005079805850982666,0.0354483425617218,-0.019382467788800182,-1.0243433401935655,-0.8354263919846829,-1.3982040685878871,-1.232777409173162,0.7021191074558655
97dcf36e7fc8e14e9ede437b,pcb4,calibration,1,9,ok,0.038879906512134216,0.08790233933107085,0.33114954856886725,-0.00034111738204956055,0.062129855155944824,0.003454446792602539,0.06903529167175293,0.00401383638381958,0.03661784529685974,-1.5053844113125814,0.5147715418929089,0.792066247085527,1.691604915200362,0.8155280091526894,0.7890979788078527
97f70febe339ace709238a58,pcb4,calibration,1,9,ok,0.015347191095174063,0.03499191586092079,0.104891704552731,0.0014292001724243164,0.0389305055141449,0.0017513036727905273,0.03045782446861267,-0.00014862418174743652,0.05208104848861694,-0.36964349729008245,-0.2828035520374084,0.003288414617928978,-0.26773833834018346,-1.0699951309090885,1.9391354440446087
9855a151dc87d8ed941a265d,pcb4,evaluation,1,9,ok,0.04948933854133316,0.11183726067746687,0.348258308253826,-0.00028946995735168457,0.08197426795959473,0.0021096765995025635,0.041684895753860474,0.004735499620437622,0.05423519015312195,-1.4722501901752294,1.1970065894369006,0.1692619121230537,0.30248277710874427,1.1424290597551563,2.0993443987409286
98d05ce6b2ba43fe84ea94c9,pcb4,calibration,1,9,ok,0.003948688395124971,0.008964589870013447,0.03553819555612474,0.002720251679420471,0.08302876353263855,0.0008315593004226685,0.03279149532318115,0.0022049248218536377,0.06890955567359924,0.4586259930622906,1.2332593042200846,-0.4226734226589447,-0.14921157708845595,-0.0038778578065479506,3.190714014586325
9a4303cbeaa73a3b4cf501de,pcb4,calibration,1,9,ok,0.030435583018505474,0.06879255512155558,0.24301642440929755,0.0025572478771209717,0.02676481008529663,0.0017063766717910767,0.029003441333770752,0.0007274448871612549,0.018422573804855347,0.3540514849776124,-0.7010504349978083,-0.01751865793832678,-0.3416062200315895,-0.6731508904172396,-0.56413030426313
9ad36bc24600f804a1e17b9f,pcb4,evaluation,1,9,ok,0.03421485133721799,0.07731958762886598,0.3079336620349619,-0.0009027719497680664,0.08109888434410095,0.0038107633590698242,0.042817264795303345,0.0021166205406188965,0.024493515491485596,-1.8657118963411667,1.1669116005629652,0.9570873810706639,0.3599956156314521,-0.04387818045511741,-0.11261904218425346
9b02325c82f1ba6da823079c,pcb4,evaluation,1,9,ok,0.03909201511173721,0.08822116923865019,0.34971505410770315,0.0030183792114257812,0.11434414982795715,0.0023280084133148193,0.08089110255241394,-0.0037704110145568848,0.04719948768615723,0.6498886480810454,2.3098572499207344,0.270378073680022,2.2937596119292554,-2.7106023568668003,1.5760814414526712
9b9efc54f6ad27d5092db377,pcb4,evaluation,1,9,ok,0.027747540073851145,0.062431965166165074,0.1844571087063243,0.004482343792915344,0.036996543407440186,0.002100914716720581,0.06339079141616821,0.003207087516784668,0.03720998764038086,1.5890899047570868,-0.3492916231570181,0.16520401538571425,1.404921669844961,0.45008462943727423,0.8331371000272767
9c34589e1297a75b0fd2685a,pcb4,evaluation,1,9,ok,0.012813227038910588,0.02919894986232951,0.08886349811103285,0.0021945834159851074,0.03038203716278076,0.0016472339630126953,0.010839641094207764,0.002892225980758667,0.040013909339904785,0.12138539321740582,-0.5766930598715003,-0.04490946091536794,-1.264142665222291,0.3074577618091486,1.041671836592191
9c59bacae8072ea00979926c,pcb4,evaluation,1,9,ok,0.010245245565729654,0.02305180252289172,0.09220721009156688,0.003588557243347168,0.05154275894165039,0.003616124391555786,0.08482667803764343,0.0027135610580444336,0.028535395860671997,1.0156843311738444,0.15079563791536704,0.866944103548338,2.493646847531811,0.2265256206420295,0.18798580643127513
9fb054ff961eadb629909583,pcb4,calibration,1,9,ok,0.019940876395381103,0.04501504770442467,0.16127857463021067,0.004374146461486816,0.11354988813400269,0.00391879677772522,0.14878720045089722,0.007806003093719482,0.08965796232223511,1.5196762926167768,2.282551167856279,1.007120971794662,5.742191326188937,2.5333143929173105,4.733825405803003
a31e27ed2e8db09c3e91c9ae,pcb4,evaluation,1,9,ok,0.02096673496830377,0.047624383684446436,0.18870061471473396,0.006396293640136719,0.08020579814910889,0.003630310297012329,0.046136051416397095,0.0009465217590332031,0.057233333587646484,2.8169776039910506,1.1362080111582322,0.8735140315992684,0.5285562456422097,-0.5739128304139882,2.322323896138647
a32ea7c7a03c43064664e265,pcb4,evaluation,1,9,ok,0.03496190049305244,0.07067085014193934,0.21960443747198566,0.0011446774005889893,0.16146689653396606,0.0004123300313949585,0.1628779172897339,0.002356916666030884,0.03698146343231201,-0.5521780669371111,3.9298996093229976,-0.6168313594077671,6.457856531225452,0.06497183693111801,0.8161411776602455
a45d006e0bb740adef1b2051,pcb4,calibration,1,9,ok,0.021220865082922456,0.048254706409681755,0.1909877857463021,0.0036062002182006836,0.04920542240142822,0.0033415406942367554,0.07923910021781921,-0.0010411739349365234,0.07467249035835266,1.0270031187752942,0.07043987624972133,0.7397759688902534,2.2098546833843886,-1.4743048383009232,3.619318018232329
a45f3bdba386a3c6966dc459,pcb4,evaluation,1,9,ok,0.04033998740688566,0.09132475827623743,0.3630598866619709,0.00046515464782714844,0.045101821422576904,0.0010521113872528076,0.02573457360267639,0.00028827786445617676,0.035994648933410645,-0.9881234657557872,-0.07063864477324781,-0.32052898454778667,-0.5076314777788054,-0.8720860083886603,0.7427492917164352
a594b3da8fff3917c805e6e2,pcb4,evaluation,1,9,ok,0.010905583658833323,0.024872734840238202,0.0981502529294999,0.0009787380695343018,0.05215096473693848,0.002320915460586548,0.08163189888000488,0.00533488392829895,0.07210561633110046,-0.6586358530264226,0.1717052669263389,0.2670931096545567,2.331384536320216,1.4139398559441638,3.4284131155885627
a618c028ba8f003626d69f29,pcb4,evaluation,1,9,ok,0.01571471259951762,0.03543414228084779,0.14143241339565857,0.0015412569046020508,0.14162355661392212,0.005160599946975708,0.13058936595916748,0.0012755393981933594,0.023058652877807617,-0.29775390036195554,3.2477014466596605,1.5822381189084695,4.817926286893779,-0.42487349121715834,-0.2193333977245618
a64223a995c5f6db5fd203cd,pcb4,calibration,1,9,ok,0.031059902670167127,0.0702012763868434,0.2448893833642825,0.005388587713241577,0.09149014949798584,0.004129171371459961,0.06238237023353577,0.005262434482574463,0.03555983304977417,2.1704874601264876,1.524154989241061,1.104551900600373,1.3537041228112503,1.381121501452543,0.7104109365605946
a786d775373a5dd59e5944a3,pcb4,evaluation,1,9,ok,0.021515015688032272,0.048664916437215856,0.19363514119229044,0.00038248300552368164,0.03932866454124451,0.002957582473754883,0.04423147439956665,0.002876877784729004,0.026196688413619995,-1.041161163063932,-0.2691151629945535,0.5619531368647005,0.431823090271363,0.3005052926346588,0.014050228466954983
a8a94a64acd471f75b56c857,pcb4,evaluation,1,9,ok,0.04036399970118034,0.0913127521290901,0.36327599731062304,0.0025463998317718506,0.07783669233322144,0.004237562417984009,0.051166802644729614,0.0019944608211517334,0.025805681943893433,0.3470919601686129,1.054760047193209,1.15475111976263,0.7840672782242493,-0.09921443510799835,-0.015029909959681613
a9655521381f6b7b0fb822f9,pcb4,calibration,1,9,ok,0.056791077031440096,0.12837572837292693,0.5111196932829609,0.0017622709274291992,0.0889916718006134,0.0032742321491241455,0.022952228784561157,0.0017930269241333008,0.008253425359725952,-0.15596314216541582,1.4382593234171281,0.7086033165729707,-0.6489463163007552,-0.1904605305456227,-1.320435550752226
a9bd9794622d2b2d8d684e4e,pcb4,evaluation,1,9,ok,0.02113081897931741,0.0477044246654287,0.1901773708138567,0.002892613410949707,0.06687712669372559,3.0994415283203125e-06,0.0785348117351532,0.00020238757133483887,0.023869872093200684,0.5692040472734136,0.6779789421484814,-0.8063586010702719,2.1740839864697494,-0.9109928358855139,-0.15900097638515265
aa139585c4c27887bf3d989b,pcb4,calibration,1,9,ok,0.01726417258969926,0.03915004482294935,0.15537755330729333,0.0002085566520690918,0.10422953963279724,0.0010752677917480469,0.05085122585296631,0.005970120429992676,0.020012736320495605,-1.1527429948917376,1.9621250375513828,-0.30980454317053246,0.7680391845534168,1.7016910801271736,-0.44586590288888855
ac44a036c8dc0972188d1794,pcb4,calibration,1,9,ok,0.020888695011846065,0.04718082324816973,0.18799825510661458,0.004497915506362915,0.04235491156578064,0.005312711000442505,0.03484058380126953,0.001397460699081421,0.03736492991447449,1.5990798819897851,-0.16507520962871056,1.652685414647859,-0.04513870822154097,-0.36964523608543454,0.8446605481736246
acc7a8b572dd41d64550aaf1,pcb4,calibration,1,9,ok,0.005506819491579689,0.012486393033233015,0.0495613754242172,0.000988781452178955,0.025304168462753296,0.001969665288925171,0.01737305521965027,0.0011419057846069336,0.025240570306777954,-0.6521925567060026,-0.7512661262687187,0.10441837854475215,-0.9323116297148526,-0.4854072228257258,-0.0570586892924471
ad727cd7b964c0f4cdfdb0c5,pcb4,evaluation,1,9,ok,0.013258121491537,0.0299720123369832,0.119323093423833,0.004483997821807861,0.043129682540893555,0.0024013519287109375,0.026297539472579956,0.004281342029571533,0.013924926519393921,1.5901510410947226,-0.1384392028961432,0.3043457058929211,-0.47903853326638424,0.9367034718909816,-0.8986316892322069
afcb52664763e120dc376f55,pcb4,evaluation,1,9,ok,0.027799566711489615,0.06305228276877761,0.25019610040340656,-0.0002422034740447998,0.08936142921447754,0.00174751877784729,0.0417763888835907,0.0045843422412872314,0.03330138325691223,-1.4419265463645885,1.4509712877026597,0.0015355136463571827,0.30712969821266867,1.0739573633415402,0.5424443229852175
b0703ab5fecbd9a2b2951bd2,pcb4,evaluation,1,9,ok,0.04498303131203176,0.10157200486649165,0.40484728180828583,0.001014798879623413,0.08570286631584167,0.004494905471801758,0.043367624282836914,0.0025532543659210205,0.038688600063323975,-0.6355011689085944,1.3251928200911391,1.2739345834596572,0.3879482840438862,0.15390944260400885,0.9431052393488581
b18da311930bfdfeb131ac29,pcb4,evaluation,1,9,ok,0.05530031376064545,0.1250026680326994,0.49770282384580905,0.004497408866882324,0.06940674781799316,0.004617661237716675,0.03659772872924805,0.0016250014305114746,0.026069462299346924,1.5987548492377166,0.7649452940914101,1.3307865448919738,0.0441063954551317,-0.26657319308110516,0.004588101108470866
b253c99dac508bb4f47a228a,pcb4,evaluation,1,9,ok,0.04213890845446202,0.09502465262214253,0.37925017609015815,0.001087576150894165,0.16340762376785278,0.0032555758953094482,0.05759382247924805,0.0005958974361419678,0.033700376749038696,-0.5888111700526142,3.996620260106734,0.6999630330438058,1.1104945650864075,-0.7327396262156823,0.5721184764345933
b360b01f699336ea6d7b0cf8,pcb4,evaluation,1,9,ok,0.006860846086529636,0.015613327356940087,0.06174761477876673,0.003995120525360107,0.06311124563217163,0.0009405463933944702,0.060338377952575684,0.0017605125904083252,0.11551004648208618,1.2765135549221178,0.5485109618915027,-0.37219815609958995,1.249890088963479,-0.20518896524342536,6.65651018007608
b3a751786ba15b26ece1fc1d,pcb4,evaluation,1,9,ok,0.036018441442018316,0.08125760389319331,0.3241659729781648,-8.761882781982422e-06,0.1093602180480957,0.004572182893753052,0.1372830867767334,0.004895448684692383,0.049777448177337646,-1.2921629259555412,2.1385136597408123,1.3097241284934025,5.157899273091123,1.2148832385114412,1.7678108724115826
b47939562c67b3a5671dc4cc,pcb4,evaluation,1,9,ok,0.05375952487673689,0.12139548782309877,0.483835723890632,0.002499520778656006,0.08157730102539062,0.008876234292984009,0.035424888134002686,0.0017991065979003906,0.014854967594146729,0.31701687081543634,1.183359183594773,3.3030623829374863,-0.015461986669898429,-0.18770654275611606,-0.8294621861925692
b55a295f7c7ec1ad3fac8596,pcb4,evaluation,1,9,ok,0.03708898956265608,0.08420511301786515,0.32917853941217906,0.0032591819763183594,0.11940133571624756,0.00010305643081665039,0.07142713665962219,-0.0011237561702728271,0.04240083694458008,0.8043748031819139,2.4837192577853373,-0.7600654525769506,1.8130863311735426,-1.5117131724417217,1.219193669432601
b6bed1bed1f92488b9c9f1b6,pcb4,evaluation,1,9,ok,0.014371358135365307,0.03257000917803249,0.12934222321828776,0.0009367167949676514,0.05310949683189392,-0.0021651387214660645,0.03208157420158386,0.0036078989505767822,0.028242528438568115,-0.6855944518744701,0.20465883405099033,-1.8105362174933772,-0.18526835481372764,0.6316453244425427,0.16620451677284848
b79293a8b446c3933777e959,pcb4,evaluation,1,9,ok,0.01974811103284882,0.04089493820836268,0.11196065718981452,0.005204260349273682,0.0373651385307312,0.0029311031103134155,0.012411236763000488,0.0026481449604034424,0.023692607879638672,2.052232897094449,-0.33661961749219554,0.5496897312486254,-1.1843215780905803,0.19689325202454386,-0.1721845635316187
b80f07883522b9d821bd85bb,pcb4,evaluation,1,9,ok,0.044734904270986746,0.10079160530191458,0.4026141384388807,0.0034632086753845215,0.08522796630859375,0.0071138739585876465,0.09033432602882385,0.002752363681793213,0.03778958320617676,0.935267404397328,1.3088661375014763,2.48685924156821,2.7733793887474008,0.24410254271035126,0.8762430857072484
bb5f06b43135b48ef4a8e033,pcb4,evaluation,1,9,ok,0.006789476211820452,0.015465918550297752,0.06110528590638407,0.003367796540260315,0.08131226897239685,0.0007956624031066895,0.08699902892112732,0.0017633140087127686,0.07070755958557129,0.8740560893533391,1.174247593493118,-0.439298377149167,2.6039801938208207,-0.20391997086982916,3.324436105395579
bc76820aa4d4f67fa8d5a3f0,pcb4,calibration,1,9,ok,0.022587564833194594,0.05102612537619261,0.20328808349875135,0.0011439025402069092,0.05872035026550293,-0.00042051076889038086,0.02346140146255493,0.0022753775119781494,0.01689368486404419,-0.5526751758520397,0.3975554894932999,-1.0025454861877638,-0.6230855192126284,0.028036000695381917,-0.677837635164417
bca44eaabd1f62e4971ee472,pcb4,calibration,1,9,ok,0.031307362703037286,0.07066084501931656,0.2817662643273356,0.0013840794563293457,0.0547126829624176,0.0022854208946228027,0.025929957628250122,-0.0002638399600982666,0.01346898078918457,-0.3985905317978442,0.259775091548845,0.25065448715737554,-0.4977079550565484,-1.122185899508268,-0.932541524429548
bd0f51d58e329e45ebadcf50,pcb4,evaluation,1,9,ok,0.01109367996414164,0.025068835243644744,0.09984311967727476,0.0023860037326812744,0.026757478713989258,0.002855241298675537,0.055040955543518066,0.005009323358535767,0.029577404260635376,0.24419041477840564,-0.70130248168228,0.5145557987829875,0.9808348707013366,1.2664665098041121,0.2654826021590893
bd271671372ec7b546a25301,pcb4,evaluation,1,9,ok,0.009711639025847901,0.021963245181532944,0.08740475123263111,0.001046687364578247,0.03255486488342285,-0.00011014938354492188,0.04876437783241272,0.004252731800079346,0.0458378791809082,-0.61504322510192,-0.5019929799061958,-0.8588076065188768,0.6620485146967062,0.9237435293521268,1.4748151789194262
bd4578abc4a144d67800deee,pcb4,evaluation,1,9,ok,0.02646421634543553,0.05994535869031611,0.23817794710891976,0.0017724335193634033,0.15033316612243652,0.00289762020111084,0.11299073696136475,0.006720870733261108,0.039298564195632935,-0.14944336755039153,3.5471308586520394,0.5341827687166497,3.924094796691619,2.0417680723108096,0.9884698119996181
bdd0f82397445b34db5a60de,pcb4,evaluation,1,9,ok,0.043142088749439714,0.09746590254210155,0.3882787987449574,0.0029998719692230225,0.05172643065452576,0.007018089294433594,0.04741036891937256,0.0031509101390838623,0.03691506385803223,0.6380153928437138,0.15711012456739662,2.4424984248545742,0.5932786233238726,0.4246372422646271,0.8112028736652344
beb6670b85f21ac45fd6b48b,pcb4,evaluation,1,9,ok,0.01760901581609784,0.03986040852916693,0.1584811423448806,0.00260007381439209,0.16300511360168457,-0.00010964274406433105,0.048313021659851074,0.0036038756370544434,0.02163487672805786,0.3815263123142396,3.982782282381225,-0.8585729662313435,0.63912420846904,0.6298228325230163,-0.32522322494972467
c01a47cbeebb24b5df8b09d9,pcb4,evaluation,1,9,ok,0.0405974525623786,0.09159156154617831,0.36537707306140743,0.0036221742630004883,0.10182711482048035,0.00730443000793457,0.04981076717376709,0.0036645829677581787,0.038705974817276,1.0372512102522826,1.8795315931260368,2.5751115944204153,0.7151944583057913,0.6573222105976488,0.9443974436707124
c0289b65015467def8941d8a,pcb4,evaluation,1,9,ok,0.03804814731809353,0.08492548184670551,0.19307685534993918,0.0014428496360778809,0.014775782823562622,0.0002944469451904297,0.023174166679382324,-0.002721130847930908,0.03667619824409485,-0.3608867325578798,-1.1132236076104505,-0.6714266333688084,-0.6376741268998023,-2.2352964642543016,0.7934378348321938
c0b9bb496bb3ddb956c844bd,pcb4,calibration,1,9,ok,0.031464776632302405,0.07147859704168534,0.23131443298969073,0.006798550486564636,0.05900496244430542,0.004674553871154785,0.04917633533477783,0.003781259059906006,0.03227609395980835,3.07504404934674,0.40734022866689756,1.3571352689449703,0.682971768905028,0.7101744762639159,0.46619096915201796
c207e5e9d612c394c2a79e07,pcb4,evaluation,1,9,ok,0.015854117308061726,0.035827010095835735,0.14268705577255555,0.0026789307594299316,0.047590047121047974,0.007481276988983154,0.07343488931655884,0.004590481519699097,0.028693795204162598,0.43211670419504383,0.014904565524431944,2.657014857139368,1.9150597604407364,1.0767383510113362,0.19976636555761457
c2e3c250556cdfae1d0d304e,pcb4,evaluation,1,9,ok,0.02494477172312224,0.055078867046594523,0.13807069219440354,0.0018602758646011353,0.013291329145431519,0.0014017969369888306,0.013276427984237671,0.0015621185302734375,0.04274415969848633,-0.09308842421378138,-1.1642579383158849,-0.15857887785536415,-1.1403786573843815,-0.2950580667862964,1.244727449514526
c304792bfd003a042cc4f59c,pcb4,calibration,1,9,ok,0.015716046615867323,0.03561156645535848,0.13967951591214703,0.003737807273864746,0.06962797045707703,0.002113446593284607,0.0845080018043518,-0.0003699958324432373,0.07018378376960754,1.1114351560185411,0.7725507515663436,0.17100791190969802,2.4774613337323763,-1.1702726863034771,3.285481575452885
c34a02a42c7dc2fcd1fb1bc9,pcb4,evaluation,1,9,ok,0.033980064459670015,0.07658321060382917,0.3058205801370302,-0.0007106661796569824,0.04385054111480713,0.002704024314880371,0.02879321575164795,0.00400272011756897,0.018040359020233154,-1.7424671245861916,-0.11365666141645944,0.4445225741392451,-0.3522835429850368,0.8104925314787386,-0.5925565828699605
c494ae6a513646bc70c540c0,pcb4,evaluation,1,9,ok,0.018584848775906597,0.04217159185502978,0.10908251691532732,0.002589702606201172,0.057129859924316406,0.0007491856813430786,0.05779033899307251,0.0007165819406509399,0.04025447368621826,0.3748727006836577,0.34287570308318893,-0.46082317293787733,1.1204756067018073,-0.678071618599961,1.0595632144412621
c599b05f2e1a8757cf156c2b,pcb4,evaluation,1,9,ok,0.041517256835499776,0.09391475101918849,0.373655311519498,0.005568265914916992,0.04453754425048828,0.005949944257736206,0.04286760091781616,0.005210131406784058,0.0265672504901886,2.285759369668955,-0.09003804283742561,1.9478076868852456,0.3625521790661519,1.3574291064986992,0.04160986575329641
c5a5497d8136faa6b62d321c,pcb4,evaluation,1,9,ok,0.04233767689056797,0.09592111160914388,0.3806128737913812,0.0039154887199401855,0.09202295541763306,0.006414532661437988,0.07295316457748413,0.006281346082687378,0.0539720356464386,1.225426054126385,1.5424724308060431,2.16297283055322,1.8905930396837871,1.842670955057653,2.079772933626051
c643255e8f0cfd6ae1af7537,pcb4,evaluation,1,9,ok,0.023478687754797122,0.05282704744829353,0.21130818979317412,0.004383057355880737,0.10889080166816711,0.005180627107620239,0.055603981018066406,0.004312366247177124,0.02260202169418335,1.5253930451384552,2.122375499874494,1.5915133114509596,1.0094308425239231,0.9507569095815522,-0.253294211823108
c7322d82eacff12adf7c5843,pcb4,calibration,1,9,ok,0.024545900834560628,0.05538835883972594,0.22091310751104565,0.003012537956237793,0.04831615090370178,0.00197523832321167,0.03502368927001953,0.0019706785678863525,0.017105579376220703,0.6461412116454303,0.039867433087315,0.10699942170761771,-0.035838811393361245,-0.10998738734342137,-0.662078505270104
c87dd032af4497260100f48a,pcb4,calibration,1,9,ok,0.030548307400055496,0.06922544342703464,0.2749347666004995,-0.001676321029663086,0.06867897510528564,0.000634998083114624,0.032490551471710205,0.002670466899871826,0.02398696541786194,-2.3619795500290555,0.7399250500475091,-0.5137069530369114,-0.16449646611367713,0.2070047071928795,-0.1502924501749198
c894a684e68453e869a7b59d,pcb4,evaluation,1,9,ok,0.033019572687882866,0.07456617788307614,0.2971761541909458,0.006945192813873291,0.10239619016647339,0.007092088460922241,0.04681786894798279,0.0034050345420837402,0.016262471675872803,3.169121911496966,1.8990959485731413,2.476769709204281,0.5631856466244844,0.5397512318779757,-0.7247825537525392
c8dabcf7759155cd5fa32bc8,pcb4,calibration,1,9,ok,0.008537704638108044,0.0192098354357431,0.0768393417429724,0.004021123051643372,0.03750324249267578,0.005932897329330444,0.03326517343521118,-0.0003822147846221924,0.0284784734249115,1.2931953829327005,-0.33187171368795976,1.9399127313282452,-0.12515354320383865,-1.1758076617627797,0.18375234115727543
c9356ff919ee3251f61f63ad,pcb4,calibration,1,9,ok,0.025485048344752514,0.05743740795287187,0.22936543510277263,0.001546710729598999,0.04038691520690918,0.00029084086418151855,0.018181145191192627,0.0008624792098999023,0.017337292432785034,-0.2942550183838047,-0.23273335112907925,-0.6730967201212508,-0.891268872147129,-0.6119826616218741,-0.6448454201887702
cbf6c89149a15b1bc70a8375,pcb4,evaluation,1,9,ok,0.04007051610424538,0.090672424281232,0.35101772107318946,0.005404382944107056,0.09294170141220093,0.005147874355316162,0.07861757278442383,0.005522876977920532,0.046859920024871826,2.1806208341615694,1.5740581836064271,1.576344506980429,2.1782874066344395,1.4990974783765554,1.5508269370903922
ce117109c4ff17c8b1588b94,pcb4,calibration,1,9,ok,0.01787115002881475,0.040730854197349044,0.09795948859149217,0.001275971531867981,0.020564377307891846,0.0017328262329101562,0.01276049017906189,0.0039108991622924805,0.03593963384628296,-0.46794678521720073,-0.9142163569397286,-0.005269054692106557,-1.1665830541762838,0.7688992158931016,0.738657680776224
d1dfad72d4164ada90de8aa2,pcb4,evaluation,1,9,ok,0.007470491558344539,0.016808606006275213,0.06723442402510085,0.00010088086128234863,0.06457024812698364,-0.0006396770477294922,0.06630539894104004,0.0003891289234161377,0.042706310749053955,-1.221822014493153,0.5986703012614133,-1.1040481141006693,1.5529541096239845,-0.8264022109391973,1.2419125275784109
d2c8cb6cdfcad1fe3b1f8dff,pcb4,evaluation,1,9,ok,0.05540836908497151,0.12514140573306867,0.49867532176474355,0.007642775774002075,0.11639472842216492,0.0060818493366241455,0.04096546769142151,0.0002745389938354492,0.02668130397796631,3.616653771948207,2.380354502651474,2.0088969758630153,0.2659431434120876,-0.8783094807953395,0.05009231161905389
d400cb805b513d71c3e10046,pcb4,calibration,1,9,ok,0.015463917525773196,0.0350099250816418,0.13917525773195877,0.002066314220428467,0.08686098456382751,-0.0015684962272644043,0.026787370443344116,0.005103647708892822,0.016299784183502197,0.039094748223081795,1.365007999597527,-1.5342127729983588,-0.45416009832693727,1.3091938203618991,-0.7220075283478022
d443a3cd7306651bf10df5ed,pcb4,calibration,1,9,ok,0.05740739258500352,0.12969240251008515,0.412369132996094,-0.0022552013397216797,0.0888105034828186,-0.00035634636878967285,0.028058648109436035,-0.0009965598583221436,0.029536068439483643,-2.733358148627975,1.4320309014866255,-0.9728289838901728,-0.3895921134637109,-1.4540954279043965,0.26240835276901725
d451674ba2957ea9a1018211,pcb4,evaluation,1,9,ok,0.03979370771168171,0.09004076753964696,0.3581433694051354,0.0028751790523529053,0.09775662422180176,0.006410747766494751,0.09073883295059204,0.006703317165374756,0.035582542419433594,0.5580190966875215,1.7395913805032632,2.161219929581648,2.7939242291850444,2.0338166075656163,0.7120998897222637
d5cdfe7ccbc72ce26de8379f,pcb4,calibration,1,9,ok,0.016675204371304774,0.03761926106166357,0.15007683934174298,0.0036137253046035767,0.045129865407943726,0.001162499189376831,0.04758620262145996,0.005778521299362183,0.02492353320121765,1.0318308111221963,-0.06967451497614253,-0.2694050066052518,0.6022091883118708,1.6148999649372806,-0.08063753933684954
d646baf1c18f122f83fdb5d9,pcb4,evaluation,1,9,ok,0.03752521290900941,0.08485344496382148,0.3377269161810847,0.001393347978591919,0.10039985179901123,0.0016900300979614258,0.05316430330276489,-0.0037800073623657227,0.04025048017501831,-0.39264434439235285,1.8304634314754855,-0.02508925780373725,0.8855200101429905,-2.7149493375933744,1.0592662069298924
d6cb38f771c277bdd87122dd,pcb4,calibration,1,9,ok,0.01537387142216815,0.035063952743804826,0.13836484279951336,0.0024660080671310425,0.0419621467590332,0.0010221898555755615,0.03129658102989197,0.0036919713020324707,0.03224349021911621,0.2955169102447771,-0.17857814968827532,-0.33438656388210225,-0.22513802969234972,0.6697286555905733,0.46376614663382126
d92f74d23c5d7507316ef1f6,pcb4,evaluation,1,9,ok,0.03809950694755715,0.08596401357495037,0.34289556252801434,0.0015228688716888428,0.22598671913146973,0.005195558071136475,0.06807935237884521,0.0008700191974639893,0.02429795265197754,-0.3095506773046828,6.148039529756513,1.5984282987482625,1.6430529147673065,-0.60856717676528,-0.12716354434550264
d9c3d82ceef4ad710833d2b5,pcb4,evaluation,1,9,ok,0.021231537213720092,0.048094624447717234,0.19108383492348083,0.006673604249954224,0.06517750024795532,0.003127366304397583,0.08768317103385925,0.007342934608459473,0.04324689507484436,2.994885236814514,0.6195471437118035,0.6405852379280431,2.6387276598995473,2.3235523229498884,1.2821171488376153
d9fdfb6abdcdc62c8f106fb5,pcb4,calibration,1,9,ok,0.020030255490811295,0.04550729973746558,0.18027229941730166,0.0012069642543792725,0.02746257185935974,0.004137486219406128,0.036434948444366455,0.0051316916942596436,0.015054374933242798,-0.5122181580063172,-0.6770619430322123,1.108402761789889,0.035838811393361245,1.3218972640380056,-0.8146317588897776
da2cc750503c9456b21a285b,pcb4,evaluation,1,9,ok,0.0164084011013639,0.0370189537042966,0.14767560991227507,0.0008570551872253418,0.0429614782333374,0.0017896294593811035,0.06501862406730652,0.001339554786682129,0.013713479042053223,-0.736701072243854,-0.14422193251873852,0.021038262251325265,1.4875990241177481,-0.3958756197864708,-0.9143575720170383
db1bd561f26bd21285df12af,pcb4,evaluation,1,9,ok,0.03498591278734712,0.07918721051845211,0.3148732150861241,0.0023141801357269287,0.1332074999809265,0.003969073295593262,0.06812223792076111,0.004422008991241455,0.02727973461151123,0.19811224227926044,2.9583641478463325,1.0304055697398715,1.6452310644313284,1.0004231893736841,0.09459910884518673
dbcd8270ee7564d5b0d9063a,pcb4,calibration,1,9,ok,0.041087703570894966,0.09268745597746046,0.35346097201767307,6.344914436340332e-05,0.06513750553131104,-0.0006456971168518066,0.027684926986694336,0.0007166564464569092,0.02771693468093872,-1.2458361989989317,0.6181721573274089,-1.1068361928113584,-0.4085733482009137,-0.6780378687495995,0.12711478191826286
dc71aa43a9f168b80db4d4a2,pcb4,calibration,1,9,ok,0.014428720838402595,0.03265672024076327,0.12985848754562335,0.000280916690826416,0.09236693382263184,-0.004068493843078613,0.04928281903266907,0.0041179358959198,0.04393327236175537,-1.1063206700668726,1.5542981333758508,-2.692038370646167,0.6883800585155563,0.8626833000779183,1.333164760735776
dc79b8ca0ab9a572e3841f9d,pcb4,evaluation,1,9,ok,0.04294598834603317,0.09699499477065592,0.3865138951142985,0.001585453748703003,0.058001935482025146,0.0013447999954223633,0.035073816776275635,0.0016944706439971924,0.015933722257614136,-0.2693995726373778,0.3728569635751067,-0.1849759102028528,-0.033292843544240426,-0.23510483260394846,-0.7492324780653614
ddcbf1d18345e1e6df5ce386,pcb4,evaluation,1,9,ok,0.02152101876160594,0.04766173614223816,0.11687984247934943,0.003819093108177185,0.010321497917175293,0.002700626850128174,0.014530688524246216,0.0021868646144866943,0.029013246297836304,1.16358379315191,-1.2663583617073173,0.44294910397578696,-1.0766749695733835,-0.012058821534200024,0.22352474999321806
e1c750f13cbc1258c048b35a,pcb4,evaluation,1,9,ok,0.007052277432712215,0.01617828328103989,0.06347049689440994,0.0005072951316833496,0.03031909465789795,0.001709088683128357,0.016147375106811523,0.000522911548614502,0.025445789098739624,-0.9610883886131353,-0.5788569728698917,-0.01626264228153124,-0.9945637223015302,-0.7658009796299066,-0.041796049566393774
e1ea53378faad7537e477a2c,pcb4,evaluation,1,9,ok,0.025417013510917588,0.05749477065590916,0.2287531215982583,0.005436986684799194,0.09956681728363037,0.0061684250831604,0.08497875928878784,0.007212609052658081,0.060734450817108154,2.2015376477358704,1.8018243708073807,2.0489928602914884,2.501371029418888,2.264517084697376,2.582710824651179
e20df895b49932f158be6a32,pcb4,evaluation,1,9,ok,0.010672130797635055,0.024012294294678875,0.0960491771787155,0.0040899962186813354,0.03232330083847046,0.000987708568572998,0.042904943227767944,0.007421910762786865,0.02475529909133911,1.337380717640387,-0.5099539666474371,-0.350355905804217,0.3644487888847895,2.3593271643331852,-0.09314953487178579
e38909ffe3603d70a931864f,pcb4,evaluation,1,9,ok,0.020188336428251265,0.04078288083498751,0.1264427386822053,0.00299835205078125,0.027214527130126953,-4.139542579650879e-05,0.01610732078552246,6.344914436340332e-05,0.0183907151222229,0.6370402945875078,-0.6855895225235058,-0.8269655392636316,-0.9965980747326946,-0.9739295568398274,-0.5664997149321906
e5027aa058e0d68ff7fd375b,pcb4,evaluation,1,9,ok,0.01623231094320292,0.036834859448037396,0.14609079848882628,0.003399074077606201,0.07714325189590454,0.004189193248748779,0.02737736701965332,0.006848841905593872,0.023504823446273804,0.894122081900166,1.0309201193302486,1.1323498734881337,-0.42419426865449683,2.0997368152918954,-0.1861505659878868
e622496f95843c1d43c6956d,pcb4,evaluation,1,9,ok,0.01983949115280357,0.04474290836908497,0.17855542037523212,0.006534561514854431,0.0772271454334259,0.0038909316062927246,0.05598023533821106,0.004476219415664673,0.047628194093704224,2.9056828659453178,1.033804312081419,0.9942157559803342,1.0285407379431564,1.024979580496785,1.6079654194455955
e6b56c2512bb8660ea532707,pcb4,evaluation,1,9,ok,0.03905666367847004,0.08835923993084459,0.3515099731062304,0.003368169069290161,0.07603675127029419,0.005765587091445923,0.04544857144355774,0.0017792284488677979,0.018950849771499634,0.8742950840239778,0.9928795124153447,1.8624262269628589,0.4936392501942198,-0.19671100283259121,-0.5248410867516544
e713192788ad43790d8658d7,pcb4,evaluation,1,9,ok,0.062431965166165074,0.14090414292117565,0.5480566049817507,0.005234658718109131,0.06496486067771912,0.005895793437957764,0.031611740589141846,0.0009751319885253906,0.033942848443984985,2.0717348622185687,0.6122367652821051,1.9227287808588995,-0.20913112719267515,-0.5609528878751334,0.5901517086174528
e7b2f5c457da2515d6842389,pcb4,evaluation,1,9,ok,0.011887419692215748,0.027081865915348658,0.10698677722994172,0.004439860582351685,0.0484732985496521,0.000809013843536377,0.038200169801712036,0.005470007658004761,0.046534329652786255,1.561834952517447,0.04527004352316635,-0.4331149154541735,0.12549411559744875,1.4751485845599632,1.5266119590179072
e7cd15ce03ebe9d27020f037,pcb4,calibration,1,9,ok,0.02760880237348189,0.062223858615611194,0.24847922136133702,0.0011006295680999756,0.03216254711151123,0.0020377039909362793,0.03955140709877014,0.00511246919631958,0.01170879602432251,-0.5804367967934334,-0.5154805512654879,0.13592918892347977,0.19412323704759019,1.3131898026447126,-1.0634509097766525
e8af80c3b56b30df9df33eb8,pcb4,calibration,1,9,ok,0.028724707050009606,0.06527141896651086,0.25852236345008645,0.0023803412914276123,0.04445788264274597,0.003335118293762207,0.05088639259338379,0.0016158521175384521,0.04917871952056885,0.2405576957846971,-0.09277674522601477,0.7368015581865234,0.7698252975510164,-0.2707176747055098,1.7232819104457953
e8ca098a790ef95644c4673d,pcb4,calibration,1,9,ok,0.014300655268830976,0.03233655631683422,0.12870589741947877,0.00452268123626709,0.04390028119087219,0.0038714706897735596,0.03155893087387085,0.0032890737056732178,0.017773032188415527,1.6149682476938474,-0.11194663736612075,0.9852028084650871,-0.21181332399924,0.48722296477517996,-0.6124383543400008
eb47adf48680662537261929,pcb4,calibration,1,9,ok,0.01612825766792598,0.036366619709291156,0.1451543190113338,0.0018384456634521484,0.027244359254837036,0.0020102262496948242,0.034768640995025635,0.004058569669723511,0.019042283296585083,-0.10709351191321037,-0.6845639179253099,0.12320340391726564,-0.04879267159120664,0.8357914193097947,-0.5180409446256696
eb48e46ff215c692c1700239,pcb4,evaluation,1,9,ok,0.039120029455081,0.08839058931506265,0.25723503767262174,0.00235632061958313,0.0658423900604248,0.003759339451789856,0.10968434810638428,0.003846198320388794,0.04405200481414795,0.22514731942191243,0.6424055239173494,0.9332713918860408,3.75616384719527,0.7395908458390873,1.3419951930141083
eb662872bc6bce7c9aac9465,pcb4,evaluation,1,9,ok,0.017719072164948453,0.04035866363578152,0.15947164948453607,0.0004985034465789795,0.09176510572433472,0.0004671812057495117,0.1028704047203064,0.004757821559906006,0.03715801239013672,-0.9667286628402091,1.5336077644887691,-0.591428097689831,3.4100847763942674,1.152540514923492,0.8292715694315409
ebdcce8467c4adf610fb54c3,pcb4,evaluation,1,9,ok,0.03238191287272417,0.06984909607052144,0.1591728298222023,0.0015640556812286377,0.022141575813293457,0.003321126103401184,0.031081199645996094,0.00334051251411438,0.018003195524215698,-0.28312742651886585,-0.859993533217725,0.7303213455396497,-0.23607721497510606,0.5105238614648293,-0.5953205259048702
ed3899dca5b42c60ea76fef9,pcb4,evaluation,1,9,ok,0.005281370728479649,0.012027491408934709,0.047532336556316834,0.0040986984968185425,0.07217022776603699,0.006099522113800049,0.045843154191970825,0.00028130412101745605,0.04740604758262634,1.3429636331465074,0.8599515254369796,2.017081781186969,0.5136800434893206,-0.8752449943825062,1.5914438225071694
ed93e360146bf0f42ae21392,pcb4,evaluation,1,9,ok,0.02670700732108173,0.06035089966062624,0.24036306588973555,-0.0017232000827789307,0.06481882929801941,-0.0008276998996734619,0.05478787422180176,0.00033602118492126465,0.024491548538208008,-2.3920546393822324,0.6072163231930341,-1.1911272655152083,0.9679809117389501,-0.8504591042769465,-0.11276532946597283
edb2ed29317b85b4374019cd,pcb4,calibration,1,9,ok,0.01829936927706986,0.04149524556572965,0.16190289428187232,0.002868562936782837,0.037344902753829956,0.0038489699363708496,0.04863908886909485,0.0020256340503692627,0.029896795749664307,0.5537745513369778,-0.33731530732453824,0.9747820192246406,0.6556851087289869,-0.0850934977167045,0.2892365536467619
ee03ac9f26e4c89aab6c0a4d,pcb4,evaluation,1,9,ok,0.014307325350579497,0.03240992721606796,0.10844952615739259,0.0014678090810775757,0.031011462211608887,0.0009081661701202393,0.01717197895050049,0.0007605552673339844,0.022919178009033203,-0.34487408962508553,-0.555053929887586,-0.38719443094693445,-0.9425242605579074,-0.6581524569165442,-0.22970649588284378
ee159a6bf892b2b4115c3285,pcb4,calibration,1,9,ok,0.00899260421335724,0.020403780068728523,0.06857911250560286,0.0009654313325881958,0.022034645080566406,0.0005122721195220947,0.0096513032913208,0.0006082206964492798,0.006910800933837891,-0.6671727426616376,-0.8636697263229468,-0.5705451120993733,-1.324498147990331,-0.7271574009658736,-1.4202899193694827
f1389ff79262f2e03ad21c4a,pcb4,evaluation,1,9,ok,0.013839085611833259,0.03137206249599795,0.10246246077991931,0.0014263540506362915,0.009113848209381104,0.0010858327150344849,0.01729634404182434,0.0006835758686065674,0.046533435583114624,-0.3714694165737623,-1.3078763932039166,-0.3049116030569718,-0.9362077778977521,-0.6930228023101503,1.5265454647989438
f1f5176f5cfa8d8f89d36ead,pcb4,calibration,1,9,ok,0.0318583114554652,0.07208690849715053,0.2867248030991868,0.004157513380050659,0.03003266453742981,0.0017375648021697998,0.02167332172393799,0.0036031901836395264,0.01356363296508789,1.3806961117469485,-0.5887042114245983,-0.0030744778851780896,-0.7139017968651556,0.6295123338996896,-0.9255020031152951
f247eb1bd616140365a639cc,pcb4,calibration,1,9,ok,0.020383769823482955,0.04594352308381892,0.1834539284113466,6.186962127685547e-05,0.027612149715423584,-0.0016915500164031982,0.044709980487823486,0.0017943978309631348,0.023743867874145508,-1.24684953640244,-0.6719195759209781,-1.5912027581292245,0.4561263362793796,-0.18983953329896924,-0.16837222831105353
f3140148477e9222de79765e,pcb4,calibration,1,9,ok,0.02039444195428059,0.045991547672408276,0.14733943779214959,0.0021353065967559814,0.01582437753677368,0.001750841736793518,0.012275904417037964,-0.0011920034885406494,0.03686976432800293,0.08335656122537272,-1.0771737596708657,0.0030744778851780896,-1.1911950858211735,-1.5426280353729482,0.8078338332377581
f35f61eb5b3154f0987d7d10,pcb4,calibration,1,9,ok,0.024036306588973554,0.05454392649036307,0.21632675930076198,0.006073370575904846,0.05343016982078552,0.007162123918533325,0.04903900623321533,0.0032608509063720703,0.036549270153045654,2.6098074636945827,0.21568331504658306,2.5092052783632868,0.6759968462838931,0.47443852145820553,0.7839978722133641
f3b3eb6ad758e704e90ac7d3,pcb4,evaluation,1,9,ok,0.030785762310302875,0.06974170775437023,0.2770718607927259,0.00010669231414794922,0.09051671624183655,0.005787104368209839,0.04214578866958618,-0.0006330907344818115,0.020515769720077515,-1.2180936976311891,1.4906891321073206,1.8723915379980938,0.3258914529628783,-1.2894501579003625,-0.4084540388261447
f3d0156953e0d9ac3a5b0539,pcb4,evaluation,1,9,ok,0.030575654735224434,0.06891528462572838,0.2751808926170199,0.004563838243484497,0.09066823124885559,0.0038988590240478516,0.09431383013725281,0.0059368908405303955,0.09332680702209473,1.641372378906013,1.4958980969197364,0.9978871863617366,2.975497751941873,1.6866386468658996,5.006686649793059
f480ac15e00b1bb47f723ccc,pcb4,evaluation,1,9,ok,0.03808750080040981,0.08609741520992081,0.3085459755394762,-0.0012336373329162598,0.06614792346954346,0.0025065243244171143,0.05908152461051941,0.001908719539642334,0.04007589817047119,-2.077977403015652,0.6529095182637078,0.35305426911084914,1.186054713160285,-0.13805376290412874,1.0462821024403164
f59c394abf433bde46256ce9,pcb4,calibration,1,9,ok,0.00639927642953192,0.014560788457023329,0.05759348786578728,0.002196177840232849,0.05065453052520752,0.001991361379623413,0.06960666179656982,0.004167467355728149,0.042471617460250854,0.12240829040773954,0.12025905505359695,0.11446650379911646,1.7206247104461077,0.8851202005983106,1.2244577951005327
f61738adf10a61d69b13da3e,pcb4,calibration,1,9,ok,0.013070692194403535,0.029547128129602356,0.10474963181148748,0.002664700150489807,0.042722105979919434,0.0032266974449157715,0.022562146186828613,0.00029437243938446045,0.014713972806930542,0.4229871077766447,-0.15245135922474232,0.6865885366544116,-0.6687585476783665,-0.8693252706290814,-0.8399483245230888
f69a7ad702682a7c21480f93,pcb4,evaluation,1,9,ok,0.04078888390856118,0.09198309534481655,0.36709995517705063,-0.0008967816829681396,0.043376147747039795,0.003159165382385254,0.0718851387500763,0.001208275556564331,0.01863953471183777,-1.861868862037296,-0.1299659261458131,0.6553123665632172,1.8363481824846535,-0.4553428561236117,-0.5479943737946915
f76304e5cd54a7036e9dcfbd,pcb4,calibration,1,9,ok,0.007075622718832042,0.016024204392649035,0.06368060446948838,0.004980802536010742,0.0594123899936676,0.003127545118331909,0.05489581823348999,0.004161089658737183,0.03850066661834717,1.9088743338585195,0.4213472620954058,0.6406680521471725,0.9734633704485314,0.8822312134073576,0.9291281545227629
f7bd79ecd98be56dfa67f0ca,pcb4,evaluation,1,9,ok,0.018709579304603957,0.03904265650679815,0.0979381443298969,0.001777946949005127,0.018015027046203613,-0.0005624741315841675,0.020633578300476074,0.004404574632644653,0.06066778302192688,-0.1459062464249385,-1.001860980854691,-1.0682930749915611,-0.766710195390796,0.9925257243890695,2.577752572390479
f83768441dd51479225b9ae6,pcb4,calibration,1,9,ok,0.013422872510725492,0.030435583018505474,0.12080585259652943,-0.0009654760360717773,0.08627501130104065,0.0002155005931854248,0.03373679518699646,0.0018923580646514893,0.022253066301345825,-1.905939479303076,1.3448627072801158,-0.7079891111144279,-0.10119995151992846,-0.14546523004353631,-0.2792469054845019
f8f05304ac4fdc3e8f3c9257,pcb4,evaluation,1,9,ok,0.04129047405605003,0.09290356662611257,0.3716142665044503,0.006814032793045044,0.2192285656929016,0.0028860270977020264,0.14292827248573303,0.004251718521118164,0.0432591438293457,3.0849766678584856,5.915699617354415,0.5288136468430952,5.444617332513427,0.923284531387209,1.2830281196374131
f908a78d3165b8833c9ae7d6,pcb4,evaluation,1,9,ok,0.01664852404431069,0.03765127745405648,0.14983671639879617,-0.0028787553310394287,0.038467228412628174,0.0014722943305969238,0.05000007152557373,0.005171835422515869,0.016242891550064087,-3.13339698812989,-0.2987306484199818,-0.12592937196360762,0.724809195391175,1.3400816834128362,-0.7262387771478365
fa0f7c75431d2034f8fb1da2,pcb4,calibration,1,9,ok,0.011099016029540458,0.02497278606646603,0.06462508804507908,0.0027914494276046753,0.01670822501182556,0.0009374767541885376,0.022802025079727173,0.003827497363090515,0.038435906171798706,0.5043026545147627,-1.0467877900717677,-0.37361980019464425,-0.6565751379176213,0.7311196333983254,0.9243117565958512
faea477c8d6ee5a72581d00f,pcb4,evaluation,1,9,ok,0.02402496745000107,0.04527184585174276,0.1441498047000064,-0.0011624842882156372,0.03232234716415405,-0.0004874914884567261,0.02539438009262085,0.0019629448652267456,0.029332876205444336,-2.0323294209236566,-0.5099867532080188,-1.0335663124366428,-0.5249098505479576,-0.11349062181095555,0.2472964332726142
fb722351bb804c91e8312924,pcb4,calibration,1,9,ok,0.005664900429019658,0.0089805980662099,0.022659601716078632,0.004123508930206299,0.05103111267089844,0.00237293541431427,0.037482500076293945,0.0022220462560653687,0.011709749698638916,1.3588806782110463,0.1332056481632912,0.2911851462362777,0.08904378755067203,0.0038778578065479506,-1.063379982609758
fba1a1e45627bcb714f09caf,pcb4,evaluation,1,9,ok,0.011681981174361273,0.026486894623380504,0.10513783056925145,0.004691213369369507,0.04574674367904663,0.0010395348072052002,0.03975403308868408,0.004595667123794556,0.027354180812835693,1.7230894366908043,-0.04846673317988098,-0.3263535846265528,0.20441457795494597,1.0790873405965036,0.100135860810868
fc402da6880e1e06b238b903,pcb4,evaluation,1,9,ok,0.03265672024076327,0.07347762054171736,0.29391048216686944,0.0014816224575042725,0.06661590933799744,0.006860971450805664,0.0563318133354187,0.004629701375961304,0.03415137529373169,-0.3360121672378018,0.6689984982891533,2.3697323309795624,1.0463973269539044,1.094504272241683,0.6056603769536705
fe2c02c1f27a44e28d550220,pcb4,evaluation,1,9,ok,0.03829160530191458,0.08625216110648652,0.3446244477172312,0.0005097687244415283,0.061514586210250854,0.0010472238063812256,0.03677481412887573,-0.0002442896366119385,0.041653335094451904,-0.9595014640000942,0.49361908741762894,-0.32279257320398963,0.0531005339566037,-1.113329938773384,1.163600069431313
