category,image_id,caliper,positive_count,matched_count,coverage,median_nearest_distance,reuse_fraction,response_pair_accuracy,MLP_pair_accuracy
candle,02bd8d596731ab3417010866,0.01,32,19,0.59375,0.001934051513671875,0.0,0.5789473652839661,0.9473684430122375
candle,02bd8d596731ab3417010866,0.05,32,20,0.625,0.001934051513671875,0.0,0.6000000238418579,0.949999988079071
candle,02bd8d596731ab3417010866,0.1,32,20,0.625,0.001934051513671875,0.0,0.6000000238418579,0.949999988079071
candle,0337f49d30789e965adb6aa3,0.01,32,32,1.0,0.0009126663208007812,0.0625,0.5,0.84375
candle,0337f49d30789e965adb6aa3,0.05,32,32,1.0,0.0009126663208007812,0.0625,0.5,0.84375
candle,0337f49d30789e965adb6aa3,0.1,32,32,1.0,0.0009126663208007812,0.0625,0.5,0.84375
candle,04c7bc4c4d076ed304e64942,0.01,32,11,0.34375,1.7031989097595215,0.0,0.4545454680919647,0.9090909361839294
candle,04c7bc4c4d076ed304e64942,0.05,32,11,0.34375,1.7031989097595215,0.0,0.4545454680919647,0.9090909361839294
candle,04c7bc4c4d076ed304e64942,0.1,32,11,0.34375,1.7031989097595215,0.0,0.4545454680919647,0.9090909361839294
candle,127520589c1faaae9b19ec3c,0.01,32,18,0.5625,0.002329707145690918,0.0,0.6111111044883728,1.0
candle,127520589c1faaae9b19ec3c,0.05,32,19,0.59375,0.002329707145690918,0.0,0.6315789222717285,1.0
candle,127520589c1faaae9b19ec3c,0.1,32,20,0.625,0.002329707145690918,0.050000000000000044,0.6499999761581421,1.0
candle,1465cbb36ac902b4140e4c1d,0.01,32,8,0.25,0.09154117107391357,0.0,0.5,1.0
candle,1465cbb36ac902b4140e4c1d,0.05,32,14,0.4375,0.09154117107391357,0.2142857142857143,0.4285714328289032,1.0
candle,1465cbb36ac902b4140e4c1d,0.1,32,16,0.5,0.09154117107391357,0.3125,0.5,1.0
candle,15d1b4999c94ed929aba6f73,0.01,32,8,0.25,0.40607213973999023,0.0,0.375,0.875
candle,15d1b4999c94ed929aba6f73,0.05,32,11,0.34375,0.40607213973999023,0.09090909090909094,0.4545454680919647,0.9090909361839294
candle,15d1b4999c94ed929aba6f73,0.1,32,12,0.375,0.40607213973999023,0.16666666666666663,0.5,0.9166666865348816
candle,16371c78eea616c440a3b728,0.01,32,23,0.71875,0.0004967376589775085,0.0,0.6521739363670349,0.95652174949646
candle,16371c78eea616c440a3b728,0.05,32,23,0.71875,0.0004967376589775085,0.0,0.6521739363670349,0.95652174949646
candle,16371c78eea616c440a3b728,0.1,32,23,0.71875,0.0004967376589775085,0.0,0.6521739363670349,0.95652174949646
candle,164a61895f124d74a7c4405b,0.01,32,13,0.40625,0.35986900329589844,0.0,0.692307710647583,0.0
candle,164a61895f124d74a7c4405b,0.05,32,14,0.4375,0.35986900329589844,0.0,0.6428571343421936,0.0
candle,164a61895f124d74a7c4405b,0.1,32,14,0.4375,0.35986900329589844,0.0,0.6428571343421936,0.0
candle,1957eccd65cb87cda25c940f,0.01,32,20,0.625,0.001978635787963867,0.0,0.6000000238418579,1.0
candle,1957eccd65cb87cda25c940f,0.05,32,24,0.75,0.001978635787963867,0.08333333333333337,0.5833333134651184,1.0
candle,1957eccd65cb87cda25c940f,0.1,32,25,0.78125,0.001978635787963867,0.12,0.6000000238418579,1.0
candle,1ba5359ad13a8a9089d50cb2,0.01,32,26,0.8125,0.0014379024505615234,0.0,0.6538461446762085,0.9230769276618958
candle,1ba5359ad13a8a9089d50cb2,0.05,32,26,0.8125,0.0014379024505615234,0.0,0.6538461446762085,0.9230769276618958
candle,1ba5359ad13a8a9089d50cb2,0.1,32,26,0.8125,0.0014379024505615234,0.0,0.6538461446762085,0.9230769276618958
candle,23e908cb5ae2243950b9b570,0.01,32,12,0.375,0.5671399831771851,0.0,0.4166666567325592,1.0
candle,23e908cb5ae2243950b9b570,0.05,32,14,0.4375,0.5671399831771851,0.0,0.5,1.0
candle,23e908cb5ae2243950b9b570,0.1,32,14,0.4375,0.5671399831771851,0.0,0.5,1.0
candle,25f27de6af83355048803af0,0.01,32,9,0.28125,0.6967971324920654,0.0,0.7777777910232544,0.8888888955116272
candle,25f27de6af83355048803af0,0.05,32,10,0.3125,0.6967971324920654,0.0,0.800000011920929,0.8999999761581421
candle,25f27de6af83355048803af0,0.1,32,12,0.375,0.6967971324920654,0.16666666666666663,0.8333333134651184,0.9166666865348816
candle,2848f0f0cce91ec34d541f46,0.01,32,20,0.625,0.0006637126207351685,0.0,0.42500001192092896,0.949999988079071
candle,2848f0f0cce91ec34d541f46,0.05,32,22,0.6875,0.0006637126207351685,0.045454545454545414,0.47727271914482117,0.9545454382896423
candle,2848f0f0cce91ec34d541f46,0.1,32,22,0.6875,0.0006637126207351685,0.045454545454545414,0.47727271914482117,0.9545454382896423
candle,28858dc685de10032ea5c704,0.01,32,32,1.0,0.0003474131226539612,0.0,0.6875,0.96875
candle,28858dc685de10032ea5c704,0.05,32,32,1.0,0.0003474131226539612,0.0,0.6875,0.96875
candle,28858dc685de10032ea5c704,0.1,32,32,1.0,0.0003474131226539612,0.0,0.6875,0.96875
candle,2ae17c08f2618611a574a091,0.01,32,7,0.21875,1.051126480102539,0.0,0.4285714328289032,0.7142857313156128
candle,2ae17c08f2618611a574a091,0.05,32,8,0.25,1.051126480102539,0.0,0.5,0.75
candle,2ae17c08f2618611a574a091,0.1,32,8,0.25,1.051126480102539,0.0,0.5,0.75
candle,2b6509024bae3e6bccca7363,0.01,21,21,1.0,0.0005462169647216797,0.0,0.6190476417541504,1.0
candle,2b6509024bae3e6bccca7363,0.05,21,21,1.0,0.0005462169647216797,0.0,0.6190476417541504,1.0
candle,2b6509024bae3e6bccca7363,0.1,21,21,1.0,0.0005462169647216797,0.0,0.6190476417541504,1.0
candle,2b7947bcdf5eb1937e18cad7,0.01,9,0,0.0,0.39543843269348145,,,
candle,2b7947bcdf5eb1937e18cad7,0.05,9,0,0.0,0.39543843269348145,,,
candle,2b7947bcdf5eb1937e18cad7,0.1,9,0,0.0,0.39543843269348145,,,
candle,2c0793530b61ae702a523af3,0.01,32,32,1.0,6.413459777832031e-05,0.0,0.546875,0.75
candle,2c0793530b61ae702a523af3,0.05,32,32,1.0,6.413459777832031e-05,0.0,0.546875,0.75
candle,2c0793530b61ae702a523af3,0.1,32,32,1.0,6.413459777832031e-05,0.0,0.546875,0.75
candle,2cfa0214b5f2d2f4cb9d4013,0.01,22,0,0.0,0.4702228307723999,,,
candle,2cfa0214b5f2d2f4cb9d4013,0.05,22,0,0.0,0.4702228307723999,,,
candle,2cfa0214b5f2d2f4cb9d4013,0.1,22,1,0.045454545454545456,0.4702228307723999,0.0,1.0,1.0
candle,2fbf2833d60163d0ef245a37,0.01,32,8,0.25,0.965836763381958,0.125,0.5,1.0
candle,2fbf2833d60163d0ef245a37,0.05,32,9,0.28125,0.965836763381958,0.11111111111111116,0.5555555820465088,1.0
candle,2fbf2833d60163d0ef245a37,0.1,32,10,0.3125,0.965836763381958,0.09999999999999998,0.6000000238418579,1.0
candle,311730124e71844f46e71f0e,0.01,32,6,0.1875,2.029386520385742,0.0,0.0,1.0
candle,311730124e71844f46e71f0e,0.05,32,6,0.1875,2.029386520385742,0.0,0.0,1.0
candle,311730124e71844f46e71f0e,0.1,32,6,0.1875,2.029386520385742,0.0,0.0,1.0
candle,35668050020a627f0adc5472,0.01,32,21,0.65625,0.0002219751477241516,0.0,0.5714285969734192,0.4761904776096344
candle,35668050020a627f0adc5472,0.05,32,23,0.71875,0.0002219751477241516,0.04347826086956519,0.6086956262588501,0.52173912525177
candle,35668050020a627f0adc5472,0.1,32,23,0.71875,0.0002219751477241516,0.04347826086956519,0.6086956262588501,0.52173912525177
candle,3aaddddf417ac998f01f564f,0.01,32,5,0.15625,1.4909608364105225,0.0,0.20000000298023224,0.800000011920929
candle,3aaddddf417ac998f01f564f,0.05,32,6,0.1875,1.4909608364105225,0.0,0.3333333432674408,0.6666666865348816
candle,3aaddddf417ac998f01f564f,0.1,32,6,0.1875,1.4909608364105225,0.0,0.3333333432674408,0.6666666865348816
candle,3b04f439dbfad1e077c3e306,0.01,32,25,0.78125,0.00017686933279037476,0.0,0.5199999809265137,0.9599999785423279
candle,3b04f439dbfad1e077c3e306,0.05,32,25,0.78125,0.00017686933279037476,0.0,0.5199999809265137,0.9599999785423279
candle,3b04f439dbfad1e077c3e306,0.1,32,25,0.78125,0.00017686933279037476,0.0,0.5199999809265137,0.9599999785423279
candle,3b705eaea187dc69831b6022,0.01,32,28,0.875,0.00040328502655029297,0.0,0.5714285969734192,0.8928571343421936
candle,3b705eaea187dc69831b6022,0.05,32,28,0.875,0.00040328502655029297,0.0,0.5714285969734192,0.8928571343421936
candle,3b705eaea187dc69831b6022,0.1,32,28,0.875,0.00040328502655029297,0.0,0.5714285969734192,0.8928571343421936
candle,3d38231c78d6540e798da39e,0.01,32,1,0.03125,0.5772087574005127,0.0,0.0,1.0
candle,3d38231c78d6540e798da39e,0.05,32,2,0.0625,0.5772087574005127,0.0,0.0,1.0
candle,3d38231c78d6540e798da39e,0.1,32,2,0.0625,0.5772087574005127,0.0,0.0,1.0
candle,433fea52c6a7370fa6aeb8f5,0.01,32,0,0.0,2.9172942638397217,,,
candle,433fea52c6a7370fa6aeb8f5,0.05,32,0,0.0,2.9172942638397217,,,
candle,433fea52c6a7370fa6aeb8f5,0.1,32,0,0.0,2.9172942638397217,,,
candle,44432f9b6735f9e80a62743b,0.01,32,27,0.84375,0.00013561546802520752,0.0,0.5555555820465088,0.9629629850387573
candle,44432f9b6735f9e80a62743b,0.05,32,27,0.84375,0.00013561546802520752,0.0,0.5555555820465088,0.9629629850387573
candle,44432f9b6735f9e80a62743b,0.1,32,29,0.90625,0.00013561546802520752,0.06896551724137934,0.5862069129943848,0.9655172228813171
candle,4c34d07b1a724a2306c8048e,0.01,32,11,0.34375,0.442307710647583,0.09090909090909094,0.27272728085517883,1.0
candle,4c34d07b1a724a2306c8048e,0.05,32,13,0.40625,0.442307710647583,0.07692307692307687,0.23076923191547394,1.0
candle,4c34d07b1a724a2306c8048e,0.1,32,13,0.40625,0.442307710647583,0.07692307692307687,0.23076923191547394,1.0
candle,4cd51110d2020c2bfdf72e34,0.01,32,18,0.5625,0.0031229257583618164,0.0,0.5,0.2222222238779068
candle,4cd51110d2020c2bfdf72e34,0.05,32,20,0.625,0.0031229257583618164,0.0,0.550000011920929,0.20000000298023224
candle,4cd51110d2020c2bfdf72e34,0.1,32,22,0.6875,0.0031229257583618164,0.09090909090909094,0.5909090638160706,0.1818181872367859
candle,5522c3c673d05e27a999e37a,0.01,32,32,1.0,0.00026993080973625183,0.0,0.453125,0.6875
candle,5522c3c673d05e27a999e37a,0.05,32,32,1.0,0.00026993080973625183,0.0,0.453125,0.6875
candle,5522c3c673d05e27a999e37a,0.1,32,32,1.0,0.00026993080973625183,0.0,0.453125,0.6875
candle,564b87f329cefaaca090bb92,0.01,32,25,0.78125,0.0012683868408203125,0.040000000000000036,0.36000001430511475,0.6399999856948853
candle,564b87f329cefaaca090bb92,0.05,32,27,0.84375,0.0012683868408203125,0.07407407407407407,0.37037035822868347,0.6666666865348816
candle,564b87f329cefaaca090bb92,0.1,32,29,0.90625,0.0012683868408203125,0.13793103448275867,0.4137931168079376,0.6896551847457886
candle,5a58f0b785aa7f090ae7826b,0.01,32,5,0.15625,0.7704300880432129,0.0,0.20000000298023224,1.0
candle,5a58f0b785aa7f090ae7826b,0.05,32,8,0.25,0.7704300880432129,0.0,0.375,1.0
candle,5a58f0b785aa7f090ae7826b,0.1,32,9,0.28125,0.7704300880432129,0.0,0.4444444477558136,1.0
candle,5b7a35f2be4da81e6f199877,0.01,32,1,0.03125,1.5285687446594238,0.0,1.0,1.0
candle,5b7a35f2be4da81e6f199877,0.05,32,1,0.03125,1.5285687446594238,0.0,1.0,1.0
candle,5b7a35f2be4da81e6f199877,0.1,32,1,0.03125,1.5285687446594238,0.0,1.0,1.0
candle,611be7471202b6452d9c2538,0.01,32,26,0.8125,0.0006903707981109619,0.0,0.6153846383094788,0.9230769276618958
candle,611be7471202b6452d9c2538,0.05,32,26,0.8125,0.0006903707981109619,0.0,0.6153846383094788,0.9230769276618958
candle,611be7471202b6452d9c2538,0.1,32,26,0.8125,0.0006903707981109619,0.0,0.6153846383094788,0.9230769276618958
candle,630dde95782ed7537300aa3e,0.01,32,20,0.625,0.0012968182563781738,0.050000000000000044,0.3499999940395355,0.75
candle,630dde95782ed7537300aa3e,0.05,32,20,0.625,0.0012968182563781738,0.050000000000000044,0.3499999940395355,0.75
candle,630dde95782ed7537300aa3e,0.1,32,20,0.625,0.0012968182563781738,0.050000000000000044,0.3499999940395355,0.75
candle,668fafb002ba2bedb08a302a,0.01,22,17,0.7727272727272727,0.0026910901069641113,0.05882352941176472,0.529411792755127,1.0
candle,668fafb002ba2bedb08a302a,0.05,22,17,0.7727272727272727,0.0026910901069641113,0.05882352941176472,0.529411792755127,1.0
candle,668fafb002ba2bedb08a302a,0.1,22,20,0.9090909090909091,0.0026910901069641113,0.19999999999999996,0.6000000238418579,1.0
candle,66dc8ad1e500ba364d4213d5,0.01,6,4,0.6666666666666666,3.933906555175781e-06,0.0,0.75,0.5
candle,66dc8ad1e500ba364d4213d5,0.05,6,4,0.6666666666666666,3.933906555175781e-06,0.0,0.75,0.5
candle,66dc8ad1e500ba364d4213d5,0.1,6,4,0.6666666666666666,3.933906555175781e-06,0.0,0.75,0.5
candle,6e61d7dd6e997a7fdc6cd3a6,0.01,32,16,0.5,0.04731146991252899,0.0,0.375,0.9375
candle,6e61d7dd6e997a7fdc6cd3a6,0.05,32,16,0.5,0.04731146991252899,0.0,0.375,0.9375
candle,6e61d7dd6e997a7fdc6cd3a6,0.1,32,17,0.53125,0.04731146991252899,0.05882352941176472,0.4117647111415863,0.9411764740943909
candle,76192909eb93b254c213e39b,0.01,32,17,0.53125,0.003985494375228882,0.0,0.7058823704719543,0.7058823704719543
candle,76192909eb93b254c213e39b,0.05,32,19,0.59375,0.003985494375228882,0.0,0.6842105388641357,0.6842105388641357
candle,76192909eb93b254c213e39b,0.1,32,19,0.59375,0.003985494375228882,0.0,0.6842105388641357,0.6842105388641357
candle,7a3fed57e7f8a98a82e5da5c,0.01,32,18,0.5625,0.001591026782989502,0.0,0.5555555820465088,1.0
candle,7a3fed57e7f8a98a82e5da5c,0.05,32,21,0.65625,0.001591026782989502,0.04761904761904767,0.523809552192688,1.0
candle,7a3fed57e7f8a98a82e5da5c,0.1,32,22,0.6875,0.001591026782989502,0.09090909090909094,0.5454545617103577,1.0
candle,7c25547c8e25f6647a888898,0.01,32,27,0.84375,0.0008736252784729004,0.0,0.5925925970077515,0.9629629850387573
candle,7c25547c8e25f6647a888898,0.05,32,28,0.875,0.0008736252784729004,0.0,0.6071428656578064,0.9642857313156128
candle,7c25547c8e25f6647a888898,0.1,32,29,0.90625,0.0008736252784729004,0.03448275862068961,0.6206896305084229,0.9655172228813171
candle,7e1ce1f0bf66cadff14a2b82,0.01,32,15,0.46875,0.19985342025756836,0.0,0.2666666805744171,1.0
candle,7e1ce1f0bf66cadff14a2b82,0.05,32,15,0.46875,0.19985342025756836,0.0,0.2666666805744171,1.0
candle,7e1ce1f0bf66cadff14a2b82,0.1,32,15,0.46875,0.19985342025756836,0.0,0.2666666805744171,1.0
candle,7f9133a19d90ab1a00004736,0.01,32,12,0.375,0.04002785682678223,0.0,0.5,1.0
candle,7f9133a19d90ab1a00004736,0.05,32,16,0.5,0.04002785682678223,0.0,0.4375,1.0
candle,7f9133a19d90ab1a00004736,0.1,32,19,0.59375,0.04002785682678223,0.10526315789473684,0.5263158082962036,1.0
candle,8019ea1a39698cf472a4aba4,0.01,32,27,0.84375,0.00041919946670532227,0.0,0.5555555820465088,0.8888888955116272
candle,8019ea1a39698cf472a4aba4,0.05,32,28,0.875,0.00041919946670532227,0.0,0.5714285969734192,0.8928571343421936
candle,8019ea1a39698cf472a4aba4,0.1,32,31,0.96875,0.00041919946670532227,0.09677419354838712,0.6129032373428345,0.9032257795333862
candle,80a9e056efbc5959cfb71d76,0.01,32,3,0.09375,1.1068788766860962,0.0,0.3333333432674408,1.0
candle,80a9e056efbc5959cfb71d76,0.05,32,3,0.09375,1.1068788766860962,0.0,0.3333333432674408,1.0
candle,80a9e056efbc5959cfb71d76,0.1,32,3,0.09375,1.1068788766860962,0.0,0.3333333432674408,1.0
candle,80cc2bdb921107826f71c3ff,0.01,32,10,0.3125,0.13644492626190186,0.09999999999999998,0.5,0.800000011920929
candle,80cc2bdb921107826f71c3ff,0.05,32,11,0.34375,0.13644492626190186,0.09090909090909094,0.5454545617103577,0.7272727489471436
candle,80cc2bdb921107826f71c3ff,0.1,32,15,0.46875,0.13644492626190186,0.2666666666666667,0.6666666865348816,0.6000000238418579
candle,88468c2928079c2e11f2b47a,0.01,19,0,0.0,0.8348450660705566,,,
candle,88468c2928079c2e11f2b47a,0.05,19,0,0.0,0.8348450660705566,,,
candle,88468c2928079c2e11f2b47a,0.1,19,0,0.0,0.8348450660705566,,,
candle,89359a70ff88d4af7d1d0038,0.01,32,2,0.0625,2.06254506111145,0.0,0.0,1.0
candle,89359a70ff88d4af7d1d0038,0.05,32,2,0.0625,2.06254506111145,0.0,0.0,1.0
candle,89359a70ff88d4af7d1d0038,0.1,32,2,0.0625,2.06254506111145,0.0,0.0,1.0
candle,8f0e247dce28bee97bc07c8b,0.01,24,0,0.0,0.23413681983947754,,,
candle,8f0e247dce28bee97bc07c8b,0.05,24,0,0.0,0.23413681983947754,,,
candle,8f0e247dce28bee97bc07c8b,0.1,24,1,0.041666666666666664,0.23413681983947754,0.0,1.0,1.0
candle,8f3a88920755ec17b08f4033,0.01,32,2,0.0625,1.8132853507995605,0.0,0.0,1.0
candle,8f3a88920755ec17b08f4033,0.05,32,5,0.15625,1.8132853507995605,0.0,0.0,0.800000011920929
candle,8f3a88920755ec17b08f4033,0.1,32,5,0.15625,1.8132853507995605,0.0,0.0,0.800000011920929
candle,8f927bcc86db94e9be1ad4dd,0.01,32,0,0.0,1.3487458229064941,,,
candle,8f927bcc86db94e9be1ad4dd,0.05,32,0,0.0,1.3487458229064941,,,
candle,8f927bcc86db94e9be1ad4dd,0.1,32,0,0.0,1.3487458229064941,,,
candle,937deb748bcb8d4db75d6577,0.01,32,4,0.125,1.0244145393371582,0.0,0.75,1.0
candle,937deb748bcb8d4db75d6577,0.05,32,4,0.125,1.0244145393371582,0.0,0.75,1.0
candle,937deb748bcb8d4db75d6577,0.1,32,4,0.125,1.0244145393371582,0.0,0.75,1.0
candle,9513012dbaab06c2529c56e0,0.01,32,32,1.0,0.0011287927627563477,0.0,0.53125,0.875
candle,9513012dbaab06c2529c56e0,0.05,32,32,1.0,0.0011287927627563477,0.0,0.53125,0.875
candle,9513012dbaab06c2529c56e0,0.1,32,32,1.0,0.0011287927627563477,0.0,0.53125,0.875
candle,9566227abae86ed57cfee51a,0.01,32,19,0.59375,0.006470918655395508,0.052631578947368474,0.4736842215061188,1.0
candle,9566227abae86ed57cfee51a,0.05,32,28,0.875,0.006470918655395508,0.0714285714285714,0.5,1.0
candle,9566227abae86ed57cfee51a,0.1,32,29,0.90625,0.006470918655395508,0.06896551724137934,0.517241358757019,1.0
candle,9ad360eac4e01158c2e380a4,0.01,11,1,0.09090909090909091,0.15420150756835938,0.0,1.0,1.0
candle,9ad360eac4e01158c2e380a4,0.05,11,2,0.18181818181818182,0.15420150756835938,0.0,1.0,1.0
candle,9ad360eac4e01158c2e380a4,0.1,11,4,0.36363636363636365,0.15420150756835938,0.25,1.0,1.0
candle,9c2e67c110da9dcd1c003b6b,0.01,32,20,0.625,0.0006224215030670166,0.0,0.6000000238418579,0.699999988079071
candle,9c2e67c110da9dcd1c003b6b,0.05,32,20,0.625,0.0006224215030670166,0.0,0.6000000238418579,0.699999988079071
candle,9c2e67c110da9dcd1c003b6b,0.1,32,21,0.65625,0.0006224215030670166,0.0,0.6190476417541504,0.7142857313156128
candle,a2ab71b18b170589f60cb9a1,0.01,32,26,0.8125,0.00040137767791748047,0.0,0.48076921701431274,1.0
candle,a2ab71b18b170589f60cb9a1,0.05,32,26,0.8125,0.00040137767791748047,0.0,0.48076921701431274,1.0
candle,a2ab71b18b170589f60cb9a1,0.1,32,26,0.8125,0.00040137767791748047,0.0,0.48076921701431274,1.0
candle,a30e98e9f5a93b1da26f8e0e,0.01,32,22,0.6875,0.0003483891487121582,0.0,0.5,0.9545454382896423
candle,a30e98e9f5a93b1da26f8e0e,0.05,32,24,0.75,0.0003483891487121582,0.04166666666666663,0.5416666865348816,0.9583333134651184
candle,a30e98e9f5a93b1da26f8e0e,0.1,32,25,0.78125,0.0003483891487121582,0.07999999999999996,0.5600000023841858,0.9599999785423279
candle,a34a253dc1080c944e5fff96,0.01,28,28,1.0,0.001888871192932129,0.0,0.5714285969734192,1.0
candle,a34a253dc1080c944e5fff96,0.05,28,28,1.0,0.001888871192932129,0.0,0.5714285969734192,1.0
candle,a34a253dc1080c944e5fff96,0.1,28,28,1.0,0.001888871192932129,0.0,0.5714285969734192,1.0
candle,a735a47cf34fc010bfb48855,0.01,32,13,0.40625,0.07750213146209717,0.0,0.6153846383094788,1.0
candle,a735a47cf34fc010bfb48855,0.05,32,16,0.5,0.07750213146209717,0.0625,0.5,1.0
candle,a735a47cf34fc010bfb48855,0.1,32,16,0.5,0.07750213146209717,0.0625,0.5,1.0
candle,a9112c607ddd101d6418aa7f,0.01,32,1,0.03125,1.89837646484375,0.0,0.0,1.0
candle,a9112c607ddd101d6418aa7f,0.05,32,2,0.0625,1.89837646484375,0.0,0.0,0.5
candle,a9112c607ddd101d6418aa7f,0.1,32,3,0.09375,1.89837646484375,0.0,0.3333333432674408,0.3333333432674408
candle,ab2efb527cf824d54854ead1,0.01,32,7,0.21875,0.800376296043396,0.0,0.4285714328289032,0.8571428656578064
candle,ab2efb527cf824d54854ead1,0.05,32,7,0.21875,0.800376296043396,0.0,0.4285714328289032,0.8571428656578064
candle,ab2efb527cf824d54854ead1,0.1,32,9,0.28125,0.800376296043396,0.11111111111111116,0.5555555820465088,0.8888888955116272
candle,ab47a8d0b593686af515ade9,0.01,32,19,0.59375,0.0018104594200849533,0.052631578947368474,0.42105263471603394,0.7368420958518982
candle,ab47a8d0b593686af515ade9,0.05,32,19,0.59375,0.0018104594200849533,0.052631578947368474,0.42105263471603394,0.7368420958518982
candle,ab47a8d0b593686af515ade9,0.1,32,21,0.65625,0.0018104594200849533,0.09523809523809523,0.4761904776096344,0.761904776096344
candle,ab9afeb16fd9a8853dee5274,0.01,10,10,1.0,0.0018044263124465942,0.19999999999999996,0.800000011920929,1.0
candle,ab9afeb16fd9a8853dee5274,0.05,10,10,1.0,0.0018044263124465942,0.19999999999999996,0.800000011920929,1.0
candle,ab9afeb16fd9a8853dee5274,0.1,10,10,1.0,0.0018044263124465942,0.19999999999999996,0.800000011920929,1.0
candle,add583dcc62a5788ebcdb480,0.01,32,32,1.0,9.560585021972656e-05,0.0,0.59375,0.875
candle,add583dcc62a5788ebcdb480,0.05,32,32,1.0,9.560585021972656e-05,0.0,0.59375,0.875
candle,add583dcc62a5788ebcdb480,0.1,32,32,1.0,9.560585021972656e-05,0.0,0.59375,0.875
candle,b0080cf2c66a63e3093dff88,0.01,11,5,0.45454545454545453,0.03724956512451172,0.19999999999999996,0.800000011920929,0.0
candle,b0080cf2c66a63e3093dff88,0.05,11,6,0.5454545454545454,0.03724956512451172,0.16666666666666663,0.8333333134651184,0.1666666716337204
candle,b0080cf2c66a63e3093dff88,0.1,11,7,0.6363636363636364,0.03724956512451172,0.2857142857142857,0.8571428656578064,0.2857142984867096
candle,b01dcc3fd008f4514189617a,0.01,32,18,0.5625,0.005365610122680664,0.11111111111111116,0.5,1.0
candle,b01dcc3fd008f4514189617a,0.05,32,22,0.6875,0.005365610122680664,0.13636363636363635,0.5454545617103577,1.0
candle,b01dcc3fd008f4514189617a,0.1,32,23,0.71875,0.005365610122680664,0.17391304347826086,0.5652173757553101,1.0
candle,b43b95de4d0c97a22829d9ef,0.01,32,18,0.5625,0.005142092704772949,0.0,0.5,0.8888888955116272
candle,b43b95de4d0c97a22829d9ef,0.05,32,20,0.625,0.005142092704772949,0.0,0.550000011920929,0.8999999761581421
candle,b43b95de4d0c97a22829d9ef,0.1,32,20,0.625,0.005142092704772949,0.0,0.550000011920929,0.8999999761581421
candle,b55d0e80a1d91603885be041,0.01,5,5,1.0,0.0004566311836242676,0.19999999999999996,0.20000000298023224,1.0
candle,b55d0e80a1d91603885be041,0.05,5,5,1.0,0.0004566311836242676,0.19999999999999996,0.20000000298023224,1.0
candle,b55d0e80a1d91603885be041,0.1,5,5,1.0,0.0004566311836242676,0.19999999999999996,0.20000000298023224,1.0
candle,b9346d87212caa450aa83345,0.01,32,25,0.78125,0.00013083964586257935,0.0,0.3199999928474426,0.6800000071525574
candle,b9346d87212caa450aa83345,0.05,32,26,0.8125,0.00013083964586257935,0.0,0.3461538553237915,0.692307710647583
candle,b9346d87212caa450aa83345,0.1,32,27,0.84375,0.00013083964586257935,0.03703703703703709,0.37037035822868347,0.7037037014961243
candle,b963dc480a8a941790b51b9c,0.01,32,19,0.59375,0.0020407438278198242,0.0,0.6315789222717285,0.7368420958518982
candle,b963dc480a8a941790b51b9c,0.05,32,19,0.59375,0.0020407438278198242,0.0,0.6315789222717285,0.7368420958518982
candle,b963dc480a8a941790b51b9c,0.1,32,19,0.59375,0.0020407438278198242,0.0,0.6315789222717285,0.7368420958518982
candle,bc57e888b248de105c8df944,0.01,32,17,0.53125,0.0077359676361083984,0.0,0.5882353186607361,0.9411764740943909
candle,bc57e888b248de105c8df944,0.05,32,19,0.59375,0.0077359676361083984,0.0,0.5789473652839661,0.9473684430122375
candle,bc57e888b248de105c8df944,0.1,32,20,0.625,0.0077359676361083984,0.050000000000000044,0.6000000238418579,0.949999988079071
candle,bd259225d453ef914c123ac0,0.01,32,23,0.71875,0.0034856200218200684,0.0,0.5652173757553101,0.8695651888847351
candle,bd259225d453ef914c123ac0,0.05,32,26,0.8125,0.0034856200218200684,0.0,0.5384615659713745,0.8846153616905212
candle,bd259225d453ef914c123ac0,0.1,32,27,0.84375,0.0034856200218200684,0.0,0.5555555820465088,0.8888888955116272
candle,be7a0a3a57e6b9b1acf92d0b,0.01,32,32,1.0,0.0002762824296951294,0.03125,0.375,0.625
candle,be7a0a3a57e6b9b1acf92d0b,0.05,32,32,1.0,0.0002762824296951294,0.03125,0.375,0.625
candle,be7a0a3a57e6b9b1acf92d0b,0.1,32,32,1.0,0.0002762824296951294,0.03125,0.375,0.625
candle,bfeb102980f53b94cff860a9,0.01,32,19,0.59375,0.0018130019307136536,0.0,0.5263158082962036,0.9473684430122375
candle,bfeb102980f53b94cff860a9,0.05,32,19,0.59375,0.0018130019307136536,0.0,0.5263158082962036,0.9473684430122375
candle,bfeb102980f53b94cff860a9,0.1,32,19,0.59375,0.0018130019307136536,0.0,0.5263158082962036,0.9473684430122375
candle,c53dd2043d1837cc96845432,0.01,32,10,0.3125,1.2472108602523804,0.0,0.4000000059604645,0.5
candle,c53dd2043d1837cc96845432,0.05,32,10,0.3125,1.2472108602523804,0.0,0.4000000059604645,0.5
candle,c53dd2043d1837cc96845432,0.1,32,10,0.3125,1.2472108602523804,0.0,0.4000000059604645,0.5
candle,c8182918e7c3a2c4de94070d,0.01,32,1,0.03125,1.8270750045776367,0.0,0.0,0.0
candle,c8182918e7c3a2c4de94070d,0.05,32,1,0.03125,1.8270750045776367,0.0,0.0,0.0
candle,c8182918e7c3a2c4de94070d,0.1,32,2,0.0625,1.8270750045776367,0.0,0.0,0.5
candle,cc2c3ce37c483eecd8d4939e,0.01,32,27,0.84375,4.07099723815918e-05,0.0,0.5740740895271301,0.8148148059844971
candle,cc2c3ce37c483eecd8d4939e,0.05,32,27,0.84375,4.07099723815918e-05,0.0,0.5740740895271301,0.8148148059844971
candle,cc2c3ce37c483eecd8d4939e,0.1,32,27,0.84375,4.07099723815918e-05,0.0,0.5740740895271301,0.8148148059844971
candle,cdb66e6b154c64f38bdd3655,0.01,32,18,0.5625,0.007388114929199219,0.05555555555555558,0.6111111044883728,0.9444444179534912
candle,cdb66e6b154c64f38bdd3655,0.05,32,20,0.625,0.007388114929199219,0.050000000000000044,0.6000000238418579,0.949999988079071
candle,cdb66e6b154c64f38bdd3655,0.1,32,20,0.625,0.007388114929199219,0.050000000000000044,0.6000000238418579,0.949999988079071
candle,d124a32220cef1434c09435c,0.01,32,32,1.0,0.0014194250106811523,0.09375,0.4375,1.0
candle,d124a32220cef1434c09435c,0.05,32,32,1.0,0.0014194250106811523,0.09375,0.4375,1.0
candle,d124a32220cef1434c09435c,0.1,32,32,1.0,0.0014194250106811523,0.09375,0.4375,1.0
candle,d4fed7dfb047418fbb3c000e,0.01,16,16,1.0,0.0004684031009674072,0.125,0.4375,1.0
candle,d4fed7dfb047418fbb3c000e,0.05,16,16,1.0,0.0004684031009674072,0.125,0.4375,1.0
candle,d4fed7dfb047418fbb3c000e,0.1,16,16,1.0,0.0004684031009674072,0.125,0.4375,1.0
candle,d6724990c6bb9cbf1def5522,0.01,32,5,0.15625,0.8298535346984863,0.0,0.800000011920929,1.0
candle,d6724990c6bb9cbf1def5522,0.05,32,6,0.1875,0.8298535346984863,0.0,0.8333333134651184,1.0
candle,d6724990c6bb9cbf1def5522,0.1,32,6,0.1875,0.8298535346984863,0.0,0.8333333134651184,1.0
candle,d73bdd44d7fda01fe8275bc9,0.01,19,19,1.0,0.0020782947540283203,0.10526315789473684,0.31578946113586426,1.0
candle,d73bdd44d7fda01fe8275bc9,0.05,19,19,1.0,0.0020782947540283203,0.10526315789473684,0.31578946113586426,1.0
candle,d73bdd44d7fda01fe8275bc9,0.1,19,19,1.0,0.0020782947540283203,0.10526315789473684,0.31578946113586426,1.0
candle,d998b10fcedcef4853cb56f1,0.01,6,0,0.0,0.35820281505584717,,,
candle,d998b10fcedcef4853cb56f1,0.05,6,0,0.0,0.35820281505584717,,,
candle,d998b10fcedcef4853cb56f1,0.1,6,0,0.0,0.35820281505584717,,,
candle,d9bcc5633b86b6332d42dc42,0.01,32,0,0.0,2.0149552822113037,,,
candle,d9bcc5633b86b6332d42dc42,0.05,32,0,0.0,2.0149552822113037,,,
candle,d9bcc5633b86b6332d42dc42,0.1,32,0,0.0,2.0149552822113037,,,
candle,da7ccb5a11536704b9bf106b,0.01,32,5,0.15625,1.0626838207244873,0.0,0.6000000238418579,1.0
candle,da7ccb5a11536704b9bf106b,0.05,32,6,0.1875,1.0626838207244873,0.0,0.5,1.0
candle,da7ccb5a11536704b9bf106b,0.1,32,6,0.1875,1.0626838207244873,0.0,0.5,1.0
candle,dac420adaa0745b029dc1223,0.01,32,15,0.46875,0.09514439105987549,0.0,0.5333333611488342,0.8666666746139526
candle,dac420adaa0745b029dc1223,0.05,32,16,0.5,0.09514439105987549,0.0,0.5,0.875
candle,dac420adaa0745b029dc1223,0.1,32,16,0.5,0.09514439105987549,0.0,0.5,0.875
candle,e24a04266cc632803bbc3009,0.01,32,9,0.28125,0.9257667064666748,0.0,0.5555555820465088,0.5555555820465088
candle,e24a04266cc632803bbc3009,0.05,32,10,0.3125,0.9257667064666748,0.09999999999999998,0.6000000238418579,0.6000000238418579
candle,e24a04266cc632803bbc3009,0.1,32,10,0.3125,0.9257667064666748,0.09999999999999998,0.6000000238418579,0.6000000238418579
candle,e73dca61276a3f2c907d2512,0.01,32,1,0.03125,2.3055458068847656,0.0,0.0,1.0
candle,e73dca61276a3f2c907d2512,0.05,32,1,0.03125,2.3055458068847656,0.0,0.0,1.0
candle,e73dca61276a3f2c907d2512,0.1,32,1,0.03125,2.3055458068847656,0.0,0.0,1.0
candle,ed4350a04f216387973bdd6b,0.01,32,6,0.1875,1.526045560836792,0.0,0.3333333432674408,1.0
candle,ed4350a04f216387973bdd6b,0.05,32,6,0.1875,1.526045560836792,0.0,0.3333333432674408,1.0
candle,ed4350a04f216387973bdd6b,0.1,32,6,0.1875,1.526045560836792,0.0,0.3333333432674408,1.0
candle,ee2d487eb8d7c1feaa80ee8c,0.01,32,0,0.0,1.4295549392700195,,,
candle,ee2d487eb8d7c1feaa80ee8c,0.05,32,0,0.0,1.4295549392700195,,,
candle,ee2d487eb8d7c1feaa80ee8c,0.1,32,0,0.0,1.4295549392700195,,,
candle,efee3baaddc2a0906e188def,0.01,23,23,1.0,0.00038108229637145996,0.04347826086956519,0.5652173757553101,0.8695651888847351
candle,efee3baaddc2a0906e188def,0.05,23,23,1.0,0.00038108229637145996,0.04347826086956519,0.5652173757553101,0.8695651888847351
candle,efee3baaddc2a0906e188def,0.1,23,23,1.0,0.00038108229637145996,0.04347826086956519,0.5652173757553101,0.8695651888847351
candle,f0844f0c727e05164d32a48e,0.01,32,28,0.875,0.00035028066486120224,0.0,0.375,0.4642857015132904
candle,f0844f0c727e05164d32a48e,0.05,32,29,0.90625,0.00035028066486120224,0.0,0.36206895112991333,0.4482758641242981
candle,f0844f0c727e05164d32a48e,0.1,32,29,0.90625,0.00035028066486120224,0.0,0.36206895112991333,0.4482758641242981
candle,f40690fcf046f10a039f7d32,0.01,32,31,0.96875,0.00048460811376571655,0.0,0.5806451439857483,0.25806450843811035
candle,f40690fcf046f10a039f7d32,0.05,32,32,1.0,0.00048460811376571655,0.0,0.59375,0.25
candle,f40690fcf046f10a039f7d32,0.1,32,32,1.0,0.00048460811376571655,0.0,0.59375,0.25
candle,f681e8e404a3867d86d046c0,0.01,32,7,0.21875,0.13261306285858154,0.0,0.8571428656578064,1.0
candle,f681e8e404a3867d86d046c0,0.05,32,14,0.4375,0.13261306285858154,0.1428571428571429,0.7142857313156128,1.0
candle,f681e8e404a3867d86d046c0,0.1,32,15,0.46875,0.13261306285858154,0.1333333333333333,0.6666666865348816,1.0
candle,f74a61f2fb120b5eec42f95d,0.01,32,27,0.84375,0.0002206861972808838,0.0,0.5555555820465088,0.7777777910232544
candle,f74a61f2fb120b5eec42f95d,0.05,32,27,0.84375,0.0002206861972808838,0.0,0.5555555820465088,0.7777777910232544
candle,f74a61f2fb120b5eec42f95d,0.1,32,27,0.84375,0.0002206861972808838,0.0,0.5555555820465088,0.7777777910232544
candle,fa040b119c0dda16630297c2,0.01,32,20,0.625,0.003190279006958008,0.0,0.3499999940395355,0.6499999761581421
candle,fa040b119c0dda16630297c2,0.05,32,23,0.71875,0.003190279006958008,0.04347826086956519,0.3478260934352875,0.695652186870575
candle,fa040b119c0dda16630297c2,0.1,32,25,0.78125,0.003190279006958008,0.040000000000000036,0.4000000059604645,0.6800000071525574
candle,fbcbceba9fd9123d01f3030e,0.01,32,30,0.9375,0.0002067089080810547,0.0,0.6333333253860474,0.7666666507720947
candle,fbcbceba9fd9123d01f3030e,0.05,32,32,1.0,0.0002067089080810547,0.0625,0.65625,0.78125
candle,fbcbceba9fd9123d01f3030e,0.1,32,32,1.0,0.0002067089080810547,0.0625,0.65625,0.78125
candle,fbf5ba916f7105bc36044471,0.01,32,29,0.90625,0.001112222671508789,0.0,0.5517241358757019,0.8275862336158752
candle,fbf5ba916f7105bc36044471,0.05,32,29,0.90625,0.001112222671508789,0.0,0.5517241358757019,0.8275862336158752
candle,fbf5ba916f7105bc36044471,0.1,32,29,0.90625,0.001112222671508789,0.0,0.5517241358757019,0.8275862336158752
capsules,0230568537d49a20054718fc,0.01,32,17,0.53125,0.006555497646331787,0.05882352941176472,0.4117647111415863,1.0
capsules,0230568537d49a20054718fc,0.05,32,17,0.53125,0.006555497646331787,0.05882352941176472,0.4117647111415863,1.0
capsules,0230568537d49a20054718fc,0.1,32,17,0.53125,0.006555497646331787,0.05882352941176472,0.4117647111415863,1.0
capsules,05b91854e3218bb7fff74ab9,0.01,32,13,0.40625,0.9624021053314209,0.15384615384615385,0.692307710647583,1.0
capsules,05b91854e3218bb7fff74ab9,0.05,32,14,0.4375,0.9624021053314209,0.2142857142857143,0.6428571343421936,1.0
capsules,05b91854e3218bb7fff74ab9,0.1,32,14,0.4375,0.9624021053314209,0.2142857142857143,0.6428571343421936,1.0
capsules,074325c08472083d737fcba6,0.01,32,16,0.5,0.01131284236907959,0.125,0.6875,0.5625
capsules,074325c08472083d737fcba6,0.05,32,18,0.5625,0.01131284236907959,0.11111111111111116,0.6666666865348816,0.5
capsules,074325c08472083d737fcba6,0.1,32,18,0.5625,0.01131284236907959,0.11111111111111116,0.6666666865348816,0.5
capsules,09dc9cfb0f5f0c6e5358d145,0.01,32,17,0.53125,0.006262540817260742,0.17647058823529416,0.47058823704719543,1.0
capsules,09dc9cfb0f5f0c6e5358d145,0.05,32,21,0.65625,0.006262540817260742,0.19047619047619047,0.4761904776096344,1.0
capsules,09dc9cfb0f5f0c6e5358d145,0.1,32,21,0.65625,0.006262540817260742,0.19047619047619047,0.4761904776096344,1.0
capsules,0b38ea5bd86c4923a78bc374,0.01,32,3,0.09375,5.576319217681885,0.0,0.6666666865348816,0.3333333432674408
capsules,0b38ea5bd86c4923a78bc374,0.05,32,3,0.09375,5.576319217681885,0.0,0.6666666865348816,0.3333333432674408
capsules,0b38ea5bd86c4923a78bc374,0.1,32,3,0.09375,5.576319217681885,0.0,0.6666666865348816,0.3333333432674408
capsules,0d3deca4b0e32e2057cae97f,0.01,32,0,0.0,1.0953571796417236,,,
capsules,0d3deca4b0e32e2057cae97f,0.05,32,0,0.0,1.0953571796417236,,,
capsules,0d3deca4b0e32e2057cae97f,0.1,32,1,0.03125,1.0953571796417236,0.0,1.0,1.0
capsules,0e3e18366515ae2514a8e77d,0.01,32,2,0.0625,3.7237236499786377,0.0,0.0,1.0
capsules,0e3e18366515ae2514a8e77d,0.05,32,2,0.0625,3.7237236499786377,0.0,0.0,1.0
capsules,0e3e18366515ae2514a8e77d,0.1,32,2,0.0625,3.7237236499786377,0.0,0.0,1.0
capsules,1105707fa54824973b85fcd2,0.01,32,24,0.75,0.004522353410720825,0.0,0.4583333432674408,0.4583333432674408
capsules,1105707fa54824973b85fcd2,0.05,32,24,0.75,0.004522353410720825,0.0,0.4583333432674408,0.4583333432674408
capsules,1105707fa54824973b85fcd2,0.1,32,24,0.75,0.004522353410720825,0.0,0.4583333432674408,0.4583333432674408
capsules,1231df93803c72ad88984451,0.01,32,7,0.21875,4.773021697998047,0.0,0.2857142984867096,1.0
capsules,1231df93803c72ad88984451,0.05,32,7,0.21875,4.773021697998047,0.0,0.2857142984867096,1.0
capsules,1231df93803c72ad88984451,0.1,32,7,0.21875,4.773021697998047,0.0,0.2857142984867096,1.0
capsules,126ea6ab4ad2ded6c054b50d,0.01,32,0,0.0,1.0927764177322388,,,
capsules,126ea6ab4ad2ded6c054b50d,0.05,32,1,0.03125,1.0927764177322388,0.0,1.0,1.0
capsules,126ea6ab4ad2ded6c054b50d,0.1,32,1,0.03125,1.0927764177322388,0.0,1.0,1.0
capsules,19ac65f02264b423eb5c985f,0.01,32,21,0.65625,0.0005825087428092957,0.0,0.380952388048172,1.0
capsules,19ac65f02264b423eb5c985f,0.05,32,22,0.6875,0.0005825087428092957,0.0,0.40909090638160706,1.0
capsules,19ac65f02264b423eb5c985f,0.1,32,22,0.6875,0.0005825087428092957,0.0,0.40909090638160706,1.0
capsules,1aea693e1f4615c67d9117cd,0.01,32,9,0.28125,0.02223372459411621,0.0,0.6666666865348816,0.2222222238779068
capsules,1aea693e1f4615c67d9117cd,0.05,32,20,0.625,0.02223372459411621,0.09999999999999998,0.550000011920929,0.20000000298023224
capsules,1aea693e1f4615c67d9117cd,0.1,32,22,0.6875,0.02223372459411621,0.09090909090909094,0.5454545617103577,0.1818181872367859
capsules,1e834e3ec0a0f99cc61db643,0.01,32,3,0.09375,7.063432693481445,0.0,0.3333333432674408,1.0
capsules,1e834e3ec0a0f99cc61db643,0.05,32,3,0.09375,7.063432693481445,0.0,0.3333333432674408,1.0
capsules,1e834e3ec0a0f99cc61db643,0.1,32,5,0.15625,7.063432693481445,0.19999999999999996,0.6000000238418579,1.0
capsules,25af3dad41b1dd1d352cfeb9,0.01,32,32,1.0,0.000621497631072998,0.03125,0.5625,1.0
capsules,25af3dad41b1dd1d352cfeb9,0.05,32,32,1.0,0.000621497631072998,0.03125,0.5625,1.0
capsules,25af3dad41b1dd1d352cfeb9,0.1,32,32,1.0,0.000621497631072998,0.03125,0.5625,1.0
capsules,2a7e6ad0e13612f0c7fcb2d0,0.01,32,27,0.84375,0.0012388229370117188,0.07407407407407407,0.7037037014961243,0.14814814925193787
capsules,2a7e6ad0e13612f0c7fcb2d0,0.05,32,27,0.84375,0.0012388229370117188,0.07407407407407407,0.7037037014961243,0.14814814925193787
capsules,2a7e6ad0e13612f0c7fcb2d0,0.1,32,27,0.84375,0.0012388229370117188,0.07407407407407407,0.7037037014961243,0.14814814925193787
capsules,2dcba40fe36bbfa17f56a50c,0.01,32,9,0.28125,1.1558061838150024,0.0,0.3333333432674408,1.0
capsules,2dcba40fe36bbfa17f56a50c,0.05,32,10,0.3125,1.1558061838150024,0.0,0.4000000059604645,1.0
capsules,2dcba40fe36bbfa17f56a50c,0.1,32,11,0.34375,1.1558061838150024,0.0,0.4545454680919647,1.0
capsules,30f48754fa679c36708dda03,0.01,32,0,0.0,0.3675914704799652,,,
capsules,30f48754fa679c36708dda03,0.05,32,0,0.0,0.3675914704799652,,,
capsules,30f48754fa679c36708dda03,0.1,32,0,0.0,0.3675914704799652,,,
capsules,346c5897461de3a44f7daf03,0.01,30,30,1.0,0.0005140714347362518,0.06666666666666665,0.4333333373069763,1.0
capsules,346c5897461de3a44f7daf03,0.05,30,30,1.0,0.0005140714347362518,0.06666666666666665,0.4333333373069763,1.0
capsules,346c5897461de3a44f7daf03,0.1,30,30,1.0,0.0005140714347362518,0.06666666666666665,0.4333333373069763,1.0
capsules,35ed1b29dc27265ecc7a2bb5,0.01,32,0,0.0,3.361224412918091,,,
capsules,35ed1b29dc27265ecc7a2bb5,0.05,32,0,0.0,3.361224412918091,,,
capsules,35ed1b29dc27265ecc7a2bb5,0.1,32,0,0.0,3.361224412918091,,,
capsules,367825824fbf202a48c58ab2,0.01,32,4,0.125,2.5217761993408203,0.0,0.25,0.25
capsules,367825824fbf202a48c58ab2,0.05,32,8,0.25,2.5217761993408203,0.125,0.375,0.25
capsules,367825824fbf202a48c58ab2,0.1,32,9,0.28125,2.5217761993408203,0.2222222222222222,0.4444444477558136,0.2222222238779068
capsules,37d915e603b9ccdd2eab691d,0.01,32,18,0.5625,0.0024513155221939087,0.0,0.4444444477558136,0.9444444179534912
capsules,37d915e603b9ccdd2eab691d,0.05,32,19,0.59375,0.0024513155221939087,0.0,0.4736842215061188,0.9473684430122375
capsules,37d915e603b9ccdd2eab691d,0.1,32,20,0.625,0.0024513155221939087,0.050000000000000044,0.5,0.949999988079071
capsules,38e48d375151c434affdea91,0.01,32,3,0.09375,0.5382034778594971,0.0,0.6666666865348816,1.0
capsules,38e48d375151c434affdea91,0.05,32,9,0.28125,0.5382034778594971,0.4444444444444444,0.6666666865348816,0.7777777910232544
capsules,38e48d375151c434affdea91,0.1,32,9,0.28125,0.5382034778594971,0.4444444444444444,0.6666666865348816,0.7777777910232544
capsules,39e7cd68f53b712ca8b8f1df,0.01,32,17,0.53125,0.003697514533996582,0.0,0.47058823704719543,0.47058823704719543
capsules,39e7cd68f53b712ca8b8f1df,0.05,32,17,0.53125,0.003697514533996582,0.0,0.47058823704719543,0.47058823704719543
capsules,39e7cd68f53b712ca8b8f1df,0.1,32,17,0.53125,0.003697514533996582,0.0,0.47058823704719543,0.47058823704719543
capsules,3b66f59f9c5ac43c885e27ed,0.01,32,0,0.0,1.3704915046691895,,,
capsules,3b66f59f9c5ac43c885e27ed,0.05,32,0,0.0,1.3704915046691895,,,
capsules,3b66f59f9c5ac43c885e27ed,0.1,32,0,0.0,1.3704915046691895,,,
capsules,3c74e62c8d3924662e67cd75,0.01,32,1,0.03125,5.486397743225098,0.0,0.0,1.0
capsules,3c74e62c8d3924662e67cd75,0.05,32,1,0.03125,5.486397743225098,0.0,0.0,1.0
capsules,3c74e62c8d3924662e67cd75,0.1,32,1,0.03125,5.486397743225098,0.0,0.0,1.0
capsules,3d1ac6166461c3ade74fcc1a,0.01,32,1,0.03125,1.8330620527267456,0.0,0.0,1.0
capsules,3d1ac6166461c3ade74fcc1a,0.05,32,2,0.0625,1.8330620527267456,0.0,0.5,1.0
capsules,3d1ac6166461c3ade74fcc1a,0.1,32,3,0.09375,1.8330620527267456,0.33333333333333337,0.6666666865348816,1.0
capsules,3fe04fe0823a2d706add53c0,0.01,32,2,0.0625,2.836458206176758,0.0,0.5,1.0
capsules,3fe04fe0823a2d706add53c0,0.05,32,3,0.09375,2.836458206176758,0.0,0.3333333432674408,1.0
capsules,3fe04fe0823a2d706add53c0,0.1,32,3,0.09375,2.836458206176758,0.0,0.3333333432674408,1.0
capsules,42aeac834a78b48dab8e0b27,0.01,32,0,0.0,3.067108392715454,,,
capsules,42aeac834a78b48dab8e0b27,0.05,32,0,0.0,3.067108392715454,,,
capsules,42aeac834a78b48dab8e0b27,0.1,32,0,0.0,3.067108392715454,,,
capsules,42e847a39519793337b1bcc3,0.01,32,32,1.0,9.799003601074219e-05,0.0,0.5,0.40625
capsules,42e847a39519793337b1bcc3,0.05,32,32,1.0,9.799003601074219e-05,0.0,0.5,0.40625
capsules,42e847a39519793337b1bcc3,0.1,32,32,1.0,9.799003601074219e-05,0.0,0.5,0.40625
capsules,43c3e7b030bf71e4a1e156d7,0.01,32,8,0.25,0.42510759830474854,0.0,0.625,0.5
capsules,43c3e7b030bf71e4a1e156d7,0.05,32,9,0.28125,0.42510759830474854,0.0,0.6666666865348816,0.5555555820465088
capsules,43c3e7b030bf71e4a1e156d7,0.1,32,10,0.3125,0.42510759830474854,0.09999999999999998,0.699999988079071,0.5
capsules,45dd9375e0018b2b01b0ca8e,0.01,32,32,1.0,0.00044244714081287384,0.0625,0.34375,1.0
capsules,45dd9375e0018b2b01b0ca8e,0.05,32,32,1.0,0.00044244714081287384,0.0625,0.34375,1.0
capsules,45dd9375e0018b2b01b0ca8e,0.1,32,32,1.0,0.00044244714081287384,0.0625,0.34375,1.0
capsules,49d11e476e0c779cef4550b9,0.01,32,9,0.28125,1.7839725017547607,0.0,0.4444444477558136,0.7777777910232544
capsules,49d11e476e0c779cef4550b9,0.05,32,9,0.28125,1.7839725017547607,0.0,0.4444444477558136,0.7777777910232544
capsules,49d11e476e0c779cef4550b9,0.1,32,9,0.28125,1.7839725017547607,0.0,0.4444444477558136,0.7777777910232544
capsules,50f664187194dfa448be093d,0.01,32,11,0.34375,0.13681387901306152,0.09090909090909094,0.6363636255264282,0.4545454680919647
capsules,50f664187194dfa448be093d,0.05,32,14,0.4375,0.13681387901306152,0.0714285714285714,0.5714285969734192,0.4285714328289032
capsules,50f664187194dfa448be093d,0.1,32,15,0.46875,0.13681387901306152,0.06666666666666665,0.6000000238418579,0.4000000059604645
capsules,50f75b7d2a73acc1a847da2e,0.01,32,6,0.1875,1.5613925457000732,0.0,0.1666666716337204,1.0
capsules,50f75b7d2a73acc1a847da2e,0.05,32,6,0.1875,1.5613925457000732,0.0,0.1666666716337204,1.0
capsules,50f75b7d2a73acc1a847da2e,0.1,32,6,0.1875,1.5613925457000732,0.0,0.1666666716337204,1.0
capsules,55ad57b3e25e9cd7d640dbfe,0.01,30,30,1.0,5.6743621826171875e-05,0.0,0.5,0.10000000149011612
capsules,55ad57b3e25e9cd7d640dbfe,0.05,30,30,1.0,5.6743621826171875e-05,0.0,0.5,0.10000000149011612
capsules,55ad57b3e25e9cd7d640dbfe,0.1,30,30,1.0,5.6743621826171875e-05,0.0,0.5,0.10000000149011612
capsules,5b527561d5fe5bb2dcac2cd6,0.01,32,2,0.0625,2.4673867225646973,0.0,0.0,1.0
capsules,5b527561d5fe5bb2dcac2cd6,0.05,32,3,0.09375,2.4673867225646973,0.0,0.3333333432674408,1.0
capsules,5b527561d5fe5bb2dcac2cd6,0.1,32,4,0.125,2.4673867225646973,0.0,0.5,1.0
capsules,5eaa195ea317cabd8658d9e5,0.01,32,13,0.40625,0.34946608543395996,0.0,0.6153846383094788,0.8461538553237915
capsules,5eaa195ea317cabd8658d9e5,0.05,32,15,0.46875,0.34946608543395996,0.0,0.6000000238418579,0.8666666746139526
capsules,5eaa195ea317cabd8658d9e5,0.1,32,15,0.46875,0.34946608543395996,0.0,0.6000000238418579,0.8666666746139526
capsules,62b5760cd361553de8da2449,0.01,32,32,1.0,0.0012240856885910034,0.09375,0.59375,0.40625
capsules,62b5760cd361553de8da2449,0.05,32,32,1.0,0.0012240856885910034,0.09375,0.59375,0.40625
capsules,62b5760cd361553de8da2449,0.1,32,32,1.0,0.0012240856885910034,0.09375,0.59375,0.40625
capsules,63040d0286b32baf387aef98,0.01,32,5,0.15625,1.85774827003479,0.0,0.800000011920929,0.20000000298023224
capsules,63040d0286b32baf387aef98,0.05,32,6,0.1875,1.85774827003479,0.0,0.8333333134651184,0.1666666716337204
capsules,63040d0286b32baf387aef98,0.1,32,6,0.1875,1.85774827003479,0.0,0.8333333134651184,0.1666666716337204
capsules,63d72d4c3d76aa492c2db741,0.01,32,1,0.03125,5.646909713745117,0.0,0.0,1.0
capsules,63d72d4c3d76aa492c2db741,0.05,32,1,0.03125,5.646909713745117,0.0,0.0,1.0
capsules,63d72d4c3d76aa492c2db741,0.1,32,1,0.03125,5.646909713745117,0.0,0.0,1.0
capsules,64587f67aef7ad1557251435,0.01,32,2,0.0625,2.6846868991851807,0.0,0.0,0.5
capsules,64587f67aef7ad1557251435,0.05,32,3,0.09375,2.6846868991851807,0.0,0.3333333432674408,0.3333333432674408
capsules,64587f67aef7ad1557251435,0.1,32,4,0.125,2.6846868991851807,0.25,0.5,0.25
capsules,690c94ddc3eb0acc0d7ac268,0.01,32,22,0.6875,0.0011472702026367188,0.0,0.3636363744735718,0.5
capsules,690c94ddc3eb0acc0d7ac268,0.05,32,22,0.6875,0.0011472702026367188,0.0,0.3636363744735718,0.5
capsules,690c94ddc3eb0acc0d7ac268,0.1,32,23,0.71875,0.0011472702026367188,0.0,0.3913043439388275,0.47826087474823
capsules,6d5929d061d0833f7db7f212,0.01,32,32,1.0,0.0012376904487609863,0.03125,0.5625,1.0
capsules,6d5929d061d0833f7db7f212,0.05,32,32,1.0,0.0012376904487609863,0.03125,0.5625,1.0
capsules,6d5929d061d0833f7db7f212,0.1,32,32,1.0,0.0012376904487609863,0.03125,0.5625,1.0
capsules,6f06d90ad80841cb588a5caf,0.01,32,22,0.6875,0.0015632808208465576,0.0,0.25,0.9090909361839294
capsules,6f06d90ad80841cb588a5caf,0.05,32,22,0.6875,0.0015632808208465576,0.0,0.25,0.9090909361839294
capsules,6f06d90ad80841cb588a5caf,0.1,32,22,0.6875,0.0015632808208465576,0.0,0.25,0.9090909361839294
capsules,6f89fb3b1474729f2e89063a,0.01,32,22,0.6875,0.0005888938903808594,0.0,0.6818181872367859,0.5909090638160706
capsules,6f89fb3b1474729f2e89063a,0.05,32,22,0.6875,0.0005888938903808594,0.0,0.6818181872367859,0.5909090638160706
capsules,6f89fb3b1474729f2e89063a,0.1,32,22,0.6875,0.0005888938903808594,0.0,0.6818181872367859,0.5909090638160706
capsules,718484fc3c551eb152d8c2b4,0.01,32,0,0.0,2.3718535900115967,,,
capsules,718484fc3c551eb152d8c2b4,0.05,32,0,0.0,2.3718535900115967,,,
capsules,718484fc3c551eb152d8c2b4,0.1,32,0,0.0,2.3718535900115967,,,
capsules,71af10410082da9596ced49b,0.01,32,32,1.0,0.0008501410484313965,0.03125,0.5625,0.25
capsules,71af10410082da9596ced49b,0.05,32,32,1.0,0.0008501410484313965,0.03125,0.5625,0.25
capsules,71af10410082da9596ced49b,0.1,32,32,1.0,0.0008501410484313965,0.03125,0.5625,0.25
capsules,721f15c7da361dff53afdf8c,0.01,32,0,0.0,1.1773444414138794,,,
capsules,721f15c7da361dff53afdf8c,0.05,32,0,0.0,1.1773444414138794,,,
capsules,721f15c7da361dff53afdf8c,0.1,32,0,0.0,1.1773444414138794,,,
capsules,740a5ee8c5f4192bf3babfd2,0.01,32,22,0.6875,0.001573801040649414,0.045454545454545414,0.5,1.0
capsules,740a5ee8c5f4192bf3babfd2,0.05,32,23,0.71875,0.001573801040649414,0.04347826086956519,0.52173912525177,1.0
capsules,740a5ee8c5f4192bf3babfd2,0.1,32,25,0.78125,0.001573801040649414,0.12,0.5600000023841858,1.0
capsules,747508bd75973f9def4f00a9,0.01,32,2,0.0625,4.331639766693115,0.0,1.0,1.0
capsules,747508bd75973f9def4f00a9,0.05,32,2,0.0625,4.331639766693115,0.0,1.0,1.0
capsules,747508bd75973f9def4f00a9,0.1,32,3,0.09375,4.331639766693115,0.0,1.0,1.0
capsules,7668cac7cf3127b106685eca,0.01,32,7,0.21875,4.249517440795898,0.0,0.5714285969734192,0.4285714328289032
capsules,7668cac7cf3127b106685eca,0.05,32,7,0.21875,4.249517440795898,0.0,0.5714285969734192,0.4285714328289032
capsules,7668cac7cf3127b106685eca,0.1,32,7,0.21875,4.249517440795898,0.0,0.5714285969734192,0.4285714328289032
capsules,77defa5063eedec887997eb2,0.01,32,10,0.3125,2.0176584720611572,0.09999999999999998,0.6000000238418579,0.5
capsules,77defa5063eedec887997eb2,0.05,32,10,0.3125,2.0176584720611572,0.09999999999999998,0.6000000238418579,0.5
capsules,77defa5063eedec887997eb2,0.1,32,10,0.3125,2.0176584720611572,0.09999999999999998,0.6000000238418579,0.5
capsules,7c1b1c4c5673ab73918750cb,0.01,32,1,0.03125,1.9649732112884521,0.0,0.0,1.0
capsules,7c1b1c4c5673ab73918750cb,0.05,32,1,0.03125,1.9649732112884521,0.0,0.0,1.0
capsules,7c1b1c4c5673ab73918750cb,0.1,32,1,0.03125,1.9649732112884521,0.0,0.0,1.0
capsules,7d83ef8609fe05e220983875,0.01,32,0,0.0,2.4395363330841064,,,
capsules,7d83ef8609fe05e220983875,0.05,32,0,0.0,2.4395363330841064,,,
capsules,7d83ef8609fe05e220983875,0.1,32,0,0.0,2.4395363330841064,,,
capsules,7de613b617ed3cbafbc6b3c9,0.01,26,26,1.0,0.00010001659393310547,0.0,0.4423076808452606,0.0
capsules,7de613b617ed3cbafbc6b3c9,0.05,26,26,1.0,0.00010001659393310547,0.0,0.4423076808452606,0.0
capsules,7de613b617ed3cbafbc6b3c9,0.1,26,26,1.0,0.00010001659393310547,0.0,0.4423076808452606,0.0
capsules,804fa77a446eb0413bbb56f8,0.01,32,0,0.0,2.0817532539367676,,,
capsules,804fa77a446eb0413bbb56f8,0.05,32,0,0.0,2.0817532539367676,,,
capsules,804fa77a446eb0413bbb56f8,0.1,32,0,0.0,2.0817532539367676,,,
capsules,80c79373680ca72bd693d783,0.01,20,2,0.1,0.15843653678894043,0.0,0.0,1.0
capsules,80c79373680ca72bd693d783,0.05,20,7,0.35,0.15843653678894043,0.0,0.2857142984867096,1.0
capsules,80c79373680ca72bd693d783,0.1,20,8,0.4,0.15843653678894043,0.0,0.375,1.0
capsules,81bcf0781bf56862fae25e1a,0.01,32,32,1.0,3.3736228942871094e-05,0.0,0.5,0.25
capsules,81bcf0781bf56862fae25e1a,0.05,32,32,1.0,3.3736228942871094e-05,0.0,0.5,0.25
capsules,81bcf0781bf56862fae25e1a,0.1,32,32,1.0,3.3736228942871094e-05,0.0,0.5,0.25
capsules,8413c67bf75249480fff74f6,0.01,32,4,0.125,4.8706536293029785,0.0,0.5,0.0
capsules,8413c67bf75249480fff74f6,0.05,32,4,0.125,4.8706536293029785,0.0,0.5,0.0
capsules,8413c67bf75249480fff74f6,0.1,32,4,0.125,4.8706536293029785,0.0,0.5,0.0
capsules,8464956cf1c5d0f0c6546da1,0.01,32,32,1.0,0.000241205096244812,0.03125,0.65625,0.75
capsules,8464956cf1c5d0f0c6546da1,0.05,32,32,1.0,0.000241205096244812,0.03125,0.65625,0.75
capsules,8464956cf1c5d0f0c6546da1,0.1,32,32,1.0,0.000241205096244812,0.03125,0.65625,0.75
capsules,85945f69dd67b5684f68a99b,0.01,32,2,0.0625,1.2995189428329468,0.0,0.0,1.0
capsules,85945f69dd67b5684f68a99b,0.05,32,2,0.0625,1.2995189428329468,0.0,0.0,1.0
capsules,85945f69dd67b5684f68a99b,0.1,32,3,0.09375,1.2995189428329468,0.0,0.3333333432674408,1.0
capsules,8704aeb2018ef5778370ecfb,0.01,32,5,0.15625,0.5693334341049194,0.0,0.800000011920929,0.0
capsules,8704aeb2018ef5778370ecfb,0.05,32,5,0.15625,0.5693334341049194,0.0,0.800000011920929,0.0
capsules,8704aeb2018ef5778370ecfb,0.1,32,5,0.15625,0.5693334341049194,0.0,0.800000011920929,0.0
capsules,8a082ff8154b35e3ddade297,0.01,32,31,0.96875,0.0019435286521911621,0.0,0.5161290168762207,0.7419354915618896
capsules,8a082ff8154b35e3ddade297,0.05,32,32,1.0,0.0019435286521911621,0.0,0.5,0.75
capsules,8a082ff8154b35e3ddade297,0.1,32,32,1.0,0.0019435286521911621,0.0,0.5,0.75
capsules,8eb64ff5814eafd0aa3f1144,0.01,32,5,0.15625,2.247504949569702,0.0,0.20000000298023224,1.0
capsules,8eb64ff5814eafd0aa3f1144,0.05,32,5,0.15625,2.247504949569702,0.0,0.20000000298023224,1.0
capsules,8eb64ff5814eafd0aa3f1144,0.1,32,5,0.15625,2.247504949569702,0.0,0.20000000298023224,1.0
capsules,906bc6e642b1cf0750840cd7,0.01,32,0,0.0,1.983319878578186,,,
capsules,906bc6e642b1cf0750840cd7,0.05,32,0,0.0,1.983319878578186,,,
capsules,906bc6e642b1cf0750840cd7,0.1,32,0,0.0,1.983319878578186,,,
capsules,928c5a36a36da37b5f9d1f90,0.01,32,0,0.0,3.916867733001709,,,
capsules,928c5a36a36da37b5f9d1f90,0.05,32,0,0.0,3.916867733001709,,,
capsules,928c5a36a36da37b5f9d1f90,0.1,32,0,0.0,3.916867733001709,,,
capsules,98aea145bbef2f2f060d0a8b,0.01,32,32,1.0,9.065866470336914e-05,0.03125,0.46875,1.0
capsules,98aea145bbef2f2f060d0a8b,0.05,32,32,1.0,9.065866470336914e-05,0.03125,0.46875,1.0
capsules,98aea145bbef2f2f060d0a8b,0.1,32,32,1.0,9.065866470336914e-05,0.03125,0.46875,1.0
capsules,9b6a68e10e1ef898048e3c49,0.01,32,17,0.53125,0.0007353425025939941,0.0,0.6470588445663452,1.0
capsules,9b6a68e10e1ef898048e3c49,0.05,32,17,0.53125,0.0007353425025939941,0.0,0.6470588445663452,1.0
capsules,9b6a68e10e1ef898048e3c49,0.1,32,17,0.53125,0.0007353425025939941,0.0,0.6470588445663452,1.0
capsules,9c14550990169152bef6e22a,0.01,32,11,0.34375,2.184112787246704,0.0,0.5454545617103577,0.27272728085517883
capsules,9c14550990169152bef6e22a,0.05,32,11,0.34375,2.184112787246704,0.0,0.5454545617103577,0.27272728085517883
capsules,9c14550990169152bef6e22a,0.1,32,11,0.34375,2.184112787246704,0.0,0.5454545617103577,0.27272728085517883
capsules,9d8aa15592ea05df0ee5d4d6,0.01,32,32,1.0,0.0016970038414001465,0.03125,0.65625,1.0
capsules,9d8aa15592ea05df0ee5d4d6,0.05,32,32,1.0,0.0016970038414001465,0.03125,0.65625,1.0
capsules,9d8aa15592ea05df0ee5d4d6,0.1,32,32,1.0,0.0016970038414001465,0.03125,0.65625,1.0
capsules,9ffaa14ec0fab9931f2cb5c3,0.01,26,0,0.0,1.2550716400146484,,,
capsules,9ffaa14ec0fab9931f2cb5c3,0.05,26,0,0.0,1.2550716400146484,,,
capsules,9ffaa14ec0fab9931f2cb5c3,0.1,26,0,0.0,1.2550716400146484,,,
capsules,a1ee847507401a76c6f0e428,0.01,32,30,0.9375,0.0009912680834531784,0.0,0.5333333611488342,1.0
capsules,a1ee847507401a76c6f0e428,0.05,32,32,1.0,0.0009912680834531784,0.0,0.5625,1.0
capsules,a1ee847507401a76c6f0e428,0.1,32,32,1.0,0.0009912680834531784,0.0,0.5625,1.0
capsules,a258cc393006a1a04bbbe20f,0.01,32,0,0.0,3.9148828983306885,,,
capsules,a258cc393006a1a04bbbe20f,0.05,32,0,0.0,3.9148828983306885,,,
capsules,a258cc393006a1a04bbbe20f,0.1,32,0,0.0,3.9148828983306885,,,
capsules,a2f26a5fbd8b77618e5176d2,0.01,32,0,0.0,1.6503725051879883,,,
capsules,a2f26a5fbd8b77618e5176d2,0.05,32,0,0.0,1.6503725051879883,,,
capsules,a2f26a5fbd8b77618e5176d2,0.1,32,1,0.03125,1.6503725051879883,0.0,1.0,0.0
capsules,a41ee7bc6d532342670c3c50,0.01,32,5,0.15625,1.581518292427063,0.0,0.30000001192092896,1.0
capsules,a41ee7bc6d532342670c3c50,0.05,32,7,0.21875,1.581518292427063,0.0,0.3571428656578064,1.0
capsules,a41ee7bc6d532342670c3c50,0.1,32,7,0.21875,1.581518292427063,0.0,0.3571428656578064,1.0
capsules,b55514a565c6afe55eec2519,0.01,32,0,0.0,2.2151119709014893,,,
capsules,b55514a565c6afe55eec2519,0.05,32,0,0.0,2.2151119709014893,,,
capsules,b55514a565c6afe55eec2519,0.1,32,0,0.0,2.2151119709014893,,,
capsules,bf3f8db49f5ecd2ddea8928d,0.01,32,19,0.59375,0.0049689412117004395,0.0,0.6842105388641357,1.0
capsules,bf3f8db49f5ecd2ddea8928d,0.05,32,20,0.625,0.0049689412117004395,0.0,0.6499999761581421,1.0
capsules,bf3f8db49f5ecd2ddea8928d,0.1,32,20,0.625,0.0049689412117004395,0.0,0.6499999761581421,1.0
capsules,c2901b191e7526e7a08e1eea,0.01,27,27,1.0,0.00021278858184814453,0.03703703703703709,0.5185185074806213,0.5925925970077515
capsules,c2901b191e7526e7a08e1eea,0.05,27,27,1.0,0.00021278858184814453,0.03703703703703709,0.5185185074806213,0.5925925970077515
capsules,c2901b191e7526e7a08e1eea,0.1,27,27,1.0,0.00021278858184814453,0.03703703703703709,0.5185185074806213,0.5925925970077515
capsules,c36619b63c9043eed4c5849b,0.01,32,5,0.15625,1.2855346202850342,0.0,0.4000000059604645,0.800000011920929
capsules,c36619b63c9043eed4c5849b,0.05,32,5,0.15625,1.2855346202850342,0.0,0.4000000059604645,0.800000011920929
capsules,c36619b63c9043eed4c5849b,0.1,32,5,0.15625,1.2855346202850342,0.0,0.4000000059604645,0.800000011920929
capsules,c57e44b3346aa5e39fc1f089,0.01,32,3,0.09375,4.552842140197754,0.0,1.0,1.0
capsules,c57e44b3346aa5e39fc1f089,0.05,32,3,0.09375,4.552842140197754,0.0,1.0,1.0
capsules,c57e44b3346aa5e39fc1f089,0.1,32,3,0.09375,4.552842140197754,0.0,1.0,1.0
capsules,c6422a5d81dfc9f98364e959,0.01,32,7,0.21875,2.0877115726470947,0.0,0.4285714328289032,0.7142857313156128
capsules,c6422a5d81dfc9f98364e959,0.05,32,7,0.21875,2.0877115726470947,0.0,0.4285714328289032,0.7142857313156128
capsules,c6422a5d81dfc9f98364e959,0.1,32,8,0.25,2.0877115726470947,0.0,0.5,0.75
capsules,c6a064efd1864d8a74744a35,0.01,32,6,0.1875,1.326314926147461,0.0,0.3333333432674408,0.8333333134651184
capsules,c6a064efd1864d8a74744a35,0.05,32,11,0.34375,1.326314926147461,0.18181818181818177,0.4545454680919647,0.5454545617103577
capsules,c6a064efd1864d8a74744a35,0.1,32,11,0.34375,1.326314926147461,0.18181818181818177,0.4545454680919647,0.5454545617103577
capsules,c8c14f6187a0f1c4e341d7e2,0.01,32,1,0.03125,1.65256667137146,0.0,0.0,1.0
capsules,c8c14f6187a0f1c4e341d7e2,0.05,32,1,0.03125,1.65256667137146,0.0,0.0,1.0
capsules,c8c14f6187a0f1c4e341d7e2,0.1,32,1,0.03125,1.65256667137146,0.0,0.0,1.0
capsules,ccf5db34214f8a47bd3d9d28,0.01,32,0,0.0,4.945359230041504,,,
capsules,ccf5db34214f8a47bd3d9d28,0.05,32,0,0.0,4.945359230041504,,,
capsules,ccf5db34214f8a47bd3d9d28,0.1,32,0,0.0,4.945359230041504,,,
capsules,cd0b7ac8eb7457bdf41f885a,0.01,32,4,0.125,1.9900944232940674,0.0,0.125,0.5
capsules,cd0b7ac8eb7457bdf41f885a,0.05,32,4,0.125,1.9900944232940674,0.0,0.125,0.5
capsules,cd0b7ac8eb7457bdf41f885a,0.1,32,4,0.125,1.9900944232940674,0.0,0.125,0.5
capsules,d0eb64421295aa0bcc678ab8,0.01,32,17,0.53125,0.00682520866394043,0.0,0.47058823704719543,0.1764705926179886
capsules,d0eb64421295aa0bcc678ab8,0.05,32,18,0.5625,0.00682520866394043,0.0,0.5,0.1666666716337204
capsules,d0eb64421295aa0bcc678ab8,0.1,32,18,0.5625,0.00682520866394043,0.0,0.5,0.1666666716337204
capsules,d579527da6cfe5dbe0a1e2ca,0.01,32,3,0.09375,3.516277313232422,0.0,0.0,1.0
capsules,d579527da6cfe5dbe0a1e2ca,0.05,32,5,0.15625,3.516277313232422,0.0,0.20000000298023224,1.0
capsules,d579527da6cfe5dbe0a1e2ca,0.1,32,5,0.15625,3.516277313232422,0.0,0.20000000298023224,1.0
capsules,e290027671c01f76b8bcf690,0.01,32,3,0.09375,1.3937026262283325,0.0,0.3333333432674408,0.0
capsules,e290027671c01f76b8bcf690,0.05,32,4,0.125,1.3937026262283325,0.0,0.25,0.0
capsules,e290027671c01f76b8bcf690,0.1,32,4,0.125,1.3937026262283325,0.0,0.25,0.0
capsules,e29e79ba3e27a55803f6acea,0.01,32,0,0.0,0.6579371690750122,,,
capsules,e29e79ba3e27a55803f6acea,0.05,32,0,0.0,0.6579371690750122,,,
capsules,e29e79ba3e27a55803f6acea,0.1,32,0,0.0,0.6579371690750122,,,
capsules,ec4e2218a0ba582042b6b5bb,0.01,32,4,0.125,0.4502086639404297,0.0,0.25,0.0
capsules,ec4e2218a0ba582042b6b5bb,0.05,32,7,0.21875,0.4502086639404297,0.1428571428571429,0.2857142984867096,0.0
capsules,ec4e2218a0ba582042b6b5bb,0.1,32,8,0.25,0.4502086639404297,0.125,0.375,0.0
capsules,ec5a449b5eefaff119825918,0.01,32,15,0.46875,0.08903041481971741,0.0,0.5333333611488342,1.0
capsules,ec5a449b5eefaff119825918,0.05,32,16,0.5,0.08903041481971741,0.0,0.5625,1.0
capsules,ec5a449b5eefaff119825918,0.1,32,16,0.5,0.08903041481971741,0.0,0.5625,1.0
capsules,ed4da152dc4341d6f32eed14,0.01,32,29,0.90625,0.0004919767379760742,0.06896551724137934,0.4137931168079376,1.0
capsules,ed4da152dc4341d6f32eed14,0.05,32,32,1.0,0.0004919767379760742,0.125,0.46875,1.0
capsules,ed4da152dc4341d6f32eed14,0.1,32,32,1.0,0.0004919767379760742,0.125,0.46875,1.0
capsules,ed855d61c593ddac773b16e3,0.01,32,4,0.125,2.7193655967712402,0.0,0.5,0.5
capsules,ed855d61c593ddac773b16e3,0.05,32,5,0.15625,2.7193655967712402,0.0,0.6000000238418579,0.6000000238418579
capsules,ed855d61c593ddac773b16e3,0.1,32,5,0.15625,2.7193655967712402,0.0,0.6000000238418579,0.6000000238418579
capsules,edb69f8b12ecaa270a8cd4f2,0.01,32,2,0.0625,2.0050320625305176,0.0,0.0,1.0
capsules,edb69f8b12ecaa270a8cd4f2,0.05,32,2,0.0625,2.0050320625305176,0.0,0.0,1.0
capsules,edb69f8b12ecaa270a8cd4f2,0.1,32,2,0.0625,2.0050320625305176,0.0,0.0,1.0
capsules,efaa48865bd8733baeea305f,0.01,32,20,0.625,0.00404512882232666,0.0,0.30000001192092896,0.949999988079071
capsules,efaa48865bd8733baeea305f,0.05,32,20,0.625,0.00404512882232666,0.0,0.30000001192092896,0.949999988079071
capsules,efaa48865bd8733baeea305f,0.1,32,20,0.625,0.00404512882232666,0.0,0.30000001192092896,0.949999988079071
capsules,f101fd3229a85499e4a69947,0.01,32,0,0.0,1.343785047531128,,,
capsules,f101fd3229a85499e4a69947,0.05,32,0,0.0,1.343785047531128,,,
capsules,f101fd3229a85499e4a69947,0.1,32,0,0.0,1.343785047531128,,,
capsules,f4204410b976824fb49a7187,0.01,32,7,0.21875,1.4570136070251465,0.0,0.7142857313156128,1.0
capsules,f4204410b976824fb49a7187,0.05,32,11,0.34375,1.4570136070251465,0.0,0.7272727489471436,0.7272727489471436
capsules,f4204410b976824fb49a7187,0.1,32,13,0.40625,1.4570136070251465,0.07692307692307687,0.6153846383094788,0.7692307829856873
capsules,fa8b1a5066d24b182917e091,0.01,32,19,0.59375,0.0067293643951416016,0.0,0.4736842215061188,0.7894737124443054
capsules,fa8b1a5066d24b182917e091,0.05,32,24,0.75,0.0067293643951416016,0.0,0.5833333134651184,0.8333333134651184
capsules,fa8b1a5066d24b182917e091,0.1,32,26,0.8125,0.0067293643951416016,0.038461538461538436,0.6153846383094788,0.7692307829856873
capsules,fc3ae0173aab74bb4fc58582,0.01,32,9,0.28125,1.1647244691848755,0.0,0.3333333432674408,1.0
capsules,fc3ae0173aab74bb4fc58582,0.05,32,9,0.28125,1.1647244691848755,0.0,0.3333333432674408,1.0
capsules,fc3ae0173aab74bb4fc58582,0.1,32,9,0.28125,1.1647244691848755,0.0,0.3333333432674408,1.0
capsules,fdc91d030e27f69309e2cc82,0.01,32,6,0.1875,0.9033291339874268,0.0,0.5,1.0
capsules,fdc91d030e27f69309e2cc82,0.05,32,10,0.3125,0.9033291339874268,0.0,0.5,1.0
capsules,fdc91d030e27f69309e2cc82,0.1,32,11,0.34375,0.9033291339874268,0.0,0.5454545617103577,1.0
cashew,00bb69b97e4fb3be8e1bb095,0.01,32,8,0.25,1.1951285600662231,0.0,0.125,0.375
cashew,00bb69b97e4fb3be8e1bb095,0.05,32,9,0.28125,1.1951285600662231,0.0,0.2222222238779068,0.3333333432674408
cashew,00bb69b97e4fb3be8e1bb095,0.1,32,9,0.28125,1.1951285600662231,0.0,0.2222222238779068,0.3333333432674408
cashew,03c6538ff8044a32980bae8f,0.01,32,22,0.6875,0.004104733467102051,0.09090909090909094,0.6818181872367859,1.0
cashew,03c6538ff8044a32980bae8f,0.05,32,22,0.6875,0.004104733467102051,0.09090909090909094,0.6818181872367859,1.0
cashew,03c6538ff8044a32980bae8f,0.1,32,22,0.6875,0.004104733467102051,0.09090909090909094,0.6818181872367859,1.0
cashew,04499a54b7db9c55b7403fb7,0.01,32,11,0.34375,0.4238834083080292,0.0,0.5454545617103577,1.0
cashew,04499a54b7db9c55b7403fb7,0.05,32,11,0.34375,0.4238834083080292,0.0,0.5454545617103577,1.0
cashew,04499a54b7db9c55b7403fb7,0.1,32,12,0.375,0.4238834083080292,0.0,0.5833333134651184,1.0
cashew,0449fa75a103b21fcaa8d5ae,0.01,32,14,0.4375,0.1284886747598648,0.0,0.3571428656578064,0.8571428656578064
cashew,0449fa75a103b21fcaa8d5ae,0.05,32,15,0.46875,0.1284886747598648,0.06666666666666665,0.4000000059604645,0.8666666746139526
cashew,0449fa75a103b21fcaa8d5ae,0.1,32,15,0.46875,0.1284886747598648,0.06666666666666665,0.4000000059604645,0.8666666746139526
cashew,0681c40cd5573f05d97c2d7f,0.01,32,8,0.25,2.1142821311950684,0.25,0.25,1.0
cashew,0681c40cd5573f05d97c2d7f,0.05,32,10,0.3125,2.1142821311950684,0.30000000000000004,0.20000000298023224,1.0
cashew,0681c40cd5573f05d97c2d7f,0.1,32,10,0.3125,2.1142821311950684,0.30000000000000004,0.20000000298023224,1.0
cashew,0b12c84fb0f37ec286fc0b0a,0.01,32,29,0.90625,0.00026561319828033447,0.03448275862068961,0.5862069129943848,0.931034505367279
cashew,0b12c84fb0f37ec286fc0b0a,0.05,32,31,0.96875,0.00026561319828033447,0.032258064516129004,0.6129032373428345,0.9032257795333862
cashew,0b12c84fb0f37ec286fc0b0a,0.1,32,31,0.96875,0.00026561319828033447,0.032258064516129004,0.6129032373428345,0.9032257795333862
cashew,0e3251fb1896fd4c3a5a2670,0.01,32,30,0.9375,0.0019918084144592285,0.09999999999999998,0.4000000059604645,0.800000011920929
cashew,0e3251fb1896fd4c3a5a2670,0.05,32,32,1.0,0.0019918084144592285,0.125,0.40625,0.78125
cashew,0e3251fb1896fd4c3a5a2670,0.1,32,32,1.0,0.0019918084144592285,0.125,0.40625,0.78125
cashew,105640f34633543091913ec9,0.01,32,20,0.625,0.003751009702682495,0.25,0.44999998807907104,0.8999999761581421
cashew,105640f34633543091913ec9,0.05,32,20,0.625,0.003751009702682495,0.25,0.44999998807907104,0.8999999761581421
cashew,105640f34633543091913ec9,0.1,32,21,0.65625,0.003751009702682495,0.23809523809523814,0.4761904776096344,0.9047619104385376
cashew,140d2904b822ec2bc4949ad9,0.01,32,5,0.15625,0.7809901237487793,0.0,0.800000011920929,1.0
cashew,140d2904b822ec2bc4949ad9,0.05,32,10,0.3125,0.7809901237487793,0.09999999999999998,0.800000011920929,1.0
cashew,140d2904b822ec2bc4949ad9,0.1,32,11,0.34375,0.7809901237487793,0.09090909090909094,0.7272727489471436,1.0
cashew,1bc4a12c41328e22e24ed83b,0.01,32,14,0.4375,0.04450368881225586,0.0,0.2857142984867096,0.9285714030265808
cashew,1bc4a12c41328e22e24ed83b,0.05,32,16,0.5,0.04450368881225586,0.125,0.3125,0.9375
cashew,1bc4a12c41328e22e24ed83b,0.1,32,17,0.53125,0.04450368881225586,0.11764705882352944,0.3529411852359772,0.9411764740943909
cashew,1f059309b9010edf5938cb5e,0.01,32,23,0.71875,0.004342257976531982,0.17391304347826086,0.47826087474823,1.0
cashew,1f059309b9010edf5938cb5e,0.05,32,30,0.9375,0.004342257976531982,0.30000000000000004,0.5333333611488342,1.0
cashew,1f059309b9010edf5938cb5e,0.1,32,31,0.96875,0.004342257976531982,0.29032258064516125,0.5483871102333069,1.0
cashew,1fca1737a5e8d04c32fba8e8,0.01,32,24,0.75,0.0005618184804916382,0.0,0.4583333432674408,0.875
cashew,1fca1737a5e8d04c32fba8e8,0.05,32,26,0.8125,0.0005618184804916382,0.038461538461538436,0.5,0.807692289352417
cashew,1fca1737a5e8d04c32fba8e8,0.1,32,26,0.8125,0.0005618184804916382,0.038461538461538436,0.5,0.807692289352417
cashew,205e0b1a7a93178f6b42bee9,0.01,32,4,0.125,1.565269947052002,0.0,0.5,0.75
cashew,205e0b1a7a93178f6b42bee9,0.05,32,7,0.21875,1.565269947052002,0.0,0.4285714328289032,0.8571428656578064
cashew,205e0b1a7a93178f6b42bee9,0.1,32,7,0.21875,1.565269947052002,0.0,0.4285714328289032,0.8571428656578064
cashew,20e0ba99993580839ec7d10c,0.01,32,20,0.625,0.004068732261657715,0.0,0.44999998807907104,0.75
cashew,20e0ba99993580839ec7d10c,0.05,32,22,0.6875,0.004068732261657715,0.0,0.40909090638160706,0.7727272510528564
cashew,20e0ba99993580839ec7d10c,0.1,32,23,0.71875,0.004068732261657715,0.0,0.43478259444236755,0.739130437374115
cashew,21a651a7c2428b1d71a82407,0.01,32,32,1.0,7.253885269165039e-05,0.0,0.375,0.5625
cashew,21a651a7c2428b1d71a82407,0.05,32,32,1.0,7.253885269165039e-05,0.0,0.375,0.5625
cashew,21a651a7c2428b1d71a82407,0.1,32,32,1.0,7.253885269165039e-05,0.0,0.375,0.5625
cashew,22bf68b10aef9749882a4dfe,0.01,32,1,0.03125,3.0228185653686523,0.0,1.0,0.0
cashew,22bf68b10aef9749882a4dfe,0.05,32,1,0.03125,3.0228185653686523,0.0,1.0,0.0
cashew,22bf68b10aef9749882a4dfe,0.1,32,1,0.03125,3.0228185653686523,0.0,1.0,0.0
cashew,2308db987d42256521fd6a3d,0.01,32,0,0.0,2.9821219444274902,,,
cashew,2308db987d42256521fd6a3d,0.05,32,0,0.0,2.9821219444274902,,,
cashew,2308db987d42256521fd6a3d,0.1,32,0,0.0,2.9821219444274902,,,
cashew,27effd8e1cf24c2a7ff0a200,0.01,32,14,0.4375,0.025800228118896484,0.0,0.5,1.0
cashew,27effd8e1cf24c2a7ff0a200,0.05,32,18,0.5625,0.025800228118896484,0.05555555555555558,0.5555555820465088,1.0
cashew,27effd8e1cf24c2a7ff0a200,0.1,32,19,0.59375,0.025800228118896484,0.052631578947368474,0.5263158082962036,1.0
cashew,32065f01befb47840ffbb10e,0.01,32,27,0.84375,0.0003148317337036133,0.0,0.5,0.7777777910232544
cashew,32065f01befb47840ffbb10e,0.05,32,28,0.875,0.0003148317337036133,0.0,0.5178571343421936,0.75
cashew,32065f01befb47840ffbb10e,0.1,32,28,0.875,0.0003148317337036133,0.0,0.5178571343421936,0.75
cashew,359ce67c42828fde7b24aabc,0.01,32,5,0.15625,1.415870189666748,0.0,0.6000000238418579,1.0
cashew,359ce67c42828fde7b24aabc,0.05,32,5,0.15625,1.415870189666748,0.0,0.6000000238418579,1.0
cashew,359ce67c42828fde7b24aabc,0.1,32,6,0.1875,1.415870189666748,0.0,0.6666666865348816,1.0
cashew,37165ec33c568323cf4b101a,0.01,32,13,0.40625,0.023412704467773438,0.0,0.38461539149284363,0.7692307829856873
cashew,37165ec33c568323cf4b101a,0.05,32,19,0.59375,0.023412704467773438,0.10526315789473684,0.4736842215061188,0.8421052694320679
cashew,37165ec33c568323cf4b101a,0.1,32,21,0.65625,0.023412704467773438,0.19047619047619047,0.523809552192688,0.8571428656578064
cashew,375185b386e7023808749ac0,0.01,32,3,0.09375,0.5041754245758057,0.0,0.3333333432674408,0.0
cashew,375185b386e7023808749ac0,0.05,32,4,0.125,0.5041754245758057,0.0,0.5,0.0
cashew,375185b386e7023808749ac0,0.1,32,7,0.21875,0.5041754245758057,0.4285714285714286,0.7142857313156128,0.0
cashew,3904625837f92270b91a3cc4,0.01,16,8,0.5,0.17347630858421326,0.0,0.5,0.875
cashew,3904625837f92270b91a3cc4,0.05,16,8,0.5,0.17347630858421326,0.0,0.5,0.875
cashew,3904625837f92270b91a3cc4,0.1,16,8,0.5,0.17347630858421326,0.0,0.5,0.875
cashew,3c1917e729daa7d3bd4c2e6c,0.01,32,8,0.25,1.1633694171905518,0.0,0.25,1.0
cashew,3c1917e729daa7d3bd4c2e6c,0.05,32,8,0.25,1.1633694171905518,0.0,0.25,1.0
cashew,3c1917e729daa7d3bd4c2e6c,0.1,32,8,0.25,1.1633694171905518,0.0,0.25,1.0
cashew,3c62fd7f46b8de64cee5687f,0.01,32,32,1.0,8.633732795715332e-05,0.0,0.46875,0.9375
cashew,3c62fd7f46b8de64cee5687f,0.05,32,32,1.0,8.633732795715332e-05,0.0,0.46875,0.9375
cashew,3c62fd7f46b8de64cee5687f,0.1,32,32,1.0,8.633732795715332e-05,0.0,0.46875,0.9375
cashew,3d2362f1d154d4e53d413a42,0.01,32,3,0.09375,0.4830159544944763,0.0,1.0,0.6666666865348816
cashew,3d2362f1d154d4e53d413a42,0.05,32,3,0.09375,0.4830159544944763,0.0,1.0,0.6666666865348816
cashew,3d2362f1d154d4e53d413a42,0.1,32,4,0.125,0.4830159544944763,0.25,1.0,0.5
cashew,3e039509cc2dbdd0924b0cea,0.01,32,21,0.65625,0.00014868378639221191,0.0,0.4523809552192688,1.0
cashew,3e039509cc2dbdd0924b0cea,0.05,32,21,0.65625,0.00014868378639221191,0.0,0.4523809552192688,1.0
cashew,3e039509cc2dbdd0924b0cea,0.1,32,21,0.65625,0.00014868378639221191,0.0,0.4523809552192688,1.0
cashew,4068276a6ac8d654ac1d5df2,0.01,32,9,0.28125,1.1084351539611816,0.0,0.4444444477558136,0.7777777910232544
cashew,4068276a6ac8d654ac1d5df2,0.05,32,10,0.3125,1.1084351539611816,0.09999999999999998,0.5,0.800000011920929
cashew,4068276a6ac8d654ac1d5df2,0.1,32,11,0.34375,1.1084351539611816,0.09090909090909094,0.5454545617103577,0.8181818127632141
cashew,411aa1c900988878136abefd,0.01,32,17,0.53125,0.006470799446105957,0.05882352941176472,0.4117647111415863,1.0
cashew,411aa1c900988878136abefd,0.05,32,17,0.53125,0.006470799446105957,0.05882352941176472,0.4117647111415863,1.0
cashew,411aa1c900988878136abefd,0.1,32,17,0.53125,0.006470799446105957,0.05882352941176472,0.4117647111415863,1.0
cashew,44ffe7dba665e6f41f4c9a62,0.01,32,8,0.25,0.5831553936004639,0.0,0.625,1.0
cashew,44ffe7dba665e6f41f4c9a62,0.05,32,8,0.25,0.5831553936004639,0.0,0.625,1.0
cashew,44ffe7dba665e6f41f4c9a62,0.1,32,8,0.25,0.5831553936004639,0.0,0.625,1.0
cashew,461d7ee726c191d89677944e,0.01,32,15,0.46875,0.01112595945596695,0.06666666666666665,0.6666666865348816,1.0
cashew,461d7ee726c191d89677944e,0.05,32,19,0.59375,0.01112595945596695,0.10526315789473684,0.6842105388641357,1.0
cashew,461d7ee726c191d89677944e,0.1,32,19,0.59375,0.01112595945596695,0.10526315789473684,0.6842105388641357,1.0
cashew,491eb2822a9738f7e2fdd625,0.01,32,16,0.5,0.00882720947265625,0.0625,0.3125,1.0
cashew,491eb2822a9738f7e2fdd625,0.05,32,17,0.53125,0.00882720947265625,0.11764705882352944,0.29411765933036804,1.0
cashew,491eb2822a9738f7e2fdd625,0.1,32,17,0.53125,0.00882720947265625,0.11764705882352944,0.29411765933036804,1.0
cashew,4b113e77d75a66a4a9b92342,0.01,32,8,0.25,1.6006832122802734,0.0,0.75,1.0
cashew,4b113e77d75a66a4a9b92342,0.05,32,11,0.34375,1.6006832122802734,0.0,0.5454545617103577,1.0
cashew,4b113e77d75a66a4a9b92342,0.1,32,12,0.375,1.6006832122802734,0.0,0.5,1.0
cashew,4bfb631e057edbd1b1fbc454,0.01,32,32,1.0,2.8073787689208984e-05,0.0,0.484375,1.0
cashew,4bfb631e057edbd1b1fbc454,0.05,32,32,1.0,2.8073787689208984e-05,0.0,0.484375,1.0
cashew,4bfb631e057edbd1b1fbc454,0.1,32,32,1.0,2.8073787689208984e-05,0.0,0.484375,1.0
cashew,4cefeaf687486a537c3ef760,0.01,31,21,0.6774193548387096,0.0019211769104003906,0.09523809523809523,0.761904776096344,1.0
cashew,4cefeaf687486a537c3ef760,0.05,31,23,0.7419354838709677,0.0019211769104003906,0.13043478260869568,0.782608687877655,1.0
cashew,4cefeaf687486a537c3ef760,0.1,31,26,0.8387096774193549,0.0019211769104003906,0.23076923076923073,0.807692289352417,1.0
cashew,4ed1682650e60fc90ba815c8,0.01,32,32,1.0,0.0006104409694671631,0.0,0.640625,0.21875
cashew,4ed1682650e60fc90ba815c8,0.05,32,32,1.0,0.0006104409694671631,0.0,0.640625,0.21875
cashew,4ed1682650e60fc90ba815c8,0.1,32,32,1.0,0.0006104409694671631,0.0,0.640625,0.21875
cashew,5119be18347f740e34b065a2,0.01,32,1,0.03125,3.566866874694824,0.0,1.0,0.0
cashew,5119be18347f740e34b065a2,0.05,32,1,0.03125,3.566866874694824,0.0,1.0,0.0
cashew,5119be18347f740e34b065a2,0.1,32,1,0.03125,3.566866874694824,0.0,1.0,0.0
cashew,52717e1d70ec3483647e9f4f,0.01,19,19,1.0,0.00019306689500808716,0.0,0.5263158082962036,1.0
cashew,52717e1d70ec3483647e9f4f,0.05,19,19,1.0,0.00019306689500808716,0.0,0.5263158082962036,1.0
cashew,52717e1d70ec3483647e9f4f,0.1,19,19,1.0,0.00019306689500808716,0.0,0.5263158082962036,1.0
cashew,538a5282e0c96eb75a33f44b,0.01,32,18,0.5625,0.001415640115737915,0.0,0.4444444477558136,0.8888888955116272
cashew,538a5282e0c96eb75a33f44b,0.05,32,18,0.5625,0.001415640115737915,0.0,0.4444444477558136,0.8888888955116272
cashew,538a5282e0c96eb75a33f44b,0.1,32,19,0.59375,0.001415640115737915,0.0,0.4736842215061188,0.8947368264198303
cashew,54de2f0679cdf5222bf2b47b,0.01,32,21,0.65625,0.00150260329246521,0.0,0.761904776096344,0.9047619104385376
cashew,54de2f0679cdf5222bf2b47b,0.05,32,22,0.6875,0.00150260329246521,0.0,0.7727272510528564,0.9090909361839294
cashew,54de2f0679cdf5222bf2b47b,0.1,32,22,0.6875,0.00150260329246521,0.0,0.7727272510528564,0.9090909361839294
cashew,5c2e8b5e80ca6875a61dbd0a,0.01,32,11,0.34375,0.7590349912643433,0.0,0.3636363744735718,1.0
cashew,5c2e8b5e80ca6875a61dbd0a,0.05,32,12,0.375,0.7590349912643433,0.0,0.3333333432674408,1.0
cashew,5c2e8b5e80ca6875a61dbd0a,0.1,32,13,0.40625,0.7590349912643433,0.0,0.38461539149284363,1.0
cashew,6353f0b207ea6944bca761d9,0.01,32,3,0.09375,1.6138505935668945,0.0,1.0,1.0
cashew,6353f0b207ea6944bca761d9,0.05,32,5,0.15625,1.6138505935668945,0.19999999999999996,1.0,1.0
cashew,6353f0b207ea6944bca761d9,0.1,32,5,0.15625,1.6138505935668945,0.19999999999999996,1.0,1.0
cashew,659f078c5e39bc068079b028,0.01,32,32,1.0,8.276104927062988e-05,0.03125,0.40625,0.96875
cashew,659f078c5e39bc068079b028,0.05,32,32,1.0,8.276104927062988e-05,0.03125,0.40625,0.96875
cashew,659f078c5e39bc068079b028,0.1,32,32,1.0,8.276104927062988e-05,0.03125,0.40625,0.96875
cashew,6e70d42541d34113e7c80d64,0.01,32,32,1.0,0.00021699070930480957,0.0,0.4375,1.0
cashew,6e70d42541d34113e7c80d64,0.05,32,32,1.0,0.00021699070930480957,0.0,0.4375,1.0
cashew,6e70d42541d34113e7c80d64,0.1,32,32,1.0,0.00021699070930480957,0.0,0.4375,1.0
cashew,6f9e634022de64ca561ca183,0.01,32,20,0.625,0.0027124881744384766,0.0,0.5,1.0
cashew,6f9e634022de64ca561ca183,0.05,32,21,0.65625,0.0027124881744384766,0.0,0.523809552192688,1.0
cashew,6f9e634022de64ca561ca183,0.1,32,21,0.65625,0.0027124881744384766,0.0,0.523809552192688,1.0
cashew,7271e58c1f6dcc27da8be0e2,0.01,32,0,0.0,4.141765594482422,,,
cashew,7271e58c1f6dcc27da8be0e2,0.05,32,0,0.0,4.141765594482422,,,
cashew,7271e58c1f6dcc27da8be0e2,0.1,32,0,0.0,4.141765594482422,,,
cashew,72fea2b8553e59ab6da351be,0.01,32,13,0.40625,0.9847016334533691,0.07692307692307687,0.6153846383094788,1.0
cashew,72fea2b8553e59ab6da351be,0.05,32,14,0.4375,0.9847016334533691,0.1428571428571429,0.6428571343421936,1.0
cashew,72fea2b8553e59ab6da351be,0.1,32,14,0.4375,0.9847016334533691,0.1428571428571429,0.6428571343421936,1.0
cashew,7541f2527c1af0a2054170ec,0.01,32,30,0.9375,0.0002613961696624756,0.033333333333333326,0.46666666865348816,0.8333333134651184
cashew,7541f2527c1af0a2054170ec,0.05,32,30,0.9375,0.0002613961696624756,0.033333333333333326,0.46666666865348816,0.8333333134651184
cashew,7541f2527c1af0a2054170ec,0.1,32,31,0.96875,0.0002613961696624756,0.032258064516129004,0.4838709533214569,0.8387096524238586
cashew,7579c5a47e5d9627c0d61fbd,0.01,32,7,0.21875,0.8109868764877319,0.0,0.5714285969734192,0.8571428656578064
cashew,7579c5a47e5d9627c0d61fbd,0.05,32,8,0.25,0.8109868764877319,0.0,0.625,0.875
cashew,7579c5a47e5d9627c0d61fbd,0.1,32,9,0.28125,0.8109868764877319,0.0,0.6666666865348816,0.7777777910232544
cashew,786e3415453022d8ff31ac3e,0.01,32,21,0.65625,0.00027219951152801514,0.0,0.3333333432674408,0.523809552192688
cashew,786e3415453022d8ff31ac3e,0.05,32,21,0.65625,0.00027219951152801514,0.0,0.3333333432674408,0.523809552192688
cashew,786e3415453022d8ff31ac3e,0.1,32,24,0.75,0.00027219951152801514,0.08333333333333337,0.4166666567325592,0.4583333432674408
cashew,7dde5d02c50b180c47c1a3d4,0.01,32,23,0.71875,0.002670764923095703,0.0,0.3913043439388275,0.95652174949646
cashew,7dde5d02c50b180c47c1a3d4,0.05,32,29,0.90625,0.002670764923095703,0.0,0.4137931168079376,0.9655172228813171
cashew,7dde5d02c50b180c47c1a3d4,0.1,32,30,0.9375,0.002670764923095703,0.0,0.4333333373069763,0.9666666388511658
cashew,7e0c6821b6a6c48101d0a574,0.01,32,25,0.78125,0.0002314448356628418,0.0,0.5199999809265137,0.9200000166893005
cashew,7e0c6821b6a6c48101d0a574,0.05,32,26,0.8125,0.0002314448356628418,0.0,0.5,0.9230769276618958
cashew,7e0c6821b6a6c48101d0a574,0.1,32,28,0.875,0.0002314448356628418,0.0357142857142857,0.4642857015132904,0.9285714030265808
cashew,7f8cdc27651c7e75619bfbe4,0.01,32,6,0.1875,1.1208696365356445,0.0,0.3333333432674408,1.0
cashew,7f8cdc27651c7e75619bfbe4,0.05,32,10,0.3125,1.1208696365356445,0.0,0.20000000298023224,1.0
cashew,7f8cdc27651c7e75619bfbe4,0.1,32,10,0.3125,1.1208696365356445,0.0,0.20000000298023224,1.0
cashew,825287c092c98c035cba3279,0.01,32,32,1.0,2.384185791015625e-06,0.0,0.5625,1.0
cashew,825287c092c98c035cba3279,0.05,32,32,1.0,2.384185791015625e-06,0.0,0.5625,1.0
cashew,825287c092c98c035cba3279,0.1,32,32,1.0,2.384185791015625e-06,0.0,0.5625,1.0
cashew,82a4680a7e1144295cc31cb2,0.01,25,0,0.0,1.829822063446045,,,
cashew,82a4680a7e1144295cc31cb2,0.05,25,0,0.0,1.829822063446045,,,
cashew,82a4680a7e1144295cc31cb2,0.1,25,0,0.0,1.829822063446045,,,
cashew,83cb64eac67e14ea3f243a8f,0.01,32,4,0.125,4.557438373565674,0.0,0.5,1.0
cashew,83cb64eac67e14ea3f243a8f,0.05,32,5,0.15625,4.557438373565674,0.0,0.4000000059604645,1.0
cashew,83cb64eac67e14ea3f243a8f,0.1,32,5,0.15625,4.557438373565674,0.0,0.4000000059604645,1.0
cashew,85bd8e436424d830033b21a4,0.01,32,0,0.0,1.8411400318145752,,,
cashew,85bd8e436424d830033b21a4,0.05,32,0,0.0,1.8411400318145752,,,
cashew,85bd8e436424d830033b21a4,0.1,32,0,0.0,1.8411400318145752,,,
cashew,8a98798bbed2c0fd8e08c0d7,0.01,32,5,0.15625,0.9230704307556152,0.0,0.800000011920929,1.0
cashew,8a98798bbed2c0fd8e08c0d7,0.05,32,9,0.28125,0.9230704307556152,0.11111111111111116,0.5555555820465088,1.0
cashew,8a98798bbed2c0fd8e08c0d7,0.1,32,9,0.28125,0.9230704307556152,0.11111111111111116,0.5555555820465088,1.0
cashew,8e16249e4d7cf431bd380dca,0.01,32,2,0.0625,1.492387294769287,0.0,0.5,0.0
cashew,8e16249e4d7cf431bd380dca,0.05,32,2,0.0625,1.492387294769287,0.0,0.5,0.0
cashew,8e16249e4d7cf431bd380dca,0.1,32,2,0.0625,1.492387294769287,0.0,0.5,0.0
cashew,8f59176e42569bcbd2986379,0.01,32,0,0.0,3.443779706954956,,,
cashew,8f59176e42569bcbd2986379,0.05,32,0,0.0,3.443779706954956,,,
cashew,8f59176e42569bcbd2986379,0.1,32,0,0.0,3.443779706954956,,,
cashew,9304f27355b04912b3245760,0.01,32,5,0.15625,2.0309767723083496,0.0,0.20000000298023224,0.800000011920929
cashew,9304f27355b04912b3245760,0.05,32,8,0.25,2.0309767723083496,0.0,0.375,0.75
cashew,9304f27355b04912b3245760,0.1,32,9,0.28125,2.0309767723083496,0.11111111111111116,0.4444444477558136,0.6666666865348816
cashew,99767e65133fab9d27272b83,0.01,32,16,0.5,0.7095102071762085,0.0,0.8125,1.0
cashew,99767e65133fab9d27272b83,0.05,32,16,0.5,0.7095102071762085,0.0,0.8125,1.0
cashew,99767e65133fab9d27272b83,0.1,32,16,0.5,0.7095102071762085,0.0,0.8125,1.0
cashew,9e06799b178ca9f7fce52add,0.01,32,18,0.5625,0.009139060974121094,0.05555555555555558,0.6111111044883728,0.2222222238779068
cashew,9e06799b178ca9f7fce52add,0.05,32,22,0.6875,0.009139060974121094,0.045454545454545414,0.5909090638160706,0.22727273404598236
cashew,9e06799b178ca9f7fce52add,0.1,32,23,0.71875,0.009139060974121094,0.08695652173913049,0.6086956262588501,0.21739129722118378
cashew,a467b1288157bbb3013d8f8a,0.01,32,30,0.9375,5.7578086853027344e-05,0.0,0.6666666865348816,1.0
cashew,a467b1288157bbb3013d8f8a,0.05,32,32,1.0,5.7578086853027344e-05,0.03125,0.6875,1.0
cashew,a467b1288157bbb3013d8f8a,0.1,32,32,1.0,5.7578086853027344e-05,0.03125,0.6875,1.0
cashew,aa254c5f45dbb8eb7d5b4f86,0.01,32,13,0.40625,2.385342597961426,0.0,0.38461539149284363,1.0
cashew,aa254c5f45dbb8eb7d5b4f86,0.05,32,13,0.40625,2.385342597961426,0.0,0.38461539149284363,1.0
cashew,aa254c5f45dbb8eb7d5b4f86,0.1,32,13,0.40625,2.385342597961426,0.0,0.38461539149284363,1.0
cashew,ad17782eaf707946a982c3c7,0.01,32,3,0.09375,1.8232157230377197,0.0,0.6666666865348816,0.3333333432674408
cashew,ad17782eaf707946a982c3c7,0.05,32,4,0.125,1.8232157230377197,0.0,0.75,0.5
cashew,ad17782eaf707946a982c3c7,0.1,32,4,0.125,1.8232157230377197,0.0,0.75,0.5
cashew,add19460de66698aca7bf015,0.01,32,5,0.15625,1.088544487953186,0.0,0.6000000238418579,0.800000011920929
cashew,add19460de66698aca7bf015,0.05,32,6,0.1875,1.088544487953186,0.0,0.6666666865348816,0.8333333134651184
cashew,add19460de66698aca7bf015,0.1,32,7,0.21875,1.088544487953186,0.1428571428571429,0.7142857313156128,0.8571428656578064
cashew,b5067b257b192b1707b224cb,0.01,32,24,0.75,1.4901161193847656e-05,0.0,0.3958333432674408,0.9166666865348816
cashew,b5067b257b192b1707b224cb,0.05,32,24,0.75,1.4901161193847656e-05,0.0,0.3958333432674408,0.9166666865348816
cashew,b5067b257b192b1707b224cb,0.1,32,24,0.75,1.4901161193847656e-05,0.0,0.3958333432674408,0.9166666865348816
cashew,b58f07063665ea2bf20bbf77,0.01,32,18,0.5625,0.001843094825744629,0.0,0.7222222089767456,0.7777777910232544
cashew,b58f07063665ea2bf20bbf77,0.05,32,18,0.5625,0.001843094825744629,0.0,0.7222222089767456,0.7777777910232544
cashew,b58f07063665ea2bf20bbf77,0.1,32,18,0.5625,0.001843094825744629,0.0,0.7222222089767456,0.7777777910232544
cashew,baeea786a09892dfa0340bfb,0.01,32,0,0.0,2.095789670944214,,,
cashew,baeea786a09892dfa0340bfb,0.05,32,0,0.0,2.095789670944214,,,
cashew,baeea786a09892dfa0340bfb,0.1,32,0,0.0,2.095789670944214,,,
cashew,bc01772894f2a1b9e6580af3,0.01,32,27,0.84375,0.0001894235610961914,0.0,0.5185185074806213,0.9629629850387573
cashew,bc01772894f2a1b9e6580af3,0.05,32,29,0.90625,0.0001894235610961914,0.03448275862068961,0.517241358757019,0.9655172228813171
cashew,bc01772894f2a1b9e6580af3,0.1,32,31,0.96875,0.0001894235610961914,0.032258064516129004,0.5483871102333069,0.9677419066429138
cashew,bfa40cbea241ce4ceaa8f82f,0.01,32,1,0.03125,3.969656467437744,0.0,1.0,0.0
cashew,bfa40cbea241ce4ceaa8f82f,0.05,32,2,0.0625,3.969656467437744,0.0,0.5,0.0
cashew,bfa40cbea241ce4ceaa8f82f,0.1,32,2,0.0625,3.969656467437744,0.0,0.5,0.0
cashew,c37641ccf15e6ff71b33b4cb,0.01,32,8,0.25,0.020385026931762695,0.0,0.375,1.0
cashew,c37641ccf15e6ff71b33b4cb,0.05,32,17,0.53125,0.020385026931762695,0.11764705882352944,0.47058823704719543,1.0
cashew,c37641ccf15e6ff71b33b4cb,0.1,32,18,0.5625,0.020385026931762695,0.11111111111111116,0.5,1.0
cashew,c3a49673335eb86ad9183e24,0.01,32,0,0.0,4.100973129272461,,,
cashew,c3a49673335eb86ad9183e24,0.05,32,0,0.0,4.100973129272461,,,
cashew,c3a49673335eb86ad9183e24,0.1,32,0,0.0,4.100973129272461,,,
cashew,c60dd4d2e61eb5c350e3e0cb,0.01,32,32,1.0,5.876272916793823e-05,0.0,0.46875,1.0
cashew,c60dd4d2e61eb5c350e3e0cb,0.05,32,32,1.0,5.876272916793823e-05,0.0,0.46875,1.0
cashew,c60dd4d2e61eb5c350e3e0cb,0.1,32,32,1.0,5.876272916793823e-05,0.0,0.46875,1.0
cashew,c6ae62ce191877d0c18b2f70,0.01,32,13,0.40625,0.1449497938156128,0.0,0.6153846383094788,1.0
cashew,c6ae62ce191877d0c18b2f70,0.05,32,14,0.4375,0.1449497938156128,0.0,0.6428571343421936,1.0
cashew,c6ae62ce191877d0c18b2f70,0.1,32,14,0.4375,0.1449497938156128,0.0,0.6428571343421936,1.0
cashew,c9bafba371c2d8b1b3cc5d12,0.01,32,1,0.03125,2.51670503616333,0.0,1.0,1.0
cashew,c9bafba371c2d8b1b3cc5d12,0.05,32,6,0.1875,2.51670503616333,0.0,0.3333333432674408,1.0
cashew,c9bafba371c2d8b1b3cc5d12,0.1,32,6,0.1875,2.51670503616333,0.0,0.3333333432674408,1.0
cashew,caee2124d7d7403ff534e571,0.01,32,32,1.0,0.0004534721374511719,0.09375,0.40625,1.0
cashew,caee2124d7d7403ff534e571,0.05,32,32,1.0,0.0004534721374511719,0.09375,0.40625,1.0
cashew,caee2124d7d7403ff534e571,0.1,32,32,1.0,0.0004534721374511719,0.09375,0.40625,1.0
cashew,cfa0d8c20570d10e5efc7f63,0.01,32,7,0.21875,0.810748279094696,0.0,0.5,0.7142857313156128
cashew,cfa0d8c20570d10e5efc7f63,0.05,32,7,0.21875,0.810748279094696,0.0,0.5,0.7142857313156128
cashew,cfa0d8c20570d10e5efc7f63,0.1,32,8,0.25,0.810748279094696,0.0,0.5625,0.625
cashew,d102687a66daf3c817844090,0.01,32,7,0.21875,2.6338419914245605,0.1428571428571429,0.2857142984867096,1.0
cashew,d102687a66daf3c817844090,0.05,32,9,0.28125,2.6338419914245605,0.11111111111111116,0.4444444477558136,1.0
cashew,d102687a66daf3c817844090,0.1,32,10,0.3125,2.6338419914245605,0.09999999999999998,0.5,1.0
cashew,d2db796ba6026d0875167e68,0.01,22,18,0.8181818181818182,0.0033311843872070312,0.05555555555555558,0.6666666865348816,1.0
cashew,d2db796ba6026d0875167e68,0.05,22,22,1.0,0.0033311843872070312,0.13636363636363635,0.6818181872367859,1.0
cashew,d2db796ba6026d0875167e68,0.1,22,22,1.0,0.0033311843872070312,0.13636363636363635,0.6818181872367859,1.0
cashew,d47fdeb4ee11ad5662f38c63,0.01,32,0,0.0,3.4750118255615234,,,
cashew,d47fdeb4ee11ad5662f38c63,0.05,32,3,0.09375,3.4750118255615234,0.0,0.3333333432674408,1.0
cashew,d47fdeb4ee11ad5662f38c63,0.1,32,3,0.09375,3.4750118255615234,0.0,0.3333333432674408,1.0
cashew,d4d5c47af532576b348a5ebf,0.01,32,6,0.1875,3.653707504272461,0.0,0.5,1.0
cashew,d4d5c47af532576b348a5ebf,0.05,32,7,0.21875,3.653707504272461,0.0,0.4285714328289032,1.0
cashew,d4d5c47af532576b348a5ebf,0.1,32,7,0.21875,3.653707504272461,0.0,0.4285714328289032,1.0
cashew,d7562f154a039b9cb037d700,0.01,32,10,0.3125,0.4700276851654053,0.0,0.6000000238418579,1.0
cashew,d7562f154a039b9cb037d700,0.05,32,10,0.3125,0.4700276851654053,0.0,0.6000000238418579,1.0
cashew,d7562f154a039b9cb037d700,0.1,32,11,0.34375,0.4700276851654053,0.0,0.6363636255264282,1.0
cashew,d7df4a2b68fb3f9ad9bf0632,0.01,32,30,0.9375,0.0015408992767333984,0.09999999999999998,0.5,0.9666666388511658
cashew,d7df4a2b68fb3f9ad9bf0632,0.05,32,32,1.0,0.0015408992767333984,0.125,0.5,0.96875
cashew,d7df4a2b68fb3f9ad9bf0632,0.1,32,32,1.0,0.0015408992767333984,0.125,0.5,0.96875
cashew,dbda893cc54d6d998dc446f1,0.01,32,22,0.6875,9.5367431640625e-06,0.0,0.27272728085517883,0.8181818127632141
cashew,dbda893cc54d6d998dc446f1,0.05,32,23,0.71875,9.5367431640625e-06,0.0,0.30434781312942505,0.8260869383811951
cashew,dbda893cc54d6d998dc446f1,0.1,32,23,0.71875,9.5367431640625e-06,0.0,0.30434781312942505,0.8260869383811951
cashew,df54b67f7dd10f66bf4a784f,0.01,32,10,0.3125,0.2139221429824829,0.0,0.5,1.0
cashew,df54b67f7dd10f66bf4a784f,0.05,32,13,0.40625,0.2139221429824829,0.07692307692307687,0.5384615659713745,1.0
cashew,df54b67f7dd10f66bf4a784f,0.1,32,14,0.4375,0.2139221429824829,0.1428571428571429,0.5714285969734192,1.0
cashew,e0913a5a9591f115018022a9,0.01,32,31,0.96875,0.00017380714416503906,0.0,0.5483871102333069,1.0
cashew,e0913a5a9591f115018022a9,0.05,32,32,1.0,0.00017380714416503906,0.0,0.53125,1.0
cashew,e0913a5a9591f115018022a9,0.1,32,32,1.0,0.00017380714416503906,0.0,0.53125,1.0
cashew,e3cc8b4f0b2ea31708ddcd7d,0.01,32,10,0.3125,1.0730092525482178,0.0,0.6000000238418579,0.699999988079071
cashew,e3cc8b4f0b2ea31708ddcd7d,0.05,32,10,0.3125,1.0730092525482178,0.0,0.6000000238418579,0.699999988079071
cashew,e3cc8b4f0b2ea31708ddcd7d,0.1,32,10,0.3125,1.0730092525482178,0.0,0.6000000238418579,0.699999988079071
cashew,e4e4c93e7b5c12bae85dd5d4,0.01,32,9,0.28125,1.0244452953338623,0.0,0.2222222238779068,0.3333333432674408
cashew,e4e4c93e7b5c12bae85dd5d4,0.05,32,12,0.375,1.0244452953338623,0.0,0.25,0.25
cashew,e4e4c93e7b5c12bae85dd5d4,0.1,32,13,0.40625,1.0244452953338623,0.0,0.3076923191547394,0.3076923191547394
cashew,e536952d5769122adf6a4f40,0.01,32,0,0.0,4.796970367431641,,,
cashew,e536952d5769122adf6a4f40,0.05,32,0,0.0,4.796970367431641,,,
cashew,e536952d5769122adf6a4f40,0.1,32,0,0.0,4.796970367431641,,,
cashew,e7cbce5c566a94df22447ef5,0.01,32,32,1.0,0.00041484832763671875,0.03125,0.625,0.78125
cashew,e7cbce5c566a94df22447ef5,0.05,32,32,1.0,0.00041484832763671875,0.03125,0.625,0.78125
cashew,e7cbce5c566a94df22447ef5,0.1,32,32,1.0,0.00041484832763671875,0.03125,0.625,0.78125
cashew,e7cedae458e2d977b5a0c3cd,0.01,32,11,0.34375,0.3598174452781677,0.0,0.4545454680919647,1.0
cashew,e7cedae458e2d977b5a0c3cd,0.05,32,11,0.34375,0.3598174452781677,0.0,0.4545454680919647,1.0
cashew,e7cedae458e2d977b5a0c3cd,0.1,32,12,0.375,0.3598174452781677,0.0,0.5,1.0
cashew,ec49f72f6e3aee4222900e6a,0.01,32,10,0.3125,0.8849291801452637,0.09999999999999998,0.5,1.0
cashew,ec49f72f6e3aee4222900e6a,0.05,32,11,0.34375,0.8849291801452637,0.09090909090909094,0.5454545617103577,1.0
cashew,ec49f72f6e3aee4222900e6a,0.1,32,11,0.34375,0.8849291801452637,0.09090909090909094,0.5454545617103577,1.0
cashew,ee5b00d62ec57d3927f84f56,0.01,32,0,0.0,4.510695457458496,,,
cashew,ee5b00d62ec57d3927f84f56,0.05,32,0,0.0,4.510695457458496,,,
cashew,ee5b00d62ec57d3927f84f56,0.1,32,0,0.0,4.510695457458496,,,
cashew,f04e9dad27415fdc7e6079a1,0.01,32,19,0.59375,0.0012974441051483154,0.0,0.5263158082962036,1.0
cashew,f04e9dad27415fdc7e6079a1,0.05,32,20,0.625,0.0012974441051483154,0.0,0.550000011920929,1.0
cashew,f04e9dad27415fdc7e6079a1,0.1,32,20,0.625,0.0012974441051483154,0.0,0.550000011920929,1.0
cashew,f7a207a5dd270e194eab27c7,0.01,32,28,0.875,5.5730342864990234e-05,0.0,0.5535714030265808,1.0
cashew,f7a207a5dd270e194eab27c7,0.05,32,28,0.875,5.5730342864990234e-05,0.0,0.5535714030265808,1.0
cashew,f7a207a5dd270e194eab27c7,0.1,32,28,0.875,5.5730342864990234e-05,0.0,0.5535714030265808,1.0
cashew,f9d9af57400f66220a34f637,0.01,32,0,0.0,1.9711017608642578,,,
cashew,f9d9af57400f66220a34f637,0.05,32,0,0.0,1.9711017608642578,,,
cashew,f9d9af57400f66220a34f637,0.1,32,0,0.0,1.9711017608642578,,,
cashew,fe8ed26e05c408e11a9b70ab,0.01,32,15,0.46875,0.02042412757873535,0.0,0.6000000238418579,0.800000011920929
cashew,fe8ed26e05c408e11a9b70ab,0.05,32,17,0.53125,0.02042412757873535,0.0,0.5882353186607361,0.8235294222831726
cashew,fe8ed26e05c408e11a9b70ab,0.1,32,17,0.53125,0.02042412757873535,0.0,0.5882353186607361,0.8235294222831726
cashew,ffc319baed47c4ac460ee579,0.01,32,8,0.25,0.9159829616546631,0.0,0.625,1.0
cashew,ffc319baed47c4ac460ee579,0.05,32,10,0.3125,0.9159829616546631,0.0,0.5,1.0
cashew,ffc319baed47c4ac460ee579,0.1,32,10,0.3125,0.9159829616546631,0.0,0.5,1.0
chewinggum,01c91be7ff0cb9e3f109b773,0.01,32,32,1.0,1.1205673217773438e-05,0.0,0.421875,1.0
chewinggum,01c91be7ff0cb9e3f109b773,0.05,32,32,1.0,1.1205673217773438e-05,0.0,0.421875,1.0
chewinggum,01c91be7ff0cb9e3f109b773,0.1,32,32,1.0,1.1205673217773438e-05,0.0,0.421875,1.0
chewinggum,058136b0d5e25024c80f75ca,0.01,32,0,0.0,4.0673441886901855,,,
chewinggum,058136b0d5e25024c80f75ca,0.05,32,2,0.0625,4.0673441886901855,0.0,0.0,1.0
chewinggum,058136b0d5e25024c80f75ca,0.1,32,2,0.0625,4.0673441886901855,0.0,0.0,1.0
chewinggum,058fdc068c35a2b940e25fab,0.01,32,2,0.0625,1.3064146041870117,0.0,0.5,1.0
chewinggum,058fdc068c35a2b940e25fab,0.05,32,3,0.09375,1.3064146041870117,0.0,0.6666666865348816,0.6666666865348816
chewinggum,058fdc068c35a2b940e25fab,0.1,32,5,0.15625,1.3064146041870117,0.19999999999999996,0.4000000059604645,0.4000000059604645
chewinggum,0656dd5366d7e40d22f6acab,0.01,32,12,0.375,1.9195356369018555,0.0,0.6666666865348816,0.5833333134651184
chewinggum,0656dd5366d7e40d22f6acab,0.05,32,12,0.375,1.9195356369018555,0.0,0.6666666865348816,0.5833333134651184
chewinggum,0656dd5366d7e40d22f6acab,0.1,32,12,0.375,1.9195356369018555,0.0,0.6666666865348816,0.5833333134651184
chewinggum,066a3dca9607bb33aaa4780b,0.01,32,0,0.0,6.070379734039307,,,
chewinggum,066a3dca9607bb33aaa4780b,0.05,32,0,0.0,6.070379734039307,,,
chewinggum,066a3dca9607bb33aaa4780b,0.1,32,0,0.0,6.070379734039307,,,
chewinggum,06b0186aca1c70e236744d28,0.01,32,15,0.46875,0.018081188201904297,0.0,0.46666666865348816,1.0
chewinggum,06b0186aca1c70e236744d28,0.05,32,18,0.5625,0.018081188201904297,0.0,0.5555555820465088,1.0
chewinggum,06b0186aca1c70e236744d28,0.1,32,18,0.5625,0.018081188201904297,0.0,0.5555555820465088,1.0
chewinggum,0a215adeb5b013c30c68fd0e,0.01,32,5,0.15625,3.7319583892822266,0.19999999999999996,0.6000000238418579,1.0
chewinggum,0a215adeb5b013c30c68fd0e,0.05,32,8,0.25,3.7319583892822266,0.125,0.5,1.0
chewinggum,0a215adeb5b013c30c68fd0e,0.1,32,8,0.25,3.7319583892822266,0.125,0.5,1.0
chewinggum,0ca74c4813d20d80df7541b2,0.01,32,16,0.5,0.07276439666748047,0.0,0.375,0.875
chewinggum,0ca74c4813d20d80df7541b2,0.05,32,16,0.5,0.07276439666748047,0.0,0.375,0.875
chewinggum,0ca74c4813d20d80df7541b2,0.1,32,16,0.5,0.07276439666748047,0.0,0.375,0.875
chewinggum,0d13d83973f60d6578a512be,0.01,32,10,0.3125,0.01577615737915039,0.09999999999999998,0.30000001192092896,1.0
chewinggum,0d13d83973f60d6578a512be,0.05,32,23,0.71875,0.01577615737915039,0.08695652173913049,0.47826087474823,0.9130434989929199
chewinggum,0d13d83973f60d6578a512be,0.1,32,26,0.8125,0.01577615737915039,0.15384615384615385,0.4615384638309479,0.9230769276618958
chewinggum,0de49ef61d0bd6bccf204ccc,0.01,32,16,0.5,0.010636091232299805,0.0625,0.5,0.5
chewinggum,0de49ef61d0bd6bccf204ccc,0.05,32,19,0.59375,0.010636091232299805,0.052631578947368474,0.42105263471603394,0.4736842215061188
chewinggum,0de49ef61d0bd6bccf204ccc,0.1,32,20,0.625,0.010636091232299805,0.09999999999999998,0.4000000059604645,0.44999998807907104
chewinggum,11378845b801961ca81f4c3f,0.01,32,32,1.0,7.534027099609375e-05,0.0,0.375,0.46875
chewinggum,11378845b801961ca81f4c3f,0.05,32,32,1.0,7.534027099609375e-05,0.0,0.375,0.46875
chewinggum,11378845b801961ca81f4c3f,0.1,32,32,1.0,7.534027099609375e-05,0.0,0.375,0.46875
chewinggum,14071f493f44fe45e4e06ab9,0.01,32,3,0.09375,1.4023771286010742,0.0,0.6666666865348816,1.0
chewinggum,14071f493f44fe45e4e06ab9,0.05,32,4,0.125,1.4023771286010742,0.0,0.5,1.0
chewinggum,14071f493f44fe45e4e06ab9,0.1,32,5,0.15625,1.4023771286010742,0.0,0.6000000238418579,1.0
chewinggum,1426282f6fdb9fcf4076b880,0.01,32,4,0.125,1.2559657096862793,0.0,0.5,0.75
chewinggum,1426282f6fdb9fcf4076b880,0.05,32,8,0.25,1.2559657096862793,0.0,0.5,0.875
chewinggum,1426282f6fdb9fcf4076b880,0.1,32,9,0.28125,1.2559657096862793,0.0,0.4444444477558136,0.8888888955116272
chewinggum,16586200efa0c514159f57b9,0.01,32,10,0.3125,6.686365604400635,0.0,0.4000000059604645,0.800000011920929
chewinggum,16586200efa0c514159f57b9,0.05,32,10,0.3125,6.686365604400635,0.0,0.4000000059604645,0.800000011920929
chewinggum,16586200efa0c514159f57b9,0.1,32,10,0.3125,6.686365604400635,0.0,0.4000000059604645,0.800000011920929
chewinggum,1da7d41a6310e559ae3be57e,0.01,32,0,0.0,7.470836639404297,,,
chewinggum,1da7d41a6310e559ae3be57e,0.05,32,0,0.0,7.470836639404297,,,
chewinggum,1da7d41a6310e559ae3be57e,0.1,32,0,0.0,7.470836639404297,,,
chewinggum,1efee72500fad7320b5be130,0.01,32,6,0.1875,3.300442695617676,0.0,0.6666666865348816,1.0
chewinggum,1efee72500fad7320b5be130,0.05,32,8,0.25,3.300442695617676,0.0,0.5,1.0
chewinggum,1efee72500fad7320b5be130,0.1,32,8,0.25,3.300442695617676,0.0,0.5,1.0
chewinggum,23d7a1f983cb6af4c2c9d031,0.01,32,15,0.46875,0.012319564819335938,0.0,0.6000000238418579,0.800000011920929
chewinggum,23d7a1f983cb6af4c2c9d031,0.05,32,25,0.78125,0.012319564819335938,0.0,0.6000000238418579,0.800000011920929
chewinggum,23d7a1f983cb6af4c2c9d031,0.1,32,25,0.78125,0.012319564819335938,0.0,0.6000000238418579,0.800000011920929
chewinggum,25e539f58ee72a7486474724,0.01,32,0,0.0,6.90521240234375,,,
chewinggum,25e539f58ee72a7486474724,0.05,32,0,0.0,6.90521240234375,,,
chewinggum,25e539f58ee72a7486474724,0.1,32,0,0.0,6.90521240234375,,,
chewinggum,28ab490ec39dbee5492f45e3,0.01,32,4,0.125,4.753875732421875,0.0,0.5,0.75
chewinggum,28ab490ec39dbee5492f45e3,0.05,32,4,0.125,4.753875732421875,0.0,0.5,0.75
chewinggum,28ab490ec39dbee5492f45e3,0.1,32,4,0.125,4.753875732421875,0.0,0.5,0.75
chewinggum,2c8daa2c454cf275b65d181e,0.01,32,23,0.71875,0.001846015453338623,0.0,0.3913043439388275,0.739130437374115
chewinggum,2c8daa2c454cf275b65d181e,0.05,32,26,0.8125,0.001846015453338623,0.038461538461538436,0.4615384638309479,0.692307710647583
chewinggum,2c8daa2c454cf275b65d181e,0.1,32,26,0.8125,0.001846015453338623,0.038461538461538436,0.4615384638309479,0.692307710647583
chewinggum,2f3f1dded7b308e1144f5993,0.01,32,14,0.4375,0.016922712326049805,0.0714285714285714,0.3571428656578064,0.8571428656578064
chewinggum,2f3f1dded7b308e1144f5993,0.05,32,18,0.5625,0.016922712326049805,0.05555555555555558,0.3333333432674408,0.8888888955116272
chewinggum,2f3f1dded7b308e1144f5993,0.1,32,18,0.5625,0.016922712326049805,0.05555555555555558,0.3333333432674408,0.8888888955116272
chewinggum,316a2b9030ceb3d732e954e9,0.01,32,6,0.1875,2.7479467391967773,0.0,0.3333333432674408,1.0
chewinggum,316a2b9030ceb3d732e954e9,0.05,32,7,0.21875,2.7479467391967773,0.0,0.4285714328289032,0.8571428656578064
chewinggum,316a2b9030ceb3d732e954e9,0.1,32,8,0.25,2.7479467391967773,0.0,0.375,0.875
chewinggum,349a6a13625d07784818747e,0.01,32,32,1.0,2.2649765014648438e-05,0.0,0.46875,1.0
chewinggum,349a6a13625d07784818747e,0.05,32,32,1.0,2.2649765014648438e-05,0.0,0.46875,1.0
chewinggum,349a6a13625d07784818747e,0.1,32,32,1.0,2.2649765014648438e-05,0.0,0.46875,1.0
chewinggum,3a714fadba9884c8fdd58c13,0.01,32,21,0.65625,0.004366636276245117,0.0,0.5714285969734192,0.6666666865348816
chewinggum,3a714fadba9884c8fdd58c13,0.05,32,27,0.84375,0.004366636276245117,0.0,0.48148149251937866,0.7407407164573669
chewinggum,3a714fadba9884c8fdd58c13,0.1,32,27,0.84375,0.004366636276245117,0.0,0.48148149251937866,0.7407407164573669
chewinggum,3de82da3ee7f68761919ff55,0.01,32,3,0.09375,4.0029754638671875,0.0,0.3333333432674408,0.6666666865348816
chewinggum,3de82da3ee7f68761919ff55,0.05,32,4,0.125,4.0029754638671875,0.0,0.5,0.75
chewinggum,3de82da3ee7f68761919ff55,0.1,32,4,0.125,4.0029754638671875,0.0,0.5,0.75
chewinggum,48069a8a6bd662ffe1e95f65,0.01,32,0,0.0,6.182658672332764,,,
chewinggum,48069a8a6bd662ffe1e95f65,0.05,32,0,0.0,6.182658672332764,,,
chewinggum,48069a8a6bd662ffe1e95f65,0.1,32,0,0.0,6.182658672332764,,,
chewinggum,4a67af721b0f452ae820ab9e,0.01,32,6,0.1875,0.6729636192321777,0.0,0.6666666865348816,0.8333333134651184
chewinggum,4a67af721b0f452ae820ab9e,0.05,32,10,0.3125,0.6729636192321777,0.0,0.5,0.8999999761581421
chewinggum,4a67af721b0f452ae820ab9e,0.1,32,11,0.34375,0.6729636192321777,0.09090909090909094,0.4545454680919647,0.9090909361839294
chewinggum,4ce8caa4d5fb35894db6152c,0.01,32,3,0.09375,1.5204060077667236,0.0,0.0,1.0
chewinggum,4ce8caa4d5fb35894db6152c,0.05,32,7,0.21875,1.5204060077667236,0.0,0.2857142984867096,0.5714285969734192
chewinggum,4ce8caa4d5fb35894db6152c,0.1,32,7,0.21875,1.5204060077667236,0.0,0.2857142984867096,0.5714285969734192
chewinggum,4db38eca7671a54c08d8a241,0.01,32,6,0.1875,1.1024842262268066,0.0,0.3333333432674408,1.0
chewinggum,4db38eca7671a54c08d8a241,0.05,32,8,0.25,1.1024842262268066,0.0,0.25,1.0
chewinggum,4db38eca7671a54c08d8a241,0.1,32,8,0.25,1.1024842262268066,0.0,0.25,1.0
chewinggum,546ff008627482c4c8df8e5e,0.01,32,5,0.15625,2.434206008911133,0.0,0.4000000059604645,0.800000011920929
chewinggum,546ff008627482c4c8df8e5e,0.05,32,11,0.34375,2.434206008911133,0.0,0.5454545617103577,0.9090909361839294
chewinggum,546ff008627482c4c8df8e5e,0.1,32,11,0.34375,2.434206008911133,0.0,0.5454545617103577,0.9090909361839294
chewinggum,550d24c52247875e84fee4c5,0.01,32,5,0.15625,2.1241073608398438,0.0,0.4000000059604645,0.4000000059604645
chewinggum,550d24c52247875e84fee4c5,0.05,32,8,0.25,2.1241073608398438,0.0,0.5,0.625
chewinggum,550d24c52247875e84fee4c5,0.1,32,9,0.28125,2.1241073608398438,0.0,0.4444444477558136,0.5555555820465088
chewinggum,55ffe1213acac57a90248c8a,0.01,32,2,0.0625,4.653440475463867,0.0,0.5,0.0
chewinggum,55ffe1213acac57a90248c8a,0.05,32,2,0.0625,4.653440475463867,0.0,0.5,0.0
chewinggum,55ffe1213acac57a90248c8a,0.1,32,2,0.0625,4.653440475463867,0.0,0.5,0.0
chewinggum,57c2ecd0a96379ea0c7060fd,0.01,32,11,0.34375,0.1193227767944336,0.0,0.27272728085517883,0.6363636255264282
chewinggum,57c2ecd0a96379ea0c7060fd,0.05,32,16,0.5,0.1193227767944336,0.0,0.4375,0.5
chewinggum,57c2ecd0a96379ea0c7060fd,0.1,32,16,0.5,0.1193227767944336,0.0,0.4375,0.5
chewinggum,594811ad03538d5f3e534da8,0.01,32,13,0.40625,0.013429641723632812,0.0,0.6153846383094788,0.4615384638309479
chewinggum,594811ad03538d5f3e534da8,0.05,32,22,0.6875,0.013429641723632812,0.13636363636363635,0.5454545617103577,0.5909090638160706
chewinggum,594811ad03538d5f3e534da8,0.1,32,23,0.71875,0.013429641723632812,0.17391304347826086,0.5652173757553101,0.6086956262588501
chewinggum,5adeb3e51cd2592ede1e6f48,0.01,32,14,0.4375,0.4528675079345703,0.0,0.4285714328289032,0.2857142984867096
chewinggum,5adeb3e51cd2592ede1e6f48,0.05,32,15,0.46875,0.4528675079345703,0.0,0.4000000059604645,0.3333333432674408
chewinggum,5adeb3e51cd2592ede1e6f48,0.1,32,15,0.46875,0.4528675079345703,0.0,0.4000000059604645,0.3333333432674408
chewinggum,5ecd4be6a68581edcdb39434,0.01,32,31,0.96875,0.0010042190551757812,0.0,0.5161290168762207,0.9032257795333862
chewinggum,5ecd4be6a68581edcdb39434,0.05,32,32,1.0,0.0010042190551757812,0.0,0.53125,0.90625
chewinggum,5ecd4be6a68581edcdb39434,0.1,32,32,1.0,0.0010042190551757812,0.0,0.53125,0.90625
chewinggum,628d52de4893ab48b55425e2,0.01,32,1,0.03125,4.1998443603515625,0.0,1.0,0.0
chewinggum,628d52de4893ab48b55425e2,0.05,32,1,0.03125,4.1998443603515625,0.0,1.0,0.0
chewinggum,628d52de4893ab48b55425e2,0.1,32,1,0.03125,4.1998443603515625,0.0,1.0,0.0
chewinggum,678f6a5b1c4cb06377ba65ff,0.01,32,7,0.21875,2.4889936447143555,0.0,0.5714285969734192,0.0
chewinggum,678f6a5b1c4cb06377ba65ff,0.05,32,10,0.3125,2.4889936447143555,0.0,0.6000000238418579,0.0
chewinggum,678f6a5b1c4cb06377ba65ff,0.1,32,10,0.3125,2.4889936447143555,0.0,0.6000000238418579,0.0
chewinggum,6b489d8ce783a4e5cfab852e,0.01,32,3,0.09375,2.087283134460449,0.0,0.3333333432674408,1.0
chewinggum,6b489d8ce783a4e5cfab852e,0.05,32,8,0.25,2.087283134460449,0.125,0.75,1.0
chewinggum,6b489d8ce783a4e5cfab852e,0.1,32,9,0.28125,2.087283134460449,0.11111111111111116,0.6666666865348816,1.0
chewinggum,6ccd23e541128fabb48b58f5,0.01,32,0,0.0,3.485001564025879,,,
chewinggum,6ccd23e541128fabb48b58f5,0.05,32,0,0.0,3.485001564025879,,,
chewinggum,6ccd23e541128fabb48b58f5,0.1,32,0,0.0,3.485001564025879,,,
chewinggum,6dee22a05f1671109ed92efd,0.01,32,2,0.0625,4.139176845550537,0.0,0.0,0.5
chewinggum,6dee22a05f1671109ed92efd,0.05,32,4,0.125,4.139176845550537,0.0,0.25,0.5
chewinggum,6dee22a05f1671109ed92efd,0.1,32,4,0.125,4.139176845550537,0.0,0.25,0.5
chewinggum,6eb4bac5e25cf94ca96e504a,0.01,32,3,0.09375,4.1809868812561035,0.0,0.3333333432674408,1.0
chewinggum,6eb4bac5e25cf94ca96e504a,0.05,32,6,0.1875,4.1809868812561035,0.33333333333333337,0.3333333432674408,1.0
chewinggum,6eb4bac5e25cf94ca96e504a,0.1,32,7,0.21875,4.1809868812561035,0.2857142857142857,0.4285714328289032,1.0
chewinggum,714ddb5f39389254f52215cb,0.01,32,1,0.03125,9.638835906982422,0.0,0.0,1.0
chewinggum,714ddb5f39389254f52215cb,0.05,32,2,0.0625,9.638835906982422,0.0,0.5,1.0
chewinggum,714ddb5f39389254f52215cb,0.1,32,2,0.0625,9.638835906982422,0.0,0.5,1.0
chewinggum,71510b5258e73094aff46487,0.01,32,1,0.03125,1.8930435180664062,0.0,1.0,1.0
chewinggum,71510b5258e73094aff46487,0.05,32,5,0.15625,1.8930435180664062,0.0,0.800000011920929,1.0
chewinggum,71510b5258e73094aff46487,0.1,32,9,0.28125,1.8930435180664062,0.11111111111111116,0.7777777910232544,1.0
chewinggum,71a1f49ea0dfd82d2e66a6fd,0.01,32,4,0.125,4.999356269836426,0.0,0.25,0.0
chewinggum,71a1f49ea0dfd82d2e66a6fd,0.05,32,4,0.125,4.999356269836426,0.0,0.25,0.0
chewinggum,71a1f49ea0dfd82d2e66a6fd,0.1,32,4,0.125,4.999356269836426,0.0,0.25,0.0
chewinggum,75cfb13a0d50b224590bae09,0.01,32,5,0.15625,8.209120750427246,0.0,0.20000000298023224,1.0
chewinggum,75cfb13a0d50b224590bae09,0.05,32,5,0.15625,8.209120750427246,0.0,0.20000000298023224,1.0
chewinggum,75cfb13a0d50b224590bae09,0.1,32,5,0.15625,8.209120750427246,0.0,0.20000000298023224,1.0
chewinggum,760e3fb40a3440d60bbcaffa,0.01,32,0,0.0,9.597017288208008,,,
chewinggum,760e3fb40a3440d60bbcaffa,0.05,32,0,0.0,9.597017288208008,,,
chewinggum,760e3fb40a3440d60bbcaffa,0.1,32,0,0.0,9.597017288208008,,,
chewinggum,7d09d6313d3bb04b55659b4b,0.01,32,23,0.71875,0.001983165740966797,0.04347826086956519,0.5869565010070801,0.95652174949646
chewinggum,7d09d6313d3bb04b55659b4b,0.05,32,27,0.84375,0.001983165740966797,0.07407407407407407,0.5740740895271301,0.9629629850387573
chewinggum,7d09d6313d3bb04b55659b4b,0.1,32,27,0.84375,0.001983165740966797,0.07407407407407407,0.5740740895271301,0.9629629850387573
chewinggum,7d923ff020fdfd9fd54a3b58,0.01,32,18,0.5625,0.005789279937744141,0.05555555555555558,0.5,1.0
chewinggum,7d923ff020fdfd9fd54a3b58,0.05,32,20,0.625,0.005789279937744141,0.050000000000000044,0.5,1.0
chewinggum,7d923ff020fdfd9fd54a3b58,0.1,32,20,0.625,0.005789279937744141,0.050000000000000044,0.5,1.0
chewinggum,7dcfeac546baef5e8aaa8fb8,0.01,32,0,0.0,6.909808158874512,,,
chewinggum,7dcfeac546baef5e8aaa8fb8,0.05,32,0,0.0,6.909808158874512,,,
chewinggum,7dcfeac546baef5e8aaa8fb8,0.1,32,0,0.0,6.909808158874512,,,
chewinggum,7eafb47d721a03d0036f76f9,0.01,32,0,0.0,4.846786975860596,,,
chewinggum,7eafb47d721a03d0036f76f9,0.05,32,0,0.0,4.846786975860596,,,
chewinggum,7eafb47d721a03d0036f76f9,0.1,32,0,0.0,4.846786975860596,,,
chewinggum,83ea52edfb4329b3c3776f42,0.01,32,4,0.125,5.5384111404418945,0.0,0.5,1.0
chewinggum,83ea52edfb4329b3c3776f42,0.05,32,4,0.125,5.5384111404418945,0.0,0.5,1.0
chewinggum,83ea52edfb4329b3c3776f42,0.1,32,4,0.125,5.5384111404418945,0.0,0.5,1.0
chewinggum,8b4a3ccfd4132686b42fbcb9,0.01,32,2,0.0625,5.193656921386719,0.0,1.0,1.0
chewinggum,8b4a3ccfd4132686b42fbcb9,0.05,32,3,0.09375,5.193656921386719,0.0,1.0,1.0
chewinggum,8b4a3ccfd4132686b42fbcb9,0.1,32,3,0.09375,5.193656921386719,0.0,1.0,1.0
chewinggum,8fb92549b3e43959f6eb17fc,0.01,32,2,0.0625,1.6799139976501465,0.0,0.0,1.0
chewinggum,8fb92549b3e43959f6eb17fc,0.05,32,6,0.1875,1.6799139976501465,0.0,0.3333333432674408,1.0
chewinggum,8fb92549b3e43959f6eb17fc,0.1,32,8,0.25,1.6799139976501465,0.0,0.375,0.875
chewinggum,907f1f919b76044071c3b3f4,0.01,32,0,0.0,5.064404487609863,,,
chewinggum,907f1f919b76044071c3b3f4,0.05,32,0,0.0,5.064404487609863,,,
chewinggum,907f1f919b76044071c3b3f4,0.1,32,0,0.0,5.064404487609863,,,
chewinggum,95c759c74a2bc4da6fb0233c,0.01,32,1,0.03125,4.656752586364746,0.0,0.0,1.0
chewinggum,95c759c74a2bc4da6fb0233c,0.05,32,2,0.0625,4.656752586364746,0.0,0.0,1.0
chewinggum,95c759c74a2bc4da6fb0233c,0.1,32,2,0.0625,4.656752586364746,0.0,0.0,1.0
chewinggum,961217d6e90800dc2dd6d640,0.01,32,29,0.90625,0.0014896392822265625,0.03448275862068961,0.4482758641242981,0.6206896305084229
chewinggum,961217d6e90800dc2dd6d640,0.05,32,31,0.96875,0.0014896392822265625,0.032258064516129004,0.4516128897666931,0.6451612710952759
chewinggum,961217d6e90800dc2dd6d640,0.1,32,32,1.0,0.0014896392822265625,0.03125,0.46875,0.65625
chewinggum,9682ae478ce44793fcb0d7ed,0.01,32,0,0.0,5.422125816345215,,,
chewinggum,9682ae478ce44793fcb0d7ed,0.05,32,1,0.03125,5.422125816345215,0.0,1.0,1.0
chewinggum,9682ae478ce44793fcb0d7ed,0.1,32,1,0.03125,5.422125816345215,0.0,1.0,1.0
chewinggum,96fa156262347f370ab71a7b,0.01,32,0,0.0,5.300891399383545,,,
chewinggum,96fa156262347f370ab71a7b,0.05,32,0,0.0,5.300891399383545,,,
chewinggum,96fa156262347f370ab71a7b,0.1,32,0,0.0,5.300891399383545,,,
chewinggum,a5f89ec211748982c4996b06,0.01,32,6,0.1875,1.6228065490722656,0.0,0.5,0.1666666716337204
chewinggum,a5f89ec211748982c4996b06,0.05,32,11,0.34375,1.6228065490722656,0.0,0.6363636255264282,0.27272728085517883
chewinggum,a5f89ec211748982c4996b06,0.1,32,12,0.375,1.6228065490722656,0.0,0.6666666865348816,0.25
chewinggum,a6604db46904f300e84025c6,0.01,32,6,0.1875,5.722378730773926,0.0,0.1666666716337204,1.0
chewinggum,a6604db46904f300e84025c6,0.05,32,7,0.21875,5.722378730773926,0.0,0.2857142984867096,1.0
chewinggum,a6604db46904f300e84025c6,0.1,32,7,0.21875,5.722378730773926,0.0,0.2857142984867096,1.0
chewinggum,a6c99a156fd2b092f486ab36,0.01,32,10,0.3125,0.030544757843017578,0.0,0.800000011920929,0.8999999761581421
chewinggum,a6c99a156fd2b092f486ab36,0.05,32,20,0.625,0.030544757843017578,0.0,0.550000011920929,0.949999988079071
chewinggum,a6c99a156fd2b092f486ab36,0.1,32,21,0.65625,0.030544757843017578,0.0,0.5714285969734192,0.9523809552192688
chewinggum,a868ec24a48bd959b6736005,0.01,32,0,0.0,5.311345100402832,,,
chewinggum,a868ec24a48bd959b6736005,0.05,32,0,0.0,5.311345100402832,,,
chewinggum,a868ec24a48bd959b6736005,0.1,32,0,0.0,5.311345100402832,,,
chewinggum,a9cad478be6c540796456358,0.01,32,4,0.125,3.195591926574707,0.0,0.5,1.0
chewinggum,a9cad478be6c540796456358,0.05,32,8,0.25,3.195591926574707,0.0,0.75,1.0
chewinggum,a9cad478be6c540796456358,0.1,32,9,0.28125,3.195591926574707,0.0,0.7777777910232544,1.0
chewinggum,a9e5455f49085fb182da81e8,0.01,32,29,0.90625,0.0006745457649230957,0.0,0.48275861144065857,0.5862069129943848
chewinggum,a9e5455f49085fb182da81e8,0.05,32,31,0.96875,0.0006745457649230957,0.0,0.5161290168762207,0.5806451439857483
chewinggum,a9e5455f49085fb182da81e8,0.1,32,31,0.96875,0.0006745457649230957,0.0,0.5161290168762207,0.5806451439857483
chewinggum,aa6df5c1695f18acce21dd6e,0.01,32,8,0.25,0.636406421661377,0.0,0.25,1.0
chewinggum,aa6df5c1695f18acce21dd6e,0.05,32,11,0.34375,0.636406421661377,0.0,0.3636363744735718,1.0
chewinggum,aa6df5c1695f18acce21dd6e,0.1,32,12,0.375,0.636406421661377,0.08333333333333337,0.4166666567325592,1.0
chewinggum,acc95f7dd191a50935c60f0e,0.01,32,5,0.15625,2.6632609367370605,0.0,0.4000000059604645,1.0
chewinggum,acc95f7dd191a50935c60f0e,0.05,32,6,0.1875,2.6632609367370605,0.0,0.5,1.0
chewinggum,acc95f7dd191a50935c60f0e,0.1,32,6,0.1875,2.6632609367370605,0.0,0.5,1.0
chewinggum,ae4d8b7bd0627a96a5d5eaec,0.01,32,3,0.09375,4.783419609069824,0.0,0.6666666865348816,0.0
chewinggum,ae4d8b7bd0627a96a5d5eaec,0.05,32,4,0.125,4.783419609069824,0.0,0.75,0.25
chewinggum,ae4d8b7bd0627a96a5d5eaec,0.1,32,4,0.125,4.783419609069824,0.0,0.75,0.25
chewinggum,b05d167600b68cfe85542e05,0.01,32,31,0.96875,0.0013670921325683594,0.0,0.5483871102333069,0.5161290168762207
chewinggum,b05d167600b68cfe85542e05,0.05,32,32,1.0,0.0013670921325683594,0.0,0.53125,0.53125
chewinggum,b05d167600b68cfe85542e05,0.1,32,32,1.0,0.0013670921325683594,0.0,0.53125,0.53125
chewinggum,b91c2b36915f8ed62dfefe3b,0.01,32,19,0.59375,0.0038961172103881836,0.0,0.42105263471603394,1.0
chewinggum,b91c2b36915f8ed62dfefe3b,0.05,32,21,0.65625,0.0038961172103881836,0.0,0.4761904776096344,1.0
chewinggum,b91c2b36915f8ed62dfefe3b,0.1,32,21,0.65625,0.0038961172103881836,0.0,0.4761904776096344,1.0
chewinggum,badc60789706fd22253c8c7d,0.01,32,0,0.0,6.9895453453063965,,,
chewinggum,badc60789706fd22253c8c7d,0.05,32,1,0.03125,6.9895453453063965,0.0,1.0,0.0
chewinggum,badc60789706fd22253c8c7d,0.1,32,1,0.03125,6.9895453453063965,0.0,1.0,0.0
chewinggum,bb8826192d94b0b3d45ab97e,0.01,32,0,0.0,5.959072113037109,,,
chewinggum,bb8826192d94b0b3d45ab97e,0.05,32,0,0.0,5.959072113037109,,,
chewinggum,bb8826192d94b0b3d45ab97e,0.1,32,0,0.0,5.959072113037109,,,
chewinggum,bbb87f02316bdcdb3ec20877,0.01,32,17,0.53125,0.007424354553222656,0.0,0.29411765933036804,1.0
chewinggum,bbb87f02316bdcdb3ec20877,0.05,32,20,0.625,0.007424354553222656,0.0,0.3499999940395355,1.0
chewinggum,bbb87f02316bdcdb3ec20877,0.1,32,20,0.625,0.007424354553222656,0.0,0.3499999940395355,1.0
chewinggum,bc2f79cdb92b2ba2a7899fb5,0.01,32,1,0.03125,1.9887886047363281,0.0,0.0,1.0
chewinggum,bc2f79cdb92b2ba2a7899fb5,0.05,32,3,0.09375,1.9887886047363281,0.0,0.6666666865348816,1.0
chewinggum,bc2f79cdb92b2ba2a7899fb5,0.1,32,3,0.09375,1.9887886047363281,0.0,0.6666666865348816,1.0
chewinggum,bccc338c2696bbd76ac7532f,0.01,32,2,0.0625,7.425907135009766,0.0,0.5,0.5
chewinggum,bccc338c2696bbd76ac7532f,0.05,32,2,0.0625,7.425907135009766,0.0,0.5,0.5
chewinggum,bccc338c2696bbd76ac7532f,0.1,32,2,0.0625,7.425907135009766,0.0,0.5,0.5
chewinggum,bd8f7b7c687a57c6cf11cf1c,0.01,32,12,0.375,0.1190190315246582,0.0,0.4166666567325592,1.0
chewinggum,bd8f7b7c687a57c6cf11cf1c,0.05,32,13,0.40625,0.1190190315246582,0.0,0.4615384638309479,1.0
chewinggum,bd8f7b7c687a57c6cf11cf1c,0.1,32,15,0.46875,0.1190190315246582,0.0,0.4000000059604645,1.0
chewinggum,c1c358dc514e6c44ee209df1,0.01,32,10,0.3125,1.0253612995147705,0.0,0.6000000238418579,0.699999988079071
chewinggum,c1c358dc514e6c44ee209df1,0.05,32,12,0.375,1.0253612995147705,0.0,0.5,0.75
chewinggum,c1c358dc514e6c44ee209df1,0.1,32,12,0.375,1.0253612995147705,0.0,0.5,0.75
chewinggum,c518af4299fef196c70923cb,0.01,32,8,0.25,0.5445175170898438,0.0,0.625,0.25
chewinggum,c518af4299fef196c70923cb,0.05,32,14,0.4375,0.5445175170898438,0.0,0.6428571343421936,0.3571428656578064
chewinggum,c518af4299fef196c70923cb,0.1,32,14,0.4375,0.5445175170898438,0.0,0.6428571343421936,0.3571428656578064
chewinggum,c5b93025a1692c44cd687858,0.01,32,4,0.125,5.162281036376953,0.0,0.5,1.0
chewinggum,c5b93025a1692c44cd687858,0.05,32,4,0.125,5.162281036376953,0.0,0.5,1.0
chewinggum,c5b93025a1692c44cd687858,0.1,32,4,0.125,5.162281036376953,0.0,0.5,1.0
chewinggum,c6aeb6255ff59209d6664c5b,0.01,32,1,0.03125,4.320034503936768,0.0,1.0,0.0
chewinggum,c6aeb6255ff59209d6664c5b,0.05,32,3,0.09375,4.320034503936768,0.0,0.6666666865348816,0.3333333432674408
chewinggum,c6aeb6255ff59209d6664c5b,0.1,32,3,0.09375,4.320034503936768,0.0,0.6666666865348816,0.3333333432674408
chewinggum,c874b101e22e7a655bb3d46c,0.01,32,6,0.1875,3.5107192993164062,0.0,0.5,0.5
chewinggum,c874b101e22e7a655bb3d46c,0.05,32,6,0.1875,3.5107192993164062,0.0,0.5,0.5
chewinggum,c874b101e22e7a655bb3d46c,0.1,32,6,0.1875,3.5107192993164062,0.0,0.5,0.5
chewinggum,cd39f903e1e4c42b6e6a850f,0.01,32,2,0.0625,8.43205738067627,0.0,1.0,1.0
chewinggum,cd39f903e1e4c42b6e6a850f,0.05,32,2,0.0625,8.43205738067627,0.0,1.0,1.0
chewinggum,cd39f903e1e4c42b6e6a850f,0.1,32,2,0.0625,8.43205738067627,0.0,1.0,1.0
chewinggum,d0a5fa27d6e1dc450a56749e,0.01,32,0,0.0,6.762852668762207,,,
chewinggum,d0a5fa27d6e1dc450a56749e,0.05,32,0,0.0,6.762852668762207,,,
chewinggum,d0a5fa27d6e1dc450a56749e,0.1,32,0,0.0,6.762852668762207,,,
chewinggum,d24de2d56bf3392292afe0e5,0.01,32,0,0.0,5.817223072052002,,,
chewinggum,d24de2d56bf3392292afe0e5,0.05,32,0,0.0,5.817223072052002,,,
chewinggum,d24de2d56bf3392292afe0e5,0.1,32,0,0.0,5.817223072052002,,,
chewinggum,d6bddf44995bd449ba0c2466,0.01,32,4,0.125,3.577116012573242,0.0,0.5,0.25
chewinggum,d6bddf44995bd449ba0c2466,0.05,32,4,0.125,3.577116012573242,0.0,0.5,0.25
chewinggum,d6bddf44995bd449ba0c2466,0.1,32,4,0.125,3.577116012573242,0.0,0.5,0.25
chewinggum,da706121f003b105e2a4388a,0.01,32,1,0.03125,7.637439727783203,0.0,1.0,1.0
chewinggum,da706121f003b105e2a4388a,0.05,32,2,0.0625,7.637439727783203,0.0,0.5,1.0
chewinggum,da706121f003b105e2a4388a,0.1,32,2,0.0625,7.637439727783203,0.0,0.5,1.0
chewinggum,db132f55d3695ef283792e72,0.01,32,32,1.0,6.67572021484375e-06,0.0,0.53125,0.9375
chewinggum,db132f55d3695ef283792e72,0.05,32,32,1.0,6.67572021484375e-06,0.0,0.53125,0.9375
chewinggum,db132f55d3695ef283792e72,0.1,32,32,1.0,6.67572021484375e-06,0.0,0.53125,0.9375
chewinggum,de5dd2d41b4cbbc5fcf362a9,0.01,32,0,0.0,6.074822902679443,,,
chewinggum,de5dd2d41b4cbbc5fcf362a9,0.05,32,0,0.0,6.074822902679443,,,
chewinggum,de5dd2d41b4cbbc5fcf362a9,0.1,32,0,0.0,6.074822902679443,,,
chewinggum,de60294a69c40673294f5c8f,0.01,32,8,0.25,2.0129294395446777,0.0,0.8125,1.0
chewinggum,de60294a69c40673294f5c8f,0.05,32,13,0.40625,2.0129294395446777,0.0,0.7307692170143127,1.0
chewinggum,de60294a69c40673294f5c8f,0.1,32,14,0.4375,2.0129294395446777,0.0,0.6785714030265808,1.0
chewinggum,e12271f726d719bb5ae25d4a,0.01,32,29,0.90625,0.00228118896484375,0.03448275862068961,0.48275861144065857,0.48275861144065857
chewinggum,e12271f726d719bb5ae25d4a,0.05,32,32,1.0,0.00228118896484375,0.03125,0.46875,0.5
chewinggum,e12271f726d719bb5ae25d4a,0.1,32,32,1.0,0.00228118896484375,0.03125,0.46875,0.5
chewinggum,ed40ad1222413fa954e7d598,0.01,32,4,0.125,7.6286773681640625,0.0,0.5,1.0
chewinggum,ed40ad1222413fa954e7d598,0.05,32,4,0.125,7.6286773681640625,0.0,0.5,1.0
chewinggum,ed40ad1222413fa954e7d598,0.1,32,4,0.125,7.6286773681640625,0.0,0.5,1.0
chewinggum,f1f82d74d86d7fe2c2a2991b,0.01,32,32,1.0,0.0003514885902404785,0.0,0.5625,0.9375
chewinggum,f1f82d74d86d7fe2c2a2991b,0.05,32,32,1.0,0.0003514885902404785,0.0,0.5625,0.9375
chewinggum,f1f82d74d86d7fe2c2a2991b,0.1,32,32,1.0,0.0003514885902404785,0.0,0.5625,0.9375
chewinggum,f2ef6adff4305d98747705d9,0.01,32,31,0.96875,0.00025607645511627197,0.0,0.4516128897666931,0.7096773982048035
chewinggum,f2ef6adff4305d98747705d9,0.05,32,32,1.0,0.00025607645511627197,0.03125,0.4375,0.6875
chewinggum,f2ef6adff4305d98747705d9,0.1,32,32,1.0,0.00025607645511627197,0.03125,0.4375,0.6875
chewinggum,f34461e5d329aaa195f61e70,0.01,32,0,0.0,7.890860557556152,,,
chewinggum,f34461e5d329aaa195f61e70,0.05,32,0,0.0,7.890860557556152,,,
chewinggum,f34461e5d329aaa195f61e70,0.1,32,0,0.0,7.890860557556152,,,
chewinggum,f64396309a7f0ebc28e5d4d2,0.01,32,2,0.0625,4.7776689529418945,0.0,0.5,1.0
chewinggum,f64396309a7f0ebc28e5d4d2,0.05,32,6,0.1875,4.7776689529418945,0.0,0.5,1.0
chewinggum,f64396309a7f0ebc28e5d4d2,0.1,32,6,0.1875,4.7776689529418945,0.0,0.5,1.0
chewinggum,f8841723d4d2a206066c55af,0.01,32,0,0.0,6.331767559051514,,,
chewinggum,f8841723d4d2a206066c55af,0.05,32,0,0.0,6.331767559051514,,,
chewinggum,f8841723d4d2a206066c55af,0.1,32,0,0.0,6.331767559051514,,,
chewinggum,f90c7ef05315e1fbbd3fa860,0.01,32,0,0.0,3.2044873237609863,,,
chewinggum,f90c7ef05315e1fbbd3fa860,0.05,32,1,0.03125,3.2044873237609863,0.0,1.0,1.0
chewinggum,f90c7ef05315e1fbbd3fa860,0.1,32,2,0.0625,3.2044873237609863,0.0,1.0,1.0
chewinggum,fa38428ed8c89036246b6862,0.01,32,0,0.0,7.3657636642456055,,,
chewinggum,fa38428ed8c89036246b6862,0.05,32,0,0.0,7.3657636642456055,,,
chewinggum,fa38428ed8c89036246b6862,0.1,32,0,0.0,7.3657636642456055,,,
chewinggum,fc6e887528a8307b0920d255,0.01,32,12,0.375,0.030276775360107422,0.0,0.3333333432674408,0.5833333134651184
chewinggum,fc6e887528a8307b0920d255,0.05,32,20,0.625,0.030276775360107422,0.050000000000000044,0.3499999940395355,0.6499999761581421
chewinggum,fc6e887528a8307b0920d255,0.1,32,25,0.78125,0.030276775360107422,0.07999999999999996,0.36000001430511475,0.6399999856948853
chewinggum,fe2294ea97d7e7dd86903869,0.01,32,0,0.0,7.098676681518555,,,
chewinggum,fe2294ea97d7e7dd86903869,0.05,32,0,0.0,7.098676681518555,,,
chewinggum,fe2294ea97d7e7dd86903869,0.1,32,0,0.0,7.098676681518555,,,
fryum,0567f015e56225dc7b608691,0.01,32,12,0.375,0.020221590995788574,0.0,0.4166666567325592,0.9166666865348816
fryum,0567f015e56225dc7b608691,0.05,32,20,0.625,0.020221590995788574,0.15000000000000002,0.44999998807907104,0.949999988079071
fryum,0567f015e56225dc7b608691,0.1,32,20,0.625,0.020221590995788574,0.15000000000000002,0.44999998807907104,0.949999988079071
fryum,05e7d385d49a93944ed7d660,0.01,32,32,1.0,6.699562072753906e-05,0.0,0.46875,0.9375
fryum,05e7d385d49a93944ed7d660,0.05,32,32,1.0,6.699562072753906e-05,0.0,0.46875,0.9375
fryum,05e7d385d49a93944ed7d660,0.1,32,32,1.0,6.699562072753906e-05,0.0,0.46875,0.9375
fryum,0991fdba5270f68770239306,0.01,32,30,0.9375,0.0006233453750610352,0.0,0.6000000238418579,0.4000000059604645
fryum,0991fdba5270f68770239306,0.05,32,30,0.9375,0.0006233453750610352,0.0,0.6000000238418579,0.4000000059604645
fryum,0991fdba5270f68770239306,0.1,32,31,0.96875,0.0006233453750610352,0.0,0.6129032373428345,0.3870967626571655
fryum,0ce7b5f90467de3134ed6800,0.01,32,2,0.0625,1.239823818206787,0.0,1.0,0.0
fryum,0ce7b5f90467de3134ed6800,0.05,32,4,0.125,1.239823818206787,0.0,1.0,0.5
fryum,0ce7b5f90467de3134ed6800,0.1,32,6,0.1875,1.239823818206787,0.16666666666666663,1.0,0.6666666865348816
fryum,0dc73ea3b7f6abcbf1a04e2d,0.01,32,3,0.09375,4.213721752166748,0.0,0.6666666865348816,1.0
fryum,0dc73ea3b7f6abcbf1a04e2d,0.05,32,3,0.09375,4.213721752166748,0.0,0.6666666865348816,1.0
fryum,0dc73ea3b7f6abcbf1a04e2d,0.1,32,3,0.09375,4.213721752166748,0.0,0.6666666865348816,1.0
fryum,0fdaf1bb08e3c9e6bdb2479d,0.01,32,0,0.0,3.054143190383911,,,
fryum,0fdaf1bb08e3c9e6bdb2479d,0.05,32,0,0.0,3.054143190383911,,,
fryum,0fdaf1bb08e3c9e6bdb2479d,0.1,32,0,0.0,3.054143190383911,,,
fryum,11a192dfa2971876b4b07756,0.01,32,32,1.0,0.00031381845474243164,0.0,0.53125,0.875
fryum,11a192dfa2971876b4b07756,0.05,32,32,1.0,0.00031381845474243164,0.0,0.53125,0.875
fryum,11a192dfa2971876b4b07756,0.1,32,32,1.0,0.00031381845474243164,0.0,0.53125,0.875
fryum,162aa2d55827363b0db982d3,0.01,32,32,1.0,5.167722702026367e-05,0.0,0.484375,0.9375
fryum,162aa2d55827363b0db982d3,0.05,32,32,1.0,5.167722702026367e-05,0.0,0.484375,0.9375
fryum,162aa2d55827363b0db982d3,0.1,32,32,1.0,5.167722702026367e-05,0.0,0.484375,0.9375
fryum,1e408470abc1d14f529400cf,0.01,20,20,1.0,8.188188076019287e-05,0.0,0.3499999940395355,0.8999999761581421
fryum,1e408470abc1d14f529400cf,0.05,20,20,1.0,8.188188076019287e-05,0.0,0.3499999940395355,0.8999999761581421
fryum,1e408470abc1d14f529400cf,0.1,20,20,1.0,8.188188076019287e-05,0.0,0.3499999940395355,0.8999999761581421
fryum,232aebca13c2a3b682c8b7ff,0.01,29,2,0.06896551724137931,1.2068662643432617,0.0,0.5,1.0
fryum,232aebca13c2a3b682c8b7ff,0.05,29,2,0.06896551724137931,1.2068662643432617,0.0,0.5,1.0
fryum,232aebca13c2a3b682c8b7ff,0.1,29,2,0.06896551724137931,1.2068662643432617,0.0,0.5,1.0
fryum,2659ffa91556eeb0ae66d2a3,0.01,27,2,0.07407407407407407,0.9307239055633545,0.0,0.5,1.0
fryum,2659ffa91556eeb0ae66d2a3,0.05,27,2,0.07407407407407407,0.9307239055633545,0.0,0.5,1.0
fryum,2659ffa91556eeb0ae66d2a3,0.1,27,2,0.07407407407407407,0.9307239055633545,0.0,0.5,1.0
fryum,2b0ddfa999dd7cd84c31ef1b,0.01,32,32,1.0,5.429983139038086e-05,0.0,0.515625,0.8125
fryum,2b0ddfa999dd7cd84c31ef1b,0.05,32,32,1.0,5.429983139038086e-05,0.0,0.515625,0.8125
fryum,2b0ddfa999dd7cd84c31ef1b,0.1,32,32,1.0,5.429983139038086e-05,0.0,0.515625,0.8125
fryum,2bbd3ec51e301a81e9e62ea5,0.01,32,18,0.5625,0.008653402328491211,0.0,0.5,1.0
fryum,2bbd3ec51e301a81e9e62ea5,0.05,32,24,0.75,0.008653402328491211,0.04166666666666663,0.5833333134651184,1.0
fryum,2bbd3ec51e301a81e9e62ea5,0.1,32,24,0.75,0.008653402328491211,0.04166666666666663,0.5833333134651184,1.0
fryum,2f9c70e940c5c4abd5608c63,0.01,32,32,1.0,2.0742416381835938e-05,0.0,0.546875,0.90625
fryum,2f9c70e940c5c4abd5608c63,0.05,32,32,1.0,2.0742416381835938e-05,0.0,0.546875,0.90625
fryum,2f9c70e940c5c4abd5608c63,0.1,32,32,1.0,2.0742416381835938e-05,0.0,0.546875,0.90625
fryum,3155f2ae7b4e017f3e4e86f1,0.01,32,17,0.53125,0.008936405181884766,0.05882352941176472,0.4117647111415863,1.0
fryum,3155f2ae7b4e017f3e4e86f1,0.05,32,22,0.6875,0.008936405181884766,0.045454545454545414,0.40909090638160706,1.0
fryum,3155f2ae7b4e017f3e4e86f1,0.1,32,24,0.75,0.008936405181884766,0.08333333333333337,0.4166666567325592,1.0
fryum,331edf617fbde0bfb7ff3460,0.01,32,4,0.125,2.0413625240325928,0.0,0.75,0.0
fryum,331edf617fbde0bfb7ff3460,0.05,32,4,0.125,2.0413625240325928,0.0,0.75,0.0
fryum,331edf617fbde0bfb7ff3460,0.1,32,4,0.125,2.0413625240325928,0.0,0.75,0.0
fryum,34bfd09d3c9568afa40da658,0.01,14,14,1.0,0.0011042356491088867,0.0,0.2857142984867096,1.0
fryum,34bfd09d3c9568afa40da658,0.05,14,14,1.0,0.0011042356491088867,0.0,0.2857142984867096,1.0
fryum,34bfd09d3c9568afa40da658,0.1,14,14,1.0,0.0011042356491088867,0.0,0.2857142984867096,1.0
fryum,3532bae072497217ef8de7cb,0.01,32,1,0.03125,0.5961158275604248,0.0,0.0,1.0
fryum,3532bae072497217ef8de7cb,0.05,32,4,0.125,0.5961158275604248,0.25,0.25,1.0
fryum,3532bae072497217ef8de7cb,0.1,32,4,0.125,0.5961158275604248,0.25,0.25,1.0
fryum,353de009f49fc1c9357fcd65,0.01,32,29,0.90625,0.0030105113983154297,0.0,0.517241358757019,0.517241358757019
fryum,353de009f49fc1c9357fcd65,0.05,32,32,1.0,0.0030105113983154297,0.0,0.53125,0.53125
fryum,353de009f49fc1c9357fcd65,0.1,32,32,1.0,0.0030105113983154297,0.0,0.53125,0.53125
fryum,3d13dece78f48cf7fa45ca33,0.01,32,18,0.5625,0.007552623748779297,0.0,0.5555555820465088,0.8888888955116272
fryum,3d13dece78f48cf7fa45ca33,0.05,32,20,0.625,0.007552623748779297,0.0,0.5,0.8999999761581421
fryum,3d13dece78f48cf7fa45ca33,0.1,32,20,0.625,0.007552623748779297,0.0,0.5,0.8999999761581421
fryum,3f1ab61fe56559b5322f63dc,0.01,32,6,0.1875,0.5495080947875977,0.16666666666666663,0.5,0.3333333432674408
fryum,3f1ab61fe56559b5322f63dc,0.05,32,11,0.34375,0.5495080947875977,0.18181818181818177,0.5454545617103577,0.3636363744735718
fryum,3f1ab61fe56559b5322f63dc,0.1,32,11,0.34375,0.5495080947875977,0.18181818181818177,0.5454545617103577,0.3636363744735718
fryum,3f616e47db6081139aa9591a,0.01,32,10,0.3125,0.9248874187469482,0.0,0.699999988079071,0.800000011920929
fryum,3f616e47db6081139aa9591a,0.05,32,10,0.3125,0.9248874187469482,0.0,0.699999988079071,0.800000011920929
fryum,3f616e47db6081139aa9591a,0.1,32,11,0.34375,0.9248874187469482,0.0,0.7272727489471436,0.8181818127632141
fryum,42f250bd04d6cb63ef16c4d1,0.01,32,29,0.90625,0.0031031370162963867,0.0,0.4482758641242981,1.0
fryum,42f250bd04d6cb63ef16c4d1,0.05,32,31,0.96875,0.0031031370162963867,0.032258064516129004,0.4516128897666931,1.0
fryum,42f250bd04d6cb63ef16c4d1,0.1,32,31,0.96875,0.0031031370162963867,0.032258064516129004,0.4516128897666931,1.0
fryum,436d87387232af5c8e6b4e54,0.01,32,15,0.46875,0.03168344497680664,0.0,0.3333333432674408,0.06666667014360428
fryum,436d87387232af5c8e6b4e54,0.05,32,17,0.53125,0.03168344497680664,0.0,0.4117647111415863,0.11764705926179886
fryum,436d87387232af5c8e6b4e54,0.1,32,17,0.53125,0.03168344497680664,0.0,0.4117647111415863,0.11764705926179886
fryum,44b07ba50ec832f94c291ff2,0.01,32,32,1.0,3.5703182220458984e-05,0.0,0.5625,0.75
fryum,44b07ba50ec832f94c291ff2,0.05,32,32,1.0,3.5703182220458984e-05,0.0,0.5625,0.75
fryum,44b07ba50ec832f94c291ff2,0.1,32,32,1.0,3.5703182220458984e-05,0.0,0.5625,0.75
fryum,46c4a50ff056ee2902a26b38,0.01,32,32,1.0,1.33514404296875e-05,0.0,0.515625,0.5
fryum,46c4a50ff056ee2902a26b38,0.05,32,32,1.0,1.33514404296875e-05,0.0,0.515625,0.5
fryum,46c4a50ff056ee2902a26b38,0.1,32,32,1.0,1.33514404296875e-05,0.0,0.515625,0.5
fryum,48f113c2ead423d88638113c,0.01,32,10,0.3125,0.04290056228637695,0.09999999999999998,0.30000001192092896,0.800000011920929
fryum,48f113c2ead423d88638113c,0.05,32,17,0.53125,0.04290056228637695,0.05882352941176472,0.4117647111415863,0.8823529481887817
fryum,48f113c2ead423d88638113c,0.1,32,18,0.5625,0.04290056228637695,0.05555555555555558,0.4444444477558136,0.8888888955116272
fryum,4fcabf5d56be189db9f6ef7d,0.01,32,32,1.0,6.488710641860962e-05,0.0,0.5625,0.8125
fryum,4fcabf5d56be189db9f6ef7d,0.05,32,32,1.0,6.488710641860962e-05,0.0,0.5625,0.8125
fryum,4fcabf5d56be189db9f6ef7d,0.1,32,32,1.0,6.488710641860962e-05,0.0,0.5625,0.8125
fryum,51e720649157b6d8b3828bf7,0.01,32,2,0.0625,0.8556966781616211,0.0,1.0,1.0
fryum,51e720649157b6d8b3828bf7,0.05,32,5,0.15625,0.8556966781616211,0.0,0.6000000238418579,1.0
fryum,51e720649157b6d8b3828bf7,0.1,32,5,0.15625,0.8556966781616211,0.0,0.6000000238418579,1.0
fryum,5b2fab7a0e399dec855935ef,0.01,32,32,1.0,5.370378494262695e-05,0.0,0.4375,0.8125
fryum,5b2fab7a0e399dec855935ef,0.05,32,32,1.0,5.370378494262695e-05,0.0,0.4375,0.8125
fryum,5b2fab7a0e399dec855935ef,0.1,32,32,1.0,5.370378494262695e-05,0.0,0.4375,0.8125
fryum,5d5db8e43375cbdd66727f4c,0.01,32,32,1.0,5.53131103515625e-05,0.0,0.65625,1.0
fryum,5d5db8e43375cbdd66727f4c,0.05,32,32,1.0,5.53131103515625e-05,0.0,0.65625,1.0
fryum,5d5db8e43375cbdd66727f4c,0.1,32,32,1.0,5.53131103515625e-05,0.0,0.65625,1.0
fryum,66794ed65d542169dff2c7dd,0.01,32,15,0.46875,0.019176959991455078,0.0,0.6666666865348816,1.0
fryum,66794ed65d542169dff2c7dd,0.05,32,17,0.53125,0.019176959991455078,0.0,0.6470588445663452,0.9411764740943909
fryum,66794ed65d542169dff2c7dd,0.1,32,21,0.65625,0.019176959991455078,0.1428571428571429,0.5714285969734192,0.8571428656578064
fryum,68972805f6af0e593581611e,0.01,17,17,1.0,2.4437904357910156e-05,0.0,0.47058823704719543,0.8823529481887817
fryum,68972805f6af0e593581611e,0.05,17,17,1.0,2.4437904357910156e-05,0.0,0.47058823704719543,0.8823529481887817
fryum,68972805f6af0e593581611e,0.1,17,17,1.0,2.4437904357910156e-05,0.0,0.47058823704719543,0.8823529481887817
fryum,6a83f42612ccc8d8c1801a32,0.01,32,32,1.0,1.919269561767578e-05,0.0,0.46875,0.6875
fryum,6a83f42612ccc8d8c1801a32,0.05,32,32,1.0,1.919269561767578e-05,0.0,0.46875,0.6875
fryum,6a83f42612ccc8d8c1801a32,0.1,32,32,1.0,1.919269561767578e-05,0.0,0.46875,0.6875
fryum,707a80fdfed85fafe655c101,0.01,32,10,0.3125,0.3950626850128174,0.0,0.4000000059604645,1.0
fryum,707a80fdfed85fafe655c101,0.05,32,10,0.3125,0.3950626850128174,0.0,0.4000000059604645,1.0
fryum,707a80fdfed85fafe655c101,0.1,32,11,0.34375,0.3950626850128174,0.0,0.4545454680919647,1.0
fryum,70a994ee33a5a5f98d1a906c,0.01,32,15,0.46875,0.9644925594329834,0.0,0.6000000238418579,0.6000000238418579
fryum,70a994ee33a5a5f98d1a906c,0.05,32,15,0.46875,0.9644925594329834,0.0,0.6000000238418579,0.6000000238418579
fryum,70a994ee33a5a5f98d1a906c,0.1,32,15,0.46875,0.9644925594329834,0.0,0.6000000238418579,0.6000000238418579
fryum,713a892fbe15f9c59edffe30,0.01,32,32,1.0,4.2557716369628906e-05,0.0,0.453125,0.96875
fryum,713a892fbe15f9c59edffe30,0.05,32,32,1.0,4.2557716369628906e-05,0.0,0.453125,0.96875
fryum,713a892fbe15f9c59edffe30,0.1,32,32,1.0,4.2557716369628906e-05,0.0,0.453125,0.96875
fryum,731d88a997a147686f6da045,0.01,32,32,1.0,8.511543273925781e-05,0.0,0.5625,0.96875
fryum,731d88a997a147686f6da045,0.05,32,32,1.0,8.511543273925781e-05,0.0,0.5625,0.96875
fryum,731d88a997a147686f6da045,0.1,32,32,1.0,8.511543273925781e-05,0.0,0.5625,0.96875
fryum,75b27c6c6e52d134a67b971e,0.01,32,32,1.0,2.8714537620544434e-05,0.0,0.5625,0.875
fryum,75b27c6c6e52d134a67b971e,0.05,32,32,1.0,2.8714537620544434e-05,0.0,0.5625,0.875
fryum,75b27c6c6e52d134a67b971e,0.1,32,32,1.0,2.8714537620544434e-05,0.0,0.5625,0.875
fryum,75cd49382fc73712226d88a5,0.01,32,11,0.34375,0.3681457042694092,0.0,0.3636363744735718,0.8181818127632141
fryum,75cd49382fc73712226d88a5,0.05,32,13,0.40625,0.3681457042694092,0.07692307692307687,0.38461539149284363,0.8461538553237915
fryum,75cd49382fc73712226d88a5,0.1,32,13,0.40625,0.3681457042694092,0.07692307692307687,0.38461539149284363,0.8461538553237915
fryum,76ae63a58d116bcef0b90bb7,0.01,32,30,0.9375,0.00010207295417785645,0.0,0.4333333373069763,0.9333333373069763
fryum,76ae63a58d116bcef0b90bb7,0.05,32,31,0.96875,0.00010207295417785645,0.0,0.4193548262119293,0.9354838728904724
fryum,76ae63a58d116bcef0b90bb7,0.1,32,31,0.96875,0.00010207295417785645,0.0,0.4193548262119293,0.9354838728904724
fryum,78bec2dc1371a65962c51669,0.01,32,0,0.0,1.3409779071807861,,,
fryum,78bec2dc1371a65962c51669,0.05,32,0,0.0,1.3409779071807861,,,
fryum,78bec2dc1371a65962c51669,0.1,32,0,0.0,1.3409779071807861,,,
fryum,7a2a31fbbd8f0df55dc8617b,0.01,32,31,0.96875,0.0006777048110961914,0.0,0.4516128897666931,0.4516128897666931
fryum,7a2a31fbbd8f0df55dc8617b,0.05,32,32,1.0,0.0006777048110961914,0.0,0.46875,0.46875
fryum,7a2a31fbbd8f0df55dc8617b,0.1,32,32,1.0,0.0006777048110961914,0.0,0.46875,0.46875
fryum,7af56bdfdd3960808ce41cae,0.01,32,29,0.90625,0.003229379653930664,0.06896551724137934,0.517241358757019,0.7931034564971924
fryum,7af56bdfdd3960808ce41cae,0.05,32,32,1.0,0.003229379653930664,0.0625,0.5,0.78125
fryum,7af56bdfdd3960808ce41cae,0.1,32,32,1.0,0.003229379653930664,0.0625,0.5,0.78125
fryum,7b79b85be79dbd15a7ef0bce,0.01,32,8,0.25,0.25079119205474854,0.0,0.5,0.875
fryum,7b79b85be79dbd15a7ef0bce,0.05,32,13,0.40625,0.25079119205474854,0.15384615384615385,0.38461539149284363,0.9230769276618958
fryum,7b79b85be79dbd15a7ef0bce,0.1,32,13,0.40625,0.25079119205474854,0.15384615384615385,0.38461539149284363,0.9230769276618958
fryum,7c4a79c3d182c14dd86bf5e9,0.01,32,15,0.46875,0.012972354888916016,0.0,0.6666666865348816,0.800000011920929
fryum,7c4a79c3d182c14dd86bf5e9,0.05,32,19,0.59375,0.012972354888916016,0.0,0.5789473652839661,0.6842105388641357
fryum,7c4a79c3d182c14dd86bf5e9,0.1,32,22,0.6875,0.012972354888916016,0.13636363636363635,0.5909090638160706,0.6818181872367859
fryum,7d64493def194919d5bbdfcb,0.01,32,4,0.125,1.3394536972045898,0.0,0.75,0.75
fryum,7d64493def194919d5bbdfcb,0.05,32,9,0.28125,1.3394536972045898,0.11111111111111116,0.6666666865348816,0.8888888955116272
fryum,7d64493def194919d5bbdfcb,0.1,32,11,0.34375,1.3394536972045898,0.2727272727272727,0.7272727489471436,0.9090909361839294
fryum,80e711df3b1e427366c7b265,0.01,32,15,0.46875,0.011800050735473633,0.0,0.4000000059604645,0.6666666865348816
fryum,80e711df3b1e427366c7b265,0.05,32,28,0.875,0.011800050735473633,0.1071428571428571,0.3214285671710968,0.7857142686843872
fryum,80e711df3b1e427366c7b265,0.1,32,28,0.875,0.011800050735473633,0.1071428571428571,0.3214285671710968,0.7857142686843872
fryum,8158fb697f286afef8136831,0.01,32,28,0.875,0.0013807117938995361,0.0,0.5,1.0
fryum,8158fb697f286afef8136831,0.05,32,28,0.875,0.0013807117938995361,0.0,0.5,1.0
fryum,8158fb697f286afef8136831,0.1,32,29,0.90625,0.0013807117938995361,0.0,0.517241358757019,1.0
fryum,81f47bf243d5be7b46a06904,0.01,32,11,0.34375,0.014741897583007812,0.2727272727272727,0.6363636255264282,0.3636363744735718
fryum,81f47bf243d5be7b46a06904,0.05,32,22,0.6875,0.014741897583007812,0.2727272727272727,0.5909090638160706,0.4545454680919647
fryum,81f47bf243d5be7b46a06904,0.1,32,24,0.75,0.014741897583007812,0.33333333333333337,0.625,0.4166666567325592
fryum,8777878505d769902e372e93,0.01,32,27,0.84375,0.00037342309951782227,0.03703703703703709,0.6481481194496155,1.0
fryum,8777878505d769902e372e93,0.05,32,30,0.9375,0.00037342309951782227,0.06666666666666665,0.6499999761581421,1.0
fryum,8777878505d769902e372e93,0.1,32,30,0.9375,0.00037342309951782227,0.06666666666666665,0.6499999761581421,1.0
fryum,8a3117f44d61e250231d0e6d,0.01,32,32,1.0,4.2557716369628906e-05,0.0,0.546875,0.96875
fryum,8a3117f44d61e250231d0e6d,0.05,32,32,1.0,4.2557716369628906e-05,0.0,0.546875,0.96875
fryum,8a3117f44d61e250231d0e6d,0.1,32,32,1.0,4.2557716369628906e-05,0.0,0.546875,0.96875
fryum,8c73db972249d627ce5cc42d,0.01,32,29,0.90625,0.00026798248291015625,0.0,0.48275861144065857,0.8965517282485962
fryum,8c73db972249d627ce5cc42d,0.05,32,29,0.90625,0.00026798248291015625,0.0,0.48275861144065857,0.8965517282485962
fryum,8c73db972249d627ce5cc42d,0.1,32,29,0.90625,0.00026798248291015625,0.0,0.48275861144065857,0.8965517282485962
fryum,92680a1824ed9434e44ccf98,0.01,32,32,1.0,0.0005478113889694214,0.0,0.625,0.5625
fryum,92680a1824ed9434e44ccf98,0.05,32,32,1.0,0.0005478113889694214,0.0,0.625,0.5625
fryum,92680a1824ed9434e44ccf98,0.1,32,32,1.0,0.0005478113889694214,0.0,0.625,0.5625
fryum,936780b8fbb9114eb6559c17,0.01,32,32,1.0,0.0002600550651550293,0.0,0.46875,0.90625
fryum,936780b8fbb9114eb6559c17,0.05,32,32,1.0,0.0002600550651550293,0.0,0.46875,0.90625
fryum,936780b8fbb9114eb6559c17,0.1,32,32,1.0,0.0002600550651550293,0.0,0.46875,0.90625
fryum,96e455da889c6a6022d6b24b,0.01,32,28,0.875,0.00014573335647583008,0.0,0.7142857313156128,0.8571428656578064
fryum,96e455da889c6a6022d6b24b,0.05,32,29,0.90625,0.00014573335647583008,0.0,0.7241379022598267,0.8620689511299133
fryum,96e455da889c6a6022d6b24b,0.1,32,31,0.96875,0.00014573335647583008,0.0,0.7096773982048035,0.8387096524238586
fryum,983e626043ee09675b8a9bac,0.01,32,30,0.9375,0.00010317564010620117,0.0,0.5333333611488342,0.9333333373069763
fryum,983e626043ee09675b8a9bac,0.05,32,32,1.0,0.00010317564010620117,0.0,0.53125,0.9375
fryum,983e626043ee09675b8a9bac,0.1,32,32,1.0,0.00010317564010620117,0.0,0.53125,0.9375
fryum,9a233808680ccbe66eed60fd,0.01,32,28,0.875,0.0003542304039001465,0.0,0.4285714328289032,0.8928571343421936
fryum,9a233808680ccbe66eed60fd,0.05,32,29,0.90625,0.0003542304039001465,0.0,0.4137931168079376,0.8620689511299133
fryum,9a233808680ccbe66eed60fd,0.1,32,29,0.90625,0.0003542304039001465,0.0,0.4137931168079376,0.8620689511299133
fryum,9bcd6e833b236cbc795dd8f5,0.01,32,29,0.90625,0.00010848045349121094,0.0,0.3448275923728943,0.8965517282485962
fryum,9bcd6e833b236cbc795dd8f5,0.05,32,30,0.9375,0.00010848045349121094,0.033333333333333326,0.3333333432674408,0.8999999761581421
fryum,9bcd6e833b236cbc795dd8f5,0.1,32,30,0.9375,0.00010848045349121094,0.033333333333333326,0.3333333432674408,0.8999999761581421
fryum,a0f1a3cc0818e0e5eb11e7e0,0.01,32,23,0.71875,0.0002845451235771179,0.0,0.260869562625885,0.695652186870575
fryum,a0f1a3cc0818e0e5eb11e7e0,0.05,32,23,0.71875,0.0002845451235771179,0.0,0.260869562625885,0.695652186870575
fryum,a0f1a3cc0818e0e5eb11e7e0,0.1,32,23,0.71875,0.0002845451235771179,0.0,0.260869562625885,0.695652186870575
fryum,a173dd6ce470aa641462ae9e,0.01,32,5,0.15625,0.5587603449821472,0.0,0.4000000059604645,1.0
fryum,a173dd6ce470aa641462ae9e,0.05,32,9,0.28125,0.5587603449821472,0.0,0.4444444477558136,1.0
fryum,a173dd6ce470aa641462ae9e,0.1,32,11,0.34375,0.5587603449821472,0.18181818181818177,0.5454545617103577,1.0
fryum,a307dc7bbe40b873d7ec1a1b,0.01,32,1,0.03125,2.879469871520996,0.0,0.0,0.0
fryum,a307dc7bbe40b873d7ec1a1b,0.05,32,2,0.0625,2.879469871520996,0.0,0.0,0.0
fryum,a307dc7bbe40b873d7ec1a1b,0.1,32,2,0.0625,2.879469871520996,0.0,0.0,0.0
fryum,abccf93ccdf1ddd69aec4953,0.01,32,5,0.15625,1.8662093877792358,0.0,0.6000000238418579,0.800000011920929
fryum,abccf93ccdf1ddd69aec4953,0.05,32,7,0.21875,1.8662093877792358,0.0,0.7142857313156128,0.8571428656578064
fryum,abccf93ccdf1ddd69aec4953,0.1,32,7,0.21875,1.8662093877792358,0.0,0.7142857313156128,0.8571428656578064
fryum,af89a3fc93367d11c2b90e46,0.01,32,32,1.0,5.310773849487305e-05,0.0,0.625,0.84375
fryum,af89a3fc93367d11c2b90e46,0.05,32,32,1.0,5.310773849487305e-05,0.0,0.625,0.84375
fryum,af89a3fc93367d11c2b90e46,0.1,32,32,1.0,5.310773849487305e-05,0.0,0.625,0.84375
fryum,affc226aa78a52c4a9e5f55d,0.01,32,19,0.59375,0.0015137195587158203,0.0,0.5263158082962036,1.0
fryum,affc226aa78a52c4a9e5f55d,0.05,32,20,0.625,0.0015137195587158203,0.0,0.550000011920929,1.0
fryum,affc226aa78a52c4a9e5f55d,0.1,32,22,0.6875,0.0015137195587158203,0.09090909090909094,0.5909090638160706,1.0
fryum,b02417ed927c24517ea53019,0.01,32,32,1.0,0.00025206804275512695,0.0,0.46875,1.0
fryum,b02417ed927c24517ea53019,0.05,32,32,1.0,0.00025206804275512695,0.0,0.46875,1.0
fryum,b02417ed927c24517ea53019,0.1,32,32,1.0,0.00025206804275512695,0.0,0.46875,1.0
fryum,b86aaa95e050983aa8e7257b,0.01,32,32,1.0,0.0003495216369628906,0.0,0.40625,1.0
fryum,b86aaa95e050983aa8e7257b,0.05,32,32,1.0,0.0003495216369628906,0.0,0.40625,1.0
fryum,b86aaa95e050983aa8e7257b,0.1,32,32,1.0,0.0003495216369628906,0.0,0.40625,1.0
fryum,b8f197ee8c7dea0ba265d809,0.01,32,7,0.21875,0.7746927738189697,0.0,0.4285714328289032,0.7142857313156128
fryum,b8f197ee8c7dea0ba265d809,0.05,32,7,0.21875,0.7746927738189697,0.0,0.4285714328289032,0.7142857313156128
fryum,b8f197ee8c7dea0ba265d809,0.1,32,8,0.25,0.7746927738189697,0.0,0.5,0.75
fryum,be287c3d130dbab9e49c5e01,0.01,32,24,0.75,7.283687591552734e-05,0.0,0.375,0.8333333134651184
fryum,be287c3d130dbab9e49c5e01,0.05,32,24,0.75,7.283687591552734e-05,0.0,0.375,0.8333333134651184
fryum,be287c3d130dbab9e49c5e01,0.1,32,24,0.75,7.283687591552734e-05,0.0,0.375,0.8333333134651184
fryum,bf4604877c2cfdcdbd8c029c,0.01,16,7,0.4375,0.022891521453857422,0.0,0.7142857313156128,1.0
fryum,bf4604877c2cfdcdbd8c029c,0.05,16,9,0.5625,0.022891521453857422,0.0,0.5555555820465088,1.0
fryum,bf4604877c2cfdcdbd8c029c,0.1,16,10,0.625,0.022891521453857422,0.09999999999999998,0.6000000238418579,1.0
fryum,c081952d49fb8a38e8ea14c0,0.01,32,29,0.90625,3.409385681152344e-05,0.0,0.4137931168079376,0.9655172228813171
fryum,c081952d49fb8a38e8ea14c0,0.05,32,29,0.90625,3.409385681152344e-05,0.0,0.4137931168079376,0.9655172228813171
fryum,c081952d49fb8a38e8ea14c0,0.1,32,29,0.90625,3.409385681152344e-05,0.0,0.4137931168079376,0.9655172228813171
fryum,c09fe3ad04c8af091445e1e8,0.01,32,32,1.0,0.00010956823825836182,0.0,0.59375,0.90625
fryum,c09fe3ad04c8af091445e1e8,0.05,32,32,1.0,0.00010956823825836182,0.0,0.59375,0.90625
fryum,c09fe3ad04c8af091445e1e8,0.1,32,32,1.0,0.00010956823825836182,0.0,0.59375,0.90625
fryum,c3d104097bd1c0951b4d0e40,0.01,32,31,0.96875,2.396106719970703e-05,0.0,0.3870967626571655,0.9354838728904724
fryum,c3d104097bd1c0951b4d0e40,0.05,32,31,0.96875,2.396106719970703e-05,0.0,0.3870967626571655,0.9354838728904724
fryum,c3d104097bd1c0951b4d0e40,0.1,32,31,0.96875,2.396106719970703e-05,0.0,0.3870967626571655,0.9354838728904724
fryum,c75ae74b9c782ad4d76052db,0.01,32,18,0.5625,0.0069942474365234375,0.16666666666666663,0.5555555820465088,0.2222222238779068
fryum,c75ae74b9c782ad4d76052db,0.05,32,27,0.84375,0.0069942474365234375,0.11111111111111116,0.48148149251937866,0.25925925374031067
fryum,c75ae74b9c782ad4d76052db,0.1,32,27,0.84375,0.0069942474365234375,0.11111111111111116,0.48148149251937866,0.25925925374031067
fryum,cf120c6cf7e688ef95928891,0.01,32,18,0.5625,0.0009754300117492676,0.0,0.5,0.8888888955116272
fryum,cf120c6cf7e688ef95928891,0.05,32,21,0.65625,0.0009754300117492676,0.0,0.4761904776096344,0.761904776096344
fryum,cf120c6cf7e688ef95928891,0.1,32,21,0.65625,0.0009754300117492676,0.0,0.4761904776096344,0.761904776096344
fryum,cf1dff7c1f54fed52392a5af,0.01,32,24,0.75,0.004023075103759766,0.04166666666666663,0.4166666567325592,0.3333333432674408
fryum,cf1dff7c1f54fed52392a5af,0.05,32,32,1.0,0.004023075103759766,0.03125,0.375,0.34375
fryum,cf1dff7c1f54fed52392a5af,0.1,32,32,1.0,0.004023075103759766,0.03125,0.375,0.34375
fryum,d2227a3a0a5ded10b84aa59f,0.01,32,0,0.0,0.8101546168327332,,,
fryum,d2227a3a0a5ded10b84aa59f,0.05,32,0,0.0,0.8101546168327332,,,
fryum,d2227a3a0a5ded10b84aa59f,0.1,32,0,0.0,0.8101546168327332,,,
fryum,d45d40f0cfe3ec168b544349,0.01,32,32,1.0,2.4497509002685547e-05,0.0,0.53125,0.84375
fryum,d45d40f0cfe3ec168b544349,0.05,32,32,1.0,2.4497509002685547e-05,0.0,0.53125,0.84375
fryum,d45d40f0cfe3ec168b544349,0.1,32,32,1.0,2.4497509002685547e-05,0.0,0.53125,0.84375
fryum,d45de799c69ef8b198c8b57e,0.01,32,21,0.65625,0.002327442169189453,0.0,0.3333333432674408,0.9047619104385376
fryum,d45de799c69ef8b198c8b57e,0.05,32,25,0.78125,0.002327442169189453,0.07999999999999996,0.36000001430511475,0.8799999952316284
fryum,d45de799c69ef8b198c8b57e,0.1,32,25,0.78125,0.002327442169189453,0.07999999999999996,0.36000001430511475,0.8799999952316284
fryum,d4ec56d92b5bc3454049717e,0.01,32,18,0.5625,0.0015328079462051392,0.0,0.5,0.8888888955116272
fryum,d4ec56d92b5bc3454049717e,0.05,32,20,0.625,0.0015328079462051392,0.0,0.5,0.8500000238418579
fryum,d4ec56d92b5bc3454049717e,0.1,32,20,0.625,0.0015328079462051392,0.0,0.5,0.8500000238418579
fryum,d6ce54cb0cacacb1fac75ba2,0.01,32,27,0.84375,0.00028614699840545654,0.0,0.5555555820465088,0.9259259104728699
fryum,d6ce54cb0cacacb1fac75ba2,0.05,32,28,0.875,0.00028614699840545654,0.0,0.5714285969734192,0.9285714030265808
fryum,d6ce54cb0cacacb1fac75ba2,0.1,32,28,0.875,0.00028614699840545654,0.0,0.5714285969734192,0.9285714030265808
fryum,da625f2507c8f5821a0fb44f,0.01,32,17,0.53125,0.005388021469116211,0.0,0.4117647111415863,0.5882353186607361
fryum,da625f2507c8f5821a0fb44f,0.05,32,25,0.78125,0.005388021469116211,0.0,0.5199999809265137,0.47999998927116394
fryum,da625f2507c8f5821a0fb44f,0.1,32,25,0.78125,0.005388021469116211,0.0,0.5199999809265137,0.47999998927116394
fryum,daa4b281797800bcf13aac29,0.01,32,1,0.03125,2.5234196186065674,0.0,1.0,1.0
fryum,daa4b281797800bcf13aac29,0.05,32,1,0.03125,2.5234196186065674,0.0,1.0,1.0
fryum,daa4b281797800bcf13aac29,0.1,32,1,0.03125,2.5234196186065674,0.0,1.0,1.0
fryum,ddec27e78f9f74f3e2195d7b,0.01,32,32,1.0,0.0010467767715454102,0.03125,0.375,1.0
fryum,ddec27e78f9f74f3e2195d7b,0.05,32,32,1.0,0.0010467767715454102,0.03125,0.375,1.0
fryum,ddec27e78f9f74f3e2195d7b,0.1,32,32,1.0,0.0010467767715454102,0.03125,0.375,1.0
fryum,e13aaf7261b73fb3560ccb8a,0.01,29,29,1.0,0.00010636448860168457,0.0,0.5862069129943848,1.0
fryum,e13aaf7261b73fb3560ccb8a,0.05,29,29,1.0,0.00010636448860168457,0.0,0.5862069129943848,1.0
fryum,e13aaf7261b73fb3560ccb8a,0.1,29,29,1.0,0.00010636448860168457,0.0,0.5862069129943848,1.0
fryum,e155f540bc071f756a015d82,0.01,32,11,0.34375,0.6473888158798218,0.0,0.27272728085517883,0.8181818127632141
fryum,e155f540bc071f756a015d82,0.05,32,12,0.375,0.6473888158798218,0.0,0.3333333432674408,0.75
fryum,e155f540bc071f756a015d82,0.1,32,12,0.375,0.6473888158798218,0.0,0.3333333432674408,0.75
fryum,e1923bf3529e43dab3ed7a36,0.01,15,15,1.0,7.450580596923828e-05,0.06666666666666665,0.4333333373069763,0.8666666746139526
fryum,e1923bf3529e43dab3ed7a36,0.05,15,15,1.0,7.450580596923828e-05,0.06666666666666665,0.4333333373069763,0.8666666746139526
fryum,e1923bf3529e43dab3ed7a36,0.1,15,15,1.0,7.450580596923828e-05,0.06666666666666665,0.4333333373069763,0.8666666746139526
fryum,e20ded403e7b3f4022f9eb66,0.01,32,32,1.0,4.4226646423339844e-05,0.0,0.5,0.9375
fryum,e20ded403e7b3f4022f9eb66,0.05,32,32,1.0,4.4226646423339844e-05,0.0,0.5,0.9375
fryum,e20ded403e7b3f4022f9eb66,0.1,32,32,1.0,4.4226646423339844e-05,0.0,0.5,0.9375
fryum,e6b2601125b73e982bd8a6d1,0.01,32,13,0.40625,0.027068138122558594,0.07692307692307687,0.5384615659713745,0.9230769276618958
fryum,e6b2601125b73e982bd8a6d1,0.05,32,20,0.625,0.027068138122558594,0.15000000000000002,0.6000000238418579,0.949999988079071
fryum,e6b2601125b73e982bd8a6d1,0.1,32,20,0.625,0.027068138122558594,0.15000000000000002,0.6000000238418579,0.949999988079071
fryum,e7ef16aed3002dad8595e1a8,0.01,32,32,1.0,2.284720540046692e-05,0.0,0.5,0.875
fryum,e7ef16aed3002dad8595e1a8,0.05,32,32,1.0,2.284720540046692e-05,0.0,0.5,0.875
fryum,e7ef16aed3002dad8595e1a8,0.1,32,32,1.0,2.284720540046692e-05,0.0,0.5,0.875
fryum,e977d01059e3d0cd388b1029,0.01,32,32,1.0,0.00015211105346679688,0.03125,0.484375,1.0
fryum,e977d01059e3d0cd388b1029,0.05,32,32,1.0,0.00015211105346679688,0.03125,0.484375,1.0
fryum,e977d01059e3d0cd388b1029,0.1,32,32,1.0,0.00015211105346679688,0.03125,0.484375,1.0
fryum,e9808288b354bbd6915aa556,0.01,32,8,0.25,1.3365883827209473,0.0,0.5,0.75
fryum,e9808288b354bbd6915aa556,0.05,32,9,0.28125,1.3365883827209473,0.0,0.4444444477558136,0.7777777910232544
fryum,e9808288b354bbd6915aa556,0.1,32,9,0.28125,1.3365883827209473,0.0,0.4444444477558136,0.7777777910232544
fryum,ea02790de71c63f77a669219,0.01,32,11,0.34375,0.2836036682128906,0.0,0.7727272510528564,1.0
fryum,ea02790de71c63f77a669219,0.05,32,13,0.40625,0.2836036682128906,0.0,0.7307692170143127,1.0
fryum,ea02790de71c63f77a669219,0.1,32,13,0.40625,0.2836036682128906,0.0,0.7307692170143127,1.0
fryum,eaebca4cccfbf87f3708bf9a,0.01,32,32,1.0,0.000112190842628479,0.0,0.5,0.96875
fryum,eaebca4cccfbf87f3708bf9a,0.05,32,32,1.0,0.000112190842628479,0.0,0.5,0.96875
fryum,eaebca4cccfbf87f3708bf9a,0.1,32,32,1.0,0.000112190842628479,0.0,0.5,0.96875
fryum,eea7ab4a971c68837368d286,0.01,21,21,1.0,0.00016486644744873047,0.09523809523809523,0.4761904776096344,1.0
fryum,eea7ab4a971c68837368d286,0.05,21,21,1.0,0.00016486644744873047,0.09523809523809523,0.4761904776096344,1.0
fryum,eea7ab4a971c68837368d286,0.1,21,21,1.0,0.00016486644744873047,0.09523809523809523,0.4761904776096344,1.0
fryum,f3738daf5812e9a050851a6b,0.01,32,17,0.53125,0.004300713539123535,0.17647058823529416,0.6470588445663452,1.0
fryum,f3738daf5812e9a050851a6b,0.05,32,17,0.53125,0.004300713539123535,0.17647058823529416,0.6470588445663452,1.0
fryum,f3738daf5812e9a050851a6b,0.1,32,19,0.59375,0.004300713539123535,0.21052631578947367,0.6842105388641357,1.0
fryum,f547d01d4f8f187c7a38cfd7,0.01,32,32,1.0,5.638599395751953e-05,0.0,0.5,1.0
fryum,f547d01d4f8f187c7a38cfd7,0.05,32,32,1.0,5.638599395751953e-05,0.0,0.5,1.0
fryum,f547d01d4f8f187c7a38cfd7,0.1,32,32,1.0,5.638599395751953e-05,0.0,0.5,1.0
fryum,f7dd88eae08a372459563c8e,0.01,32,0,0.0,1.9625167846679688,,,
fryum,f7dd88eae08a372459563c8e,0.05,32,1,0.03125,1.9625167846679688,0.0,1.0,1.0
fryum,f7dd88eae08a372459563c8e,0.1,32,2,0.0625,1.9625167846679688,0.0,1.0,1.0
fryum,f9d8f08a7f6b5e7422431cf4,0.01,32,10,0.3125,0.22970572113990784,0.0,0.30000001192092896,0.699999988079071
fryum,f9d8f08a7f6b5e7422431cf4,0.05,32,11,0.34375,0.22970572113990784,0.0,0.3636363744735718,0.7272727489471436
fryum,f9d8f08a7f6b5e7422431cf4,0.1,32,12,0.375,0.22970572113990784,0.08333333333333337,0.4166666567325592,0.75
fryum,fe17b3bb7e6d91bf855be45a,0.01,32,15,0.46875,0.19239187240600586,0.0,0.4333333373069763,0.7333333492279053
fryum,fe17b3bb7e6d91bf855be45a,0.05,32,16,0.5,0.19239187240600586,0.0,0.40625,0.75
fryum,fe17b3bb7e6d91bf855be45a,0.1,32,16,0.5,0.19239187240600586,0.0,0.40625,0.75
macaroni1,009ae6d6a7cf15f60e00275e,0.01,32,4,0.125,0.8033600449562073,0.0,0.75,1.0
macaroni1,009ae6d6a7cf15f60e00275e,0.05,32,5,0.15625,0.8033600449562073,0.0,0.800000011920929,1.0
macaroni1,009ae6d6a7cf15f60e00275e,0.1,32,5,0.15625,0.8033600449562073,0.0,0.800000011920929,1.0
macaroni1,067ddfed88952e43c12bc42a,0.01,32,7,0.21875,0.9647219181060791,0.1428571428571429,0.7142857313156128,1.0
macaroni1,067ddfed88952e43c12bc42a,0.05,32,11,0.34375,0.9647219181060791,0.09090909090909094,0.6363636255264282,1.0
macaroni1,067ddfed88952e43c12bc42a,0.1,32,11,0.34375,0.9647219181060791,0.09090909090909094,0.6363636255264282,1.0
macaroni1,0b3d289359dc893c12d78013,0.01,32,32,1.0,0.00011588633060455322,0.0,0.625,1.0
macaroni1,0b3d289359dc893c12d78013,0.05,32,32,1.0,0.00011588633060455322,0.0,0.625,1.0
macaroni1,0b3d289359dc893c12d78013,0.1,32,32,1.0,0.00011588633060455322,0.0,0.625,1.0
macaroni1,0e433b70c0668ca3dd3dd1ae,0.01,32,14,0.4375,0.1175544261932373,0.0,0.7142857313156128,1.0
macaroni1,0e433b70c0668ca3dd3dd1ae,0.05,32,14,0.4375,0.1175544261932373,0.0,0.7142857313156128,1.0
macaroni1,0e433b70c0668ca3dd3dd1ae,0.1,32,15,0.46875,0.1175544261932373,0.0,0.7333333492279053,1.0
macaroni1,0f35d2c299de03a383e80afe,0.01,32,22,0.6875,0.0011681914329528809,0.09090909090909094,0.5454545617103577,0.9090909361839294
macaroni1,0f35d2c299de03a383e80afe,0.05,32,22,0.6875,0.0011681914329528809,0.09090909090909094,0.5454545617103577,0.9090909361839294
macaroni1,0f35d2c299de03a383e80afe,0.1,32,22,0.6875,0.0011681914329528809,0.09090909090909094,0.5454545617103577,0.9090909361839294
macaroni1,10d3e03993e06518157e65fc,0.01,32,4,0.125,0.8222167491912842,0.0,0.75,1.0
macaroni1,10d3e03993e06518157e65fc,0.05,32,6,0.1875,0.8222167491912842,0.16666666666666663,0.8333333134651184,1.0
macaroni1,10d3e03993e06518157e65fc,0.1,32,7,0.21875,0.8222167491912842,0.2857142857142857,0.8571428656578064,1.0
macaroni1,11a8694ae92e988093708a31,0.01,30,24,0.8,3.603100776672363e-05,0.0,0.5,0.9166666865348816
macaroni1,11a8694ae92e988093708a31,0.05,30,25,0.8333333333333334,3.603100776672363e-05,0.0,0.5199999809265137,0.9200000166893005
macaroni1,11a8694ae92e988093708a31,0.1,30,25,0.8333333333333334,3.603100776672363e-05,0.0,0.5199999809265137,0.9200000166893005
macaroni1,124a3ce41aebda69a518a35e,0.01,32,32,1.0,2.110004425048828e-05,0.0,0.5,1.0
macaroni1,124a3ce41aebda69a518a35e,0.05,32,32,1.0,2.110004425048828e-05,0.0,0.5,1.0
macaroni1,124a3ce41aebda69a518a35e,0.1,32,32,1.0,2.110004425048828e-05,0.0,0.5,1.0
macaroni1,13295077e692b776977e90f1,0.01,32,32,1.0,0.0003009289503097534,0.0,0.40625,1.0
macaroni1,13295077e692b776977e90f1,0.05,32,32,1.0,0.0003009289503097534,0.0,0.40625,1.0
macaroni1,13295077e692b776977e90f1,0.1,32,32,1.0,0.0003009289503097534,0.0,0.40625,1.0
macaroni1,14c183f1381f0b21cf8a2106,0.01,32,32,1.0,0.00015957653522491455,0.0,0.4375,1.0
macaroni1,14c183f1381f0b21cf8a2106,0.05,32,32,1.0,0.00015957653522491455,0.0,0.4375,1.0
macaroni1,14c183f1381f0b21cf8a2106,0.1,32,32,1.0,0.00015957653522491455,0.0,0.4375,1.0
macaroni1,158c1a24504aa99270a9ace6,0.01,32,32,1.0,2.2843480110168457e-05,0.03125,0.328125,1.0
macaroni1,158c1a24504aa99270a9ace6,0.05,32,32,1.0,2.2843480110168457e-05,0.03125,0.328125,1.0
macaroni1,158c1a24504aa99270a9ace6,0.1,32,32,1.0,2.2843480110168457e-05,0.03125,0.328125,1.0
macaroni1,16181216c45b3f0bfba3307b,0.01,32,22,0.6875,0.00038345158100128174,0.0,0.5,1.0
macaroni1,16181216c45b3f0bfba3307b,0.05,32,23,0.71875,0.00038345158100128174,0.04347826086956519,0.52173912525177,1.0
macaroni1,16181216c45b3f0bfba3307b,0.1,32,24,0.75,0.00038345158100128174,0.08333333333333337,0.5416666865348816,1.0
macaroni1,1da88bfbc807996365e990b0,0.01,32,2,0.0625,0.8390733003616333,0.0,0.5,1.0
macaroni1,1da88bfbc807996365e990b0,0.05,32,4,0.125,0.8390733003616333,0.25,0.75,1.0
macaroni1,1da88bfbc807996365e990b0,0.1,32,4,0.125,0.8390733003616333,0.25,0.75,1.0
macaroni1,2345d287749147fc1d326ea3,0.01,32,4,0.125,0.3748176097869873,0.0,0.75,0.25
macaroni1,2345d287749147fc1d326ea3,0.05,32,5,0.15625,0.3748176097869873,0.19999999999999996,0.800000011920929,0.20000000298023224
macaroni1,2345d287749147fc1d326ea3,0.1,32,6,0.1875,0.3748176097869873,0.33333333333333337,0.8333333134651184,0.3333333432674408
macaroni1,251140b68bcbff57a5e06fec,0.01,32,32,1.0,0.00029587745666503906,0.0625,0.34375,0.90625
macaroni1,251140b68bcbff57a5e06fec,0.05,32,32,1.0,0.00029587745666503906,0.0625,0.34375,0.90625
macaroni1,251140b68bcbff57a5e06fec,0.1,32,32,1.0,0.00029587745666503906,0.0625,0.34375,0.90625
macaroni1,259c3149bfd2e3b96010f6bd,0.01,32,16,0.5,0.07619065046310425,0.0625,0.5,0.8125
macaroni1,259c3149bfd2e3b96010f6bd,0.05,32,16,0.5,0.07619065046310425,0.0625,0.5,0.8125
macaroni1,259c3149bfd2e3b96010f6bd,0.1,32,16,0.5,0.07619065046310425,0.0625,0.5,0.8125
macaroni1,25f3f4cadc2dde03d0bacab4,0.01,32,10,0.3125,0.6241657733917236,0.0,0.6000000238418579,0.699999988079071
macaroni1,25f3f4cadc2dde03d0bacab4,0.05,32,11,0.34375,0.6241657733917236,0.09090909090909094,0.6363636255264282,0.7272727489471436
macaroni1,25f3f4cadc2dde03d0bacab4,0.1,32,11,0.34375,0.6241657733917236,0.09090909090909094,0.6363636255264282,0.7272727489471436
macaroni1,271f58cf3f9e2c3f6c6cb1d5,0.01,32,5,0.15625,0.5185559988021851,0.0,0.6000000238418579,1.0
macaroni1,271f58cf3f9e2c3f6c6cb1d5,0.05,32,7,0.21875,0.5185559988021851,0.1428571428571429,0.7142857313156128,1.0
macaroni1,271f58cf3f9e2c3f6c6cb1d5,0.1,32,8,0.25,0.5185559988021851,0.25,0.75,1.0
macaroni1,2803f7fccd0d5162a7a3db22,0.01,32,0,0.0,0.711765706539154,,,
macaroni1,2803f7fccd0d5162a7a3db22,0.05,32,0,0.0,0.711765706539154,,,
macaroni1,2803f7fccd0d5162a7a3db22,0.1,32,0,0.0,0.711765706539154,,,
macaroni1,2905db12308a3447e25ef517,0.01,22,18,0.8181818181818182,0.00020523741841316223,0.0,0.5555555820465088,0.9444444179534912
macaroni1,2905db12308a3447e25ef517,0.05,22,18,0.8181818181818182,0.00020523741841316223,0.0,0.5555555820465088,0.9444444179534912
macaroni1,2905db12308a3447e25ef517,0.1,22,19,0.8636363636363636,0.00020523741841316223,0.0,0.5789473652839661,0.9473684430122375
macaroni1,29e7714a876f73909eaf12fb,0.01,32,15,0.46875,0.01135718822479248,0.0,0.5333333611488342,0.7333333492279053
macaroni1,29e7714a876f73909eaf12fb,0.05,32,18,0.5625,0.01135718822479248,0.05555555555555558,0.5555555820465088,0.6666666865348816
macaroni1,29e7714a876f73909eaf12fb,0.1,32,20,0.625,0.01135718822479248,0.15000000000000002,0.6000000238418579,0.6499999761581421
macaroni1,2fc54af7eb831978d6c0c25e,0.01,32,0,0.0,1.3177056312561035,,,
macaroni1,2fc54af7eb831978d6c0c25e,0.05,32,0,0.0,1.3177056312561035,,,
macaroni1,2fc54af7eb831978d6c0c25e,0.1,32,0,0.0,1.3177056312561035,,,
macaroni1,40de7bc67bc4efe486eb4fa8,0.01,32,10,0.3125,0.016190171241760254,0.30000000000000004,0.5,1.0
macaroni1,40de7bc67bc4efe486eb4fa8,0.05,32,23,0.71875,0.016190171241760254,0.34782608695652173,0.3478260934352875,1.0
macaroni1,40de7bc67bc4efe486eb4fa8,0.1,32,25,0.78125,0.016190171241760254,0.4,0.4000000059604645,1.0
macaroni1,41931e192be7cce3b45b2940,0.01,32,2,0.0625,0.9485238790512085,0.0,0.5,1.0
macaroni1,41931e192be7cce3b45b2940,0.05,32,2,0.0625,0.9485238790512085,0.0,0.5,1.0
macaroni1,41931e192be7cce3b45b2940,0.1,32,2,0.0625,0.9485238790512085,0.0,0.5,1.0
macaroni1,4bfdfe23349cc38a681dc6ea,0.01,32,32,1.0,8.05538147687912e-05,0.0,0.671875,0.96875
macaroni1,4bfdfe23349cc38a681dc6ea,0.05,32,32,1.0,8.05538147687912e-05,0.0,0.671875,0.96875
macaroni1,4bfdfe23349cc38a681dc6ea,0.1,32,32,1.0,8.05538147687912e-05,0.0,0.671875,0.96875
macaroni1,4e0ded510d62c7ba61cb9f50,0.01,32,6,0.1875,1.0851075649261475,0.0,0.3333333432674408,1.0
macaroni1,4e0ded510d62c7ba61cb9f50,0.05,32,11,0.34375,1.0851075649261475,0.18181818181818177,0.5454545617103577,1.0
macaroni1,4e0ded510d62c7ba61cb9f50,0.1,32,11,0.34375,1.0851075649261475,0.18181818181818177,0.5454545617103577,1.0
macaroni1,4ffd9e26024323e77bcc20d1,0.01,32,3,0.09375,0.9854904413223267,0.0,0.0,1.0
macaroni1,4ffd9e26024323e77bcc20d1,0.05,32,6,0.1875,0.9854904413223267,0.16666666666666663,0.3333333432674408,1.0
macaroni1,4ffd9e26024323e77bcc20d1,0.1,32,7,0.21875,0.9854904413223267,0.1428571428571429,0.4285714328289032,1.0
macaroni1,502de3d0a3b80d5fe9a20206,0.01,32,1,0.03125,0.894682765007019,0.0,0.0,1.0
macaroni1,502de3d0a3b80d5fe9a20206,0.05,32,1,0.03125,0.894682765007019,0.0,0.0,1.0
macaroni1,502de3d0a3b80d5fe9a20206,0.1,32,1,0.03125,0.894682765007019,0.0,0.0,1.0
macaroni1,51085c0dde6572394f925b75,0.01,32,32,1.0,0.000578809529542923,0.09375,0.4375,1.0
macaroni1,51085c0dde6572394f925b75,0.05,32,32,1.0,0.000578809529542923,0.09375,0.4375,1.0
macaroni1,51085c0dde6572394f925b75,0.1,32,32,1.0,0.000578809529542923,0.09375,0.4375,1.0
macaroni1,5129989f8e81fb6a8abbd966,0.01,32,32,1.0,0.00011611729860305786,0.0,0.53125,1.0
macaroni1,5129989f8e81fb6a8abbd966,0.05,32,32,1.0,0.00011611729860305786,0.0,0.53125,1.0
macaroni1,5129989f8e81fb6a8abbd966,0.1,32,32,1.0,0.00011611729860305786,0.0,0.53125,1.0
macaroni1,53eca411b8cb199d728dcd82,0.01,32,4,0.125,0.9077247381210327,0.0,0.25,1.0
macaroni1,53eca411b8cb199d728dcd82,0.05,32,5,0.15625,0.9077247381210327,0.0,0.4000000059604645,1.0
macaroni1,53eca411b8cb199d728dcd82,0.1,32,5,0.15625,0.9077247381210327,0.0,0.4000000059604645,1.0
macaroni1,584c4d4b937541e3e8fc4467,0.01,32,0,0.0,0.9460768699645996,,,
macaroni1,584c4d4b937541e3e8fc4467,0.05,32,0,0.0,0.9460768699645996,,,
macaroni1,584c4d4b937541e3e8fc4467,0.1,32,1,0.03125,0.9460768699645996,0.0,1.0,1.0
macaroni1,5ba9be9dce43d728a9f9989d,0.01,32,6,0.1875,0.7529954314231873,0.0,0.8333333134651184,1.0
macaroni1,5ba9be9dce43d728a9f9989d,0.05,32,6,0.1875,0.7529954314231873,0.0,0.8333333134651184,1.0
macaroni1,5ba9be9dce43d728a9f9989d,0.1,32,7,0.21875,0.7529954314231873,0.1428571428571429,0.8571428656578064,1.0
macaroni1,5d7adaa1a43aa8239aaae18a,0.01,32,3,0.09375,0.9289025068283081,0.0,0.6666666865348816,1.0
macaroni1,5d7adaa1a43aa8239aaae18a,0.05,32,4,0.125,0.9289025068283081,0.0,0.75,1.0
macaroni1,5d7adaa1a43aa8239aaae18a,0.1,32,4,0.125,0.9289025068283081,0.0,0.75,1.0
macaroni1,5e269e1aef429fb78dd6a9f4,0.01,32,0,0.0,1.4522712230682373,,,
macaroni1,5e269e1aef429fb78dd6a9f4,0.05,32,0,0.0,1.4522712230682373,,,
macaroni1,5e269e1aef429fb78dd6a9f4,0.1,32,0,0.0,1.4522712230682373,,,
macaroni1,623e70869370a4627f59c678,0.01,32,0,0.0,1.0608375072479248,,,
macaroni1,623e70869370a4627f59c678,0.05,32,0,0.0,1.0608375072479248,,,
macaroni1,623e70869370a4627f59c678,0.1,32,0,0.0,1.0608375072479248,,,
macaroni1,63063328f8c10b1f7f826f03,0.01,32,32,1.0,2.5451183319091797e-05,0.0,0.5625,1.0
macaroni1,63063328f8c10b1f7f826f03,0.05,32,32,1.0,2.5451183319091797e-05,0.0,0.5625,1.0
macaroni1,63063328f8c10b1f7f826f03,0.1,32,32,1.0,2.5451183319091797e-05,0.0,0.5625,1.0
macaroni1,638abd854a72e1f7d01f8b49,0.01,32,9,0.28125,0.2937943935394287,0.0,0.5555555820465088,1.0
macaroni1,638abd854a72e1f7d01f8b49,0.05,32,10,0.3125,0.2937943935394287,0.0,0.6000000238418579,1.0
macaroni1,638abd854a72e1f7d01f8b49,0.1,32,12,0.375,0.2937943935394287,0.16666666666666663,0.6666666865348816,1.0
macaroni1,654501aee741251968ca0c14,0.01,32,3,0.09375,0.4600232243537903,0.0,1.0,1.0
macaroni1,654501aee741251968ca0c14,0.05,32,4,0.125,0.4600232243537903,0.0,1.0,1.0
macaroni1,654501aee741251968ca0c14,0.1,32,5,0.15625,0.4600232243537903,0.19999999999999996,1.0,1.0
macaroni1,67b394201437c775a3f8cf6d,0.01,32,32,1.0,1.33514404296875e-05,0.0,0.59375,0.9375
macaroni1,67b394201437c775a3f8cf6d,0.05,32,32,1.0,1.33514404296875e-05,0.0,0.59375,0.9375
macaroni1,67b394201437c775a3f8cf6d,0.1,32,32,1.0,1.33514404296875e-05,0.0,0.59375,0.9375
macaroni1,6a6f17ea1be5882b16aed7f7,0.01,32,0,0.0,1.2899746894836426,,,
macaroni1,6a6f17ea1be5882b16aed7f7,0.05,32,0,0.0,1.2899746894836426,,,
macaroni1,6a6f17ea1be5882b16aed7f7,0.1,32,0,0.0,1.2899746894836426,,,
macaroni1,6cc0a6b7e23183b3cb8e719c,0.01,32,6,0.1875,0.7228630781173706,0.0,0.6666666865348816,0.8333333134651184
macaroni1,6cc0a6b7e23183b3cb8e719c,0.05,32,7,0.21875,0.7228630781173706,0.0,0.7142857313156128,0.7142857313156128
macaroni1,6cc0a6b7e23183b3cb8e719c,0.1,32,8,0.25,0.7228630781173706,0.125,0.75,0.625
macaroni1,6dbf6a1c2a242638f234b770,0.01,32,4,0.125,0.7114022374153137,0.0,0.5,1.0
macaroni1,6dbf6a1c2a242638f234b770,0.05,32,4,0.125,0.7114022374153137,0.0,0.5,1.0
macaroni1,6dbf6a1c2a242638f234b770,0.1,32,4,0.125,0.7114022374153137,0.0,0.5,1.0
macaroni1,6deecf099081e1f744af9a3e,0.01,27,23,0.8518518518518519,7.417798042297363e-05,0.0,0.52173912525177,1.0
macaroni1,6deecf099081e1f744af9a3e,0.05,27,26,0.9629629629629629,7.417798042297363e-05,0.038461538461538436,0.5,1.0
macaroni1,6deecf099081e1f744af9a3e,0.1,27,26,0.9629629629629629,7.417798042297363e-05,0.038461538461538436,0.5,1.0
macaroni1,6fce8600bc3038b0e9240de1,0.01,32,0,0.0,0.5583364963531494,,,
macaroni1,6fce8600bc3038b0e9240de1,0.05,32,0,0.0,0.5583364963531494,,,
macaroni1,6fce8600bc3038b0e9240de1,0.1,32,0,0.0,0.5583364963531494,,,
macaroni1,704a758c54b5f09596f8244a,0.01,32,3,0.09375,1.4486539363861084,0.0,0.0,1.0
macaroni1,704a758c54b5f09596f8244a,0.05,32,4,0.125,1.4486539363861084,0.0,0.25,1.0
macaroni1,704a758c54b5f09596f8244a,0.1,32,4,0.125,1.4486539363861084,0.0,0.25,1.0
macaroni1,78285238f65b7c9fa932013a,0.01,32,1,0.03125,2.022528886795044,0.0,0.0,1.0
macaroni1,78285238f65b7c9fa932013a,0.05,32,6,0.1875,2.022528886795044,0.33333333333333337,0.5,1.0
macaroni1,78285238f65b7c9fa932013a,0.1,32,6,0.1875,2.022528886795044,0.33333333333333337,0.5,1.0
macaroni1,78f5e80e155e6e49e3262332,0.01,32,32,1.0,0.00010711327195167542,0.0,0.5625,1.0
macaroni1,78f5e80e155e6e49e3262332,0.05,32,32,1.0,0.00010711327195167542,0.0,0.5625,1.0
macaroni1,78f5e80e155e6e49e3262332,0.1,32,32,1.0,0.00010711327195167542,0.0,0.5625,1.0
macaroni1,7d1c867164af3b9437402cb4,0.01,32,32,1.0,5.838274955749512e-05,0.0,0.59375,1.0
macaroni1,7d1c867164af3b9437402cb4,0.05,32,32,1.0,5.838274955749512e-05,0.0,0.59375,1.0
macaroni1,7d1c867164af3b9437402cb4,0.1,32,32,1.0,5.838274955749512e-05,0.0,0.59375,1.0
macaroni1,8686cee89c231ee9ac208eed,0.01,32,9,0.28125,0.6160597801208496,0.11111111111111116,0.5555555820465088,1.0
macaroni1,8686cee89c231ee9ac208eed,0.05,32,9,0.28125,0.6160597801208496,0.11111111111111116,0.5555555820465088,1.0
macaroni1,8686cee89c231ee9ac208eed,0.1,32,9,0.28125,0.6160597801208496,0.11111111111111116,0.5555555820465088,1.0
macaroni1,8c2143fdd3b3980b2d19b468,0.01,32,0,0.0,0.6606296300888062,,,
macaroni1,8c2143fdd3b3980b2d19b468,0.05,32,1,0.03125,0.6606296300888062,0.0,1.0,1.0
macaroni1,8c2143fdd3b3980b2d19b468,0.1,32,1,0.03125,0.6606296300888062,0.0,1.0,1.0
macaroni1,95d4e2804290b11c11db41b7,0.01,32,32,1.0,0.0005360245704650879,0.03125,0.40625,1.0
macaroni1,95d4e2804290b11c11db41b7,0.05,32,32,1.0,0.0005360245704650879,0.03125,0.40625,1.0
macaroni1,95d4e2804290b11c11db41b7,0.1,32,32,1.0,0.0005360245704650879,0.03125,0.40625,1.0
macaroni1,969ed4892a21b13adc0de64a,0.01,32,0,0.0,0.5022385716438293,,,
macaroni1,969ed4892a21b13adc0de64a,0.05,32,0,0.0,0.5022385716438293,,,
macaroni1,969ed4892a21b13adc0de64a,0.1,32,0,0.0,0.5022385716438293,,,
macaroni1,985d85bec4b4efa1c7c68607,0.01,32,0,0.0,1.3449032306671143,,,
macaroni1,985d85bec4b4efa1c7c68607,0.05,32,0,0.0,1.3449032306671143,,,
macaroni1,985d85bec4b4efa1c7c68607,0.1,32,0,0.0,1.3449032306671143,,,
macaroni1,98b83d9bb42ef3e610d8f55c,0.01,32,10,0.3125,0.3467705249786377,0.0,0.4000000059604645,1.0
macaroni1,98b83d9bb42ef3e610d8f55c,0.05,32,10,0.3125,0.3467705249786377,0.0,0.4000000059604645,1.0
macaroni1,98b83d9bb42ef3e610d8f55c,0.1,32,11,0.34375,0.3467705249786377,0.0,0.4545454680919647,1.0
macaroni1,99684aada658938377885f6f,0.01,32,32,1.0,0.00020281225442886353,0.0,0.5,1.0
macaroni1,99684aada658938377885f6f,0.05,32,32,1.0,0.00020281225442886353,0.0,0.5,1.0
macaroni1,99684aada658938377885f6f,0.1,32,32,1.0,0.00020281225442886353,0.0,0.5,1.0
macaroni1,9be5a91d9e1c43972f2cbb9f,0.01,32,29,0.90625,0.00035009533166885376,0.03448275862068961,0.5517241358757019,0.8620689511299133
macaroni1,9be5a91d9e1c43972f2cbb9f,0.05,32,29,0.90625,0.00035009533166885376,0.03448275862068961,0.5517241358757019,0.8620689511299133
macaroni1,9be5a91d9e1c43972f2cbb9f,0.1,32,30,0.9375,0.00035009533166885376,0.06666666666666665,0.5666666626930237,0.8666666746139526
macaroni1,9f508efba2b34d78c14ebf4b,0.01,32,32,1.0,0.00019535422325134277,0.03125,0.5,1.0
macaroni1,9f508efba2b34d78c14ebf4b,0.05,32,32,1.0,0.00019535422325134277,0.03125,0.5,1.0
macaroni1,9f508efba2b34d78c14ebf4b,0.1,32,32,1.0,0.00019535422325134277,0.03125,0.5,1.0
macaroni1,a1fc30499cc531de35f8d50e,0.01,32,0,0.0,1.621765375137329,,,
macaroni1,a1fc30499cc531de35f8d50e,0.05,32,0,0.0,1.621765375137329,,,
macaroni1,a1fc30499cc531de35f8d50e,0.1,32,0,0.0,1.621765375137329,,,
macaroni1,a9fa9d0cf2c594cfa408e420,0.01,32,4,0.125,1.6387708187103271,0.0,0.5,1.0
macaroni1,a9fa9d0cf2c594cfa408e420,0.05,32,5,0.15625,1.6387708187103271,0.0,0.4000000059604645,1.0
macaroni1,a9fa9d0cf2c594cfa408e420,0.1,32,5,0.15625,1.6387708187103271,0.0,0.4000000059604645,1.0
macaroni1,ac1c53cb6301e55ec304a394,0.01,32,32,1.0,0.00021794438362121582,0.0,0.625,0.96875
macaroni1,ac1c53cb6301e55ec304a394,0.05,32,32,1.0,0.00021794438362121582,0.0,0.625,0.96875
macaroni1,ac1c53cb6301e55ec304a394,0.1,32,32,1.0,0.00021794438362121582,0.0,0.625,0.96875
macaroni1,b17630256afb67385ea21ce9,0.01,32,32,1.0,9.898841381072998e-05,0.03125,0.375,1.0
macaroni1,b17630256afb67385ea21ce9,0.05,32,32,1.0,9.898841381072998e-05,0.03125,0.375,1.0
macaroni1,b17630256afb67385ea21ce9,0.1,32,32,1.0,9.898841381072998e-05,0.03125,0.375,1.0
macaroni1,b32933441242293194c28408,0.01,32,32,1.0,0.0015461444854736328,0.09375,0.65625,1.0
macaroni1,b32933441242293194c28408,0.05,32,32,1.0,0.0015461444854736328,0.09375,0.65625,1.0
macaroni1,b32933441242293194c28408,0.1,32,32,1.0,0.0015461444854736328,0.09375,0.65625,1.0
macaroni1,b3520e891492cf0620a45437,0.01,32,3,0.09375,1.6636399030685425,0.0,0.3333333432674408,0.6666666865348816
macaroni1,b3520e891492cf0620a45437,0.05,32,3,0.09375,1.6636399030685425,0.0,0.3333333432674408,0.6666666865348816
macaroni1,b3520e891492cf0620a45437,0.1,32,3,0.09375,1.6636399030685425,0.0,0.3333333432674408,0.6666666865348816
macaroni1,b6642c6bb684eb9e7880574e,0.01,32,28,0.875,7.528066635131836e-05,0.0,0.3928571343421936,1.0
macaroni1,b6642c6bb684eb9e7880574e,0.05,32,28,0.875,7.528066635131836e-05,0.0,0.3928571343421936,1.0
macaroni1,b6642c6bb684eb9e7880574e,0.1,32,28,0.875,7.528066635131836e-05,0.0,0.3928571343421936,1.0
macaroni1,b7f407f081d3c4a18a659b99,0.01,32,3,0.09375,1.7936029434204102,0.0,0.3333333432674408,1.0
macaroni1,b7f407f081d3c4a18a659b99,0.05,32,6,0.1875,1.7936029434204102,0.16666666666666663,0.5,1.0
macaroni1,b7f407f081d3c4a18a659b99,0.1,32,6,0.1875,1.7936029434204102,0.16666666666666663,0.5,1.0
macaroni1,ba6523958ae850d02b5b3d0a,0.01,32,17,0.53125,0.000998280942440033,0.0,0.4117647111415863,0.9411764740943909
macaroni1,ba6523958ae850d02b5b3d0a,0.05,32,19,0.59375,0.000998280942440033,0.052631578947368474,0.4736842215061188,0.9473684430122375
macaroni1,ba6523958ae850d02b5b3d0a,0.1,32,19,0.59375,0.000998280942440033,0.052631578947368474,0.4736842215061188,0.9473684430122375
macaroni1,bd48310a6a7abe1c8bc80fba,0.01,32,0,0.0,1.0329524278640747,,,
macaroni1,bd48310a6a7abe1c8bc80fba,0.05,32,0,0.0,1.0329524278640747,,,
macaroni1,bd48310a6a7abe1c8bc80fba,0.1,32,0,0.0,1.0329524278640747,,,
macaroni1,bd8c82f8bbbd108306a3bfb5,0.01,32,19,0.59375,0.0008652210235595703,0.052631578947368474,0.5789473652839661,0.9473684430122375
macaroni1,bd8c82f8bbbd108306a3bfb5,0.05,32,22,0.6875,0.0008652210235595703,0.045454545454545414,0.5909090638160706,0.9545454382896423
macaroni1,bd8c82f8bbbd108306a3bfb5,0.1,32,22,0.6875,0.0008652210235595703,0.045454545454545414,0.5909090638160706,0.9545454382896423
macaroni1,c26f9c46fe963265e51e7d9c,0.01,32,32,1.0,0.00018525123596191406,0.09375,0.59375,1.0
macaroni1,c26f9c46fe963265e51e7d9c,0.05,32,32,1.0,0.00018525123596191406,0.09375,0.59375,1.0
macaroni1,c26f9c46fe963265e51e7d9c,0.1,32,32,1.0,0.00018525123596191406,0.09375,0.59375,1.0
macaroni1,c290d272e54b12aa5b4c6cf8,0.01,32,32,1.0,5.1349401473999023e-05,0.0,0.5625,1.0
macaroni1,c290d272e54b12aa5b4c6cf8,0.05,32,32,1.0,5.1349401473999023e-05,0.0,0.5625,1.0
macaroni1,c290d272e54b12aa5b4c6cf8,0.1,32,32,1.0,5.1349401473999023e-05,0.0,0.5625,1.0
macaroni1,c421503b61809f1136f3a315,0.01,32,10,0.3125,0.21701648831367493,0.09999999999999998,0.20000000298023224,0.800000011920929
macaroni1,c421503b61809f1136f3a315,0.05,32,10,0.3125,0.21701648831367493,0.09999999999999998,0.20000000298023224,0.800000011920929
macaroni1,c421503b61809f1136f3a315,0.1,32,11,0.34375,0.21701648831367493,0.09090909090909094,0.27272728085517883,0.8181818127632141
macaroni1,c565b413df23a0ebcfbc6a7c,0.01,32,31,0.96875,9.828805923461914e-05,0.0,0.5483871102333069,1.0
macaroni1,c565b413df23a0ebcfbc6a7c,0.05,32,32,1.0,9.828805923461914e-05,0.0,0.5625,1.0
macaroni1,c565b413df23a0ebcfbc6a7c,0.1,32,32,1.0,9.828805923461914e-05,0.0,0.5625,1.0
macaroni1,c6a5c6a7893471795272c2e8,0.01,32,32,1.0,1.7344951629638672e-05,0.0,0.40625,1.0
macaroni1,c6a5c6a7893471795272c2e8,0.05,32,32,1.0,1.7344951629638672e-05,0.0,0.40625,1.0
macaroni1,c6a5c6a7893471795272c2e8,0.1,32,32,1.0,1.7344951629638672e-05,0.0,0.40625,1.0
macaroni1,c8551eaef4dfb2c931d4c605,0.01,32,0,0.0,0.40643370151519775,,,
macaroni1,c8551eaef4dfb2c931d4c605,0.05,32,0,0.0,0.40643370151519775,,,
macaroni1,c8551eaef4dfb2c931d4c605,0.1,32,1,0.03125,0.40643370151519775,0.0,1.0,1.0
macaroni1,cb801eb202924f8a85d48e26,0.01,32,16,0.5,0.009781718254089355,0.0625,0.625,1.0
macaroni1,cb801eb202924f8a85d48e26,0.05,32,17,0.53125,0.009781718254089355,0.05882352941176472,0.6470588445663452,1.0
macaroni1,cb801eb202924f8a85d48e26,0.1,32,17,0.53125,0.009781718254089355,0.05882352941176472,0.6470588445663452,1.0
macaroni1,ce696f2bf7f8b1de7e417355,0.01,32,10,0.3125,0.046217918395996094,0.09999999999999998,0.6000000238418579,0.8999999761581421
macaroni1,ce696f2bf7f8b1de7e417355,0.05,32,16,0.5,0.046217918395996094,0.125,0.5,0.9375
macaroni1,ce696f2bf7f8b1de7e417355,0.1,32,17,0.53125,0.046217918395996094,0.17647058823529416,0.47058823704719543,0.9411764740943909
macaroni1,d22f9c55dedb39fc3784ba9c,0.01,32,19,0.59375,0.00031344592571258545,0.0,0.6315789222717285,1.0
macaroni1,d22f9c55dedb39fc3784ba9c,0.05,32,22,0.6875,0.00031344592571258545,0.09090909090909094,0.6818181872367859,1.0
macaroni1,d22f9c55dedb39fc3784ba9c,0.1,32,23,0.71875,0.00031344592571258545,0.13043478260869568,0.695652186870575,1.0
macaroni1,d3ca4706e5369328cc9988c8,0.01,32,1,0.03125,0.35690218210220337,0.0,1.0,1.0
macaroni1,d3ca4706e5369328cc9988c8,0.05,32,2,0.0625,0.35690218210220337,0.0,1.0,1.0
macaroni1,d3ca4706e5369328cc9988c8,0.1,32,3,0.09375,0.35690218210220337,0.33333333333333337,1.0,1.0
macaroni1,d87c34803bde260541762a13,0.01,32,32,1.0,0.00010953471064567566,0.03125,0.5625,0.9375
macaroni1,d87c34803bde260541762a13,0.05,32,32,1.0,0.00010953471064567566,0.03125,0.5625,0.9375
macaroni1,d87c34803bde260541762a13,0.1,32,32,1.0,0.00010953471064567566,0.03125,0.5625,0.9375
macaroni1,d8895294a23c7168af5aa474,0.01,32,8,0.25,1.6040198802947998,0.0,0.5,1.0
macaroni1,d8895294a23c7168af5aa474,0.05,32,8,0.25,1.6040198802947998,0.0,0.5,1.0
macaroni1,d8895294a23c7168af5aa474,0.1,32,8,0.25,1.6040198802947998,0.0,0.5,1.0
macaroni1,d96aae817b19c7a8723b8caf,0.01,32,7,0.21875,0.6631342172622681,0.0,0.2857142984867096,1.0
macaroni1,d96aae817b19c7a8723b8caf,0.05,32,8,0.25,0.6631342172622681,0.125,0.25,1.0
macaroni1,d96aae817b19c7a8723b8caf,0.1,32,8,0.25,0.6631342172622681,0.125,0.25,1.0
macaroni1,dbb50a366a8b491693704c54,0.01,32,32,1.0,0.00014159083366394043,0.0,0.5625,1.0
macaroni1,dbb50a366a8b491693704c54,0.05,32,32,1.0,0.00014159083366394043,0.0,0.5625,1.0
macaroni1,dbb50a366a8b491693704c54,0.1,32,32,1.0,0.00014159083366394043,0.0,0.5625,1.0
macaroni1,de1e2110de9d0d2285f2af2f,0.01,32,19,0.59375,0.0038166344165802,0.10526315789473684,0.5263158082962036,0.6842105388641357
macaroni1,de1e2110de9d0d2285f2af2f,0.05,32,25,0.78125,0.0038166344165802,0.16000000000000003,0.4399999976158142,0.7599999904632568
macaroni1,de1e2110de9d0d2285f2af2f,0.1,32,28,0.875,0.0038166344165802,0.25,0.4642857015132904,0.7857142686843872
macaroni1,df88bf7e9bb033178fb41335,0.01,32,0,0.0,0.8570650815963745,,,
macaroni1,df88bf7e9bb033178fb41335,0.05,32,0,0.0,0.8570650815963745,,,
macaroni1,df88bf7e9bb033178fb41335,0.1,32,0,0.0,0.8570650815963745,,,
macaroni1,e1f6891848736d49bcf75c60,0.01,32,0,0.0,0.7433843612670898,,,
macaroni1,e1f6891848736d49bcf75c60,0.05,32,0,0.0,0.7433843612670898,,,
macaroni1,e1f6891848736d49bcf75c60,0.1,32,0,0.0,0.7433843612670898,,,
macaroni1,e2025032a865176e25e58206,0.01,32,32,1.0,5.9464480727910995e-05,0.03125,0.59375,1.0
macaroni1,e2025032a865176e25e58206,0.05,32,32,1.0,5.9464480727910995e-05,0.03125,0.59375,1.0
macaroni1,e2025032a865176e25e58206,0.1,32,32,1.0,5.9464480727910995e-05,0.03125,0.59375,1.0
macaroni1,e24af5bcea5b127faf12cb40,0.01,32,31,0.96875,0.00048291683197021484,0.0,0.4838709533214569,1.0
macaroni1,e24af5bcea5b127faf12cb40,0.05,32,31,0.96875,0.00048291683197021484,0.0,0.4838709533214569,1.0
macaroni1,e24af5bcea5b127faf12cb40,0.1,32,32,1.0,0.00048291683197021484,0.0,0.5,1.0
macaroni1,e5babd47840b5fb47ed26fc9,0.01,32,4,0.125,0.8261988162994385,0.0,0.25,0.75
macaroni1,e5babd47840b5fb47ed26fc9,0.05,32,5,0.15625,0.8261988162994385,0.0,0.4000000059604645,0.800000011920929
macaroni1,e5babd47840b5fb47ed26fc9,0.1,32,5,0.15625,0.8261988162994385,0.0,0.4000000059604645,0.800000011920929
macaroni1,e65ae977eb1fcd92a6bd63ce,0.01,32,0,0.0,1.2209627628326416,,,
macaroni1,e65ae977eb1fcd92a6bd63ce,0.05,32,0,0.0,1.2209627628326416,,,
macaroni1,e65ae977eb1fcd92a6bd63ce,0.1,32,0,0.0,1.2209627628326416,,,
macaroni1,e92a3be4f89c01fdecf3c13f,0.01,32,3,0.09375,0.8757804036140442,0.0,0.3333333432674408,0.3333333432674408
macaroni1,e92a3be4f89c01fdecf3c13f,0.05,32,3,0.09375,0.8757804036140442,0.0,0.3333333432674408,0.3333333432674408
macaroni1,e92a3be4f89c01fdecf3c13f,0.1,32,3,0.09375,0.8757804036140442,0.0,0.3333333432674408,0.3333333432674408
macaroni1,ebd7680b63278eca4ab27673,0.01,32,0,0.0,0.7256169319152832,,,
macaroni1,ebd7680b63278eca4ab27673,0.05,32,0,0.0,0.7256169319152832,,,
macaroni1,ebd7680b63278eca4ab27673,0.1,32,0,0.0,0.7256169319152832,,,
macaroni1,f033b99711b2346d705e4972,0.01,32,32,1.0,3.1828880310058594e-05,0.0,0.5625,1.0
macaroni1,f033b99711b2346d705e4972,0.05,32,32,1.0,3.1828880310058594e-05,0.0,0.5625,1.0
macaroni1,f033b99711b2346d705e4972,0.1,32,32,1.0,3.1828880310058594e-05,0.0,0.5625,1.0
macaroni1,f35da06699298c8dccfa5b4b,0.01,32,18,0.5625,0.0003692060708999634,0.0,0.6111111044883728,1.0
macaroni1,f35da06699298c8dccfa5b4b,0.05,32,18,0.5625,0.0003692060708999634,0.0,0.6111111044883728,1.0
macaroni1,f35da06699298c8dccfa5b4b,0.1,32,20,0.625,0.0003692060708999634,0.050000000000000044,0.6499999761581421,1.0
macaroni1,f51af20dafe318b44789c933,0.01,32,0,0.0,1.606890082359314,,,
macaroni1,f51af20dafe318b44789c933,0.05,32,0,0.0,1.606890082359314,,,
macaroni1,f51af20dafe318b44789c933,0.1,32,0,0.0,1.606890082359314,,,
macaroni1,f60a118233ac31406d15c996,0.01,32,12,0.375,0.70246422290802,0.0,0.75,1.0
macaroni1,f60a118233ac31406d15c996,0.05,32,12,0.375,0.70246422290802,0.0,0.75,1.0
macaroni1,f60a118233ac31406d15c996,0.1,32,12,0.375,0.70246422290802,0.0,0.75,1.0
macaroni1,fc302ffa90bc1fac6118d74c,0.01,32,0,0.0,0.8964325189590454,,,
macaroni1,fc302ffa90bc1fac6118d74c,0.05,32,0,0.0,0.8964325189590454,,,
macaroni1,fc302ffa90bc1fac6118d74c,0.1,32,0,0.0,0.8964325189590454,,,
macaroni1,fc763410d8b93160846ffc72,0.01,32,20,0.625,0.000653877854347229,0.0,0.44999998807907104,1.0
macaroni1,fc763410d8b93160846ffc72,0.05,32,21,0.65625,0.000653877854347229,0.0,0.4761904776096344,1.0
macaroni1,fc763410d8b93160846ffc72,0.1,32,22,0.6875,0.000653877854347229,0.045454545454545414,0.5,1.0
macaroni1,fe0f59551edb0f27d3946825,0.01,32,18,0.5625,0.000823974609375,0.0,0.7222222089767456,1.0
macaroni1,fe0f59551edb0f27d3946825,0.05,32,19,0.59375,0.000823974609375,0.0,0.7368420958518982,1.0
macaroni1,fe0f59551edb0f27d3946825,0.1,32,19,0.59375,0.000823974609375,0.0,0.7368420958518982,1.0
macaroni1,ff8d68cda19e242035f7a986,0.01,32,0,0.0,1.036152720451355,,,
macaroni1,ff8d68cda19e242035f7a986,0.05,32,0,0.0,1.036152720451355,,,
macaroni1,ff8d68cda19e242035f7a986,0.1,32,0,0.0,1.036152720451355,,,
macaroni2,0822b68a9a064a98dd389a74,0.01,32,6,0.1875,1.1822454929351807,0.16666666666666663,0.3333333432674408,1.0
macaroni2,0822b68a9a064a98dd389a74,0.05,32,7,0.21875,1.1822454929351807,0.1428571428571429,0.4285714328289032,1.0
macaroni2,0822b68a9a064a98dd389a74,0.1,32,7,0.21875,1.1822454929351807,0.1428571428571429,0.4285714328289032,1.0
macaroni2,0d393af7221ca9197c2c5d73,0.01,32,27,0.84375,0.000614657998085022,0.11111111111111116,0.5185185074806213,0.9629629850387573
macaroni2,0d393af7221ca9197c2c5d73,0.05,32,27,0.84375,0.000614657998085022,0.11111111111111116,0.5185185074806213,0.9629629850387573
macaroni2,0d393af7221ca9197c2c5d73,0.1,32,29,0.90625,0.000614657998085022,0.13793103448275867,0.5517241358757019,0.9655172228813171
macaroni2,0d589de7718ba1b4532880ec,0.01,32,32,1.0,0.00022009015083312988,0.03125,0.4375,1.0
macaroni2,0d589de7718ba1b4532880ec,0.05,32,32,1.0,0.00022009015083312988,0.03125,0.4375,1.0
macaroni2,0d589de7718ba1b4532880ec,0.1,32,32,1.0,0.00022009015083312988,0.03125,0.4375,1.0
macaroni2,14947f4fbed997508681936b,0.01,32,0,0.0,0.7304302453994751,,,
macaroni2,14947f4fbed997508681936b,0.05,32,0,0.0,0.7304302453994751,,,
macaroni2,14947f4fbed997508681936b,0.1,32,0,0.0,0.7304302453994751,,,
macaroni2,15fe0ec6952569c6d987e369,0.01,32,31,0.96875,0.0003711727913469076,0.0,0.4516128897666931,1.0
macaroni2,15fe0ec6952569c6d987e369,0.05,32,32,1.0,0.0003711727913469076,0.0,0.4375,1.0
macaroni2,15fe0ec6952569c6d987e369,0.1,32,32,1.0,0.0003711727913469076,0.0,0.4375,1.0
macaroni2,169f7ea77a6f29b7261b88e9,0.01,32,8,0.25,1.415549397468567,0.0,0.5,1.0
macaroni2,169f7ea77a6f29b7261b88e9,0.05,32,8,0.25,1.415549397468567,0.0,0.5,1.0
macaroni2,169f7ea77a6f29b7261b88e9,0.1,32,8,0.25,1.415549397468567,0.0,0.5,1.0
macaroni2,1dea0ee12acb9c510e2cdd46,0.01,32,0,0.0,0.4936240315437317,,,
macaroni2,1dea0ee12acb9c510e2cdd46,0.05,32,1,0.03125,0.4936240315437317,0.0,1.0,1.0
macaroni2,1dea0ee12acb9c510e2cdd46,0.1,32,1,0.03125,0.4936240315437317,0.0,1.0,1.0
macaroni2,21b2c0a524a8bfb810c613c6,0.01,32,0,0.0,2.7474608421325684,,,
macaroni2,21b2c0a524a8bfb810c613c6,0.05,32,0,0.0,2.7474608421325684,,,
macaroni2,21b2c0a524a8bfb810c613c6,0.1,32,1,0.03125,2.7474608421325684,0.0,1.0,1.0
macaroni2,21cbc2dafd0b25d4fa7f8cd9,0.01,27,25,0.9259259259259259,0.00027382373809814453,0.0,0.47999998927116394,1.0
macaroni2,21cbc2dafd0b25d4fa7f8cd9,0.05,27,27,1.0,0.00027382373809814453,0.0,0.48148149251937866,1.0
macaroni2,21cbc2dafd0b25d4fa7f8cd9,0.1,27,27,1.0,0.00027382373809814453,0.0,0.48148149251937866,1.0
macaroni2,22fea48efc706041289e9a7b,0.01,32,32,1.0,0.00015780329704284668,0.0,0.4375,1.0
macaroni2,22fea48efc706041289e9a7b,0.05,32,32,1.0,0.00015780329704284668,0.0,0.4375,1.0
macaroni2,22fea48efc706041289e9a7b,0.1,32,32,1.0,0.00015780329704284668,0.0,0.4375,1.0
macaroni2,243cf774d89a3f3be1a370ad,0.01,32,1,0.03125,1.25248122215271,0.0,1.0,0.0
macaroni2,243cf774d89a3f3be1a370ad,0.05,32,3,0.09375,1.25248122215271,0.6666666666666667,1.0,0.0
macaroni2,243cf774d89a3f3be1a370ad,0.1,32,3,0.09375,1.25248122215271,0.6666666666666667,1.0,0.0
macaroni2,260dc45bbc85f7b24f7f267c,0.01,32,32,1.0,1.3053417205810547e-05,0.0,0.3125,0.96875
macaroni2,260dc45bbc85f7b24f7f267c,0.05,32,32,1.0,1.3053417205810547e-05,0.0,0.3125,0.96875
macaroni2,260dc45bbc85f7b24f7f267c,0.1,32,32,1.0,1.3053417205810547e-05,0.0,0.3125,0.96875
macaroni2,26d6fd632bf434a131f6ec4e,0.01,32,0,0.0,1.2458356618881226,,,
macaroni2,26d6fd632bf434a131f6ec4e,0.05,32,0,0.0,1.2458356618881226,,,
macaroni2,26d6fd632bf434a131f6ec4e,0.1,32,0,0.0,1.2458356618881226,,,
macaroni2,26eec54b18e8cba99626757c,0.01,32,17,0.53125,0.008547261357307434,0.05882352941176472,0.5882353186607361,1.0
macaroni2,26eec54b18e8cba99626757c,0.05,32,22,0.6875,0.008547261357307434,0.09090909090909094,0.6363636255264282,1.0
macaroni2,26eec54b18e8cba99626757c,0.1,32,24,0.75,0.008547261357307434,0.16666666666666663,0.6666666865348816,1.0
macaroni2,28485adba20bcc1631a8d377,0.01,32,20,0.625,0.002574920654296875,0.050000000000000044,0.25,0.8999999761581421
macaroni2,28485adba20bcc1631a8d377,0.05,32,22,0.6875,0.002574920654296875,0.045454545454545414,0.3181818127632141,0.9090909361839294
macaroni2,28485adba20bcc1631a8d377,0.1,32,22,0.6875,0.002574920654296875,0.045454545454545414,0.3181818127632141,0.9090909361839294
macaroni2,2ca215e8e7ea31fa3a35a3cc,0.01,32,3,0.09375,0.4729496240615845,0.0,0.6666666865348816,1.0
macaroni2,2ca215e8e7ea31fa3a35a3cc,0.05,32,5,0.15625,0.4729496240615845,0.0,0.6000000238418579,1.0
macaroni2,2ca215e8e7ea31fa3a35a3cc,0.1,32,6,0.1875,0.4729496240615845,0.0,0.6666666865348816,1.0
macaroni2,2d9695a99f4fdfb5f7fe0814,0.01,32,9,0.28125,0.9744257926940918,0.0,0.5555555820465088,0.7777777910232544
macaroni2,2d9695a99f4fdfb5f7fe0814,0.05,32,9,0.28125,0.9744257926940918,0.0,0.5555555820465088,0.7777777910232544
macaroni2,2d9695a99f4fdfb5f7fe0814,0.1,32,9,0.28125,0.9744257926940918,0.0,0.5555555820465088,0.7777777910232544
macaroni2,310376fc298561257b2f6ac1,0.01,32,9,0.28125,0.6110034584999084,0.11111111111111116,0.5555555820465088,0.7777777910232544
macaroni2,310376fc298561257b2f6ac1,0.05,32,11,0.34375,0.6110034584999084,0.09090909090909094,0.6363636255264282,0.7272727489471436
macaroni2,310376fc298561257b2f6ac1,0.1,32,12,0.375,0.6110034584999084,0.08333333333333337,0.6666666865348816,0.75
macaroni2,3428f8693b2e18ca84800e9d,0.01,32,24,0.75,0.004404127597808838,0.08333333333333337,0.375,0.2916666567325592
macaroni2,3428f8693b2e18ca84800e9d,0.05,32,27,0.84375,0.004404127597808838,0.11111111111111116,0.40740740299224854,0.25925925374031067
macaroni2,3428f8693b2e18ca84800e9d,0.1,32,28,0.875,0.004404127597808838,0.1428571428571429,0.4285714328289032,0.25
macaroni2,379fa23ea1bb36eb6d0acb95,0.01,32,6,0.1875,0.23019109666347504,0.0,0.5,1.0
macaroni2,379fa23ea1bb36eb6d0acb95,0.05,32,7,0.21875,0.23019109666347504,0.1428571428571429,0.5714285969734192,1.0
macaroni2,379fa23ea1bb36eb6d0acb95,0.1,32,9,0.28125,0.23019109666347504,0.33333333333333337,0.6666666865348816,1.0
macaroni2,37adcf1d496e402eae667b36,0.01,32,4,0.125,0.49608272314071655,0.0,0.25,1.0
macaroni2,37adcf1d496e402eae667b36,0.05,32,8,0.25,0.49608272314071655,0.125,0.375,1.0
macaroni2,37adcf1d496e402eae667b36,0.1,32,9,0.28125,0.49608272314071655,0.2222222222222222,0.4444444477558136,1.0
macaroni2,38adb42e111febc3aaefacba,0.01,32,0,0.0,1.507267951965332,,,
macaroni2,38adb42e111febc3aaefacba,0.05,32,0,0.0,1.507267951965332,,,
macaroni2,38adb42e111febc3aaefacba,0.1,32,0,0.0,1.507267951965332,,,
macaroni2,398c22d13c653f57cd601bfe,0.01,32,4,0.125,0.3107943534851074,0.0,0.5,1.0
macaroni2,398c22d13c653f57cd601bfe,0.05,32,4,0.125,0.3107943534851074,0.0,0.5,1.0
macaroni2,398c22d13c653f57cd601bfe,0.1,32,5,0.15625,0.3107943534851074,0.19999999999999996,0.6000000238418579,1.0
macaroni2,3ca20c2162a9adab9d240819,0.01,32,32,1.0,0.0008842945098876953,0.0625,0.53125,1.0
macaroni2,3ca20c2162a9adab9d240819,0.05,32,32,1.0,0.0008842945098876953,0.0625,0.53125,1.0
macaroni2,3ca20c2162a9adab9d240819,0.1,32,32,1.0,0.0008842945098876953,0.0625,0.53125,1.0
macaroni2,3f4645ae574aa13ac1a18dd6,0.01,32,32,1.0,0.0003845430910587311,0.03125,0.59375,1.0
macaroni2,3f4645ae574aa13ac1a18dd6,0.05,32,32,1.0,0.0003845430910587311,0.03125,0.59375,1.0
macaroni2,3f4645ae574aa13ac1a18dd6,0.1,32,32,1.0,0.0003845430910587311,0.03125,0.59375,1.0
macaroni2,4b036904c7b811b28bb4fa44,0.01,32,5,0.15625,1.6449791193008423,0.0,0.6000000238418579,1.0
macaroni2,4b036904c7b811b28bb4fa44,0.05,32,7,0.21875,1.6449791193008423,0.1428571428571429,0.7142857313156128,1.0
macaroni2,4b036904c7b811b28bb4fa44,0.1,32,7,0.21875,1.6449791193008423,0.1428571428571429,0.7142857313156128,1.0
macaroni2,519fe0e89bba0403a2a1022d,0.01,32,13,0.40625,0.3636120557785034,0.15384615384615385,0.4615384638309479,1.0
macaroni2,519fe0e89bba0403a2a1022d,0.05,32,15,0.46875,0.3636120557785034,0.19999999999999996,0.4000000059604645,1.0
macaroni2,519fe0e89bba0403a2a1022d,0.1,32,15,0.46875,0.3636120557785034,0.19999999999999996,0.4000000059604645,1.0
macaroni2,56f5ac5c6ad735dba1cd3bb8,0.01,32,1,0.03125,1.2792633771896362,0.0,1.0,1.0
macaroni2,56f5ac5c6ad735dba1cd3bb8,0.05,32,1,0.03125,1.2792633771896362,0.0,1.0,1.0
macaroni2,56f5ac5c6ad735dba1cd3bb8,0.1,32,1,0.03125,1.2792633771896362,0.0,1.0,1.0
macaroni2,576ecdd2034b836ce755cc5a,0.01,32,3,0.09375,0.5936160087585449,0.0,0.3333333432674408,1.0
macaroni2,576ecdd2034b836ce755cc5a,0.05,32,4,0.125,0.5936160087585449,0.0,0.5,1.0
macaroni2,576ecdd2034b836ce755cc5a,0.1,32,5,0.15625,0.5936160087585449,0.19999999999999996,0.6000000238418579,1.0
macaroni2,57a3f07a9f8ab3e2fb963fa5,0.01,32,3,0.09375,1.300129771232605,0.0,0.6666666865348816,1.0
macaroni2,57a3f07a9f8ab3e2fb963fa5,0.05,32,3,0.09375,1.300129771232605,0.0,0.6666666865348816,1.0
macaroni2,57a3f07a9f8ab3e2fb963fa5,0.1,32,3,0.09375,1.300129771232605,0.0,0.6666666865348816,1.0
macaroni2,5d05d063e9d61804665f67a7,0.01,30,21,0.7,6.204843521118164e-05,0.0,0.6190476417541504,0.9523809552192688
macaroni2,5d05d063e9d61804665f67a7,0.05,30,22,0.7333333333333333,6.204843521118164e-05,0.0,0.6363636255264282,0.9545454382896423
macaroni2,5d05d063e9d61804665f67a7,0.1,30,22,0.7333333333333333,6.204843521118164e-05,0.0,0.6363636255264282,0.9545454382896423
macaroni2,5e7411eabc11c44764966a52,0.01,28,28,1.0,6.42538070678711e-05,0.0,0.5,0.9642857313156128
macaroni2,5e7411eabc11c44764966a52,0.05,28,28,1.0,6.42538070678711e-05,0.0,0.5,0.9642857313156128
macaroni2,5e7411eabc11c44764966a52,0.1,28,28,1.0,6.42538070678711e-05,0.0,0.5,0.9642857313156128
macaroni2,6008113371fb50d467d8cf5c,0.01,32,28,0.875,0.0022585391998291016,0.0714285714285714,0.4285714328289032,0.9642857313156128
macaroni2,6008113371fb50d467d8cf5c,0.05,32,32,1.0,0.0022585391998291016,0.09375,0.46875,0.96875
macaroni2,6008113371fb50d467d8cf5c,0.1,32,32,1.0,0.0022585391998291016,0.09375,0.46875,0.96875
macaroni2,626d3cf021255d3a68499679,0.01,32,27,0.84375,0.00023347139358520508,0.0,0.5,0.8148148059844971
macaroni2,626d3cf021255d3a68499679,0.05,32,29,0.90625,0.00023347139358520508,0.0,0.5,0.8275862336158752
macaroni2,626d3cf021255d3a68499679,0.1,32,29,0.90625,0.00023347139358520508,0.0,0.5,0.8275862336158752
macaroni2,652031ff416a3dde1a8e50d7,0.01,32,32,1.0,2.4497509002685547e-05,0.0,0.578125,0.9375
macaroni2,652031ff416a3dde1a8e50d7,0.05,32,32,1.0,2.4497509002685547e-05,0.0,0.578125,0.9375
macaroni2,652031ff416a3dde1a8e50d7,0.1,32,32,1.0,2.4497509002685547e-05,0.0,0.578125,0.9375
macaroni2,65d42137359fa24e0df540b1,0.01,32,32,1.0,1.919269561767578e-05,0.0,0.5625,0.96875
macaroni2,65d42137359fa24e0df540b1,0.05,32,32,1.0,1.919269561767578e-05,0.0,0.5625,0.96875
macaroni2,65d42137359fa24e0df540b1,0.1,32,32,1.0,1.919269561767578e-05,0.0,0.5625,0.96875
macaroni2,66283ca0969bbb84dc6cfe06,0.01,32,32,1.0,0.0006650090217590332,0.0,0.3125,1.0
macaroni2,66283ca0969bbb84dc6cfe06,0.05,32,32,1.0,0.0006650090217590332,0.0,0.3125,1.0
macaroni2,66283ca0969bbb84dc6cfe06,0.1,32,32,1.0,0.0006650090217590332,0.0,0.3125,1.0
macaroni2,699733d5d2d16aff08b0199d,0.01,32,18,0.5625,0.008877873420715332,0.0,0.6666666865348816,1.0
macaroni2,699733d5d2d16aff08b0199d,0.05,32,18,0.5625,0.008877873420715332,0.0,0.6666666865348816,1.0
macaroni2,699733d5d2d16aff08b0199d,0.1,32,18,0.5625,0.008877873420715332,0.0,0.6666666865348816,1.0
macaroni2,6c43f4bb8134d5daccdba116,0.01,32,1,0.03125,1.557045817375183,0.0,1.0,1.0
macaroni2,6c43f4bb8134d5daccdba116,0.05,32,2,0.0625,1.557045817375183,0.5,1.0,1.0
macaroni2,6c43f4bb8134d5daccdba116,0.1,32,2,0.0625,1.557045817375183,0.5,1.0,1.0
macaroni2,6e319946b7cb0bbef87a6245,0.01,32,3,0.09375,0.5200566053390503,0.0,0.3333333432674408,0.0
macaroni2,6e319946b7cb0bbef87a6245,0.05,32,5,0.15625,0.5200566053390503,0.0,0.4000000059604645,0.0
macaroni2,6e319946b7cb0bbef87a6245,0.1,32,5,0.15625,0.5200566053390503,0.0,0.4000000059604645,0.0
macaroni2,6e71b0a437d17eba07a7a7a4,0.01,32,32,1.0,0.0006121397018432617,0.03125,0.46875,1.0
macaroni2,6e71b0a437d17eba07a7a7a4,0.05,32,32,1.0,0.0006121397018432617,0.03125,0.46875,1.0
macaroni2,6e71b0a437d17eba07a7a7a4,0.1,32,32,1.0,0.0006121397018432617,0.03125,0.46875,1.0
macaroni2,74889680237c02d94022f094,0.01,32,0,0.0,1.206604242324829,,,
macaroni2,74889680237c02d94022f094,0.05,32,0,0.0,1.206604242324829,,,
macaroni2,74889680237c02d94022f094,0.1,32,0,0.0,1.206604242324829,,,
macaroni2,74d31bb9848465744b6b502a,0.01,32,9,0.28125,0.24295660853385925,0.11111111111111116,0.5555555820465088,0.1111111119389534
macaroni2,74d31bb9848465744b6b502a,0.05,32,12,0.375,0.24295660853385925,0.25,0.6666666865348816,0.1666666716337204
macaroni2,74d31bb9848465744b6b502a,0.1,32,12,0.375,0.24295660853385925,0.25,0.6666666865348816,0.1666666716337204
macaroni2,77480b68d94b0c9f9f2bd72e,0.01,32,0,0.0,1.3596422672271729,,,
macaroni2,77480b68d94b0c9f9f2bd72e,0.05,32,0,0.0,1.3596422672271729,,,
macaroni2,77480b68d94b0c9f9f2bd72e,0.1,32,2,0.0625,1.3596422672271729,0.5,1.0,1.0
macaroni2,7b1a21bf83ad6a88ead37086,0.01,32,11,0.34375,0.5848497152328491,0.0,0.3636363744735718,0.9090909361839294
macaroni2,7b1a21bf83ad6a88ead37086,0.05,32,14,0.4375,0.5848497152328491,0.0,0.3571428656578064,0.9285714030265808
macaroni2,7b1a21bf83ad6a88ead37086,0.1,32,14,0.4375,0.5848497152328491,0.0,0.3571428656578064,0.9285714030265808
macaroni2,7e8ffcd62777541ce5d7dcfe,0.01,32,0,0.0,0.9224916696548462,,,
macaroni2,7e8ffcd62777541ce5d7dcfe,0.05,32,0,0.0,0.9224916696548462,,,
macaroni2,7e8ffcd62777541ce5d7dcfe,0.1,32,0,0.0,0.9224916696548462,,,
macaroni2,80456b01901cdc1d20ba82c8,0.01,32,20,0.625,0.00027658045291900635,0.0,0.550000011920929,1.0
macaroni2,80456b01901cdc1d20ba82c8,0.05,32,20,0.625,0.00027658045291900635,0.0,0.550000011920929,1.0
macaroni2,80456b01901cdc1d20ba82c8,0.1,32,22,0.6875,0.00027658045291900635,0.045454545454545414,0.5909090638160706,1.0
macaroni2,8055987a8be0ec738d12db2d,0.01,32,10,0.3125,0.7368466854095459,0.0,0.4000000059604645,1.0
macaroni2,8055987a8be0ec738d12db2d,0.05,32,12,0.375,0.7368466854095459,0.0,0.4166666567325592,1.0
macaroni2,8055987a8be0ec738d12db2d,0.1,32,14,0.4375,0.7368466854095459,0.0714285714285714,0.5,1.0
macaroni2,8248cbd34f6cce2df014846e,0.01,32,0,0.0,1.3421131372451782,,,
macaroni2,8248cbd34f6cce2df014846e,0.05,32,0,0.0,1.3421131372451782,,,
macaroni2,8248cbd34f6cce2df014846e,0.1,32,0,0.0,1.3421131372451782,,,
macaroni2,88d8ef3400369b5d4bfedaea,0.01,32,9,0.28125,0.9537113904953003,0.0,0.3333333432674408,0.8888888955116272
macaroni2,88d8ef3400369b5d4bfedaea,0.05,32,11,0.34375,0.9537113904953003,0.0,0.3636363744735718,0.8181818127632141
macaroni2,88d8ef3400369b5d4bfedaea,0.1,32,11,0.34375,0.9537113904953003,0.0,0.3636363744735718,0.8181818127632141
macaroni2,8911db1dabb5828791f3bdb1,0.01,32,27,0.84375,0.00013856962323188782,0.0,0.5925925970077515,1.0
macaroni2,8911db1dabb5828791f3bdb1,0.05,32,27,0.84375,0.00013856962323188782,0.0,0.5925925970077515,1.0
macaroni2,8911db1dabb5828791f3bdb1,0.1,32,27,0.84375,0.00013856962323188782,0.0,0.5925925970077515,1.0
macaroni2,89ddb9c1cd38234b74750970,0.01,32,32,1.0,0.00034505128860473633,0.03125,0.53125,1.0
macaroni2,89ddb9c1cd38234b74750970,0.05,32,32,1.0,0.00034505128860473633,0.03125,0.53125,1.0
macaroni2,89ddb9c1cd38234b74750970,0.1,32,32,1.0,0.00034505128860473633,0.03125,0.53125,1.0
macaroni2,8ce78565de343dad369b1098,0.01,32,10,0.3125,0.8732839822769165,0.0,0.6000000238418579,1.0
macaroni2,8ce78565de343dad369b1098,0.05,32,10,0.3125,0.8732839822769165,0.0,0.6000000238418579,1.0
macaroni2,8ce78565de343dad369b1098,0.1,32,11,0.34375,0.8732839822769165,0.0,0.6363636255264282,1.0
macaroni2,912ee1c771818f300df8bf39,0.01,32,0,0.0,0.7846176624298096,,,
macaroni2,912ee1c771818f300df8bf39,0.05,32,0,0.0,0.7846176624298096,,,
macaroni2,912ee1c771818f300df8bf39,0.1,32,0,0.0,0.7846176624298096,,,
macaroni2,9297e2a5561e5cc51211a8a4,0.01,32,10,0.3125,0.4571489095687866,0.0,0.5,1.0
macaroni2,9297e2a5561e5cc51211a8a4,0.05,32,11,0.34375,0.4571489095687866,0.09090909090909094,0.5454545617103577,1.0
macaroni2,9297e2a5561e5cc51211a8a4,0.1,32,11,0.34375,0.4571489095687866,0.09090909090909094,0.5454545617103577,1.0
macaroni2,930961ee952b2753e5c2f2e4,0.01,27,16,0.5925925925925926,0.0018475055694580078,0.0,0.4375,0.8125
macaroni2,930961ee952b2753e5c2f2e4,0.05,27,18,0.6666666666666666,0.0018475055694580078,0.0,0.5,0.8333333134651184
macaroni2,930961ee952b2753e5c2f2e4,0.1,27,18,0.6666666666666666,0.0018475055694580078,0.0,0.5,0.8333333134651184
macaroni2,9bfbaa8b3543a070404c6402,0.01,32,18,0.5625,0.0010011382400989532,0.0,0.5,0.8888888955116272
macaroni2,9bfbaa8b3543a070404c6402,0.05,32,18,0.5625,0.0010011382400989532,0.0,0.5,0.8888888955116272
macaroni2,9bfbaa8b3543a070404c6402,0.1,32,18,0.5625,0.0010011382400989532,0.0,0.5,0.8888888955116272
macaroni2,9d5b78927cb437cce31ee393,0.01,32,30,0.9375,0.00031748414039611816,0.0,0.2666666805744171,0.699999988079071
macaroni2,9d5b78927cb437cce31ee393,0.05,32,32,1.0,0.00031748414039611816,0.0,0.3125,0.71875
macaroni2,9d5b78927cb437cce31ee393,0.1,32,32,1.0,0.00031748414039611816,0.0,0.3125,0.71875
macaroni2,9da86506405268facfc8f498,0.01,32,0,0.0,1.0660905838012695,,,
macaroni2,9da86506405268facfc8f498,0.05,32,0,0.0,1.0660905838012695,,,
macaroni2,9da86506405268facfc8f498,0.1,32,0,0.0,1.0660905838012695,,,
macaroni2,9fe1a7a0cd53409fd91c9cb5,0.01,32,2,0.0625,2.2708799839019775,0.0,0.5,1.0
macaroni2,9fe1a7a0cd53409fd91c9cb5,0.05,32,2,0.0625,2.2708799839019775,0.0,0.5,1.0
macaroni2,9fe1a7a0cd53409fd91c9cb5,0.1,32,2,0.0625,2.2708799839019775,0.0,0.5,1.0
macaroni2,a05c6cd02e90eae80a4d2f1c,0.01,32,0,0.0,1.1276731491088867,,,
macaroni2,a05c6cd02e90eae80a4d2f1c,0.05,32,0,0.0,1.1276731491088867,,,
macaroni2,a05c6cd02e90eae80a4d2f1c,0.1,32,0,0.0,1.1276731491088867,,,
macaroni2,a182f91d4187d68dae715f40,0.01,32,18,0.5625,0.00843818485736847,0.11111111111111116,0.5555555820465088,0.9444444179534912
macaroni2,a182f91d4187d68dae715f40,0.05,32,23,0.71875,0.00843818485736847,0.17391304347826086,0.5652173757553101,0.95652174949646
macaroni2,a182f91d4187d68dae715f40,0.1,32,25,0.78125,0.00843818485736847,0.24,0.6000000238418579,0.9599999785423279
macaroni2,a347c980a564f328aebde63b,0.01,32,32,1.0,8.90195369720459e-05,0.0,0.5,1.0
macaroni2,a347c980a564f328aebde63b,0.05,32,32,1.0,8.90195369720459e-05,0.0,0.5,1.0
macaroni2,a347c980a564f328aebde63b,0.1,32,32,1.0,8.90195369720459e-05,0.0,0.5,1.0
macaroni2,a4ad1746927a2d08c40f7b23,0.01,32,0,0.0,2.5442705154418945,,,
macaroni2,a4ad1746927a2d08c40f7b23,0.05,32,0,0.0,2.5442705154418945,,,
macaroni2,a4ad1746927a2d08c40f7b23,0.1,32,0,0.0,2.5442705154418945,,,
macaroni2,a4ea2f7f8f34bb57d9bb8dba,0.01,32,15,0.46875,0.3389824628829956,0.0,0.5333333611488342,1.0
macaroni2,a4ea2f7f8f34bb57d9bb8dba,0.05,32,15,0.46875,0.3389824628829956,0.0,0.5333333611488342,1.0
macaroni2,a4ea2f7f8f34bb57d9bb8dba,0.1,32,15,0.46875,0.3389824628829956,0.0,0.5333333611488342,1.0
macaroni2,a5e0aa291b7e878eb282bd94,0.01,32,0,0.0,1.1610732078552246,,,
macaroni2,a5e0aa291b7e878eb282bd94,0.05,32,0,0.0,1.1610732078552246,,,
macaroni2,a5e0aa291b7e878eb282bd94,0.1,32,0,0.0,1.1610732078552246,,,
macaroni2,a68e74f6c39286379bdb618b,0.01,32,11,0.34375,0.09471379220485687,0.0,0.5454545617103577,0.5454545617103577
macaroni2,a68e74f6c39286379bdb618b,0.05,32,12,0.375,0.09471379220485687,0.0,0.5833333134651184,0.5833333134651184
macaroni2,a68e74f6c39286379bdb618b,0.1,32,17,0.53125,0.09471379220485687,0.2941176470588235,0.7058823704719543,0.6470588445663452
macaroni2,a9a764ece6fb7ca57e54752f,0.01,32,2,0.0625,0.7222809791564941,0.0,0.5,1.0
macaroni2,a9a764ece6fb7ca57e54752f,0.05,32,3,0.09375,0.7222809791564941,0.0,0.3333333432674408,1.0
macaroni2,a9a764ece6fb7ca57e54752f,0.1,32,3,0.09375,0.7222809791564941,0.0,0.3333333432674408,1.0
macaroni2,abd2cc4c976920cbddc44c3d,0.01,32,32,1.0,3.120303153991699e-05,0.0,0.46875,1.0
macaroni2,abd2cc4c976920cbddc44c3d,0.05,32,32,1.0,3.120303153991699e-05,0.0,0.46875,1.0
macaroni2,abd2cc4c976920cbddc44c3d,0.1,32,32,1.0,3.120303153991699e-05,0.0,0.46875,1.0
macaroni2,b0850a01724998d12c702626,0.01,32,18,0.5625,0.0035382136702537537,0.0,0.6111111044883728,1.0
macaroni2,b0850a01724998d12c702626,0.05,32,18,0.5625,0.0035382136702537537,0.0,0.6111111044883728,1.0
macaroni2,b0850a01724998d12c702626,0.1,32,20,0.625,0.0035382136702537537,0.09999999999999998,0.6499999761581421,1.0
macaroni2,b215ef7749e71b9cb6e4e9fb,0.01,32,21,0.65625,0.0022855252027511597,0.0,0.523809552192688,1.0
macaroni2,b215ef7749e71b9cb6e4e9fb,0.05,32,22,0.6875,0.0022855252027511597,0.0,0.5454545617103577,1.0
macaroni2,b215ef7749e71b9cb6e4e9fb,0.1,32,23,0.71875,0.0022855252027511597,0.04347826086956519,0.5652173757553101,1.0
macaroni2,b2bfc2ce945399e86fa4d118,0.01,32,13,0.40625,0.13076098263263702,0.0,0.5384615659713745,1.0
macaroni2,b2bfc2ce945399e86fa4d118,0.05,32,14,0.4375,0.13076098263263702,0.0,0.5714285969734192,1.0
macaroni2,b2bfc2ce945399e86fa4d118,0.1,32,15,0.46875,0.13076098263263702,0.06666666666666665,0.6000000238418579,1.0
macaroni2,b4eb10027246cf9f94854690,0.01,32,20,0.625,0.00013914704322814941,0.0,0.4000000059604645,1.0
macaroni2,b4eb10027246cf9f94854690,0.05,32,20,0.625,0.00013914704322814941,0.0,0.4000000059604645,1.0
macaroni2,b4eb10027246cf9f94854690,0.1,32,20,0.625,0.00013914704322814941,0.0,0.4000000059604645,1.0
macaroni2,b615744a82c716e79d04f34d,0.01,32,4,0.125,1.5592882633209229,0.0,0.5,1.0
macaroni2,b615744a82c716e79d04f34d,0.05,32,5,0.15625,1.5592882633209229,0.0,0.6000000238418579,1.0
macaroni2,b615744a82c716e79d04f34d,0.1,32,5,0.15625,1.5592882633209229,0.0,0.6000000238418579,1.0
macaroni2,b715236e21705c0f16885250,0.01,32,21,0.65625,0.00028939545154571533,0.0,0.5714285969734192,1.0
macaroni2,b715236e21705c0f16885250,0.05,32,22,0.6875,0.00028939545154571533,0.045454545454545414,0.5909090638160706,1.0
macaroni2,b715236e21705c0f16885250,0.1,32,26,0.8125,0.00028939545154571533,0.1923076923076923,0.6538461446762085,1.0
macaroni2,b7e61b03528d51c88838e31c,0.01,32,5,0.15625,0.5716785788536072,0.0,0.6000000238418579,1.0
macaroni2,b7e61b03528d51c88838e31c,0.05,32,6,0.1875,0.5716785788536072,0.0,0.6666666865348816,1.0
macaroni2,b7e61b03528d51c88838e31c,0.1,32,6,0.1875,0.5716785788536072,0.0,0.6666666865348816,1.0
macaroni2,b86929d14e198629e6ab27c3,0.01,32,15,0.46875,0.09263526648283005,0.19999999999999996,0.6666666865348816,1.0
macaroni2,b86929d14e198629e6ab27c3,0.05,32,16,0.5,0.09263526648283005,0.1875,0.6875,1.0
macaroni2,b86929d14e198629e6ab27c3,0.1,32,16,0.5,0.09263526648283005,0.1875,0.6875,1.0
macaroni2,b93330f8ec0ec06fd567db25,0.01,32,0,0.0,0.8686137795448303,,,
macaroni2,b93330f8ec0ec06fd567db25,0.05,32,0,0.0,0.8686137795448303,,,
macaroni2,b93330f8ec0ec06fd567db25,0.1,32,0,0.0,0.8686137795448303,,,
macaroni2,bbac3c92a49a7df39fd013a2,0.01,32,12,0.375,0.07434707880020142,0.0,0.4166666567325592,1.0
macaroni2,bbac3c92a49a7df39fd013a2,0.05,32,14,0.4375,0.07434707880020142,0.1428571428571429,0.5,1.0
macaroni2,bbac3c92a49a7df39fd013a2,0.1,32,18,0.5625,0.07434707880020142,0.33333333333333337,0.6111111044883728,1.0
macaroni2,bca9e17fdbb4da05ef608bb9,0.01,32,23,0.71875,0.00023651123046875,0.0,0.3913043439388275,1.0
macaroni2,bca9e17fdbb4da05ef608bb9,0.05,32,24,0.75,0.00023651123046875,0.0,0.4166666567325592,1.0
macaroni2,bca9e17fdbb4da05ef608bb9,0.1,32,27,0.84375,0.00023651123046875,0.11111111111111116,0.48148149251937866,1.0
macaroni2,bf7f49ab37ec49e2b3ec1cb7,0.01,32,32,1.0,0.00016552209854125977,0.0,0.59375,1.0
macaroni2,bf7f49ab37ec49e2b3ec1cb7,0.05,32,32,1.0,0.00016552209854125977,0.0,0.59375,1.0
macaroni2,bf7f49ab37ec49e2b3ec1cb7,0.1,32,32,1.0,0.00016552209854125977,0.0,0.59375,1.0
macaroni2,c0a76fcded4285964ed51841,0.01,32,19,0.59375,0.004542142152786255,0.0,0.42105263471603394,1.0
macaroni2,c0a76fcded4285964ed51841,0.05,32,19,0.59375,0.004542142152786255,0.0,0.42105263471603394,1.0
macaroni2,c0a76fcded4285964ed51841,0.1,32,19,0.59375,0.004542142152786255,0.0,0.42105263471603394,1.0
macaroni2,cc1ee3abeee827425ec2c456,0.01,32,12,0.375,0.024616152048110962,0.08333333333333337,0.5833333134651184,1.0
macaroni2,cc1ee3abeee827425ec2c456,0.05,32,20,0.625,0.024616152048110962,0.15000000000000002,0.5,1.0
macaroni2,cc1ee3abeee827425ec2c456,0.1,32,22,0.6875,0.024616152048110962,0.2272727272727273,0.5454545617103577,0.9545454382896423
macaroni2,ceaee2e842571126fc9e9988,0.01,32,14,0.4375,0.46042168140411377,0.0,0.4285714328289032,0.5
macaroni2,ceaee2e842571126fc9e9988,0.05,32,15,0.46875,0.46042168140411377,0.06666666666666665,0.46666666865348816,0.46666666865348816
macaroni2,ceaee2e842571126fc9e9988,0.1,32,15,0.46875,0.46042168140411377,0.06666666666666665,0.46666666865348816,0.46666666865348816
macaroni2,d0dce877e6cda5e371822352,0.01,32,3,0.09375,0.6989167928695679,0.0,0.3333333432674408,1.0
macaroni2,d0dce877e6cda5e371822352,0.05,32,3,0.09375,0.6989167928695679,0.0,0.3333333432674408,1.0
macaroni2,d0dce877e6cda5e371822352,0.1,32,4,0.125,0.6989167928695679,0.0,0.5,1.0
macaroni2,d2aa4f8570cfabc3225ef991,0.01,32,22,0.6875,0.0016032848507165909,0.0,0.4545454680919647,1.0
macaroni2,d2aa4f8570cfabc3225ef991,0.05,32,23,0.71875,0.0016032848507165909,0.04347826086956519,0.47826087474823,1.0
macaroni2,d2aa4f8570cfabc3225ef991,0.1,32,24,0.75,0.0016032848507165909,0.08333333333333337,0.5,1.0
macaroni2,d4191d1b56f640d6a801911e,0.01,32,0,0.0,0.3530659079551697,,,
macaroni2,d4191d1b56f640d6a801911e,0.05,32,0,0.0,0.3530659079551697,,,
macaroni2,d4191d1b56f640d6a801911e,0.1,32,0,0.0,0.3530659079551697,,,
macaroni2,d535fdc73b7a40b73f50cba8,0.01,32,7,0.21875,0.9314775466918945,0.0,0.4285714328289032,1.0
macaroni2,d535fdc73b7a40b73f50cba8,0.05,32,7,0.21875,0.9314775466918945,0.0,0.4285714328289032,1.0
macaroni2,d535fdc73b7a40b73f50cba8,0.1,32,8,0.25,0.9314775466918945,0.0,0.5,1.0
macaroni2,d79c739cfd0c7a8ddad5bb2b,0.01,32,2,0.0625,0.7932760715484619,0.0,0.5,1.0
macaroni2,d79c739cfd0c7a8ddad5bb2b,0.05,32,3,0.09375,0.7932760715484619,0.0,0.6666666865348816,1.0
macaroni2,d79c739cfd0c7a8ddad5bb2b,0.1,32,3,0.09375,0.7932760715484619,0.0,0.6666666865348816,1.0
macaroni2,d8767d99c1d4860e49c078b3,0.01,22,0,0.0,1.5305546522140503,,,
macaroni2,d8767d99c1d4860e49c078b3,0.05,22,0,0.0,1.5305546522140503,,,
macaroni2,d8767d99c1d4860e49c078b3,0.1,22,0,0.0,1.5305546522140503,,,
macaroni2,da459dabcb47161c978b77d5,0.01,32,9,0.28125,1.0044739246368408,0.11111111111111116,0.3333333432674408,1.0
macaroni2,da459dabcb47161c978b77d5,0.05,32,12,0.375,1.0044739246368408,0.08333333333333337,0.3333333432674408,1.0
macaroni2,da459dabcb47161c978b77d5,0.1,32,12,0.375,1.0044739246368408,0.08333333333333337,0.3333333432674408,1.0
macaroni2,dd4edc1e6dd864bcb8fa34b5,0.01,32,19,0.59375,0.003519848920404911,0.0,0.5263158082962036,0.8421052694320679
macaroni2,dd4edc1e6dd864bcb8fa34b5,0.05,32,22,0.6875,0.003519848920404911,0.0,0.5454545617103577,0.8181818127632141
macaroni2,dd4edc1e6dd864bcb8fa34b5,0.1,32,22,0.6875,0.003519848920404911,0.0,0.5454545617103577,0.8181818127632141
macaroni2,de66bcee40cc4031e5eaa38a,0.01,32,32,1.0,5.811452865600586e-05,0.0,0.5625,1.0
macaroni2,de66bcee40cc4031e5eaa38a,0.05,32,32,1.0,5.811452865600586e-05,0.0,0.5625,1.0
macaroni2,de66bcee40cc4031e5eaa38a,0.1,32,32,1.0,5.811452865600586e-05,0.0,0.5625,1.0
macaroni2,e2b654828a5193f8b616f3bb,0.01,32,6,0.1875,0.3268161714076996,0.0,0.3333333432674408,1.0
macaroni2,e2b654828a5193f8b616f3bb,0.05,32,7,0.21875,0.3268161714076996,0.0,0.4285714328289032,1.0
macaroni2,e2b654828a5193f8b616f3bb,0.1,32,7,0.21875,0.3268161714076996,0.0,0.4285714328289032,1.0
macaroni2,e3d133714c0f05814f496648,0.01,32,0,0.0,2.0658063888549805,,,
macaroni2,e3d133714c0f05814f496648,0.05,32,0,0.0,2.0658063888549805,,,
macaroni2,e3d133714c0f05814f496648,0.1,32,0,0.0,2.0658063888549805,,,
macaroni2,eae40d57f118ed32069bdd26,0.01,32,10,0.3125,0.19443662464618683,0.0,0.4000000059604645,1.0
macaroni2,eae40d57f118ed32069bdd26,0.05,32,10,0.3125,0.19443662464618683,0.0,0.4000000059604645,1.0
macaroni2,eae40d57f118ed32069bdd26,0.1,32,12,0.375,0.19443662464618683,0.08333333333333337,0.5,1.0
macaroni2,f1974de0999ddbae2228d155,0.01,32,4,0.125,0.505942165851593,0.0,0.75,1.0
macaroni2,f1974de0999ddbae2228d155,0.05,32,5,0.15625,0.505942165851593,0.0,0.800000011920929,1.0
macaroni2,f1974de0999ddbae2228d155,0.1,32,5,0.15625,0.505942165851593,0.0,0.800000011920929,1.0
macaroni2,f1d17364deb292c99d749920,0.01,32,9,0.28125,0.5320326089859009,0.0,0.6666666865348816,1.0
macaroni2,f1d17364deb292c99d749920,0.05,32,10,0.3125,0.5320326089859009,0.0,0.699999988079071,1.0
macaroni2,f1d17364deb292c99d749920,0.1,32,11,0.34375,0.5320326089859009,0.0,0.7272727489471436,1.0
macaroni2,f85176278608d1dceff94b4b,0.01,32,16,0.5,0.010408759117126465,0.0625,0.4375,1.0
macaroni2,f85176278608d1dceff94b4b,0.05,32,23,0.71875,0.010408759117126465,0.17391304347826086,0.47826087474823,1.0
macaroni2,f85176278608d1dceff94b4b,0.1,32,25,0.78125,0.010408759117126465,0.19999999999999996,0.5199999809265137,1.0
macaroni2,fd40c99a12d76a57de528883,0.01,32,0,0.0,1.8841609954833984,,,
macaroni2,fd40c99a12d76a57de528883,0.05,32,0,0.0,1.8841609954833984,,,
macaroni2,fd40c99a12d76a57de528883,0.1,32,0,0.0,1.8841609954833984,,,
pcb1,01a83a014fad55e405a3e709,0.01,32,32,1.0,0.00013723969459533691,0.0,0.5625,0.34375
pcb1,01a83a014fad55e405a3e709,0.05,32,32,1.0,0.00013723969459533691,0.0,0.5625,0.34375
pcb1,01a83a014fad55e405a3e709,0.1,32,32,1.0,0.00013723969459533691,0.0,0.5625,0.34375
pcb1,04c892b9392b4664c9714d83,0.01,32,8,0.25,3.514427661895752,0.0,0.25,1.0
pcb1,04c892b9392b4664c9714d83,0.05,32,8,0.25,3.514427661895752,0.0,0.25,1.0
pcb1,04c892b9392b4664c9714d83,0.1,32,8,0.25,3.514427661895752,0.0,0.25,1.0
pcb1,0602bbc2de6433225c631535,0.01,32,27,0.84375,0.0008076131343841553,0.03703703703703709,0.40740740299224854,0.5185185074806213
pcb1,0602bbc2de6433225c631535,0.05,32,30,0.9375,0.0008076131343841553,0.033333333333333326,0.4000000059604645,0.5666666626930237
pcb1,0602bbc2de6433225c631535,0.1,32,30,0.9375,0.0008076131343841553,0.033333333333333326,0.4000000059604645,0.5666666626930237
pcb1,0c33699be9e9a16d7c17ce77,0.01,32,14,0.4375,1.6436543464660645,0.0,0.5714285969734192,1.0
pcb1,0c33699be9e9a16d7c17ce77,0.05,32,14,0.4375,1.6436543464660645,0.0,0.5714285969734192,1.0
pcb1,0c33699be9e9a16d7c17ce77,0.1,32,14,0.4375,1.6436543464660645,0.0,0.5714285969734192,1.0
pcb1,1912e7e3197ae3b58cf6d6d8,0.01,32,8,0.25,0.9722198247909546,0.0,0.25,0.5
pcb1,1912e7e3197ae3b58cf6d6d8,0.05,32,8,0.25,0.9722198247909546,0.0,0.25,0.5
pcb1,1912e7e3197ae3b58cf6d6d8,0.1,32,8,0.25,0.9722198247909546,0.0,0.25,0.5
pcb1,1a691e974afca341bb5607c6,0.01,32,23,0.71875,0.003787994384765625,0.04347826086956519,0.5652173757553101,1.0
pcb1,1a691e974afca341bb5607c6,0.05,32,24,0.75,0.003787994384765625,0.04166666666666663,0.5416666865348816,1.0
pcb1,1a691e974afca341bb5607c6,0.1,32,25,0.78125,0.003787994384765625,0.040000000000000036,0.5600000023841858,1.0
pcb1,1d3eb297e517f209f1d7d84c,0.01,32,32,1.0,5.0067901611328125e-06,0.0,0.4375,0.65625
pcb1,1d3eb297e517f209f1d7d84c,0.05,32,32,1.0,5.0067901611328125e-06,0.0,0.4375,0.65625
pcb1,1d3eb297e517f209f1d7d84c,0.1,32,32,1.0,5.0067901611328125e-06,0.0,0.4375,0.65625
pcb1,1d4ee84e7ce290fe11f558e6,0.01,32,26,0.8125,0.0015575885772705078,0.0,0.5192307829856873,0.38461539149284363
pcb1,1d4ee84e7ce290fe11f558e6,0.05,32,28,0.875,0.0015575885772705078,0.0,0.5178571343421936,0.4285714328289032
pcb1,1d4ee84e7ce290fe11f558e6,0.1,32,28,0.875,0.0015575885772705078,0.0,0.5178571343421936,0.4285714328289032
pcb1,1f3ea9d7cd96153a56bc5fd3,0.01,32,13,0.40625,0.039309144020080566,0.0,0.38461539149284363,0.1538461595773697
pcb1,1f3ea9d7cd96153a56bc5fd3,0.05,32,17,0.53125,0.039309144020080566,0.05882352941176472,0.29411765933036804,0.11764705926179886
pcb1,1f3ea9d7cd96153a56bc5fd3,0.1,32,18,0.5625,0.039309144020080566,0.05555555555555558,0.3333333432674408,0.1111111119389534
pcb1,23f9a42b155f330ad983066b,0.01,32,9,0.28125,4.69795036315918,0.0,0.4444444477558136,0.2222222238779068
pcb1,23f9a42b155f330ad983066b,0.05,32,10,0.3125,4.69795036315918,0.0,0.5,0.30000001192092896
pcb1,23f9a42b155f330ad983066b,0.1,32,10,0.3125,4.69795036315918,0.0,0.5,0.30000001192092896
pcb1,2c951b1265924f7382f5e6b3,0.01,32,32,1.0,7.152557373046875e-06,0.0,0.4375,0.625
pcb1,2c951b1265924f7382f5e6b3,0.05,32,32,1.0,7.152557373046875e-06,0.0,0.4375,0.625
pcb1,2c951b1265924f7382f5e6b3,0.1,32,32,1.0,7.152557373046875e-06,0.0,0.4375,0.625
pcb1,3072ce20cf90f5e99440e6bc,0.01,32,0,0.0,3.11173415184021,,,
pcb1,3072ce20cf90f5e99440e6bc,0.05,32,0,0.0,3.11173415184021,,,
pcb1,3072ce20cf90f5e99440e6bc,0.1,32,0,0.0,3.11173415184021,,,
pcb1,32cf4b2e165e3206846aaf60,0.01,32,32,1.0,0.0008365511894226074,0.03125,0.46875,0.78125
pcb1,32cf4b2e165e3206846aaf60,0.05,32,32,1.0,0.0008365511894226074,0.03125,0.46875,0.78125
pcb1,32cf4b2e165e3206846aaf60,0.1,32,32,1.0,0.0008365511894226074,0.03125,0.46875,0.78125
pcb1,3680c24978c1d42b2a37599c,0.01,32,29,0.90625,0.00034999847412109375,0.0,0.48275861144065857,0.6206896305084229
pcb1,3680c24978c1d42b2a37599c,0.05,32,30,0.9375,0.00034999847412109375,0.033333333333333326,0.5,0.6333333253860474
pcb1,3680c24978c1d42b2a37599c,0.1,32,30,0.9375,0.00034999847412109375,0.033333333333333326,0.5,0.6333333253860474
pcb1,374ea579413f7ebcbcf16d3c,0.01,32,0,0.0,10.838659286499023,,,
pcb1,374ea579413f7ebcbcf16d3c,0.05,32,0,0.0,10.838659286499023,,,
pcb1,374ea579413f7ebcbcf16d3c,0.1,32,0,0.0,10.838659286499023,,,
pcb1,39c5197be54ded8547348437,0.01,32,14,0.4375,0.4134256839752197,0.0,0.4285714328289032,0.7142857313156128
pcb1,39c5197be54ded8547348437,0.05,32,14,0.4375,0.4134256839752197,0.0,0.4285714328289032,0.7142857313156128
pcb1,39c5197be54ded8547348437,0.1,32,14,0.4375,0.4134256839752197,0.0,0.4285714328289032,0.7142857313156128
pcb1,3a8bf07b45d07dbde32c82d7,0.01,32,29,0.90625,0.003930568695068359,0.0,0.6551724076271057,1.0
pcb1,3a8bf07b45d07dbde32c82d7,0.05,32,31,0.96875,0.003930568695068359,0.0,0.6451612710952759,1.0
pcb1,3a8bf07b45d07dbde32c82d7,0.1,32,31,0.96875,0.003930568695068359,0.0,0.6451612710952759,1.0
pcb1,3dab225ec30eb8d5cbdec634,0.01,32,0,0.0,8.082353591918945,,,
pcb1,3dab225ec30eb8d5cbdec634,0.05,32,0,0.0,8.082353591918945,,,
pcb1,3dab225ec30eb8d5cbdec634,0.1,32,0,0.0,8.082353591918945,,,
pcb1,3ef2a58bb9f86d4d6fba6aa6,0.01,32,0,0.0,5.34578800201416,,,
pcb1,3ef2a58bb9f86d4d6fba6aa6,0.05,32,0,0.0,5.34578800201416,,,
pcb1,3ef2a58bb9f86d4d6fba6aa6,0.1,32,0,0.0,5.34578800201416,,,
pcb1,410c85cbd877dc37da9438a0,0.01,32,7,0.21875,1.006653070449829,0.0,0.5714285969734192,1.0
pcb1,410c85cbd877dc37da9438a0,0.05,32,7,0.21875,1.006653070449829,0.0,0.5714285969734192,1.0
pcb1,410c85cbd877dc37da9438a0,0.1,32,8,0.25,1.006653070449829,0.0,0.5,1.0
pcb1,422a9abdea5f8a6bac79fde4,0.01,32,8,0.25,3.3725149631500244,0.0,0.375,0.75
pcb1,422a9abdea5f8a6bac79fde4,0.05,32,9,0.28125,3.3725149631500244,0.0,0.3333333432674408,0.7777777910232544
pcb1,422a9abdea5f8a6bac79fde4,0.1,32,9,0.28125,3.3725149631500244,0.0,0.3333333432674408,0.7777777910232544
pcb1,43b1e7fcfe515f7fccfef929,0.01,32,3,0.09375,7.295293807983398,0.0,0.3333333432674408,1.0
pcb1,43b1e7fcfe515f7fccfef929,0.05,32,7,0.21875,7.295293807983398,0.0,0.5714285969734192,1.0
pcb1,43b1e7fcfe515f7fccfef929,0.1,32,7,0.21875,7.295293807983398,0.0,0.5714285969734192,1.0
pcb1,48ae52448a5b6943103b118e,0.01,32,14,0.4375,0.28043079376220703,0.0,0.4285714328289032,0.9285714030265808
pcb1,48ae52448a5b6943103b118e,0.05,32,14,0.4375,0.28043079376220703,0.0,0.4285714328289032,0.9285714030265808
pcb1,48ae52448a5b6943103b118e,0.1,32,14,0.4375,0.28043079376220703,0.0,0.4285714328289032,0.9285714030265808
pcb1,494233199c4bb5688f9e6a0c,0.01,32,9,0.28125,0.3325200080871582,0.0,0.3333333432674408,0.8888888955116272
pcb1,494233199c4bb5688f9e6a0c,0.05,32,13,0.40625,0.3325200080871582,0.0,0.38461539149284363,0.6153846383094788
pcb1,494233199c4bb5688f9e6a0c,0.1,32,14,0.4375,0.3325200080871582,0.0,0.4285714328289032,0.5714285969734192
pcb1,4aa0507748155ccd41c16e7b,0.01,32,8,0.25,2.1002206802368164,0.125,0.625,0.75
pcb1,4aa0507748155ccd41c16e7b,0.05,32,10,0.3125,2.1002206802368164,0.09999999999999998,0.699999988079071,0.800000011920929
pcb1,4aa0507748155ccd41c16e7b,0.1,32,11,0.34375,2.1002206802368164,0.09090909090909094,0.6363636255264282,0.8181818127632141
pcb1,4bdd749184a92487f374f3ab,0.01,32,0,0.0,3.8754377365112305,,,
pcb1,4bdd749184a92487f374f3ab,0.05,32,0,0.0,3.8754377365112305,,,
pcb1,4bdd749184a92487f374f3ab,0.1,32,0,0.0,3.8754377365112305,,,
pcb1,4d7ad789330c4ea70ea3ae32,0.01,32,3,0.09375,6.343405723571777,0.0,0.0,1.0
pcb1,4d7ad789330c4ea70ea3ae32,0.05,32,3,0.09375,6.343405723571777,0.0,0.0,1.0
pcb1,4d7ad789330c4ea70ea3ae32,0.1,32,3,0.09375,6.343405723571777,0.0,0.0,1.0
pcb1,4fed9d166ca54ae4e2cbdd5e,0.01,32,0,0.0,2.916004180908203,,,
pcb1,4fed9d166ca54ae4e2cbdd5e,0.05,32,0,0.0,2.916004180908203,,,
pcb1,4fed9d166ca54ae4e2cbdd5e,0.1,32,0,0.0,2.916004180908203,,,
pcb1,50228ea6895579d622003f6f,0.01,32,0,0.0,2.225142478942871,,,
pcb1,50228ea6895579d622003f6f,0.05,32,0,0.0,2.225142478942871,,,
pcb1,50228ea6895579d622003f6f,0.1,32,0,0.0,2.225142478942871,,,
pcb1,50898a82c14d334f089ba557,0.01,32,17,0.53125,0.009516239166259766,0.0,0.6470588445663452,0.8823529481887817
pcb1,50898a82c14d334f089ba557,0.05,32,30,0.9375,0.009516239166259766,0.19999999999999996,0.6000000238418579,0.9333333373069763
pcb1,50898a82c14d334f089ba557,0.1,32,32,1.0,0.009516239166259766,0.1875,0.59375,0.9375
pcb1,529b697585bca5778aab04c4,0.01,32,10,0.3125,2.3349547386169434,0.0,0.4000000059604645,1.0
pcb1,529b697585bca5778aab04c4,0.05,32,13,0.40625,2.3349547386169434,0.0,0.4615384638309479,1.0
pcb1,529b697585bca5778aab04c4,0.1,32,14,0.4375,2.3349547386169434,0.0,0.4285714328289032,1.0
pcb1,52c0fe23ccdac65dc7944451,0.01,32,3,0.09375,1.6097521781921387,0.0,0.6666666865348816,0.0
pcb1,52c0fe23ccdac65dc7944451,0.05,32,3,0.09375,1.6097521781921387,0.0,0.6666666865348816,0.0
pcb1,52c0fe23ccdac65dc7944451,0.1,32,3,0.09375,1.6097521781921387,0.0,0.6666666865348816,0.0
pcb1,562e3709953ca4e6e4b2876d,0.01,32,15,0.46875,0.026119232177734375,0.0,0.5333333611488342,1.0
pcb1,562e3709953ca4e6e4b2876d,0.05,32,17,0.53125,0.026119232177734375,0.0,0.5882353186607361,1.0
pcb1,562e3709953ca4e6e4b2876d,0.1,32,17,0.53125,0.026119232177734375,0.0,0.5882353186607361,1.0
pcb1,5a72ee44d10a570b1fd8bb25,0.01,32,24,0.75,0.001257181167602539,0.0,0.7083333134651184,1.0
pcb1,5a72ee44d10a570b1fd8bb25,0.05,32,25,0.78125,0.001257181167602539,0.0,0.7200000286102295,1.0
pcb1,5a72ee44d10a570b1fd8bb25,0.1,32,26,0.8125,0.001257181167602539,0.0,0.7307692170143127,1.0
pcb1,5b86366603ab17a8469074b2,0.01,32,4,0.125,5.276601314544678,0.0,1.0,1.0
pcb1,5b86366603ab17a8469074b2,0.05,32,4,0.125,5.276601314544678,0.0,1.0,1.0
pcb1,5b86366603ab17a8469074b2,0.1,32,4,0.125,5.276601314544678,0.0,1.0,1.0
pcb1,5f832185524985ca3f0e92d9,0.01,32,13,0.40625,0.7967251539230347,0.0,0.692307710647583,0.692307710647583
pcb1,5f832185524985ca3f0e92d9,0.05,32,13,0.40625,0.7967251539230347,0.0,0.692307710647583,0.692307710647583
pcb1,5f832185524985ca3f0e92d9,0.1,32,13,0.40625,0.7967251539230347,0.0,0.692307710647583,0.692307710647583
pcb1,6016a0b692e7aea96d304bed,0.01,32,14,0.4375,0.15839290618896484,0.0714285714285714,0.5714285969734192,1.0
pcb1,6016a0b692e7aea96d304bed,0.05,32,16,0.5,0.15839290618896484,0.0625,0.5625,1.0
pcb1,6016a0b692e7aea96d304bed,0.1,32,16,0.5,0.15839290618896484,0.0625,0.5625,1.0
pcb1,635fa95eba6aeafd2fbc4b1b,0.01,32,22,0.6875,0.0027260780334472656,0.0,0.4545454680919647,0.7272727489471436
pcb1,635fa95eba6aeafd2fbc4b1b,0.05,32,26,0.8125,0.0027260780334472656,0.038461538461538436,0.5,0.7692307829856873
pcb1,635fa95eba6aeafd2fbc4b1b,0.1,32,27,0.84375,0.0027260780334472656,0.07407407407407407,0.5185185074806213,0.7777777910232544
pcb1,65cffa9bb35f0e26103179b1,0.01,32,4,0.125,2.5707216262817383,0.0,0.75,1.0
pcb1,65cffa9bb35f0e26103179b1,0.05,32,4,0.125,2.5707216262817383,0.0,0.75,1.0
pcb1,65cffa9bb35f0e26103179b1,0.1,32,4,0.125,2.5707216262817383,0.0,0.75,1.0
pcb1,684f34e6e9fc7364eaf50826,0.01,32,16,0.5,0.0617755651473999,0.0,0.625,0.8125
pcb1,684f34e6e9fc7364eaf50826,0.05,32,16,0.5,0.0617755651473999,0.0,0.625,0.8125
pcb1,684f34e6e9fc7364eaf50826,0.1,32,16,0.5,0.0617755651473999,0.0,0.625,0.8125
pcb1,69ee6908ed17d05a195326d6,0.01,32,14,0.4375,0.015041589736938477,0.1428571428571429,0.6428571343421936,0.6428571343421936
pcb1,69ee6908ed17d05a195326d6,0.05,32,17,0.53125,0.015041589736938477,0.11764705882352944,0.6470588445663452,0.7058823704719543
pcb1,69ee6908ed17d05a195326d6,0.1,32,18,0.5625,0.015041589736938477,0.11111111111111116,0.6666666865348816,0.7222222089767456
pcb1,6a3a02b2881c1317d6944352,0.01,32,0,0.0,1.9951770305633545,,,
pcb1,6a3a02b2881c1317d6944352,0.05,32,0,0.0,1.9951770305633545,,,
pcb1,6a3a02b2881c1317d6944352,0.1,32,1,0.03125,1.9951770305633545,0.0,1.0,1.0
pcb1,6a559f080171b70ceb05a76d,0.01,32,2,0.0625,3.154552936553955,0.0,1.0,1.0
pcb1,6a559f080171b70ceb05a76d,0.05,32,4,0.125,3.154552936553955,0.5,1.0,1.0
pcb1,6a559f080171b70ceb05a76d,0.1,32,4,0.125,3.154552936553955,0.5,1.0,1.0
pcb1,6be096202c2f5627f69df8cb,0.01,32,0,0.0,3.989942789077759,,,
pcb1,6be096202c2f5627f69df8cb,0.05,32,0,0.0,3.989942789077759,,,
pcb1,6be096202c2f5627f69df8cb,0.1,32,0,0.0,3.989942789077759,,,
pcb1,6c029ad079d487365496de90,0.01,32,24,0.75,0.0028541088104248047,0.0,0.5,0.0416666679084301
pcb1,6c029ad079d487365496de90,0.05,32,27,0.84375,0.0028541088104248047,0.0,0.5185185074806213,0.03703703731298447
pcb1,6c029ad079d487365496de90,0.1,32,27,0.84375,0.0028541088104248047,0.0,0.5185185074806213,0.03703703731298447
pcb1,6c3010fedf8b5c28e9914b8f,0.01,32,27,0.84375,0.001497507095336914,0.0,0.6296296119689941,0.9259259104728699
pcb1,6c3010fedf8b5c28e9914b8f,0.05,32,30,0.9375,0.001497507095336914,0.0,0.6000000238418579,0.9333333373069763
pcb1,6c3010fedf8b5c28e9914b8f,0.1,32,30,0.9375,0.001497507095336914,0.0,0.6000000238418579,0.9333333373069763
pcb1,6cfc6e55e1a48e120ca08f74,0.01,32,3,0.09375,3.3453569412231445,0.0,0.6666666865348816,0.3333333432674408
pcb1,6cfc6e55e1a48e120ca08f74,0.05,32,4,0.125,3.3453569412231445,0.0,0.5,0.5
pcb1,6cfc6e55e1a48e120ca08f74,0.1,32,4,0.125,3.3453569412231445,0.0,0.5,0.5
pcb1,6fd668f7feb0390bd1144115,0.01,32,7,0.21875,1.8740077018737793,0.0,0.1428571492433548,0.5714285969734192
pcb1,6fd668f7feb0390bd1144115,0.05,32,8,0.25,1.8740077018737793,0.0,0.25,0.625
pcb1,6fd668f7feb0390bd1144115,0.1,32,8,0.25,1.8740077018737793,0.0,0.25,0.625
pcb1,71cc4b3b7db056e9c9c0e4cf,0.01,32,16,0.5,0.29628586769104004,0.0,0.625,1.0
pcb1,71cc4b3b7db056e9c9c0e4cf,0.05,32,16,0.5,0.29628586769104004,0.0,0.625,1.0
pcb1,71cc4b3b7db056e9c9c0e4cf,0.1,32,16,0.5,0.29628586769104004,0.0,0.625,1.0
pcb1,75ab2d0d05101c31bd2b6306,0.01,32,6,0.1875,3.2934775352478027,0.0,0.5833333134651184,1.0
pcb1,75ab2d0d05101c31bd2b6306,0.05,32,8,0.25,3.2934775352478027,0.0,0.5625,1.0
pcb1,75ab2d0d05101c31bd2b6306,0.1,32,9,0.28125,3.2934775352478027,0.0,0.6111111044883728,1.0
pcb1,76a42f157de24284ad441e6a,0.01,32,4,0.125,1.3481473922729492,0.0,0.5,1.0
pcb1,76a42f157de24284ad441e6a,0.05,32,5,0.15625,1.3481473922729492,0.0,0.4000000059604645,1.0
pcb1,76a42f157de24284ad441e6a,0.1,32,5,0.15625,1.3481473922729492,0.0,0.4000000059604645,1.0
pcb1,76b6c61f2186903165b99fd7,0.01,32,11,0.34375,2.2002878189086914,0.0,0.5454545617103577,1.0
pcb1,76b6c61f2186903165b99fd7,0.05,32,13,0.40625,2.2002878189086914,0.0,0.5384615659713745,1.0
pcb1,76b6c61f2186903165b99fd7,0.1,32,13,0.40625,2.2002878189086914,0.0,0.5384615659713745,1.0
pcb1,7b2bbe00b4d165b6e192aef2,0.01,32,2,0.0625,3.629730701446533,0.0,0.0,0.5
pcb1,7b2bbe00b4d165b6e192aef2,0.05,32,2,0.0625,3.629730701446533,0.0,0.0,0.5
pcb1,7b2bbe00b4d165b6e192aef2,0.1,32,2,0.0625,3.629730701446533,0.0,0.0,0.5
pcb1,842cbf0745e696a8e10da9a2,0.01,32,2,0.0625,4.885147571563721,0.0,0.0,1.0
pcb1,842cbf0745e696a8e10da9a2,0.05,32,2,0.0625,4.885147571563721,0.0,0.0,1.0
pcb1,842cbf0745e696a8e10da9a2,0.1,32,3,0.09375,4.885147571563721,0.0,0.3333333432674408,1.0
pcb1,84796433e41b95aa753bf782,0.01,32,10,0.3125,2.2111425399780273,0.0,0.5,0.8999999761581421
pcb1,84796433e41b95aa753bf782,0.05,32,12,0.375,2.2111425399780273,0.0,0.5,0.9166666865348816
pcb1,84796433e41b95aa753bf782,0.1,32,12,0.375,2.2111425399780273,0.0,0.5,0.9166666865348816
pcb1,8663dc42040eee78d0739f78,0.01,32,10,0.3125,0.0212862491607666,0.0,0.800000011920929,0.8999999761581421
pcb1,8663dc42040eee78d0739f78,0.05,32,18,0.5625,0.0212862491607666,0.11111111111111116,0.5555555820465088,0.9444444179534912
pcb1,8663dc42040eee78d0739f78,0.1,32,20,0.625,0.0212862491607666,0.19999999999999996,0.6000000238418579,0.949999988079071
pcb1,88214944719c4af8d3143df7,0.01,32,6,0.1875,2.1858067512512207,0.0,0.6666666865348816,0.6666666865348816
pcb1,88214944719c4af8d3143df7,0.05,32,6,0.1875,2.1858067512512207,0.0,0.6666666865348816,0.6666666865348816
pcb1,88214944719c4af8d3143df7,0.1,32,6,0.1875,2.1858067512512207,0.0,0.6666666865348816,0.6666666865348816
pcb1,88df36a01535eb14c196767d,0.01,32,3,0.09375,2.9330434799194336,0.0,0.0,0.6666666865348816
pcb1,88df36a01535eb14c196767d,0.05,32,9,0.28125,2.9330434799194336,0.0,0.1111111119389534,0.7777777910232544
pcb1,88df36a01535eb14c196767d,0.1,32,9,0.28125,2.9330434799194336,0.0,0.1111111119389534,0.7777777910232544
pcb1,8a19c172453e419aab8e520d,0.01,32,0,0.0,4.132009506225586,,,
pcb1,8a19c172453e419aab8e520d,0.05,32,0,0.0,4.132009506225586,,,
pcb1,8a19c172453e419aab8e520d,0.1,32,0,0.0,4.132009506225586,,,
pcb1,8ad961d56efb06cc9e822f11,0.01,32,9,0.28125,1.996778964996338,0.0,0.7777777910232544,1.0
pcb1,8ad961d56efb06cc9e822f11,0.05,32,9,0.28125,1.996778964996338,0.0,0.7777777910232544,1.0
pcb1,8ad961d56efb06cc9e822f11,0.1,32,9,0.28125,1.996778964996338,0.0,0.7777777910232544,1.0
pcb1,8be118bc14a8534c33f3d714,0.01,32,10,0.3125,0.38347697257995605,0.0,0.6000000238418579,1.0
pcb1,8be118bc14a8534c33f3d714,0.05,32,10,0.3125,0.38347697257995605,0.0,0.6000000238418579,1.0
pcb1,8be118bc14a8534c33f3d714,0.1,32,12,0.375,0.38347697257995605,0.08333333333333337,0.6666666865348816,1.0
pcb1,8c0ead322ee64bc3d0700295,0.01,32,10,0.3125,1.1025123596191406,0.0,0.44999998807907104,0.8999999761581421
pcb1,8c0ead322ee64bc3d0700295,0.05,32,10,0.3125,1.1025123596191406,0.0,0.44999998807907104,0.8999999761581421
pcb1,8c0ead322ee64bc3d0700295,0.1,32,11,0.34375,1.1025123596191406,0.0,0.5,0.9090909361839294
pcb1,90be51adb35b52806ba0d167,0.01,32,9,0.28125,1.3595151901245117,0.0,0.5555555820465088,0.5555555820465088
pcb1,90be51adb35b52806ba0d167,0.05,32,12,0.375,1.3595151901245117,0.0,0.4166666567325592,0.6666666865348816
pcb1,90be51adb35b52806ba0d167,0.1,32,12,0.375,1.3595151901245117,0.0,0.4166666567325592,0.6666666865348816
pcb1,90ea34a359c519167346cf51,0.01,32,1,0.03125,4.907904624938965,0.0,1.0,0.0
pcb1,90ea34a359c519167346cf51,0.05,32,1,0.03125,4.907904624938965,0.0,1.0,0.0
pcb1,90ea34a359c519167346cf51,0.1,32,1,0.03125,4.907904624938965,0.0,1.0,0.0
pcb1,96d29042e067ef2b0e292923,0.01,32,1,0.03125,8.084075927734375,0.0,0.0,0.0
pcb1,96d29042e067ef2b0e292923,0.05,32,1,0.03125,8.084075927734375,0.0,0.0,0.0
pcb1,96d29042e067ef2b0e292923,0.1,32,1,0.03125,8.084075927734375,0.0,0.0,0.0
pcb1,9bb458c7f0a120e60f0f5780,0.01,32,16,0.5,0.017055273056030273,0.0,0.5,0.6875
pcb1,9bb458c7f0a120e60f0f5780,0.05,32,17,0.53125,0.017055273056030273,0.05882352941176472,0.529411792755127,0.7058823704719543
pcb1,9bb458c7f0a120e60f0f5780,0.1,32,19,0.59375,0.017055273056030273,0.10526315789473684,0.5789473652839661,0.7368420958518982
pcb1,9edccd3149b8c7ecf98d85b0,0.01,32,9,0.28125,0.027176856994628906,0.0,0.5555555820465088,0.8888888955116272
pcb1,9edccd3149b8c7ecf98d85b0,0.05,32,17,0.53125,0.027176856994628906,0.0,0.6470588445663452,0.9411764740943909
pcb1,9edccd3149b8c7ecf98d85b0,0.1,32,19,0.59375,0.027176856994628906,0.0,0.6315789222717285,0.9473684430122375
pcb1,9ee551b136ab48c842ab8213,0.01,32,32,1.0,1.3947486877441406e-05,0.0,0.59375,0.53125
pcb1,9ee551b136ab48c842ab8213,0.05,32,32,1.0,1.3947486877441406e-05,0.0,0.59375,0.53125
pcb1,9ee551b136ab48c842ab8213,0.1,32,32,1.0,1.3947486877441406e-05,0.0,0.59375,0.53125
pcb1,a51198ecdfd31320f770ef6d,0.01,32,1,0.03125,3.4039793014526367,0.0,1.0,1.0
pcb1,a51198ecdfd31320f770ef6d,0.05,32,3,0.09375,3.4039793014526367,0.0,0.3333333432674408,1.0
pcb1,a51198ecdfd31320f770ef6d,0.1,32,3,0.09375,3.4039793014526367,0.0,0.3333333432674408,1.0
pcb1,a7816abdfded36a3b8a8d38b,0.01,32,9,0.28125,1.0854988098144531,0.0,0.4444444477558136,0.3333333432674408
pcb1,a7816abdfded36a3b8a8d38b,0.05,32,12,0.375,1.0854988098144531,0.0,0.4166666567325592,0.5
pcb1,a7816abdfded36a3b8a8d38b,0.1,32,12,0.375,1.0854988098144531,0.0,0.4166666567325592,0.5
pcb1,a7b0d374a67a0a9b5daee1c9,0.01,32,3,0.09375,8.853965759277344,0.0,0.6666666865348816,0.0
pcb1,a7b0d374a67a0a9b5daee1c9,0.05,32,4,0.125,8.853965759277344,0.0,0.5,0.0
pcb1,a7b0d374a67a0a9b5daee1c9,0.1,32,4,0.125,8.853965759277344,0.0,0.5,0.0
pcb1,ae88f967f93fdad6f994fcae,0.01,32,15,0.46875,0.04297518730163574,0.0,0.5333333611488342,0.3333333432674408
pcb1,ae88f967f93fdad6f994fcae,0.05,32,16,0.5,0.04297518730163574,0.0,0.5,0.375
pcb1,ae88f967f93fdad6f994fcae,0.1,32,17,0.53125,0.04297518730163574,0.05882352941176472,0.529411792755127,0.4117647111415863
pcb1,af0b57367f305eb2a17d8514,0.01,32,18,0.5625,0.00540924072265625,0.0,0.5,0.9444444179534912
pcb1,af0b57367f305eb2a17d8514,0.05,32,22,0.6875,0.00540924072265625,0.0,0.4545454680919647,0.9545454382896423
pcb1,af0b57367f305eb2a17d8514,0.1,32,22,0.6875,0.00540924072265625,0.0,0.4545454680919647,0.9545454382896423
pcb1,b10423a934a65fe8029be8b3,0.01,32,15,0.46875,0.01664513349533081,0.0,0.6666666865348816,0.7333333492279053
pcb1,b10423a934a65fe8029be8b3,0.05,32,17,0.53125,0.01664513349533081,0.0,0.6470588445663452,0.7647058963775635
pcb1,b10423a934a65fe8029be8b3,0.1,32,17,0.53125,0.01664513349533081,0.0,0.6470588445663452,0.7647058963775635
pcb1,b3987a6e76637494d22b6173,0.01,32,1,0.03125,1.8908329010009766,0.0,0.0,0.0
pcb1,b3987a6e76637494d22b6173,0.05,32,3,0.09375,1.8908329010009766,0.0,0.0,0.6666666865348816
pcb1,b3987a6e76637494d22b6173,0.1,32,3,0.09375,1.8908329010009766,0.0,0.0,0.6666666865348816
pcb1,b3c5e4b55365dfe49bbfc529,0.01,32,6,0.1875,2.1994590759277344,0.0,0.1666666716337204,1.0
pcb1,b3c5e4b55365dfe49bbfc529,0.05,32,8,0.25,2.1994590759277344,0.0,0.25,1.0
pcb1,b3c5e4b55365dfe49bbfc529,0.1,32,8,0.25,2.1994590759277344,0.0,0.25,1.0
pcb1,b7d6be412991b8875483fd9d,0.01,32,2,0.0625,2.512235641479492,0.0,1.0,0.0
pcb1,b7d6be412991b8875483fd9d,0.05,32,2,0.0625,2.512235641479492,0.0,1.0,0.0
pcb1,b7d6be412991b8875483fd9d,0.1,32,3,0.09375,2.512235641479492,0.0,0.6666666865348816,0.3333333432674408
pcb1,b9d7dae8a5c5fcbebbb0a494,0.01,32,32,1.0,3.337860107421875e-06,0.0,0.65625,0.59375
pcb1,b9d7dae8a5c5fcbebbb0a494,0.05,32,32,1.0,3.337860107421875e-06,0.0,0.65625,0.59375
pcb1,b9d7dae8a5c5fcbebbb0a494,0.1,32,32,1.0,3.337860107421875e-06,0.0,0.65625,0.59375
pcb1,baa4d638140bceaf22b6a72c,0.01,32,10,0.3125,2.868783950805664,0.0,0.20000000298023224,0.800000011920929
pcb1,baa4d638140bceaf22b6a72c,0.05,32,11,0.34375,2.868783950805664,0.0,0.1818181872367859,0.8181818127632141
pcb1,baa4d638140bceaf22b6a72c,0.1,32,12,0.375,2.868783950805664,0.0,0.25,0.8333333134651184
pcb1,bcb8634e535bdd0ef7b0d2c3,0.01,32,9,0.28125,0.36015844345092773,0.11111111111111116,0.5555555820465088,1.0
pcb1,bcb8634e535bdd0ef7b0d2c3,0.05,32,14,0.4375,0.36015844345092773,0.1428571428571429,0.6428571343421936,1.0
pcb1,bcb8634e535bdd0ef7b0d2c3,0.1,32,14,0.4375,0.36015844345092773,0.1428571428571429,0.6428571343421936,1.0
pcb1,bd5ea3af2c9e7796fc4885b2,0.01,32,14,0.4375,0.8024067878723145,0.0714285714285714,0.7142857313156128,1.0
pcb1,bd5ea3af2c9e7796fc4885b2,0.05,32,15,0.46875,0.8024067878723145,0.06666666666666665,0.7333333492279053,1.0
pcb1,bd5ea3af2c9e7796fc4885b2,0.1,32,15,0.46875,0.8024067878723145,0.06666666666666665,0.7333333492279053,1.0
pcb1,c415f04e8f8cc4ea36be7511,0.01,32,25,0.78125,0.004324674606323242,0.0,0.47999998927116394,0.8799999952316284
pcb1,c415f04e8f8cc4ea36be7511,0.05,32,32,1.0,0.004324674606323242,0.03125,0.46875,0.90625
pcb1,c415f04e8f8cc4ea36be7511,0.1,32,32,1.0,0.004324674606323242,0.03125,0.46875,0.90625
pcb1,c4ac42eb5ee0a4789bf270c7,0.01,32,14,0.4375,0.7262222766876221,0.0,0.4285714328289032,0.9285714030265808
pcb1,c4ac42eb5ee0a4789bf270c7,0.05,32,14,0.4375,0.7262222766876221,0.0,0.4285714328289032,0.9285714030265808
pcb1,c4ac42eb5ee0a4789bf270c7,0.1,32,14,0.4375,0.7262222766876221,0.0,0.4285714328289032,0.9285714030265808
pcb1,c62ede3434899c46ab3c060b,0.01,32,15,0.46875,0.25742244720458984,0.0,0.5333333611488342,0.13333334028720856
pcb1,c62ede3434899c46ab3c060b,0.05,32,16,0.5,0.25742244720458984,0.0,0.5625,0.125
pcb1,c62ede3434899c46ab3c060b,0.1,32,16,0.5,0.25742244720458984,0.0,0.5625,0.125
pcb1,cd76c7f3317d58ab297a3951,0.01,32,17,0.53125,0.007939249277114868,0.0,0.7647058963775635,0.6470588445663452
pcb1,cd76c7f3317d58ab297a3951,0.05,32,17,0.53125,0.007939249277114868,0.0,0.7647058963775635,0.6470588445663452
pcb1,cd76c7f3317d58ab297a3951,0.1,32,17,0.53125,0.007939249277114868,0.0,0.7647058963775635,0.6470588445663452
pcb1,d05061981f58affed931bdbd,0.01,32,4,0.125,6.743465423583984,0.0,0.25,0.75
pcb1,d05061981f58affed931bdbd,0.05,32,4,0.125,6.743465423583984,0.0,0.25,0.75
pcb1,d05061981f58affed931bdbd,0.1,32,4,0.125,6.743465423583984,0.0,0.25,0.75
pcb1,d178bd5629b190173e283933,0.01,32,0,0.0,2.182596206665039,,,
pcb1,d178bd5629b190173e283933,0.05,32,0,0.0,2.182596206665039,,,
pcb1,d178bd5629b190173e283933,0.1,32,0,0.0,2.182596206665039,,,
pcb1,d244dab5ed65b8c4fabe3bd3,0.01,32,2,0.0625,7.723426342010498,0.0,0.5,0.5
pcb1,d244dab5ed65b8c4fabe3bd3,0.05,32,4,0.125,7.723426342010498,0.0,0.5,0.5
pcb1,d244dab5ed65b8c4fabe3bd3,0.1,32,4,0.125,7.723426342010498,0.0,0.5,0.5
pcb1,d36616000cd05d03f27f9267,0.01,32,0,0.0,2.2438039779663086,,,
pcb1,d36616000cd05d03f27f9267,0.05,32,0,0.0,2.2438039779663086,,,
pcb1,d36616000cd05d03f27f9267,0.1,32,0,0.0,2.2438039779663086,,,
pcb1,dbe0623545dce8b3b6d109c2,0.01,32,0,0.0,2.684539556503296,,,
pcb1,dbe0623545dce8b3b6d109c2,0.05,32,0,0.0,2.684539556503296,,,
pcb1,dbe0623545dce8b3b6d109c2,0.1,32,0,0.0,2.684539556503296,,,
pcb1,df6255da319f5f5a957fca34,0.01,32,3,0.09375,3.6373724937438965,0.0,0.6666666865348816,1.0
pcb1,df6255da319f5f5a957fca34,0.05,32,6,0.1875,3.6373724937438965,0.0,0.5,0.6666666865348816
pcb1,df6255da319f5f5a957fca34,0.1,32,6,0.1875,3.6373724937438965,0.0,0.5,0.6666666865348816
pcb1,e627b7117defb3cdfbc53291,0.01,32,15,0.46875,0.011313796043395996,0.0,0.6000000238418579,0.9333333373069763
pcb1,e627b7117defb3cdfbc53291,0.05,32,22,0.6875,0.011313796043395996,0.045454545454545414,0.6363636255264282,0.9545454382896423
pcb1,e627b7117defb3cdfbc53291,0.1,32,22,0.6875,0.011313796043395996,0.045454545454545414,0.6363636255264282,0.9545454382896423
pcb1,eba74f816c6d5107132eca7e,0.01,32,4,0.125,2.089660167694092,0.0,0.5,1.0
pcb1,eba74f816c6d5107132eca7e,0.05,32,4,0.125,2.089660167694092,0.0,0.5,1.0
pcb1,eba74f816c6d5107132eca7e,0.1,32,4,0.125,2.089660167694092,0.0,0.5,1.0
pcb1,f0c3fba61a2efd6739f3d64b,0.01,32,1,0.03125,1.4149250984191895,0.0,1.0,1.0
pcb1,f0c3fba61a2efd6739f3d64b,0.05,32,2,0.0625,1.4149250984191895,0.0,0.5,1.0
pcb1,f0c3fba61a2efd6739f3d64b,0.1,32,3,0.09375,1.4149250984191895,0.0,0.3333333432674408,1.0
pcb1,f2bf98b580ac49811aac941d,0.01,32,0,0.0,3.361013412475586,,,
pcb1,f2bf98b580ac49811aac941d,0.05,32,0,0.0,3.361013412475586,,,
pcb1,f2bf98b580ac49811aac941d,0.1,32,0,0.0,3.361013412475586,,,
pcb1,f5be8c821d0e2b33f0067ae5,0.01,32,1,0.03125,2.7049827575683594,0.0,0.0,1.0
pcb1,f5be8c821d0e2b33f0067ae5,0.05,32,1,0.03125,2.7049827575683594,0.0,0.0,1.0
pcb1,f5be8c821d0e2b33f0067ae5,0.1,32,1,0.03125,2.7049827575683594,0.0,0.0,1.0
pcb1,f6f9cbebb8ba45b8c42b58c3,0.01,32,2,0.0625,1.973022699356079,0.0,0.0,0.5
pcb1,f6f9cbebb8ba45b8c42b58c3,0.05,32,2,0.0625,1.973022699356079,0.0,0.0,0.5
pcb1,f6f9cbebb8ba45b8c42b58c3,0.1,32,3,0.09375,1.973022699356079,0.0,0.0,0.3333333432674408
pcb1,f8d31cce26e9ee33e673a259,0.01,32,5,0.15625,0.07447552680969238,0.0,0.20000000298023224,1.0
pcb1,f8d31cce26e9ee33e673a259,0.05,32,13,0.40625,0.07447552680969238,0.0,0.38461539149284363,1.0
pcb1,f8d31cce26e9ee33e673a259,0.1,32,18,0.5625,0.07447552680969238,0.16666666666666663,0.3888888955116272,1.0
pcb1,fabb976489bbb5dcb38fc0f5,0.01,32,0,0.0,5.59160852432251,,,
pcb1,fabb976489bbb5dcb38fc0f5,0.05,32,0,0.0,5.59160852432251,,,
pcb1,fabb976489bbb5dcb38fc0f5,0.1,32,0,0.0,5.59160852432251,,,
pcb1,fdc9ef93a38479ccb01d0720,0.01,32,0,0.0,8.834880828857422,,,
pcb1,fdc9ef93a38479ccb01d0720,0.05,32,0,0.0,8.834880828857422,,,
pcb1,fdc9ef93a38479ccb01d0720,0.1,32,0,0.0,8.834880828857422,,,
pcb2,0034b5c2e42b8d83e6fcf6d9,0.01,32,1,0.03125,2.0899922847747803,0.0,1.0,1.0
pcb2,0034b5c2e42b8d83e6fcf6d9,0.05,32,2,0.0625,2.0899922847747803,0.0,1.0,1.0
pcb2,0034b5c2e42b8d83e6fcf6d9,0.1,32,2,0.0625,2.0899922847747803,0.0,1.0,1.0
pcb2,017154c854febdf67bcc4cd3,0.01,32,8,0.25,1.1479405164718628,0.0,0.875,0.25
pcb2,017154c854febdf67bcc4cd3,0.05,32,9,0.28125,1.1479405164718628,0.0,0.8888888955116272,0.3333333432674408
pcb2,017154c854febdf67bcc4cd3,0.1,32,9,0.28125,1.1479405164718628,0.0,0.8888888955116272,0.3333333432674408
pcb2,0396aae0e8543b910447f326,0.01,32,4,0.125,3.106426954269409,0.0,0.75,0.5
pcb2,0396aae0e8543b910447f326,0.05,32,6,0.1875,3.106426954269409,0.0,0.5,0.3333333432674408
pcb2,0396aae0e8543b910447f326,0.1,32,7,0.21875,3.106426954269409,0.0,0.5714285969734192,0.2857142984867096
pcb2,044cd9bc7b24ef53e8aae994,0.01,32,13,0.40625,0.5206730365753174,0.0,0.4615384638309479,0.6153846383094788
pcb2,044cd9bc7b24ef53e8aae994,0.05,32,13,0.40625,0.5206730365753174,0.0,0.4615384638309479,0.6153846383094788
pcb2,044cd9bc7b24ef53e8aae994,0.1,32,13,0.40625,0.5206730365753174,0.0,0.4615384638309479,0.6153846383094788
pcb2,05a260a03941e14c4b7fa404,0.01,32,7,0.21875,0.9598991870880127,0.2857142857142857,0.4285714328289032,1.0
pcb2,05a260a03941e14c4b7fa404,0.05,32,7,0.21875,0.9598991870880127,0.2857142857142857,0.4285714328289032,1.0
pcb2,05a260a03941e14c4b7fa404,0.1,32,7,0.21875,0.9598991870880127,0.2857142857142857,0.4285714328289032,1.0
pcb2,0cfdad5173e59da7138f0989,0.01,32,0,0.0,5.907761096954346,,,
pcb2,0cfdad5173e59da7138f0989,0.05,32,0,0.0,5.907761096954346,,,
pcb2,0cfdad5173e59da7138f0989,0.1,32,0,0.0,5.907761096954346,,,
pcb2,11474c54f7e82004a4d08d3d,0.01,32,31,0.96875,0.0001842975616455078,0.0,0.35483869910240173,0.9354838728904724
pcb2,11474c54f7e82004a4d08d3d,0.05,32,32,1.0,0.0001842975616455078,0.0,0.375,0.9375
pcb2,11474c54f7e82004a4d08d3d,0.1,32,32,1.0,0.0001842975616455078,0.0,0.375,0.9375
pcb2,117bc18a710b4e277abb6a6f,0.01,32,10,0.3125,0.3056178092956543,0.0,0.6000000238418579,1.0
pcb2,117bc18a710b4e277abb6a6f,0.05,32,14,0.4375,0.3056178092956543,0.0,0.7142857313156128,1.0
pcb2,117bc18a710b4e277abb6a6f,0.1,32,14,0.4375,0.3056178092956543,0.0,0.7142857313156128,1.0
pcb2,11f01d17018e97dc327c1871,0.01,32,3,0.09375,1.9228081703186035,0.0,0.6666666865348816,1.0
pcb2,11f01d17018e97dc327c1871,0.05,32,4,0.125,1.9228081703186035,0.25,0.75,1.0
pcb2,11f01d17018e97dc327c1871,0.1,32,4,0.125,1.9228081703186035,0.25,0.75,1.0
pcb2,1396120765feff59f1681771,0.01,32,0,0.0,1.6339765787124634,,,
pcb2,1396120765feff59f1681771,0.05,32,0,0.0,1.6339765787124634,,,
pcb2,1396120765feff59f1681771,0.1,32,0,0.0,1.6339765787124634,,,
pcb2,14865019f5e6980bbff89391,0.01,32,19,0.59375,0.0062406063079833984,0.0,0.4736842215061188,1.0
pcb2,14865019f5e6980bbff89391,0.05,32,21,0.65625,0.0062406063079833984,0.0,0.4761904776096344,1.0
pcb2,14865019f5e6980bbff89391,0.1,32,21,0.65625,0.0062406063079833984,0.0,0.4761904776096344,1.0
pcb2,1ac6ad7feff9327f8055eead,0.01,32,21,0.65625,0.004235982894897461,0.0,0.4761904776096344,1.0
pcb2,1ac6ad7feff9327f8055eead,0.05,32,25,0.78125,0.004235982894897461,0.040000000000000036,0.4399999976158142,1.0
pcb2,1ac6ad7feff9327f8055eead,0.1,32,27,0.84375,0.004235982894897461,0.07407407407407407,0.48148149251937866,1.0
pcb2,1da24f7dc6e05ac42a2e436a,0.01,32,8,0.25,0.30885910987854004,0.0,0.75,0.875
pcb2,1da24f7dc6e05ac42a2e436a,0.05,32,14,0.4375,0.30885910987854004,0.0714285714285714,0.7857142686843872,0.9285714030265808
pcb2,1da24f7dc6e05ac42a2e436a,0.1,32,14,0.4375,0.30885910987854004,0.0714285714285714,0.7857142686843872,0.9285714030265808
pcb2,235b228ca68afd7f5ba618d2,0.01,32,19,0.59375,0.005693197250366211,0.0,0.5789473652839661,1.0
pcb2,235b228ca68afd7f5ba618d2,0.05,32,24,0.75,0.005693197250366211,0.04166666666666663,0.625,0.9583333134651184
pcb2,235b228ca68afd7f5ba618d2,0.1,32,24,0.75,0.005693197250366211,0.04166666666666663,0.625,0.9583333134651184
pcb2,23604140fec2eef8bd39e1b5,0.01,32,32,1.0,6.794929504394531e-05,0.0,0.578125,0.78125
pcb2,23604140fec2eef8bd39e1b5,0.05,32,32,1.0,6.794929504394531e-05,0.0,0.578125,0.78125
pcb2,23604140fec2eef8bd39e1b5,0.1,32,32,1.0,6.794929504394531e-05,0.0,0.578125,0.78125
pcb2,2727cab027a82fb59ff47289,0.01,32,25,0.78125,0.0005060434341430664,0.0,0.4399999976158142,0.20000000298023224
pcb2,2727cab027a82fb59ff47289,0.05,32,26,0.8125,0.0005060434341430664,0.0,0.4615384638309479,0.19230769574642181
pcb2,2727cab027a82fb59ff47289,0.1,32,26,0.8125,0.0005060434341430664,0.0,0.4615384638309479,0.19230769574642181
pcb2,27be79a2c4dff4ebb32b823e,0.01,32,32,1.0,0.0003486722707748413,0.0,0.4375,1.0
pcb2,27be79a2c4dff4ebb32b823e,0.05,32,32,1.0,0.0003486722707748413,0.0,0.4375,1.0
pcb2,27be79a2c4dff4ebb32b823e,0.1,32,32,1.0,0.0003486722707748413,0.0,0.4375,1.0
pcb2,2a6f82efe4a992edee519e90,0.01,32,29,0.90625,0.0001036524772644043,0.0,0.517241358757019,0.517241358757019
pcb2,2a6f82efe4a992edee519e90,0.05,32,29,0.90625,0.0001036524772644043,0.0,0.517241358757019,0.517241358757019
pcb2,2a6f82efe4a992edee519e90,0.1,32,30,0.9375,0.0001036524772644043,0.0,0.5333333611488342,0.5333333611488342
pcb2,2c6d7c05b7b6a314e07d03bc,0.01,32,28,0.875,0.0005835890769958496,0.0357142857142857,0.4642857015132904,0.8928571343421936
pcb2,2c6d7c05b7b6a314e07d03bc,0.05,32,28,0.875,0.0005835890769958496,0.0357142857142857,0.4642857015132904,0.8928571343421936
pcb2,2c6d7c05b7b6a314e07d03bc,0.1,32,28,0.875,0.0005835890769958496,0.0357142857142857,0.4642857015132904,0.8928571343421936
pcb2,2ea061e8a06eade2f04c6203,0.01,32,23,0.71875,0.0033341050148010254,0.04347826086956519,0.5652173757553101,1.0
pcb2,2ea061e8a06eade2f04c6203,0.05,32,24,0.75,0.0033341050148010254,0.08333333333333337,0.5833333134651184,1.0
pcb2,2ea061e8a06eade2f04c6203,0.1,32,24,0.75,0.0033341050148010254,0.08333333333333337,0.5833333134651184,1.0
pcb2,2fa5078aab210427dc187c96,0.01,32,32,1.0,7.709860801696777e-05,0.0,0.5,1.0
pcb2,2fa5078aab210427dc187c96,0.05,32,32,1.0,7.709860801696777e-05,0.0,0.5,1.0
pcb2,2fa5078aab210427dc187c96,0.1,32,32,1.0,7.709860801696777e-05,0.0,0.5,1.0
pcb2,320c443c643128d0f13cbd13,0.01,32,2,0.0625,1.8848237991333008,0.0,1.0,1.0
pcb2,320c443c643128d0f13cbd13,0.05,32,2,0.0625,1.8848237991333008,0.0,1.0,1.0
pcb2,320c443c643128d0f13cbd13,0.1,32,2,0.0625,1.8848237991333008,0.0,1.0,1.0
pcb2,34b654a1dca527cd5f37709f,0.01,32,10,0.3125,1.3391730785369873,0.0,0.699999988079071,1.0
pcb2,34b654a1dca527cd5f37709f,0.05,32,11,0.34375,1.3391730785369873,0.0,0.7272727489471436,1.0
pcb2,34b654a1dca527cd5f37709f,0.1,32,11,0.34375,1.3391730785369873,0.0,0.7272727489471436,1.0
pcb2,372ae5bdec2320a7643a9f3a,0.01,32,7,0.21875,1.8337560892105103,0.0,0.8571428656578064,1.0
pcb2,372ae5bdec2320a7643a9f3a,0.05,32,8,0.25,1.8337560892105103,0.0,0.75,1.0
pcb2,372ae5bdec2320a7643a9f3a,0.1,32,8,0.25,1.8337560892105103,0.0,0.75,1.0
pcb2,3756ebdbf929ed787cce6dfc,0.01,32,3,0.09375,2.214176654815674,0.0,0.6666666865348816,1.0
pcb2,3756ebdbf929ed787cce6dfc,0.05,32,6,0.1875,2.214176654815674,0.0,0.6666666865348816,1.0
pcb2,3756ebdbf929ed787cce6dfc,0.1,32,6,0.1875,2.214176654815674,0.0,0.6666666865348816,1.0
pcb2,3a12002344b707eeebd29c0b,0.01,32,3,0.09375,1.963722825050354,0.0,0.3333333432674408,0.6666666865348816
pcb2,3a12002344b707eeebd29c0b,0.05,32,3,0.09375,1.963722825050354,0.0,0.3333333432674408,0.6666666865348816
pcb2,3a12002344b707eeebd29c0b,0.1,32,3,0.09375,1.963722825050354,0.0,0.3333333432674408,0.6666666865348816
pcb2,40288d3216a8b6e9f3ff6f84,0.01,32,9,0.28125,1.8437573909759521,0.0,0.3333333432674408,1.0
pcb2,40288d3216a8b6e9f3ff6f84,0.05,32,9,0.28125,1.8437573909759521,0.0,0.3333333432674408,1.0
pcb2,40288d3216a8b6e9f3ff6f84,0.1,32,9,0.28125,1.8437573909759521,0.0,0.3333333432674408,1.0
pcb2,42ee2d6c129abdc1c0309610,0.01,32,16,0.5,0.08140885829925537,0.0,0.625,0.6875
pcb2,42ee2d6c129abdc1c0309610,0.05,32,16,0.5,0.08140885829925537,0.0,0.625,0.6875
pcb2,42ee2d6c129abdc1c0309610,0.1,32,16,0.5,0.08140885829925537,0.0,0.625,0.6875
pcb2,44e8a317d17ba03d731c70e9,0.01,32,13,0.40625,0.011398792266845703,0.0,0.5384615659713745,1.0
pcb2,44e8a317d17ba03d731c70e9,0.05,32,20,0.625,0.011398792266845703,0.15000000000000002,0.550000011920929,1.0
pcb2,44e8a317d17ba03d731c70e9,0.1,32,20,0.625,0.011398792266845703,0.15000000000000002,0.550000011920929,1.0
pcb2,45835dece90eca01ae528c98,0.01,32,1,0.03125,6.652302265167236,0.0,1.0,1.0
pcb2,45835dece90eca01ae528c98,0.05,32,1,0.03125,6.652302265167236,0.0,1.0,1.0
pcb2,45835dece90eca01ae528c98,0.1,32,1,0.03125,6.652302265167236,0.0,1.0,1.0
pcb2,467b73b06b77bb4318220828,0.01,32,8,0.25,0.8391889333724976,0.0,0.625,0.875
pcb2,467b73b06b77bb4318220828,0.05,32,8,0.25,0.8391889333724976,0.0,0.625,0.875
pcb2,467b73b06b77bb4318220828,0.1,32,8,0.25,0.8391889333724976,0.0,0.625,0.875
pcb2,483f148fc75c8678fab89bb4,0.01,32,7,0.21875,1.488598346710205,0.0,0.4285714328289032,1.0
pcb2,483f148fc75c8678fab89bb4,0.05,32,7,0.21875,1.488598346710205,0.0,0.4285714328289032,1.0
pcb2,483f148fc75c8678fab89bb4,0.1,32,7,0.21875,1.488598346710205,0.0,0.4285714328289032,1.0
pcb2,49bb6414f376f55f9dfed75a,0.01,32,14,0.4375,0.040654540061950684,0.0,0.5,0.7857142686843872
pcb2,49bb6414f376f55f9dfed75a,0.05,32,16,0.5,0.040654540061950684,0.0,0.5,0.8125
pcb2,49bb6414f376f55f9dfed75a,0.1,32,17,0.53125,0.040654540061950684,0.0,0.529411792755127,0.8235294222831726
pcb2,50b92309c855312aa506352e,0.01,32,32,1.0,9.655952453613281e-05,0.0,0.546875,1.0
pcb2,50b92309c855312aa506352e,0.05,32,32,1.0,9.655952453613281e-05,0.0,0.546875,1.0
pcb2,50b92309c855312aa506352e,0.1,32,32,1.0,9.655952453613281e-05,0.0,0.546875,1.0
pcb2,52d274d86324a2d347948688,0.01,32,0,0.0,4.023377418518066,,,
pcb2,52d274d86324a2d347948688,0.05,32,1,0.03125,4.023377418518066,0.0,0.0,1.0
pcb2,52d274d86324a2d347948688,0.1,32,1,0.03125,4.023377418518066,0.0,0.0,1.0
pcb2,5554622b54ec46458487fccd,0.01,32,3,0.09375,0.879284679889679,0.0,0.0,1.0
pcb2,5554622b54ec46458487fccd,0.05,32,3,0.09375,0.879284679889679,0.0,0.0,1.0
pcb2,5554622b54ec46458487fccd,0.1,32,5,0.15625,0.879284679889679,0.0,0.4000000059604645,0.800000011920929
pcb2,55f1898177a830b5e12abe3d,0.01,32,6,0.1875,2.835663080215454,0.0,0.6666666865348816,0.6666666865348816
pcb2,55f1898177a830b5e12abe3d,0.05,32,6,0.1875,2.835663080215454,0.0,0.6666666865348816,0.6666666865348816
pcb2,55f1898177a830b5e12abe3d,0.1,32,6,0.1875,2.835663080215454,0.0,0.6666666865348816,0.6666666865348816
pcb2,580fe2e2970cd28c647aca81,0.01,32,30,0.9375,0.0010843276977539062,0.0,0.5,1.0
pcb2,580fe2e2970cd28c647aca81,0.05,32,31,0.96875,0.0010843276977539062,0.032258064516129004,0.5161290168762207,1.0
pcb2,580fe2e2970cd28c647aca81,0.1,32,32,1.0,0.0010843276977539062,0.0625,0.53125,1.0
pcb2,58896642a6f3987d7f1143f5,0.01,32,4,0.125,1.6276626586914062,0.0,0.25,1.0
pcb2,58896642a6f3987d7f1143f5,0.05,32,9,0.28125,1.6276626586914062,0.0,0.3333333432674408,0.8888888955116272
pcb2,58896642a6f3987d7f1143f5,0.1,32,11,0.34375,1.6276626586914062,0.09090909090909094,0.27272728085517883,0.8181818127632141
pcb2,592c6eaa6aadd46ac503d739,0.01,32,12,0.375,0.02874612808227539,0.08333333333333337,0.5833333134651184,1.0
pcb2,592c6eaa6aadd46ac503d739,0.05,32,19,0.59375,0.02874612808227539,0.052631578947368474,0.6842105388641357,1.0
pcb2,592c6eaa6aadd46ac503d739,0.1,32,20,0.625,0.02874612808227539,0.09999999999999998,0.699999988079071,1.0
pcb2,6027ce71478d7b3c6f712726,0.01,32,19,0.59375,0.0012108385562896729,0.0,0.42105263471603394,1.0
pcb2,6027ce71478d7b3c6f712726,0.05,32,19,0.59375,0.0012108385562896729,0.0,0.42105263471603394,1.0
pcb2,6027ce71478d7b3c6f712726,0.1,32,19,0.59375,0.0012108385562896729,0.0,0.42105263471603394,1.0
pcb2,6074e88848b9c71cf3e3e076,0.01,32,19,0.59375,0.001602262258529663,0.052631578947368474,0.5263158082962036,1.0
pcb2,6074e88848b9c71cf3e3e076,0.05,32,22,0.6875,0.001602262258529663,0.13636363636363635,0.5454545617103577,1.0
pcb2,6074e88848b9c71cf3e3e076,0.1,32,24,0.75,0.001602262258529663,0.20833333333333337,0.5833333134651184,1.0
pcb2,628387340d1a6acdb1c9cfb8,0.01,32,19,0.59375,0.009011268615722656,0.052631578947368474,0.4736842215061188,0.9473684430122375
pcb2,628387340d1a6acdb1c9cfb8,0.05,32,23,0.71875,0.009011268615722656,0.17391304347826086,0.43478259444236755,0.95652174949646
pcb2,628387340d1a6acdb1c9cfb8,0.1,32,23,0.71875,0.009011268615722656,0.17391304347826086,0.43478259444236755,0.95652174949646
pcb2,64922825f529b3488defd830,0.01,32,32,1.0,3.427267074584961e-05,0.0,0.546875,1.0
pcb2,64922825f529b3488defd830,0.05,32,32,1.0,3.427267074584961e-05,0.0,0.546875,1.0
pcb2,64922825f529b3488defd830,0.1,32,32,1.0,3.427267074584961e-05,0.0,0.546875,1.0
pcb2,6f83b8bb8a22fbd61cb75ad4,0.01,32,2,0.0625,2.8153789043426514,0.0,0.5,1.0
pcb2,6f83b8bb8a22fbd61cb75ad4,0.05,32,3,0.09375,2.8153789043426514,0.0,0.3333333432674408,1.0
pcb2,6f83b8bb8a22fbd61cb75ad4,0.1,32,3,0.09375,2.8153789043426514,0.0,0.3333333432674408,1.0
pcb2,6fdb7f891ca8919f0898fcd1,0.01,32,4,0.125,1.536612868309021,0.0,0.5,0.25
pcb2,6fdb7f891ca8919f0898fcd1,0.05,32,6,0.1875,1.536612868309021,0.0,0.5,0.3333333432674408
pcb2,6fdb7f891ca8919f0898fcd1,0.1,32,6,0.1875,1.536612868309021,0.0,0.5,0.3333333432674408
pcb2,734f3cec9eec135b130266c0,0.01,32,8,0.25,2.273890495300293,0.0,0.75,0.875
pcb2,734f3cec9eec135b130266c0,0.05,32,10,0.3125,2.273890495300293,0.0,0.699999988079071,0.8999999761581421
pcb2,734f3cec9eec135b130266c0,0.1,32,12,0.375,2.273890495300293,0.08333333333333337,0.75,0.9166666865348816
pcb2,73fc18451c00b691448763c1,0.01,32,27,0.84375,0.0031436681747436523,0.0,0.5555555820465088,0.9259259104728699
pcb2,73fc18451c00b691448763c1,0.05,32,28,0.875,0.0031436681747436523,0.0357142857142857,0.5714285969734192,0.8928571343421936
pcb2,73fc18451c00b691448763c1,0.1,32,29,0.90625,0.0031436681747436523,0.06896551724137934,0.5862069129943848,0.8965517282485962
pcb2,75a5838a6d051b79a9684558,0.01,32,7,0.21875,3.1895699501037598,0.0,0.5714285969734192,1.0
pcb2,75a5838a6d051b79a9684558,0.05,32,7,0.21875,3.1895699501037598,0.0,0.5714285969734192,1.0
pcb2,75a5838a6d051b79a9684558,0.1,32,7,0.21875,3.1895699501037598,0.0,0.5714285969734192,1.0
pcb2,76c30b6fb52eb38e507d2dc5,0.01,32,18,0.5625,0.005585670471191406,0.0,0.6111111044883728,1.0
pcb2,76c30b6fb52eb38e507d2dc5,0.05,32,18,0.5625,0.005585670471191406,0.0,0.6111111044883728,1.0
pcb2,76c30b6fb52eb38e507d2dc5,0.1,32,18,0.5625,0.005585670471191406,0.0,0.6111111044883728,1.0
pcb2,785ab307e32681ec6061b1ad,0.01,32,25,0.78125,0.0014343075454235077,0.0,0.36000001430511475,0.800000011920929
pcb2,785ab307e32681ec6061b1ad,0.05,32,26,0.8125,0.0014343075454235077,0.0,0.38461539149284363,0.807692289352417
pcb2,785ab307e32681ec6061b1ad,0.1,32,26,0.8125,0.0014343075454235077,0.0,0.38461539149284363,0.807692289352417
pcb2,843bca24abf251865e56ed56,0.01,32,27,0.84375,1.1444091796875e-05,0.0,0.5555555820465088,0.29629629850387573
pcb2,843bca24abf251865e56ed56,0.05,32,28,0.875,1.1444091796875e-05,0.0,0.5714285969734192,0.2857142984867096
pcb2,843bca24abf251865e56ed56,0.1,32,28,0.875,1.1444091796875e-05,0.0,0.5714285969734192,0.2857142984867096
pcb2,844ad8281954962a34a5bf8c,0.01,32,6,0.1875,1.1434671878814697,0.0,0.6666666865348816,0.5
pcb2,844ad8281954962a34a5bf8c,0.05,32,7,0.21875,1.1434671878814697,0.0,0.5714285969734192,0.5714285969734192
pcb2,844ad8281954962a34a5bf8c,0.1,32,8,0.25,1.1434671878814697,0.0,0.625,0.625
pcb2,8b68baa11ed86b3af31e169e,0.01,32,9,0.28125,0.23061156272888184,0.11111111111111116,0.6666666865348816,1.0
pcb2,8b68baa11ed86b3af31e169e,0.05,32,16,0.5,0.23061156272888184,0.0625,0.625,1.0
pcb2,8b68baa11ed86b3af31e169e,0.1,32,16,0.5,0.23061156272888184,0.0625,0.625,1.0
pcb2,8fac390667fd5e96d54f7365,0.01,32,18,0.5625,0.0006810128688812256,0.0,0.4444444477558136,0.7777777910232544
pcb2,8fac390667fd5e96d54f7365,0.05,32,19,0.59375,0.0006810128688812256,0.0,0.4736842215061188,0.7894737124443054
pcb2,8fac390667fd5e96d54f7365,0.1,32,19,0.59375,0.0006810128688812256,0.0,0.4736842215061188,0.7894737124443054
pcb2,96557f21d6aa5ae880a4458f,0.01,32,3,0.09375,1.3787811994552612,0.0,0.0,1.0
pcb2,96557f21d6aa5ae880a4458f,0.05,32,5,0.15625,1.3787811994552612,0.0,0.4000000059604645,1.0
pcb2,96557f21d6aa5ae880a4458f,0.1,32,5,0.15625,1.3787811994552612,0.0,0.4000000059604645,1.0
pcb2,96643ba666ef12f988aa091b,0.01,32,32,1.0,0.00029975175857543945,0.0,0.59375,1.0
pcb2,96643ba666ef12f988aa091b,0.05,32,32,1.0,0.00029975175857543945,0.0,0.59375,1.0
pcb2,96643ba666ef12f988aa091b,0.1,32,32,1.0,0.00029975175857543945,0.0,0.59375,1.0
pcb2,9a426de3fe539d30129fb6e1,0.01,32,24,0.75,5.996227264404297e-05,0.0,0.5833333134651184,0.5416666865348816
pcb2,9a426de3fe539d30129fb6e1,0.05,32,25,0.78125,5.996227264404297e-05,0.0,0.5600000023841858,0.5600000023841858
pcb2,9a426de3fe539d30129fb6e1,0.1,32,26,0.8125,5.996227264404297e-05,0.0,0.5769230723381042,0.5384615659713745
pcb2,9cc4e91c8188d17a460ae54d,0.01,32,14,0.4375,0.021211624145507812,0.0,0.5,0.9285714030265808
pcb2,9cc4e91c8188d17a460ae54d,0.05,32,19,0.59375,0.021211624145507812,0.0,0.4736842215061188,0.8947368264198303
pcb2,9cc4e91c8188d17a460ae54d,0.1,32,21,0.65625,0.021211624145507812,0.04761904761904767,0.523809552192688,0.8095238208770752
pcb2,9dcd7b88aa145c9956d55e28,0.01,32,11,0.34375,0.7540783286094666,0.0,0.5454545617103577,0.9090909361839294
pcb2,9dcd7b88aa145c9956d55e28,0.05,32,12,0.375,0.7540783286094666,0.0,0.5833333134651184,0.9166666865348816
pcb2,9dcd7b88aa145c9956d55e28,0.1,32,12,0.375,0.7540783286094666,0.0,0.5833333134651184,0.9166666865348816
pcb2,a15cc8af2dae04ebbcd5c355,0.01,32,11,0.34375,0.45357489585876465,0.0,0.3636363744735718,0.5454545617103577
pcb2,a15cc8af2dae04ebbcd5c355,0.05,32,13,0.40625,0.45357489585876465,0.0,0.4615384638309479,0.4615384638309479
pcb2,a15cc8af2dae04ebbcd5c355,0.1,32,13,0.40625,0.45357489585876465,0.0,0.4615384638309479,0.4615384638309479
pcb2,a3f3d4706393e7fb6290639a,0.01,32,32,1.0,7.849931716918945e-05,0.0,0.5,1.0
pcb2,a3f3d4706393e7fb6290639a,0.05,32,32,1.0,7.849931716918945e-05,0.0,0.5,1.0
pcb2,a3f3d4706393e7fb6290639a,0.1,32,32,1.0,7.849931716918945e-05,0.0,0.5,1.0
pcb2,aadfd2dcc350943f2416b2dd,0.01,32,3,0.09375,2.1295881271362305,0.0,0.3333333432674408,1.0
pcb2,aadfd2dcc350943f2416b2dd,0.05,32,4,0.125,2.1295881271362305,0.0,0.5,1.0
pcb2,aadfd2dcc350943f2416b2dd,0.1,32,4,0.125,2.1295881271362305,0.0,0.5,1.0
pcb2,ade09ecec40f2c9d7e7a559e,0.01,32,22,0.6875,0.002262100577354431,0.09090909090909094,0.4545454680919647,0.0
pcb2,ade09ecec40f2c9d7e7a559e,0.05,32,25,0.78125,0.002262100577354431,0.19999999999999996,0.5199999809265137,0.0
pcb2,ade09ecec40f2c9d7e7a559e,0.1,32,25,0.78125,0.002262100577354431,0.19999999999999996,0.5199999809265137,0.0
pcb2,b0dbfa0887ba168b245c9f5b,0.01,32,6,0.1875,1.749598503112793,0.0,0.5,0.8333333134651184
pcb2,b0dbfa0887ba168b245c9f5b,0.05,32,7,0.21875,1.749598503112793,0.0,0.5714285969734192,0.8571428656578064
pcb2,b0dbfa0887ba168b245c9f5b,0.1,32,7,0.21875,1.749598503112793,0.0,0.5714285969734192,0.8571428656578064
pcb2,b11dc48e6859c0e3757254f8,0.01,32,9,0.28125,0.6461141109466553,0.11111111111111116,0.2222222238779068,0.8888888955116272
pcb2,b11dc48e6859c0e3757254f8,0.05,32,11,0.34375,0.6461141109466553,0.09090909090909094,0.3636363744735718,0.8181818127632141
pcb2,b11dc48e6859c0e3757254f8,0.1,32,11,0.34375,0.6461141109466553,0.09090909090909094,0.3636363744735718,0.8181818127632141
pcb2,b19543d0edfdd53b19e85ff8,0.01,32,6,0.1875,2.360739231109619,0.0,0.3333333432674408,0.1666666716337204
pcb2,b19543d0edfdd53b19e85ff8,0.05,32,6,0.1875,2.360739231109619,0.0,0.3333333432674408,0.1666666716337204
pcb2,b19543d0edfdd53b19e85ff8,0.1,32,6,0.1875,2.360739231109619,0.0,0.3333333432674408,0.1666666716337204
pcb2,b883a7338b6052eac5107f56,0.01,32,29,0.90625,7.987022399902344e-06,0.0,0.6206896305084229,0.4137931168079376
pcb2,b883a7338b6052eac5107f56,0.05,32,30,0.9375,7.987022399902344e-06,0.0,0.6000000238418579,0.4000000059604645
pcb2,b883a7338b6052eac5107f56,0.1,32,30,0.9375,7.987022399902344e-06,0.0,0.6000000238418579,0.4000000059604645
pcb2,ba63aa941366b93f0ebaeca2,0.01,32,8,0.25,4.319748401641846,0.0,0.625,0.875
pcb2,ba63aa941366b93f0ebaeca2,0.05,32,8,0.25,4.319748401641846,0.0,0.625,0.875
pcb2,ba63aa941366b93f0ebaeca2,0.1,32,8,0.25,4.319748401641846,0.0,0.625,0.875
pcb2,bd71e15273755fea66216dfa,0.01,32,25,0.78125,0.0003719329833984375,0.0,0.36000001430511475,0.8799999952316284
pcb2,bd71e15273755fea66216dfa,0.05,32,26,0.8125,0.0003719329833984375,0.0,0.38461539149284363,0.8846153616905212
pcb2,bd71e15273755fea66216dfa,0.1,32,26,0.8125,0.0003719329833984375,0.0,0.38461539149284363,0.8846153616905212
pcb2,be1b9150631085938abac877,0.01,32,17,0.53125,0.008575201034545898,0.0,0.5882353186607361,1.0
pcb2,be1b9150631085938abac877,0.05,32,20,0.625,0.008575201034545898,0.0,0.6000000238418579,1.0
pcb2,be1b9150631085938abac877,0.1,32,21,0.65625,0.008575201034545898,0.0,0.6190476417541504,1.0
pcb2,c75d1316fd33a72b0af4c5e4,0.01,32,31,0.96875,0.0006188750267028809,0.032258064516129004,0.4516128897666931,1.0
pcb2,c75d1316fd33a72b0af4c5e4,0.05,32,32,1.0,0.0006188750267028809,0.03125,0.46875,1.0
pcb2,c75d1316fd33a72b0af4c5e4,0.1,32,32,1.0,0.0006188750267028809,0.03125,0.46875,1.0
pcb2,c7ae6b358d344ed02f059979,0.01,32,16,0.5,0.1503078043460846,0.0,0.625,0.9375
pcb2,c7ae6b358d344ed02f059979,0.05,32,16,0.5,0.1503078043460846,0.0,0.625,0.9375
pcb2,c7ae6b358d344ed02f059979,0.1,32,16,0.5,0.1503078043460846,0.0,0.625,0.9375
pcb2,c838acdc59364f0ae0139747,0.01,32,24,0.75,1.6689300537109375e-05,0.0,0.5416666865348816,0.2916666567325592
pcb2,c838acdc59364f0ae0139747,0.05,32,24,0.75,1.6689300537109375e-05,0.0,0.5416666865348816,0.2916666567325592
pcb2,c838acdc59364f0ae0139747,0.1,32,24,0.75,1.6689300537109375e-05,0.0,0.5416666865348816,0.2916666567325592
pcb2,cc08af32cf19a56d899bcf9a,0.01,32,4,0.125,2.1222190856933594,0.25,0.5,0.75
pcb2,cc08af32cf19a56d899bcf9a,0.05,32,4,0.125,2.1222190856933594,0.25,0.5,0.75
pcb2,cc08af32cf19a56d899bcf9a,0.1,32,4,0.125,2.1222190856933594,0.25,0.5,0.75
pcb2,cd68690ce790f663ed5457f7,0.01,32,31,0.96875,0.00018912553787231445,0.0,0.4193548262119293,0.4193548262119293
pcb2,cd68690ce790f663ed5457f7,0.05,32,31,0.96875,0.00018912553787231445,0.0,0.4193548262119293,0.4193548262119293
pcb2,cd68690ce790f663ed5457f7,0.1,32,31,0.96875,0.00018912553787231445,0.0,0.4193548262119293,0.4193548262119293
pcb2,d0055a1c157529b0573e9797,0.01,32,19,0.59375,0.002725377678871155,0.0,0.42105263471603394,1.0
pcb2,d0055a1c157529b0573e9797,0.05,32,19,0.59375,0.002725377678871155,0.0,0.42105263471603394,1.0
pcb2,d0055a1c157529b0573e9797,0.1,32,21,0.65625,0.002725377678871155,0.04761904761904767,0.4761904776096344,1.0
pcb2,d04fb07abcc9f87fd3b69169,0.01,32,3,0.09375,3.800130844116211,0.0,0.3333333432674408,0.6666666865348816
pcb2,d04fb07abcc9f87fd3b69169,0.05,32,4,0.125,3.800130844116211,0.0,0.5,0.75
pcb2,d04fb07abcc9f87fd3b69169,0.1,32,4,0.125,3.800130844116211,0.0,0.5,0.75
pcb2,d2289d206bd04eca591264a1,0.01,32,9,0.28125,2.3181512355804443,0.0,0.5555555820465088,1.0
pcb2,d2289d206bd04eca591264a1,0.05,32,10,0.3125,2.3181512355804443,0.0,0.5,1.0
pcb2,d2289d206bd04eca591264a1,0.1,32,10,0.3125,2.3181512355804443,0.0,0.5,1.0
pcb2,d343c2a2cbca687849a3010d,0.01,32,29,0.90625,9.074807167053223e-05,0.06896551724137934,0.4655172526836395,1.0
pcb2,d343c2a2cbca687849a3010d,0.05,32,30,0.9375,9.074807167053223e-05,0.06666666666666665,0.4833333194255829,1.0
pcb2,d343c2a2cbca687849a3010d,0.1,32,32,1.0,9.074807167053223e-05,0.125,0.515625,1.0
pcb2,d5ba7127f32231a9ea444738,0.01,32,2,0.0625,1.803421974182129,0.0,0.5,0.5
pcb2,d5ba7127f32231a9ea444738,0.05,32,2,0.0625,1.803421974182129,0.0,0.5,0.5
pcb2,d5ba7127f32231a9ea444738,0.1,32,2,0.0625,1.803421974182129,0.0,0.5,0.5
pcb2,d5d38247b3750584b90e5c29,0.01,32,8,0.25,0.3863215446472168,0.0,0.375,1.0
pcb2,d5d38247b3750584b90e5c29,0.05,32,12,0.375,0.3863215446472168,0.08333333333333337,0.3333333432674408,1.0
pcb2,d5d38247b3750584b90e5c29,0.1,32,12,0.375,0.3863215446472168,0.08333333333333337,0.3333333432674408,1.0
pcb2,d8de5fa5354169f39de7d6d0,0.01,32,0,0.0,2.5684337615966797,,,
pcb2,d8de5fa5354169f39de7d6d0,0.05,32,0,0.0,2.5684337615966797,,,
pcb2,d8de5fa5354169f39de7d6d0,0.1,32,0,0.0,2.5684337615966797,,,
pcb2,d9b148f21cbbcaf360fd45b1,0.01,32,4,0.125,2.721344232559204,0.0,0.25,0.75
pcb2,d9b148f21cbbcaf360fd45b1,0.05,32,4,0.125,2.721344232559204,0.0,0.25,0.75
pcb2,d9b148f21cbbcaf360fd45b1,0.1,32,4,0.125,2.721344232559204,0.0,0.25,0.75
pcb2,d9fc0603ee4f26815a3e863a,0.01,32,11,0.34375,0.7476568222045898,0.09090909090909094,0.3636363744735718,0.9090909361839294
pcb2,d9fc0603ee4f26815a3e863a,0.05,32,11,0.34375,0.7476568222045898,0.09090909090909094,0.3636363744735718,0.9090909361839294
pcb2,d9fc0603ee4f26815a3e863a,0.1,32,11,0.34375,0.7476568222045898,0.09090909090909094,0.3636363744735718,0.9090909361839294
pcb2,e12cc7f03dd0bec2c8be0d63,0.01,32,12,0.375,0.7972619533538818,0.0,0.6666666865348816,1.0
pcb2,e12cc7f03dd0bec2c8be0d63,0.05,32,12,0.375,0.7972619533538818,0.0,0.6666666865348816,1.0
pcb2,e12cc7f03dd0bec2c8be0d63,0.1,32,12,0.375,0.7972619533538818,0.0,0.6666666865348816,1.0
pcb2,e26b913937c2f4a11d007da4,0.01,32,1,0.03125,1.9681694507598877,0.0,1.0,1.0
pcb2,e26b913937c2f4a11d007da4,0.05,32,1,0.03125,1.9681694507598877,0.0,1.0,1.0
pcb2,e26b913937c2f4a11d007da4,0.1,32,1,0.03125,1.9681694507598877,0.0,1.0,1.0
pcb2,e4861796e2e4468e0112e833,0.01,32,18,0.5625,0.00017684698104858398,0.0,0.3888888955116272,1.0
pcb2,e4861796e2e4468e0112e833,0.05,32,18,0.5625,0.00017684698104858398,0.0,0.3888888955116272,1.0
pcb2,e4861796e2e4468e0112e833,0.1,32,19,0.59375,0.00017684698104858398,0.0,0.42105263471603394,1.0
pcb2,e6cc72556acfea6bdc4af38a,0.01,32,28,0.875,0.0005901157855987549,0.0,0.5714285969734192,0.75
pcb2,e6cc72556acfea6bdc4af38a,0.05,32,29,0.90625,0.0005901157855987549,0.0,0.5862069129943848,0.7586206793785095
pcb2,e6cc72556acfea6bdc4af38a,0.1,32,29,0.90625,0.0005901157855987549,0.0,0.5862069129943848,0.7586206793785095
pcb2,e96e226b798c2f75f8be448b,0.01,32,32,1.0,3.17692756652832e-05,0.0,0.59375,1.0
pcb2,e96e226b798c2f75f8be448b,0.05,32,32,1.0,3.17692756652832e-05,0.0,0.59375,1.0
pcb2,e96e226b798c2f75f8be448b,0.1,32,32,1.0,3.17692756652832e-05,0.0,0.59375,1.0
pcb2,ea80968873d9da594441c2d7,0.01,32,26,0.8125,0.0003654360771179199,0.0,0.4423076808452606,1.0
pcb2,ea80968873d9da594441c2d7,0.05,32,27,0.84375,0.0003654360771179199,0.0,0.46296295523643494,1.0
pcb2,ea80968873d9da594441c2d7,0.1,32,27,0.84375,0.0003654360771179199,0.0,0.46296295523643494,1.0
pcb2,eeb0f9de2bffec5cced2a0ff,0.01,32,17,0.53125,0.0028739571571350098,0.0,0.6176470518112183,0.6470588445663452
pcb2,eeb0f9de2bffec5cced2a0ff,0.05,32,17,0.53125,0.0028739571571350098,0.0,0.6176470518112183,0.6470588445663452
pcb2,eeb0f9de2bffec5cced2a0ff,0.1,32,17,0.53125,0.0028739571571350098,0.0,0.6176470518112183,0.6470588445663452
pcb2,f05ab3c24065985287fcdc4d,0.01,32,20,0.625,0.003749370574951172,0.0,0.4000000059604645,1.0
pcb2,f05ab3c24065985287fcdc4d,0.05,32,21,0.65625,0.003749370574951172,0.0,0.4285714328289032,1.0
pcb2,f05ab3c24065985287fcdc4d,0.1,32,21,0.65625,0.003749370574951172,0.0,0.4285714328289032,1.0
pcb2,f19f9dd394dcf709d33a91a1,0.01,32,32,1.0,0.000548340380191803,0.0625,0.46875,0.21875
pcb2,f19f9dd394dcf709d33a91a1,0.05,32,32,1.0,0.000548340380191803,0.0625,0.46875,0.21875
pcb2,f19f9dd394dcf709d33a91a1,0.1,32,32,1.0,0.000548340380191803,0.0625,0.46875,0.21875
pcb2,f3f49db511a77f3f8bae01fa,0.01,32,21,0.65625,0.0033402442932128906,0.0,0.6190476417541504,0.9523809552192688
pcb2,f3f49db511a77f3f8bae01fa,0.05,32,22,0.6875,0.0033402442932128906,0.0,0.6363636255264282,0.9545454382896423
pcb2,f3f49db511a77f3f8bae01fa,0.1,32,23,0.71875,0.0033402442932128906,0.0,0.6521739363670349,0.95652174949646
pcb2,f5b0f44066263eac6e77f054,0.01,32,2,0.0625,1.5937864780426025,0.0,0.5,1.0
pcb2,f5b0f44066263eac6e77f054,0.05,32,3,0.09375,1.5937864780426025,0.0,0.6666666865348816,1.0
pcb2,f5b0f44066263eac6e77f054,0.1,32,3,0.09375,1.5937864780426025,0.0,0.6666666865348816,1.0
pcb2,f645c03fd2cdd71d8649824d,0.01,32,13,0.40625,0.27704620361328125,0.0,0.692307710647583,0.692307710647583
pcb2,f645c03fd2cdd71d8649824d,0.05,32,15,0.46875,0.27704620361328125,0.0,0.7333333492279053,0.6666666865348816
pcb2,f645c03fd2cdd71d8649824d,0.1,32,15,0.46875,0.27704620361328125,0.0,0.7333333492279053,0.6666666865348816
pcb2,faf71a290ac9d8c0d6bf4424,0.01,32,22,0.6875,0.002745985984802246,0.0,0.6818181872367859,0.9545454382896423
pcb2,faf71a290ac9d8c0d6bf4424,0.05,32,23,0.71875,0.002745985984802246,0.0,0.6521739363670349,0.95652174949646
pcb2,faf71a290ac9d8c0d6bf4424,0.1,32,23,0.71875,0.002745985984802246,0.0,0.6521739363670349,0.95652174949646
pcb2,fc0211f53eb8a3eb1fa5941b,0.01,32,8,0.25,1.0520880222320557,0.0,0.75,1.0
pcb2,fc0211f53eb8a3eb1fa5941b,0.05,32,8,0.25,1.0520880222320557,0.0,0.75,1.0
pcb2,fc0211f53eb8a3eb1fa5941b,0.1,32,9,0.28125,1.0520880222320557,0.0,0.6666666865348816,0.8888888955116272
pcb2,feb3e41656025da3bc354582,0.01,32,9,0.28125,1.7420926094055176,0.0,0.5555555820465088,0.3333333432674408
pcb2,feb3e41656025da3bc354582,0.05,32,9,0.28125,1.7420926094055176,0.0,0.5555555820465088,0.3333333432674408
pcb2,feb3e41656025da3bc354582,0.1,32,9,0.28125,1.7420926094055176,0.0,0.5555555820465088,0.3333333432674408
pcb3,00160ff324c599b2c715a0b5,0.01,32,4,0.125,1.682567834854126,0.0,0.25,0.75
pcb3,00160ff324c599b2c715a0b5,0.05,32,4,0.125,1.682567834854126,0.0,0.25,0.75
pcb3,00160ff324c599b2c715a0b5,0.1,32,4,0.125,1.682567834854126,0.0,0.25,0.75
pcb3,009b5b8e3f53c3ec7bca77e5,0.01,32,0,0.0,3.4048707485198975,,,
pcb3,009b5b8e3f53c3ec7bca77e5,0.05,32,0,0.0,3.4048707485198975,,,
pcb3,009b5b8e3f53c3ec7bca77e5,0.1,32,0,0.0,3.4048707485198975,,,
pcb3,00def363460ce202d13ff3ac,0.01,32,5,0.15625,1.5390596389770508,0.0,0.20000000298023224,0.6000000238418579
pcb3,00def363460ce202d13ff3ac,0.05,32,6,0.1875,1.5390596389770508,0.0,0.1666666716337204,0.5
pcb3,00def363460ce202d13ff3ac,0.1,32,6,0.1875,1.5390596389770508,0.0,0.1666666716337204,0.5
pcb3,0623b00ea5cbe2a2f243afb8,0.01,32,5,0.15625,1.7171752452850342,0.0,0.4000000059604645,1.0
pcb3,0623b00ea5cbe2a2f243afb8,0.05,32,5,0.15625,1.7171752452850342,0.0,0.4000000059604645,1.0
pcb3,0623b00ea5cbe2a2f243afb8,0.1,32,5,0.15625,1.7171752452850342,0.0,0.4000000059604645,1.0
pcb3,11aa823d106daa2240583cd3,0.01,32,0,0.0,3.319277286529541,,,
pcb3,11aa823d106daa2240583cd3,0.05,32,0,0.0,3.319277286529541,,,
pcb3,11aa823d106daa2240583cd3,0.1,32,0,0.0,3.319277286529541,,,
pcb3,12f6de240f34609698a449ec,0.01,32,32,1.0,0.00012809038162231445,0.0,0.53125,0.78125
pcb3,12f6de240f34609698a449ec,0.05,32,32,1.0,0.00012809038162231445,0.0,0.53125,0.78125
pcb3,12f6de240f34609698a449ec,0.1,32,32,1.0,0.00012809038162231445,0.0,0.53125,0.78125
pcb3,14f02280ec42c1ccc8aac851,0.01,32,28,0.875,0.0005376916378736496,0.0,0.6785714030265808,0.9642857313156128
pcb3,14f02280ec42c1ccc8aac851,0.05,32,28,0.875,0.0005376916378736496,0.0,0.6785714030265808,0.9642857313156128
pcb3,14f02280ec42c1ccc8aac851,0.1,32,29,0.90625,0.0005376916378736496,0.0,0.6896551847457886,0.9655172228813171
pcb3,15c3ae0d8743e8989805d796,0.01,32,10,0.3125,0.11267805099487305,0.0,0.6000000238418579,0.8999999761581421
pcb3,15c3ae0d8743e8989805d796,0.05,32,15,0.46875,0.11267805099487305,0.0,0.46666666865348816,0.9333333373069763
pcb3,15c3ae0d8743e8989805d796,0.1,32,15,0.46875,0.11267805099487305,0.0,0.46666666865348816,0.9333333373069763
pcb3,18e1a3f7f9f9b8caa40609cc,0.01,32,4,0.125,1.1530625820159912,0.0,1.0,0.75
pcb3,18e1a3f7f9f9b8caa40609cc,0.05,32,6,0.1875,1.1530625820159912,0.33333333333333337,1.0,0.8333333134651184
pcb3,18e1a3f7f9f9b8caa40609cc,0.1,32,7,0.21875,1.1530625820159912,0.4285714285714286,1.0,0.8571428656578064
pcb3,195b9a91e8b5e0aff0059c51,0.01,32,5,0.15625,2.3122730255126953,0.0,0.6000000238418579,1.0
pcb3,195b9a91e8b5e0aff0059c51,0.05,32,5,0.15625,2.3122730255126953,0.0,0.6000000238418579,1.0
pcb3,195b9a91e8b5e0aff0059c51,0.1,32,5,0.15625,2.3122730255126953,0.0,0.6000000238418579,1.0
pcb3,1e51370fdebf3dff56edbce7,0.01,32,32,1.0,3.814697265625e-05,0.0,0.34375,0.9375
pcb3,1e51370fdebf3dff56edbce7,0.05,32,32,1.0,3.814697265625e-05,0.0,0.34375,0.9375
pcb3,1e51370fdebf3dff56edbce7,0.1,32,32,1.0,3.814697265625e-05,0.0,0.34375,0.9375
pcb3,1eceb5e37343e14cafa05cac,0.01,32,2,0.0625,2.6019792556762695,0.0,1.0,1.0
pcb3,1eceb5e37343e14cafa05cac,0.05,32,4,0.125,2.6019792556762695,0.0,0.75,1.0
pcb3,1eceb5e37343e14cafa05cac,0.1,32,4,0.125,2.6019792556762695,0.0,0.75,1.0
pcb3,1fbb9f1ade34b0442c15b1c1,0.01,32,6,0.1875,2.306811809539795,0.0,0.6666666865348816,1.0
pcb3,1fbb9f1ade34b0442c15b1c1,0.05,32,6,0.1875,2.306811809539795,0.0,0.6666666865348816,1.0
pcb3,1fbb9f1ade34b0442c15b1c1,0.1,32,7,0.21875,2.306811809539795,0.1428571428571429,0.7142857313156128,1.0
pcb3,249f8e1272d8883ea47662fb,0.01,32,29,0.90625,0.0020066499710083008,0.0,0.5517241358757019,0.8620689511299133
pcb3,249f8e1272d8883ea47662fb,0.05,32,32,1.0,0.0020066499710083008,0.0,0.53125,0.875
pcb3,249f8e1272d8883ea47662fb,0.1,32,32,1.0,0.0020066499710083008,0.0,0.53125,0.875
pcb3,32c9f568a03a9e26ef015b76,0.01,32,7,0.21875,0.4986908435821533,0.0,0.4285714328289032,0.7142857313156128
pcb3,32c9f568a03a9e26ef015b76,0.05,32,13,0.40625,0.4986908435821533,0.15384615384615385,0.4615384638309479,0.7692307829856873
pcb3,32c9f568a03a9e26ef015b76,0.1,32,15,0.46875,0.4986908435821533,0.1333333333333333,0.5333333611488342,0.800000011920929
pcb3,36890e55c2c6b3d21fb8bd1b,0.01,32,11,0.34375,0.19537043571472168,0.0,0.6363636255264282,1.0
pcb3,36890e55c2c6b3d21fb8bd1b,0.05,32,15,0.46875,0.19537043571472168,0.0,0.6000000238418579,0.9333333373069763
pcb3,36890e55c2c6b3d21fb8bd1b,0.1,32,15,0.46875,0.19537043571472168,0.0,0.6000000238418579,0.9333333373069763
pcb3,36d1b72ee722b86a7f2dade4,0.01,32,4,0.125,1.3715444803237915,0.0,0.5,1.0
pcb3,36d1b72ee722b86a7f2dade4,0.05,32,6,0.1875,1.3715444803237915,0.0,0.6666666865348816,1.0
pcb3,36d1b72ee722b86a7f2dade4,0.1,32,6,0.1875,1.3715444803237915,0.0,0.6666666865348816,1.0
pcb3,37d281bef1de8488cc105a14,0.01,32,17,0.53125,0.0009975433349609375,0.0,0.6470588445663452,1.0
pcb3,37d281bef1de8488cc105a14,0.05,32,17,0.53125,0.0009975433349609375,0.0,0.6470588445663452,1.0
pcb3,37d281bef1de8488cc105a14,0.1,32,17,0.53125,0.0009975433349609375,0.0,0.6470588445663452,1.0
pcb3,3c0b4bf6bf885018b620760d,0.01,32,4,0.125,1.7099223136901855,0.0,0.75,1.0
pcb3,3c0b4bf6bf885018b620760d,0.05,32,6,0.1875,1.7099223136901855,0.0,0.8333333134651184,1.0
pcb3,3c0b4bf6bf885018b620760d,0.1,32,6,0.1875,1.7099223136901855,0.0,0.8333333134651184,1.0
pcb3,3c4a804044a0d360622a6542,0.01,32,1,0.03125,4.728149890899658,0.0,1.0,1.0
pcb3,3c4a804044a0d360622a6542,0.05,32,1,0.03125,4.728149890899658,0.0,1.0,1.0
pcb3,3c4a804044a0d360622a6542,0.1,32,1,0.03125,4.728149890899658,0.0,1.0,1.0
pcb3,3d641a43fe8d5bacb4f61ff1,0.01,32,1,0.03125,3.294088125228882,0.0,0.0,1.0
pcb3,3d641a43fe8d5bacb4f61ff1,0.05,32,2,0.0625,3.294088125228882,0.0,0.5,1.0
pcb3,3d641a43fe8d5bacb4f61ff1,0.1,32,3,0.09375,3.294088125228882,0.0,0.6666666865348816,1.0
pcb3,3d87b297c6b243bf9e8a1daa,0.01,32,6,0.1875,2.6857118606567383,0.0,0.5,0.5
pcb3,3d87b297c6b243bf9e8a1daa,0.05,32,6,0.1875,2.6857118606567383,0.0,0.5,0.5
pcb3,3d87b297c6b243bf9e8a1daa,0.1,32,6,0.1875,2.6857118606567383,0.0,0.5,0.5
pcb3,3f5daadf1432eed743eaeb72,0.01,32,23,0.71875,0.0031578540802001953,0.0,0.47826087474823,0.8695651888847351
pcb3,3f5daadf1432eed743eaeb72,0.05,32,24,0.75,0.0031578540802001953,0.0,0.4583333432674408,0.875
pcb3,3f5daadf1432eed743eaeb72,0.1,32,25,0.78125,0.0031578540802001953,0.0,0.47999998927116394,0.8799999952316284
pcb3,4306ab11db3608ce4a569108,0.01,32,15,0.46875,0.11373782157897949,0.06666666666666665,0.46666666865348816,0.9333333373069763
pcb3,4306ab11db3608ce4a569108,0.05,32,15,0.46875,0.11373782157897949,0.06666666666666665,0.46666666865348816,0.9333333373069763
pcb3,4306ab11db3608ce4a569108,0.1,32,15,0.46875,0.11373782157897949,0.06666666666666665,0.46666666865348816,0.9333333373069763
pcb3,4373511abe35d425e9676a2a,0.01,32,13,0.40625,0.7032995223999023,0.0,0.38461539149284363,1.0
pcb3,4373511abe35d425e9676a2a,0.05,32,14,0.4375,0.7032995223999023,0.0,0.3571428656578064,1.0
pcb3,4373511abe35d425e9676a2a,0.1,32,15,0.46875,0.7032995223999023,0.0,0.4000000059604645,1.0
pcb3,46bd2a9a13c68a3032f8a029,0.01,32,4,0.125,6.339136600494385,0.0,0.75,1.0
pcb3,46bd2a9a13c68a3032f8a029,0.05,32,5,0.15625,6.339136600494385,0.0,0.800000011920929,1.0
pcb3,46bd2a9a13c68a3032f8a029,0.1,32,5,0.15625,6.339136600494385,0.0,0.800000011920929,1.0
pcb3,4773564034a8e983012dbef8,0.01,32,10,0.3125,0.6816679239273071,0.0,0.5,0.4000000059604645
pcb3,4773564034a8e983012dbef8,0.05,32,10,0.3125,0.6816679239273071,0.0,0.5,0.4000000059604645
pcb3,4773564034a8e983012dbef8,0.1,32,11,0.34375,0.6816679239273071,0.0,0.5454545617103577,0.3636363744735718
pcb3,4a749e9a94c97d05b64241aa,0.01,32,7,0.21875,0.041447609663009644,0.1428571428571429,0.5714285969734192,1.0
pcb3,4a749e9a94c97d05b64241aa,0.05,32,20,0.625,0.041447609663009644,0.35,0.44999998807907104,0.949999988079071
pcb3,4a749e9a94c97d05b64241aa,0.1,32,21,0.65625,0.041447609663009644,0.38095238095238093,0.4285714328289032,0.9523809552192688
pcb3,4f82198a3d1004d1e280622f,0.01,32,32,1.0,1.6570091247558594e-05,0.0,0.546875,0.875
pcb3,4f82198a3d1004d1e280622f,0.05,32,32,1.0,1.6570091247558594e-05,0.0,0.546875,0.875
pcb3,4f82198a3d1004d1e280622f,0.1,32,32,1.0,1.6570091247558594e-05,0.0,0.546875,0.875
pcb3,50ea033230d5fe7c2043a5de,0.01,32,27,0.84375,1.7464160919189453e-05,0.0,0.5370370149612427,0.7407407164573669
pcb3,50ea033230d5fe7c2043a5de,0.05,32,29,0.90625,1.7464160919189453e-05,0.03448275862068961,0.5,0.7586206793785095
pcb3,50ea033230d5fe7c2043a5de,0.1,32,30,0.9375,1.7464160919189453e-05,0.033333333333333326,0.5166666507720947,0.7666666507720947
pcb3,52546fda84f54d6a1fecaf2e,0.01,32,32,1.0,0.0013549327850341797,0.03125,0.28125,1.0
pcb3,52546fda84f54d6a1fecaf2e,0.05,32,32,1.0,0.0013549327850341797,0.03125,0.28125,1.0
pcb3,52546fda84f54d6a1fecaf2e,0.1,32,32,1.0,0.0013549327850341797,0.03125,0.28125,1.0
pcb3,560887d7ff6c9b943234f327,0.01,32,13,0.40625,0.10543155670166016,0.0,0.6153846383094788,0.8461538553237915
pcb3,560887d7ff6c9b943234f327,0.05,32,15,0.46875,0.10543155670166016,0.0,0.6000000238418579,0.800000011920929
pcb3,560887d7ff6c9b943234f327,0.1,32,16,0.5,0.10543155670166016,0.0,0.625,0.75
pcb3,5a9bd58da8232d623302a431,0.01,32,6,0.1875,3.6466546058654785,0.0,0.5,0.5
pcb3,5a9bd58da8232d623302a431,0.05,32,7,0.21875,3.6466546058654785,0.0,0.4285714328289032,0.5714285969734192
pcb3,5a9bd58da8232d623302a431,0.1,32,7,0.21875,3.6466546058654785,0.0,0.4285714328289032,0.5714285969734192
pcb3,5df4539192f57bf417e8130d,0.01,32,3,0.09375,2.2268028259277344,0.0,0.6666666865348816,1.0
pcb3,5df4539192f57bf417e8130d,0.05,32,5,0.15625,2.2268028259277344,0.0,0.800000011920929,1.0
pcb3,5df4539192f57bf417e8130d,0.1,32,6,0.1875,2.2268028259277344,0.0,0.8333333134651184,1.0
pcb3,5e22de1b20c6b8a851188e87,0.01,32,12,0.375,0.9214296340942383,0.0,0.5833333134651184,1.0
pcb3,5e22de1b20c6b8a851188e87,0.05,32,12,0.375,0.9214296340942383,0.0,0.5833333134651184,1.0
pcb3,5e22de1b20c6b8a851188e87,0.1,32,12,0.375,0.9214296340942383,0.0,0.5833333134651184,1.0
pcb3,5f570b16714e282159e85e06,0.01,32,2,0.0625,1.161705493927002,0.0,0.5,1.0
pcb3,5f570b16714e282159e85e06,0.05,32,4,0.125,1.161705493927002,0.0,0.75,1.0
pcb3,5f570b16714e282159e85e06,0.1,32,4,0.125,1.161705493927002,0.0,0.75,1.0
pcb3,6273ff3d99faff748cb73ccf,0.01,32,4,0.125,3.2928571701049805,0.0,0.75,0.5
pcb3,6273ff3d99faff748cb73ccf,0.05,32,5,0.15625,3.2928571701049805,0.0,0.6000000238418579,0.4000000059604645
pcb3,6273ff3d99faff748cb73ccf,0.1,32,5,0.15625,3.2928571701049805,0.0,0.6000000238418579,0.4000000059604645
pcb3,63fe5945d26e0efa418a77e6,0.01,32,32,1.0,6.582587957382202e-05,0.0,0.53125,0.6875
pcb3,63fe5945d26e0efa418a77e6,0.05,32,32,1.0,6.582587957382202e-05,0.0,0.53125,0.6875
pcb3,63fe5945d26e0efa418a77e6,0.1,32,32,1.0,6.582587957382202e-05,0.0,0.53125,0.6875
pcb3,652343ecfc3c939f01d8e928,0.01,32,2,0.0625,2.4079062938690186,0.0,1.0,1.0
pcb3,652343ecfc3c939f01d8e928,0.05,32,3,0.09375,2.4079062938690186,0.0,1.0,1.0
pcb3,652343ecfc3c939f01d8e928,0.1,32,3,0.09375,2.4079062938690186,0.0,1.0,1.0
pcb3,6b05141a06e123ce944355e2,0.01,32,17,0.53125,0.0053234100341796875,0.0,0.529411792755127,0.7058823704719543
pcb3,6b05141a06e123ce944355e2,0.05,32,18,0.5625,0.0053234100341796875,0.0,0.5555555820465088,0.7222222089767456
pcb3,6b05141a06e123ce944355e2,0.1,32,18,0.5625,0.0053234100341796875,0.0,0.5555555820465088,0.7222222089767456
pcb3,6c1fc0e6d225520f1907a225,0.01,32,1,0.03125,2.0275468826293945,0.0,1.0,1.0
pcb3,6c1fc0e6d225520f1907a225,0.05,32,1,0.03125,2.0275468826293945,0.0,1.0,1.0
pcb3,6c1fc0e6d225520f1907a225,0.1,32,1,0.03125,2.0275468826293945,0.0,1.0,1.0
pcb3,7197ad0bd1ca57ef77bcdf39,0.01,32,11,0.34375,1.0528637170791626,0.0,0.5,0.8181818127632141
pcb3,7197ad0bd1ca57ef77bcdf39,0.05,32,12,0.375,1.0528637170791626,0.0,0.5416666865348816,0.8333333134651184
pcb3,7197ad0bd1ca57ef77bcdf39,0.1,32,12,0.375,1.0528637170791626,0.0,0.5416666865348816,0.8333333134651184
pcb3,7975583be402b6b3e95c4253,0.01,32,8,0.25,1.351362705230713,0.125,0.375,0.5
pcb3,7975583be402b6b3e95c4253,0.05,32,10,0.3125,1.351362705230713,0.09999999999999998,0.30000001192092896,0.6000000238418579
pcb3,7975583be402b6b3e95c4253,0.1,32,10,0.3125,1.351362705230713,0.09999999999999998,0.30000001192092896,0.6000000238418579
pcb3,7b3aa78e93b96651be784a04,0.01,32,10,0.3125,0.5813959240913391,0.0,0.6000000238418579,0.6000000238418579
pcb3,7b3aa78e93b96651be784a04,0.05,32,12,0.375,0.5813959240913391,0.0,0.6666666865348816,0.6666666865348816
pcb3,7b3aa78e93b96651be784a04,0.1,32,12,0.375,0.5813959240913391,0.0,0.6666666865348816,0.6666666865348816
pcb3,7b4b5c2c09678c5e8e11b8dd,0.01,32,32,1.0,0.0003565549850463867,0.0625,0.65625,1.0
pcb3,7b4b5c2c09678c5e8e11b8dd,0.05,32,32,1.0,0.0003565549850463867,0.0625,0.65625,1.0
pcb3,7b4b5c2c09678c5e8e11b8dd,0.1,32,32,1.0,0.0003565549850463867,0.0625,0.65625,1.0
pcb3,7b930fe92c62d542c51727f6,0.01,32,32,1.0,0.00010617077350616455,0.0,0.40625,0.96875
pcb3,7b930fe92c62d542c51727f6,0.05,32,32,1.0,0.00010617077350616455,0.0,0.40625,0.96875
pcb3,7b930fe92c62d542c51727f6,0.1,32,32,1.0,0.00010617077350616455,0.0,0.40625,0.96875
pcb3,7bd85e3c167af931c064eb67,0.01,32,2,0.0625,5.862325668334961,0.0,0.0,1.0
pcb3,7bd85e3c167af931c064eb67,0.05,32,3,0.09375,5.862325668334961,0.0,0.3333333432674408,1.0
pcb3,7bd85e3c167af931c064eb67,0.1,32,3,0.09375,5.862325668334961,0.0,0.3333333432674408,1.0
pcb3,7d5f5d3cf83aca5e99c261d1,0.01,32,8,0.25,1.0964112281799316,0.0,0.25,1.0
pcb3,7d5f5d3cf83aca5e99c261d1,0.05,32,12,0.375,1.0964112281799316,0.08333333333333337,0.3333333432674408,1.0
pcb3,7d5f5d3cf83aca5e99c261d1,0.1,32,14,0.4375,1.0964112281799316,0.1428571428571429,0.3571428656578064,1.0
pcb3,7e9bdf56b2622729636c1045,0.01,32,32,1.0,3.62396240234375e-05,0.0,0.515625,0.40625
pcb3,7e9bdf56b2622729636c1045,0.05,32,32,1.0,3.62396240234375e-05,0.0,0.515625,0.40625
pcb3,7e9bdf56b2622729636c1045,0.1,32,32,1.0,3.62396240234375e-05,0.0,0.515625,0.40625
pcb3,8544063c4f0dfa42a7779aab,0.01,32,32,1.0,3.612041473388672e-05,0.0,0.484375,0.375
pcb3,8544063c4f0dfa42a7779aab,0.05,32,32,1.0,3.612041473388672e-05,0.0,0.484375,0.375
pcb3,8544063c4f0dfa42a7779aab,0.1,32,32,1.0,3.612041473388672e-05,0.0,0.484375,0.375
pcb3,8a06f3e847432f46cd2e1394,0.01,32,0,0.0,3.1158814430236816,,,
pcb3,8a06f3e847432f46cd2e1394,0.05,32,0,0.0,3.1158814430236816,,,
pcb3,8a06f3e847432f46cd2e1394,0.1,32,1,0.03125,3.1158814430236816,0.0,0.0,1.0
pcb3,8a7cddd693b1921d790d5b13,0.01,32,8,0.25,0.9121737480163574,0.0,0.5,1.0
pcb3,8a7cddd693b1921d790d5b13,0.05,32,10,0.3125,0.9121737480163574,0.0,0.4000000059604645,1.0
pcb3,8a7cddd693b1921d790d5b13,0.1,32,10,0.3125,0.9121737480163574,0.0,0.4000000059604645,1.0
pcb3,91b0cac38312f1899f1637c5,0.01,32,14,0.4375,0.18288946151733398,0.0,0.5,0.2142857164144516
pcb3,91b0cac38312f1899f1637c5,0.05,32,15,0.46875,0.18288946151733398,0.0,0.46666666865348816,0.2666666805744171
pcb3,91b0cac38312f1899f1637c5,0.1,32,16,0.5,0.18288946151733398,0.0,0.5,0.25
pcb3,934643e8423388494ab08704,0.01,32,25,0.78125,0.0016958415508270264,0.040000000000000036,0.5199999809265137,0.9599999785423279
pcb3,934643e8423388494ab08704,0.05,32,29,0.90625,0.0016958415508270264,0.03448275862068961,0.5517241358757019,0.931034505367279
pcb3,934643e8423388494ab08704,0.1,32,29,0.90625,0.0016958415508270264,0.03448275862068961,0.5517241358757019,0.931034505367279
pcb3,93c53680529d7217c5f47f79,0.01,32,0,0.0,2.267031192779541,,,
pcb3,93c53680529d7217c5f47f79,0.05,32,1,0.03125,2.267031192779541,0.0,1.0,1.0
pcb3,93c53680529d7217c5f47f79,0.1,32,1,0.03125,2.267031192779541,0.0,1.0,1.0
pcb3,9b501d06984dd1b3dedbfd5d,0.01,32,13,0.40625,0.36165857315063477,0.07692307692307687,0.5384615659713745,0.7692307829856873
pcb3,9b501d06984dd1b3dedbfd5d,0.05,32,13,0.40625,0.36165857315063477,0.07692307692307687,0.5384615659713745,0.7692307829856873
pcb3,9b501d06984dd1b3dedbfd5d,0.1,32,13,0.40625,0.36165857315063477,0.07692307692307687,0.5384615659713745,0.7692307829856873
pcb3,a1479eb073103ac29bf7aee5,0.01,32,6,0.1875,3.0148563385009766,0.0,0.3333333432674408,1.0
pcb3,a1479eb073103ac29bf7aee5,0.05,32,6,0.1875,3.0148563385009766,0.0,0.3333333432674408,1.0
pcb3,a1479eb073103ac29bf7aee5,0.1,32,6,0.1875,3.0148563385009766,0.0,0.3333333432674408,1.0
pcb3,a2fc7a2f4dbd7b0a1425f6a0,0.01,32,7,0.21875,1.009792447090149,0.0,0.4285714328289032,1.0
pcb3,a2fc7a2f4dbd7b0a1425f6a0,0.05,32,7,0.21875,1.009792447090149,0.0,0.4285714328289032,1.0
pcb3,a2fc7a2f4dbd7b0a1425f6a0,0.1,32,7,0.21875,1.009792447090149,0.0,0.4285714328289032,1.0
pcb3,a34a9649cc479852c9c16a76,0.01,32,4,0.125,1.9645183086395264,0.0,0.5,0.75
pcb3,a34a9649cc479852c9c16a76,0.05,32,4,0.125,1.9645183086395264,0.0,0.5,0.75
pcb3,a34a9649cc479852c9c16a76,0.1,32,5,0.15625,1.9645183086395264,0.0,0.6000000238418579,0.800000011920929
pcb3,a569d3990d1513165c49cccf,0.01,32,3,0.09375,3.022993803024292,0.0,0.0,1.0
pcb3,a569d3990d1513165c49cccf,0.05,32,3,0.09375,3.022993803024292,0.0,0.0,1.0
pcb3,a569d3990d1513165c49cccf,0.1,32,3,0.09375,3.022993803024292,0.0,0.0,1.0
pcb3,a5fbbd4fd9bf7832a02775fe,0.01,32,6,0.1875,3.1896579265594482,0.0,0.5,1.0
pcb3,a5fbbd4fd9bf7832a02775fe,0.05,32,8,0.25,3.1896579265594482,0.0,0.5,1.0
pcb3,a5fbbd4fd9bf7832a02775fe,0.1,32,8,0.25,3.1896579265594482,0.0,0.5,1.0
pcb3,b0ff82f2da12cc7c2476600c,0.01,32,9,0.28125,0.47112685441970825,0.0,0.4444444477558136,0.3333333432674408
pcb3,b0ff82f2da12cc7c2476600c,0.05,32,13,0.40625,0.47112685441970825,0.15384615384615385,0.6153846383094788,0.38461539149284363
pcb3,b0ff82f2da12cc7c2476600c,0.1,32,13,0.40625,0.47112685441970825,0.15384615384615385,0.6153846383094788,0.38461539149284363
pcb3,b1e4cce03596b43b79ea9b56,0.01,32,8,0.25,0.5290403366088867,0.125,0.5,0.625
pcb3,b1e4cce03596b43b79ea9b56,0.05,32,11,0.34375,0.5290403366088867,0.18181818181818177,0.4545454680919647,0.4545454680919647
pcb3,b1e4cce03596b43b79ea9b56,0.1,32,14,0.4375,0.5290403366088867,0.2142857142857143,0.5,0.3571428656578064
pcb3,b284edc37259b804e1588c05,0.01,32,14,0.4375,0.20493614673614502,0.0,0.75,0.9285714030265808
pcb3,b284edc37259b804e1588c05,0.05,32,16,0.5,0.20493614673614502,0.0,0.71875,0.9375
pcb3,b284edc37259b804e1588c05,0.1,32,16,0.5,0.20493614673614502,0.0,0.71875,0.9375
pcb3,b831d785f037d22df96d4bba,0.01,32,24,0.75,0.0007071495056152344,0.04166666666666663,0.3541666567325592,1.0
pcb3,b831d785f037d22df96d4bba,0.05,32,24,0.75,0.0007071495056152344,0.04166666666666663,0.3541666567325592,1.0
pcb3,b831d785f037d22df96d4bba,0.1,32,25,0.78125,0.0007071495056152344,0.040000000000000036,0.3799999952316284,1.0
pcb3,b838036dacda8010bf828f1f,0.01,32,26,0.8125,0.00019575655460357666,0.0,0.6153846383094788,0.7307692170143127
pcb3,b838036dacda8010bf828f1f,0.05,32,27,0.84375,0.00019575655460357666,0.0,0.5925925970077515,0.7037037014961243
pcb3,b838036dacda8010bf828f1f,0.1,32,28,0.875,0.00019575655460357666,0.0,0.6071428656578064,0.6785714030265808
pcb3,bc0a151a73830b91cf629ae6,0.01,32,23,0.71875,0.0018401145935058594,0.0,0.3913043439388275,0.47826087474823
pcb3,bc0a151a73830b91cf629ae6,0.05,32,24,0.75,0.0018401145935058594,0.0,0.4166666567325592,0.5
pcb3,bc0a151a73830b91cf629ae6,0.1,32,24,0.75,0.0018401145935058594,0.0,0.4166666567325592,0.5
pcb3,bcc4280fb7ff5c2da59097f0,0.01,32,32,1.0,0.0003662705421447754,0.03125,0.5,1.0
pcb3,bcc4280fb7ff5c2da59097f0,0.05,32,32,1.0,0.0003662705421447754,0.03125,0.5,1.0
pcb3,bcc4280fb7ff5c2da59097f0,0.1,32,32,1.0,0.0003662705421447754,0.03125,0.5,1.0
pcb3,be68c91ba135f7233398ea1c,0.01,32,19,0.59375,0.0017659664154052734,0.0,0.6315789222717285,0.2631579041481018
pcb3,be68c91ba135f7233398ea1c,0.05,32,21,0.65625,0.0017659664154052734,0.0,0.5714285969734192,0.2380952388048172
pcb3,be68c91ba135f7233398ea1c,0.1,32,21,0.65625,0.0017659664154052734,0.0,0.5714285969734192,0.2380952388048172
pcb3,c416948642d628c37cf0631c,0.01,32,0,0.0,2.279709815979004,,,
pcb3,c416948642d628c37cf0631c,0.05,32,0,0.0,2.279709815979004,,,
pcb3,c416948642d628c37cf0631c,0.1,32,0,0.0,2.279709815979004,,,
pcb3,c850ed3e3fdd330aeb92bb23,0.01,32,2,0.0625,1.551255464553833,0.0,0.0,0.0
pcb3,c850ed3e3fdd330aeb92bb23,0.05,32,4,0.125,1.551255464553833,0.0,0.0,0.25
pcb3,c850ed3e3fdd330aeb92bb23,0.1,32,4,0.125,1.551255464553833,0.0,0.0,0.25
pcb3,c8d0e8e6a1f461b3389d1110,0.01,32,2,0.0625,1.83308744430542,0.0,0.5,0.5
pcb3,c8d0e8e6a1f461b3389d1110,0.05,32,3,0.09375,1.83308744430542,0.0,0.3333333432674408,0.6666666865348816
pcb3,c8d0e8e6a1f461b3389d1110,0.1,32,3,0.09375,1.83308744430542,0.0,0.3333333432674408,0.6666666865348816
pcb3,ca4bbb42038836cd916fea40,0.01,32,23,0.71875,0.004343390464782715,0.0,0.43478259444236755,0.8695651888847351
pcb3,ca4bbb42038836cd916fea40,0.05,32,27,0.84375,0.004343390464782715,0.07407407407407407,0.5185185074806213,0.8888888955116272
pcb3,ca4bbb42038836cd916fea40,0.1,32,27,0.84375,0.004343390464782715,0.07407407407407407,0.5185185074806213,0.8888888955116272
pcb3,cb0e24bf3e640c774f49f0d4,0.01,32,26,0.8125,0.0016052722930908203,0.0,0.38461539149284363,1.0
pcb3,cb0e24bf3e640c774f49f0d4,0.05,32,27,0.84375,0.0016052722930908203,0.0,0.37037035822868347,1.0
pcb3,cb0e24bf3e640c774f49f0d4,0.1,32,28,0.875,0.0016052722930908203,0.0,0.3928571343421936,1.0
pcb3,ccd22533cc8468c15cea8173,0.01,32,10,0.3125,0.9035258293151855,0.0,0.5,0.5
pcb3,ccd22533cc8468c15cea8173,0.05,32,10,0.3125,0.9035258293151855,0.0,0.5,0.5
pcb3,ccd22533cc8468c15cea8173,0.1,32,10,0.3125,0.9035258293151855,0.0,0.5,0.5
pcb3,ce08ed8426b8499dce325f94,0.01,32,24,0.75,0.0014962255954742432,0.0,0.3333333432674408,0.1666666716337204
pcb3,ce08ed8426b8499dce325f94,0.05,32,25,0.78125,0.0014962255954742432,0.0,0.3199999928474426,0.1599999964237213
pcb3,ce08ed8426b8499dce325f94,0.1,32,27,0.84375,0.0014962255954742432,0.0,0.3333333432674408,0.18518517911434174
pcb3,cf9a7dd1993f876a3309b56e,0.01,32,26,0.8125,0.00015923380851745605,0.0,0.4615384638309479,0.807692289352417
pcb3,cf9a7dd1993f876a3309b56e,0.05,32,26,0.8125,0.00015923380851745605,0.0,0.4615384638309479,0.807692289352417
pcb3,cf9a7dd1993f876a3309b56e,0.1,32,26,0.8125,0.00015923380851745605,0.0,0.4615384638309479,0.807692289352417
pcb3,d0ab37e5a4719ff16e84666d,0.01,32,8,0.25,0.28968197107315063,0.125,0.75,0.75
pcb3,d0ab37e5a4719ff16e84666d,0.05,32,12,0.375,0.28968197107315063,0.25,0.6666666865348816,0.8333333134651184
pcb3,d0ab37e5a4719ff16e84666d,0.1,32,15,0.46875,0.28968197107315063,0.2666666666666667,0.6666666865348816,0.8666666746139526
pcb3,d131209a7aa6c748e7ed53f3,0.01,32,26,0.8125,0.00013636797666549683,0.0,0.4615384638309479,1.0
pcb3,d131209a7aa6c748e7ed53f3,0.05,32,26,0.8125,0.00013636797666549683,0.0,0.4615384638309479,1.0
pcb3,d131209a7aa6c748e7ed53f3,0.1,32,27,0.84375,0.00013636797666549683,0.0,0.48148149251937866,1.0
pcb3,d3f9ce53374c295ee2be4662,0.01,32,26,0.8125,0.0008825212717056274,0.0,0.5769230723381042,0.38461539149284363
pcb3,d3f9ce53374c295ee2be4662,0.05,32,26,0.8125,0.0008825212717056274,0.0,0.5769230723381042,0.38461539149284363
pcb3,d3f9ce53374c295ee2be4662,0.1,32,27,0.84375,0.0008825212717056274,0.0,0.5925925970077515,0.40740740299224854
pcb3,d4b0eec4535fdfd674e4c71e,0.01,32,26,0.8125,0.0008533000946044922,0.0,0.6153846383094788,0.6153846383094788
pcb3,d4b0eec4535fdfd674e4c71e,0.05,32,27,0.84375,0.0008533000946044922,0.0,0.5925925970077515,0.5925925970077515
pcb3,d4b0eec4535fdfd674e4c71e,0.1,32,27,0.84375,0.0008533000946044922,0.0,0.5925925970077515,0.5925925970077515
pcb3,dbb4aa21ac55939e97e7877a,0.01,32,9,0.28125,0.916863203048706,0.11111111111111116,0.4444444477558136,1.0
pcb3,dbb4aa21ac55939e97e7877a,0.05,32,13,0.40625,0.916863203048706,0.15384615384615385,0.6153846383094788,1.0
pcb3,dbb4aa21ac55939e97e7877a,0.1,32,13,0.40625,0.916863203048706,0.15384615384615385,0.6153846383094788,1.0
pcb3,dc1e7b75565f5b8171c95bf5,0.01,32,32,1.0,5.3048133850097656e-05,0.0,0.5625,1.0
pcb3,dc1e7b75565f5b8171c95bf5,0.05,32,32,1.0,5.3048133850097656e-05,0.0,0.5625,1.0
pcb3,dc1e7b75565f5b8171c95bf5,0.1,32,32,1.0,5.3048133850097656e-05,0.0,0.5625,1.0
pcb3,dc5fe9467ee732c258956139,0.01,32,3,0.09375,1.4606921672821045,0.0,1.0,1.0
pcb3,dc5fe9467ee732c258956139,0.05,32,3,0.09375,1.4606921672821045,0.0,1.0,1.0
pcb3,dc5fe9467ee732c258956139,0.1,32,3,0.09375,1.4606921672821045,0.0,1.0,1.0
pcb3,e219ccecbb0fa925b4ee168c,0.01,32,15,0.46875,0.01897144317626953,0.0,0.5333333611488342,0.800000011920929
pcb3,e219ccecbb0fa925b4ee168c,0.05,32,21,0.65625,0.01897144317626953,0.04761904761904767,0.523809552192688,0.8095238208770752
pcb3,e219ccecbb0fa925b4ee168c,0.1,32,21,0.65625,0.01897144317626953,0.04761904761904767,0.523809552192688,0.8095238208770752
pcb3,e29a040a67f4cafdefa3910c,0.01,32,8,0.25,0.0448918342590332,0.0,0.5,0.875
pcb3,e29a040a67f4cafdefa3910c,0.05,32,17,0.53125,0.0448918342590332,0.05882352941176472,0.529411792755127,0.9411764740943909
pcb3,e29a040a67f4cafdefa3910c,0.1,32,19,0.59375,0.0448918342590332,0.1578947368421053,0.5263158082962036,0.9473684430122375
pcb3,e8c4f14bf1512ee978e3215c,0.01,32,7,0.21875,0.8024697303771973,0.0,0.4285714328289032,1.0
pcb3,e8c4f14bf1512ee978e3215c,0.05,32,7,0.21875,0.8024697303771973,0.0,0.4285714328289032,1.0
pcb3,e8c4f14bf1512ee978e3215c,0.1,32,7,0.21875,0.8024697303771973,0.0,0.4285714328289032,1.0
pcb3,ed0b427ea2af383e2c74329d,0.01,32,4,0.125,1.8588635921478271,0.0,0.75,1.0
pcb3,ed0b427ea2af383e2c74329d,0.05,32,6,0.1875,1.8588635921478271,0.0,0.8333333134651184,1.0
pcb3,ed0b427ea2af383e2c74329d,0.1,32,6,0.1875,1.8588635921478271,0.0,0.8333333134651184,1.0
pcb3,ed49ac7324a7e91df5ff4eec,0.01,32,26,0.8125,2.0503997802734375e-05,0.0,0.4615384638309479,0.7307692170143127
pcb3,ed49ac7324a7e91df5ff4eec,0.05,32,28,0.875,2.0503997802734375e-05,0.0,0.4642857015132904,0.7142857313156128
pcb3,ed49ac7324a7e91df5ff4eec,0.1,32,28,0.875,2.0503997802734375e-05,0.0,0.4642857015132904,0.7142857313156128
pcb3,edec0f96045bd10e9803db12,0.01,32,30,0.9375,0.00023669004440307617,0.0,0.46666666865348816,1.0
pcb3,edec0f96045bd10e9803db12,0.05,32,30,0.9375,0.00023669004440307617,0.0,0.46666666865348816,1.0
pcb3,edec0f96045bd10e9803db12,0.1,32,30,0.9375,0.00023669004440307617,0.0,0.46666666865348816,1.0
pcb3,ef98ce7f2a4f4ab08e617a63,0.01,32,32,1.0,8.569657802581787e-05,0.0,0.5,1.0
pcb3,ef98ce7f2a4f4ab08e617a63,0.05,32,32,1.0,8.569657802581787e-05,0.0,0.5,1.0
pcb3,ef98ce7f2a4f4ab08e617a63,0.1,32,32,1.0,8.569657802581787e-05,0.0,0.5,1.0
pcb3,f51a7ad211ef88f4b46e93ce,0.01,32,1,0.03125,4.154916763305664,0.0,1.0,1.0
pcb3,f51a7ad211ef88f4b46e93ce,0.05,32,2,0.0625,4.154916763305664,0.0,1.0,1.0
pcb3,f51a7ad211ef88f4b46e93ce,0.1,32,2,0.0625,4.154916763305664,0.0,1.0,1.0
pcb3,f7277cd24c31a03f79526d0e,0.01,32,22,0.6875,0.0005854368209838867,0.0,0.5681818127632141,0.04545454680919647
pcb3,f7277cd24c31a03f79526d0e,0.05,32,26,0.8125,0.0005854368209838867,0.0,0.557692289352417,0.03846153989434242
pcb3,f7277cd24c31a03f79526d0e,0.1,32,27,0.84375,0.0005854368209838867,0.03703703703703709,0.5370370149612427,0.03703703731298447
pcb3,f73d56126da134c469e66dd7,0.01,32,32,1.0,3.123283386230469e-05,0.0,0.421875,1.0
pcb3,f73d56126da134c469e66dd7,0.05,32,32,1.0,3.123283386230469e-05,0.0,0.421875,1.0
pcb3,f73d56126da134c469e66dd7,0.1,32,32,1.0,3.123283386230469e-05,0.0,0.421875,1.0
pcb3,faa43040d0a6fc9e74142c2f,0.01,32,32,1.0,0.00031757354736328125,0.03125,0.65625,1.0
pcb3,faa43040d0a6fc9e74142c2f,0.05,32,32,1.0,0.00031757354736328125,0.03125,0.65625,1.0
pcb3,faa43040d0a6fc9e74142c2f,0.1,32,32,1.0,0.00031757354736328125,0.03125,0.65625,1.0
pcb3,faa514ab45e01a4b854740cf,0.01,32,32,1.0,0.00018897652626037598,0.0,0.4375,1.0
pcb3,faa514ab45e01a4b854740cf,0.05,32,32,1.0,0.00018897652626037598,0.0,0.4375,1.0
pcb3,faa514ab45e01a4b854740cf,0.1,32,32,1.0,0.00018897652626037598,0.0,0.4375,1.0
pcb3,fcb791ab3ea3fb7a609f757e,0.01,32,21,0.65625,0.0031175613403320312,0.09523809523809523,0.6666666865348816,0.4761904776096344
pcb3,fcb791ab3ea3fb7a609f757e,0.05,32,22,0.6875,0.0031175613403320312,0.09090909090909094,0.6818181872367859,0.4545454680919647
pcb3,fcb791ab3ea3fb7a609f757e,0.1,32,22,0.6875,0.0031175613403320312,0.09090909090909094,0.6818181872367859,0.4545454680919647
pcb3,fcee1f61a8facc5ae071042d,0.01,32,19,0.59375,0.002498626708984375,0.0,0.5789473652839661,0.5789473652839661
pcb3,fcee1f61a8facc5ae071042d,0.05,32,19,0.59375,0.002498626708984375,0.0,0.5789473652839661,0.5789473652839661
pcb3,fcee1f61a8facc5ae071042d,0.1,32,19,0.59375,0.002498626708984375,0.0,0.5789473652839661,0.5789473652839661
pcb3,fd1ba76f2cac314fa9e195a7,0.01,32,13,0.40625,0.5832847356796265,0.0,0.4615384638309479,0.692307710647583
pcb3,fd1ba76f2cac314fa9e195a7,0.05,32,13,0.40625,0.5832847356796265,0.0,0.4615384638309479,0.692307710647583
pcb3,fd1ba76f2cac314fa9e195a7,0.1,32,13,0.40625,0.5832847356796265,0.0,0.4615384638309479,0.692307710647583
pcb3,fed78b28902ec90460c78fc3,0.01,32,1,0.03125,2.793241024017334,0.0,0.0,0.0
pcb3,fed78b28902ec90460c78fc3,0.05,32,1,0.03125,2.793241024017334,0.0,0.0,0.0
pcb3,fed78b28902ec90460c78fc3,0.1,32,1,0.03125,2.793241024017334,0.0,0.0,0.0
pcb4,005e070227309d82c55c4275,0.01,32,0,0.0,4.263003826141357,,,
pcb4,005e070227309d82c55c4275,0.05,32,0,0.0,4.263003826141357,,,
pcb4,005e070227309d82c55c4275,0.1,32,0,0.0,4.263003826141357,,,
pcb4,00fa6be94b9f1137a440b277,0.01,32,29,0.90625,0.00025767087936401367,0.03448275862068961,0.4655172526836395,0.8965517282485962
pcb4,00fa6be94b9f1137a440b277,0.05,32,29,0.90625,0.00025767087936401367,0.03448275862068961,0.4655172526836395,0.8965517282485962
pcb4,00fa6be94b9f1137a440b277,0.1,32,29,0.90625,0.00025767087936401367,0.03448275862068961,0.4655172526836395,0.8965517282485962
pcb4,027038eb34c752939a1e0aa2,0.01,32,13,0.40625,1.1696441173553467,0.0,0.3076923191547394,0.4615384638309479
pcb4,027038eb34c752939a1e0aa2,0.05,32,13,0.40625,1.1696441173553467,0.0,0.3076923191547394,0.4615384638309479
pcb4,027038eb34c752939a1e0aa2,0.1,32,13,0.40625,1.1696441173553467,0.0,0.3076923191547394,0.4615384638309479
pcb4,047764c95331feae308c90e2,0.01,32,25,0.78125,0.0007003545761108398,0.0,0.36000001430511475,1.0
pcb4,047764c95331feae308c90e2,0.05,32,28,0.875,0.0007003545761108398,0.0,0.4285714328289032,0.8928571343421936
pcb4,047764c95331feae308c90e2,0.1,32,29,0.90625,0.0007003545761108398,0.03448275862068961,0.4482758641242981,0.8620689511299133
pcb4,0526d987ae6faeb2ac46b9cc,0.01,32,4,0.125,2.1907835006713867,0.0,0.25,1.0
pcb4,0526d987ae6faeb2ac46b9cc,0.05,32,6,0.1875,2.1907835006713867,0.0,0.5,1.0
pcb4,0526d987ae6faeb2ac46b9cc,0.1,32,6,0.1875,2.1907835006713867,0.0,0.5,1.0
pcb4,056f325717dc75cdf75734d6,0.01,32,0,0.0,4.532772064208984,,,
pcb4,056f325717dc75cdf75734d6,0.05,32,0,0.0,4.532772064208984,,,
pcb4,056f325717dc75cdf75734d6,0.1,32,0,0.0,4.532772064208984,,,
pcb4,068868c67451fd61d22440f1,0.01,32,1,0.03125,3.1576483249664307,0.0,0.0,0.0
pcb4,068868c67451fd61d22440f1,0.05,32,1,0.03125,3.1576483249664307,0.0,0.0,0.0
pcb4,068868c67451fd61d22440f1,0.1,32,1,0.03125,3.1576483249664307,0.0,0.0,0.0
pcb4,072d4a79bd05c7d78e259898,0.01,32,32,1.0,0.0009388923645019531,0.03125,0.5,0.96875
pcb4,072d4a79bd05c7d78e259898,0.05,32,32,1.0,0.0009388923645019531,0.03125,0.5,0.96875
pcb4,072d4a79bd05c7d78e259898,0.1,32,32,1.0,0.0009388923645019531,0.03125,0.5,0.96875
pcb4,0faf418cf81ced5dd69c34c7,0.01,32,7,0.21875,0.6016952991485596,0.0,0.7142857313156128,0.4285714328289032
pcb4,0faf418cf81ced5dd69c34c7,0.05,32,11,0.34375,0.6016952991485596,0.18181818181818177,0.7272727489471436,0.5454545617103577
pcb4,0faf418cf81ced5dd69c34c7,0.1,32,11,0.34375,0.6016952991485596,0.18181818181818177,0.7272727489471436,0.5454545617103577
pcb4,16f97c0d505f09955e660ae5,0.01,32,26,0.8125,0.0007933378219604492,0.0,0.4615384638309479,0.807692289352417
pcb4,16f97c0d505f09955e660ae5,0.05,32,27,0.84375,0.0007933378219604492,0.0,0.4444444477558136,0.7777777910232544
pcb4,16f97c0d505f09955e660ae5,0.1,32,27,0.84375,0.0007933378219604492,0.0,0.4444444477558136,0.7777777910232544
pcb4,17e584cd0c3324b6eb08e5bf,0.01,32,6,0.1875,0.9237186908721924,0.0,0.5,0.1666666716337204
pcb4,17e584cd0c3324b6eb08e5bf,0.05,32,6,0.1875,0.9237186908721924,0.0,0.5,0.1666666716337204
pcb4,17e584cd0c3324b6eb08e5bf,0.1,32,7,0.21875,0.9237186908721924,0.0,0.5714285969734192,0.2857142984867096
pcb4,18b56ae51ab1f4c17be2c55f,0.01,32,7,0.21875,0.8743546009063721,0.0,0.4285714328289032,0.4285714328289032
pcb4,18b56ae51ab1f4c17be2c55f,0.05,32,8,0.25,0.8743546009063721,0.0,0.375,0.375
pcb4,18b56ae51ab1f4c17be2c55f,0.1,32,8,0.25,0.8743546009063721,0.0,0.375,0.375
pcb4,18bb01bf7702c211e846338c,0.01,32,32,1.0,0.00027073919773101807,0.0,0.5,0.875
pcb4,18bb01bf7702c211e846338c,0.05,32,32,1.0,0.00027073919773101807,0.0,0.5,0.875
pcb4,18bb01bf7702c211e846338c,0.1,32,32,1.0,0.00027073919773101807,0.0,0.5,0.875
pcb4,18f0fd2d3dbdc60d5f3513d9,0.01,32,1,0.03125,5.919094562530518,0.0,0.0,1.0
pcb4,18f0fd2d3dbdc60d5f3513d9,0.05,32,1,0.03125,5.919094562530518,0.0,0.0,1.0
pcb4,18f0fd2d3dbdc60d5f3513d9,0.1,32,1,0.03125,5.919094562530518,0.0,0.0,1.0
pcb4,190a2a3d2a2b8ee2288dcdb1,0.01,32,26,0.8125,8.144229650497437e-05,0.0,0.3461538553237915,0.7692307829856873
pcb4,190a2a3d2a2b8ee2288dcdb1,0.05,32,26,0.8125,8.144229650497437e-05,0.0,0.3461538553237915,0.7692307829856873
pcb4,190a2a3d2a2b8ee2288dcdb1,0.1,32,26,0.8125,8.144229650497437e-05,0.0,0.3461538553237915,0.7692307829856873
pcb4,19beac86001ba6a35484fd4e,0.01,32,26,0.8125,0.000827789306640625,0.038461538461538436,0.5,0.4615384638309479
pcb4,19beac86001ba6a35484fd4e,0.05,32,26,0.8125,0.000827789306640625,0.038461538461538436,0.5,0.4615384638309479
pcb4,19beac86001ba6a35484fd4e,0.1,32,26,0.8125,0.000827789306640625,0.038461538461538436,0.5,0.4615384638309479
pcb4,1e7940bd5a34afe21e45549f,0.01,32,27,0.84375,0.00010251998901367188,0.0,0.5,0.9629629850387573
pcb4,1e7940bd5a34afe21e45549f,0.05,32,27,0.84375,0.00010251998901367188,0.0,0.5,0.9629629850387573
pcb4,1e7940bd5a34afe21e45549f,0.1,32,27,0.84375,0.00010251998901367188,0.0,0.5,0.9629629850387573
pcb4,22cdb4294c4c5b5f755fc763,0.01,32,14,0.4375,0.1483449935913086,0.0,0.3571428656578064,0.8571428656578064
pcb4,22cdb4294c4c5b5f755fc763,0.05,32,14,0.4375,0.1483449935913086,0.0,0.3571428656578064,0.8571428656578064
pcb4,22cdb4294c4c5b5f755fc763,0.1,32,16,0.5,0.1483449935913086,0.0625,0.4375,0.875
pcb4,238d45a7dd220fd6070bce30,0.01,32,4,0.125,0.3152637481689453,0.0,0.75,0.0
pcb4,238d45a7dd220fd6070bce30,0.05,32,7,0.21875,0.3152637481689453,0.0,0.8571428656578064,0.1428571492433548
pcb4,238d45a7dd220fd6070bce30,0.1,32,7,0.21875,0.3152637481689453,0.0,0.8571428656578064,0.1428571492433548
pcb4,2a3381ab00f3a412b4144b3b,0.01,32,12,0.375,1.3964440822601318,0.0,0.5,0.8333333134651184
pcb4,2a3381ab00f3a412b4144b3b,0.05,32,12,0.375,1.3964440822601318,0.0,0.5,0.8333333134651184
pcb4,2a3381ab00f3a412b4144b3b,0.1,32,12,0.375,1.3964440822601318,0.0,0.5,0.8333333134651184
pcb4,2de9d5cdfc61fe53c1d226f1,0.01,32,27,0.84375,4.935264587402344e-05,0.0,0.6666666865348816,0.7407407164573669
pcb4,2de9d5cdfc61fe53c1d226f1,0.05,32,28,0.875,4.935264587402344e-05,0.0,0.6428571343421936,0.75
pcb4,2de9d5cdfc61fe53c1d226f1,0.1,32,29,0.90625,4.935264587402344e-05,0.0,0.6551724076271057,0.7586206793785095
pcb4,32ccad4fbea9506978472013,0.01,32,26,0.8125,0.0009875297546386719,0.0,0.26923078298568726,0.3461538553237915
pcb4,32ccad4fbea9506978472013,0.05,32,31,0.96875,0.0009875297546386719,0.0,0.29032257199287415,0.32258063554763794
pcb4,32ccad4fbea9506978472013,0.1,32,31,0.96875,0.0009875297546386719,0.0,0.29032257199287415,0.32258063554763794
pcb4,373efaec363f842465bd3acb,0.01,32,2,0.0625,4.146076679229736,0.0,0.5,1.0
pcb4,373efaec363f842465bd3acb,0.05,32,3,0.09375,4.146076679229736,0.0,0.6666666865348816,1.0
pcb4,373efaec363f842465bd3acb,0.1,32,3,0.09375,4.146076679229736,0.0,0.6666666865348816,1.0
pcb4,37b09625a0bfb14b576704b7,0.01,32,0,0.0,3.0173275470733643,,,
pcb4,37b09625a0bfb14b576704b7,0.05,32,1,0.03125,3.0173275470733643,0.0,0.0,0.0
pcb4,37b09625a0bfb14b576704b7,0.1,32,2,0.0625,3.0173275470733643,0.0,0.5,0.0
pcb4,37f5bc28dd23597ed6ab1e0b,0.01,32,24,0.75,0.00015994906425476074,0.0,0.6666666865348816,1.0
pcb4,37f5bc28dd23597ed6ab1e0b,0.05,32,24,0.75,0.00015994906425476074,0.0,0.6666666865348816,1.0
pcb4,37f5bc28dd23597ed6ab1e0b,0.1,32,24,0.75,0.00015994906425476074,0.0,0.6666666865348816,1.0
pcb4,388e45cb72ef6d36729020ea,0.01,32,22,0.6875,0.00020837131887674332,0.0,0.5681818127632141,0.7727272510528564
pcb4,388e45cb72ef6d36729020ea,0.05,32,22,0.6875,0.00020837131887674332,0.0,0.5681818127632141,0.7727272510528564
pcb4,388e45cb72ef6d36729020ea,0.1,32,22,0.6875,0.00020837131887674332,0.0,0.5681818127632141,0.7727272510528564
pcb4,3c2fbca5ce7276e377337e6c,0.01,32,21,0.65625,0.0011870861053466797,0.0,0.6190476417541504,0.9047619104385376
pcb4,3c2fbca5ce7276e377337e6c,0.05,32,25,0.78125,0.0011870861053466797,0.0,0.5600000023841858,0.8399999737739563
pcb4,3c2fbca5ce7276e377337e6c,0.1,32,25,0.78125,0.0011870861053466797,0.0,0.5600000023841858,0.8399999737739563
pcb4,44452abcc72d422a96de6497,0.01,32,16,0.5,0.011507749557495117,0.0,0.375,1.0
pcb4,44452abcc72d422a96de6497,0.05,32,17,0.53125,0.011507749557495117,0.0,0.3529411852359772,1.0
pcb4,44452abcc72d422a96de6497,0.1,32,17,0.53125,0.011507749557495117,0.0,0.3529411852359772,1.0
pcb4,47f8c3c8d23ea75f9eaed475,0.01,32,26,0.8125,4.601478576660156e-05,0.0,0.32692307233810425,1.0
pcb4,47f8c3c8d23ea75f9eaed475,0.05,32,26,0.8125,4.601478576660156e-05,0.0,0.32692307233810425,1.0
pcb4,47f8c3c8d23ea75f9eaed475,0.1,32,26,0.8125,4.601478576660156e-05,0.0,0.32692307233810425,1.0
pcb4,48659a6236cca2b8a9785293,0.01,32,12,0.375,1.2100434303283691,0.08333333333333337,0.5,1.0
pcb4,48659a6236cca2b8a9785293,0.05,32,14,0.4375,1.2100434303283691,0.1428571428571429,0.5,1.0
pcb4,48659a6236cca2b8a9785293,0.1,32,14,0.4375,1.2100434303283691,0.1428571428571429,0.5,1.0
pcb4,49092abc7738fc32ba92fb08,0.01,32,0,0.0,2.051054000854492,,,
pcb4,49092abc7738fc32ba92fb08,0.05,32,0,0.0,2.051054000854492,,,
pcb4,49092abc7738fc32ba92fb08,0.1,32,0,0.0,2.051054000854492,,,
pcb4,4b8d2b38330fa5942f9509a6,0.01,32,12,0.375,0.23379778861999512,0.0,0.5833333134651184,0.5833333134651184
pcb4,4b8d2b38330fa5942f9509a6,0.05,32,13,0.40625,0.23379778861999512,0.07692307692307687,0.5384615659713745,0.6153846383094788
pcb4,4b8d2b38330fa5942f9509a6,0.1,32,13,0.40625,0.23379778861999512,0.07692307692307687,0.5384615659713745,0.6153846383094788
pcb4,4c816b72ee515729decd9575,0.01,32,7,0.21875,3.4072108268737793,0.0,0.4285714328289032,0.5714285969734192
pcb4,4c816b72ee515729decd9575,0.05,32,8,0.25,3.4072108268737793,0.0,0.5,0.5
pcb4,4c816b72ee515729decd9575,0.1,32,8,0.25,3.4072108268737793,0.0,0.5,0.5
pcb4,4e0d26e1684570372c9ff29d,0.01,32,28,0.875,0.001730203628540039,0.0,0.3928571343421936,0.1428571492433548
pcb4,4e0d26e1684570372c9ff29d,0.05,32,28,0.875,0.001730203628540039,0.0,0.3928571343421936,0.1428571492433548
pcb4,4e0d26e1684570372c9ff29d,0.1,32,28,0.875,0.001730203628540039,0.0,0.3928571343421936,0.1428571492433548
pcb4,5000d4717291375122bf2493,0.01,32,3,0.09375,1.239616870880127,0.0,0.6666666865348816,1.0
pcb4,5000d4717291375122bf2493,0.05,32,4,0.125,1.239616870880127,0.0,0.75,1.0
pcb4,5000d4717291375122bf2493,0.1,32,5,0.15625,1.239616870880127,0.19999999999999996,0.800000011920929,1.0
pcb4,50c468e621f244dde7ab1428,0.01,32,29,0.90625,0.00016240030527114868,0.0,0.5517241358757019,0.7931034564971924
pcb4,50c468e621f244dde7ab1428,0.05,32,29,0.90625,0.00016240030527114868,0.0,0.5517241358757019,0.7931034564971924
pcb4,50c468e621f244dde7ab1428,0.1,32,29,0.90625,0.00016240030527114868,0.0,0.5517241358757019,0.7931034564971924
pcb4,5212af2e2f675e11ac441f21,0.01,32,28,0.875,0.00046468526124954224,0.0,0.625,0.6785714030265808
pcb4,5212af2e2f675e11ac441f21,0.05,32,28,0.875,0.00046468526124954224,0.0,0.625,0.6785714030265808
pcb4,5212af2e2f675e11ac441f21,0.1,32,28,0.875,0.00046468526124954224,0.0,0.625,0.6785714030265808
pcb4,52e4b266e84dec5255c98f5d,0.01,32,21,0.65625,0.005692005157470703,0.04761904761904767,0.4285714328289032,0.4285714328289032
pcb4,52e4b266e84dec5255c98f5d,0.05,32,24,0.75,0.005692005157470703,0.04166666666666663,0.4166666567325592,0.4583333432674408
pcb4,52e4b266e84dec5255c98f5d,0.1,32,25,0.78125,0.005692005157470703,0.040000000000000036,0.4399999976158142,0.47999998927116394
pcb4,53cc9622e70431b774da2d9c,0.01,32,2,0.0625,2.215045928955078,0.0,0.5,1.0
pcb4,53cc9622e70431b774da2d9c,0.05,32,3,0.09375,2.215045928955078,0.0,0.6666666865348816,1.0
pcb4,53cc9622e70431b774da2d9c,0.1,32,3,0.09375,2.215045928955078,0.0,0.6666666865348816,1.0
pcb4,55376591cd13917e8f433996,0.01,32,20,0.625,0.0025016069412231445,0.0,0.550000011920929,0.10000000149011612
pcb4,55376591cd13917e8f433996,0.05,32,20,0.625,0.0025016069412231445,0.0,0.550000011920929,0.10000000149011612
pcb4,55376591cd13917e8f433996,0.1,32,20,0.625,0.0025016069412231445,0.0,0.550000011920929,0.10000000149011612
pcb4,563c172d1fd3f1a051c73278,0.01,32,27,0.84375,0.00014129281044006348,0.0,0.4444444477558136,1.0
pcb4,563c172d1fd3f1a051c73278,0.05,32,28,0.875,0.00014129281044006348,0.0,0.4285714328289032,1.0
pcb4,563c172d1fd3f1a051c73278,0.1,32,28,0.875,0.00014129281044006348,0.0,0.4285714328289032,1.0
pcb4,579cdbb9cbf43dc43c4648ba,0.01,32,32,1.0,0.00041961669921875,0.0,0.59375,0.875
pcb4,579cdbb9cbf43dc43c4648ba,0.05,32,32,1.0,0.00041961669921875,0.0,0.59375,0.875
pcb4,579cdbb9cbf43dc43c4648ba,0.1,32,32,1.0,0.00041961669921875,0.0,0.59375,0.875
pcb4,5a4ebea6d6c6dcc23d694629,0.01,32,27,0.84375,7.713586091995239e-05,0.0,0.40740740299224854,0.9629629850387573
pcb4,5a4ebea6d6c6dcc23d694629,0.05,32,27,0.84375,7.713586091995239e-05,0.0,0.40740740299224854,0.9629629850387573
pcb4,5a4ebea6d6c6dcc23d694629,0.1,32,27,0.84375,7.713586091995239e-05,0.0,0.40740740299224854,0.9629629850387573
pcb4,656d7b1bb516335c5b215df9,0.01,32,6,0.1875,1.4008269309997559,0.0,0.5,0.8333333134651184
pcb4,656d7b1bb516335c5b215df9,0.05,32,7,0.21875,1.4008269309997559,0.0,0.4285714328289032,0.8571428656578064
pcb4,656d7b1bb516335c5b215df9,0.1,32,7,0.21875,1.4008269309997559,0.0,0.4285714328289032,0.8571428656578064
pcb4,660565f9c151fe4823f9903e,0.01,32,2,0.0625,1.6670506000518799,0.0,0.0,1.0
pcb4,660565f9c151fe4823f9903e,0.05,32,2,0.0625,1.6670506000518799,0.0,0.0,1.0
pcb4,660565f9c151fe4823f9903e,0.1,32,4,0.125,1.6670506000518799,0.25,0.5,1.0
pcb4,6a2113d159a9b9248744b3c4,0.01,32,12,0.375,0.026677846908569336,0.0,0.4166666567325592,0.9166666865348816
pcb4,6a2113d159a9b9248744b3c4,0.05,32,17,0.53125,0.026677846908569336,0.05882352941176472,0.4117647111415863,0.9411764740943909
pcb4,6a2113d159a9b9248744b3c4,0.1,32,19,0.59375,0.026677846908569336,0.052631578947368474,0.42105263471603394,0.9473684430122375
pcb4,6ae93e59b3c647f7e16d08ed,0.01,32,29,0.90625,0.0016527175903320312,0.03448275862068961,0.7586206793785095,0.4482758641242981
pcb4,6ae93e59b3c647f7e16d08ed,0.05,32,29,0.90625,0.0016527175903320312,0.03448275862068961,0.7586206793785095,0.4482758641242981
pcb4,6ae93e59b3c647f7e16d08ed,0.1,32,29,0.90625,0.0016527175903320312,0.03448275862068961,0.7586206793785095,0.4482758641242981
pcb4,6e2de9d61f899d21b2cfc8e8,0.01,32,24,0.75,0.002863645553588867,0.08333333333333337,0.5416666865348816,0.4166666567325592
pcb4,6e2de9d61f899d21b2cfc8e8,0.05,32,26,0.8125,0.002863645553588867,0.07692307692307687,0.5769230723381042,0.42307692766189575
pcb4,6e2de9d61f899d21b2cfc8e8,0.1,32,26,0.8125,0.002863645553588867,0.07692307692307687,0.5769230723381042,0.42307692766189575
pcb4,7297bdf13d802055a3b2332e,0.01,32,29,0.90625,8.913874626159668e-05,0.0,0.5517241358757019,0.9655172228813171
pcb4,7297bdf13d802055a3b2332e,0.05,32,30,0.9375,8.913874626159668e-05,0.0,0.5666666626930237,0.9666666388511658
pcb4,7297bdf13d802055a3b2332e,0.1,32,30,0.9375,8.913874626159668e-05,0.0,0.5666666626930237,0.9666666388511658
pcb4,72e94075c44242bba2f16fd4,0.01,32,13,0.40625,0.1996462345123291,0.0,0.6153846383094788,0.8461538553237915
pcb4,72e94075c44242bba2f16fd4,0.05,32,16,0.5,0.1996462345123291,0.0,0.625,0.875
pcb4,72e94075c44242bba2f16fd4,0.1,32,16,0.5,0.1996462345123291,0.0,0.625,0.875
pcb4,73f7e96255ed2f2a4762cc32,0.01,32,32,1.0,0.0005853772163391113,0.09375,0.53125,0.3125
pcb4,73f7e96255ed2f2a4762cc32,0.05,32,32,1.0,0.0005853772163391113,0.09375,0.53125,0.3125
pcb4,73f7e96255ed2f2a4762cc32,0.1,32,32,1.0,0.0005853772163391113,0.09375,0.53125,0.3125
pcb4,755b7f59b1d26d1c46179b0f,0.01,32,2,0.0625,1.7359156608581543,0.0,0.5,1.0
pcb4,755b7f59b1d26d1c46179b0f,0.05,32,3,0.09375,1.7359156608581543,0.0,0.3333333432674408,1.0
pcb4,755b7f59b1d26d1c46179b0f,0.1,32,3,0.09375,1.7359156608581543,0.0,0.3333333432674408,1.0
pcb4,7702f6e31aa74020b48b62c4,0.01,32,31,0.96875,0.00026488304138183594,0.0,0.4516128897666931,0.32258063554763794
pcb4,7702f6e31aa74020b48b62c4,0.05,32,31,0.96875,0.00026488304138183594,0.0,0.4516128897666931,0.32258063554763794
pcb4,7702f6e31aa74020b48b62c4,0.1,32,31,0.96875,0.00026488304138183594,0.0,0.4516128897666931,0.32258063554763794
pcb4,7899993537b41d8220507079,0.01,32,24,0.75,0.00040815770626068115,0.0,0.4583333432674408,0.8333333134651184
pcb4,7899993537b41d8220507079,0.05,32,26,0.8125,0.00040815770626068115,0.0,0.42307692766189575,0.7692307829856873
pcb4,7899993537b41d8220507079,0.1,32,26,0.8125,0.00040815770626068115,0.0,0.42307692766189575,0.7692307829856873
pcb4,79f751ffd9ae6b5e35702cb8,0.01,32,23,0.71875,0.000570148229598999,0.0,0.47826087474823,0.8695651888847351
pcb4,79f751ffd9ae6b5e35702cb8,0.05,32,23,0.71875,0.000570148229598999,0.0,0.47826087474823,0.8695651888847351
pcb4,79f751ffd9ae6b5e35702cb8,0.1,32,23,0.71875,0.000570148229598999,0.0,0.47826087474823,0.8695651888847351
pcb4,7bae5855faac0d2cdea685c1,0.01,32,28,0.875,0.0003718137741088867,0.0,0.3571428656578064,0.6071428656578064
pcb4,7bae5855faac0d2cdea685c1,0.05,32,28,0.875,0.0003718137741088867,0.0,0.3571428656578064,0.6071428656578064
pcb4,7bae5855faac0d2cdea685c1,0.1,32,28,0.875,0.0003718137741088867,0.0,0.3571428656578064,0.6071428656578064
pcb4,7df7bce17e9dbffda7284557,0.01,32,25,0.78125,0.0007274150848388672,0.0,0.6000000238418579,0.23999999463558197
pcb4,7df7bce17e9dbffda7284557,0.05,32,25,0.78125,0.0007274150848388672,0.0,0.6000000238418579,0.23999999463558197
pcb4,7df7bce17e9dbffda7284557,0.1,32,25,0.78125,0.0007274150848388672,0.0,0.6000000238418579,0.23999999463558197
pcb4,83592b0bc775afea95d3c11d,0.01,32,28,0.875,0.0015223026275634766,0.0357142857142857,0.3928571343421936,0.25
pcb4,83592b0bc775afea95d3c11d,0.05,32,29,0.90625,0.0015223026275634766,0.03448275862068961,0.4137931168079376,0.24137930572032928
pcb4,83592b0bc775afea95d3c11d,0.1,32,29,0.90625,0.0015223026275634766,0.03448275862068961,0.4137931168079376,0.24137930572032928
pcb4,84c62456176a47f1aed1e84a,0.01,32,29,0.90625,0.0006120204925537109,0.0,0.48275861144065857,0.7241379022598267
pcb4,84c62456176a47f1aed1e84a,0.05,32,30,0.9375,0.0006120204925537109,0.0,0.5,0.7333333492279053
pcb4,84c62456176a47f1aed1e84a,0.1,32,30,0.9375,0.0006120204925537109,0.0,0.5,0.7333333492279053
pcb4,8ed7bbc72b2275a95c7a18f6,0.01,32,30,0.9375,1.868605613708496e-05,0.0,0.4166666567325592,0.699999988079071
pcb4,8ed7bbc72b2275a95c7a18f6,0.05,32,30,0.9375,1.868605613708496e-05,0.0,0.4166666567325592,0.699999988079071
pcb4,8ed7bbc72b2275a95c7a18f6,0.1,32,30,0.9375,1.868605613708496e-05,0.0,0.4166666567325592,0.699999988079071
pcb4,9407debbd13a3bb3cb165677,0.01,32,28,0.875,0.001690983772277832,0.0,0.4285714328289032,0.25
pcb4,9407debbd13a3bb3cb165677,0.05,32,29,0.90625,0.001690983772277832,0.0,0.4482758641242981,0.24137930572032928
pcb4,9407debbd13a3bb3cb165677,0.1,32,29,0.90625,0.001690983772277832,0.0,0.4482758641242981,0.24137930572032928
pcb4,9855a151dc87d8ed941a265d,0.01,32,32,1.0,8.046627044677734e-05,0.0,0.53125,0.5625
pcb4,9855a151dc87d8ed941a265d,0.05,32,32,1.0,8.046627044677734e-05,0.0,0.53125,0.5625
pcb4,9855a151dc87d8ed941a265d,0.1,32,32,1.0,8.046627044677734e-05,0.0,0.53125,0.5625
pcb4,9ad36bc24600f804a1e17b9f,0.01,32,20,0.625,0.0045757293701171875,0.050000000000000044,0.3499999940395355,0.8999999761581421
pcb4,9ad36bc24600f804a1e17b9f,0.05,32,27,0.84375,0.0045757293701171875,0.18518518518518523,0.37037035822868347,0.8518518805503845
pcb4,9ad36bc24600f804a1e17b9f,0.1,32,27,0.84375,0.0045757293701171875,0.18518518518518523,0.37037035822868347,0.8518518805503845
pcb4,9b02325c82f1ba6da823079c,0.01,32,23,0.71875,0.0016477108001708984,0.0,0.52173912525177,0.17391304671764374
pcb4,9b02325c82f1ba6da823079c,0.05,32,23,0.71875,0.0016477108001708984,0.0,0.52173912525177,0.17391304671764374
pcb4,9b02325c82f1ba6da823079c,0.1,32,23,0.71875,0.0016477108001708984,0.0,0.52173912525177,0.17391304671764374
pcb4,a31e27ed2e8db09c3e91c9ae,0.01,32,26,0.8125,3.399886190891266e-05,0.0,0.5,0.9230769276618958
pcb4,a31e27ed2e8db09c3e91c9ae,0.05,32,26,0.8125,3.399886190891266e-05,0.0,0.5,0.9230769276618958
pcb4,a31e27ed2e8db09c3e91c9ae,0.1,32,26,0.8125,3.399886190891266e-05,0.0,0.5,0.9230769276618958
pcb4,a594b3da8fff3917c805e6e2,0.01,32,2,0.0625,1.609349250793457,0.0,0.5,0.0
pcb4,a594b3da8fff3917c805e6e2,0.05,32,2,0.0625,1.609349250793457,0.0,0.5,0.0
pcb4,a594b3da8fff3917c805e6e2,0.1,32,2,0.0625,1.609349250793457,0.0,0.5,0.0
pcb4,a618c028ba8f003626d69f29,0.01,32,9,0.28125,0.5711343288421631,0.0,0.2222222238779068,0.0
pcb4,a618c028ba8f003626d69f29,0.05,32,9,0.28125,0.5711343288421631,0.0,0.2222222238779068,0.0
pcb4,a618c028ba8f003626d69f29,0.1,32,9,0.28125,0.5711343288421631,0.0,0.2222222238779068,0.0
pcb4,a8a94a64acd471f75b56c857,0.01,32,4,0.125,3.8999762535095215,0.0,0.25,1.0
pcb4,a8a94a64acd471f75b56c857,0.05,32,5,0.15625,3.8999762535095215,0.0,0.4000000059604645,1.0
pcb4,a8a94a64acd471f75b56c857,0.1,32,5,0.15625,3.8999762535095215,0.0,0.4000000059604645,1.0
pcb4,afcb52664763e120dc376f55,0.01,32,24,0.75,0.00026535987854003906,0.0,0.5208333134651184,0.6666666865348816
pcb4,afcb52664763e120dc376f55,0.05,32,24,0.75,0.00026535987854003906,0.0,0.5208333134651184,0.6666666865348816
pcb4,afcb52664763e120dc376f55,0.1,32,24,0.75,0.00026535987854003906,0.0,0.5208333134651184,0.6666666865348816
pcb4,b0703ab5fecbd9a2b2951bd2,0.01,32,11,0.34375,1.125810146331787,0.0,0.1818181872367859,1.0
pcb4,b0703ab5fecbd9a2b2951bd2,0.05,32,11,0.34375,1.125810146331787,0.0,0.1818181872367859,1.0
pcb4,b0703ab5fecbd9a2b2951bd2,0.1,32,11,0.34375,1.125810146331787,0.0,0.1818181872367859,1.0
pcb4,b18da311930bfdfeb131ac29,0.01,32,29,0.90625,0.00016624294221401215,0.0,0.4137931168079376,0.6206896305084229
pcb4,b18da311930bfdfeb131ac29,0.05,32,29,0.90625,0.00016624294221401215,0.0,0.4137931168079376,0.6206896305084229
pcb4,b18da311930bfdfeb131ac29,0.1,32,29,0.90625,0.00016624294221401215,0.0,0.4137931168079376,0.6206896305084229
pcb4,b253c99dac508bb4f47a228a,0.01,32,26,0.8125,0.0034232735633850098,0.038461538461538436,0.6153846383094788,0.9615384340286255
pcb4,b253c99dac508bb4f47a228a,0.05,32,27,0.84375,0.0034232735633850098,0.03703703703703709,0.5925925970077515,0.9629629850387573
pcb4,b253c99dac508bb4f47a228a,0.1,32,30,0.9375,0.0034232735633850098,0.09999999999999998,0.6333333253860474,0.9666666388511658
pcb4,b3a751786ba15b26ece1fc1d,0.01,32,13,0.40625,1.5032391548156738,0.0,0.4615384638309479,0.9230769276618958
pcb4,b3a751786ba15b26ece1fc1d,0.05,32,13,0.40625,1.5032391548156738,0.0,0.4615384638309479,0.9230769276618958
pcb4,b3a751786ba15b26ece1fc1d,0.1,32,13,0.40625,1.5032391548156738,0.0,0.4615384638309479,0.9230769276618958
pcb4,b47939562c67b3a5671dc4cc,0.01,32,30,0.9375,0.00018203258514404297,0.0,0.46666666865348816,0.6000000238418579
pcb4,b47939562c67b3a5671dc4cc,0.05,32,31,0.96875,0.00018203258514404297,0.0,0.4516128897666931,0.5806451439857483
pcb4,b47939562c67b3a5671dc4cc,0.1,32,31,0.96875,0.00018203258514404297,0.0,0.4516128897666931,0.5806451439857483
pcb4,b55a295f7c7ec1ad3fac8596,0.01,32,22,0.6875,0.003438711166381836,0.045454545454545414,0.4545454680919647,0.40909090638160706
pcb4,b55a295f7c7ec1ad3fac8596,0.05,32,22,0.6875,0.003438711166381836,0.045454545454545414,0.4545454680919647,0.40909090638160706
pcb4,b55a295f7c7ec1ad3fac8596,0.1,32,22,0.6875,0.003438711166381836,0.045454545454545414,0.4545454680919647,0.40909090638160706
pcb4,b80f07883522b9d821bd85bb,0.01,32,26,0.8125,0.0003678947687149048,0.0,0.38461539149284363,0.3461538553237915
pcb4,b80f07883522b9d821bd85bb,0.05,32,26,0.8125,0.0003678947687149048,0.0,0.38461539149284363,0.3461538553237915
pcb4,b80f07883522b9d821bd85bb,0.1,32,26,0.8125,0.0003678947687149048,0.0,0.38461539149284363,0.3461538553237915
pcb4,bd271671372ec7b546a25301,0.01,32,7,0.21875,0.4075016975402832,0.0,0.7142857313156128,1.0
pcb4,bd271671372ec7b546a25301,0.05,32,9,0.28125,0.4075016975402832,0.0,0.6666666865348816,1.0
pcb4,bd271671372ec7b546a25301,0.1,32,10,0.3125,0.4075016975402832,0.09999999999999998,0.699999988079071,1.0
pcb4,bdd0f82397445b34db5a60de,0.01,32,28,0.875,0.0013489723205566406,0.0,0.6071428656578064,0.8214285969734192
pcb4,bdd0f82397445b34db5a60de,0.05,32,28,0.875,0.0013489723205566406,0.0,0.6071428656578064,0.8214285969734192
pcb4,bdd0f82397445b34db5a60de,0.1,32,29,0.90625,0.0013489723205566406,0.0,0.6206896305084229,0.8275862336158752
pcb4,beb6670b85f21ac45fd6b48b,0.01,32,26,0.8125,0.00014710426330566406,0.0,0.6153846383094788,0.8846153616905212
pcb4,beb6670b85f21ac45fd6b48b,0.05,32,26,0.8125,0.00014710426330566406,0.0,0.6153846383094788,0.8846153616905212
pcb4,beb6670b85f21ac45fd6b48b,0.1,32,26,0.8125,0.00014710426330566406,0.0,0.6153846383094788,0.8846153616905212
pcb4,c01a47cbeebb24b5df8b09d9,0.01,32,17,0.53125,0.00591433048248291,0.0,0.4117647111415863,0.9411764740943909
pcb4,c01a47cbeebb24b5df8b09d9,0.05,32,17,0.53125,0.00591433048248291,0.0,0.4117647111415863,0.9411764740943909
pcb4,c01a47cbeebb24b5df8b09d9,0.1,32,17,0.53125,0.00591433048248291,0.0,0.4117647111415863,0.9411764740943909
pcb4,c599b05f2e1a8757cf156c2b,0.01,32,26,0.8125,0.0005269646644592285,0.038461538461538436,0.4615384638309479,0.692307710647583
pcb4,c599b05f2e1a8757cf156c2b,0.05,32,27,0.84375,0.0005269646644592285,0.03703703703703709,0.48148149251937866,0.7037037014961243
pcb4,c599b05f2e1a8757cf156c2b,0.1,32,27,0.84375,0.0005269646644592285,0.03703703703703709,0.48148149251937866,0.7037037014961243
pcb4,c5a5497d8136faa6b62d321c,0.01,32,16,0.5,0.01042318344116211,0.0625,0.5625,0.25
pcb4,c5a5497d8136faa6b62d321c,0.05,32,18,0.5625,0.01042318344116211,0.11111111111111116,0.5555555820465088,0.2777777910232544
pcb4,c5a5497d8136faa6b62d321c,0.1,32,19,0.59375,0.01042318344116211,0.10526315789473684,0.5789473652839661,0.2631579041481018
pcb4,c643255e8f0cfd6ae1af7537,0.01,32,25,0.78125,6.41942024230957e-05,0.0,0.47999998927116394,0.9599999785423279
pcb4,c643255e8f0cfd6ae1af7537,0.05,32,25,0.78125,6.41942024230957e-05,0.0,0.47999998927116394,0.9599999785423279
pcb4,c643255e8f0cfd6ae1af7537,0.1,32,25,0.78125,6.41942024230957e-05,0.0,0.47999998927116394,0.9599999785423279
pcb4,c894a684e68453e869a7b59d,0.01,32,1,0.03125,2.781121253967285,0.0,1.0,1.0
pcb4,c894a684e68453e869a7b59d,0.05,32,3,0.09375,2.781121253967285,0.0,0.6666666865348816,1.0
pcb4,c894a684e68453e869a7b59d,0.1,32,3,0.09375,2.781121253967285,0.0,0.6666666865348816,1.0
pcb4,cbf6c89149a15b1bc70a8375,0.01,32,12,0.375,0.11847424507141113,0.0,0.3333333432674408,0.3333333432674408
pcb4,cbf6c89149a15b1bc70a8375,0.05,32,16,0.5,0.11847424507141113,0.125,0.3125,0.25
pcb4,cbf6c89149a15b1bc70a8375,0.1,32,16,0.5,0.11847424507141113,0.125,0.3125,0.25
pcb4,d2c8cb6cdfcad1fe3b1f8dff,0.01,32,30,0.9375,0.0019872188568115234,0.06666666666666665,0.4333333373069763,0.7333333492279053
pcb4,d2c8cb6cdfcad1fe3b1f8dff,0.05,32,32,1.0,0.0019872188568115234,0.0625,0.4375,0.75
pcb4,d2c8cb6cdfcad1fe3b1f8dff,0.1,32,32,1.0,0.0019872188568115234,0.0625,0.4375,0.75
pcb4,d451674ba2957ea9a1018211,0.01,32,27,0.84375,0.0001796633005142212,0.0,0.48148149251937866,0.9629629850387573
pcb4,d451674ba2957ea9a1018211,0.05,32,27,0.84375,0.0001796633005142212,0.0,0.48148149251937866,0.9629629850387573
pcb4,d451674ba2957ea9a1018211,0.1,32,27,0.84375,0.0001796633005142212,0.0,0.48148149251937866,0.9629629850387573
pcb4,d646baf1c18f122f83fdb5d9,0.01,32,23,0.71875,0.0015704631805419922,0.0,0.6304348111152649,0.30434781312942505
pcb4,d646baf1c18f122f83fdb5d9,0.05,32,24,0.75,0.0015704631805419922,0.0,0.6458333134651184,0.3333333432674408
pcb4,d646baf1c18f122f83fdb5d9,0.1,32,24,0.75,0.0015704631805419922,0.0,0.6458333134651184,0.3333333432674408
pcb4,d92f74d23c5d7507316ef1f6,0.01,32,11,0.34375,0.19434595108032227,0.0,0.5454545617103577,0.9090909361839294
pcb4,d92f74d23c5d7507316ef1f6,0.05,32,14,0.4375,0.19434595108032227,0.0,0.5714285969734192,0.8571428656578064
pcb4,d92f74d23c5d7507316ef1f6,0.1,32,14,0.4375,0.19434595108032227,0.0,0.5714285969734192,0.8571428656578064
pcb4,db1bd561f26bd21285df12af,0.01,32,20,0.625,0.004686951637268066,0.09999999999999998,0.5,0.699999988079071
pcb4,db1bd561f26bd21285df12af,0.05,32,20,0.625,0.004686951637268066,0.09999999999999998,0.5,0.699999988079071
pcb4,db1bd561f26bd21285df12af,0.1,32,20,0.625,0.004686951637268066,0.09999999999999998,0.5,0.699999988079071
pcb4,e1ea53378faad7537e477a2c,0.01,32,2,0.0625,2.6872243881225586,0.0,1.0,0.0
pcb4,e1ea53378faad7537e477a2c,0.05,32,2,0.0625,2.6872243881225586,0.0,1.0,0.0
pcb4,e1ea53378faad7537e477a2c,0.1,32,2,0.0625,2.6872243881225586,0.0,1.0,0.0
pcb4,e6b56c2512bb8660ea532707,0.01,32,22,0.6875,0.0037077665328979492,0.0,0.5,0.3636363744735718
pcb4,e6b56c2512bb8660ea532707,0.05,32,24,0.75,0.0037077665328979492,0.04166666666666663,0.5,0.3333333432674408
pcb4,e6b56c2512bb8660ea532707,0.1,32,24,0.75,0.0037077665328979492,0.04166666666666663,0.5,0.3333333432674408
pcb4,e713192788ad43790d8658d7,0.01,32,31,0.96875,3.351829946041107e-05,0.0,0.5483871102333069,0.8064516186714172
pcb4,e713192788ad43790d8658d7,0.05,32,31,0.96875,3.351829946041107e-05,0.0,0.5483871102333069,0.8064516186714172
pcb4,e713192788ad43790d8658d7,0.1,32,31,0.96875,3.351829946041107e-05,0.0,0.5483871102333069,0.8064516186714172
pcb4,eb662872bc6bce7c9aac9465,0.01,32,21,0.65625,0.00011160410940647125,0.0,0.4523809552192688,0.8095238208770752
pcb4,eb662872bc6bce7c9aac9465,0.05,32,21,0.65625,0.00011160410940647125,0.0,0.4523809552192688,0.8095238208770752
pcb4,eb662872bc6bce7c9aac9465,0.1,32,21,0.65625,0.00011160410940647125,0.0,0.4523809552192688,0.8095238208770752
pcb4,f3b3eb6ad758e704e90ac7d3,0.01,32,0,0.0,3.4356298446655273,,,
pcb4,f3b3eb6ad758e704e90ac7d3,0.05,32,1,0.03125,3.4356298446655273,0.0,0.0,0.0
pcb4,f3b3eb6ad758e704e90ac7d3,0.1,32,1,0.03125,3.4356298446655273,0.0,0.0,0.0
pcb4,f3d0156953e0d9ac3a5b0539,0.01,32,23,0.71875,0.0004876852035522461,0.0,0.6086956262588501,0.8260869383811951
pcb4,f3d0156953e0d9ac3a5b0539,0.05,32,26,0.8125,0.0004876852035522461,0.0,0.5769230723381042,0.7307692170143127
pcb4,f3d0156953e0d9ac3a5b0539,0.1,32,26,0.8125,0.0004876852035522461,0.0,0.5769230723381042,0.7307692170143127
pcb4,f69a7ad702682a7c21480f93,0.01,32,23,0.71875,0.0005805492401123047,0.0,0.6086956262588501,1.0
pcb4,f69a7ad702682a7c21480f93,0.05,32,23,0.71875,0.0005805492401123047,0.0,0.6086956262588501,1.0
pcb4,f69a7ad702682a7c21480f93,0.1,32,23,0.71875,0.0005805492401123047,0.0,0.6086956262588501,1.0
pcb4,f8f05304ac4fdc3e8f3c9257,0.01,32,7,0.21875,2.2614359855651855,0.0,0.1428571492433548,0.5714285969734192
pcb4,f8f05304ac4fdc3e8f3c9257,0.05,32,9,0.28125,2.2614359855651855,0.0,0.1111111119389534,0.5555555820465088
pcb4,f8f05304ac4fdc3e8f3c9257,0.1,32,9,0.28125,2.2614359855651855,0.0,0.1111111119389534,0.5555555820465088
pcb4,fc402da6880e1e06b238b903,0.01,32,2,0.0625,2.1261236667633057,0.0,0.5,0.5
pcb4,fc402da6880e1e06b238b903,0.05,32,2,0.0625,2.1261236667633057,0.0,0.5,0.5
pcb4,fc402da6880e1e06b238b903,0.1,32,3,0.09375,2.1261236667633057,0.0,0.6666666865348816,0.6666666865348816
pcb4,fe2c02c1f27a44e28d550220,0.01,32,24,0.75,0.001006007194519043,0.04166666666666663,0.4583333432674408,0.75
pcb4,fe2c02c1f27a44e28d550220,0.05,32,29,0.90625,0.001006007194519043,0.10344827586206895,0.517241358757019,0.6896551847457886
pcb4,fe2c02c1f27a44e28d550220,0.1,32,29,0.90625,0.001006007194519043,0.10344827586206895,0.517241358757019,0.6896551847457886
pipe_fryum,013f6d6986ec962ab26302b8,0.01,32,25,0.78125,0.0005422830581665039,0.0,0.47999998927116394,0.9599999785423279
pipe_fryum,013f6d6986ec962ab26302b8,0.05,32,28,0.875,0.0005422830581665039,0.0,0.5,0.9642857313156128
pipe_fryum,013f6d6986ec962ab26302b8,0.1,32,28,0.875,0.0005422830581665039,0.0,0.5,0.9642857313156128
pipe_fryum,0449c1a215feb95ea376c73c,0.01,32,0,0.0,3.0743374824523926,,,
pipe_fryum,0449c1a215feb95ea376c73c,0.05,32,1,0.03125,3.0743374824523926,0.0,1.0,1.0
pipe_fryum,0449c1a215feb95ea376c73c,0.1,32,1,0.03125,3.0743374824523926,0.0,1.0,1.0
pipe_fryum,057a07d881ec15a46279132e,0.01,32,8,0.25,0.22221708297729492,0.0,0.25,1.0
pipe_fryum,057a07d881ec15a46279132e,0.05,32,14,0.4375,0.22221708297729492,0.0714285714285714,0.4285714328289032,1.0
pipe_fryum,057a07d881ec15a46279132e,0.1,32,14,0.4375,0.22221708297729492,0.0714285714285714,0.4285714328289032,1.0
pipe_fryum,0b7d763512126c93322f8af2,0.01,32,0,0.0,1.260162591934204,,,
pipe_fryum,0b7d763512126c93322f8af2,0.05,32,0,0.0,1.260162591934204,,,
pipe_fryum,0b7d763512126c93322f8af2,0.1,32,0,0.0,1.260162591934204,,,
pipe_fryum,0c4d03db8dfde3f3032d7099,0.01,32,16,0.5,0.0311586856842041,0.0,0.5625,0.875
pipe_fryum,0c4d03db8dfde3f3032d7099,0.05,32,16,0.5,0.0311586856842041,0.0,0.5625,0.875
pipe_fryum,0c4d03db8dfde3f3032d7099,0.1,32,18,0.5625,0.0311586856842041,0.05555555555555558,0.6111111044883728,0.8888888955116272
pipe_fryum,12ef41b8576c7c4e0df76fb2,0.01,32,0,0.0,1.3160011768341064,,,
pipe_fryum,12ef41b8576c7c4e0df76fb2,0.05,32,2,0.0625,1.3160011768341064,0.0,0.5,1.0
pipe_fryum,12ef41b8576c7c4e0df76fb2,0.1,32,3,0.09375,1.3160011768341064,0.33333333333333337,0.6666666865348816,1.0
pipe_fryum,1a8ba50ac8a59956b346085d,0.01,32,19,0.59375,0.006052970886230469,0.0,0.5263158082962036,0.8421052694320679
pipe_fryum,1a8ba50ac8a59956b346085d,0.05,32,21,0.65625,0.006052970886230469,0.04761904761904767,0.523809552192688,0.8571428656578064
pipe_fryum,1a8ba50ac8a59956b346085d,0.1,32,23,0.71875,0.006052970886230469,0.04347826086956519,0.52173912525177,0.8695651888847351
pipe_fryum,1f768d6f038138aeb90761ef,0.01,32,32,1.0,0.0009244084358215332,0.0,0.5,0.78125
pipe_fryum,1f768d6f038138aeb90761ef,0.05,32,32,1.0,0.0009244084358215332,0.0,0.5,0.78125
pipe_fryum,1f768d6f038138aeb90761ef,0.1,32,32,1.0,0.0009244084358215332,0.0,0.5,0.78125
pipe_fryum,24988ee82878247416514fff,0.01,32,2,0.0625,1.9032988548278809,0.0,0.5,1.0
pipe_fryum,24988ee82878247416514fff,0.05,32,6,0.1875,1.9032988548278809,0.16666666666666663,0.6666666865348816,1.0
pipe_fryum,24988ee82878247416514fff,0.1,32,7,0.21875,1.9032988548278809,0.2857142857142857,0.7142857313156128,1.0
pipe_fryum,259ee2c9ef0f9a9c45b411f3,0.01,32,13,0.40625,0.022294044494628906,0.0,0.5384615659713745,0.9230769276618958
pipe_fryum,259ee2c9ef0f9a9c45b411f3,0.05,32,18,0.5625,0.022294044494628906,0.11111111111111116,0.5,0.8888888955116272
pipe_fryum,259ee2c9ef0f9a9c45b411f3,0.1,32,18,0.5625,0.022294044494628906,0.11111111111111116,0.5,0.8888888955116272
pipe_fryum,2b2db9e826f5daf3cb3071ea,0.01,32,7,0.21875,1.2156248092651367,0.0,0.4285714328289032,1.0
pipe_fryum,2b2db9e826f5daf3cb3071ea,0.05,32,8,0.25,1.2156248092651367,0.0,0.375,1.0
pipe_fryum,2b2db9e826f5daf3cb3071ea,0.1,32,11,0.34375,1.2156248092651367,0.18181818181818177,0.3636363744735718,1.0
pipe_fryum,2b648c40bebad7995a5ad986,0.01,32,9,0.28125,1.317121982574463,0.0,0.4444444477558136,1.0
pipe_fryum,2b648c40bebad7995a5ad986,0.05,32,12,0.375,1.317121982574463,0.08333333333333337,0.5,1.0
pipe_fryum,2b648c40bebad7995a5ad986,0.1,32,12,0.375,1.317121982574463,0.08333333333333337,0.5,1.0
pipe_fryum,308a5df6dd48db5b057d2ee5,0.01,32,13,0.40625,0.017838358879089355,0.07692307692307687,0.4615384638309479,0.4615384638309479
pipe_fryum,308a5df6dd48db5b057d2ee5,0.05,32,17,0.53125,0.017838358879089355,0.05882352941176472,0.47058823704719543,0.47058823704719543
pipe_fryum,308a5df6dd48db5b057d2ee5,0.1,32,18,0.5625,0.017838358879089355,0.05555555555555558,0.5,0.5
pipe_fryum,33b64b0c0133325b4ea95503,0.01,32,6,0.1875,2.123150110244751,0.16666666666666663,0.6666666865348816,0.5
pipe_fryum,33b64b0c0133325b4ea95503,0.05,32,8,0.25,2.123150110244751,0.125,0.75,0.625
pipe_fryum,33b64b0c0133325b4ea95503,0.1,32,8,0.25,2.123150110244751,0.125,0.75,0.625
pipe_fryum,360090d515946477b25a2eba,0.01,32,0,0.0,1.9200568199157715,,,
pipe_fryum,360090d515946477b25a2eba,0.05,32,0,0.0,1.9200568199157715,,,
pipe_fryum,360090d515946477b25a2eba,0.1,32,0,0.0,1.9200568199157715,,,
pipe_fryum,3bd90d4365f1e8cd9f5a7f7c,0.01,32,0,0.0,1.8311023712158203,,,
pipe_fryum,3bd90d4365f1e8cd9f5a7f7c,0.05,32,0,0.0,1.8311023712158203,,,
pipe_fryum,3bd90d4365f1e8cd9f5a7f7c,0.1,32,0,0.0,1.8311023712158203,,,
pipe_fryum,3faee577018566a57ee7dc85,0.01,32,5,0.15625,3.4996585845947266,0.0,1.0,1.0
pipe_fryum,3faee577018566a57ee7dc85,0.05,32,6,0.1875,3.4996585845947266,0.0,0.8333333134651184,1.0
pipe_fryum,3faee577018566a57ee7dc85,0.1,32,6,0.1875,3.4996585845947266,0.0,0.8333333134651184,1.0
pipe_fryum,4422f862d41ba0d8e8992654,0.01,32,15,0.46875,0.1312732696533203,0.0,0.6000000238418579,1.0
pipe_fryum,4422f862d41ba0d8e8992654,0.05,32,16,0.5,0.1312732696533203,0.0,0.625,1.0
pipe_fryum,4422f862d41ba0d8e8992654,0.1,32,16,0.5,0.1312732696533203,0.0,0.625,1.0
pipe_fryum,44303df434a9f4b33a7a6654,0.01,32,23,0.71875,0.004483699798583984,0.0,0.6086956262588501,1.0
pipe_fryum,44303df434a9f4b33a7a6654,0.05,32,26,0.8125,0.004483699798583984,0.07692307692307687,0.5769230723381042,1.0
pipe_fryum,44303df434a9f4b33a7a6654,0.1,32,26,0.8125,0.004483699798583984,0.07692307692307687,0.5769230723381042,1.0
pipe_fryum,48d85fa3550ce0d7862dfb05,0.01,32,0,0.0,1.3588786125183105,,,
pipe_fryum,48d85fa3550ce0d7862dfb05,0.05,32,0,0.0,1.3588786125183105,,,
pipe_fryum,48d85fa3550ce0d7862dfb05,0.1,32,0,0.0,1.3588786125183105,,,
pipe_fryum,496a39db40d0871f481f064c,0.01,32,1,0.03125,1.7099807262420654,0.0,0.0,1.0
pipe_fryum,496a39db40d0871f481f064c,0.05,32,1,0.03125,1.7099807262420654,0.0,0.0,1.0
pipe_fryum,496a39db40d0871f481f064c,0.1,32,1,0.03125,1.7099807262420654,0.0,0.0,1.0
pipe_fryum,4b32ad4ec07b6614e21c6852,0.01,32,32,1.0,0.0012645721435546875,0.125,0.5625,1.0
pipe_fryum,4b32ad4ec07b6614e21c6852,0.05,32,32,1.0,0.0012645721435546875,0.125,0.5625,1.0
pipe_fryum,4b32ad4ec07b6614e21c6852,0.1,32,32,1.0,0.0012645721435546875,0.125,0.5625,1.0
pipe_fryum,4ec231856480e7aa7fca76be,0.01,32,12,0.375,0.22533583641052246,0.08333333333333337,0.5833333134651184,0.9166666865348816
pipe_fryum,4ec231856480e7aa7fca76be,0.05,32,14,0.4375,0.22533583641052246,0.0714285714285714,0.5714285969734192,0.9285714030265808
pipe_fryum,4ec231856480e7aa7fca76be,0.1,32,14,0.4375,0.22533583641052246,0.0714285714285714,0.5714285969734192,0.9285714030265808
pipe_fryum,4ee40b105c9abce2b17b343a,0.01,32,4,0.125,0.527724027633667,0.0,0.5,1.0
pipe_fryum,4ee40b105c9abce2b17b343a,0.05,32,10,0.3125,0.527724027633667,0.0,0.4000000059604645,0.800000011920929
pipe_fryum,4ee40b105c9abce2b17b343a,0.1,32,10,0.3125,0.527724027633667,0.0,0.4000000059604645,0.800000011920929
pipe_fryum,56a9d5dc513156c13df1ea93,0.01,32,11,0.34375,1.1755077838897705,0.0,0.6363636255264282,1.0
pipe_fryum,56a9d5dc513156c13df1ea93,0.05,32,13,0.40625,1.1755077838897705,0.0,0.692307710647583,1.0
pipe_fryum,56a9d5dc513156c13df1ea93,0.1,32,13,0.40625,1.1755077838897705,0.0,0.692307710647583,1.0
pipe_fryum,57bb6a0476ceb3509b91b43d,0.01,32,5,0.15625,0.7230229377746582,0.0,0.4000000059604645,1.0
pipe_fryum,57bb6a0476ceb3509b91b43d,0.05,32,8,0.25,0.7230229377746582,0.0,0.5,1.0
pipe_fryum,57bb6a0476ceb3509b91b43d,0.1,32,9,0.28125,0.7230229377746582,0.0,0.5555555820465088,1.0
pipe_fryum,5b0010b9839800bf37045817,0.01,32,6,0.1875,2.7021236419677734,0.0,0.3333333432674408,1.0
pipe_fryum,5b0010b9839800bf37045817,0.05,32,6,0.1875,2.7021236419677734,0.0,0.3333333432674408,1.0
pipe_fryum,5b0010b9839800bf37045817,0.1,32,6,0.1875,2.7021236419677734,0.0,0.3333333432674408,1.0
pipe_fryum,62119a98c3d5576e86d6a789,0.01,32,0,0.0,2.0598669052124023,,,
pipe_fryum,62119a98c3d5576e86d6a789,0.05,32,0,0.0,2.0598669052124023,,,
pipe_fryum,62119a98c3d5576e86d6a789,0.1,32,0,0.0,2.0598669052124023,,,
pipe_fryum,6c59c63705e5998b15f24bd7,0.01,32,19,0.59375,0.005337238311767578,0.0,0.3684210479259491,1.0
pipe_fryum,6c59c63705e5998b15f24bd7,0.05,32,24,0.75,0.005337238311767578,0.0,0.5,1.0
pipe_fryum,6c59c63705e5998b15f24bd7,0.1,32,24,0.75,0.005337238311767578,0.0,0.5,1.0
pipe_fryum,6d936d7f701b0448f20b8956,0.01,32,0,0.0,1.7769899368286133,,,
pipe_fryum,6d936d7f701b0448f20b8956,0.05,32,0,0.0,1.7769899368286133,,,
pipe_fryum,6d936d7f701b0448f20b8956,0.1,32,0,0.0,1.7769899368286133,,,
pipe_fryum,6d97b059a95c16c2ec2f72b8,0.01,32,31,0.96875,0.00043201446533203125,0.0,0.5483871102333069,0.9677419066429138
pipe_fryum,6d97b059a95c16c2ec2f72b8,0.05,32,32,1.0,0.00043201446533203125,0.0,0.53125,0.96875
pipe_fryum,6d97b059a95c16c2ec2f72b8,0.1,32,32,1.0,0.00043201446533203125,0.0,0.53125,0.96875
pipe_fryum,702485fb6d28c085f95458f5,0.01,32,10,0.3125,1.454340934753418,0.0,0.6000000238418579,1.0
pipe_fryum,702485fb6d28c085f95458f5,0.05,32,11,0.34375,1.454340934753418,0.0,0.6363636255264282,1.0
pipe_fryum,702485fb6d28c085f95458f5,0.1,32,11,0.34375,1.454340934753418,0.0,0.6363636255264282,1.0
pipe_fryum,715b3f75141c544aed0e386f,0.01,32,22,0.6875,0.0021653175354003906,0.045454545454545414,0.5,1.0
pipe_fryum,715b3f75141c544aed0e386f,0.05,32,26,0.8125,0.0021653175354003906,0.11538461538461542,0.4615384638309479,1.0
pipe_fryum,715b3f75141c544aed0e386f,0.1,32,26,0.8125,0.0021653175354003906,0.11538461538461542,0.4615384638309479,1.0
pipe_fryum,71d17a00bca4cf9fd77446b8,0.01,32,5,0.15625,1.7613716125488281,0.0,1.0,0.20000000298023224
pipe_fryum,71d17a00bca4cf9fd77446b8,0.05,32,5,0.15625,1.7613716125488281,0.0,1.0,0.20000000298023224
pipe_fryum,71d17a00bca4cf9fd77446b8,0.1,32,5,0.15625,1.7613716125488281,0.0,1.0,0.20000000298023224
pipe_fryum,733e12e6f055dfbc969c7ae4,0.01,32,1,0.03125,2.431452751159668,0.0,0.0,1.0
pipe_fryum,733e12e6f055dfbc969c7ae4,0.05,32,3,0.09375,2.431452751159668,0.0,0.3333333432674408,1.0
pipe_fryum,733e12e6f055dfbc969c7ae4,0.1,32,3,0.09375,2.431452751159668,0.0,0.3333333432674408,1.0
pipe_fryum,771d685ed94af1f169c48a71,0.01,32,1,0.03125,1.7340736389160156,0.0,0.0,1.0
pipe_fryum,771d685ed94af1f169c48a71,0.05,32,1,0.03125,1.7340736389160156,0.0,0.0,1.0
pipe_fryum,771d685ed94af1f169c48a71,0.1,32,1,0.03125,1.7340736389160156,0.0,0.0,1.0
pipe_fryum,7a5bf53731e0a9a669ef7889,0.01,32,13,0.40625,0.77996826171875,0.0,0.5384615659713745,1.0
pipe_fryum,7a5bf53731e0a9a669ef7889,0.05,32,15,0.46875,0.77996826171875,0.0,0.6000000238418579,1.0
pipe_fryum,7a5bf53731e0a9a669ef7889,0.1,32,15,0.46875,0.77996826171875,0.0,0.6000000238418579,1.0
pipe_fryum,7eb01c3335029e91e2ce4985,0.01,32,8,0.25,2.359494686126709,0.0,0.375,1.0
pipe_fryum,7eb01c3335029e91e2ce4985,0.05,32,8,0.25,2.359494686126709,0.0,0.375,1.0
pipe_fryum,7eb01c3335029e91e2ce4985,0.1,32,8,0.25,2.359494686126709,0.0,0.375,1.0
pipe_fryum,81ee1534cf0fac2ff1f581ee,0.01,32,32,1.0,0.0002510547637939453,0.0,0.59375,0.84375
pipe_fryum,81ee1534cf0fac2ff1f581ee,0.05,32,32,1.0,0.0002510547637939453,0.0,0.59375,0.84375
pipe_fryum,81ee1534cf0fac2ff1f581ee,0.1,32,32,1.0,0.0002510547637939453,0.0,0.59375,0.84375
pipe_fryum,85aa351ddd6bf045da1da401,0.01,32,17,0.53125,0.009431123733520508,0.11764705882352944,0.529411792755127,1.0
pipe_fryum,85aa351ddd6bf045da1da401,0.05,32,25,0.78125,0.009431123733520508,0.12,0.5199999809265137,1.0
pipe_fryum,85aa351ddd6bf045da1da401,0.1,32,25,0.78125,0.009431123733520508,0.12,0.5199999809265137,1.0
pipe_fryum,8739060da5262e8b525be173,0.01,32,12,0.375,0.012675642967224121,0.0,0.5833333134651184,1.0
pipe_fryum,8739060da5262e8b525be173,0.05,32,21,0.65625,0.012675642967224121,0.0,0.523809552192688,1.0
pipe_fryum,8739060da5262e8b525be173,0.1,32,22,0.6875,0.012675642967224121,0.045454545454545414,0.5,1.0
pipe_fryum,8d1ddfce04bbda2df6c274e2,0.01,32,6,0.1875,1.7415916919708252,0.0,0.3333333432674408,0.6666666865348816
pipe_fryum,8d1ddfce04bbda2df6c274e2,0.05,32,6,0.1875,1.7415916919708252,0.0,0.3333333432674408,0.6666666865348816
pipe_fryum,8d1ddfce04bbda2df6c274e2,0.1,32,6,0.1875,1.7415916919708252,0.0,0.3333333432674408,0.6666666865348816
pipe_fryum,8d602a6fd0e112599dd329b7,0.01,32,6,0.1875,0.058794260025024414,0.0,0.6666666865348816,1.0
pipe_fryum,8d602a6fd0e112599dd329b7,0.05,32,15,0.46875,0.058794260025024414,0.0,0.46666666865348816,0.8666666746139526
pipe_fryum,8d602a6fd0e112599dd329b7,0.1,32,21,0.65625,0.058794260025024414,0.09523809523809523,0.4761904776096344,0.9047619104385376
pipe_fryum,8d62649f443ae79817c13a24,0.01,32,12,0.375,1.7456932067871094,0.0,0.6666666865348816,0.9166666865348816
pipe_fryum,8d62649f443ae79817c13a24,0.05,32,12,0.375,1.7456932067871094,0.0,0.6666666865348816,0.9166666865348816
pipe_fryum,8d62649f443ae79817c13a24,0.1,32,12,0.375,1.7456932067871094,0.0,0.6666666865348816,0.9166666865348816
pipe_fryum,8ed6c90ae60347ba4c72a07a,0.01,32,0,0.0,2.3160886764526367,,,
pipe_fryum,8ed6c90ae60347ba4c72a07a,0.05,32,0,0.0,2.3160886764526367,,,
pipe_fryum,8ed6c90ae60347ba4c72a07a,0.1,32,0,0.0,2.3160886764526367,,,
pipe_fryum,8fdc0decf27dd16474875aee,0.01,32,15,0.46875,0.267885684967041,0.0,0.6666666865348816,0.9333333373069763
pipe_fryum,8fdc0decf27dd16474875aee,0.05,32,16,0.5,0.267885684967041,0.0,0.625,0.9375
pipe_fryum,8fdc0decf27dd16474875aee,0.1,32,16,0.5,0.267885684967041,0.0,0.625,0.9375
pipe_fryum,901934e119123ecb36d9f0e3,0.01,32,2,0.0625,1.3015344142913818,0.0,1.0,1.0
pipe_fryum,901934e119123ecb36d9f0e3,0.05,32,3,0.09375,1.3015344142913818,0.33333333333333337,1.0,1.0
pipe_fryum,901934e119123ecb36d9f0e3,0.1,32,4,0.125,1.3015344142913818,0.5,1.0,1.0
pipe_fryum,92219acf00c528a158b9b5cc,0.01,32,16,0.5,0.2383209466934204,0.0,0.5625,0.6875
pipe_fryum,92219acf00c528a158b9b5cc,0.05,32,16,0.5,0.2383209466934204,0.0,0.5625,0.6875
pipe_fryum,92219acf00c528a158b9b5cc,0.1,32,16,0.5,0.2383209466934204,0.0,0.5625,0.6875
pipe_fryum,927b327bf71e71304da94c00,0.01,32,32,1.0,0.00014460086822509766,0.0,0.34375,1.0
pipe_fryum,927b327bf71e71304da94c00,0.05,32,32,1.0,0.00014460086822509766,0.0,0.34375,1.0
pipe_fryum,927b327bf71e71304da94c00,0.1,32,32,1.0,0.00014460086822509766,0.0,0.34375,1.0
pipe_fryum,92c4dce718327918dcb3afe1,0.01,32,28,0.875,0.0007922053337097168,0.0,0.6785714030265808,1.0
pipe_fryum,92c4dce718327918dcb3afe1,0.05,32,30,0.9375,0.0007922053337097168,0.0,0.699999988079071,1.0
pipe_fryum,92c4dce718327918dcb3afe1,0.1,32,30,0.9375,0.0007922053337097168,0.0,0.699999988079071,1.0
pipe_fryum,92c8db57341a024a86d2b692,0.01,32,14,0.4375,0.07523107528686523,0.0,0.5714285969734192,0.8571428656578064
pipe_fryum,92c8db57341a024a86d2b692,0.05,32,15,0.46875,0.07523107528686523,0.0,0.5333333611488342,0.8666666746139526
pipe_fryum,92c8db57341a024a86d2b692,0.1,32,17,0.53125,0.07523107528686523,0.0,0.5882353186607361,0.8823529481887817
pipe_fryum,9324dd2f3bff7d261313254b,0.01,32,31,0.96875,0.000620722770690918,0.0,0.4838709533214569,1.0
pipe_fryum,9324dd2f3bff7d261313254b,0.05,32,32,1.0,0.000620722770690918,0.0,0.5,1.0
pipe_fryum,9324dd2f3bff7d261313254b,0.1,32,32,1.0,0.000620722770690918,0.0,0.5,1.0
pipe_fryum,95da451e4152cd14590a84de,0.01,32,15,0.46875,0.011022090911865234,0.0,0.4000000059604645,0.6000000238418579
pipe_fryum,95da451e4152cd14590a84de,0.05,32,20,0.625,0.011022090911865234,0.050000000000000044,0.550000011920929,0.6000000238418579
pipe_fryum,95da451e4152cd14590a84de,0.1,32,22,0.6875,0.011022090911865234,0.13636363636363635,0.5909090638160706,0.5909090638160706
pipe_fryum,978319c9ebc05207a4478bce,0.01,32,6,0.1875,1.2789177894592285,0.0,0.5,1.0
pipe_fryum,978319c9ebc05207a4478bce,0.05,32,8,0.25,1.2789177894592285,0.0,0.5,1.0
pipe_fryum,978319c9ebc05207a4478bce,0.1,32,8,0.25,1.2789177894592285,0.0,0.5,1.0
pipe_fryum,985b2d3e9e0d6f16160f4fc4,0.01,32,7,0.21875,1.3463996648788452,0.0,0.5714285969734192,0.1428571492433548
pipe_fryum,985b2d3e9e0d6f16160f4fc4,0.05,32,8,0.25,1.3463996648788452,0.0,0.5,0.25
pipe_fryum,985b2d3e9e0d6f16160f4fc4,0.1,32,8,0.25,1.3463996648788452,0.0,0.5,0.25
pipe_fryum,99bf917f1d6959dd4bcb317d,0.01,32,10,0.3125,1.2840895652770996,0.0,0.20000000298023224,1.0
pipe_fryum,99bf917f1d6959dd4bcb317d,0.05,32,12,0.375,1.2840895652770996,0.0,0.3333333432674408,1.0
pipe_fryum,99bf917f1d6959dd4bcb317d,0.1,32,12,0.375,1.2840895652770996,0.0,0.3333333432674408,1.0
pipe_fryum,9c7c483bee80475cb9be16b7,0.01,32,24,0.75,0.003358006477355957,0.04166666666666663,0.625,0.875
pipe_fryum,9c7c483bee80475cb9be16b7,0.05,32,31,0.96875,0.003358006477355957,0.06451612903225812,0.6129032373428345,0.9032257795333862
pipe_fryum,9c7c483bee80475cb9be16b7,0.1,32,32,1.0,0.003358006477355957,0.0625,0.625,0.90625
pipe_fryum,9c93f059c631dc3ee1e97869,0.01,32,20,0.625,0.0014390349388122559,0.0,0.699999988079071,1.0
pipe_fryum,9c93f059c631dc3ee1e97869,0.05,32,22,0.6875,0.0014390349388122559,0.0,0.6818181872367859,1.0
pipe_fryum,9c93f059c631dc3ee1e97869,0.1,32,22,0.6875,0.0014390349388122559,0.0,0.6818181872367859,1.0
pipe_fryum,9d5222b6e52561ea7d059cfd,0.01,32,3,0.09375,1.3109076023101807,0.0,0.6666666865348816,1.0
pipe_fryum,9d5222b6e52561ea7d059cfd,0.05,32,6,0.1875,1.3109076023101807,0.0,0.3333333432674408,1.0
pipe_fryum,9d5222b6e52561ea7d059cfd,0.1,32,6,0.1875,1.3109076023101807,0.0,0.3333333432674408,1.0
pipe_fryum,9f5996b1113b389991f83b3b,0.01,32,11,0.34375,0.13109660148620605,0.0,0.6363636255264282,1.0
pipe_fryum,9f5996b1113b389991f83b3b,0.05,32,15,0.46875,0.13109660148620605,0.06666666666666665,0.7333333492279053,1.0
pipe_fryum,9f5996b1113b389991f83b3b,0.1,32,16,0.5,0.13109660148620605,0.125,0.75,1.0
pipe_fryum,9fef093da9744935a3718f38,0.01,32,9,0.28125,1.1535677909851074,0.0,0.6666666865348816,0.8888888955116272
pipe_fryum,9fef093da9744935a3718f38,0.05,32,9,0.28125,1.1535677909851074,0.0,0.6666666865348816,0.8888888955116272
pipe_fryum,9fef093da9744935a3718f38,0.1,32,10,0.3125,1.1535677909851074,0.0,0.699999988079071,0.8999999761581421
pipe_fryum,a4f0decdaeb9a8df57c1a327,0.01,32,6,0.1875,0.31635427474975586,0.0,0.8333333134651184,0.6666666865348816
pipe_fryum,a4f0decdaeb9a8df57c1a327,0.05,32,8,0.25,0.31635427474975586,0.0,0.875,0.625
pipe_fryum,a4f0decdaeb9a8df57c1a327,0.1,32,11,0.34375,0.31635427474975586,0.18181818181818177,0.9090909361839294,0.7272727489471436
pipe_fryum,a7b903f127fa92c66e04c9e3,0.01,32,7,0.21875,0.874401330947876,0.0,0.4285714328289032,1.0
pipe_fryum,a7b903f127fa92c66e04c9e3,0.05,32,9,0.28125,0.874401330947876,0.0,0.5555555820465088,1.0
pipe_fryum,a7b903f127fa92c66e04c9e3,0.1,32,9,0.28125,0.874401330947876,0.0,0.5555555820465088,1.0
pipe_fryum,aa388c0b54898cd2df16d788,0.01,32,1,0.03125,2.2707901000976562,0.0,1.0,0.0
pipe_fryum,aa388c0b54898cd2df16d788,0.05,32,1,0.03125,2.2707901000976562,0.0,1.0,0.0
pipe_fryum,aa388c0b54898cd2df16d788,0.1,32,1,0.03125,2.2707901000976562,0.0,1.0,0.0
pipe_fryum,abc77e893b93053c28c53516,0.01,32,1,0.03125,1.9777131080627441,0.0,1.0,1.0
pipe_fryum,abc77e893b93053c28c53516,0.05,32,1,0.03125,1.9777131080627441,0.0,1.0,1.0
pipe_fryum,abc77e893b93053c28c53516,0.1,32,1,0.03125,1.9777131080627441,0.0,1.0,1.0
pipe_fryum,af4ba14f7bbdb808da54580e,0.01,32,18,0.5625,0.006428241729736328,0.0,0.5555555820465088,0.7777777910232544
pipe_fryum,af4ba14f7bbdb808da54580e,0.05,32,23,0.71875,0.006428241729736328,0.04347826086956519,0.5652173757553101,0.782608687877655
pipe_fryum,af4ba14f7bbdb808da54580e,0.1,32,23,0.71875,0.006428241729736328,0.04347826086956519,0.5652173757553101,0.782608687877655
pipe_fryum,af76920517b7bf9e84ca4933,0.01,32,5,0.15625,0.8851375579833984,0.0,0.6000000238418579,0.0
pipe_fryum,af76920517b7bf9e84ca4933,0.05,32,7,0.21875,0.8851375579833984,0.2857142857142857,0.4285714328289032,0.0
pipe_fryum,af76920517b7bf9e84ca4933,0.1,32,8,0.25,0.8851375579833984,0.25,0.5,0.0
pipe_fryum,b84f34cda76ef08ff8e99f51,0.01,32,11,0.34375,0.9323334693908691,0.09090909090909094,0.6363636255264282,1.0
pipe_fryum,b84f34cda76ef08ff8e99f51,0.05,32,13,0.40625,0.9323334693908691,0.15384615384615385,0.6153846383094788,1.0
pipe_fryum,b84f34cda76ef08ff8e99f51,0.1,32,13,0.40625,0.9323334693908691,0.15384615384615385,0.6153846383094788,1.0
pipe_fryum,ba0c8a426ec24b0bd3b22f26,0.01,32,29,0.90625,0.002033710479736328,0.06896551724137934,0.7241379022598267,0.5517241358757019
pipe_fryum,ba0c8a426ec24b0bd3b22f26,0.05,32,29,0.90625,0.002033710479736328,0.06896551724137934,0.7241379022598267,0.5517241358757019
pipe_fryum,ba0c8a426ec24b0bd3b22f26,0.1,32,29,0.90625,0.002033710479736328,0.06896551724137934,0.7241379022598267,0.5517241358757019
pipe_fryum,bdb30dc88493807718e7d1f6,0.01,32,0,0.0,2.6691060066223145,,,
pipe_fryum,bdb30dc88493807718e7d1f6,0.05,32,0,0.0,2.6691060066223145,,,
pipe_fryum,bdb30dc88493807718e7d1f6,0.1,32,0,0.0,2.6691060066223145,,,
pipe_fryum,be75f9f76ad7cd0b167fc750,0.01,32,25,0.78125,0.0018682479858398438,0.0,0.4399999976158142,0.9599999785423279
pipe_fryum,be75f9f76ad7cd0b167fc750,0.05,32,26,0.8125,0.0018682479858398438,0.0,0.4615384638309479,0.9615384340286255
pipe_fryum,be75f9f76ad7cd0b167fc750,0.1,32,26,0.8125,0.0018682479858398438,0.0,0.4615384638309479,0.9615384340286255
pipe_fryum,bf73f2ad1ca1f8a863c4c74e,0.01,32,25,0.78125,0.0035170316696166992,0.0,0.3199999928474426,0.6800000071525574
pipe_fryum,bf73f2ad1ca1f8a863c4c74e,0.05,32,26,0.8125,0.0035170316696166992,0.0,0.3461538553237915,0.692307710647583
pipe_fryum,bf73f2ad1ca1f8a863c4c74e,0.1,32,26,0.8125,0.0035170316696166992,0.0,0.3461538553237915,0.692307710647583
pipe_fryum,bfb6d7405f02d93d1ad109f5,0.01,32,0,0.0,2.0603647232055664,,,
pipe_fryum,bfb6d7405f02d93d1ad109f5,0.05,32,0,0.0,2.0603647232055664,,,
pipe_fryum,bfb6d7405f02d93d1ad109f5,0.1,32,0,0.0,2.0603647232055664,,,
pipe_fryum,c258d3a75fc25eb2c47648af,0.01,32,0,0.0,2.2221035957336426,,,
pipe_fryum,c258d3a75fc25eb2c47648af,0.05,32,0,0.0,2.2221035957336426,,,
pipe_fryum,c258d3a75fc25eb2c47648af,0.1,32,0,0.0,2.2221035957336426,,,
pipe_fryum,c39c7f23ba46526d4f88e6d7,0.01,32,0,0.0,3.395480155944824,,,
pipe_fryum,c39c7f23ba46526d4f88e6d7,0.05,32,0,0.0,3.395480155944824,,,
pipe_fryum,c39c7f23ba46526d4f88e6d7,0.1,32,0,0.0,3.395480155944824,,,
pipe_fryum,c41e2548d6303abc53802db7,0.01,32,1,0.03125,2.3411617279052734,0.0,0.0,1.0
pipe_fryum,c41e2548d6303abc53802db7,0.05,32,1,0.03125,2.3411617279052734,0.0,0.0,1.0
pipe_fryum,c41e2548d6303abc53802db7,0.1,32,1,0.03125,2.3411617279052734,0.0,0.0,1.0
pipe_fryum,cb3e29917e9f7b99822d2813,0.01,32,15,0.46875,0.4174823760986328,0.0,0.5333333611488342,0.6000000238418579
pipe_fryum,cb3e29917e9f7b99822d2813,0.05,32,15,0.46875,0.4174823760986328,0.0,0.5333333611488342,0.6000000238418579
pipe_fryum,cb3e29917e9f7b99822d2813,0.1,32,15,0.46875,0.4174823760986328,0.0,0.5333333611488342,0.6000000238418579
pipe_fryum,cf45fb37af36b9cb2e036161,0.01,32,2,0.0625,2.245360851287842,0.0,1.0,1.0
pipe_fryum,cf45fb37af36b9cb2e036161,0.05,32,5,0.15625,2.245360851287842,0.0,1.0,1.0
pipe_fryum,cf45fb37af36b9cb2e036161,0.1,32,5,0.15625,2.245360851287842,0.0,1.0,1.0
pipe_fryum,d432ab3933e2a8e67264beef,0.01,32,22,0.6875,0.0021430253982543945,0.0,0.5909090638160706,0.7727272510528564
pipe_fryum,d432ab3933e2a8e67264beef,0.05,32,22,0.6875,0.0021430253982543945,0.0,0.5909090638160706,0.7727272510528564
pipe_fryum,d432ab3933e2a8e67264beef,0.1,32,23,0.71875,0.0021430253982543945,0.0,0.6086956262588501,0.782608687877655
pipe_fryum,d5fc2b3e86237af915b953c8,0.01,32,23,0.71875,0.002187013626098633,0.0,0.3913043439388275,0.782608687877655
pipe_fryum,d5fc2b3e86237af915b953c8,0.05,32,25,0.78125,0.002187013626098633,0.0,0.4000000059604645,0.800000011920929
pipe_fryum,d5fc2b3e86237af915b953c8,0.1,32,25,0.78125,0.002187013626098633,0.0,0.4000000059604645,0.800000011920929
pipe_fryum,d779115fd6d4617d2a54b54a,0.01,32,3,0.09375,3.503476142883301,0.0,0.3333333432674408,1.0
pipe_fryum,d779115fd6d4617d2a54b54a,0.05,32,3,0.09375,3.503476142883301,0.0,0.3333333432674408,1.0
pipe_fryum,d779115fd6d4617d2a54b54a,0.1,32,3,0.09375,3.503476142883301,0.0,0.3333333432674408,1.0
pipe_fryum,dad09c8a3db135aa0ab0ca8a,0.01,32,0,0.0,1.5306930541992188,,,
pipe_fryum,dad09c8a3db135aa0ab0ca8a,0.05,32,0,0.0,1.5306930541992188,,,
pipe_fryum,dad09c8a3db135aa0ab0ca8a,0.1,32,1,0.03125,1.5306930541992188,0.0,1.0,1.0
pipe_fryum,dbffe09b728470ee63402d0d,0.01,32,20,0.625,0.00426030158996582,0.0,0.5,1.0
pipe_fryum,dbffe09b728470ee63402d0d,0.05,32,27,0.84375,0.00426030158996582,0.03703703703703709,0.48148149251937866,1.0
pipe_fryum,dbffe09b728470ee63402d0d,0.1,32,27,0.84375,0.00426030158996582,0.03703703703703709,0.48148149251937866,1.0
pipe_fryum,dd75a67f4915e33534943c10,0.01,32,0,0.0,2.2711710929870605,,,
pipe_fryum,dd75a67f4915e33534943c10,0.05,32,0,0.0,2.2711710929870605,,,
pipe_fryum,dd75a67f4915e33534943c10,0.1,32,0,0.0,2.2711710929870605,,,
pipe_fryum,ddddf6167e2d1efb8ae176af,0.01,32,17,0.53125,0.009516239166259766,0.0,0.47058823704719543,0.8823529481887817
pipe_fryum,ddddf6167e2d1efb8ae176af,0.05,32,21,0.65625,0.009516239166259766,0.0,0.523809552192688,0.9047619104385376
pipe_fryum,ddddf6167e2d1efb8ae176af,0.1,32,21,0.65625,0.009516239166259766,0.0,0.523809552192688,0.9047619104385376
pipe_fryum,de0ea409166c9b6a3023fdcd,0.01,32,8,0.25,2.3626937866210938,0.0,0.625,0.875
pipe_fryum,de0ea409166c9b6a3023fdcd,0.05,32,9,0.28125,2.3626937866210938,0.0,0.6666666865348816,0.8888888955116272
pipe_fryum,de0ea409166c9b6a3023fdcd,0.1,32,9,0.28125,2.3626937866210938,0.0,0.6666666865348816,0.8888888955116272
pipe_fryum,de49fabd2dc494b1cb0f31f4,0.01,32,10,0.3125,0.07041788101196289,0.0,0.4000000059604645,1.0
pipe_fryum,de49fabd2dc494b1cb0f31f4,0.05,32,15,0.46875,0.07041788101196289,0.06666666666666665,0.46666666865348816,1.0
pipe_fryum,de49fabd2dc494b1cb0f31f4,0.1,32,18,0.5625,0.07041788101196289,0.05555555555555558,0.5555555820465088,1.0
pipe_fryum,e021418646356481c77b8613,0.01,32,17,0.53125,0.008922100067138672,0.11764705882352944,0.47058823704719543,1.0
pipe_fryum,e021418646356481c77b8613,0.05,32,27,0.84375,0.008922100067138672,0.2962962962962963,0.5185185074806213,1.0
pipe_fryum,e021418646356481c77b8613,0.1,32,27,0.84375,0.008922100067138672,0.2962962962962963,0.5185185074806213,1.0
pipe_fryum,e0ddc332cd9e88be32f13168,0.01,32,0,0.0,1.7327909469604492,,,
pipe_fryum,e0ddc332cd9e88be32f13168,0.05,32,0,0.0,1.7327909469604492,,,
pipe_fryum,e0ddc332cd9e88be32f13168,0.1,32,1,0.03125,1.7327909469604492,0.0,1.0,1.0
pipe_fryum,e1287049e1c0516f22255bc4,0.01,32,0,0.0,2.5028328895568848,,,
pipe_fryum,e1287049e1c0516f22255bc4,0.05,32,0,0.0,2.5028328895568848,,,
pipe_fryum,e1287049e1c0516f22255bc4,0.1,32,0,0.0,2.5028328895568848,,,
pipe_fryum,e1b7deab408eee537147a175,0.01,32,8,0.25,1.08066987991333,0.125,0.875,1.0
pipe_fryum,e1b7deab408eee537147a175,0.05,32,10,0.3125,1.08066987991333,0.09999999999999998,0.800000011920929,1.0
pipe_fryum,e1b7deab408eee537147a175,0.1,32,10,0.3125,1.08066987991333,0.09999999999999998,0.800000011920929,1.0
pipe_fryum,e72a2af22fa59baef68800fa,0.01,32,17,0.53125,0.0075588226318359375,0.0,0.5882353186607361,0.8823529481887817
pipe_fryum,e72a2af22fa59baef68800fa,0.05,32,18,0.5625,0.0075588226318359375,0.0,0.6111111044883728,0.8888888955116272
pipe_fryum,e72a2af22fa59baef68800fa,0.1,32,18,0.5625,0.0075588226318359375,0.0,0.6111111044883728,0.8888888955116272
pipe_fryum,e779547ac415b9900bd04058,0.01,32,24,0.75,0.00041282176971435547,0.0,0.5833333134651184,1.0
pipe_fryum,e779547ac415b9900bd04058,0.05,32,29,0.90625,0.00041282176971435547,0.0,0.517241358757019,1.0
pipe_fryum,e779547ac415b9900bd04058,0.1,32,29,0.90625,0.00041282176971435547,0.0,0.517241358757019,1.0
pipe_fryum,eaabd5c8c55e835bed64407e,0.01,32,31,0.96875,0.0017867088317871094,0.0,0.6451612710952759,0.4838709533214569
pipe_fryum,eaabd5c8c55e835bed64407e,0.05,32,32,1.0,0.0017867088317871094,0.0,0.65625,0.5
pipe_fryum,eaabd5c8c55e835bed64407e,0.1,32,32,1.0,0.0017867088317871094,0.0,0.65625,0.5
pipe_fryum,ec6dc1b1f43ad8c8911e025d,0.01,32,5,0.15625,1.9544463157653809,0.0,0.6000000238418579,1.0
pipe_fryum,ec6dc1b1f43ad8c8911e025d,0.05,32,6,0.1875,1.9544463157653809,0.16666666666666663,0.5,1.0
pipe_fryum,ec6dc1b1f43ad8c8911e025d,0.1,32,7,0.21875,1.9544463157653809,0.1428571428571429,0.5714285969734192,1.0
pipe_fryum,f57730953547b32edefd782d,0.01,32,11,0.34375,0.20199912786483765,0.09090909090909094,0.27272728085517883,0.6363636255264282
pipe_fryum,f57730953547b32edefd782d,0.05,32,14,0.4375,0.20199912786483765,0.1428571428571429,0.3571428656578064,0.7142857313156128
pipe_fryum,f57730953547b32edefd782d,0.1,32,15,0.46875,0.20199912786483765,0.1333333333333333,0.4000000059604645,0.7333333492279053
pipe_fryum,f9991632fc5297445556de43,0.01,32,24,0.75,0.00543212890625,0.08333333333333337,0.5,1.0
pipe_fryum,f9991632fc5297445556de43,0.05,32,27,0.84375,0.00543212890625,0.07407407407407407,0.5185185074806213,1.0
pipe_fryum,f9991632fc5297445556de43,0.1,32,27,0.84375,0.00543212890625,0.07407407407407407,0.5185185074806213,1.0
pipe_fryum,fa2b4fefc6133cb7d6460db2,0.01,32,2,0.0625,1.0051989555358887,0.0,1.0,1.0
pipe_fryum,fa2b4fefc6133cb7d6460db2,0.05,32,9,0.28125,1.0051989555358887,0.0,0.5555555820465088,1.0
pipe_fryum,fa2b4fefc6133cb7d6460db2,0.1,32,10,0.3125,1.0051989555358887,0.09999999999999998,0.5,1.0
pipe_fryum,fadb436ceeea2e435f8dca9e,0.01,32,32,1.0,0.0007894039154052734,0.03125,0.53125,0.96875
pipe_fryum,fadb436ceeea2e435f8dca9e,0.05,32,32,1.0,0.0007894039154052734,0.03125,0.53125,0.96875
pipe_fryum,fadb436ceeea2e435f8dca9e,0.1,32,32,1.0,0.0007894039154052734,0.03125,0.53125,0.96875
pipe_fryum,fd5e2c989bb909c18fe9c77c,0.01,32,0,0.0,3.8443799018859863,,,
pipe_fryum,fd5e2c989bb909c18fe9c77c,0.05,32,0,0.0,3.8443799018859863,,,
pipe_fryum,fd5e2c989bb909c18fe9c77c,0.1,32,0,0.0,3.8443799018859863,,,
