image_AUROC,image_F1Score,pixel_AUROC,pixel_F1Score
0.4266666769981384,0.8235294222831726,0.530823826789856,0.006259575951844454
