image_id,category,split,reference_available,encoded_views,matching_reason,tight_area_fraction,context15_area_fraction,context30_area_fraction,tight_text,tight_visual,context15_text,context15_visual,context30_text,context30_visual,tight_text_z,tight_visual_z,context15_text_z,context15_visual_z,context30_text_z,context30_visual_z
018907bf1dcc6fa36230be24,candle,calibration,1,9,ok,0.014832181112106858,0.033673131907993,0.1050761746255281,-0.003937646746635437,0.09334656596183777,6.209313869476318e-05,0.058209240436553955,0.00296977162361145,0.07455012202262878,0.1352216825462865,1.387821889246194,1.3591218765222337,-0.3363918653968227,2.4238327181801407,1.6109387254211127
02bd8d596731ab3417010866,candle,evaluation,1,9,ok,0.0413392704732642,0.077677580762173,0.22728230486920156,-0.011273249983787537,0.15607234835624695,-0.01330980658531189,0.1862156093120575,-0.008147507905960083,0.07810744643211365,-1.6483053385159423,3.926158970988524,-2.372550501089023,5.683310240893172,-1.130994239870308,1.8168101062111124
0337f49d30789e965adb6aa3,candle,evaluation,1,9,ok,0.03975696667093415,0.08980124183843298,0.2957281131310545,-0.006581425666809082,0.12754520773887634,-0.006580248475074768,0.1127927303314209,-0.00693964958190918,0.08814913034439087,-0.5075681452845626,2.7717453295637227,-0.4945446356683425,2.230483142270616,-0.7447731935774052,2.3979478081775745
0376a84cc136cb65b92d2401,candle,evaluation,1,9,ok,0.01391867238509794,0.031535388127853885,0.12526805146588144,-0.006737262010574341,0.030419349670410156,-0.005169704556465149,0.12182402610778809,-0.004949435591697693,0.024997591972351074,-0.5454570987875583,-1.1586666592583474,-0.10090664203060037,2.6551941209907493,-0.10838851638420574,-1.2567917958348578
0397572d12c4b5519744c5d9,candle,evaluation,1,9,ok,0.016191108692869032,0.027773332479836127,0.06855182861776128,-0.003934159874916077,0.01938539743423462,-0.0016604512929916382,0.03240370750427246,-0.004692882299423218,0.03699734807014465,0.13606945603258416,-1.605179864038308,0.878414452176832,-1.549937896824938,-0.026353828209998327,-0.562335493112183
03d45ac46432e3ce12e9c228,candle,calibration,1,9,ok,0.014493449408953186,0.03268627576494687,0.13044104468057868,-0.003309383988380432,0.08553564548492432,-0.009501248598098755,0.06846198439598083,-0.009835511445999146,0.04486683011054993,0.28797307455176646,1.0717357707116713,-1.3097029676231111,0.1457596474536056,-1.6707450371273338,-0.10690861963371295
0405531b175ece4bbd28c84e,candle,evaluation,1,9,ok,0.01915767827422865,0.04345834400204839,0.17241910446805786,-0.004119902849197388,0.0498393177986145,-0.0032881498336791992,0.0751819908618927,-0.0027134716510772705,0.04241979122161865,0.09090921455095834,-0.37279483200683217,0.42417550268357734,0.4617785880148778,0.6065764057627621,-0.24852496296408114
04c7bc4c4d076ed304e64942,candle,evaluation,1,9,ok,0.03921152861349379,0.08859034267912773,0.3059414074168907,-0.004600316286087036,0.14581140875816345,0.00269925594329834,0.09282690286636353,-0.0029453039169311523,0.08539053797721863,-0.02589513245005379,3.5109274269391815,2.09507023063196,1.2915585035901669,0.5324464366267733,2.2383010753262567
07e83d7d169ce5da90f06bcb,candle,evaluation,1,9,ok,0.02688516195109461,0.06068365126104212,0.21738573806170786,-0.007108837366104126,0.06810450553894043,-0.004397928714752197,0.0616888701915741,-0.008081108331680298,0.0852031409740448,-0.6357993195325099,0.36634626080139554,0.11447147548978392,-0.17275676856991343,-1.1097625171250987,2.2274559357330164
090458eedba8b03d5dceaeaa,candle,evaluation,1,9,ok,0.014898860581231596,0.033598450902573296,0.13408974523108436,-0.006358116865158081,0.08740589022636414,-0.008930578827857971,0.07655417919158936,-0.008419215679168701,0.055597782135009766,-0.4532744125253452,1.1474193476701855,-1.150447165358748,0.5263079161339745,-1.2178746780516692,0.5141187751623386
0b8725cbe33f5e0feb795a4a,candle,evaluation,1,9,ok,0.01168624375880169,0.026490419493876156,0.10517619382921521,-0.00776517391204834,0.034294575452804565,-0.00984644889831543,0.03316318988800049,-0.004593998193740845,0.04932218790054321,-0.7953763749917712,-1.001847103916262,-1.4060374041391892,-1.514222035612874,0.00526504794287618,0.15093422924838343
0cb264047a386dc042459bb5,candle,calibration,1,9,ok,0.01704860666581317,0.03835936499807963,0.10869887018307516,0.002907872200012207,0.029988765716552734,0.0018155276775360107,0.0458965003490448,-0.0009492933750152588,0.025655597448349,1.799593053220293,-1.1760911882982108,1.8484497483725058,-0.9154179567553458,1.170684601285836,-1.2187113510067487
0dda1a135de067aabc798673,candle,calibration,1,9,ok,0.015781029957751887,0.03580887530405838,0.12673833376008192,3.8951635360717773e-05,0.03664565086364746,-0.0030145645141601562,0.04401233792304993,-0.005162745714187622,0.058850646018981934,1.1020638681053778,-0.9067056537898939,0.5005244733490004,-1.0040236771112203,-0.17659590217811752,0.7023702535852037
11b7553dab9fb5b3074cafdd,candle,calibration,1,9,ok,0.03325971919941962,0.07495039047497119,0.28634297785174756,-0.008058995008468628,0.052805811166763306,-0.0056486427783966064,0.07184645533561707,-0.007842034101486206,0.05545318126678467,-0.8668139715850081,-0.2527491373709696,-0.23456308354243927,0.3049197503686439,-1.0333168798440981,0.505750356379514
127520589c1faaae9b19ec3c,candle,evaluation,1,9,ok,0.04045576750736141,0.09140955063372168,0.2737805658686468,-0.0020403265953063965,0.0749102234840393,-0.004280030727386475,0.06410202383995056,-0.011112004518508911,0.047467827796936035,0.5965227709643346,0.6417546426259553,0.14737305805540632,-0.059274398688291804,-2.078912518555881,0.04361770956476569
1407a172b880c651154bb622,candle,calibration,1,9,ok,0.010139946869799,0.023050425681730893,0.09125952182819101,-0.0022714585065841675,0.05687388777732849,-0.008437663316726685,0.07358533143997192,-0.006200343370437622,0.05089101195335388,0.5403269823063724,-0.08812544807145371,-1.012890106500277,0.3866931514885739,-0.5083749233168996,0.24172605388702123
14332dc2dfe6114dc398c392,candle,evaluation,1,9,ok,0.01633113557803098,0.03697909998719754,0.14698022020227883,-0.005539700388908386,0.06746971607208252,-0.007721409201622009,0.09375926852226257,-0.010637938976287842,0.09177747368812561,-0.2542903818077091,0.34065810544777664,-0.813006338909052,1.3354044743176594,-1.927326785293743,2.607929234713549
1465cbb36ac902b4140e4c1d,candle,evaluation,1,9,ok,0.044413860794605894,0.10011522212264755,0.3308955319421329,-0.003374233841896057,0.09774190187454224,-0.005893677473068237,0.05905419588088989,1.2516975402832031e-05,0.058175891637802124,0.27220593689207645,1.565688847744681,-0.3029444818878759,-0.29665649822195067,1.478230107639579,0.6633205071585895
152d0fd95c8887703acb0d8a,candle,evaluation,1,9,ok,0.011958295992830624,0.02711453932488371,0.10762466393547561,-0.007739156484603882,0.04373353719711304,-0.008703351020812988,0.07480087876319885,-0.007183387875556946,0.04362291097640991,-0.7890506805170885,-0.6198787060081481,-1.0870351036116328,0.4438561883452861,-0.8227101973797815,-0.17889737305010137
15d1b4999c94ed929aba6f73,candle,evaluation,1,9,ok,0.043165621132590794,0.09739469978235821,0.3376141552511416,-0.00882352888584137,0.10417556762695312,-0.005632996559143066,0.08047887682914734,-0.0037232041358947754,0.045836448669433594,-1.0526973658648136,1.826041317295317,-0.23019672084098536,0.7108730345956729,0.28370746575807815,-0.050794335812773365
16371c78eea616c440a3b728,candle,evaluation,1,9,ok,0.030365830239405967,0.06843313916271924,0.22153253424657535,-0.0042875707149505615,0.06457015872001648,-0.0058151185512542725,0.06827512383460999,-0.0073438286781311035,0.08184167742729187,0.05014362793633711,0.22332112428253512,-0.28102118268590914,0.13697223379014456,-0.8740122527652545,2.0329195195433307
164a61895f124d74a7c4405b,candle,evaluation,1,9,ok,0.02970170272692357,0.06682883113557803,0.25014402765330945,-0.0060538649559021,0.06577205657958984,-0.005727022886276245,0.07543733716011047,-0.00882411003112793,0.06708940863609314,-0.3793007414004486,0.27195857110207017,-0.2564364814563895,0.4737866518535595,-1.347342445204458,1.17916833010118
171adaf8191f9b9b11622eaa,candle,evaluation,1,9,ok,0.017796750309392737,0.04045576750736141,0.16017075278453463,-0.0025013089179992676,0.06842809915542603,-0.003916352987289429,0.08576095104217529,-0.004204601049423218,0.05171963572502136,0.48444276851944285,0.3794411899483249,0.24886396099986793,0.959270934989747,0.12977747585531088,0.2896806119739247
1957eccd65cb87cda25c940f,candle,evaluation,1,9,ok,0.03738717833824094,0.08449355609610379,0.28521076046600946,-0.00010609626770019531,0.10191431641578674,-0.0022358298301696777,0.07589364051818848,-0.002289682626724243,0.06039652228355408,1.0667979402608414,1.73453480145232,0.7178445826613646,0.4952450395092616,0.7420858749893671,0.7918340315497329
1ba5359ad13a8a9089d50cb2,candle,evaluation,1,9,ok,0.03999167840225323,0.09023332479836128,0.27880953143003456,0.0017286241054534912,0.10520097613334656,-0.0061064958572387695,0.05661231279373169,-0.0033884942531585693,0.039612531661987305,1.5128789585253148,1.867536733316536,-0.3623353315089855,-0.4114899154355622,0.39073326385118656,-0.41098818960607364
1c17d2c430226e43ea124d85,candle,evaluation,1,9,ok,0.026575769214355824,0.0597954807323006,0.23663743438740237,-0.009509190917015076,0.060421913862228394,-0.002448827028274536,0.047437041997909546,-0.009799540042877197,0.03928151726722717,-1.219404413721655,0.05545325010502696,0.6584038317522385,-0.8429715473308436,-1.6592429323905888,-0.4301448316961052
1c550c6a0bf286189a4768e1,candle,evaluation,1,9,ok,0.023441834165493107,0.052838144923825374,0.2034950710536423,-0.00952942669391632,0.06540927290916443,0.0005505979061126709,0.06616505980491638,-0.006071120500564575,0.03606605529785156,-1.224324398313075,0.2572777300166428,1.4954480369429615,0.03774313296073965,-0.4670550176511781,-0.6162317665137672
1dd3bc2747366c4eb6b20337,candle,calibration,1,9,ok,0.01726731532454231,0.03900748943797209,0.11854676097810779,-0.006007984280586243,0.07287228107452393,-0.0011953115463256836,0.03787028789520264,-0.0007822811603546143,0.0559220016002655,-0.3681456364247626,0.5592848097906892,1.0082201776300554,-1.2928633013765596,1.22408791109919,0.5328821774579588
1eacea85f68939f737504131,candle,calibration,1,9,ok,0.015827038791447957,0.03578287031109973,0.1424433491230316,-0.005295425653457642,0.055037736892700195,-0.004807949066162109,0.09930694103240967,-0.0025233030319213867,0.04636704921722412,-0.19489913923985572,-0.16242934194430886,4.782206768259069e-05,1.5962925550257312,0.6673841359410297,-0.02008713712987776
20410585cac5208e0a0f7532,candle,evaluation,1,9,ok,0.021148727222293346,0.04812323966201511,0.19033854500064012,-0.009363740682601929,0.08880260586738586,-0.0036396384239196777,0.07581326365470886,0.0005453526973724365,0.04683983325958252,-1.184040665859469,1.2039405255482467,0.32608620420558176,0.4914651902827298,1.648608012020906,0.007274073828640317
206dcc79be4ebd28bb821bd5,candle,evaluation,1,9,ok,0.00815556586864678,0.018617574574318268,0.07007745487133529,-0.005518466234207153,0.006606370210647583,0.00015835464000701904,0.017738699913024902,-0.0014737695455551147,0.038859039545059204,-0.24912765865397327,-2.122311375707055,1.3859854032378454,-2.2395830907422036,1.0029797212447384,-0.4545946883872267
22dec60b6af2e8c94be95e24,candle,evaluation,1,9,ok,0.034047870524474035,0.05333824094226092,0.13619148209789614,0.0018651783466339111,0.028008759021759033,0.0004141777753829956,0.04093089699745178,-0.0017375051975250244,0.04680880904197693,1.5460797971083569,-1.256216524701203,1.4573775126269513,-1.1489333139768054,0.9186484239225976,0.0054786237146830985
23e908cb5ae2243950b9b570,candle,evaluation,1,9,ok,0.022797043699056885,0.05147855054837196,0.20517339329151196,-0.00017996132373809814,0.10089248418807983,-0.0022225379943847656,0.08597511053085327,-0.00473448634147644,0.0505947470664978,1.0488389096130741,1.693184107433093,0.7215539117372665,0.9693421239188748,-0.03965700817064113,0.224580453903497
24c93f8bdc5630c40b583c23,candle,calibration,1,9,ok,0.024570050783083684,0.038390704348568255,0.09828020313233474,0.001585736870765686,0.03089088201522827,0.0015901923179626465,0.060102641582489014,-0.0037431418895721436,0.03764951229095459,1.4781383604051936,-1.1395850632956734,1.785565808590233,-0.24735167961261104,0.2773322312353919,-0.5245930965283926
25cf114d9f935bb74411ce61,candle,evaluation,1,9,ok,0.019109002261767594,0.03003643366192976,0.07643600904707037,0.001535564661026001,0.02643001079559326,0.002629101276397705,0.03070354461669922,-0.00096893310546875,0.03322407603263855,1.4659398419079104,-1.320104052480668,2.075492291966774,-1.6298907476499978,1.164404661748541,-0.7807043105263266
25f27de6af83355048803af0,candle,evaluation,1,9,ok,0.04734308987325567,0.1067971717236376,0.37639826846754576,-0.003432855010032654,0.06447601318359375,-0.00556519627571106,0.0345194935798645,-0.00435909628868103,0.02659761905670166,0.257953198024149,0.21951131758008993,-0.21127581580135163,-1.4504397077302404,0.08037655542839663,-1.1641941726666203
28023ea0a103af5b6d8c691c,candle,calibration,1,9,ok,0.010604702769598429,0.023972602739726026,0.09544232492638587,-0.008981376886367798,0.05297979712486267,-0.010210126638412476,0.06020885705947876,-0.006912261247634888,0.04175460338592529,-1.091075419456058,-0.24570841197404816,-1.5075283070836507,-0.2423567286881174,-0.7360155844199334,-0.2870210691538267
2848f0f0cce91ec34d541f46,candle,evaluation,1,9,ok,0.05225803354244015,0.11770659966713609,0.3730316220714377,-0.005276799201965332,0.04877185821533203,-0.005909830331802368,0.06679081916809082,-0.004565209150314331,0.05761057138442993,-0.19037043471903484,-0.41599193756814307,-0.3074522315720436,0.06717045747297115,0.014470543531687745,0.630603991105127
28858dc685de10032ea5c704,candle,evaluation,1,9,ok,0.02386258161567021,0.044990638202534884,0.12666298595997097,-0.0025766342878341675,0.11413323879241943,-0.004140600562095642,0.09286999702453613,-0.007992565631866455,0.04278036952018738,0.46612868743724317,2.229000435575719,0.18628358738636294,1.2935850745881516,-1.0814503769653065,-0.227657382821172
28a912bcbfc060adbd6b5c80,candle,evaluation,1,9,ok,0.01949707677207357,0.04404045576750736,0.17547369094866214,-0.006009519100189209,0.08348557353019714,-0.007806718349456787,0.082273930311203,-0.0053913891315460205,0.04182833433151245,-0.3685188016772783,0.9887750890863148,-0.8368134117336462,0.7952882658201682,-0.24970621497041806,-0.28275407243727513
2a261e3bdfd586d154d91f87,candle,evaluation,1,9,ok,0.01996650023471173,0.045152669312508,0.1796985021124056,-0.005482271313667297,0.07463079690933228,-0.0059755295515060425,0.07910409569740295,-0.0021762847900390625,0.08510059118270874,-0.2403274800291141,0.6304470302036299,-0.32578679647748204,0.6462217758563654,0.778345616930804,2.221521119362097
2ad2206381d4bdca32f03741,candle,evaluation,1,9,ok,0.01726731532454231,0.03900748943797209,0.11612096189134981,-0.0002665221691131592,0.05068296194076538,-0.000557437539100647,0.029318511486053467,-0.0024148523807525635,0.06044846773147583,1.0277931139639154,-0.3386549117368677,1.18623054730733,-1.6950241228646212,0.702061981124969,0.7948402462938514
2ae17c08f2618611a574a091,candle,evaluation,1,9,ok,0.03887413049972261,0.08757281398028421,0.33175636388853325,-0.0037897825241088867,0.05863824486732483,-0.004188016057014465,0.055679142475128174,-0.0014212727546691895,0.08283445239067078,0.17117235051437096,-0.01672684838859237,0.1730514291806235,-0.4553737267003615,1.0197659329214377,2.090373923189962
2b6509024bae3e6bccca7363,candle,evaluation,1,9,ok,0.029121591345538343,0.054801188494857676,0.17472954807323007,0.00020548701286315918,0.08363977074623108,-0.0011034011840820312,0.021437764167785645,-0.0018334686756134033,0.02210170030593872,1.142554109485133,0.995015019405546,1.033869439670596,-2.0656287392416,0.887963438626559,-1.4243843871636022
2b7947bcdf5eb1937e18cad7,candle,evaluation,1,9,ok,0.02202022788375368,0.049545512738445784,0.19818205095378313,-0.0017660558223724365,0.12043383717536926,-0.004159212112426758,0.10812732577323914,0.0027318596839904785,0.059111595153808594,0.6632070392925179,2.483968040635561,0.18108969499196678,2.0110851084673453,2.347758731342167,0.717472041479353
2bef5c91b8c706579aea7dcc,candle,evaluation,1,9,ok,0.02393392864763368,0.04518734263645287,0.11400588913071309,0.0012678951025009155,0.18192759156227112,0.001043066382408142,0.13261649012565613,-0.004145711660385132,0.04079794883728027,1.4008605464619062,4.972448392691572,1.6328803425813911,3.1627268238643484,0.14860776496865627,-0.3423850928406919
2c0793530b61ae702a523af3,candle,evaluation,1,9,ok,0.03796262215678744,0.08614654013570605,0.3101375464089105,-0.008034348487854004,0.09449771046638489,-0.008368685841560364,0.06410038471221924,-0.005679309368133545,0.022627562284469604,-0.8608215897630578,1.4344054896541227,-0.9936406846478673,-0.059351481264287076,-0.34177070035707285,-1.3939514214952302
2c5663c18239325c54e74b87,candle,evaluation,1,9,ok,0.01825550505697094,0.04148796568941237,0.16429954551273845,-0.008101582527160645,0.09030422568321228,-0.005318105220794678,0.07598721981048584,-0.004654109477996826,0.0636671781539917,-0.8771684016014129,1.2647068821514131,-0.14232055264372392,0.4996457538479008,-0.013955950610574055,0.9811151773290172
2cfa0214b5f2d2f4cb9d4013,candle,evaluation,1,9,ok,0.019687780053770323,0.044764594802202025,0.15138306554858533,-0.001324981451034546,0.18000337481498718,-0.0031376779079437256,0.086536705493927,9.088218212127686e-05,0.073158860206604,0.7704467623455563,4.894580719519658,0.46616743654956,0.9957520159562367,1.503287924048254,1.530422877515383
2e80f741e604873cc90e0eda,candle,calibration,1,9,ok,0.014278741518371527,0.02676780608543507,0.06397761703580421,0.000499725341796875,0.1612846851348877,-0.005189180374145508,0.16298240423202515,-0.003145739436149597,0.11535495519638062,1.2140931490596363,4.137087670842133,-0.10634172398374352,4.59073199822651,0.46835579420177104,3.9724178545068827
2e8106dd75db3fc5e984bc53,candle,evaluation,1,9,ok,0.0183295192676994,0.04140861712115393,0.16496567340929458,-0.009264126420021057,0.062012284994125366,-0.01046067476272583,0.060779958963394165,-0.003979742527008057,0.06555676460266113,-1.1598211540821188,0.11981112439096685,-1.5774483284762664,-0.21549975770998278,0.20167754233314034,1.0904703348941887
2f58b6308449872980d0f985,candle,evaluation,1,9,ok,0.015999071821789782,0.03029581679682499,0.0959944309307387,-0.0009746551513671875,0.1023726761341095,-0.0013943463563919067,0.11438778042793274,0.0015579909086227417,0.05160382390022278,0.8556226369731554,1.7530833380409896,0.9526758856268933,2.305492897722307,1.9724060781331563,0.28297828810952724
2fb1025316c6a72a5b1a6459,candle,calibration,1,9,ok,0.021012034310587634,0.04743310715657406,0.1891083087952887,-0.006091058254241943,0.059278279542922974,-0.0061597079038619995,0.053748756647109985,-0.005893409252166748,0.04706123471260071,-0.38834365858762376,0.009173565901281796,-0.3771851231345969,-0.5461531756993029,-0.4102306178622719,0.02008713712987776
2fbf2833d60163d0ef245a37,candle,evaluation,1,9,ok,0.051896630819784066,0.11716382878846071,0.4594048724021679,0.0003346353769302368,0.074252188205719,-0.00010223686695098877,0.04060870409011841,-0.0006215125322341919,0.04295751452445984,1.1739543351506967,0.615125794259387,1.3132625928349633,-1.1640849454147124,1.2754947909685936,-0.21740555239142975
311730124e71844f46e71f0e,candle,evaluation,1,9,ok,0.038488723168181624,0.08721674561515812,0.31774900780949944,-0.003246903419494629,0.1716558039188385,-0.0016456842422485352,0.09235534071922302,0.0009941458702087402,0.07669001817703247,0.30316416099640797,4.556777858569519,0.882535466878871,1.269382547227018,1.7921127305218514,1.7347799401497104
32af7e9c3515f7af9bb99b62,candle,calibration,1,9,ok,0.011551551231169717,0.026255707762557076,0.10396396108052747,-0.006237894296646118,0.054723262786865234,-0.006254255771636963,0.08818912506103516,-0.007510662078857422,0.050010859966278076,-0.42404434206615893,-0.175155229986158,-0.4035704291733828,1.0734596615677616,-0.9273583855873737,0.1907894273591648
34a077336b6fdfd91ed8d6ee,candle,evaluation,1,9,ok,0.016557178978363847,0.03770123863781846,0.1281786102931763,0.0019018352031707764,0.09633982181549072,-0.0005235373973846436,0.055372387170791626,-0.0021949708461761475,0.0555342435836792,1.5549922876053324,1.5089505868636317,1.195690999827147,-0.46979938042253133,0.7723706213467617,0.5104416381374042
35555342b9e396a1963cb9ad,candle,calibration,1,9,ok,0.01581103571885802,0.035574830367430546,0.14229932146972218,-0.005788549780845642,0.04404252767562866,-0.007119983434677124,0.06671983003616333,-0.0056570470333099365,0.025988727807998657,-0.314793874205876,-0.6073747250360203,-0.645167515105831,0.063832081181685,-0.3346521649483335,-1.1994322526649488
35668050020a627f0adc5472,candle,evaluation,1,9,ok,0.02346450518499552,0.053087526138351895,0.21118054666495967,-0.00901058316230774,0.08772480487823486,-0.003360927104949951,0.08839970827102661,-0.004364281892776489,0.04821854829788208,-1.098176428144705,1.1603249321978417,0.40386567846081445,1.0833626703310815,0.07871842268258586,0.08706380790346151
374d1b7e63e3e8805e3ad727,candle,calibration,1,9,ok,0.0422454444586694,0.07760690052490078,0.18714593201894764,0.0013998150825500488,0.06961947679519653,0.004242300987243652,0.07871866226196289,0.0004338175058364868,0.06958767771720886,1.432934643360168,0.42765291287866614,2.5256850786900147,0.6280961584864225,1.6129438637381655,1.323749494513097
380098d5d0df7c3e5cff93b3,candle,calibration,1,9,ok,0.028393451542696197,0.05343425937780054,0.1703607092561772,0.0026617199182510376,0.04450106620788574,0.0018674731254577637,0.07261386513710022,0.0028208494186401367,0.06520459055900574,1.739745317236741,-0.5888189523472512,1.8629460725413327,0.34100841094824863,2.3762138139800464,1.0700891302864726
3805625b1dd1455114f818a2,candle,evaluation,1,9,ok,0.03685707655869927,0.06939732428626297,0.22114245935219562,-0.005885899066925049,0.19859284162521362,-0.003242671489715576,0.1119818389415741,-0.00010588765144348145,0.032224059104919434,-0.3384626955134943,5.6468444798585296,0.4368670636024701,2.1923496911750644,1.440369409943566,-0.838577825006475
38388c206a95973c3f970bab,candle,calibration,1,9,ok,0.01581103571885802,0.035574830367430546,0.14229932146972218,-0.0034497082233428955,0.04260346293449402,-0.006987780332565308,0.057707250118255615,-0.006767541170120239,0.06063872575759888,0.25385562617371027,-0.665609652621006,-0.6082738294988793,-0.35999875467072023,-0.6897403395138578,0.80585096053737
3a0fabced1a25417899bd736,candle,evaluation,1,9,ok,0.013934675457687876,0.031726091409550634,0.1254120791191909,-0.006715148687362671,0.0362280011177063,-0.007920235395431519,0.06465113162994385,-0.008045047521591187,0.035360366106033325,-0.5400806207804398,-0.9236067715892186,-0.8684924127428615,-0.03345173572987558,-1.0982318238927362,-0.6570717888465174
3a8a0b54a7eedf424bceb3c5,candle,calibration,1,9,ok,0.02530352494345581,0.05703895147868391,0.2277317244911023,-0.006700918078422546,0.08910578489303589,-0.00804850459098816,0.05399671196937561,-0.00955653190612793,0.05562251806259155,-0.5366206905265327,1.216209333267137,-0.9042882700134476,-0.5344926842032908,-1.5815394013024218,0.5155503059928713
3a8f69b9a03aa2ff82aad84a,candle,evaluation,1,9,ok,0.012615755558400546,0.028557483036743055,0.11354180002560492,-0.003918558359146118,0.01401934027671814,-0.005462735891342163,0.044568806886672974,-0.0004998445510864258,0.03442537784576416,0.13986269893922373,-1.8223291979442167,-0.18268237776783045,-0.9778548433115163,1.3143989687546427,-0.7111819295047113
3a9e7bbb83efa89926c297da,candle,calibration,1,9,ok,0.025164831647676352,0.05701361328041651,0.22648348482908717,-0.0038442760705947876,0.06228995323181152,-0.002941340208053589,0.06400510668754578,-0.002944931387901306,0.08296135067939758,0.1579231725682574,0.1310475818289794,0.5209590507918048,-0.063832081181685,0.5325655553585126,2.0977178488241885
3aaddddf417ac998f01f564f,candle,evaluation,1,9,ok,0.0414799641531174,0.09345794392523364,0.3733196773780566,-0.0009195804595947266,0.11255443096160889,-0.004110366106033325,0.15290480852127075,-0.004578828811645508,0.14829891920089722,0.8690131105003186,2.1651104957628875,0.19472106350183915,4.116817108996522,0.010115562699299665,5.878968558800959
3b04f439dbfad1e077c3e306,candle,evaluation,1,9,ok,0.0534309254043443,0.12073718153885546,0.38113717833824096,-0.005976170301437378,0.11752498149871826,-0.0050611793994903564,0.044106125831604004,-0.0033559203147888184,0.022220134735107422,-0.36041060910320055,2.36625478226514,-0.0706207186451823,-0.999613152262909,0.4011490057544692,-1.4175302865364494
3b705eaea187dc69831b6022,candle,evaluation,1,9,ok,0.04416848034822686,0.0995391115094098,0.3424437491998464,-0.004437863826751709,0.10181134939193726,-0.00446280837059021,0.04351615905761719,-0.0017127543687820435,0.14021319150924683,0.013602416898737594,1.7303680138116273,0.09636562482108829,-1.0273572736156802,0.9265626724593554,5.41102700133894
3d38231c78d6540e798da39e,candle,evaluation,1,9,ok,0.03840470703708446,0.08689134980582938,0.32095362309563435,-0.005381852388381958,0.10681238770484924,-0.0016593635082244873,0.12261882424354553,0.0007247477769851685,0.07712337374687195,-0.21591232821646458,1.9327460553808635,0.8787180183455998,2.692570761340166,1.7059708284772737,1.7598593254590784
3d5fde0649bf18fcee72d34a,candle,evaluation,1,9,ok,0.022188260145948022,0.050205639482780694,0.1996943413135322,-0.006703183054924011,0.04892018437385559,-0.006866186857223511,0.08144360780715942,-0.002428978681564331,0.04316401481628418,-0.5371713809962645,-0.4099895925355158,-0.5743409536475802,0.7562410358237267,0.6975449988174155,-0.20545485706039268
3e8166e4ca9fda8b6c05f63c,candle,calibration,1,9,ok,0.07443495817863696,0.16822229868134683,0.5042368134681859,-0.007205873727798462,0.05430564284324646,-0.0020008087158203125,0.04052692651748657,0.0011623203754425049,0.012865185737609863,-0.6593920586041784,-0.19205514176879943,0.7834315088778708,-1.1679306652061856,1.845887690778232,-1.9589248982282563
409b59d1b05a0599ae1ff2e2,candle,calibration,1,9,ok,0.028679506465241325,0.06498247663551401,0.24466097490718217,-0.00827208161354065,0.07708123326301575,-0.0030802786350250244,0.06856834888458252,-0.0033995509147644043,0.03305691480636597,-0.9186223513031989,0.7296093399520152,0.4821857500028939,0.15076160588500792,0.3871978198931647,-0.7903783544160347
40b567c425466876d29022d3,candle,evaluation,1,9,ok,0.03186745188409508,0.07193381129176801,0.2694997439508386,-0.005880221724510193,0.04563528299331665,-0.006368964910507202,0.03884086012840271,-0.00459626317024231,0.029247701168060303,-0.33708234637554807,-0.542920369415419,-0.43558210543604226,-1.2472206058776862,0.004540806053901357,-1.0108272033743015
41895d6b97653c22ec1c985c,candle,calibration,1,9,ok,0.02204823326078607,0.04987490931592199,0.17772212264754833,-0.009946644306182861,0.05029204487800598,-0.005533963441848755,0.07677611708641052,-0.008080333471298218,0.03359600901603699,-1.325763756615846,-0.3544742325713005,-0.20255972416111598,0.5367448969237345,-1.1095147501630809,-0.7591796059901248
433fea52c6a7370fa6aeb8f5,candle,evaluation,1,9,ok,0.039505585072333885,0.08935915695813597,0.31121041906712754,-0.004130899906158447,0.14888399839401245,-0.005148768424987793,0.07621422410011292,0.00020775198936462402,0.038785189390182495,0.08823546740186569,3.63526654096748,-0.09506403289198821,0.5103209898725551,1.5406578525695007,-0.45886858404753983
4362c986c451ca0169a06bfe,candle,evaluation,1,9,ok,0.009399804762514403,0.021268750266717876,0.08459824286262962,-0.0058949291706085205,0.062292397022247314,-0.006464123725891113,0.06984993815422058,-0.004167735576629639,0.04610982537269592,-0.3406582114651882,0.13114647519700742,-0.46213790754221823,0.21103036980363873,0.14156546554823002,-0.03497333303147695
44432f9b6735f9e80a62743b,candle,evaluation,1,9,ok,0.01568301113813852,0.03536679042376136,0.132913519395724,-0.005111873149871826,0.0703730583190918,-0.0033799558877944946,0.10966712236404419,-0.006504535675048828,0.054987162351608276,-0.15027147340987843,0.45814825073179327,0.3985553497277129,2.083496480357304,-0.6056425149059261,0.47878066047946694
44575a057dce2cd30505a81e,candle,evaluation,1,9,ok,0.032807632398753894,0.06186587824862374,0.17601246105919002,0.0021456629037857056,0.05429074168205261,-0.003199756145477295,0.05058452486991882,-0.004114717245101929,0.04482749104499817,1.614274841264686,-0.19265815011043366,0.448843372726458,-0.69495618340334,0.15851844344936436,-0.10918527107504199
448d37cae11c1c3ebcadf87d,candle,calibration,1,9,ok,0.014865520846669228,0.033818493150684935,0.13378968762002305,-0.003673166036605835,0.09561115503311157,-0.005648404359817505,0.06131774187088013,-0.008847743272781372,0.025092661380767822,0.1995256637783263,1.479463478957717,-0.23449654849175045,-0.1902096652766248,-1.354899337545998,-1.2512898881849792
4616c9fc2bca6b5444db9701,candle,calibration,1,9,ok,0.0334704263218538,0.07540247727563693,0.2534726667520164,-0.0007699280977249146,0.1371816098690033,0.002960696816444397,0.1414937973022461,-0.005197107791900635,0.03584149479866028,0.9053985341024019,3.16170358799849,2.1680300721529213,3.580196244945071,-0.1875834139937487,-0.6292276518246871
46b0e12d6e07e7f1aaadf6c3,candle,calibration,1,9,ok,0.018274175308325865,0.041523972602739725,0.1644675777749328,-0.009008467197418213,0.1029241681098938,-0.007293522357940674,0.0483439564704895,-0.005195200443267822,0.04081776738166809,-1.0976619673111399,1.775400676764873,-0.6935967151259572,-0.8003224587833503,-0.1869735260872436,-0.34123814344032544
49394ccb1efc6c22a2987367,candle,evaluation,1,9,ok,0.03354043976443477,0.07569119937694704,0.2766051081807707,-0.0076133012771606445,0.054142534732818604,-0.008042067289352417,0.043519794940948486,-0.007436156272888184,0.03565463423728943,-0.758451129810806,-0.19865567107632787,-0.9024918236448494,-1.0271862904471087,-0.9035346392395177,-0.6400417461710001
49bb0092a4a460b1f0a34fc1,candle,calibration,1,9,ok,0.022404301625912174,0.05050569709384202,0.19549353475867368,-0.010192960500717163,0.06491222977638245,-0.004266947507858276,0.04694220423698425,-0.00584450364112854,0.048397600650787354,-1.3856513451991812,0.23716378377309089,0.15102416896195542,-0.8662420762731254,-0.3945927107595392,0.09742602143338942
4a31eb32a2d6a573f21182c3,candle,calibration,1,9,ok,0.02833077284171894,0.05791511970298297,0.1396288087312764,0.0034812837839126587,0.0761745274066925,0.002528086304664612,0.07843151688575745,-0.0005448460578918457,0.043642908334732056,1.9390083161528595,0.6929174883802546,2.047302222678054,0.6145926926734325,1.3000094259605375,-0.17774007523409247
4b64c6c4d511dd2981168b64,candle,calibration,1,9,ok,0.013626616310331584,0.025588913071309692,0.062367974651133015,-0.0006898492574691772,0.049631088972091675,0.0015480667352676392,0.048271000385284424,0.0004779994487762451,0.038939476013183594,0.924868340578315,-0.3812212705728292,1.7738098968216518,-0.8037533341658308,1.6270713453224441,-0.449939626084085
4c34d07b1a724a2306c8048e,candle,evaluation,1,9,ok,0.039967673793368325,0.09042002731191055,0.3286230956343618,-0.00347156822681427,0.13077089190483093,-0.0012809336185455322,0.10687661170959473,-0.004711970686912537,0.12088221311569214,0.24854073854807487,2.902279751293971,0.9843257775514322,1.952268299980189,-0.03245747202431904,4.292294280957375
4cd51110d2020c2bfdf72e34,candle,evaluation,1,9,ok,0.037715908121025904,0.0853463865062092,0.2733178103529211,-0.0039047151803970337,0.13834503293037415,0.0016903132200241089,0.0690748393535614,-0.0034044384956359863,0.08184424042701721,0.1432284321390978,3.2087840672799257,1.8135063714388702,0.17458012186754704,0.38563498213274533,2.0330678468342054
4de6dd383f983d0681a2c5b6,candle,evaluation,1,9,ok,0.02816807493705458,0.057397687022575,0.17796016835232364,0.001267164945602417,0.053478091955184937,-0.008035510778427124,0.18941637873649597,-0.0008035898208618164,0.03693300485610962,1.40068302124469,-0.22554381302979895,-0.9006621097509068,5.833831489291213,1.2172743196437033,-0.5660591980075084
4f00350f4809acd0fd306558,candle,calibration,1,9,ok,0.012128328639098707,0.023014418768403534,0.07276997183459225,0.0016696751117706299,0.1873094141483307,-0.0037355273962020874,0.1368752121925354,-0.002478852868080139,0.08032843470573425,1.4985465144578207,5.190235709422929,0.29932663850667124,3.3629999698125013,0.6815973830121607,1.9453443274335405
4f3aa4924e256e829a1ff63b,candle,calibration,1,9,ok,0.01628846071779115,0.03683507233388811,0.1374183843297913,-0.007247164845466614,0.05117940902709961,-0.004718482494354248,0.05128905177116394,-0.0010966360569000244,0.04424864053726196,-0.6694312907859341,-0.3185650858269811,0.025015099838662982,-0.6618246907391903,1.1235707605083158,-0.14268481724544646
516898df19f1c090a7b218ab,candle,evaluation,1,9,ok,0.03355844322109845,0.06883321597746768,0.1595666367942645,-0.002620011568069458,0.15399107336997986,-0.004645496606826782,0.11345511674880981,-0.0012662708759307861,0.043679654598236084,0.4555822403491555,3.841935589895785,0.045383142230778564,2.2616329119809966,1.0693288548235174,-0.17561347581957829
51c10aeb7a24d9378ed3359d,candle,calibration,1,9,ok,0.017939444373319676,0.04059179362437588,0.1614549993598771,-0.001109108328819275,0.06111931800842285,-0.006968110799789429,0.15608707070350647,-0.005244165658950806,0.06327295303344727,0.822932636260062,0.08367524651019298,-0.6027846878170515,4.266468025036507,-0.20263049218705456,0.9583003703093956
528a606734c2cd1b788abba8,candle,evaluation,1,9,ok,0.03784726667520164,0.08532838304954551,0.3241102291639995,-0.007379442453384399,0.04712226986885071,-0.0042279064655303955,0.04220181703567505,-0.00394865870475769,0.05603018403053284,-0.7015923388109957,-0.48274616700373746,0.16191928351225,-1.0891662875528347,0.21161680930946586,0.5391429689216136
5522c3c673d05e27a999e37a,candle,evaluation,1,9,ok,0.05782710280373832,0.12587616822429906,0.3814252336448598,2.5957822799682617e-05,0.07376053929328918,-0.0037699639797210693,0.05775034427642822,-0.002314329147338867,0.11665964126586914,1.0989046438316532,0.5952301370355065,0.28971648212280454,-0.3579721836727355,0.7342049796974963,4.047923344505748
564b87f329cefaaca090bb92,candle,evaluation,1,9,ok,0.042834890965732085,0.0963785046728972,0.33859434344727524,-0.0026913583278656006,0.053039342164993286,-0.002598792314529419,0.06368565559387207,-0.0014346539974212646,0.024986475706100464,0.43823549055260325,-0.2432987906408777,0.6165532848689695,-0.0788547744924727,1.0154871880773628,-1.2574351223406273
57182add803c888ac5d8e2e3,candle,evaluation,1,9,ok,0.01248239662015107,0.028325438484188965,0.11234156958135962,-0.00865347683429718,0.088001549243927,-0.010381504893302917,0.07194295525550842,-0.007232666015625,0.04341530799865723,-1.0113521050715273,1.1715240031186729,-1.5553545332069094,0.3094578118426928,-0.8384672232142534,-0.19091188361093325
5a0c81242b700a179e91dac6,candle,evaluation,1,9,ok,0.01674721546536935,0.037915279733708875,0.12388778645499936,0.0018850713968276978,0.03754532337188721,0.0025678277015686035,0.08881422877311707,0.0008398890495300293,0.03641718626022339,1.5509164535365936,-0.8702984221553846,2.058392783939747,1.102856153049595,1.7427880460832503,-0.5959109276639651
5a58f0b785aa7f090ae7826b,candle,evaluation,1,9,ok,0.03965561387786455,0.08922513122519524,0.2827822942004865,-0.0034085214138031006,0.11137640476226807,-0.004952281713485718,0.09367227554321289,-0.002376943826675415,0.050994694232940674,0.2638694976101494,2.11743906830665,-0.040230834243062924,1.3313134917843832,0.7141835032667582,0.24772641022367556
5b68c80e7bea5147eed2f155,candle,calibration,1,9,ok,0.020934686126402938,0.04719706183587249,0.18841217513762643,-0.0006309002637863159,0.10935103893280029,-0.002045959234237671,0.08856725692749023,-0.0026946663856506348,0.10082802176475525,0.9392007846458089,2.0354781745117236,0.7708314336536751,1.0912419110991802,0.612589519340961,3.1317073935101023
5b7a35f2be4da81e6f199877,candle,evaluation,1,9,ok,0.041299929586480606,0.09331524986130671,0.3144123671744975,-0.007948726415634155,0.15284070372581482,-0.010273933410644531,0.07054293155670166,-0.00970873236656189,0.043381839990615845,-0.8400040408217484,3.7953833459216213,-1.5253347500242467,0.24361948143305812,-1.630206550341822,-0.19284876207200335
5c62a5405c5217938000e6eb,candle,evaluation,1,9,ok,0.026249039815644602,0.05938473520249221,0.23624135834080143,0.0003563612699508667,0.0884408950805664,-0.0028001070022583008,0.08000621199607849,-0.0026153624057769775,0.03198781609535217,1.1792366161037822,1.189303101063417,0.5603727514435957,0.6886452226813998,0.6379475149536189,-0.852249806806032
5c978ff781b668c77d23f69f,candle,calibration,1,9,ok,0.027848013485255837,0.06297609140955063,0.2506321213673025,-0.0072533488273620605,0.058431804180145264,-0.005098968744277954,0.09072917699813843,-0.004423052072525024,0.0700300931930542,-0.6709348206868466,-0.025080925953593226,-0.08116652417936056,1.192909624332799,0.05992625156339702,1.3493531995483468
5e54cd215840db218ecaebc7,candle,calibration,1,9,ok,0.013919339179789186,0.03163207335808475,0.12527405261810268,-0.0023611783981323242,0.04386866092681885,-0.005891472101211548,0.0411052405834198,-0.004623502492904663,0.04218122363090515,0.5185131183704825,-0.6144106263662087,-0.3023290326690043,-1.1407345308936718,-0.004169155610874803,-0.26233147416698943
60b8d7bc2f2600871270d2fd,candle,evaluation,1,9,ok,0.017928108863568472,0.040669808603251825,0.16135297977211624,-0.00341835618019104,0.049557626247406006,-0.005329713225364685,0.06233218312263489,-0.0016775429248809814,0.04346194863319397,0.261478341623156,-0.384194101697086,-0.14555997792413594,-0.14250395974384164,0.9378217749833522,-0.18821267186420604
611be7471202b6452d9c2538,candle,evaluation,1,9,ok,0.04114923398625869,0.09281782102163616,0.3206855716297529,-0.005329415202140808,0.13828688859939575,-0.005906850099563599,0.050015151500701904,-0.00542023777961731,0.06268087029457092,-0.20316311924944966,3.206431128730869,-0.3066205434384333,-0.7217318673013341,-0.2589307695563079,0.9240350413814532
630088109ead89c8d371f7c6,candle,evaluation,1,9,ok,0.012283691802159349,0.027850680664020824,0.11055322621943413,-0.005412846803665161,0.0712108314037323,-0.007421955466270447,0.09835714101791382,-0.0024498403072357178,0.0493948757648468,-0.22344809253911055,0.49205058571515387,-0.7294383152438919,1.5516267059899251,0.6908743498400158,0.15514086020702095
630dde95782ed7537300aa3e,candle,evaluation,1,9,ok,0.04230812315964665,0.09109549033414416,0.22886127469807535,-0.005794093012809753,0.07358628511428833,-0.004500970244407654,0.058717578649520874,-0.007693201303482056,0.09669774770736694,-0.31614161667127233,0.5881785574884357,0.08571585827020875,-0.31248645632861616,-0.985726564139621,2.8926779642658977
63f8e27719f8e494afb5c4f4,candle,calibration,1,9,ok,0.02376456279605684,0.05379432851107412,0.16734212968890028,-0.0017050206661224365,0.16409948468208313,-0.005301147699356079,0.09142637252807617,-0.0005280375480651855,0.07261121273040771,0.6780466982663438,4.250994740560159,-0.13758824716348148,1.2256963476570428,1.3053840631366138,1.498729129874578
643ae60e1cbd975cd01427a4,candle,evaluation,1,9,ok,0.017027269235693254,0.038599411086928694,0.14739229932146972,-0.0031250715255737305,0.03848785161972046,0.00027658045291900635,0.0650765597820282,2.4974346160888672e-05,0.05703660845756531,0.3327855115261932,-0.8321569385303352,1.418978471498165,-0.013445303505648088,1.4822134380289405,0.5973873016289483
668fafb002ba2bedb08a302a,candle,evaluation,1,9,ok,0.03258625656125976,0.07390618998847778,0.2679314428370247,-0.0006946176290512085,0.06711119413375854,-0.00317952036857605,0.05649256706237793,-0.0006736516952514648,0.052162498235702515,0.9237089922209849,0.32614972474805665,0.45449053515367177,-0.4171211479873622,1.2588229332743641,0.31531018804828037
66b75ddaa7644fa98b36d8d5,candle,calibration,1,9,ok,0.01151554431784236,0.02465273332479836,0.0747463512994495,0.0014223158359527588,0.017380177974700928,0.0022651255130767822,0.009126275777816772,-0.0001795738935470581,0.04051002860069275,1.4384053184213195,-1.6863254905553453,1.9739182202089516,-2.6445959675420903,1.4168077248055364,-0.35904776676090394
66dc8ad1e500ba364d4213d5,candle,evaluation,1,9,ok,0.03197413903469466,0.07215785430802714,0.24824366278325438,-0.0054620057344436646,0.0773501992225647,-0.006329059600830078,0.060989171266555786,-0.007526189088821411,0.08182960748672485,-0.235400249510461,0.7404936405185133,-0.42444580132700066,-0.20566121801022258,-0.932323254326267,2.0322210014874686
68f60c1f1d771ddfcae1d3d1,candle,calibration,1,9,ok,0.028287431186787865,0.06403429458456024,0.25458688068109075,-0.0058668553829193115,0.038859158754348755,-0.008890122175216675,0.04491978883743286,-0.0038355886936187744,0.041226714849472046,-0.333832548011407,-0.817131176673493,-1.1391569989449886,-0.9613493615388559,0.24777172676697215,-0.3175713168661458
6993e24e4599200daa428d22,candle,evaluation,1,9,ok,0.014082703879144795,0.03187812059915504,0.12674433491230316,-0.0003116428852081299,0.034625351428985596,-0.007980585098266602,0.06394299864768982,-0.00925341248512268,0.024951189756393433,1.0168227801326788,-0.988461524748665,-0.8853340974484695,-0.06675281006121495,-1.4846148716608043,-1.2594772096940616
6a235ff1c591fcaab5ee145e,candle,evaluation,1,9,ok,0.026405069773396492,0.054250416079887336,0.16743214697221867,0.003161504864692688,0.0763205885887146,-0.0004943311214447021,0.06730198860168457,-5.754828453063965e-05,0.06934365630149841,1.8612595169394066,0.6988281761449534,1.2038415435365277,0.09120900917244226,1.4558262565740552,1.3096273566330954
6a2be6ac3069e965f9402809,candle,calibration,1,9,ok,0.019950497162121793,0.044888618614774035,0.13950678530277813,0.00048807263374328613,0.015429377555847168,0.0003464818000793457,0.0951898992061615,-0.0023957043886184692,0.05601221323013306,1.2112599915114108,-1.7652689306087344,1.438485716671994,1.402682146646333,0.708184683936368,0.538102953149552
6bd63112425bda2aedb01901,candle,evaluation,1,9,ok,0.01529093585968506,0.034482620663167325,0.13761842273716554,-0.0031501948833465576,0.04319444298744202,-0.004763573408126831,0.0783395767211914,-0.0027515292167663574,0.07898414134979248,0.32667719486851,-0.6416943417917919,0.012431658377139554,0.6102690609107887,0.5944072361282772,1.8675466633698823
6ddc20204206078e5ade3661,candle,evaluation,1,9,ok,0.026091676268510222,0.05901266376477617,0.2228107796696966,-0.007971182465553284,0.08031007647514343,-0.004777401685714722,0.055337607860565186,-0.004125416278839111,0.04935872554779053,-0.84546384699205,0.8602715994506903,0.008572625437187887,-0.47143493253501284,0.15509735347381223,0.1530487555113148
6e61d7dd6e997a7fdc6cd3a6,candle,evaluation,1,9,ok,0.03151805146588145,0.06851448811505143,0.20489734028933554,-0.0028173625469207764,0.09203886985778809,-0.0006417930126190186,0.04089069366455078,-0.003291577100753784,0.02590000629425049,0.4075997102101541,1.3349030832010558,1.1626896146854913,-1.1508239393407622,0.4217231931004776,-1.204566791559522
702376d1e341046ee522ec4d,candle,evaluation,1,9,ok,0.008773684547433108,0.020023844578159006,0.07896316092689797,0.0015187114477157593,0.05720239877700806,0.0012175589799880981,0.04968762397766113,-0.0016230195760726929,0.04711580276489258,1.4618422700574718,-0.07483152617178512,1.6815756828042725,-0.7371343674865712,0.9552559925607131,0.0232451286367516
716a512d04c9ac13b1bd61e9,candle,calibration,1,9,ok,0.022086240558187174,0.050059611445397514,0.19877616502368456,-0.0027463138103485107,0.0703599750995636,-0.004048660397529602,0.05791094899177551,-0.0042153000831604,0.09346938133239746,0.4248740007343733,0.4576188094078384,0.21194116630823986,-0.3504194927265805,0.12635638587975875,2.705844218786042
730258815fa38b1e598f7883,candle,calibration,1,9,ok,0.009738536465668074,0.022032896982887382,0.08764682819101267,-0.006210982799530029,0.04385936260223389,-0.007505491375923157,0.057193607091903687,-0.007284045219421387,0.038122713565826416,-0.41750126977447694,-0.6147869035713884,-0.7527505336289878,-0.38415363098487515,-0.8548960786957349,-0.4972077392667089
7520ff5bc199413fa9806d90,candle,calibration,1,9,ok,0.022319618700123757,0.05040234391669867,0.2008765683011138,-0.00820741057395935,0.058824896812438965,-0.0041760653257369995,0.07240763306617737,-0.0087222158908844,0.04241827130317688,-0.9028986892069087,-0.009173565901281796,0.17638649859640068,0.33131002138666166,-1.31476108969913,-0.24861292449704156
760008f6fc093a45ece0ac35,candle,evaluation,1,9,ok,0.01968111210685785,0.04456455639482781,0.17713000896172065,-0.00669705867767334,0.07928550243377686,-0.006447508931159973,0.048423200845718384,-0.005952626466751099,0.0609818696975708,-0.5356823429498186,0.8188099518966028,-0.45750124619734095,-0.7965958666093244,-0.4291657314595479,0.8257095701551448
76192909eb93b254c213e39b,candle,evaluation,1,9,ok,0.031093970042248113,0.0703094994238894,0.2436467801817949,-0.003714650869369507,0.07293933629989624,-0.0076309144496917725,0.07275903224945068,-0.007788151502609253,0.09136435389518738,0.18943933306955407,0.5619983473280432,-0.7877521287319762,0.3478351241786663,-1.0160875464853287,2.584020945107713
78206fed1fa02dbff8a87a77,candle,calibration,1,9,ok,0.039505585072333885,0.08935915695813597,0.2833504032774293,-0.0034195929765701294,0.04805293679237366,-0.0027490556240081787,0.055510103702545166,-0.003866434097290039,0.08050650358200073,0.26117763564297347,-0.44508467801862894,0.5746195691723396,-0.4633230425375467,0.23790869577895976,1.9556496246774353
7979bb1186c1491bf79e60f3,candle,calibration,1,9,ok,0.02532152840011949,0.057345010241966456,0.22789375560107542,-0.007670015096664429,0.05465415120124817,-0.007576644420623779,0.06222698092460632,-0.009118497371673584,0.03814905881881714,-0.7722401293358014,-0.17795198267465764,-0.7726070878189331,-0.14745125962135638,-1.4414748317741066,-0.49568307269539463
7a3fed57e7f8a98a82e5da5c,candle,evaluation,1,9,ok,0.04395910681517518,0.09954311227755729,0.29399644731788505,0.002608969807624817,0.0855225920677185,0.00047665834426879883,0.07270845770835876,-0.007536783814430237,0.06864255666732788,1.726920026033776,1.0712075354043997,1.4748138543480906,0.3454567763338667,-0.9357109910569321,1.269052943635167
7c25547c8e25f6647a888898,candle,evaluation,1,9,ok,0.03882878846071779,0.08748079631289207,0.3283710472410703,0.0033264607191085815,0.11229413747787476,-0.0011263489723205566,0.06147277355194092,-0.005355954170227051,0.06058782339096069,1.9013657241757964,2.15457714605122,1.0274654410417972,-0.18291905508885378,-0.23837564120737775,0.8029051115511655
7d20f6536960e35f4eb70a0b,candle,calibration,1,9,ok,0.01617310523620535,0.036693045064652416,0.14555794712584816,-0.006671935319900513,0.04503130912780762,-0.00950634479522705,0.05316069722175598,-0.006178617477416992,0.053947508335113525,-0.5295740262921353,-0.5673615035185382,-1.3111251543315847,-0.5738076009636431,-0.5014279188818648,0.4186132471985855
7e1ce1f0bf66cadff14a2b82,candle,evaluation,1,9,ok,0.04070781590065293,0.09197899330004694,0.3515174913583408,-0.004072844982147217,0.06177115440368652,-0.0021040737628936768,0.039188504219055176,-0.005268126726150513,0.05745375156402588,0.10235053365236021,0.11005324340664147,0.7546135150482749,-1.2308720922597798,-0.21029220901252507,0.621528430586738
7e422b807c93d1f858ef804f,candle,evaluation,1,9,ok,0.012149666069218624,0.027743326718729998,0.10934699462296761,-0.003640085458755493,0.06942003965377808,-0.010535240173339844,0.0452420711517334,-0.0028405487537384033,0.050237834453582764,0.2075686430073042,0.4195822492342334,-1.5982571655791953,-0.9461935255968036,0.5659426239918588,0.2039250162812572
7ec7b3c03939cbd21a14b77c,candle,evaluation,1,9,ok,0.03834869628301967,0.08660062732044553,0.284702662911279,-0.004928141832351685,0.06700772047042847,-0.009941458702087402,0.038500428199768066,-0.003980666399002075,0.05368781089782715,-0.10560033201650128,0.3219624348237485,-1.4325516218386847,-1.2632299561612135,0.2013821278784269,0.40358389821393303
7f9133a19d90ab1a00004736,candle,evaluation,1,9,ok,0.039889658814492385,0.09020731980540264,0.3279509665855844,-0.0005262196063995361,0.07912710309028625,0.00016051530838012695,0.05139032006263733,0.0021843016147613525,0.035812586545944214,0.9646521040528223,0.8123999732250308,1.386588377134713,-0.6570623890440641,2.1726732546825036,-0.6309006456868759
8019ea1a39698cf472a4aba4,candle,evaluation,1,9,ok,0.054856532454231215,0.12428986365382154,0.40228123799769555,-0.004194214940071106,0.05225890874862671,-0.0018907785415649414,0.07815724611282349,-0.0052717626094818115,0.03726840019226074,0.07284149499469136,-0.27488074952562974,0.8141374347707621,0.6016946754573509,-0.21145480783430043,-0.5466490197342379
80a9e056efbc5959cfb71d76,candle,evaluation,1,9,ok,0.043812411983100756,0.09923505313020099,0.3734397004224811,-0.00660666823387146,0.10463890433311462,-0.001325756311416626,0.08442512154579163,-0.003479987382888794,0.13011273741722107,-0.513705445651179,1.8447912586700923,0.9718171880219337,0.8964514385563636,0.36147770333601936,4.826488120098008
80cc2bdb921107826f71c3ff,candle,evaluation,1,9,ok,0.0410338785046729,0.09279581679682498,0.36930490654205606,-0.0061838626861572266,0.1202843189239502,-0.0032486021518707275,0.11478453874588013,-0.0005301535129547119,0.08084237575531006,-0.4109074759921617,2.477917454935603,0.4352120042165857,2.3241510856173075,1.3047074687403348,1.975087398725752
81c1c4bbe1e6c8dc099759c3,candle,evaluation,1,9,ok,0.022818381129176803,0.05152655976614177,0.2053654301625912,-0.005873829126358032,0.0640454888343811,-0.006015419960021973,0.0747603178024292,-0.006190001964569092,0.04687899351119995,-0.3355280949840023,0.20208920057359328,-0.33691894214585555,0.44194874496474856,-0.5050681873238171,0.009540376854326951
81ca1c8faddb2d3b3b0e7918,candle,calibration,1,9,ok,0.029123591729612087,0.06573728822600607,0.26211232556650876,-0.007124215364456177,0.0797649621963501,-0.007481232285499573,0.091347336769104,-0.009617418050765991,0.055677056312561035,-0.6395382179848996,0.8382123482970263,-0.7459805922214002,1.2219795659926889,-1.6010081668178897,0.5187065727638047
826de035097f12d7b1455ba7,candle,evaluation,1,9,ok,0.07325273119105535,0.16563180130585073,0.5275972986813469,0.0001220405101776123,0.06109064817428589,-0.001889258623123169,0.032970309257507324,-0.0022323429584503174,0.050767987966537476,1.1222655132318555,0.08251505846088869,0.8145615957189033,-1.5232925525554448,0.7604206301786771,0.23460634392504678
8291aa6161af6b7c51bf52b5,candle,evaluation,1,9,ok,0.01671387573080698,0.026213032902317246,0.06685550292322792,-0.0013713687658309937,0.011759668588638306,0.000775456428527832,0.019681662321090698,0.00461597740650177,0.04915356636047363,0.759168476606904,-1.9137717949030002,1.5581989066238566,-2.1482122081601713,2.9502183937360194,0.14117567329759578
872b6fd9d2acad667a7ab345,candle,evaluation,1,9,ok,0.016549844236760123,0.03755387701105279,0.14719626168224298,-0.0006370991468429565,0.052876830101013184,-0.00041134655475616455,0.03476637601852417,-0.0037071555852890015,0.03167790174484253,0.9376936317812797,-0.2498751996147408,1.2269998996169056,-1.4388296702839707,0.28883910072140634,-0.8701853358502598
88468c2928079c2e11f2b47a,candle,evaluation,1,9,ok,0.04990558187171937,0.11266563180130586,0.3471033105022831,-0.00046947598457336426,0.09651094675064087,-0.0021203607320785522,0.07241103053092957,-0.0010011494159698486,0.06965255737304688,0.978448349505051,1.5158755346589594,0.7500683393980947,0.33146979254417913,1.1541032738277281,1.3275042446553496
89359a70ff88d4af7d1d0038,candle,evaluation,1,9,ok,0.03992833290658473,0.09057539047497119,0.28635297977211627,-0.009601444005966187,0.09226644039154053,-0.0003282278776168823,0.07087758183479309,-0.001051574945449829,0.05670231580734253,-1.2418341814723768,1.344112226594494,1.2501956816632962,0.25935694044852925,1.1379793622994991,0.5780409385854726
89a0283a97650b8c4ad2ca4b,candle,evaluation,1,9,ok,0.01382398753894081,0.03139269406392694,0.1244158878504673,0.00039099156856536865,0.022514134645462036,-0.0052533745765686035,0.04135102033615112,0.0011838674545288086,0.059069156646728516,1.1876563835488925,-1.4785686145787318,-0.1242562863817088,-1.1291763489985263,1.852777518222032,0.7150160175002223
8d25fc54361deba2c55ee409,candle,evaluation,1,9,ok,0.008971722570733582,0.020417920240686213,0.08074550313660223,-0.005271881818771362,0.06689837574958801,-0.011393994092941284,0.08610358834266663,-0.0050633251667022705,0.03587096929550171,-0.18917485672553813,0.31753755961283636,-1.8379081012789955,0.9753839963755224,-0.14480549505153845,-0.6275218879796307
8dce5409b4acc9ad238bda5b,candle,calibration,1,9,ok,0.04248815772628345,0.09583440020483933,0.38239341953655104,-0.004581555724143982,0.07284048199653625,-0.0024596452713012695,0.04104512929916382,0.00026339292526245117,0.033848315477371216,-0.021333821256683,0.5579979899896417,0.6553848038272332,-1.1435613591806257,1.5584494263420796,-0.7445779915186918
8f0e247dce28bee97bc07c8b,candle,evaluation,1,9,ok,0.03459064140314941,0.07828969828873811,0.2669552554090385,0.00041922926902770996,0.12669730186462402,0.0003955960273742676,0.09592017531394958,-0.002445697784423828,0.050456464290618896,1.194521899602457,2.7374329489080504,1.4521919371138912,1.4370245365042995,0.6921989501369565,0.21657767914003737
8f3a88920755ec17b08f4033,candle,evaluation,1,9,ok,0.030475184568770537,0.06891723210856485,0.23761362181538856,-0.005810260772705078,0.1545385718345642,-0.002692610025405884,0.07114923000335693,-0.0007247179746627808,0.08294093608856201,-0.3200725321953448,3.8640913223841107,0.5903717424229181,0.2721316255430185,1.2424941375275436,2.096536404705014
8f3b4e408c485524a4fc1ae7,candle,evaluation,1,9,ok,0.055368630777109205,0.12486864144582427,0.3979063980284215,-0.007034420967102051,0.06605184078216553,-0.006312280893325806,0.05393168330192566,-0.0013588964939117432,0.026881694793701172,-0.6177062392309264,0.2832806557245948,-0.41976339713477484,-0.5375507602182305,1.0397111733638627,-1.14775398968272
8f927bcc86db94e9be1ad4dd,candle,evaluation,1,9,ok,0.03982364614005889,0.08998127640506977,0.32949326270643964,-0.008242934942245483,0.10283064842224121,-0.0016164183616638184,0.16112402081489563,-0.008556365966796875,0.08414268493652344,-0.9115358344690183,1.7716161964127763,0.8907026443509238,4.503338576565834,-1.2617294303288025,2.1660846567657353
909d10fa96bc614abc3d5fc3,candle,evaluation,1,9,ok,0.01617310523620535,0.036693045064652416,0.14555794712584816,-0.009484350681304932,0.10621562600135803,-0.013198405504226685,0.09627294540405273,-0.0057534873485565186,0.05818641185760498,-1.2133649333726884,1.9085967773150951,-2.341461998654671,1.453614108359864,-0.3654896222209983,0.663929338945551
916d5945c5ab5f827e9f47e0,candle,evaluation,1,9,ok,0.0188516195109461,0.03542280117782614,0.10120343105876328,-9.700655937194824e-05,0.1125628650188446,-0.003695964813232422,0.12645739316940308,0.00267753005027771,0.05270513892173767,1.069007948067002,2.1654517984842525,0.3103672984803476,2.8730855408086584,2.33038645550531,0.3467141800510979
91b1b293e0f955082fca04f5,candle,calibration,1,9,ok,0.018883625656125978,0.0427282038151325,0.1699526309051338,-0.008556187152862549,0.04264870285987854,-0.006466507911682129,0.048497408628463745,-0.005826473236083984,0.02948284149169922,-0.9876977756183756,-0.6637789192958045,-0.46280325804910644,-0.7931061281688111,-0.38882736414335806,-0.9972190368045394
937deb748bcb8d4db75d6577,candle,evaluation,1,9,ok,0.02594898220458328,0.05847922801177826,0.23354083984124951,-0.009013175964355469,0.08847236633300781,-0.007030367851257324,0.05882292985916138,-0.009167283773422241,0.0750085711479187,-1.0988068238140034,1.1905766546809486,-0.6201586529281701,-0.30753214894419273,-1.4570746208826828,1.6374703383922982
9513012dbaab06c2529c56e0,candle,evaluation,1,9,ok,0.03623362352238296,0.08039876989715358,0.23165114368625442,-0.0030929595232009888,0.0669553279876709,-0.007071405649185181,0.07266080379486084,-0.009197145700454712,0.08095341920852661,0.3405929981200884,0.31984225749456247,-0.6316109985279835,0.34321577562447686,-1.4666231784189034,1.9815137648396854
954acf1771c25521baf56067,candle,evaluation,1,9,ok,0.01529093585968506,0.034482620663167325,0.13761842273716554,-0.00894668698310852,0.06493160128593445,-0.01103675365447998,0.11289575695991516,-0.0043912529945373535,0.03802967071533203,-1.0826411601564812,0.2379476946172154,-1.738213644703132,2.2353281325472647,0.07009422650466197,-0.5025923648726401
9566227abae86ed57cfee51a,candle,evaluation,1,9,ok,0.04137327700251782,0.09342593778005377,0.2936763858660863,-0.002928614616394043,0.1398114562034607,-0.004287362098693848,0.08457991480827332,-3.9964914321899414e-05,0.05610549449920654,0.3805506638481952,3.268126118180152,0.14532710524672504,0.9037308367330807,1.461448660712149,0.5435013766430065
958702dcb905072c6597cc0c,candle,calibration,1,9,ok,0.02167882900183502,0.04890538983484829,0.19256897324286262,-0.006010755896568298,0.04520052671432495,-0.005399376153945923,0.08461183309555054,-0.001674741506576538,0.03149506449699402,-0.3688195076574608,-0.5605137407909397,-0.16500068804727605,0.905231844712916,0.9387175478460316,-0.8807665908446186
96ac46ea894fc675101cd534,candle,evaluation,1,9,ok,0.014810176887295695,0.03364045896812188,0.13329159198566123,-0.005048289895057678,0.060126274824142456,-0.006472766399383545,0.08184704184532166,-0.005876511335372925,0.04241105914115906,-0.13481228765760428,0.04348956460700351,-0.464549803129688,0.7752131600282358,-0.4048273921905782,-0.24903031059461855
9a90effcb61b02ad58c8e0c6,candle,calibration,1,9,ok,0.02604766781888789,0.058835296376904364,0.2143611573422097,-0.008009135723114014,0.04552772641181946,-0.004992067813873291,0.08153197169303894,-0.00294417142868042,0.057317137718200684,-0.8546915353236747,-0.547272883625335,-0.05133387082676007,0.7603964874205628,0.5328085575712607,0.6136222410359409
9ad360eac4e01158c2e380a4,candle,evaluation,1,9,ok,0.041768019459736266,0.09421008833696069,0.2863269747791576,-0.0021649301052093506,0.10237395763397217,-0.0006866157054901123,0.092041015625,-0.004189252853393555,0.0676005482673645,0.5662275492018513,1.75313519675837,1.1501810251559927,1.2546009121538881,0.1346851676029692,1.2087492762149938
9c2e67c110da9dcd1c003b6b,candle,evaluation,1,9,ok,0.03837470127597832,0.08683067148892587,0.29102187620023046,0.0020698904991149902,0.08474522829055786,-0.0002599954605102539,0.08701473474502563,-0.004255801439285278,0.048633962869644165,1.5958520712739865,1.0397497962380242,1.2692371814823034,1.0182320981192217,0.11340579736506422,0.11110490217670807
9eb04cad270ff79e42487352,candle,calibration,1,9,ok,0.012656430034566638,0.026057002944565356,0.06106905859258311,0.0012390166521072388,0.03561139106750488,0.002739042043685913,0.03773218393325806,-0.002568677067756653,0.01717105507850647,1.3938392429728255,-0.9485592567660437,2.1061732672156572,-1.2993578587795067,0.6528754744151855,-1.7097333248232103
9eca56e5803170da4e9503df,candle,evaluation,1,9,ok,0.03229820125464089,0.07299534844023386,0.2766051081807707,-0.006504908204078674,0.0973835289478302,0.0012679696083068848,0.0957888662815094,-0.007549464702606201,0.046190500259399414,-0.4889642271130304,1.5511864971283775,1.6956436875842902,1.4308495214163874,-0.9397657926853372,-0.03030447284081202
9ecd1c8ba159d53d2fbd2dee,candle,calibration,1,9,ok,0.01434208701404003,0.03271228075790552,0.12907878312636026,-0.0037199556827545166,0.06073874235153198,-0.008731216192245483,0.09444472193717957,-0.0045005083084106445,0.04328286647796631,0.18814955802202427,0.06827441346485431,-1.094811387660889,1.3676390060975006,0.03515908486016591,-0.19857661013007435
9ef8a36b8102484135fb8e79,candle,evaluation,1,9,ok,0.011327508214910596,0.025672929202406863,0.10194757393419536,-0.007161989808082581,0.07469883561134338,-0.009916245937347412,0.05653846263885498,-0.005422905087471008,0.05081850290298462,-0.6487224307531244,0.6332003662915319,-1.4255155402283417,-0.4149628358594946,-0.25978365967556116,0.2375297713440261
9f6272e1413571f594aabe39,candle,evaluation,1,9,ok,0.01151554431784236,0.026233036743054668,0.10363989886058123,-0.00128975510597229,0.03445309400558472,-0.004782259464263916,0.06632563471794128,-0.005373120307922363,0.042673319578170776,0.7790114483353328,-0.9954323011779569,0.0072169737794031425,0.045294422405512874,-0.24386463236592376,-0.23385263431909165
a0ebaa9fed0b9b31264be499,candle,calibration,1,9,ok,0.024031280672555798,0.05428242222506721,0.2162815260530022,-0.005683779716491699,0.04216453433036804,-0.006257772445678711,0.0550876259803772,-0.0037081539630889893,0.035239338874816895,-0.2893208170171627,-0.6833718663321844,-0.40455182117104294,-0.4831907261249827,0.28851986252034506,-0.664075941500485
a1a087923eb10c04ecb17a9a,candle,evaluation,1,9,ok,0.04806922929202407,0.10855817650322196,0.33162367174497503,-0.0026955902576446533,0.10888442397117615,-0.00456373393535614,0.08103558421134949,-0.0028579533100128174,0.06191074848175049,0.4372065688854727,2.0165955713017887,0.0682005061763764,0.7370530804064308,0.5603773968449997,0.8794661399455564
a2ab71b18b170589f60cb9a1,candle,evaluation,1,9,ok,0.02629838262279691,0.05940340545384714,0.2088000896172065,0.0009701699018478394,0.09960359334945679,-0.0023536384105682373,0.11806276440620422,-0.0046218037605285645,0.0648735761642456,1.3284737334011052,1.6410262979150974,0.6849679507397506,2.478314836106471,-0.003625974194143686,1.050932488196441
a30e98e9f5a93b1da26f8e0e,candle,evaluation,1,9,ok,0.022534993385396662,0.05108447488584475,0.19088464985277173,-0.0031296610832214355,0.07351633906364441,-0.006564885377883911,0.0976458191871643,-0.004517167806625366,0.04787331819534302,0.33166963873226296,0.5853480363328045,-0.4902572833395816,1.5181756710107406,0.029832095176785305,0.0670844667698588
a34a253dc1080c944e5fff96,candle,evaluation,1,9,ok,0.04455255409038535,0.10024324670336705,0.34067340929458456,0.001855805516242981,0.11372575163841248,-0.0063568949699401855,0.055128663778305054,-0.0014139115810394287,0.06727328896522522,1.5438009529934797,2.212510569465389,-0.4322137684949206,-0.4812608587223374,1.022119719060606,1.1898099508534528
a65615a3920be0ea2ad00971,candle,evaluation,1,9,ok,0.009029733708872103,0.020489267272649683,0.08126760337984894,-0.008089691400527954,0.05564147233963013,-0.008194372057914734,0.06280934810638428,-0.009663581848144531,0.0646209716796875,-0.8742772766353208,-0.13799785597465572,-0.9449952457130024,-0.12006452112092701,-1.6157693600550211,1.0363136263656039
a72ebfc22b18abd990fa1837,candle,calibration,1,9,ok,0.018215497375496097,0.041403949558315195,0.16393947637946485,-0.0057486891746521,0.06125578284263611,-0.004591077566146851,0.0635022222995758,-0.006161302328109741,0.072885662317276,-0.30510244653131935,0.08919759690287941,0.06056976755050215,-0.08748101549703455,-0.495891280230623,1.514612223149729
a735a47cf34fc010bfb48855,candle,evaluation,1,9,ok,0.033898508513634615,0.0768347522724363,0.23136842273716554,-0.005030542612075806,0.13462644815444946,-0.005920886993408203,0.07620584964752197,-0.00458642840385437,0.05486750602722168,-0.13049733799016613,3.0583033356250993,-0.3105377945477377,0.5099271679842884,0.007685540571818352,0.47185584567875777
a8da42aff1066a23c4b4e677,candle,evaluation,1,9,ok,0.029709704263218537,0.06712888874663936,0.2421905005761106,-4.155933856964111e-05,0.04249224066734314,0.0005263984203338623,0.0524328351020813,-0.0006922483444213867,0.0749741792678833,1.0824889956845816,-0.670110506882964,1.4886947292980461,-0.6080364692096892,1.2528765261859391,1.6354799931170756
a9112c607ddd101d6418aa7f,candle,evaluation,1,9,ok,0.02686515811035719,0.06093970042248112,0.21560139546792984,-0.0014470070600509644,0.06335282325744629,0.002088889479637146,0.06885436177253723,-0.004190385341644287,0.07134240865707397,0.7407783132887547,0.17405896082106695,1.924736342427908,0.16421181464549206,0.1343230466584818,1.425300221947955
ab2efb527cf824d54854ead1,candle,evaluation,1,9,ok,0.04026239704689967,0.09095079588614348,0.317861029317629,-0.00769418478012085,0.11690720915794373,-0.004052639007568359,0.05435702204704285,-0.00568312406539917,0.11022114753723145,-0.7781165763220186,2.341255262437667,0.21083086264987014,-0.5175485324981481,-0.3429904761700831,3.6753113919415625
ab47a8d0b593686af515ade9,candle,evaluation,1,9,ok,0.02208424017411343,0.0497695557547049,0.19875816156702086,-0.008256644010543823,0.06835561990737915,-0.01058870553970337,0.08127564191818237,-0.006618976593017578,0.05580544471740723,-0.9148689609963425,0.37650815737461585,-1.6131776506961637,0.7483421740362839,-0.6422357892962329,0.5261367351950513
ab9afeb16fd9a8853dee5274,candle,evaluation,1,9,ok,0.04385642043272308,0.0990550185635642,0.35629240814236335,-8.609890937805176e-05,0.07272785902023315,-0.00180014967918396,0.09425726532936096,-0.0009897351264953613,0.13404017686843872,1.0716599574343948,0.55344045294357,0.8394290709138504,1.358823562406405,1.1577530717682198,5.053778996531845
ad0c9e6d1f91cf6216b5af90,candle,evaluation,1,9,ok,0.020736648103102464,0.03910884223104169,0.12441988861861478,0.00011947751045227051,0.11044642329216003,-0.0008846670389175415,0.10842582583427429,-0.007803931832313538,0.04308837652206421,1.1216423634897905,2.079805317705257,1.0949111902369222,2.0251225463067755,-1.0211334159618046,-0.20983223687712987
ad1bbd45e7b9d377171f5ef4,candle,calibration,1,9,ok,0.024695408185038195,0.05584672257073358,0.22225867366534374,-0.00860518217086792,0.057071179151535034,-0.006898075342178345,0.0619870126247406,-0.004867851734161377,0.057522326707839966,-0.9996100799899429,-0.0801416176282163,-0.58324001667721,-0.15873614874706427,-0.0823015141333034,0.6254970479856002
ada04767902d8f2fdbb4dfe6,candle,calibration,1,9,ok,0.0276533094354116,0.062219946229676096,0.24801561899884778,0.0001545250415802002,0.09291526675224304,-0.0030985772609710693,0.06231367588043213,-0.004547566175460815,0.08052682876586914,1.130163573916167,1.3703684158059324,0.4770791848625268,-0.14337429210189737,0.02011200666686005,1.9568258945887886
add583dcc62a5788ebcdb480,candle,evaluation,1,9,ok,0.015490974267059275,0.033990526181026756,0.10254768915631801,-0.0026036053895950317,0.06352263689041138,-0.003723934292793274,0.06526905298233032,-0.0011047124862670898,0.03640952706336975,0.45957112329109456,0.18093084388233083,0.3025619053464152,-0.0043930060810396555,1.1209882664042083,-0.5963541848006482
af4739aaf0337cbb70b773f4,candle,calibration,1,9,ok,0.013036503008577647,0.02961968697990014,0.11732852707719882,-0.0044596195220947266,0.05480468273162842,-0.008888602256774902,0.05741730332374573,-0.008743613958358765,0.03747493028640747,0.008312890018418806,-0.17186039240746848,-1.1387328379968473,-0.3736339616135931,-1.3216032696502342,-0.5346965996672605
af992824cd5a264abb5fc47f,candle,calibration,1,9,ok,0.014278741518371527,0.032506241198310075,0.09857492638586608,-0.0016200542449951172,0.09481516480445862,-0.008168444037437439,0.06223151087760925,-0.005973458290100098,0.07337555289268494,0.6987048368085202,1.4472519793642988,-0.937759558950593,-0.1472382314113331,-0.4358268509384084,1.542963432538037
afaf5ae38dde29fa24f94147,candle,evaluation,1,9,ok,0.012423718687321299,0.028157406221994623,0.08550441684803482,-0.0036048144102096558,0.03622129559516907,-0.003329247236251831,0.0365464985370636,-0.0025722086429595947,0.02120932936668396,0.21614419788793063,-0.9238781253429539,0.4127065233210917,-1.3551165912517231,0.651746228838297,-1.476028155427023
b0080cf2c66a63e3093dff88,candle,evaluation,1,9,ok,0.02532152840011949,0.057345010241966456,0.19316708808091154,0.0008887648582458496,0.16238200664520264,-0.0028738975524902344,0.10281190276145935,-0.0038450956344604492,0.04477250576019287,1.3086814831633096,4.18149320512008,0.5397801532554053,1.761118928027113,0.24473181673298572,-0.11236740888508144
b01dcc3fd008f4514189617a,candle,evaluation,1,9,ok,0.02046392907438228,0.04648892587376777,0.1640414959672257,-0.0026219189167022705,0.17667150497436523,-0.0022959113121032715,0.174284428358078,-0.003983587026596069,0.09947517514228821,0.4551185010062235,4.759749260346924,0.7010777498877816,5.122227571724967,0.20044823702159095,3.053414730231549
b07b40e908edd0013ce1534a,candle,calibration,1,9,ok,0.019875816156702086,0.04490462168736398,0.1736973498911791,-0.0032980144023895264,0.07921239733695984,-0.005301550030708313,0.0756303071975708,-0.00459742546081543,0.057005465030670166,0.2907373957912755,0.8158515929725452,-0.13770052506151886,0.4828613733002757,0.004169155610874803,0.5955849525712293
b1b79079c4a2cdbae0fe1267,candle,evaluation,1,9,ok,0.01980113515128238,0.04455255409038535,0.1661759057739086,-0.006478011608123779,0.05199459195137024,-0.0040739476680755615,0.042232781648635864,-0.005394011735916138,0.028997957706451416,-0.48242477778496506,-0.285576911489538,0.2048842924945567,-1.087710127617215,-0.2505448108418626,-1.02528049055486
b3386a528d7b3fac2db43a74,candle,evaluation,1,9,ok,0.029061579823326078,0.0654845730380233,0.2334928306234797,-0.0064848363399505615,0.053676605224609375,-0.004546135663986206,0.05437827110290527,-0.0036205947399139404,0.051848381757736206,-0.48408409512139383,-0.2175105359025475,0.07311162460534507,-0.5165492620129731,0.3165175292283455,0.2971314712364561
b3bca572e4dba600e0a32bfc,candle,evaluation,1,9,ok,0.016761218153885545,0.03787193807877779,0.15085096338496992,-0.0011306703090667725,0.04080894589424133,0.0024757087230682373,0.08511757850646973,-0.0033065974712371826,0.0525534451007843,0.8176902079067597,-0.7382287411873352,2.0326853037298536,0.9290153231609117,0.41692032583674987,0.3379352741144579
b43b95de4d0c97a22829d9ef,candle,evaluation,1,9,ok,0.03982364614005889,0.08998127640506977,0.32285598834976315,-0.0017535239458084106,0.09244775772094727,-0.00282326340675354,0.07263121008872986,-0.009316831827163696,0.08333966135978699,0.6662539516941262,1.3514496320954994,0.5539105346454438,0.34182408475241677,-1.5048936445520993,2.119611646851636
b4b193c78ebc505b1d14eb68,candle,calibration,1,9,ok,0.01629779584346861,0.030824584986984167,0.09549700209106815,0.0006433725357055664,0.07782679796218872,-0.003026038408279419,0.05263996124267578,-0.010711804032325745,0.024833738803863525,1.249018518324207,0.759780259317343,0.49732247403460084,-0.5982960346066503,-1.9509456474230076,-1.2662743940351813
b55d0e80a1d91603885be041,candle,evaluation,1,9,ok,0.017371335296376904,0.03916351939572398,0.15634201766739214,-0.0064596086740493774,0.09788522124290466,-0.006613343954086304,0.05661255121231079,-0.010445356369018555,0.04593339562416077,-0.477950417718394,1.5714885819745195,-0.5037805323920846,-0.4114787034245083,-1.865747165733805,-0.0451837697986496
b5e6006b7e7d306ecd29b8c3,candle,calibration,1,9,ok,0.027059862160201426,0.061391787223146844,0.22147052234028933,-0.010825783014297485,0.08545160293579102,-0.010042235255241394,0.08509138226509094,-0.011568963527679443,0.06849142909049988,-1.5395113640713582,1.0683348036648541,-1.460675156076716,0.9277834034463691,-2.225028319656552,1.2603068076813946
b6338bb1621a91b22b7f99bf,candle,evaluation,1,9,ok,0.010766067084880296,0.02454871335296377,0.09689460376392267,-0.005567729473114014,0.07525566220283508,-0.0059327632188797,0.06826195120811462,-0.00903889536857605,0.05559411644935608,-0.26110517637064035,0.6557335820017204,-0.31385207176017466,0.1363527701794189,-1.4160215411760573,0.5139066326416694
b9346d87212caa450aa83345,candle,evaluation,1,9,ok,0.054154397644347714,0.12213545000640123,0.41134297785174756,-0.0027770400047302246,0.06343850493431091,-0.0033644437789916992,0.06646728515625,0.00019553303718566895,0.07383877038955688,0.4174034497568272,0.17752625878546388,0.40288428646315433,0.05195575847288613,1.5367507581684523,1.5697710032596863
b963dc480a8a941790b51b9c,candle,evaluation,1,9,ok,0.03982364614005889,0.08998127640506977,0.35841281526053004,-0.002121374011039734,0.07650348544120789,-0.0017606616020202637,0.07586038112640381,-0.004763424396514893,0.04906320571899414,0.5768174718533388,0.7062295005301722,0.8504489386841866,0.4936809639672484,-0.048910151252148405,0.1359462739263006
b9a614a2ab5ee2eb824a20f3,candle,evaluation,1,9,ok,0.007542781547390433,0.017139290743822814,0.06788503392651389,-0.0027848035097122192,0.038251250982284546,-0.0041448622941970825,0.06822198629379272,-0.0037065446376800537,0.05766957998275757,0.41551588571254905,-0.8417315049788038,0.18509427335530024,0.134473356826516,0.2890344554414588,0.6340189682671206
bb68f2e3a02a08bfb64c976d,candle,calibration,1,9,ok,0.030825918576366663,0.06736760124610591,0.20335904493662782,0.0008840113878250122,0.027372002601623535,0.004653796553611755,0.04974466562271118,0.0004558861255645752,0.025688350200653076,1.307525757769596,-1.2819842771559176,2.6405204177382533,-0.7344518938419358,1.6200004574064004,-1.2168158662082482
bc57e888b248de105c8df944,candle,evaluation,1,9,ok,0.03832669205820851,0.08672665151709129,0.34494022852387657,-0.005273163318634033,0.1529264748096466,5.498528480529785e-05,0.12436828017234802,-0.0029000937938690186,0.10749170184135437,-0.1894864315965706,3.798854261936068,1.357138300323573,2.774841695450611,0.5469026859106523,3.5173514508399566
bcde48a4be13c3c82c774c27,candle,calibration,1,9,ok,0.009315121836725984,0.021141392480689625,0.08383609653053387,-0.0012634843587875366,0.03908279538154602,-0.0059119462966918945,0.05507591366767883,-0.005474984645843506,0.05974316596984863,0.7853987331914986,-0.8080812274822463,-0.30804273014690686,-0.4837415161680035,-0.2764364583727125,0.7540226455283264
bd259225d453ef914c123ac0,candle,evaluation,1,9,ok,0.03736184013997354,0.0843361925489694,0.3362565612597619,0.0005774199962615967,0.16838964819908142,-0.0026715099811553955,0.09081736207008362,-0.004053890705108643,0.06751185655593872,1.2329832813568844,4.424605666183392,0.596260094408879,1.1970566669213447,0.177968149967754,1.203616462056361
bd876f0e8afe8f5f505c430f,candle,calibration,1,9,ok,0.01893163487389579,0.04275220842401741,0.1703847138650621,-0.004930406808853149,0.07101094722747803,-0.00695076584815979,0.08464273810386658,-0.005658149719238281,0.04442211985588074,-0.1061510224862331,0.4839618318204721,-0.5979442628794397,0.9066852016457723,-0.33500475639428173,-0.13264512933637349
be7a0a3a57e6b9b1acf92d0b,candle,evaluation,1,9,ok,0.0346159796014168,0.07844706183587248,0.27273503179277087,-0.005870938301086426,0.07084473967552185,0.0017035603523254395,0.04730972647666931,-0.0022471845149993896,0.048611611127853394,-0.3348252400423709,0.4772358767778837,1.8172032251927677,-0.8489587612336037,0.7556749399061842,0.10981135022140748
bfeb102980f53b94cff860a9,candle,evaluation,1,9,ok,0.03681773567191567,0.08307194981436436,0.24695274826099944,-0.0030957013368606567,0.06850230693817139,-0.0003669261932373047,0.04948318004608154,-0.007612466812133789,0.07308122515678406,0.33992637281462357,0.3824441714896634,1.2393962112483667,-0.7467486669652543,-0.9599111525970843,1.5259299403906388
c0110b29b1056478d6dde485,candle,calibration,1,9,ok,0.01666319933427218,0.03772457645201212,0.14996879400844962,-0.00549742579460144,0.08964657783508301,-0.005928561091423035,0.12427842617034912,-0.006467849016189575,0.03978988528251648,-0.244012034027254,1.2380937120017272,-0.31267939149178414,2.7706161687846884,-0.5939117022042418,-0.4007242860247485
c28fcb490c44e8fae22a6fb5,candle,evaluation,1,9,ok,0.0361989501984381,0.08167968249903981,0.27195621559339395,-0.010245665907859802,0.11678627133369446,-0.006654202938079834,0.07138049602508545,-0.0060118138790130615,0.048158347606658936,-1.398465767511296,2.336361246736964,-0.5151829767038815,0.28300727626526057,-0.4480913155582847,0.08357984130385192
c3756ba572dbab976479c83a,candle,evaluation,1,9,ok,0.013504592881833312,0.030815916655997953,0.12154133593649981,-0.00367109477519989,0.027288824319839478,-0.0030926913022994995,0.08381795883178711,0.0029689669609069824,0.049359679222106934,0.2000292557210416,-1.2853502697189199,0.4787217689264071,0.867898650906333,2.4235754217195837,0.15310394706140762
c53dd2043d1837cc96845432,candle,evaluation,1,9,ok,0.04210141680535996,0.09483820893611573,0.29829727307643067,-0.0008579492568969727,0.08436298370361328,-0.0008817166090011597,0.08211052417755127,-0.0027410686016082764,0.056806743144989014,0.8839976880188107,1.0242814262584226,1.0957345614891962,0.7876038337441303,0.5977520901155162,0.584084413320637
c71910f1a1324611e19ab730,candle,calibration,1,9,ok,0.010087270089190458,0.022820381513250543,0.09078543080271412,-0.006724998354911804,0.09520429372787476,-0.005012303590774536,0.05557340383529663,-0.009705722332000732,0.03802338242530823,-0.54247539973105,1.4629989391977354,-0.05698103325397382,-0.4603462536027475,-1.6292440709893685,-0.5029562841560647
c74baf36c749fec2d845d29c,candle,evaluation,1,9,ok,0.039135514018691586,0.08849299065420561,0.34538431378824735,-0.0016050934791564941,0.042735278606414795,-0.0037258416414260864,0.035664886236190796,0.0023824572563171387,0.028853684663772583,0.7023422922796436,-0.6602754408309095,0.30202962494090463,-1.396575805126126,2.2360348904692615,-1.0336299372423403
c8182918e7c3a2c4de94070d,candle,evaluation,1,9,ok,0.03903349443093074,0.08831495647164256,0.31621871399308665,-0.0070903003215789795,0.12300759553909302,-0.004640817642211914,0.09052252769470215,-0.005213513970375061,0.09250074625015259,-0.631292352793389,2.5881208474193116,0.04668889260054669,1.1831916137518679,-0.19282940293954662,2.6497868512511356
c85954fed5c188fc6118390d,candle,evaluation,1,9,ok,0.019309707463833058,0.043766403149404685,0.1737873671744975,-0.006425529718399048,0.04709535837173462,-0.007000371813774109,0.050654470920562744,-0.006410419940948486,0.04273727536201477,-0.46966469992710014,-0.48383520006872893,-0.6117877118633827,-0.6916668596604145,-0.5755483585193144,-0.23015135099099154
cb04a07f41c5507c4760003b,candle,calibration,1,9,ok,0.04875869500277387,0.10459608244782999,0.3180090577390859,-0.009923547506332397,0.14443814754486084,-0.008948996663093567,0.03884309530258179,-0.003316044807434082,0.05854886770248413,-1.320148163010028,3.4553553841908524,-1.1555869980244595,-1.2471154932740562,0.41389947479984174,0.6849055774527053
cbbad478715625d078a033d1,candle,evaluation,1,9,ok,0.020409918704391242,0.046097517390005546,0.18368926833952118,-0.005290299654006958,0.04778888821601868,-0.004808336496353149,0.041240692138671875,-0.010303854942321777,0.04879385232925415,-0.1936528397557258,-0.4557699858323878,-6.029738968674478e-05,-1.1343647071136989,-1.8205011066699568,0.12035811049695828
cbdd67cd19c7fbb60c058fab,candle,calibration,1,9,ok,0.029541672001024196,0.055546664959672254,0.17592444415994538,0.0011288076639175415,0.03639256954193115,-0.0022421181201934814,0.07112279534339905,-0.007094144821166992,0.05477553606033325,1.3670438040640325,-0.9169471474642099,0.716089720699447,0.270888493817422,-0.7941741140043195,0.46653331056668096
cc2c3ce37c483eecd8d4939e,candle,evaluation,1,9,ok,0.045391381811974565,0.10277173217257714,0.3916692004864934,-0.0028599202632904053,0.04937496781349182,-0.0049172043800354,0.04016011953353882,-0.006067514419555664,0.035825252532958984,0.3972525261209826,-0.3915857779488386,-0.03044186491047001,-1.185180344212546,-0.46590194832794185,-0.6301676329122056
ccab445f214890acc8616d16,candle,calibration,1,9,ok,0.03646300089617206,0.08241982460632441,0.25610917296120855,-0.003552049398422241,0.09111124277114868,-0.004808291792869568,0.03617793321609497,-0.005321890115737915,0.057219237089157104,0.228973112054512,1.2973646079176406,-4.782206768259069e-05,-1.3724489588396056,-0.22748342437713798,0.6079564834717243
cdb66e6b154c64f38bdd3655,candle,evaluation,1,9,ok,0.03975696667093415,0.08980124183843298,0.32718281910126745,-0.009650617837905884,0.10143625736236572,-0.009574472904205322,0.07637244462966919,-0.01239025592803955,0.1004243791103363,-1.2537899614073438,1.71518908783601,-1.3301375450659156,0.5177615607081715,-2.4876422403982383,3.108347569933314
cf5faca9287456a5ed598e01,candle,calibration,1,9,ok,0.01614043229633423,0.036723050825758545,0.14526389066700807,-0.0066053420305252075,0.038734108209609985,-0.009544074535369873,0.032403916120529175,-0.005780696868896484,0.04208502173423767,-0.5133830018892965,-0.8221916226764876,-1.3216543261030909,-1.5499280863152658,-0.37419005438723535,-0.26789892178260316
cfe2dced92b00134864bc208,candle,evaluation,1,9,ok,0.021012034310587634,0.039527589297145053,0.1260722058635258,-0.00035612285137176514,0.04960447549819946,0.0018813163042068481,0.06855928897857666,-0.006792396306991577,0.029059559106826782,1.0060082337369585,-0.3822982434709879,1.8668092639219525,0.1503355494649613,-0.6976879412955026,-1.0217154613660517
d124a32220cef1434c09435c,candle,evaluation,1,9,ok,0.04851531494046857,0.10973906990142107,0.30209200166431954,-0.004206568002700806,0.07133617997169495,-0.0008498132228851318,0.05419677495956421,-0.004702210426330566,0.048903316259384155,0.06983805815648295,0.49712309188498116,1.1046377829594942,-0.5250844054277224,-0.0293365612527499,0.12669306560605037
d176ba5ab844dd991a3851df,candle,calibration,1,9,ok,0.018930301284513295,0.042845559680792046,0.17037271156061964,-0.008372843265533447,0.035458892583847046,-0.0026817619800567627,0.09572058916091919,-0.0040534138679504395,0.03576207160949707,-0.9431208312790315,-0.9547304441343285,0.5933990872292596,1.4276386817508389,0.1781206219443803,-0.6338240731058552
d2ed04aa053eec8f77042bf5,candle,calibration,1,9,ok,0.015873047625144028,0.03546080847522724,0.10641843233900909,0.001991361379623413,0.0957164466381073,0.001395493745803833,0.14572352170944214,-0.0026768147945404053,0.05157563090324402,1.5767590530142057,1.4837243358997045,1.731231622821474,3.7791057300487987,0.6182976889659072,0.2813466879099081
d336f3be70c17478dbd137f3,candle,evaluation,1,9,ok,0.038647420304698504,0.08720874407886314,0.3138889333418683,-0.010693669319152832,0.07790124416351318,-0.0064945220947265625,0.06911575794219971,-0.004296720027923584,0.03466722369194031,-1.5073901686460798,0.7627928889921478,-0.470621126505043,0.1765043832646654,0.10032179587082168,-0.6971856973483589
d4dc2cc9ed7c1506a8ed8334,candle,calibration,1,9,ok,0.029361637434387404,0.06414564929799856,0.14896060043528359,-0.0008827894926071167,0.08409273624420166,-0.001614212989807129,0.06391453742980957,-0.004544645547866821,0.020845919847488403,0.877958207669844,1.0133452669745437,0.8913180935697954,-0.06809124388076923,0.021045897523696004,-1.49705958548427
d4fed7dfb047418fbb3c000e,candle,evaluation,1,9,ok,0.0332410489480647,0.07524111296035506,0.29916944053258226,-0.0053892433643341064,0.05432116985321045,-0.008377164602279663,0.07358554005622864,-0.0035686492919921875,0.04064473509788513,-0.21770931817032632,-0.19142680707681653,-0.9960068373879885,0.38670296199824605,0.3331274451820707,-0.3512519603102924
d6724990c6bb9cbf1def5522,candle,evaluation,1,9,ok,0.030299817564972475,0.06838979750778816,0.2106024356676482,-0.0038695931434631348,0.045505404472351074,-0.004004478454589844,0.06235674023628235,-0.0022365152835845947,0.08050704002380371,0.15176775738355766,-0.5481761901211031,0.22427094288901214,-0.14134912260529428,0.7590865003831971,1.9556806699243625
d73bdd44d7fda01fe8275bc9,candle,evaluation,1,9,ok,0.023940596594546153,0.05396236077326847,0.21546536935091537,-0.005692437291145325,0.10273957252502441,-0.005313992500305176,0.04550868272781372,-0.0066689252853393555,0.08080223202705383,-0.2914257588784403,1.767930609428708,-0.14117282301934175,-0.9336556942358272,-0.6582072288478357,1.9727641794140323
d760362d2e715eda4018b3d5,candle,evaluation,1,9,ok,0.038401373063628216,0.08688668224299065,0.30912068450475827,-0.009889483451843262,0.05177783966064453,-0.005783379077911377,0.0608537495136261,-0.008018553256988525,0.04585197567939758,-1.3118660681823509,-0.29434827082694975,-0.2721637040629597,-0.2120296402888138,-1.0897600996914387,-0.049895748387824554
d89308a0403f81bc92e6cc97,candle,evaluation,1,9,ok,0.02293907096829258,0.05188329492595912,0.2064516387146332,-0.0023230016231536865,0.04119586944580078,-0.0028500109910964966,0.026624441146850586,-0.0032833516597747803,0.04108002781867981,0.527795151156357,-0.7225710265884603,0.5464461336462916,-1.8217170447704507,0.424353334697281,-0.3260604671647985
d912751a5b94c6c655d0fd34,candle,calibration,1,9,ok,0.0103059787479196,0.02330047369094866,0.09275380873127641,-0.004913762211799622,0.01819026470184326,-0.003489941358566284,0.08007463812828064,-0.004914820194244385,0.04339513182640076,-0.10210417212642756,-1.6535435450707412,0.36786189915682577,0.6918630698538569,-0.09732000383099183,-0.19207952984258458
d998b10fcedcef4853cb56f1,candle,evaluation,1,9,ok,0.025708936115734222,0.05824584986984167,0.2281398028421457,-0.0017041265964508057,0.08539450168609619,-0.0034794211387634277,0.05556708574295044,-0.00017303228378295898,0.04184579849243164,0.6782640760833432,1.0660240756997117,0.37079775826847,-0.4606433718956747,1.4188994497348784,-0.2817433771762003
d9bcc5633b86b6332d42dc42,candle,evaluation,1,9,ok,0.03326905432509709,0.0752037724576452,0.24628728715913456,-0.005664080381393433,0.08804738521575928,-0.005616664886474609,0.054212331771850586,-0.005344659090042114,0.0732908844947815,-0.28453125911594257,1.1733788567775398,-0.22563906986880106,-0.5243528217064581,-0.23476396126104276,1.5380634577313583
da7ccb5a11536704b9bf106b,candle,evaluation,1,9,ok,0.034033201041266586,0.07657470234284983,0.279093585968506,-0.005027562379837036,0.09907108545303345,-0.0028964728116989136,0.06884753704071045,-0.004712626338005066,0.09985673427581787,-0.1297727452668348,1.619477191818456,0.5334801156433074,0.16389087082907539,-0.03266712099218017,3.0754965244765002
dac420adaa0745b029dc1223,candle,evaluation,1,9,ok,0.041503968762002304,0.09350995391115094,0.3735357188580207,-0.005001857876777649,0.10810232162475586,-0.002683579921722412,0.11181002855300903,-0.00010761618614196777,0.15049225091934204,-0.12352313302810199,1.9849460754827737,0.5928917574677572,2.184270035709378,1.439816699028296,6.005902225070695
dc194af351555f8b101b5c78,candle,evaluation,1,9,ok,0.009932573720821064,0.022516323134041737,0.08939316348738958,-0.004995957016944885,0.05213969945907593,-0.006046921014785767,0.04829287528991699,-0.005264401435852051,0.028750360012054443,-0.12208843943590593,-0.2797048162587037,-0.3457098857181161,-0.8027246321516394,-0.20910102169513226,-1.03960959674771
dc446dd7514e9f7edb5d6d55,candle,evaluation,1,9,ok,0.021532134169760592,0.04852531686083728,0.14617006465241325,0.002397879958152771,0.03773009777069092,0.0016243308782577515,0.029748886823654175,-0.0018950104713439941,0.02794739603996277,1.6755971234402174,-0.8628211187191199,1.7950927961607386,-1.6747850414110261,0.8682850241432299,-1.0860791571899282
dd9041ae3b8cf040e1a6e9c0,candle,calibration,1,9,ok,0.02456404963086246,0.05564868454743311,0.20686171744975035,-0.0059531331062316895,0.04381433129310608,-0.001550912857055664,0.08077585697174072,-0.006903588771820068,0.12375783920288086,-0.3548095073518493,-0.6166091947798071,0.9089831495276776,0.7248389958646345,-0.7332425003450429,4.458714051846647
de51d0d277f1b6f2c304283c,candle,evaluation,1,9,ok,0.02006385225963385,0.04557675073614134,0.17030669888618616,-0.0036987662315368652,0.048470765352249146,-0.0034324675798416138,0.16892611980438232,-0.0055332183837890625,0.06882381439208984,0.1933014122849101,-0.4281763241192047,0.38390100481349987,4.870244630796422,-0.2950570985181968,1.2795427876246845
e00fa1ad8866373e4bb7d5d4,candle,calibration,1,9,ok,0.01139018691588785,0.025964985277173218,0.10251168224299065,-0.0039414167404174805,0.025811702013015747,-0.001979157328605652,0.07531982660293579,0.0013480782508850098,0.0785442590713501,0.13430507275127235,-1.3451252806084395,0.7894737231685495,0.46826053190538935,1.9052850551727067,1.8420895608895667
e099ac47d5c45ed5af94be61,candle,evaluation,1,9,ok,0.01956108906243332,0.04424049417488158,0.1760498015618999,-0.0008241534233093262,0.14496192336082458,-0.0034202635288238525,0.1177370548248291,6.866455078125e-05,0.0468115508556366,0.8922145695013881,3.476551127399296,0.38730676772063394,2.4629978275055193,1.4961836828873232,0.005637299421199971
e09faa3254cd17c2f340361c,candle,calibration,1,9,ok,0.01480084176161823,0.03329972688089446,0.07525444885418,-0.00450606644153595,0.0335918664932251,-0.002924010157585144,0.03996017575263977,0.0019706934690475464,0.07663124799728394,-0.002979887574700139,-1.0302837712910498,0.5257953172887485,-1.1945830169825873,2.1043705739032004,1.7313787608752402
e24a04266cc632803bbc3009,candle,evaluation,1,9,ok,0.040159710664447575,0.0904853731916528,0.3604812123927794,-0.0042025744915008545,0.08764064311981201,-0.004364639520645142,0.0545351505279541,-0.004012465476989746,0.03780665993690491,0.07080901240574695,1.1569191410842914,0.12376143194221068,-0.5091717587395347,0.19121415293716196,-0.5154985639146593
e368f26497632eb606d2765c,candle,calibration,1,9,ok,0.01809947509921905,0.04087984893099475,0.16289527589297145,0.00020135939121246338,0.04794767498970032,-0.0017297863960266113,0.04121890664100647,0.0014621615409851074,0.02366536855697632,1.1415505485633193,-0.4493443289439333,0.859065227748389,-1.1353892046237453,1.9417639755805438,-1.3338909418426537
e7061b36fe7484d083d41a4c,candle,calibration,1,9,ok,0.028960893824947723,0.05470650364870055,0.17376536294968634,-9.328126907348633e-05,0.15494239330291748,-0.00579524040222168,0.11286225914955139,-0.0022881031036376953,0.03603985905647278,1.0699136889711662,3.880432848442399,-0.2754738228347286,2.2337528449941977,0.7425909384119417,-0.6177478094053795
e709091228608972ecc7e643,candle,evaluation,1,9,ok,0.02459672257073358,0.05555466649596723,0.2171937011906286,-0.0038297325372695923,0.0834197998046875,-0.004131317138671875,0.0856284499168396,-0.0021912753582000732,0.05262136459350586,0.16145918505811432,0.9861134102663413,0.18887429592255894,0.9530398598465656,0.7735522791656153,0.3418659473226313
e73dca61276a3f2c907d2512,candle,evaluation,1,9,ok,0.04393376861690778,0.0988509793880425,0.3013338561003713,-0.0040108561515808105,0.15124037861824036,-0.003814995288848877,0.1083056628704071,-0.0027968883514404297,0.06427127122879028,0.1174220622976521,3.7306226620634697,0.2771496744239533,2.019471692735631,0.5799033393517025,1.0160755748409411
e7584ece1238dd0f168e9cd6,candle,calibration,1,9,ok,0.029827060128878077,0.067216905645884,0.23425297657150174,-0.0065965354442596436,0.05967128276824951,0.0009757280349731445,0.07941168546676636,-0.007817745208740234,0.09279009699821472,-0.5112418303918524,0.025077307903543417,1.614088349202467,0.6606866716172237,-1.0255503385346971,2.666532312496487
e75bcc9cf5db48399993a17e,candle,evaluation,1,9,ok,0.008561643835616438,0.019323710152349252,0.07705479452054795,-0.005484402179718018,0.025084614753723145,-0.007502943277359009,0.06909802556037903,-0.007660239934921265,0.1017238199710846,-0.24084556382629604,-1.3745484696301409,-0.752039440274751,0.17567048994253473,-0.9751869387553295,3.1835495064066692
e946de8546afa425662408aa,candle,evaluation,1,9,ok,0.053766323134041734,0.12139264072035164,0.3569705383433619,-0.0037062764167785645,0.07424098253250122,-0.004482686519622803,0.04858356714248657,-0.005229204893112183,0.025873899459838867,0.19147543862211513,0.614672331986478,0.09081826496990777,-0.7890543876742232,-0.19784668392040508,-1.206077660243313
ea7324d84d9a77b023a80556,candle,calibration,1,9,ok,0.02629838262279691,0.05940340545384714,0.23260466009473818,-0.007311522960662842,0.06050896644592285,-0.0062059760093688965,0.06740203499794006,-0.0014378130435943604,0.06981810927391052,-0.6850788706462745,0.058976024836854234,-0.39009708140889643,0.09591384931091733,1.0144770612322136,1.337085152804276
eb7e63212f062d77c0c998be,candle,evaluation,1,9,ok,0.018302180685358254,0.03441060683651261,0.10981308411214953,0.0024408549070358276,0.028168916702270508,0.0024179816246032715,0.04329138994216919,0.0018517374992370605,0.05069315433502197,1.6860457505106552,-1.249735391045318,2.0165755045818226,-1.0379273970367047,2.0663335804842133,0.2302755319787004
ec483234a76471d72864355e,candle,evaluation,1,9,ok,0.03039783638458584,0.06883188238808517,0.2415583792088081,-0.007937788963317871,0.0655786395072937,-0.0041093528270721436,0.033440232276916504,-0.00509306788444519,0.028608739376068115,-0.8373447855271224,0.26413152282765767,0.19500383746726666,-1.5011936787682911,-0.15431593459360257,-1.0478055419364944
ed4350a04f216387973bdd6b,candle,evaluation,1,9,ok,0.0385574030213801,0.08747879592881834,0.24580186062390647,-0.004442006349563599,0.09981584548950195,-0.0070746541023254395,0.0649598240852356,-0.006378084421157837,0.0924314558506012,0.012595233013307032,1.6496155487333357,-0.6325175385936187,-0.018934984417893208,-0.5652088526043448,2.6457768401897037
ed7869948ab424bba1a010de,candle,evaluation,1,9,ok,0.016534507958861435,0.031310011522212265,0.07710013655955276,0.0003183633089065552,0.06834152340888977,-0.001019299030303955,0.0988619327545166,0.0005793124437332153,0.036657363176345825,1.1699980588813077,0.37593771148342986,1.057339678801078,1.5753653363937057,1.6594668756062587,-0.5820112807202752
ede64eb3ca357db1b75dd938,candle,calibration,1,9,ok,0.025372871591345537,0.05721498527717322,0.2262414383561644,-0.00448155403137207,0.06443583965301514,-0.0037849992513656616,0.058376312255859375,-0.004854708909988403,0.023651540279388428,0.002979887574700139,0.21788560709104401,0.2855206154887407,-0.32853504865083183,-0.0780990052775416,-1.3346912193189997
ee2d487eb8d7c1feaa80ee8c,candle,evaluation,1,9,ok,0.0378072589937268,0.08544440532582256,0.27860349187043915,-0.004193469882011414,0.07587990164756775,-0.003759324550628662,0.07729676365852356,-0.0023271143436431885,0.04727745056152344,0.07302264317552419,0.6809948074494623,0.2926856087597932,0.5612291260625965,0.7301168248242043,0.03260009637748547
ee92674a4bc0f08f4c96a6a4,candle,calibration,1,9,ok,0.011188148124439893,0.02542288119318909,0.10069333311995904,-0.003467455506324768,0.043463826179504395,-0.0016582608222961426,0.09611299633979797,0.0011530816555023193,0.041994333267211914,0.24954067650627212,-0.6307931569917279,0.8790257429550355,1.4460922504441072,1.8429335462310978,-0.27314729324924275
eea827c68098c31d38f7f73a,candle,calibration,1,9,ok,0.020980028165407758,0.047281077966969655,0.18882025348866982,-0.006824776530265808,0.058678507804870605,-0.0005666911602020264,0.0777978003025055,-0.005752533674240112,0.06677189469337463,-0.5667347641081832,-0.015097519849496635,1.1836481556524703,0.5847911672922785,-0.36518467826774575,1.16079299339215
ef2b0a6652e72c192aee684f,candle,evaluation,1,9,ok,0.035038727435667646,0.07931389493449409,0.31534854692100883,-0.0007146298885345459,0.03092166781425476,-0.0032894164323806763,0.044988811016082764,0.00390961766242981,0.035109519958496094,0.918843352083815,-1.138339248061857,0.42382203522679296,-0.958103484338764,2.7243549841105357,-0.6715888912568708
ef8c958a7be8baa6b876909f,candle,calibration,1,9,ok,0.04010903426791277,0.0905373831775701,0.3469626168224299,-0.004981637001037598,0.09116867184638977,-0.005888938903808594,0.0671301782131195,-0.004981428384780884,0.03326496481895447,-0.11860677140029885,1.299688602066299,-0.3016220977554356,0.08312935370675599,-0.11861843306597511,-0.7783379728160967
efee3baaddc2a0906e188def,candle,evaluation,1,9,ok,0.026213032902317246,0.0589793240302138,0.20252688516195108,-0.0007105916738510132,0.09258618950843811,-6.109476089477539e-05,0.07768756151199341,-0.003952980041503906,0.08196774125099182,0.9198251752239289,1.3570515795892817,1.324744047519453,0.579607013681251,0.2102350320212902,2.040215152571226
f05e6ebb49d2f51bd53bb05a,candle,evaluation,1,9,ok,0.017928108863568472,0.040669808603251825,0.16135297977211624,-0.006403997540473938,0.049691081047058105,-0.006145685911178589,0.07811617851257324,-0.00242576003074646,0.05258569121360779,-0.4644295175010312,-0.3787935589894097,-0.3732720304659606,0.5997634065533239,0.6985741846596428,0.3398014384019716
f0844f0c727e05164d32a48e,candle,evaluation,1,9,ok,0.036821069645371914,0.08355404237613621,0.2606633807024282,-0.0035632848739624023,0.15148383378982544,-0.0043525248765945435,0.06582397222518921,-0.0038133561611175537,0.07369387149810791,0.22624139748755287,3.74047461234909,0.12714224420533643,0.02170294964681435,0.2548807326771724,1.5613853371174578
f0877727b7c3ffd0d6f59114,candle,calibration,1,9,ok,0.01936771860197158,0.03658702470874408,0.09796680962744847,0.00020259618759155273,0.06529152393341064,-0.0017437934875488281,0.07252615690231323,0.0002840310335159302,0.021348625421524048,1.1418512545435018,0.252512758101049,0.8551562935204208,0.3368837923818107,1.565048604080436,-1.4679667396415896
f2f14b25e8bfd1c2df4df386,candle,calibration,1,9,ok,0.008204908675799087,0.018572232535313447,0.07384417808219178,-0.008035272359848022,0.06209990382194519,-0.008622616529464722,0.07038140296936035,-0.004375427961349487,0.0402664840221405,-0.8610462135072905,0.12335681343977623,-1.0645046720721305,0.23602334394406949,0.0751543902289466,-0.37314230886585914
f354705c3cd03bca9ccb6073,candle,calibration,1,9,ok,0.02841345538343362,0.06424833568045064,0.2557210984509026,-0.0046615153551101685,0.0821833610534668,-0.0020454972982406616,0.07723206281661987,-0.010823816061019897,0.06360012292861938,-0.040774644023662876,0.936078190110898,0.7709603453143847,0.5581864665628558,-1.9867622676823742,0.9772345214631154
f40690fcf046f10a039f7d32,candle,evaluation,1,9,ok,0.040427762130329024,0.09131886655571203,0.2994161545683438,-0.0076704323291778564,0.08946540951728821,-0.006476283073425293,0.044158726930618286,-0.0034041106700897217,0.057709068059921265,-0.7723415723170678,1.230762336584138,-0.46553119512734814,-0.9971395023241517,0.3857398066166759,0.6363042433881516
f681e8e404a3867d86d046c0,candle,evaluation,1,9,ok,0.03516075086416592,0.07958528037383178,0.276587104724107,-0.0042394548654556274,0.07648006081581116,-0.0009752213954925537,0.08298498392105103,-0.0003692805767059326,0.044847309589385986,0.061842177454521606,0.7052815714171231,1.069640346297174,0.8287266872869173,1.3561477018546255,-0.10803832167467546
f6be679c5895210d92f225a8,candle,calibration,1,9,ok,0.013479921478257158,0.030557867110485214,0.12131929330431443,-0.00242440402507782,0.07740414142608643,-0.007114052772521973,0.08923113346099854,-0.0038131773471832275,0.048749953508377075,0.5031408837450081,0.7426765307152293,-0.6435124557199465,1.1224617558786472,0.25493790966840724,0.11781757445674793
f74a61f2fb120b5eec42f95d,candle,evaluation,1,9,ok,0.016808560576964112,0.03809531430034566,0.15127704519267698,-0.0008835047483444214,0.09044891595840454,-0.0034385770559310913,0.09272521734237671,-0.0029476284980773926,0.04643607139587402,0.8777843054162445,1.2705620931486816,0.3821960441395988,1.2867765808756966,0.5317031357407201,-0.016092648691909538
f9206903efac692c7ab0dbbe,candle,evaluation,1,9,ok,0.016761218153885545,0.03787193807877779,0.1196809787479196,0.0005373358726501465,0.08941477537155151,-0.0010656863451004028,0.08535066246986389,0.002422839403152466,0.04321563243865967,1.2232375092280778,1.2287133142392648,1.0443944530014342,0.9399764654674395,2.248947360989799,-0.20246761441161854
f931ab0ec8d5f0a922d4963c,candle,evaluation,1,9,ok,0.01433941983527504,0.026981180386634235,0.08603651901165024,0.0026886165142059326,0.10962629318237305,-0.003468841314315796,0.11103561520576477,-0.005444914102554321,0.05585488677024841,1.7462847665648062,2.0466169445983913,0.3737502511427865,2.147852022305066,-0.2668211943467178,0.5289980721201762
f99d4cd59929cee55b694315,candle,evaluation,1,9,ok,0.04536871079247216,0.10233164767635386,0.35322781974139034,-0.00045928359031677246,0.030282437801361084,-0.002410680055618286,0.04783517122268677,-0.0048905909061431885,0.03419369459152222,0.9809264566188443,-1.164207099901283,0.66904943986245,-0.8242488903722829,-0.08957252151866905,-0.724590026705387
fa040b119c0dda16630297c2,candle,evaluation,1,9,ok,0.03656302009985917,0.08262519737122861,0.27654376306917594,-0.0055179595947265625,0.2188231348991394,-0.0063619911670684814,0.11480659246444702,-0.009477347135543823,0.11750316619873047,-0.24900447789100694,6.465507900728116,-0.4336359552033942,2.3251881966397896,-1.5562195236839202,4.096740270562853
fb70680edc9f094d41952baa,candle,evaluation,1,9,ok,0.017630718431272136,0.0401657118166688,0.15867646588144924,-0.0051895081996917725,0.03589537739753723,0.0011144578456878662,0.09321814775466919,-0.0002911686897277832,0.05534785985946655,-0.16914711385265987,-0.9370671237911782,1.652803431822025,1.3099574137295475,1.3811245175257179,0.49965513956613766
fbcbceba9fd9123d01f3030e,candle,evaluation,1,9,ok,0.05012162335168353,0.11277365254128793,0.4362437588016899,-0.0029567480087280273,0.10075902938842773,0.0024003982543945312,0.05261477828025818,-0.0004336833953857422,0.026684224605560303,0.3737105085399473,1.687783564725417,2.0116685445935216,-0.599480303274214,1.3355544555115388,-1.1591820900238157
fbd6177374b723bb9d4072ea,candle,evaluation,1,9,ok,0.02051727264968207,0.04113989886058123,0.09697595271625485,0.0008919388055801392,0.05023875832557678,-0.0018145889043807983,0.09245634078979492,-0.002771437168121338,0.052348196506500244,1.3094531744136575,-0.35663059040098455,0.8353995419065087,1.2741322354097084,0.58804153110413,0.32605701769291767
fbf5ba916f7105bc36044471,candle,evaluation,1,9,ok,0.036306970938420176,0.08227979772116246,0.3191112693637178,0.0033317357301712036,0.13189974427223206,-0.0043704211711883545,0.12284553050994873,-0.005675554275512695,0.16060692071914673,1.9026482532960929,2.9479612512228153,0.12214795696300675,2.703231982351003,-0.34056998354114093,6.591263805355199
fde249f4c7e4850325128999,candle,calibration,1,9,ok,0.03862074851704861,0.060544957965262665,0.15448299406819443,-0.0012898743152618408,0.04439932107925415,-0.001035541296005249,0.04783514142036438,-0.0075994133949279785,0.10206076502799988,0.7789824646263995,-0.5929362933039299,1.0528069784729022,-0.8242502918736646,-0.9557372322369398,3.2030493709488406
fe4605f0f6d168ee2af8dced,candle,calibration,1,9,ok,0.012695770921350233,0.028677506081167585,0.11426193829215209,-0.008071959018707275,0.09227195382118225,-0.008853837847709656,0.07997456192970276,-0.011276423931121826,0.036242276430130005,-0.8699659499314993,1.3443353396808986,-1.1290311959182835,0.6871568282140001,-2.13148676199633,-0.6060334028981773
ffe46cdf3d6a51b27ddb2abc,candle,evaluation,1,9,ok,0.023740558187171936,0.05350227243630777,0.20024644731788505,-0.009474992752075195,0.04911082983016968,-0.005020573735237122,0.04216611385345459,-0.007911860942840576,0.0271013081073761,-1.211089712221428,-0.40227470381264724,-0.05928896782474233,-1.09084528620815,-1.0556444949213089,-1.1350444105379065
fff1bee28b7eae7e1c413d82,candle,evaluation,1,9,ok,0.029456322280544532,0.055303951692058206,0.17673793368326718,-0.001730307936668396,0.03324463963508606,-0.0037725865840911865,0.03258073329925537,-0.002607792615890503,0.0641457736492157,0.6718985290088774,-1.044335071667811,0.28898459656522746,-1.5416129786174484,0.6403680075825611,1.0088127117959134
