strategy,image_mode,category,num_images,num_defect_types,fallback_count,top1_accuracy,top2_accuracy,macro_f1
visual_ensemble,full,MEAN,328,20,0,0.31696288355158997,0.49113721003275457,0.19120169961951167
category_visual,gt_crop,MEAN,328,20,0,0.31016159324141557,0.4654889301258261,0.24603302169268138
short_visual,gt_crop,MEAN,328,20,0,0.3044690530674512,0.4669472594529803,0.20995087878275387
generic_label,gt_crop,MEAN,328,20,0,0.2925096468793467,0.47210593619598873,0.19732913157946777
generic_label,full,MEAN,328,20,0,0.2850407668788339,0.4989940484202835,0.15427668581634782
short_visual,full,MEAN,328,20,0,0.2797521296848259,0.470485036119711,0.15998988255362362
visual_ensemble,gt_crop,MEAN,328,20,0,0.27443480824824207,0.4974047971591382,0.1837370215651234
category_visual,full,MEAN,328,20,0,0.2591731086027088,0.4632610939112487,0.18566916037835984
