image_id,category,split,identity,brightness08,brightness12,contrast08,contrast12,view_mean,view_median,view_min,identity_z,brightness08_z,brightness12_z,contrast08_z,contrast12_z,view_mean_z,view_median_z,view_min_z
01bf8cf7ec65fafffc6f828f,macaroni2,calibration,36.46122741699219,35.94016647338867,37.0876350402832,35.904266357421875,36.90988540649414,36.460636138916016,36.46122741699219,35.904266357421875,1.0117334958476838,0.5756224593075387,0.8383742545726541,0.46034922804789025,0.7998457794550532,0.7374270808493151,0.7541591998076582,0.8795245000605634
020a5d954626c4b1a404f800,macaroni2,calibration,39.73385238647461,41.9896240234375,40.20723342895508,42.338314056396484,40.376380920410156,40.929080963134766,40.376380920410156,39.73385238647461,1.9665722688682603,2.3003467504183774,1.8498939357201345,2.1147587389232956,1.7835057173665803,1.964538555301856,1.850837689964566,2.0294832261159423
02a89308f4b562fed27e6207,macaroni2,evaluation,29.94606590270996,31.48603630065918,30.577768325805664,32.40823745727539,31.16214942932129,31.116051483154298,31.16214942932129,29.94606590270996,-0.8891652885651196,-0.6942676822662732,-1.2724289588321094,-0.4385970858905965,-0.831143671343548,-0.7302873959462753,-0.7301720892897495,-0.909620476055272
038b8c6619fae0cd7ce7e762,macaroni2,calibration,28.55564308166504,29.374101638793945,32.812530517578125,29.05120086669922,30.630647659301758,30.084824752807616,29.374101638793945,28.55564308166504,-1.2948425760046003,-1.2963886133452136,-0.54781455081387,-1.3018038141669641,-0.9819637130826662,-1.013479916689067,-1.2310243673759151,-1.3271405014149442
058e9aea4df0e4413124ca53,macaroni2,evaluation,35.74812698364258,36.093238830566406,35.89323043823242,35.74146270751953,35.86096954345703,35.86740570068359,35.86096954345703,35.74146270751953,0.8036754540098899,0.619263994195225,0.4510924279712985,0.41848694797082575,0.5022032443450262,0.5745158429609091,0.5860202244447159,0.8306373680263016
05d2d292b4646a3f67482643,macaroni2,calibration,36.61328125,37.53565216064453,38.505950927734375,38.2755126953125,38.493316650390625,37.884742736816406,38.2755126953125,36.61328125,1.0560975451035988,1.0305017436340551,1.2982585907906243,1.0700762113681932,1.2491635047501461,1.1285111416070026,1.26236089305039,1.092429460658905
07bb5a747e1b35f0eec2a0a6,macaroni2,calibration,33.66056823730469,33.499755859375,34.11615753173828,33.92744827270508,34.3946418762207,33.91971435546875,33.92744827270508,33.499755859375,0.19459801600547053,-0.12014826582799416,-0.12511771057735568,-0.04795701922273297,0.08611507220652168,0.03964644377952733,0.0444191898892784,0.15749141132884845
0822b68a9a064a98dd389a74,macaroni2,evaluation,56.44748306274414,55.496150970458984,56.21363067626953,55.8614616394043,56.67792892456055,56.1393310546875,56.21363067626953,55.496150970458984,6.843031611587331,6.151111041488252,7.039916439487493,5.592013652943504,6.409266700830194,6.141533718244356,6.287029306801799,6.76263001060709
090d122e739584d0c7f23cdb,macaroni2,calibration,41.01073455810547,40.69748306274414,41.007568359375,41.03861999511719,42.065773010253906,41.16403579711914,41.01073455810547,40.69748306274414,2.339122321936114,1.9319522482651814,2.1093999466763096,1.7805637940285866,2.262891111501029,2.0290611765050226,2.0285272719965093,2.318844921208844
099c144062092abe11aa0aa5,macaroni2,calibration,37.91673278808594,38.84067916870117,37.977256774902344,37.9748649597168,37.87252426147461,38.11641159057617,37.9748649597168,37.87252426147461,1.4363996203256784,1.4025701088931553,1.1268312228194317,0.9927695925080385,1.0730061722840667,1.1921313763654295,1.1781460839875155,1.4705584485661616
09f1a0bba5eccd98d28321b7,macaroni2,evaluation,33.42022705078125,34.50266647338867,33.24341583251953,34.5413818359375,33.492889404296875,33.84011611938477,33.492889404296875,33.24341583251953,0.12447477066378296,0.16578551972081174,-0.4081013819767046,0.10990589594017718,-0.16976807461518487,0.017787404966865393,-0.07730563220879538,0.08051691630943986
0b1f80db3ba12c4ac074aee5,macaroni2,evaluation,31.944568634033203,32.97579574584961,33.05707931518555,33.37858581542969,32.44519805908203,32.76024551391602,32.97579574584961,31.944568634033203,-0.30607131548553623,-0.2695313680142621,-0.46852039465610523,-0.18908797005848238,-0.4670631380148964,-0.2787635569500459,-0.22214937642484914,-0.30950452683891777
0bb0a482b6f4ae9c5be79648,macaroni2,calibration,34.2313232421875,38.85841751098633,35.060115814208984,39.72931671142578,35.057960510253906,36.5874267578125,35.060115814208984,34.2313232421875,0.36112458523953966,1.4076273804865398,0.18095770745355158,1.4438979956844624,0.2743397399579502,0.772245956189914,0.361692095838384,0.3771684963141472
0c2ef6fb8a6a89471eabc757,macaroni2,calibration,31.11973190307617,31.227380752563477,32.67671585083008,31.289653778076172,31.72697639465332,31.608091735839842,31.289653778076172,31.11973190307617,-0.5467301442464371,-0.7680114027801309,-0.5918520169514977,-0.7262224757166805,-0.6708672032451899,-0.5951647159725947,-0.6944566884609261,-0.5571887906572861
0d393af7221ca9197c2c5d73,macaroni2,evaluation,37.04156875610352,37.60955810546875,37.75953674316406,37.4298095703125,37.75851058959961,37.519796752929686,37.60955810546875,37.04156875610352,1.181057025838908,1.0515726210212017,1.0562362071651619,0.8526175665402986,1.0406534169011716,1.0282907244373527,1.0758195292276653,1.2210368221773162
0d589de7718ba1b4532880ec,macaroni2,evaluation,34.40850067138672,35.468223571777344,35.47813034057617,34.994415283203125,34.70203399658203,35.01026077270508,34.994415283203125,34.40850067138672,0.41281883089283183,0.44106967012070986,0.3164975647510053,0.2263959934600276,0.17334129615958183,0.3391291664397053,0.3432886388390325,0.4303718267059959
0deb769b37a56e959b7f77c2,macaroni2,evaluation,36.50901794433594,36.39118957519531,37.28811264038086,36.41889953613281,37.2354850769043,36.768540954589845,36.50901794433594,36.39118957519531,1.0256771187548113,0.7042109307700406,0.9033784675714712,0.5926786830513255,0.8922386154745802,0.8219830163516876,0.767545863529883,1.0257391558874838
0e4daf882b8988af5fcf1473,macaroni2,evaluation,43.37515258789063,42.79413986206055,44.513980865478516,42.71074295043945,44.766136169433594,43.63203048706055,43.37515258789063,42.71074295043945,3.028977722881994,2.5297174002620775,3.246342853502008,2.210522701712644,3.029151747591274,2.7068147847627984,2.690827330663645,2.9233921903154116
10c1074d12d0b26bffeddcc9,macaroni2,calibration,33.270469665527344,33.660037994384766,33.54063415527344,34.06013107299805,33.25731658935547,33.557717895507814,33.54063415527344,33.25731658935547,0.08078074543325839,-0.07445119474428707,-0.31172930275172,-0.01383982006531096,-0.2366147038950061,-0.05976398360712549,-0.06393179096140042,0.08469107416905956
112963ef3ded1b898260b897,macaroni2,evaluation,33.309547424316406,33.69551467895508,33.660003662109375,34.268741607666016,33.21916961669922,33.63059539794922,33.660003662109375,33.21916961669922,0.09218228383209413,-0.06433665155751801,-0.2730241264918923,0.03980094680038911,-0.24743936776776274,-0.03975057335069922,-0.030495050763774744,0.07323619530072888
118ef857f2ae60c7e8957fd4,macaroni2,evaluation,39.99296188354492,39.616825103759766,40.0029296875,40.03099822998047,40.01462173461914,39.93166732788086,40.0029296875,39.616825103759766,2.0421714580719423,1.6238523869433066,1.7836491087692334,1.5214704348244072,1.6808521824620675,1.6906316895480689,1.7462298032245953,1.9943419487236773
11d840114e02446df8c492a5,macaroni2,calibration,31.939281463623047,37.94206237792969,34.7027587890625,35.755428314208984,32.6368522644043,34.5952766418457,34.7027587890625,31.939281463623047,-0.307613928939342,1.1463709051428725,0.06508584861281269,0.4220779739645962,-0.41267894425177987,0.2251674171677327,0.26159237754062814,-0.31109217305006837
12aa988e2c192ec197791e10,macaroni2,evaluation,48.16483688354492,47.39694595336914,48.76921081542969,47.703773498535156,48.52090835571289,48.11113510131836,48.16483688354492,47.39694595336914,4.426441935453154,3.8419956346781188,4.626087392995854,3.4943983602933915,4.094613670389223,3.9368536201175695,4.032471722665313,4.330578239774364
13bf20341c4830cea3091af1,macaroni2,calibration,31.994930267333984,31.85908317565918,32.4590950012207,31.81391143798828,32.812923431396484,32.187988662719725,31.994930267333984,31.81391143798828,-0.29137753278918427,-0.5879105416941742,-0.6624148731214662,-0.5914182437172653,-0.36271662568068436,-0.435915088648734,-0.4969008187594745,-0.3487386324508372
14947f4fbed997508681936b,macaroni2,evaluation,40.96255493164063,41.739784240722656,42.126922607421875,41.29208755493164,40.96508026123047,41.41728591918945,41.29208755493164,40.96255493164063,2.325065173363557,2.2291164395071674,2.4723469388875383,1.8457388069092404,1.9505562601165096,2.0986079971381546,2.107337407918658,2.3984414380012153
15edde4d42eec0fcaf86805b,macaroni2,calibration,31.303821563720703,31.565858840942383,31.842037200927734,31.438405990600586,32.180091857910156,31.666043090820313,31.565858840942383,31.303821563720703,-0.4930191485366532,-0.6715099600960428,-0.8624938677986109,-0.6879732915828155,-0.5422902220650058,-0.5792502814312571,-0.6170885466873359,-0.5019098362144947
15fe0ec6952569c6d987e369,macaroni2,evaluation,35.91424560546875,36.75282287597656,37.61956024169922,36.3795166015625,36.57390213012695,36.6480094909668,36.57390213012695,35.91424560546875,0.8521431221721409,0.807314016157751,1.010849279590123,0.5825520093666259,0.7045064699293621,0.7888830122422584,0.7857206530614378,0.8825210963725186
164c0016c2da5c69740eee95,macaroni2,evaluation,32.80097579956055,32.760372161865234,33.3038215637207,33.056068420410156,33.4273681640625,33.06972122192383,33.056068420410156,32.760372161865234,-0.05620132587059844,-0.33094948444901723,-0.3885150191339853,-0.2720180120331647,-0.18836051728303163,-0.19377622750996412,-0.19966409827137102,-0.06453277833657121
169f7ea77a6f29b7261b88e9,macaroni2,evaluation,51.70784759521485,52.6681022644043,53.96416473388672,52.11153030395508,51.87211990356445,52.464752960205075,52.11153030395508,51.70784759521485,5.46016991598149,5.344823162050578,6.31053438792159,4.627780505047257,5.045560391610892,5.132431643385527,5.137984897979895,5.6250677544630205
16d9a21640b4c5398bb37591,macaroni2,calibration,34.611358642578125,36.168479919433594,34.44674301147461,36.12445831298828,33.70807647705078,35.01182327270508,34.611358642578125,33.70807647705078,0.4720057704646092,0.6407155264334866,-0.017926438691476518,0.5169679667565531,-0.10870614570896475,0.3395582556987778,0.23599016946395962,0.22004650482880236
18981c79a709a2099955afbc,macaroni2,calibration,32.64727783203125,32.517601013183594,34.06720733642578,32.85026931762695,34.36171340942383,33.288813781738284,32.85026931762695,32.517601013183594,-0.10104507671279787,-0.4001644998198957,-0.14098965298327762,-0.3249358654442325,0.07677122235155816,-0.13360965844809736,-0.2573107394870718,-0.13743277294251457
192e84e7b946be7da306b6f5,macaroni2,calibration,29.55538558959961,29.91753578186035,30.643964767456055,30.3497314453125,31.06020164489746,30.305363845825195,30.3497314453125,29.55538558959961,-1.0031522911371191,-1.1414533882591116,-1.2509649768674924,-0.9679080396978489,-0.8600725855434902,-0.952916104836575,-0.9577394955999387,-1.0269350452413373
1aff5fdea116b013b67f3db7,macaroni2,evaluation,32.4874382019043,33.248756408691406,32.405479431152344,33.331478118896484,32.542999267578125,32.80323028564453,32.542999267578125,32.405479431152344,-0.14768075227406463,-0.19170920266702976,-0.6797995481927904,-0.20120093919179857,-0.43931086477792297,-0.26695920248450694,-0.3433805332419788,-0.17110095291231214
1b7432f592af1c52df4dc2ff,macaroni2,evaluation,37.116024017333984,36.58641052246094,37.8551139831543,36.768898010253906,37.59770965576172,37.18483123779297,37.116024017333984,36.58641052246094,1.2027804958182573,0.7598691955147818,1.0872268179024105,0.6826750323898763,0.9950242112783406,0.9363034574261648,0.9375750853906394,1.0843606439840527
1db345e123c520e083b4a5e7,macaroni2,calibration,30.84192276000977,30.938562393188477,31.38709831237793,31.118976593017578,31.506500244140625,31.158612060546876,31.118976593017578,30.84192276000977,-0.627785243371153,-0.8503546601733201,-1.010006330030457,-0.7701093058213719,-0.7334299717973677,-0.7185995325100542,-0.7422652858635265,-0.640610091503789
1dea0ee12acb9c510e2cdd46,macaroni2,evaluation,40.23326110839844,39.3038215637207,37.99146270751953,39.39224624633789,38.04548263549805,38.993254852294925,39.3038215637207,37.99146270751953,2.112282460449711,1.534613838818492,1.1314374504939682,1.3572258711732506,1.1220851982831452,1.4329275526815592,1.550401762006448,1.5062736153897298
1e41c8109edbe19d63e3ac0a,macaroni2,calibration,32.68039321899414,33.51773452758789,33.485511779785156,34.48370361328125,33.437774658203125,33.52102355957031,33.485511779785156,32.68039321899414,-0.09138315218719331,-0.11502247636140893,-0.3296025546037752,0.09507488992384054,-0.1854075489785436,-0.06984087667566646,-0.07937218773551813,-0.08854907737191334
219a53f868d7ce546ab83cb9,macaroni2,calibration,40.38851165771485,40.1568603515625,40.42157745361328,40.63779830932617,41.202857971191406,40.56152114868164,40.42157745361328,40.1568603515625,2.157579200956919,1.7778185735369987,1.9193942920049185,1.677499091968101,2.018028554968176,1.8636003354947146,1.8634977467797733,2.1565052323989744
21b2c0a524a8bfb810c613c6,macaroni2,evaluation,55.18505859375,53.930179595947266,51.312644958496094,53.895599365234375,51.96755599975586,53.25820770263672,53.895599365234375,51.312644958496094,6.474699816087965,5.704646404541954,5.450787682224253,5.0865245121066724,5.0726415356877546,5.350327904209758,5.637722689295445,5.5063952093871125
21cbc2dafd0b25d4fa7f8cd9,macaroni2,evaluation,47.60182571411133,48.09199142456055,47.73131561279297,47.78091049194336,48.09823989868164,47.86085662841797,47.78091049194336,47.60182571411133,4.262174749560517,4.040155849486259,4.289553232621911,3.5142328690669595,3.9746763946790797,3.868122865238387,3.924929626268475,4.392100103200395
21f0bb03132d4e3d206597ca,macaroni2,evaluation,34.78571701049805,34.31626892089844,35.85009002685547,34.61809158325195,35.50840377807617,35.01571426391602,34.78571701049805,34.31626892089844,0.5228775115418822,0.11264283974929595,0.4371042892034859,0.1296305454099201,0.4021584534338477,0.34062678852166434,0.284829907550783,0.40267622057814595
22071d38ffec95cc2dc737db,macaroni2,calibration,31.233333587646484,32.11470413208008,32.603248596191406,31.688934326171875,31.512542724609375,31.830552673339845,31.688934326171875,31.233333587646484,-0.5135851019272903,-0.5150319952776364,-0.6156735364960466,-0.6235540518592771,-0.7317153450399231,-0.5340731327120918,-0.5826137202982877,-0.5230761613873962
22fea48efc706041289e9a7b,macaroni2,evaluation,35.28513717651367,35.50154113769531,35.92425537109375,34.76649475097656,36.27729415893555,35.55094451904297,35.50154113769531,34.76649475097656,0.6685910421134925,0.4505686400339616,0.461152162041386,0.16778997841610688,0.6203403784531302,0.48761018282938695,0.4853402891609154,0.5378712829337321
239a66b32787de4bb2bfbeb2,macaroni2,calibration,39.7196159362793,39.38470458984375,40.61248016357422,39.41377258300781,40.09227752685547,39.84457015991211,39.7196159362793,39.38470458984375,1.962418565109528,1.5576739096990366,1.98129387786542,1.362761014490062,1.702887950707838,1.666713315614592,1.666870437963907,1.9246401562977717
243cf774d89a3f3be1a370ad,macaroni2,evaluation,42.72307586669922,42.640316009521484,44.43988037109375,42.66222381591797,43.674034118652344,43.22790603637695,42.72307586669922,42.640316009521484,2.8387242895727196,2.485861611072478,3.2223160080192277,2.1980468045220496,2.7192546105108995,2.595835289647879,2.508173313793461,2.9022441929486997
260dc45bbc85f7b24f7f267c,macaroni2,evaluation,33.389408111572266,34.090850830078125,33.507408142089844,34.24164962768555,34.8489990234375,34.015663146972656,34.090850830078125,33.389408111572266,0.11548287016356878,0.048375249857623086,-0.3225027299926474,0.03283468987393258,0.215044396195764,0.06599562512695167,0.09019008233352281,0.12435588322642825
26d6fd632bf434a131f6ec4e,macaroni2,evaluation,42.78189468383789,42.06343460083008,35.86064529418945,42.37037658691406,40.861427307128906,40.78755569458008,42.06343460083008,35.86064529418945,2.855885585997129,2.3213904381733017,0.440526800475087,2.1230030911433557,1.9211434834414554,1.9256732928223537,2.323400382957668,0.8664258460746272
26eec54b18e8cba99626757c,macaroni2,evaluation,40.24174499511719,41.4432373046875,41.167877197265625,41.198909759521484,40.05581283569336,40.82151641845703,41.167877197265625,40.05581283569336,2.1147577651548075,2.1445697343186674,2.16137956853311,1.8217796698090394,1.69254065451187,1.9349994892037554,2.07254469100779,2.126162403764653
27ea559654c1229f157208ab,macaroni2,calibration,33.00210952758789,34.56855773925781,32.98371887207031,38.324886322021484,33.4994010925293,34.47573471069336,33.4994010925293,32.98371887207031,0.002482539183776174,0.1845713804159797,-0.4923072809098681,1.082771827166437,-0.1679203044921053,0.19233915562130077,-0.07548163516426812,0.0025343919496181658
27f6af7a7e085f3e53255dce,macaroni2,evaluation,38.23160552978516,37.94447326660156,38.7642707824707,38.12928009033203,39.523841857910156,38.51869430541992,38.23160552978516,37.94447326660156,1.5282685955811177,1.1470582590454572,1.382017967653297,1.0324749028609017,1.5415874694071172,1.302605099277515,1.250062002609555,1.49216349559972
28485adba20bcc1631a8d377,macaroni2,evaluation,41.21697235107422,40.73872375488281,41.62637710571289,41.022071838378906,41.88160705566406,41.297150421142575,41.21697235107422,40.73872375488281,2.399295376601738,1.9437101328234783,2.310046679941696,1.7763087077786612,2.210631799256135,2.0656167319571708,2.0862967952626614,2.331228790753396
2c85cb0ad09b73d534abf8b9,macaroni2,evaluation,37.64595031738281,37.68244171142578,37.8244743347168,37.6218376159668,38.07672119140625,37.770285034179686,37.68244171142578,37.6218376159668,1.3573946611590484,1.0723520255509231,1.077292011059801,0.901994419176302,1.1309495155285456,1.0970790962824746,1.0962350462357133,1.3952815665950395
2ca215e8e7ea31fa3a35a3cc,macaroni2,evaluation,42.79297256469727,43.09113311767578,34.372657775878906,42.80787658691406,39.32509231567383,40.47794647216797,42.79297256469727,34.372657775878906,2.8591177284717717,2.6143913529293794,-0.04194833656128715,2.235499018259865,1.4851898881636678,1.8406492980403102,2.527752164318872,0.4196088225213124
2d9695a99f4fdfb5f7fe0814,macaroni2,evaluation,54.499061584472656,54.88238525390625,54.49058151245117,54.686336517333984,55.047969818115234,54.72126693725586,54.686336517333984,54.49058151245117,6.274549615945186,5.976124006430703,6.481223324657096,5.289849561320189,5.9467461330094995,5.75210902610574,5.859217050964409,6.460674821686346
2e1a8a38ba204b4a41f3616a,macaroni2,calibration,39.19285583496094,39.59426498413086,40.27903747558594,39.445884704589844,39.5388069152832,39.61016998291016,39.5388069152832,39.19285583496094,1.8087281870462684,1.6174204075447525,1.8731761654510157,1.371018118236459,1.5458339850443996,1.6023430127177467,1.6162237994656625,1.8670312794931632
2e3f1b75a27dd34d2dbf7338,macaroni2,evaluation,38.91368865966797,38.31019973754883,39.35610580444336,38.45318603515625,38.99826431274414,38.80628890991211,38.91368865966797,38.31019973754883,1.7272768610892597,1.2513283234481574,1.573918558091979,1.1157619875730143,1.3924484979674383,1.3815835029606602,1.4411211517306148,1.601984855774067
309e0cbefe455b2ea22f3eec,macaroni2,evaluation,40.73328399658203,41.23060989379883,40.937957763671875,41.34355926513672,41.63225173950195,41.175532531738284,41.23060989379883,40.73328399658203,2.2581718445030683,2.0839488179006755,2.0868289363097836,1.8589739103601948,2.1398742189190867,2.0322183767222937,2.0901168242223482,2.329595325026772
30d36e2e153df1df035ac044,macaroni2,calibration,36.44337844848633,36.370262145996094,37.04642105102539,36.34626770019531,36.634254455566406,36.56811676025391,36.44337844848633,36.34626770019531,1.0065257841951893,0.6982444378751357,0.8250107519422316,0.5740026014011239,0.7216321706424502,0.7669431001610396,0.7491595031636377,1.0122498905321375
310376fc298561257b2f6ac1,macaroni2,evaluation,42.18512725830078,41.91838455200195,43.98869323730469,41.59980392456055,43.042579650878906,42.54691772460937,42.18512725830078,41.59980392456055,2.6817694921299418,2.280036095148172,3.07602004012624,1.9248630087157095,2.5400717844923846,2.4088242367623462,2.357487863752902,2.5897963349845643
3310468cd5959578286518b4,macaroni2,evaluation,45.5760383605957,47.726356506347656,46.14664077758789,47.122337341308594,43.851829528808594,46.08464050292969,46.14664077758789,43.851829528808594,3.671120067441723,3.9359118871304917,3.775727546004762,3.344891618427649,2.769706203889043,3.380343498045377,3.467152315293606,3.266040836415901
33960b3cb617142b581adb73,macaroni2,evaluation,30.565095901489254,31.71331214904785,32.14582061767578,31.277315139770508,31.912851333618164,31.52287902832031,31.71331214904785,30.565095901489254,-0.7085537458404945,-0.6294704383389061,-0.7639930780935303,-0.7293951535579398,-0.618122946058796,-0.6185655847938109,-0.5757852181816788,-0.7237364292194367
3428f8693b2e18ca84800e9d,macaroni2,evaluation,36.33907318115234,36.496646881103516,37.17963409423828,36.13579559326172,37.2670783996582,36.68364562988281,36.496646881103516,36.13579559326172,0.9760931148824807,0.7342772260816783,0.8682046500685721,0.5198831618544733,0.9012036020939972,0.7986693062862199,0.7640805897071519,0.9490487418640097
35325a2687895d2bacdc9adf,macaroni2,evaluation,34.401004791259766,35.15241622924805,34.963645935058594,36.04732131958008,34.767948150634766,35.06646728515625,34.963645935058594,34.401004791259766,0.41063179233819375,0.35103174680855387,0.1496776613575915,0.49713345798298547,0.192045232865318,0.35456443734066084,0.33466979867432434,0.4281209430083689
35427a6ae432f98d18759137,macaroni2,evaluation,35.936710357666016,35.43864822387695,36.79435348510742,35.79702377319336,36.468284606933594,36.08700408935547,35.936710357666016,35.43864822387695,0.8586975598557357,0.4326376213758689,0.7432786594937817,0.4327735619012453,0.6745362230648607,0.6348213212897507,0.607236077590052,0.7397073940816058
379fa23ea1bb36eb6d0acb95,macaroni2,evaluation,35.684165954589844,36.12940979003906,36.792537689208984,35.873348236083984,35.98448181152344,36.09278869628906,35.98448181152344,35.684165954589844,0.7850138380070317,0.6295764779045738,0.7426898935504198,0.45239914182021773,0.5372513410322376,0.6364098734197758,0.620617398614431,0.8134321399660689
37adcf1d496e402eae667b36,macaroni2,evaluation,43.478633880615234,43.045623779296875,33.40302658081055,42.96577835083008,39.24131774902344,40.426876068115234,42.96577835083008,33.40302658081055,3.059169984903196,2.6014164604328034,-0.3563481134132554,2.276100859002869,1.461417843832707,1.8266244904655633,2.576157006801052,0.1284452749824223
38adb42e111febc3aaefacba,macaroni2,evaluation,42.544429779052734,42.39365005493164,34.5193977355957,42.09534454345703,38.665931701660156,40.04375076293945,42.09534454345703,34.5193977355957,2.7866015401822595,2.4155361711216328,0.005631620462450327,2.0522831260794776,1.2981451087743698,1.721411720334396,2.3323387164535503,0.46367230506412005
3920b4cb838bea1997e763d6,macaroni2,evaluation,37.92576599121094,37.80033874511719,38.87115478515625,37.79219055175781,38.34733963012695,38.14735794067383,37.92576599121094,37.79219055175781,1.4390351965584431,1.1059649364896635,1.416674759600891,0.9457978739164835,1.2077407635082682,1.2006297740834544,1.1643929111930746,1.446435619157344
3930ace9c61b018381801321,macaroni2,evaluation,38.76016998291016,39.12922668457031,38.59414291381836,38.96096420288086,38.68311309814453,38.825523376464844,38.76016998291016,38.59414291381836,1.6824854210928983,1.4848361477308325,1.3268545568506704,1.2463287892820478,1.3030205373826593,1.3868656168817954,1.3981188453100222,1.6872481011425997
398c22d13c653f57cd601bfe,macaroni2,evaluation,35.0831413269043,36.27632522583008,33.33477020263672,35.833946228027344,33.77167510986328,34.859971618652345,35.0831413269043,33.33477020263672,0.6096556398004166,0.6714626501359757,-0.3784800231287449,0.4422675637023116,-0.0906592661003049,0.2978571909138306,0.3681418006777317,0.1079490602233182
39f845199393307fbf2b60a9,macaroni2,evaluation,31.9185733795166,31.9825382232666,33.90338134765625,32.08845520019531,33.20616912841797,32.61982345581055,32.08845520019531,31.9185733795166,-0.3136558316334146,-0.5527130189895068,-0.194109699629531,-0.5208238321434724,-0.2511284132155982,-0.31732585894682447,-0.47070343414279325,-0.3173104540437417
3a8c5c94921fa3868f9314a4,macaroni2,calibration,35.111690521240234,35.06259536743164,35.50693130493164,35.00624084472656,35.82969284057617,35.30343017578125,35.111690521240234,35.00624084472656,0.6179853072522797,0.3254234635961168,0.32583618423079885,0.22943674204803313,0.4933281024357531,0.4196385052869336,0.37613875081319864,0.6098629056454169
3aa1a84a25f5dcbaef6bd1e2,macaroni2,evaluation,36.46941375732422,36.15668487548828,37.145179748535156,36.20359802246094,37.30487060546875,36.655949401855466,36.46941375732422,36.15668487548828,1.0141219868086269,0.6373527127202081,0.8570329399836059,0.5373174410167991,0.9119275965927371,0.7910634477496649,0.7564522857230394,0.9553214335323076
3af11a0cd3054d7196be9fbe,macaroni2,evaluation,39.65239334106445,38.208740234375,40.98237609863281,38.616905212402344,40.74667739868164,39.64141845703125,39.65239334106445,38.208740234375,1.9428053369111402,1.2224018175192868,2.1012314376637855,1.157859680443989,1.8885818120458162,1.6109243788667245,1.6480406336764675,1.5715183144479679
3c1c6d0235e4b7d97bbf6e9e,macaroni2,evaluation,32.21477508544922,33.25459289550781,31.75887107849121,35.05014419555664,32.19632339477539,32.894941329956055,32.21477508544922,31.75887107849121,-0.22723441882361387,-0.19004519717501292,-0.8894602138368518,0.24072576640266397,-0.5376843275871479,-0.24177377909095032,-0.43531981485018884,-0.36526630442600816
3ca20c2162a9adab9d240819,macaroni2,evaluation,33.193023681640625,33.82545471191406,35.57307052612305,33.64608383178711,33.67180252075195,33.98188705444336,33.67180252075195,33.193023681640625,0.058184686025491573,-0.02729023386172073,0.34728161264678037,-0.12030525611115607,-0.11899931858556902,0.056720131675577594,-0.027190057876415156,0.06538502132437501
3eb54681750f513e21ec52b3,macaroni2,evaluation,39.11161422729492,39.615562438964844,39.15110778808594,39.95289611816406,39.75080871582031,39.516397857666014,39.615562438964844,39.11161422729492,1.7850246959021836,1.6234923962126808,1.5074486147509691,1.5013877617305926,1.6059920545172446,1.5765915812024192,1.6377238841363908,1.842635823967279
3ee6c47f9ef08b16ed10dfb3,macaroni2,evaluation,53.45471954345703,52.877140045166016,53.7482795715332,53.203487396240234,53.72055435180664,53.40083618164063,53.45471954345703,52.877140045166016,5.969846729926788,5.404420660711715,6.2405343227268935,4.908559306117122,5.570075974363638,5.389496127171985,5.514227297131301,5.976186137998751
3f4645ae574aa13ac1a18dd6,macaroni2,evaluation,35.98152542114258,36.1512336730957,35.13429641723633,36.07404327392578,37.12151336669922,36.09252243041992,36.07404327392578,35.13429641723633,0.8717730453213275,0.6357985533423701,0.20501052790442115,0.5040045689052367,0.8598977672219451,0.6363367522520912,0.6457045706187725,0.6483157885185161
41b3f8b05e5bc98d5245914f,macaroni2,calibration,32.42610549926758,33.40717315673828,33.4306755065918,32.791961669921875,33.318809509277344,33.074945068359376,33.318809509277344,32.42610549926758,-0.16557551353689956,-0.14654396078959472,-0.3473830387126536,-0.33992871775638234,-0.21916534573212243,-0.19234166981617856,-0.12606736690707132,-0.16490729990820574
41e5417234996b87cd1835ec,macaroni2,evaluation,32.651241302490234,34.675086975097656,33.788997650146484,36.61213302612305,33.94852066040039,34.33519592285156,33.94852066040039,32.651241302490234,-0.0998886731208035,0.21494328719379832,-0.23119824335159844,0.6423654958659771,-0.04047720685259248,0.153744797639836,0.050321802469224845,-0.09730289580309165
44c5f564aad3a060da360872,macaroni2,calibration,34.885536193847656,35.06087112426758,34.8968620300293,35.07368850708008,34.420589447021484,34.86750946044922,34.8968620300293,34.420589447021484,0.5520012967119657,0.32493187504553406,0.1280231962936517,0.24677979875271885,0.09347800857277073,0.29992721136287365,0.31596287643733617,0.4340018778193699
45162f333ae26fddfe303563,macaroni2,calibration,38.77692413330078,38.50759506225586,39.45566177368164,38.79814910888672,39.32610321044922,38.972886657714845,38.79814910888672,38.50759506225586,1.6873737026867743,1.3076065118075715,1.6061992589110057,1.2044635665450594,1.485476741756296,1.4273340976281073,1.4087572252604088,1.661259271966131
452935a32559a9d95deda4a0,macaroni2,evaluation,30.97956275939941,31.486661911010742,31.897409439086914,30.8504581451416,32.08180618286133,31.4591796875,31.486661911010742,30.8504581451416,-0.5876266522214488,-0.6940893182788936,-0.8445395987841814,-0.8391544069452439,-0.5701799685331632,-0.6360585146856625,-0.6392724966823157,-0.6380470623570011
48535eccfad5bf4c712bb61e,macaroni2,calibration,39.13286209106445,39.13119888305664,40.48212432861328,39.43813705444336,40.285377502441406,39.693939971923825,39.43813705444336,39.13119888305664,1.7912240876321244,1.4853984293251938,1.9390264202676049,1.3690259374679947,1.757682399231732,1.6253476863295344,1.5880250402359763,1.8485167587782803
4b036904c7b811b28bb4fa44,macaroni2,evaluation,50.87261962890625,50.246917724609375,50.296512603759766,50.075138092041016,51.35264205932617,50.568766021728514,50.296512603759766,50.075138092041016,5.216479284155533,4.6545338667711,5.121310054847957,4.104155751099575,4.8981522839244676,4.61176115977415,4.629578045139888,5.134793211459031
4ce08cc3f03aef08b962dfed,macaroni2,evaluation,41.31885147094727,41.191402435302734,41.86815643310547,40.95268249511719,42.38093185424805,41.54240493774414,41.31885147094727,40.95268249511719,2.4290201800005793,2.0727706163013626,2.38844284434551,1.758466379773558,2.3523212370185824,2.1329678223973905,2.114834281535768,2.3954769153500894
4e7db1334b8ab2104573f185,macaroni2,calibration,30.89562225341797,30.949798583984375,32.11518859863281,30.849300384521484,31.554277420043945,31.272837448120118,30.949798583984375,30.849300384521484,-0.6121175885448743,-0.8471511777048655,-0.7739254111296551,-0.8394521060408761,-0.7198726215299337,-0.6872312848805401,-0.7896539472154536,-0.6383947179306549
4f94b8f0b3c53faa0b0a065e,macaroni2,evaluation,31.820810317993164,33.18825912475586,34.460540771484375,32.65113830566406,32.193885803222656,32.86292686462402,32.65113830566406,31.820810317993164,-0.3421797115714625,-0.20895721776369328,-0.013452559663872118,-0.3761391290063217,-0.538376023608617,-0.25056549954466967,-0.3130895735359104,-0.3466670176074996
50189745af4b016360d4129b,macaroni2,evaluation,32.4281005859375,32.338924407958984,33.28556823730469,32.891029357910156,33.263267517089844,32.84137802124023,32.891029357910156,32.338924407958984,-0.16499341625238267,-0.45110590716667814,-0.3944336011486624,-0.31445509168202634,-0.23492605633085606,-0.25648318097918377,-0.24589339419077783,-0.1910862800738887
519fe0e89bba0403a2a1022d,macaroni2,evaluation,50.54718399047852,50.038002014160156,51.78403091430664,50.50774002075195,51.088172912597656,50.793025970458984,50.54718399047852,50.038002014160156,5.121528420982646,4.594971170839209,5.60363305278552,4.215392219768664,4.8231059717610325,4.673346782328058,4.699793917307421,5.123641886880711
52cb14fc6c14605414b5ff20,macaroni2,calibration,39.54384231567383,39.570335388183594,40.088592529296875,40.66132354736328,39.962501525878906,39.965319061279295,39.962501525878906,39.54384231567383,1.9111339022491654,1.6105979850274834,1.8114250079795968,1.6835482198849494,1.66606244421272,1.699873031852359,1.7349054208708168,1.9724264744727869
540691390f66f545f0222fa4,macaroni2,evaluation,32.5314826965332,32.28722381591797,33.559852600097656,32.26982498168945,33.61626052856445,32.852928924560544,32.5314826965332,32.26982498168945,-0.13483009214589617,-0.46584595058713846,-0.30549778421672663,-0.47418757678323925,-0.13476002918430266,-0.2533111051088891,-0.3466064542012218,-0.21183564765598292
55f09ede030d92299aa29874,macaroni2,calibration,35.86275863647461,36.726707458496094,36.21660614013672,38.496177673339844,35.38961410522461,36.53837280273437,36.21660614013672,35.38961410522461,0.8371210054434134,0.7998684072699423,0.5559459527291234,1.1268165800203764,0.36845045013408356,0.7587749000369097,0.6856380313967883,0.7249832927842534
56f5ac5c6ad735dba1cd3bb8,macaroni2,evaluation,47.71009826660156,47.83615493774414,49.626007080078125,47.40665054321289,47.38399887084961,47.99258193969727,47.71009826660156,47.38399887084961,4.293764935461938,3.9672158545008975,4.903900808842151,3.4179980806897907,3.772001883123908,3.9042968916178937,3.9050943262464717,4.326690453886453
56f69bf206010558832c42a1,macaroni2,evaluation,35.456485748291016,36.00902557373047,35.34648513793945,35.69259262084961,35.82049560546875,35.66501693725586,35.69259262084961,35.34648513793945,0.7185846287787506,0.5952544613574708,0.27381203385727354,0.40592080920923257,0.49071827597603146,0.5189364224528232,0.5388559564023089,0.7120324067357188
576ecdd2034b836ce755cc5a,macaroni2,evaluation,52.46213150024414,52.78886795043945,53.19768142700195,52.559627532958984,53.552364349365234,52.91213455200195,52.78886795043945,52.46213150024414,5.680243870407512,5.37925393712657,6.062004656338089,4.743001335253275,5.522350031348654,5.255290290263588,5.327714783876943,5.8515662198144085
57a3f07a9f8ab3e2fb963fa5,macaroni2,evaluation,48.73157501220703,49.690521240234375,50.679744720458984,49.22334289550781,48.846195220947266,49.4342758178711,49.22334289550781,48.73157501220703,4.591796519141149,4.495903026873316,5.245571828381601,3.885130630305537,4.186917744164993,4.300210720735029,4.328971150850707,4.731344359301215
58488d5dcb302e760a5ed6e7,macaroni2,calibration,29.60047721862793,30.989238739013672,31.878137588500977,30.953887939453125,32.05672836303711,31.09569396972656,30.989238739013672,29.60047721862793,-0.9899961134093334,-0.8359066334029294,-0.8507884339645677,-0.8125591369965703,-0.5772961025631135,-0.7358779177723705,-0.7786063166100831,-1.013394805675027
59d3f3d775269be95a8f8a32,macaroni2,evaluation,35.0290641784668,34.89222717285156,36.27273178100586,34.63239669799805,35.61620330810547,35.28852462768555,35.0290641784668,34.63239669799805,0.5938777982988649,0.2768508170085584,0.5741445101339183,0.13330887031476552,0.4327478710718706,0.41554518651031846,0.35299418374555924,0.4976039472478892
5c67ec12418aacb2a446ba46,macaroni2,evaluation,38.17141342163086,38.18277359008789,38.68317413330078,38.31665802001953,38.46466827392578,38.36373748779297,38.31665802001953,38.17141342163086,1.510706620337536,1.214998624457745,1.3557226416240347,1.0806560546811699,1.241034182181706,1.2600513033966565,1.2738861608431675,1.5603097154753063
5d05d063e9d61804665f67a7,macaroni2,evaluation,34.62913131713867,35.0193977355957,34.436279296875,34.57459259033203,35.59998321533203,34.85187683105469,34.62913131713867,34.436279296875,0.4771912221827052,0.31310764778461436,-0.02131926428526111,0.11844549503926624,0.4281452239931745,0.29563422360974695,0.2409684953165973,0.4387132694979143
5e7411eabc11c44764966a52,macaroni2,evaluation,38.06345748901367,38.30876541137695,38.61514663696289,37.943302154541016,38.63294219970703,38.312722778320314,38.30876541137695,37.943302154541016,1.4792088131638683,1.250919391379531,1.3336649461030867,0.9846537364379877,1.2887839394572098,1.2460417905074153,1.2716753524746105,1.4918118308184625
5e7de9e9ada2b80ced024acc,macaroni2,calibration,36.37833404541016,36.92892074584961,36.29967498779297,36.943241119384766,36.144020080566406,36.53883819580078,36.37833404541016,36.144020080566406,0.9875480771238767,0.8575202158492371,0.5828807577346842,0.7275044945568493,0.5825222502808803,0.7589027049431766,0.7309398349701808,0.9515184137480218
5ebc528bdf155246b8101882,macaroni2,evaluation,37.2122688293457,36.55018997192383,38.14435958862305,37.95477294921875,38.29898452758789,37.63211517333984,37.95477294921875,36.55018997192383,1.230861403061778,0.7495425731966773,1.1810137693508695,0.9876032625683531,1.194019419583162,1.059135286225532,1.1725180860768387,1.0734842364985728
6008113371fb50d467d8cf5c,macaroni2,evaluation,39.7016830444336,39.61415100097656,37.58674621582031,39.684085845947266,41.44352340698242,39.60603790283203,39.684085845947266,37.58674621582031,1.9571863675291974,1.6230899896557878,1.0002094378993702,1.432267622778662,2.0863202768750106,1.6012082727630879,1.6569180604169083,1.3847442235240623
6121cf68a38bea901bb0f71c,macaroni2,evaluation,38.91963577270508,39.50680160522461,39.67007827758789,39.791934967041016,39.01624298095703,39.38093872070313,39.50680160522461,38.91963577270508,1.7290120229756112,1.5924842520408558,1.6757231163573945,1.4599992499012722,1.3975501620506685,1.5393921823454224,1.6072587524805522,1.7849880005745182
6243c02a73546cacb7e4eefd,macaroni2,evaluation,34.06538772583008,34.168521881103516,35.0932731628418,34.554656982421875,36.7276611328125,34.92190017700195,34.554656982421875,34.06538772583008,0.3127103409198446,0.07051957392491394,0.19170887043611654,0.1133193814518737,0.7481374426012821,0.3148638336131488,0.22010739730821668,0.3273409187247955
626d3cf021255d3a68499679,macaroni2,evaluation,40.12168502807617,40.90128707885742,42.13589096069336,40.24721908569336,42.284385681152344,41.13809356689453,40.90128707885742,40.12168502807617,2.0797284193888417,1.9900575799099474,2.475254898410319,1.577068070539485,2.3249250952230227,2.0219369958037268,1.9978698032182247,2.1459426885944866
62a17b5727dc6530a85ef1f8,macaroni2,calibration,30.245939254760746,30.485868453979492,33.579307556152344,30.135299682617188,30.90018653869629,31.069320297241212,30.485868453979492,30.135299682617188,-0.8016726164123972,-0.9794194939923601,-0.2991895776807072,-1.0230456395781606,-0.9054788030905424,-0.7431205799072629,-0.9196059897261445,-0.8527968311970874
64a099958ffe5629f914e44b,macaroni2,calibration,30.358064651489254,30.47180938720703,31.656982421875,30.45393943786621,34.47278594970703,31.482716369628907,30.47180938720703,30.358064651489254,-0.7689583038238617,-0.9834277895746006,-0.9224972809885796,-0.9411126688743517,0.10828939614986362,-0.6295949386883976,-0.9235440923082214,-0.785904347813641
652031ff416a3dde1a8e50d7,macaroni2,evaluation,35.119293212890625,35.009437561035156,36.803184509277344,35.03559494018555,35.695064544677734,35.53251495361328,35.119293212890625,35.009437561035156,0.6202035097150755,0.3102679625952967,0.7461420904998376,0.23698466475277588,0.4551256986960204,0.48254910854121946,0.37826835017450083,0.6108228244945829
65bc4a02d63dd018103d595f,macaroni2,calibration,36.07926940917969,35.9049186706543,36.724788665771484,36.001190185546875,36.428714752197266,36.22777633666992,36.07926940917969,35.9049186706543,0.9002913602757757,0.5655731712381037,0.7207224919661638,0.48527159582984003,0.6633077992296503,0.6734797912405879,0.6471684698284986,0.8797203784892118
65d42137359fa24e0df540b1,macaroni2,evaluation,34.85221481323242,35.03507614135742,35.87926483154297,35.356632232666016,35.30270004272461,35.285177612304686,35.30270004272461,34.85221481323242,0.5422792703634857,0.31757762332199296,0.4465641252010304,0.31953412271063686,0.3437875359663949,0.4146260387663958,0.4296426641193316,0.563611541238758
66283ca0969bbb84dc6cfe06,macaroni2,evaluation,38.94449234008789,38.82857131958008,39.48945999145508,38.80958557128906,39.503692626953125,39.115160369873045,38.94449234008789,38.80958557128906,1.736264309602594,1.399118113186187,1.6171582216382865,1.207404264695653,1.5358698819495271,1.4664048955388345,1.4497496087514452,1.751941820527271
6724122786e2eba422f8ee5f,macaroni2,calibration,32.84137344360352,32.46514129638672,34.79828643798828,32.87989044189453,35.17336654663086,33.63161163330078,32.87989044189453,32.46514129638672,-0.04441469060666913,-0.41512097271284715,0.09606037960791067,-0.3173192806745993,0.30708759557220083,-0.03947149771931158,-0.24901352973267565,-0.15318552236224295
67efc558dd9ed652857ed611,macaroni2,calibration,28.592737197875977,28.395435333251953,30.451509475708008,28.603166580200195,29.795534133911133,29.167676544189455,28.603166580200195,28.395435333251953,-1.2840197959001216,-1.5754102505904162,-1.3133679823476334,-1.4170084597434012,-1.218937254585054,-1.2653445216785015,-1.4469719401414578,-1.375248128942216
699733d5d2d16aff08b0199d,macaroni2,evaluation,44.94558334350586,44.3675422668457,46.68781280517578,44.518733978271484,46.098533630371094,45.32364120483398,44.94558334350586,44.3675422668457,3.4871750995409436,2.9783006533511522,3.951200824481704,2.6754178488996025,3.4072356073389174,3.1713600580614587,3.1307226319489025,3.4209004893247505
6a4390dbe3b8e6b616bd6cef,macaroni2,evaluation,32.8665771484375,32.85796356201172,33.798099517822266,32.94245529174805,33.36940002441406,33.16689910888672,32.94245529174805,32.85796356201172,-0.03706112127817572,-0.3031257900030911,-0.22824699221533523,-0.3012317588707675,-0.20480967650407259,-0.16708951550025228,-0.23148841225915978,-0.0352277617277208
6a448888a37d7aa172cf9901,macaroni2,calibration,32.50382232666016,33.21112823486328,33.95594787597656,33.47866439819336,32.8118782043457,33.19228820800781,33.21112823486328,32.50382232666016,-0.14290043136201652,-0.20243714395673837,-0.17706517294985485,-0.163354409024184,-0.3630132214707979,-0.16011723407279782,-0.15623010186484257,-0.1415702751897535
6a5e077611d91f85af23e4e8,macaroni2,evaluation,31.099327087402344,32.56029510498047,32.20371627807617,33.37101364135742,32.614253997802734,32.369721221923825,32.56029510498047,31.099327087402344,-0.5526835637012752,-0.38799224526652804,-0.7452205975842818,-0.1910350300414472,-0.4190914751300009,-0.38600821557461773,-0.338535774835484,-0.5633160053639551
6a8cb89542d8aed5de20cdb8,macaroni2,evaluation,35.28574752807617,36.86878967285156,35.79136657714844,37.00728988647461,35.47862243652344,36.08636322021484,35.79136657714844,35.28574752807617,0.6687691215886794,0.840376608940308,0.4180634006906459,0.7439735812641438,0.39370763834838657,0.634645327648334,0.566523651466131,0.6937939486015626
6ab23c95c271ad571f49d7da,macaroni2,calibration,30.832399368286133,31.54494857788086,31.482975006103516,30.892324447631836,31.725133895874023,31.295556259155273,31.482975006103516,30.832399368286133,-0.6305638396824284,-0.6774715588571476,-0.9789186223886832,-0.828389176057063,-0.671390034510244,-0.6809923102923215,-0.6403052401758925,-0.6434698020132689
6c43f4bb8134d5daccdba116,macaroni2,evaluation,50.96132659912109,50.546241760253906,50.22238540649414,50.21413803100586,51.97840881347656,50.78450012207031,50.546241760253906,50.21413803100586,5.242360909880494,4.73987233404992,5.09727455104248,4.139897298534977,5.075721152559554,4.671005438348497,4.699529988033841,5.176532499079454
6caafa7ba6dfcc11d0f617ad,macaroni2,calibration,35.44296646118164,35.675537109375,35.82793426513672,35.67750549316406,35.24269104003906,35.573326873779294,35.675537109375,35.24269104003906,0.7146401684033628,0.5001755802312637,0.4299203551718778,0.4020414025429223,0.3267592572281614,0.4937567607558606,0.5340785159886702,0.6808648268228779
6e319946b7cb0bbef87a6245,macaroni2,evaluation,33.314579010009766,33.700435638427734,36.669891357421875,33.632957458496094,34.001853942871094,34.26394348144531,33.700435638427734,33.314579010009766,0.09365032650566543,-0.06293366653483715,0.7029222174054077,-0.12368048704384221,-0.025343244292091442,0.13417765697414472,-0.019169599870427097,0.10188599283831076
6e71b0a437d17eba07a7a7a4,macaroni2,evaluation,46.533992767333984,46.633522033691406,44.24168395996094,47.36257553100586,43.70393371582031,45.6951416015625,46.533992767333984,43.70393371582031,3.950618029740867,3.6243404535664485,3.15805146315934,3.406664916436302,2.727738982054366,3.273380429247072,3.5756539602235335,3.221630271043383
6ee441020718a884f6f4845d,macaroni2,calibration,29.40740203857422,29.988765716552734,31.102035522460938,30.970422744750977,30.177993774414062,30.329323959350585,30.177993774414062,29.40740203857422,-1.046328772892882,-1.1211454519521282,-1.1024370170736717,-0.8083074838498897,-1.11040971582999,-0.9463362473262312,-1.0058451470027607,-1.0713719568352527
71468190937308a18f30e53e,macaroni2,evaluation,30.555938720703125,31.12557029724121,31.131549835205078,30.932979583740234,30.910539627075195,30.931315612792968,30.932979583740234,30.555938720703125,-0.7112254944666556,-0.7970379665555803,-1.0928670966875573,-0.8179353766774924,-0.9025409893154762,-0.781019029698293,-0.7943651381758055,-0.7264861728917784
714ecc0d6bfa03cc128bf6ad,macaroni2,calibration,30.660978317260746,30.74567985534668,31.39400291442871,30.67453384399414,31.42078399658203,30.97919578552246,30.74567985534668,30.660978317260746,-0.6805785732853639,-0.9053462351359658,-1.0077675351617912,-0.8843904466250325,-0.7577529915194519,-0.767870314280194,-0.8468298967509468,-0.6949445911838854
717ef4406a5e2364275bb6fb,macaroni2,evaluation,31.766334533691406,32.60386657714844,32.657405853271484,32.936492919921875,32.25409698486328,32.4436393737793,32.60386657714844,31.766334533691406,-0.35807386123024554,-0.3755698460967134,-0.5981132211643077,-0.302764884691107,-0.521290374151858,-0.3657090251671285,-0.32633091587673163,-0.36302515737541924
74889680237c02d94022f094,macaroni2,evaluation,37.2198371887207,37.42598342895508,33.140403747558594,37.05519485473633,33.906917572021484,35.74966735839844,37.05519485473633,33.140403747558594,1.2330695885540943,0.9992347541634718,-0.4415027171333065,0.75629155570549,-0.05228258527222085,0.5421828778053218,0.9205361534210836,0.049584161413399656
74d31bb9848465744b6b502a,macaroni2,evaluation,38.337738037109375,38.91183090209961,39.05514144897461,38.8463134765625,39.37838363647461,38.90588150024414,38.91183090209961,38.337738037109375,1.5592343903226626,1.422855749701716,1.476331839883,1.2168482412780135,1.500311943593909,1.408933333869281,1.440600772960442,1.610254132829115
7500067abb6ef1a422f17013,macaroni2,evaluation,33.79916000366211,34.77197265625,34.24618148803711,34.0633544921875,33.576072692871094,34.091348266601564,34.0633544921875,33.576072692871094,0.23503429983679633,0.24256577836127796,-0.08295786356162552,-0.01301097085341913,-0.14616381257425176,0.08678005514577454,0.08248804911913939,0.18040804199283084
76d05b933dff5a0066174508,macaroni2,calibration,32.96683883666992,34.17924118041992,34.07532501220703,34.16777801513672,33.80126953125,33.83809051513672,34.07532501220703,32.96683883666992,-0.00780822848858182,0.07357568858672266,-0.13835752288354242,0.01383982006531096,-0.08226149186782032,0.017231139350245023,0.08584112628711041,-0.0025343919496181658
77480b68d94b0c9f9f2bd72e,macaroni2,evaluation,40.539180755615234,40.79551696777344,32.891258239746094,40.99178695678711,35.427513122558594,38.129051208496094,40.539180755615234,32.891258239746094,2.2015392324035017,1.95990210260462,-0.5222873416981112,1.7685214487334433,0.3792047536916673,1.195602431909893,1.8964397531568857,-0.025229943451441767
778716c91547175fe20060b8,macaroni2,calibration,35.12902069091797,35.60868835449219,35.49000549316406,35.62641906738281,35.71760559082031,35.514347839355466,35.60868835449219,35.12902069091797,0.6230416513508654,0.4811167356285819,0.3203480445444619,0.38890536864273845,0.4615219925784323,0.4775601078395377,0.5153534285790066,0.646731578771026
79893cf6254eb3696175fd44,macaroni2,calibration,38.04751968383789,38.35161209106445,38.16769027709961,38.34743118286133,37.88503646850586,38.15985794067383,38.16769027709961,37.88503646850586,1.4745587128680526,1.2631351493444547,1.1885786695811233,1.0885688672164733,1.0765566620343308,1.2040624881560384,1.2321586221285605,1.474315648834974
7a10ec610ab203b6893dd7b5,macaroni2,calibration,41.147274017333984,40.94956588745117,41.450164794921875,40.98228073120117,42.283843994140625,41.36262588500976,41.147274017333984,40.94956588745117,2.378959813532124,2.0038220593262643,2.2529104084675105,1.7660770792233433,2.32477138499603,2.083597415655235,2.066773508794848,2.394541051746547
7a9b644a7222f68cf42429ae,macaroni2,evaluation,31.500696182250977,33.16230773925781,32.25226974487305,31.74818229675293,32.526336669921875,32.23795852661133,32.25226974487305,31.500696182250977,-0.4355779443200666,-0.2163560604840793,-0.729477293115565,-0.6083194109900488,-0.44403907795754305,-0.42219250824987226,-0.42481713942508137,-0.44279177911898343
7af698b52f598887c4bb78b9,macaroni2,evaluation,33.79271697998047,33.01142120361328,33.609745025634766,32.5188102722168,34.13137435913086,33.41281356811523,33.609745025634766,32.5188102722168,0.2331544483768555,-0.25937440900122594,-0.28932032670994257,-0.41016510570610354,0.011409736955079118,-0.09955719351262145,-0.044573059587235,-0.1370696532823885
7b1a21bf83ad6a88ead37086,macaroni2,evaluation,51.81725692749024,52.18671798706055,52.41118621826172,52.04346466064453,52.3000602722168,52.151737213134766,52.18671798706055,51.81725692749024,5.492091774905447,5.207578599273722,5.806986130345184,4.610278544706682,5.166993635868251,5.0464721585928585,5.1590458128877055,5.65792149254528
7e8ffcd62777541ce5d7dcfe,macaroni2,evaluation,47.357032775878906,47.61869430541992,48.23018264770508,46.905479431152344,48.01496887207031,47.62527160644531,47.61869430541992,46.905479431152344,4.190752637046685,3.90521696752187,4.451309254141116,3.2891301746434753,3.9510472359112394,3.8034271836211593,3.879491049630234,4.182999307874225
80456b01901cdc1d20ba82c8,macaroni2,evaluation,41.47670364379883,41.04729461669922,38.83537292480469,41.6245231628418,40.396846771240234,40.67614822387695,41.04729461669922,38.83537292480469,2.475075984270767,2.031684906842591,1.4050726071875848,1.9312191541512822,1.7893131495343142,1.8950788934244727,2.0387681552271766,1.7596853186422625
8055987a8be0ec738d12db2d,macaroni2,evaluation,45.38086700439453,45.61410140991211,43.90941619873047,45.35963439941406,45.86951446533203,45.22670669555664,45.38086700439453,43.90941619873047,3.6141758162605795,3.333699598887284,3.0503147169435816,2.8916415574461105,3.342248655312436,3.144740181732238,3.2526504765651136,3.283333121555533
80986fdc48fd5333d3e742ad,macaroni2,evaluation,37.5126838684082,36.74615478515625,36.42727279663086,37.664207458496094,37.949649810791016,37.25999374389649,37.5126838684082,36.42727279663086,1.3185121207487276,0.805412917072754,0.6242539342882754,0.9128891271011333,1.094891477702006,0.9569443688207373,1.0486839668692765,1.0365743258090376
8248cbd34f6cce2df014846e,macaroni2,evaluation,50.71312713623047,50.90080642700195,50.68550109863281,50.72441482543945,50.94176483154297,50.79312286376953,50.72441482543945,50.68550109863281,5.169944891295779,4.840960123897299,5.247438315374318,4.271106580994056,4.781560911817393,4.67337339089051,4.749438265689807,5.318074709815982
83e256e517f4a26b84b1ffd0,macaroni2,calibration,32.86597442626953,34.12788391113281,33.73379898071289,32.77665710449219,34.417633056640625,33.58438949584961,33.73379898071289,32.77665710449219,-0.0372369747599227,0.058933527842263314,-0.24909623326850078,-0.34386403496124623,0.09263909712263209,-0.05243950538059882,-0.009824152798701602,-0.059642690547680836
863c2224efc178ed6e09a4b4,macaroni2,calibration,37.7856559753418,37.18446731567383,39.12964630126953,38.36994171142578,38.57854461669922,38.209651184082034,38.36994171142578,37.18446731567383,1.3981559400325902,0.9303775543526414,1.50048979710947,1.094357079286738,1.273347968774659,1.2177365655453898,1.2888115215449583,1.263946798418081
88d2328ba25746437caa9248,macaroni2,calibration,30.702709197998047,30.596874237060547,31.883939743041992,30.728878021240234,31.208595275878906,31.024199295043946,30.728878021240234,30.596874237060547,-0.6684029456678264,-0.9477713058780175,-0.848907104132943,-0.8704167355331852,-0.8179641018452732,-0.7555115798441915,-0.8515362792832375,-0.7141939423781728
88d8ef3400369b5d4bfedaea,macaroni2,evaluation,51.33363342285156,51.13615036010742,51.465171813964844,51.025535583496094,51.159271240234375,51.22395248413086,51.159271240234375,51.025535583496094,5.350987163751014,4.9080576107106895,5.500244021466646,4.348534829797731,4.843280980287076,4.791686582946507,4.871246433874274,5.420181209072508
8911db1dabb5828791f3bdb1,macaroni2,evaluation,39.89238739013672,39.65106964111328,41.60960388183594,39.737220764160156,40.27848434448242,40.2337532043457,39.89238739013672,39.65106964111328,2.0128272995513155,1.633615640081761,2.3046080163850537,1.4459303928052196,1.755726382469925,1.773589644689626,1.7152656635899668,2.0046249934837777
89ddb9c1cd38234b74750970,macaroni2,evaluation,43.63529968261719,44.611839294433594,43.97789001464844,44.95595932006836,44.109832763671875,44.25816421508789,44.109832763671875,43.63529968261719,3.1048796471934916,3.047950702837591,3.0725171301438854,2.7878431521779383,2.8429177355260458,2.878761829524268,2.89661950336405,3.201020652983482
8ce78565de343dad369b1098,macaroni2,evaluation,52.85481643676758,53.363346099853516,52.51802062988281,53.299720764160156,52.66735076904297,52.940650939941406,52.85481643676758,52.51802062988281,5.794815752755829,5.54303993129374,5.841626842550627,4.933304133416998,5.271216747034313,5.2631213787579085,5.346187695948289,5.868348762844399
8d2e5fb037a1fab33652937b,macaroni2,calibration,32.49944305419922,32.96312713623047,32.3390998840332,33.18588638305664,32.30584716796875,32.65868072509765,32.49944305419922,32.30584716796875,-0.14417815159648398,-0.2731432387586986,-0.7013229015130404,-0.23863745874335307,-0.5066056351420763,-0.3066549873385044,-0.3555811180424546,-0.20101880554061824
8f649a1f85943358b244cd1d,macaroni2,calibration,28.11122131347656,29.994935989379883,30.434572219848633,32.2547607421875,29.193620681762695,29.997822189331053,29.994935989379883,28.11122131347656,-1.4245094763667998,-1.1193862827473327,-1.3188598327436973,-0.47806109812970177,-1.3897374609005062,-1.037372310608811,-1.057121689577015,-1.460592703950715
91226ab04466566299a30600,macaroni2,evaluation,33.65951156616211,33.670875549316406,33.981990814208984,33.42340087890625,34.3389778137207,33.81495132446289,33.670875549316406,33.42340087890625,0.19428971591405333,-0.07136136493852246,-0.16862083451428528,-0.17756451379658272,0.07031972268339522,0.010876721313905595,-0.02744971299171693,0.13456332578599772
912ee1c771818f300df8bf39,macaroni2,evaluation,41.771480560302734,41.49818420410156,36.134185791015625,41.54592514038086,36.70142364501953,39.53023986816406,41.49818420410156,36.134185791015625,2.5610816928056783,2.160235312819981,0.5292214212747632,1.9110089657940996,0.7406922387896001,1.5803928343407778,2.165067395220752,0.9485653459757661
9137b2c1e4ef5ccd14a19704,macaroni2,calibration,32.41136169433594,32.65046310424805,35.76557540893555,33.23830032348633,32.751766204833984,33.36349334716797,32.751766204833984,32.41136169433594,-0.16987724585938102,-0.3622849917928011,0.4097006978690719,-0.22516007629199955,-0.3800707268014878,-0.11310137083330832,-0.28490256824148474,-0.16933461059081556
9297e2a5561e5cc51211a8a4,macaroni2,evaluation,47.68896484375,46.926734924316406,47.30598449707031,46.96160888671875,48.33479690551758,47.44361801147461,47.30598449707031,46.926734924316406,4.2875989336335945,3.7079366092124504,4.151640994905617,3.3035629406834475,4.041802300286818,3.7535419954778617,3.791897518449729,4.18938196637966
930961ee952b2753e5c2f2e4,macaroni2,evaluation,46.3846435546875,46.182838439941406,47.33843994140625,46.15449142456055,46.76625442504883,46.56533355712891,46.3846435546875,46.15449142456055,3.9070430951593735,3.495848777194659,4.162164567691588,3.0960259642322225,3.596709441301262,3.5123500429847856,3.5338195675520123,3.95749054405706
943d293f3ccaaeec87a2153d,macaroni2,evaluation,37.98017501831055,37.67645263671875,38.892181396484375,37.52448654174805,38.47672653198242,38.11000442504883,37.98017501831055,37.52448654174805,1.4549098687746276,1.0706445166473504,1.4234925702727617,0.8769621920905274,1.244455858431884,1.1903718589837433,1.1796334910677626,1.3660487157230596
955d78e4475bca1933731af7,macaroni2,calibration,38.0147590637207,37.83108139038086,38.887874603271484,37.49479293823242,38.72407913208008,38.19051742553711,38.0147590637207,37.49479293823242,1.4650002970374005,1.1147297863329078,1.422096106512141,0.8693269704747096,1.3146451439156126,1.2124821077679042,1.1893208708016139,1.357132238011951
9bfbaa8b3543a070404c6402,macaroni2,evaluation,39.68927383422852,40.310829162597656,42.29581832885742,39.92938995361328,40.28413772583008,40.50188980102539,40.28413772583008,39.68927383422852,1.9535657891993055,1.8217156909675765,2.527110829942884,1.4953435382469507,1.7573305976558675,1.8472245461933783,1.8249993346431168,2.016097054670413
9ca550a1faa02c06a4384112,macaroni2,calibration,32.34381484985352,32.61319351196289,33.05387496948242,32.86248779296875,32.953678131103516,32.76540985107422,32.86248779296875,32.34381484985352,-0.18958507877895964,-0.37291070006535315,-0.4695593933796849,-0.32179408553217387,-0.322775780922987,-0.27734534152296486,-0.2538882072471064,-0.1896177646029666
9d5b78927cb437cce31ee393,macaroni2,evaluation,35.732398986816406,36.94630432128906,40.79301071166992,36.738983154296875,36.50716781616211,37.343572998046874,36.738983154296875,35.732398986816406,0.7990865685336697,0.862476342010754,2.0398303238099538,0.6749829193488636,0.6855698029503616,0.9798966633725796,0.8319617029161052,0.8279156888071862
9da0ffc2091c2342b27f0ed6,macaroni2,evaluation,31.732038497924805,32.817745208740234,31.913576126098633,32.69561767578125,31.945972442626953,32.22098999023437,31.945972442626953,31.732038497924805,-0.3680802582406646,-0.31459220170396274,-0.8392976028430734,-0.36470199076885573,-0.608724431651275,-0.42685235893885787,-0.510614455589857,-0.373323666221992
9da86506405268facfc8f498,macaroni2,evaluation,38.192012786865234,37.843196868896484,33.60959243774414,38.06584548950195,35.356605529785156,36.613450622558595,37.843196868896484,33.60959243774414,1.516716802625091,1.118183957210454,-0.28936980283963687,1.0161637389028553,0.35908386848498725,0.7793925551288672,1.1412643722189724,0.190473444054433
9fe1a7a0cd53409fd91c9cb5,macaroni2,evaluation,49.56771469116211,49.90023422241211,49.95716857910156,49.87081527709961,49.47205352783203,49.753597259521484,49.87081527709961,49.47205352783203,4.835753157183165,4.555693028130588,5.011278853117626,4.051617500818687,4.364512591993375,4.387901857249493,4.510335440460934,4.953697303990157
a05c6cd02e90eae80a4d2f1c,macaroni2,evaluation,45.33876419067383,45.29090118408203,47.39522933959961,45.36025619506836,46.37159729003906,45.95134963989258,45.36025619506836,45.29090118408203,3.601891671462849,3.2415539352852396,4.180578346260553,2.891801441968641,3.484720716272884,3.3437395443418376,3.2468771572730337,3.6981692687963554
a119b31abdc36384445192e2,macaroni2,calibration,31.425233840942383,31.018896102905273,31.619972229003906,31.18170166015625,31.331945419311523,31.315549850463867,31.331945419311523,31.018896102905273,-0.45759524543347624,-0.8274512015743771,-0.9344977162459249,-0.7539805867786058,-0.7829620099795211,-0.6755017277126025,-0.6826103245276213,-0.5874680447138869
a182f91d4187d68dae715f40,macaroni2,evaluation,39.51234817504883,39.731422424316406,41.52389144897461,39.502952575683594,40.548423767089844,40.16380767822265,39.731422424316406,39.502952575683594,1.9019450013295258,1.6565245366071484,2.2768160374325395,1.3856921823901889,1.8323249514327127,1.7543814053426805,1.670177567930405,1.9601479898138232
a2c072c56a6fc594dd4b9005,macaroni2,calibration,30.441579818725582,30.676389694213867,30.998123168945312,30.150320053100586,31.242464065551758,30.701775360107423,30.676389694213867,30.150320053100586,-0.744591466634706,-0.9251011343235436,-1.1361302613954698,-1.019183398428073,-0.8083534240258463,-0.8440547141477289,-0.8662388494848619,-0.8482864726426821
a325436f9233ae63da45f6d3,macaroni2,evaluation,35.28655242919922,36.06951141357422,35.58399963378906,36.038604736328125,35.740238189697266,35.74378128051758,35.740238189697266,35.28655242919922,0.669003963896582,0.6124992136982677,0.35082534043613245,0.494892132007633,0.46794426565413877,0.5405664600154061,0.5522020156209061,0.6940356465456844
a347c980a564f328aebde63b,macaroni2,evaluation,35.9281005859375,35.76936340332031,36.247108459472656,37.2061767578125,36.67762756347656,36.365675354003905,36.247108459472656,35.76936340332031,0.8561855262588817,0.5269258279970457,0.565836231055008,0.7951140680811902,0.7339398134657745,0.7113492230324081,0.6941820737916564,0.8390154664305987
a3965838f0687bb2179b8e14,macaroni2,calibration,34.2000732421875,33.789764404296875,36.37614059448242,33.701995849609375,37.076698303222656,35.028934478759766,34.2000732421875,33.701995849609375,0.3520069161099748,-0.037465681824668196,0.6076744832277254,-0.10592840060973768,0.8471809521042307,0.344257285924601,0.12078450727722786,0.21822059713719044
a4ad1746927a2d08c40f7b23,macaroni2,evaluation,52.57250595092773,53.026432037353516,53.95876693725586,52.73067092895508,52.99858856201172,53.05739288330078,52.99858856201172,52.57250595092773,5.7124473175016055,5.446984398578101,6.308784169833655,4.786982330475531,5.365209468374234,5.295180715704341,5.386459883769723,5.884709766332034
a4ea2f7f8f34bb57d9bb8dba,macaroni2,evaluation,48.960845947265625,48.80339431762695,46.35007858276367,48.438838958740234,48.615787506103516,48.2337890625,48.615787506103516,46.35007858276367,4.658689848001636,4.242979630013201,3.8416915959196483,3.683408349863891,4.121536774373543,3.9705364984060716,4.158788059291994,4.016221998990765
a5b79a1b2ba4a1da799096c7,macaroni2,evaluation,36.88272476196289,37.1601448059082,37.13100814819336,36.801639556884766,37.45404052734375,37.08591156005859,37.13100814819336,36.801639556884766,1.1347118424215374,0.9234431105506157,0.8524378444382504,0.6910939824320864,0.9542563622007646,0.9091384198410298,0.9417723088182335,1.1489902160470613
a5d63de02791d43b23029aba,macaroni2,calibration,32.692535400390625,33.010658264160156,33.78691101074219,35.39254379272461,33.60877990722656,33.69828567504883,33.60877990722656,32.692535400390625,-0.08784048362769564,-0.2595919260590059,-0.2318748294251676,0.32876818955176074,-0.13688274576975024,-0.02116166400854939,-0.0448434000982282,-0.08490298942812367
a5e0aa291b7e878eb282bd94,macaroni2,evaluation,46.55984115600586,47.8135986328125,47.90834426879883,47.03060531616211,47.03376388549805,47.269230651855466,47.03376388549805,46.55984115600586,3.9581596955150284,3.9607849626876326,4.346954201389961,3.321304237364498,3.6726184791753553,3.705652240002242,3.7156454662561087,4.079210086911941
a68e74f6c39286379bdb618b,macaroni2,evaluation,36.34822463989258,36.58720397949219,38.17435836791992,36.41414260864258,37.61668014526367,37.02812194824219,36.58720397949219,36.34822463989258,0.9787631940135652,0.760095413254873,1.190740776448763,0.5914555174096343,1.0004073166222625,0.8932684027425273,0.7894466505390397,1.0128375258180828
a6f28d4d399e3a9ac3db718c,macaroni2,calibration,33.55632400512695,34.8271484375,33.31511688232422,33.17915344238281,33.68524932861328,33.712598419189455,33.55632400512695,33.17915344238281,0.16418315464028266,0.2582966119799261,-0.38485254863336693,-0.24036872366523365,-0.1151836245704223,-0.017231139350245023,-0.05953688771351488,0.061220027367849976
a8063424bef0a5c49a44679b,macaroni2,calibration,29.77693748474121,32.01906967163086,31.615032196044922,31.29340362548828,30.930965423583984,31.127081680297852,31.29340362548828,29.77693748474121,-0.9385111111393857,-0.5422977584703569,-0.936099505944777,-0.7252582641482904,-0.8967449230448087,-0.7272583149096317,-0.6934063140644585,-0.960406827005903
a9a764ece6fb7ca57e54752f,macaroni2,evaluation,44.36799621582031,45.02724075317383,44.17966079711914,44.32343673706055,44.232643127441406,44.426195526123045,44.32343673706055,44.17966079711914,3.3186551531815023,3.1663833028723456,3.1379406533418615,2.6252003764120118,2.877766658397998,2.9249061052062655,2.956452376538217,3.364482919922448
aa33aef7a2c073fb92ac6337,macaroni2,evaluation,32.0649299621582,31.738962173461914,33.2323112487793,31.951053619384766,32.63920974731445,32.325293350219724,32.0649299621582,31.738962173461914,-0.2709540429786966,-0.6221575148563432,-0.4117020073152051,-0.5561543880761728,-0.4120099800244435,-0.39820887000770455,-0.4772931176656987,-0.37124460570738993
abd2cc4c976920cbddc44c3d,macaroni2,evaluation,34.414794921875,34.99943161010742,35.9831428527832,35.13755416870117,34.58036804199219,35.023058319091795,34.99943161010742,34.414794921875,0.41465527548069586,0.3074152263825123,0.4802462373936473,0.26320180290123124,0.13881711320381185,0.34264359184580206,0.3446937683724557,0.43226188171927044
acc1696d07b5d6bd1dfdae41,macaroni2,evaluation,32.70139694213867,32.9385986328125,33.42770767211914,33.75505447387695,33.159912109375,33.19653396606445,33.159912109375,32.70139694213867,-0.08525499224732709,-0.280136412166325,-0.3483453494352072,-0.09228524831600579,-0.2642544006277029,-0.15895127619841276,-0.17057631412015772,-0.08224202106701047
acdf486bceecd691f962c6ce,macaroni2,evaluation,32.23015594482422,33.41713333129883,33.56395721435547,34.827266693115234,33.891971588134766,33.586096954345706,33.56395721435547,32.23015594482422,-0.22274681604890617,-0.1437042756002771,-0.30416687632795075,0.18341648349853143,-0.05652368857756689,-0.05197060803596585,-0.057398740035659555,-0.22374757619116
ad4f0fbd7905e6cfb6aa38fd,macaroni2,evaluation,37.58208847045898,37.67866897583008,38.41115188598633,37.785728454589844,38.239837646484375,37.93949508666992,37.785728454589844,37.58208847045898,1.338761983070906,1.0712764037002012,1.2675203083148165,0.9441362519461347,1.1772357782484528,1.143547074554935,1.1251668236098318,1.383345582814237
ae3fd6797784509642603703,macaroni2,evaluation,32.3990592956543,32.41039276123047,32.50614929199219,31.995370864868164,32.83974075317383,32.43014259338379,32.41039276123047,31.995370864868164,-0.17346666028111524,-0.4307299967791385,-0.6471576716269956,-0.5447589375209617,-0.35510688697813647,-0.36941547220698595,-0.380525105744531,-0.29424949190601835
b04be9f194980fbb2a9cf26a,macaroni2,evaluation,36.30537796020508,37.10865783691406,37.836334228515625,36.71404266357422,37.21907043457031,37.03669662475586,37.10865783691406,36.30537796020508,0.9662620148554508,0.9087639719063337,1.0811375432402883,0.6685698824880958,0.887580762610133,0.8956231557614345,0.9355117354826241,0.9999714058731738
b0850a01724998d12c702626,macaroni2,evaluation,36.38873291015625,37.06596755981445,36.79251480102539,36.6791877746582,36.88887405395508,36.763055419921876,36.79251480102539,36.38873291015625,0.99058210618237,0.8965928049382549,0.7426824721309657,0.6596075212466098,0.7938835545939389,0.8204765945876573,0.8469565186898902,1.0250014616883631
b1d42592bf2998a70a0868be,macaroni2,evaluation,34.89350128173828,34.48609161376953,35.603111267089844,34.81259536743164,35.523292541503906,35.06371841430664,34.89350128173828,34.48609161376953,0.5543252338631537,0.16105996164054168,0.3570222256803398,0.17964399347612198,0.4063833197433846,0.35380955032872785,0.3150214930769211,0.45367105032418054
b215ef7749e71b9cb6e4e9fb,macaroni2,evaluation,37.90924453735352,38.106197357177734,37.34122848510742,37.72648620605469,36.935813903808594,37.60379409790039,37.72648620605469,36.935813903808594,1.434214807764482,1.1931664373683686,0.9206011083180468,0.9289030824068683,0.807203303489366,1.051357833888597,1.1085724041010394,1.189280461490641
b265fa5146a29488fc40eea7,macaroni2,calibration,30.59971809387207,31.438217163085938,32.91887664794922,31.508317947387695,31.48945426940918,31.59091682434082,31.48945426940918,30.59971809387207,-0.6984521876105214,-0.7079011076552779,-0.5133321622234482,-0.6699965821078552,-0.738266972848909,-0.5998812408044398,-0.6384903257177029,-0.7133399811585387
b2bfc2ce945399e86fa4d118,macaroni2,evaluation,37.47991561889648,38.320308685302734,38.06635665893555,37.763221740722656,38.331722259521484,37.992304992675784,38.06635665893555,37.47991561889648,1.3089514789246335,1.2542104244637422,1.1557215718511584,0.9383490207625113,1.2033091461187617,1.158049579156384,1.2037739370138434,1.3526648352533
b480eb12dc620178605862d2,macaroni2,calibration,36.49947738647461,36.05232620239258,36.982975006103516,35.9051513671875,37.85434341430664,36.65885467529297,36.49947738647461,35.9051513671875,1.0228935139582973,0.6075996419717735,0.8044385772153541,0.46057679374867,1.0678471374823109,0.7918612855907551,0.764873446067456,0.8797902532503087
b4eb10027246cf9f94854690,macaroni2,evaluation,33.27972412109375,33.7055549621582,31.735605239868164,33.496803283691406,33.34275436401367,33.11208839416504,33.34275436401367,31.735605239868164,0.08348087547577845,-0.06147412707713348,-0.8970040867119856,-0.15869029304484003,-0.2123707042191931,-0.18214147644052683,-0.11936014403156012,-0.37225263504780304
b4f5a2d551794845686b176b,macaroni2,calibration,35.8420295715332,35.19954299926758,36.41184616088867,35.7127571105957,36.672054290771484,35.96764602661133,35.8420295715332,35.19954299926758,0.8310729812673812,0.3644677754676232,0.6192518975761847,0.4111057759951027,0.7323583300739648,0.6020435531571053,0.5807149254839205,0.667908213334909
b615744a82c716e79d04f34d,macaroni2,evaluation,52.67456817626953,52.62749099731445,53.48786163330078,52.48288345336914,53.69023895263672,52.992608642578126,52.67456817626953,52.48288345336914,5.742225544743003,5.333244729064949,6.1560946490809245,4.72326785780376,5.561473613983958,5.27738985371952,5.2956981327667085,5.85779767391878
b639b503ce63224c0cefbd13,macaroni2,evaluation,35.3575325012207,34.76606750488281,35.53557586669922,34.947994232177734,35.38973617553711,35.199381256103514,35.3575325012207,34.76606750488281,0.6897134938640885,0.2408821963340609,0.33512409067765575,0.21445958392214398,0.3684850890584764,0.3910648900217467,0.44500185188619445,0.5377429882904068
b6eaa5d9cc8ef769aadb9765,macaroni2,calibration,32.6353874206543,32.91972351074219,32.83918380737305,33.120853424072266,33.143287658691406,32.93168716430664,32.91972351074219,32.6353874206543,-0.10451428748878099,-0.2855177841758017,-0.5391723078595233,-0.25535961420410086,-0.2689717891434502,-0.23168274367622604,-0.23785583955168346,-0.10206354346076989
b715236e21705c0f16885250,macaroni2,evaluation,33.71706008911133,33.95225143432617,32.59777069091797,33.72016525268555,32.61247253417969,33.31994400024414,33.71706008911133,32.59777069091797,0.21108038443073004,0.008860013556023033,-0.6174497295520709,-0.10125643753726339,-0.41959698693285863,-0.12506076731628576,-0.014512904428101495,-0.11335919951283079
b72ce5b7a2813bddf34f0065,macaroni2,evaluation,33.83517074584961,34.73646926879883,34.27445602416992,35.54671096801758,34.245975494384766,34.52775650024414,34.27445602416992,33.83517074584961,0.24554098887281833,0.2324436220774866,-0.07378993672927721,0.3684097422729399,0.04392919216161456,0.20662522994705382,0.14161996033594904,0.25821072475441975
b72e1259680ec000434ec917,macaroni2,calibration,32.979469299316406,33.00075149536133,35.2558708190918,32.57549285888672,33.988319396972656,33.55998077392578,33.00075149536133,32.57549285888672,-0.004123096348934695,-0.26241638505427894,0.24443063423833106,-0.3955901111031441,-0.029183835034145494,-0.059142558439933796,-0.215158990563515,-0.12004884877193592
b7b8ebc2d46f90d036593472,macaroni2,evaluation,33.41402053833008,34.22657012939453,32.77195739746094,34.837032318115234,32.98842239379883,33.64760055541992,33.41402053833008,32.77195739746094,0.12266392500047706,0.08706935926610371,-0.5609702536995765,0.18592755330023922,-0.3129166770676803,-0.035080665882206465,-0.09939768780082885,-0.06105393162425918
b7e61b03528d51c88838e31c,macaroni2,evaluation,39.53012847900391,40.135276794433594,38.09688949584961,39.89679718017578,38.680965423583984,39.268011474609374,39.53012847900391,38.09688949584961,1.9071326790410639,1.771665015972403,1.165621745402982,1.486962842783751,1.3024111088066233,1.5083804265978957,1.613792871945864,1.5379314641181354
b86929d14e198629e6ab27c3,macaroni2,evaluation,36.89448547363281,38.759464263916016,37.30735397338867,37.616722106933594,37.76845932006836,37.66929702758789,37.616722106933594,36.89448547363281,1.1381432113090435,1.3794154180924763,0.9096174075259187,0.9006790501903292,1.0434764892391866,1.0693460601712923,1.0778262465385162,1.1768702457246916
b93330f8ec0ec06fd567db25,macaroni2,evaluation,37.3848762512207,37.18791580200195,32.07098388671875,37.341976165771484,34.35935974121094,35.66902236938476,37.18791580200195,32.07098388671875,1.2812222786446088,0.9313607314538069,-0.7882586459020853,0.830032651624548,0.07610334059060907,0.5200363827116771,0.9577127821107101,-0.27154420375715665
bb8b04022b075abed1b222de,macaroni2,calibration,35.215354919433594,36.37336730957031,36.147823333740234,36.18382263183594,36.04794692993164,35.99366302490235,36.147823333740234,35.215354919433594,0.6482309931160402,0.6991297323003002,0.5336433503661886,0.5322325246683409,0.5552603343173428,0.6091882664499016,0.6663711944255691,0.6726562606258321
bbac3c92a49a7df39fd013a2,macaroni2,evaluation,33.298828125,35.834678649902344,34.66927719116211,35.78394317626953,34.05435562133789,34.728216552734374,34.66927719116211,33.298828125,0.08905476304912573,0.5455474633135898,0.05422954885464742,0.42941010160825466,-0.010445259404016503,0.26167499340097194,0.2522138057422592,0.09715627335357702
bca9e17fdbb4da05ef608bb9,macaroni2,evaluation,34.873077392578125,35.634361267089844,36.008304595947266,35.54916000366211,34.99871063232422,35.412722778320315,35.54916000366211,34.873077392578125,0.5483662494247149,0.48843618462287824,0.48840485118023247,0.36903947149664945,0.2575268720307846,0.44965212566813956,0.4986788686025286,0.5698762144918481
bf0ad3fbede0cb319c6d6aee,macaroni2,calibration,30.791248321533203,35.279296875,34.067848205566406,35.698280334472656,31.804811477661133,33.52829704284668,34.067848205566406,30.791248321533203,-0.6425702917985393,0.3872059211026534,-0.14078185323856168,0.40738331119139914,-0.6487805590792173,-0.06784345360370662,0.08374678873158996,-0.6558267525924806
bf5878376781c99626df030d,macaroni2,evaluation,34.74591827392578,34.23099136352539,35.524234771728516,34.259193420410156,34.9152717590332,34.73512191772461,34.74591827392578,34.23099136352539,0.5112656167629821,0.0883298706159387,0.3314467773381291,0.03734578753723497,0.23385008474190405,0.2635713248872371,0.2736818342259131,0.3770688388679927
bf7f49ab37ec49e2b3ec1cb7,macaroni2,evaluation,35.09249496459961,35.20610809326172,36.28951644897461,36.05659866333008,36.31880569458008,35.79270477294922,36.05659866333008,35.09249496459961,0.6123847077576545,0.36633950974981994,0.579586884400288,0.49951897429460784,0.6321197776794639,0.5540016888914066,0.6408181391690811,0.6357635322545994
bf9f82d3c74a69eaef139ef6,macaroni2,evaluation,32.94825744628906,32.86133575439453,34.38648223876953,32.67049789428711,33.5911865234375,33.291551971435545,32.94825744628906,32.67049789428711,-0.013229635511300379,-0.3021643646077036,-0.03746579921098625,-0.37116112930176426,-0.1418750807478656,-0.13285770466352206,-0.22986316357449313,-0.09152047295035833
c0a76fcded4285964ed51841,macaroni2,evaluation,42.55031204223633,42.09377670288086,40.75111770629883,42.16874694824219,42.46220397949219,42.00523147583008,42.16874694824219,40.75111770629883,2.7883177811243725,2.3300410915612115,2.0262466524023917,2.0711573468312205,2.3753831833994905,2.2600679160335924,2.3528995548430016,2.334950480897717
c29d193014026f8f4efcd407,macaroni2,calibration,40.15289688110352,40.36382293701172,41.320106506347656,40.72661209106445,40.891475677490234,40.690982818603516,40.72661209106445,40.15289688110352,2.0888349585512094,1.8368244258009738,2.210739429322599,1.7003360947506638,1.9296700711740258,1.8991527271907884,1.9489413763471626,2.1553150704845567
c306d8f37fb5e260b7c60323,macaroni2,evaluation,36.12876510620117,38.866233825683594,36.2204475402832,39.991371154785156,36.65553665161133,37.57247085571289,36.65553665161133,36.12876510620117,0.9147324927167064,1.4098558427434957,0.5571915142941766,1.5112809843946649,0.7276712506170612,1.042755935148121,0.8085873998411,0.9469376076885763
c325c4637ed0fa9d401e9f02,macaroni2,evaluation,34.572608947753906,34.3714485168457,35.16410827636719,34.571006774902344,35.504398345947266,34.83671417236328,34.572608947753906,34.3714485168457,0.46069994978368634,0.128374760953233,0.21467692674343922,0.11752346159645166,0.4010218637272082,0.291470297860325,0.2251359445206041,0.4192457028611863
c350b51db1e355fd6398e627,macaroni2,calibration,30.722984313964844,31.626035690307617,31.52234649658203,31.044763565063477,31.703279495239258,31.323881912231446,31.52234649658203,30.722984313964844,-0.6624873681014645,-0.654353302163647,-0.9661525440243192,-0.7891919649843891,-0.6775914844429463,-0.6732136008579467,-0.6292768432827666,-0.6763252583273583
c3babb607a6a64943bba3937,macaroni2,calibration,29.334774017333984,30.039886474609375,30.21807289123535,29.255130767822266,30.04495620727539,29.778564071655275,30.039886474609375,29.255130767822266,-1.067519117443393,-1.1065707214955807,-1.389059039360413,-1.2493665952101294,-1.1481607310862285,-1.097584344694709,-1.0445305535640173,-1.1170963968139682
c5e900adfeb212975ed0b2e9,macaroni2,evaluation,32.243255615234375,33.284976959228516,32.7497673034668,34.61117935180664,34.441715240478516,33.46617889404297,33.284976959228516,32.243255615234375,-0.21892478531270917,-0.1813825803489252,-0.5681653198603658,0.12785317881589883,0.09947270742550335,-0.0849021610886117,-0.1355442443458014,-0.21981397078777526
c665ef64c2eca25fee802f1b,macaroni2,evaluation,31.834131240844727,31.9434757232666,32.98870086669922,32.19375228881836,32.95415115356445,32.382842254638675,32.19375228881836,31.834131240844727,-0.3382931270255103,-0.5638498923478418,-0.4906918852753501,-0.49374841818388643,-0.3226415550909648,-0.3824049552828508,-0.44120853641573643,-0.3426669739066785
c7103f841b898a97a1674921,macaroni2,evaluation,31.728107452392575,31.84124183654785,33.47100830078125,32.521942138671875,31.895410537719727,32.291542053222656,31.895410537719727,31.728107452392575,-0.3692272013605407,-0.5929971780903591,-0.3343052607312156,-0.4093597977736027,-0.6230719823814203,-0.4074775541812858,-0.524777413309064,-0.37450409148937447
c7ec61dde32b86fdbb863003,macaroni2,calibration,36.47124862670898,36.99525833129883,36.742523193359375,36.9659538269043,37.258087158203125,36.88661422729492,36.9659538269043,36.47124862670898,1.0146573382309052,0.8764333240232064,0.7264728551398804,0.7333446936191025,0.8986522288191884,0.8544079591365398,0.8955387387405501,1.049779510168447
c9c4caa88736a874c3a1136c,macaroni2,calibration,31.90179443359375,32.81207275390625,33.79987335205078,32.40504837036133,32.63188934326172,32.71013565063477,32.63188934326172,31.90179443359375,-0.3185513477059721,-0.31620944102855686,-0.22767183220763934,-0.4394171071227167,-0.4140872330216255,-0.2925245835789068,-0.3184814242018064,-0.322348882513977
cab40b14618160dc68f2870f,macaroni2,evaluation,36.44120407104492,37.15351867675781,36.40474319458008,37.017608642578125,36.481990814208984,36.69981307983399,36.481990814208984,36.40474319458008,1.0058913760648363,0.9215539749037965,0.6169487837389164,0.7466268796288389,0.6784255247943423,0.8031091649234346,0.7599752606825041,1.0298090743494015
cc1ee3abeee827425ec2c456,macaroni2,evaluation,40.38558578491211,41.066810607910156,41.44599151611328,40.85200881958008,39.9917106628418,40.74842147827148,40.85200881958008,39.9917106628418,2.15672553247274,2.037248993180603,2.251557236320372,1.732579800423218,1.6743508893400898,1.9149263668189913,1.9840664090640343,2.10691362531431
cd1f67970d567bf75d873a22,macaroni2,evaluation,38.065547943115234,38.674156188964844,38.30015182495117,39.146690368652344,38.098873138427734,38.45708389282227,38.30015182495117,38.065547943115234,1.4798187353663832,1.355093748276808,1.2315288977687195,1.2940852171866364,1.1372353978394554,1.2856858248501861,1.2692625901274852,1.528520135639915
ceaee2e842571126fc9e9988,macaroni2,evaluation,50.51466369628906,50.09048080444336,49.9848518371582,50.125545501708984,50.48371505737305,50.23985137939453,50.125545501708984,49.9848518371582,5.112040123945347,4.609933081658604,5.0202550599474085,4.117117187177609,4.651583760365268,4.52143556606067,4.581688238730033,5.107681804153466
cfff5e11e5db9907d417bb57,macaroni2,evaluation,38.2213134765625,36.97503662109375,38.98046875,36.568424224853516,39.46611785888672,38.0422721862793,38.2213134765625,36.568424224853516,1.525265730430778,0.870668034406748,1.4521194589138664,0.6311264967300523,1.525207588034862,1.1717714262484056,1.247179082852005,1.0789596685976348
d0993e7b4c424800241a3808,macaroni2,evaluation,36.013771057128906,36.08815383911133,36.58760452270508,36.51879119873047,35.98502731323242,36.23866958618164,36.08815383911133,35.98502731323242,0.8811812065947908,0.6178142430051214,0.67624097756453,0.6183641806402006,0.5374061337256181,0.6764712641121923,0.6496570984850328,0.9037756241127063
d0dce877e6cda5e371822352,macaroni2,evaluation,37.81296157836914,37.10542678833008,34.766841888427734,37.36161422729492,37.240013122558594,36.8573715209961,37.240013122558594,34.766841888427734,1.4061227705537602,0.9078427871666355,0.0858645861811639,0.8350822560539197,0.8935235030762764,0.8463774111819489,0.9723058270064974,0.5379755223314339
d2aa4f8570cfabc3225ef991,macaroni2,evaluation,35.150508880615234,36.392154693603516,35.483036041259766,36.16525650024414,35.479732513427734,35.73413772583008,35.483036041259766,35.150508880615234,0.6293111618741611,0.7044860898481322,0.31808822232067613,0.5274585493851722,0.3940226360670838,0.5379181747445657,0.4801568037110022,0.6531841120375567
d33aa12b8658fed291467a76,macaroni2,calibration,39.19108963012695,38.3356819152832,39.79573440551758,38.53083801269531,39.17311096191406,39.00529098510742,39.17311096191406,38.3356819152832,1.8082128695649464,1.2585933931780087,1.716466709160626,1.1357289160431565,1.4420633448282183,1.4362328808803544,1.51378825366976,1.6096367148581119
d375ce7f704f3b7c889f1734,macaroni2,evaluation,30.033559799194336,30.603544235229492,30.396146774291992,31.367717742919922,30.010112762451172,30.48221626281738,30.396146774291992,30.010112762451172,-0.8636375957970899,-0.945869663000376,-1.331319159103957,-0.7061496114892789,-1.1580479790676044,-0.904349402390222,-0.9447380403923901,-0.8903883071792882
d3dc65e1f44a1665365e902a,macaroni2,calibration,29.28245735168457,32.37493133544922,30.322032928466797,31.49677848815918,31.252614974975586,30.94576301574707,31.252614974975586,29.28245735168457,-1.0827833109587026,-0.44084018962475197,-1.3553503337480854,-0.6729637641977637,-0.8054729809693058,-0.7770515254236673,-0.7048316734075211,-1.1088906943366397
d4191d1b56f640d6a801911e,macaroni2,evaluation,34.813270568847656,35.751888275146484,37.7772102355957,35.14263916015625,35.81342697143555,35.85968704223633,35.751888275146484,34.813270568847656,0.5309166868498469,0.5219435997885953,1.0619667798870007,0.26450932479407363,0.48871246576040966,0.5723961671630393,0.5554653354650692,0.5519172554020793
d535fdc73b7a40b73f50cba8,macaroni2,evaluation,41.986724853515625,42.1588020324707,41.05862045288086,42.06349182128906,42.52519989013672,41.9585678100586,42.06349182128906,41.05862045288086,2.6238825327270283,2.348580070395799,2.12595342276877,2.0440927226246886,2.393259033318961,2.2472532742598257,2.3234164110512054,2.4272882594553304
d675d193811f8c300e9230de,macaroni2,calibration,34.57795715332031,36.69255447387695,35.472660064697266,36.72453308105469,34.89723205566406,35.672987365722655,35.472660064697266,34.57795715332031,0.4622603711850108,0.7901312561784215,0.3147238455014657,0.6712673207516491,0.22873110119647747,0.5211252386098228,0.47725037608293297,0.4812566896148945
d79c739cfd0c7a8ddad5bb2b,macaroni2,evaluation,49.78751754760742,49.98966979980469,53.46936798095703,50.57238006591797,50.33435821533203,50.830658721923825,50.33435821533203,49.78751754760742,4.899884028184816,4.581191465228847,6.150098142161979,4.2320133439053595,4.609201953904264,4.683681380371528,4.640179026205357,5.048425715767591
d8767d99c1d4860e49c078b3,macaroni2,evaluation,46.12974548339844,47.51741027832031,47.59858322143555,46.2808723449707,46.200077056884766,46.745337677001956,46.2808723449707,46.12974548339844,3.8326726543344805,3.876340490516289,4.246515184304108,3.12852273865823,3.436049780101808,3.561782257017677,3.504752085652613,3.950059764135174
da459dabcb47161c978b77d5,macaroni2,evaluation,51.06540298461914,50.62738037109375,51.86074447631836,50.409385681152344,51.27315139770508,51.04721298217773,51.06540298461914,50.409385681152344,5.272726799390008,4.763005273144821,5.628507176989315,4.19010201949623,4.875595849346417,4.7431508889036404,4.84495288069637,5.235162005591231
dc17dd0347418dcda136fbf6,macaroni2,evaluation,34.848487854003906,34.12322235107422,35.85867691040039,34.556549072265625,35.661529541015625,35.00969314575195,34.848487854003906,34.12322235107422,0.5411918725681262,0.05760449861922763,0.43988855840203095,0.11380590122595458,0.44560973668548004,0.33897328635730695,0.3024127261610326,0.34470766057707164
dc7e97618bc706d76487ffb9,macaroni2,calibration,35.67441940307617,35.97014617919922,36.267948150634766,36.89237976074219,36.59486770629883,36.27995223999024,36.267948150634766,35.67441940307617,0.7821701313876424,0.584169792093003,0.572593433468003,0.7144263329685017,0.7104557051938291,0.6878081878467791,0.7000195054578852,0.8105054184152104
dcbe16d9b9ec8faa5595ad42,macaroni2,evaluation,34.936973571777344,34.847537994384766,35.84032440185547,34.784000396728516,37.281158447265625,35.53799896240234,34.936973571777344,34.784000396728516,0.5670089444833345,0.2641097553490961,0.43393781690305255,0.17229126721299637,0.9051989855294317,0.4840551112727698,0.3271985700068758,0.5431279268464091
dd4edc1e6dd864bcb8fa34b5,macaroni2,evaluation,46.48311996459961,46.68836975097656,47.725093841552734,46.23868942260742,46.54426193237305,46.735906982421874,46.54426193237305,46.23868942260742,3.935775105484046,3.639977754850251,4.287535843433627,3.117676094178822,3.5337163923601422,3.5591924267777344,3.5785304687436668,3.9827737526952394
de156ea15fa7cab5f07aaf40,macaroni2,calibration,31.88844108581543,33.227108001708984,31.94011878967285,32.660091400146484,33.432655334472656,32.62968292236328,32.660091400146484,31.88844108581543,-0.3224473927240436,-0.19788124918153668,-0.830691230082755,-0.3738369880592091,-0.18686021887026757,-0.3146182805801262,-0.31058171116713157,-0.3263586628618361
de66bcee40cc4031e5eaa38a,macaroni2,evaluation,33.72471237182617,33.815006256103516,33.317222595214844,33.89350128173828,34.403011322021484,33.83069076538086,33.815006256103516,33.317222595214844,0.21331305585088473,-0.030269129968017557,-0.384169778043586,-0.05668592944359141,0.08849000346020448,0.015199041340601707,0.012922917549216572,0.10267981594388609
df30177d9764643c62bc4257,macaroni2,evaluation,33.20538711547852,32.53299331665039,33.563072204589844,33.90641784667969,33.681175231933594,33.37780914306641,33.563072204589844,32.53299331665039,0.06179190839474654,-0.3957760931791846,-0.30445383788017755,-0.05336464727617635,-0.11633969867203271,-0.10917000811004404,-0.05764664121570075,-0.13281072931914314
e2b654828a5193f8b616f3bb,macaroni2,evaluation,32.698638916015625,34.243194580078125,33.476585388183594,34.0443115234375,31.897014617919922,33.271949005126956,33.476585388183594,31.897014617919922,-0.0860596888758275,0.09180905595512948,-0.33249690819089,-0.01790755696674932,-0.6226168052655708,-0.13824101492847143,-0.08187257032731296,-0.32378417883617877
e342c21e8cf0553d4ef011ad,macaroni2,evaluation,32.82651138305664,32.09384536743164,33.70625305175781,35.255462646484375,33.768802642822266,33.530175018310544,33.70625305175781,32.09384536743164,-0.04875092582747012,-0.5209789116373411,-0.2580279115815589,0.29352002809692895,-0.09147436328992348,-0.06732772937948518,-0.01754007702748388,-0.2646792948513661
e3d133714c0f05814f496648,macaroni2,evaluation,39.23067474365234,39.246826171875,30.939002990722656,39.14119338989258,34.238990783691406,36.5593376159668,39.14119338989258,30.939002990722656,1.8197624365275291,1.5183642270170385,-1.155299787845515,1.2926717595365345,0.04194719620651283,0.7645321967898714,1.5048477830947398,-0.6114585702717753
e4c92fe01ea54f67f7627042,macaroni2,evaluation,35.789146423339844,36.407352447509766,36.087215423583984,36.269107818603516,36.191532135009766,36.148870849609374,36.191532135009766,35.789146423339844,0.8156435077391637,0.7088190296391095,0.5139914316516244,0.5541622073077085,0.5960043691343987,0.6518109931736473,0.6786145208088107,0.844955966611715
e5431d6fd62cf3cb0a9cccbf,macaroni2,calibration,32.15237808227539,32.22407150268555,34.922054290771484,32.300537109375,32.748416900634766,32.86949157714844,32.300537109375,32.15237808227539,-0.2454397061713058,-0.4838509250448763,0.13619170530617575,-0.46629045843419653,-0.38102113228951584,-0.24876271705946779,-0.41129690825671383,-0.24710292871579947
e572a17608ce7d5140016c3e,macaroni2,calibration,33.37607192993164,33.8039436340332,35.78611755371094,33.22957992553711,34.86973571777344,34.21308975219726,33.8039436340332,33.22957992553711,0.11159183363073691,-0.03342312730582726,0.416361421829163,-0.2274023831539933,0.2209286834769945,0.12021235201149667,0.009824152798701602,0.07636223174389632
e67e1dd2e4230ef649ae849a,macaroni2,evaluation,33.0286750793457,33.2808952331543,33.911014556884766,33.739524841308594,34.14026641845703,33.62007522583008,33.739524841308594,33.0286750793457,0.01023344834128224,-0.1825462966080481,-0.19163465624157514,-0.09627843783270595,0.013932966103818686,-0.04263959278104962,-0.008220274905417818,0.016033966695945888
e6be939d64a739392b7397b7,macaroni2,calibration,32.67241668701172,33.94816589355469,32.38460922241211,33.95023727416992,33.66042709350586,33.32317123413086,33.66042709350586,32.38460922241211,-0.09371042832854098,0.00769520971161124,-0.6865666458317242,-0.04209720242765393,-0.12222723335242504,-0.12417451362200924,-0.030376442871599862,-0.17736791714117586
e733c4d34f2a4090dbe05f50,macaroni2,calibration,37.61117935180664,37.37345504760742,38.31295394897461,37.09601593017578,37.97840881347656,37.6744026184082,37.61117935180664,37.09601593017578,1.3472496960569997,0.9842587047353202,1.2356799450500688,0.7667880236539568,1.1030521917956773,1.0707481428479118,1.0762736585445511,1.2373863707860826
e78674eb9a38c75a58aed675,macaroni2,evaluation,31.799842834472656,31.308319091796875,32.84034729003906,31.569576263427734,32.58355712890625,32.020328521728516,31.799842834472656,31.308319091796875,-0.3482972980424895,-0.7449355619128973,-0.5387950523706045,-0.6542450139786659,-0.42780208214840815,-0.4819574346800772,-0.5515470008650214,-0.5005593059959186
e8a24b423b327939418141bc,macaroni2,evaluation,32.953163146972656,33.301937103271484,33.28121566772461,33.12873458862305,33.206546783447266,33.174319458007815,33.206546783447266,32.953163146972656,-0.011798321729486364,-0.17654717615447627,-0.3958449077481915,-0.2533331024031914,-0.2510212490432579,-0.16505176055213444,-0.1575134178873834,-0.006640966023914719
e8aa70ccda5f15a47e752d6b,macaroni2,evaluation,34.515625,36.19791030883789,35.009239196777344,35.338069915771484,34.93716049194336,35.19960098266601,35.009239196777344,34.515625,0.44407400478155745,0.6491062469373493,0.16446112891023948,0.3147611283141095,0.2400612768720918,0.39112523069880345,0.3474409836047226,0.46253941754404215
ea21fcff9fd1734e44949055,macaroni2,evaluation,33.95709609985352,33.99147033691406,33.7404670715332,33.68797302246094,34.12261199951172,33.899923706054686,33.95709609985352,33.68797302246094,0.28111459003482625,0.0200414779112029,-0.24693412640086115,-0.10953413990312746,0.008923311663506923,0.03421159251959049,0.05272387942066051,0.21400978366519208
ea5e29282e9754ce4894f880,macaroni2,evaluation,31.396059036254883,31.13772964477539,32.587276458740234,31.228668212890625,32.19218826293945,31.708384323120118,31.396059036254883,31.13772964477539,-0.4661074443474059,-0.7935712884472119,-0.6208524503717944,-0.7419039104510174,-0.5388577211509546,-0.5676226539139732,-0.6646513799890333,-0.5517843788072065
eac5b9adf7b6dc54a203e870,macaroni2,evaluation,32.630584716796875,34.114261627197266,38.00627136230469,33.462501525878906,33.57878112792969,34.358480072021486,33.57878112792969,32.630584716796875,-0.10591555035915723,0.055049760775601767,1.1362391088807973,-0.16751042572333863,-0.14539526143928605,0.16013902376173395,-0.05324639526996949,-0.10350571271029273
eae40d57f118ed32069bdd26,macaroni2,evaluation,34.7880859375,36.55870819091797,37.36669921875,36.07680130004883,35.403953552246094,36.038849639892575,36.07680130004883,34.7880859375,0.523568682504951,0.7519711511467907,0.9288599112672629,0.5047137499468909,0.3725194412838528,0.6215972847834499,0.646477124727263,0.5443547443732073
eb02ba2ff6dcfb3bda968f32,macaroni2,evaluation,30.773487091064453,30.570974349975586,31.048229217529297,30.293453216552734,31.028669357299805,30.742962646484376,30.773487091064453,30.293453216552734,-0.6477524045264756,-0.9551554661970033,-1.1198835373071137,-0.9823790603168313,-0.8690202527007108,-0.8327439799431148,-0.8390407775616782,-0.8053060488968752
ec2fa0ec4fc668f824a5006b,macaroni2,evaluation,38.018367767333984,38.490150451660156,37.81321334838867,38.751285552978516,37.80667495727539,38.17593841552734,38.018367767333984,37.80667495727539,1.4660531919344426,1.3026329842814324,1.0736406726883638,1.192413374156786,1.054320637506914,1.2084784619419153,1.1903317092340233,1.4507850366636492
ed993a9c64ca89886c148271,macaroni2,evaluation,32.288055419921875,32.35359191894531,32.70098114013672,32.91950607299805,32.626346588134766,32.57769622802734,32.626346588134766,32.288055419921875,-0.20585375183399707,-0.446924141730858,-0.5839840754268664,-0.3071327729047808,-0.415660056682337,-0.32889471715885005,-0.3200340121957714,-0.20636136104480768
ef1b049c0844d16c1abe6f72,macaroni2,calibration,38.43710708618164,39.32197952270508,39.28739547729492,39.79996109008789,39.04035949707031,39.17736053466797,39.28739547729492,38.43710708618164,1.5882268418797958,1.5397907447936556,1.551639456890649,1.4620630353945507,1.4043935145510251,1.483486126019516,1.5458006306217178,1.6400929467932295
f11e3521ef9d69e591cad3df,macaroni2,evaluation,37.66748809814453,37.24790573120117,38.795082092285156,38.017578125,38.71067428588867,38.087745666503906,38.017578125,37.24790573120117,1.363678640639703,0.9484640977070468,1.3920084351418127,1.0037525802305862,1.310841357030726,1.1842592226881128,1.1901105215432106,1.2829962619761148
f1974de0999ddbae2228d155,macaroni2,evaluation,40.81863021850586,41.19462203979492,42.54309844970703,40.7419319152832,40.7733268737793,41.21432189941406,40.81863021850586,40.7419319152832,2.2830729201177844,2.073688538285194,2.607290608822176,1.704275335502093,1.896143922227324,2.0428706013852724,1.9747166878340323,2.3321921460662227
f1d17364deb292c99d749920,macaroni2,evaluation,50.56880569458008,51.59264373779297,51.15840530395508,51.21872329711914,50.70543670654297,51.04880294799805,51.15840530395508,50.56880569458008,5.127836886391137,5.038205679477474,5.400775973426042,4.398209871972687,4.714499954192891,4.743587520747346,4.871003875392079,5.283033089869872
f2716ea8426152f3b061ae8d,macaroni2,calibration,35.728271484375,36.07729721069336,36.3690185546875,36.74300765991211,37.34831619262695,36.453182220458984,36.3690185546875,35.728271484375,0.7978823060827188,0.6147189752729123,0.6053651848742453,0.6760177547554267,0.9242558062774197,0.735380107186648,0.7283304613423314,0.8266762709136328
f3008f1cf24c86b15166c62d,macaroni2,evaluation,33.83476638793945,34.2981071472168,34.44155502319336,34.68330764770508,34.12851333618164,34.27724990844727,34.2981071472168,33.83476638793945,0.24542301122050705,0.10746484618884353,-0.019608627101081712,0.14639978342944995,0.010597887164622372,0.13783182971217822,0.14824490566463622,0.25808930303841543
f3622dc004565594e8cf378c,macaroni2,evaluation,37.596309661865234,37.01122283935547,38.19550704956055,37.19388198852539,37.85545349121094,37.570475006103514,37.596309661865234,37.01122283935547,1.342911234842761,0.8809848684572524,1.197598168024389,0.7919526704363058,1.068162135201008,1.042207840664851,1.0721084913040315,1.211924466037557
f3b6a8a6a19e925006c24670,macaroni2,calibration,35.49758529663086,34.852439880371094,35.65915298461914,34.94405746459961,35.761375427246094,35.34292221069336,35.49758529663086,34.852439880371094,0.7305760554391427,0.26550730244533244,0.375193571213803,0.21344730890833052,0.47394221190603325,0.4304836944067524,0.48423221362771396,0.5636791250240811
f7a528d194fcf92ee0b434a4,macaroni2,calibration,34.66158676147461,34.509315490722656,35.851688385009766,34.46503448486328,36.02063751220703,35.10165252685547,34.66158676147461,34.46503448486328,0.486660598275764,0.16768118087936426,0.43762255166203334,0.09027443070135698,0.5475109574508363,0.3642269072869121,0.2500596299708667,0.447347957188862
f85176278608d1dceff94b4b,macaroni2,evaluation,44.49772262573242,44.72359085083008,44.028541564941406,44.21002197265625,43.85494613647461,44.26296463012695,44.21002197265625,43.85494613647461,3.3565048326357396,3.0798115138759132,3.0889407313958985,2.5960376356797563,2.7705905789274476,2.8800801057049745,2.924683626608024,3.2669767000194434
fa596eb6ab6844a05be3fc82,macaroni2,calibration,32.98509216308594,32.83330154418945,34.557315826416016,32.7493896484375,33.479576110839844,33.32093505859375,32.98509216308594,32.7493896484375,-0.002482539183776174,-0.3101570288958289,0.017926438691476518,-0.3508754126732022,-0.17354588230677692,-0.12478860572081052,-0.21954534549484742,-0.06783063796276362
fac9a280713713c1ee92c98c,macaroni2,evaluation,35.09632110595703,35.135887145996094,35.367027282714844,35.328636169433594,35.443336486816406,35.2742416381836,35.328636169433594,35.09632110595703,0.6135010434677318,0.3463192397517506,0.2804727578173647,0.31233539565019414,0.3836948242660867,0.41162283298536634,0.43690766464993547,0.636912456605093
fb6fd948ff3d2f81adef3bad,macaroni2,evaluation,33.731319427490234,33.65245819091797,34.7369384765625,33.781646728515625,34.68183517456055,34.11683959960938,33.781646728515625,33.65245819091797,0.21524076616978197,-0.07661222671333118,0.07616850166432926,-0.08544748753955853,0.16760963663895717,0.09378041174936051,0.00357853901706022,0.20334529143877622
fc4208e0aa9276a5c5d77be2,macaroni2,calibration,33.876792907714844,33.89418411254883,34.20212173461914,34.231624603271484,34.19401168823242,34.07974700927734,34.19401168823242,33.876792907714844,0.2576848960838391,-0.00769520971161124,-0.09724409601084609,0.030256919780616925,0.029183835034145494,0.0835941512036531,0.11908659790185948,0.27070914308765537
fca9006125515432f8a446e9,macaroni2,calibration,29.781938552856445,30.220767974853516,31.022216796875,30.047382354736328,30.727697372436523,30.360000610351562,30.220767974853516,29.781938552856445,-0.9370519724395737,-1.0550006898518143,-1.1283179805167445,-1.0456521340000198,-0.954424685723986,-0.9379119135989692,-0.9938636128139593,-0.9589050923862649
fd40c99a12d76a57de528883,macaroni2,evaluation,42.34201431274414,41.48359298706055,32.75787353515625,41.47530746459961,36.86784744262695,38.9853271484375,41.47530746459961,32.75787353515625,2.7275437082299923,2.1560752990899394,-0.5655369004703577,1.8928507922905002,0.7879169998672755,1.4307504694339865,2.1586593634246007,-0.06528307290244686
fd916768b573d0a26a5c2686,macaroni2,evaluation,30.56524085998535,31.345417022705078,33.395103454589844,31.24032974243164,32.01541519165039,31.71230125427246,31.345417022705078,30.56524085998535,-0.7085114519651365,-0.7343587949783458,-0.35891716144763036,-0.7389053399885874,-0.5890192135373089,-0.5665469975389342,-0.6788367770391924,-0.723692900679736
fec2ff06b90f1d99dbb27c30,macaroni2,evaluation,32.51506042480469,33.02424240112305,33.22254943847656,33.63233947753906,33.15200424194336,33.109239196777345,33.15200424194336,32.51506042480469,-0.13962154302514138,-0.25571903484523334,-0.41486724271239606,-0.12383939067973153,-0.2664983534485253,-0.18292391483799192,-0.17279139664699136,-0.1381956678751454
feda7c635ed25dd9493c7802,macaroni2,evaluation,37.56406021118164,38.064971923828125,37.873714447021484,39.341033935546875,37.62017059326172,38.09279022216797,37.873714447021484,37.56406021118164,1.3335019605725775,1.1814129031512273,1.0932579581121422,1.3440574680139041,1.0013977733666197,1.1856445440655496,1.1498126887721172,1.3779320070610659
