category,epoch,loss,bce,dice,identity,residual_l1,normal_fp
wood,1,1.8810654878616333,0.5203031301498413,0.8475950360298157,0.0,0.0,0.5131672620773315
wood,50,1.8635051250457764,0.5043635368347168,0.8495151400566101,5.552973016165197e-05,0.004599275998771191,0.5049160122871399
wood,100,1.8490679264068604,0.49215203523635864,0.8510478734970093,0.00021531921811401844,0.009100335650146008,0.49633699655532837
wood,150,1.8359618186950684,0.4816935360431671,0.8519212007522583,0.00044812235864810646,0.013758697547018528,0.48769229650497437
