image_AUROC,image_F1Score,pixel_AUROC,pixel_F1Score
0.6566667556762695,0.774193525314331,0.7702546119689941,0.46490851044654846
