file,suffix,readable,num_sample_rows,num_cols,category_col,ad2_categories_found,ad2_coverage_count,image_id_col,label_col,detector_score_col,vlm_score_col,quality_col,consistency_col,has_image_id,has_label,has_detector_score,has_vlm_score,has_quality,has_consistency,source_role,qcr_assembly_value,notes
results/analysis/anomaly_map_calibration/MVTecAD/grid/anomaly_map_calibration_detail.csv,.csv,True,70.0,9.0,category,,0,,,,,,,False,False,False,False,False,False,non_ad2_or_summary,none,
results/analysis/anomaly_map_calibration/MVTecAD/leather/anomaly_map_calibration_detail.csv,.csv,True,70.0,9.0,category,,0,,,,,,,False,False,False,False,False,False,non_ad2_or_summary,none,
results/analysis/anomaly_map_calibration/MVTecAD/screw/anomaly_map_calibration_detail.csv,.csv,True,70.0,9.0,category,,0,,,,,,,False,False,False,False,False,False,non_ad2_or_summary,none,
results/analysis/anomaly_map_calibration/MVTecAD/wood/anomaly_map_calibration_detail.csv,.csv,True,70.0,9.0,category,,0,,,,,,,False,False,False,False,False,False,non_ad2_or_summary,none,
results/analysis/anomaly_map_calibration/anomaly_map_calibration_summary.csv,.csv,True,5.0,10.0,category,,0,,,,,,,False,False,False,False,False,False,non_ad2_or_summary,none,
results/analysis/anomaly_region_scoring_baseline/MVTecAD/grid/region_scoring_eval_candidates.csv,.csv,True,18.0,33.0,category,,0,image_path,,,,,,True,False,False,False,False,False,non_ad2_or_summary,none,
results/analysis/anomaly_region_scoring_baseline/MVTecAD/grid/region_scoring_weight_detail.csv,.csv,True,4860.0,11.0,category,,0,,,,,,,False,False,False,False,False,False,non_ad2_or_summary,none,
results/analysis/anomaly_region_scoring_baseline/MVTecAD/leather/region_scoring_eval_candidates.csv,.csv,True,23.0,33.0,category,,0,image_path,,,,,,True,False,False,False,False,False,non_ad2_or_summary,none,
results/analysis/anomaly_region_scoring_baseline/MVTecAD/leather/region_scoring_weight_detail.csv,.csv,True,4860.0,11.0,category,,0,,,,,,,False,False,False,False,False,False,non_ad2_or_summary,none,
results/analysis/anomaly_region_scoring_baseline/MVTecAD/screw/region_scoring_eval_candidates.csv,.csv,True,41.0,33.0,category,,0,image_path,,,,,,True,False,False,False,False,False,non_ad2_or_summary,none,
results/analysis/anomaly_region_scoring_baseline/MVTecAD/screw/region_scoring_weight_detail.csv,.csv,True,4860.0,11.0,category,,0,,,,,,,False,False,False,False,False,False,non_ad2_or_summary,none,
results/analysis/anomaly_region_scoring_baseline/MVTecAD/wood/region_scoring_eval_candidates.csv,.csv,True,29.0,33.0,category,,0,image_path,,,,,,True,False,False,False,False,False,non_ad2_or_summary,none,
results/analysis/anomaly_region_scoring_baseline/MVTecAD/wood/region_scoring_weight_detail.csv,.csv,True,4860.0,11.0,category,,0,,,,,,,False,False,False,False,False,False,non_ad2_or_summary,none,
results/analysis/anomaly_region_scoring_baseline/anomaly_region_scoring_baseline_summary.csv,.csv,True,5.0,20.0,category,,0,,,,,,,False,False,False,False,False,False,non_ad2_or_summary,none,
results/analysis/clip_semantic_candidate_scoring/MVTecAD/grid/clip_candidate_scores.csv,.csv,True,36.0,20.0,category,,0,image_path,,,,,,True,False,False,False,False,False,non_ad2_or_summary,none,
results/analysis/clip_semantic_candidate_scoring/MVTecAD/leather/clip_candidate_scores.csv,.csv,True,46.0,20.0,category,,0,image_path,,,,,,True,False,False,False,False,False,non_ad2_or_summary,none,
results/analysis/clip_semantic_candidate_scoring/MVTecAD/screw/clip_candidate_scores.csv,.csv,True,83.0,20.0,category,,0,image_path,,,,,,True,False,False,False,False,False,non_ad2_or_summary,none,
results/analysis/clip_semantic_candidate_scoring/MVTecAD/wood/clip_candidate_scores.csv,.csv,True,57.0,20.0,category,,0,image_path,,,,,,True,False,False,False,False,False,non_ad2_or_summary,none,
results/analysis/clip_semantic_candidate_scoring/clip_semantic_candidate_scoring_summary.csv,.csv,True,4.0,11.0,category,,0,,,,,,,False,False,False,False,False,False,non_ad2_or_summary,none,
results/analysis/clip_semantic_weight_sweep/clip_semantic_weight_sweep_detail.csv,.csv,True,108.0,10.0,category,,0,,,,,,,False,False,False,False,False,False,non_ad2_or_summary,none,
results/analysis/clip_semantic_weight_sweep/clip_semantic_weight_sweep_summary.csv,.csv,True,5.0,8.0,category,,0,,,,,,,False,False,False,False,False,False,non_ad2_or_summary,none,
results/analysis/conservative_residual_anomaly_calibration/MVTecAD/grid/calibrated_abnormal_eval_metrics.csv,.csv,True,14.0,6.0,,,0,image_path,,,,,,True,False,False,False,False,False,non_ad2_or_summary,none,
results/analysis/conservative_residual_anomaly_calibration/MVTecAD/grid/calibrated_normal_eval_metrics.csv,.csv,True,6.0,4.0,,,0,image_path,,,,,,True,False,False,False,False,False,non_ad2_or_summary,none,
results/analysis/conservative_residual_anomaly_calibration/MVTecAD/grid/raw_abnormal_eval_metrics.csv,.csv,True,14.0,6.0,,,0,image_path,,,,,,True,False,False,False,False,False,non_ad2_or_summary,none,
results/analysis/conservative_residual_anomaly_calibration/MVTecAD/grid/raw_normal_eval_metrics.csv,.csv,True,6.0,4.0,,,0,image_path,,,,,,True,False,False,False,False,False,non_ad2_or_summary,none,
results/analysis/conservative_residual_anomaly_calibration/MVTecAD/grid/training_log.csv,.csv,True,11.0,8.0,category,,0,,,,,,,False,False,False,False,False,False,non_ad2_or_summary,none,
results/analysis/conservative_residual_anomaly_calibration/MVTecAD/leather/calibrated_abnormal_eval_metrics.csv,.csv,True,23.0,6.0,,,0,image_path,,,,,,True,False,False,False,False,False,non_ad2_or_summary,none,
results/analysis/conservative_residual_anomaly_calibration/MVTecAD/leather/calibrated_normal_eval_metrics.csv,.csv,True,8.0,4.0,,,0,image_path,,,,,,True,False,False,False,False,False,non_ad2_or_summary,none,
results/analysis/conservative_residual_anomaly_calibration/MVTecAD/leather/raw_abnormal_eval_metrics.csv,.csv,True,23.0,6.0,,,0,image_path,,,,,,True,False,False,False,False,False,non_ad2_or_summary,none,
results/analysis/conservative_residual_anomaly_calibration/MVTecAD/leather/raw_normal_eval_metrics.csv,.csv,True,8.0,4.0,,,0,image_path,,,,,,True,False,False,False,False,False,non_ad2_or_summary,none,
results/analysis/conservative_residual_anomaly_calibration/MVTecAD/leather/training_log.csv,.csv,True,11.0,8.0,category,,0,,,,,,,False,False,False,False,False,False,non_ad2_or_summary,none,
results/analysis/conservative_residual_anomaly_calibration/MVTecAD/screw/calibrated_abnormal_eval_metrics.csv,.csv,True,30.0,6.0,,,0,image_path,,,,,,True,False,False,False,False,False,non_ad2_or_summary,none,
results/analysis/conservative_residual_anomaly_calibration/MVTecAD/screw/calibrated_normal_eval_metrics.csv,.csv,True,11.0,4.0,,,0,image_path,,,,,,True,False,False,False,False,False,non_ad2_or_summary,none,
results/analysis/conservative_residual_anomaly_calibration/MVTecAD/screw/raw_abnormal_eval_metrics.csv,.csv,True,30.0,6.0,,,0,image_path,,,,,,True,False,False,False,False,False,non_ad2_or_summary,none,
results/analysis/conservative_residual_anomaly_calibration/MVTecAD/screw/raw_normal_eval_metrics.csv,.csv,True,11.0,4.0,,,0,image_path,,,,,,True,False,False,False,False,False,non_ad2_or_summary,none,
results/analysis/conservative_residual_anomaly_calibration/MVTecAD/screw/training_log.csv,.csv,True,11.0,8.0,category,,0,,,,,,,False,False,False,False,False,False,non_ad2_or_summary,none,
results/analysis/conservative_residual_anomaly_calibration/MVTecAD/wood/calibrated_abnormal_eval_metrics.csv,.csv,True,15.0,6.0,,,0,image_path,,,,,,True,False,False,False,False,False,non_ad2_or_summary,none,
results/analysis/conservative_residual_anomaly_calibration/MVTecAD/wood/calibrated_normal_eval_metrics.csv,.csv,True,5.0,4.0,,,0,image_path,,,,,,True,False,False,False,False,False,non_ad2_or_summary,none,
results/analysis/conservative_residual_anomaly_calibration/MVTecAD/wood/raw_abnormal_eval_metrics.csv,.csv,True,15.0,6.0,,,0,image_path,,,,,,True,False,False,False,False,False,non_ad2_or_summary,none,
results/analysis/conservative_residual_anomaly_calibration/MVTecAD/wood/raw_normal_eval_metrics.csv,.csv,True,5.0,4.0,,,0,image_path,,,,,,True,False,False,False,False,False,non_ad2_or_summary,none,
results/analysis/conservative_residual_anomaly_calibration/MVTecAD/wood/training_log.csv,.csv,True,11.0,8.0,category,,0,,,,,,,False,False,False,False,False,False,non_ad2_or_summary,none,
results/analysis/conservative_residual_anomaly_calibration/conservative_residual_anomaly_calibration_summary.csv,.csv,True,5.0,20.0,category,,0,,,,,,,False,False,False,False,False,False,non_ad2_or_summary,none,
results/analysis/conservative_residual_calibration_sweep/cfg01_baseline/MVTecAD/grid/calibrated_abnormal_eval_metrics.csv,.csv,True,14.0,6.0,,,0,image_path,,,,,,True,False,False,False,False,False,non_ad2_or_summary,none,
results/analysis/conservative_residual_calibration_sweep/cfg01_baseline/MVTecAD/grid/calibrated_normal_eval_metrics.csv,.csv,True,6.0,4.0,,,0,image_path,,,,,,True,False,False,False,False,False,non_ad2_or_summary,none,
results/analysis/conservative_residual_calibration_sweep/cfg01_baseline/MVTecAD/grid/raw_abnormal_eval_metrics.csv,.csv,True,14.0,6.0,,,0,image_path,,,,,,True,False,False,False,False,False,non_ad2_or_summary,none,
results/analysis/conservative_residual_calibration_sweep/cfg01_baseline/MVTecAD/grid/raw_normal_eval_metrics.csv,.csv,True,6.0,4.0,,,0,image_path,,,,,,True,False,False,False,False,False,non_ad2_or_summary,none,
results/analysis/conservative_residual_calibration_sweep/cfg01_baseline/MVTecAD/grid/training_log.csv,.csv,True,4.0,8.0,category,,0,,,,,,,False,False,False,False,False,False,non_ad2_or_summary,none,
results/analysis/conservative_residual_calibration_sweep/cfg01_baseline/MVTecAD/leather/calibrated_abnormal_eval_metrics.csv,.csv,True,23.0,6.0,,,0,image_path,,,,,,True,False,False,False,False,False,non_ad2_or_summary,none,
results/analysis/conservative_residual_calibration_sweep/cfg01_baseline/MVTecAD/leather/calibrated_normal_eval_metrics.csv,.csv,True,8.0,4.0,,,0,image_path,,,,,,True,False,False,False,False,False,non_ad2_or_summary,none,
results/analysis/conservative_residual_calibration_sweep/cfg01_baseline/MVTecAD/leather/raw_abnormal_eval_metrics.csv,.csv,True,23.0,6.0,,,0,image_path,,,,,,True,False,False,False,False,False,non_ad2_or_summary,none,
results/analysis/conservative_residual_calibration_sweep/cfg01_baseline/MVTecAD/leather/raw_normal_eval_metrics.csv,.csv,True,8.0,4.0,,,0,image_path,,,,,,True,False,False,False,False,False,non_ad2_or_summary,none,
results/analysis/conservative_residual_calibration_sweep/cfg01_baseline/MVTecAD/leather/training_log.csv,.csv,True,4.0,8.0,category,,0,,,,,,,False,False,False,False,False,False,non_ad2_or_summary,none,
results/analysis/conservative_residual_calibration_sweep/cfg01_baseline/MVTecAD/screw/calibrated_abnormal_eval_metrics.csv,.csv,True,30.0,6.0,,,0,image_path,,,,,,True,False,False,False,False,False,non_ad2_or_summary,none,
results/analysis/conservative_residual_calibration_sweep/cfg01_baseline/MVTecAD/screw/calibrated_normal_eval_metrics.csv,.csv,True,11.0,4.0,,,0,image_path,,,,,,True,False,False,False,False,False,non_ad2_or_summary,none,
results/analysis/conservative_residual_calibration_sweep/cfg01_baseline/MVTecAD/screw/raw_abnormal_eval_metrics.csv,.csv,True,30.0,6.0,,,0,image_path,,,,,,True,False,False,False,False,False,non_ad2_or_summary,none,
results/analysis/conservative_residual_calibration_sweep/cfg01_baseline/MVTecAD/screw/raw_normal_eval_metrics.csv,.csv,True,11.0,4.0,,,0,image_path,,,,,,True,False,False,False,False,False,non_ad2_or_summary,none,
results/analysis/conservative_residual_calibration_sweep/cfg01_baseline/MVTecAD/screw/training_log.csv,.csv,True,4.0,8.0,category,,0,,,,,,,False,False,False,False,False,False,non_ad2_or_summary,none,
results/analysis/conservative_residual_calibration_sweep/cfg01_baseline/MVTecAD/wood/calibrated_abnormal_eval_metrics.csv,.csv,True,15.0,6.0,,,0,image_path,,,,,,True,False,False,False,False,False,non_ad2_or_summary,none,
results/analysis/conservative_residual_calibration_sweep/cfg01_baseline/MVTecAD/wood/calibrated_normal_eval_metrics.csv,.csv,True,5.0,4.0,,,0,image_path,,,,,,True,False,False,False,False,False,non_ad2_or_summary,none,
results/analysis/conservative_residual_calibration_sweep/cfg01_baseline/MVTecAD/wood/raw_abnormal_eval_metrics.csv,.csv,True,15.0,6.0,,,0,image_path,,,,,,True,False,False,False,False,False,non_ad2_or_summary,none,
results/analysis/conservative_residual_calibration_sweep/cfg01_baseline/MVTecAD/wood/raw_normal_eval_metrics.csv,.csv,True,5.0,4.0,,,0,image_path,,,,,,True,False,False,False,False,False,non_ad2_or_summary,none,
results/analysis/conservative_residual_calibration_sweep/cfg01_baseline/MVTecAD/wood/training_log.csv,.csv,True,4.0,8.0,category,,0,,,,,,,False,False,False,False,False,False,non_ad2_or_summary,none,
results/analysis/conservative_residual_calibration_sweep/cfg02_smaller_delta/MVTecAD/grid/calibrated_abnormal_eval_metrics.csv,.csv,True,14.0,6.0,,,0,image_path,,,,,,True,False,False,False,False,False,non_ad2_or_summary,none,
results/analysis/conservative_residual_calibration_sweep/cfg02_smaller_delta/MVTecAD/grid/calibrated_normal_eval_metrics.csv,.csv,True,6.0,4.0,,,0,image_path,,,,,,True,False,False,False,False,False,non_ad2_or_summary,none,
results/analysis/conservative_residual_calibration_sweep/cfg02_smaller_delta/MVTecAD/grid/raw_abnormal_eval_metrics.csv,.csv,True,14.0,6.0,,,0,image_path,,,,,,True,False,False,False,False,False,non_ad2_or_summary,none,
results/analysis/conservative_residual_calibration_sweep/cfg02_smaller_delta/MVTecAD/grid/raw_normal_eval_metrics.csv,.csv,True,6.0,4.0,,,0,image_path,,,,,,True,False,False,False,False,False,non_ad2_or_summary,none,
results/analysis/conservative_residual_calibration_sweep/cfg02_smaller_delta/MVTecAD/grid/training_log.csv,.csv,True,4.0,8.0,category,,0,,,,,,,False,False,False,False,False,False,non_ad2_or_summary,none,
results/analysis/conservative_residual_calibration_sweep/cfg02_smaller_delta/MVTecAD/leather/calibrated_abnormal_eval_metrics.csv,.csv,True,23.0,6.0,,,0,image_path,,,,,,True,False,False,False,False,False,non_ad2_or_summary,none,
results/analysis/conservative_residual_calibration_sweep/cfg02_smaller_delta/MVTecAD/leather/calibrated_normal_eval_metrics.csv,.csv,True,8.0,4.0,,,0,image_path,,,,,,True,False,False,False,False,False,non_ad2_or_summary,none,
results/analysis/conservative_residual_calibration_sweep/cfg02_smaller_delta/MVTecAD/leather/raw_abnormal_eval_metrics.csv,.csv,True,23.0,6.0,,,0,image_path,,,,,,True,False,False,False,False,False,non_ad2_or_summary,none,
results/analysis/conservative_residual_calibration_sweep/cfg02_smaller_delta/MVTecAD/leather/raw_normal_eval_metrics.csv,.csv,True,8.0,4.0,,,0,image_path,,,,,,True,False,False,False,False,False,non_ad2_or_summary,none,
results/analysis/conservative_residual_calibration_sweep/cfg02_smaller_delta/MVTecAD/leather/training_log.csv,.csv,True,4.0,8.0,category,,0,,,,,,,False,False,False,False,False,False,non_ad2_or_summary,none,
results/analysis/conservative_residual_calibration_sweep/cfg02_smaller_delta/MVTecAD/screw/calibrated_abnormal_eval_metrics.csv,.csv,True,30.0,6.0,,,0,image_path,,,,,,True,False,False,False,False,False,non_ad2_or_summary,none,
results/analysis/conservative_residual_calibration_sweep/cfg02_smaller_delta/MVTecAD/screw/calibrated_normal_eval_metrics.csv,.csv,True,11.0,4.0,,,0,image_path,,,,,,True,False,False,False,False,False,non_ad2_or_summary,none,
results/analysis/conservative_residual_calibration_sweep/cfg02_smaller_delta/MVTecAD/screw/raw_abnormal_eval_metrics.csv,.csv,True,30.0,6.0,,,0,image_path,,,,,,True,False,False,False,False,False,non_ad2_or_summary,none,
results/analysis/conservative_residual_calibration_sweep/cfg02_smaller_delta/MVTecAD/screw/raw_normal_eval_metrics.csv,.csv,True,11.0,4.0,,,0,image_path,,,,,,True,False,False,False,False,False,non_ad2_or_summary,none,
results/analysis/conservative_residual_calibration_sweep/cfg02_smaller_delta/MVTecAD/screw/training_log.csv,.csv,True,4.0,8.0,category,,0,,,,,,,False,False,False,False,False,False,non_ad2_or_summary,none,
results/analysis/conservative_residual_calibration_sweep/cfg02_smaller_delta/MVTecAD/wood/calibrated_abnormal_eval_metrics.csv,.csv,True,15.0,6.0,,,0,image_path,,,,,,True,False,False,False,False,False,non_ad2_or_summary,none,
results/analysis/conservative_residual_calibration_sweep/cfg02_smaller_delta/MVTecAD/wood/calibrated_normal_eval_metrics.csv,.csv,True,5.0,4.0,,,0,image_path,,,,,,True,False,False,False,False,False,non_ad2_or_summary,none,
results/analysis/conservative_residual_calibration_sweep/cfg02_smaller_delta/MVTecAD/wood/raw_abnormal_eval_metrics.csv,.csv,True,15.0,6.0,,,0,image_path,,,,,,True,False,False,False,False,False,non_ad2_or_summary,none,
results/analysis/conservative_residual_calibration_sweep/cfg02_smaller_delta/MVTecAD/wood/raw_normal_eval_metrics.csv,.csv,True,5.0,4.0,,,0,image_path,,,,,,True,False,False,False,False,False,non_ad2_or_summary,none,
results/analysis/conservative_residual_calibration_sweep/cfg02_smaller_delta/MVTecAD/wood/training_log.csv,.csv,True,4.0,8.0,category,,0,,,,,,,False,False,False,False,False,False,non_ad2_or_summary,none,
results/analysis/conservative_residual_calibration_sweep/cfg03_larger_delta/MVTecAD/grid/calibrated_abnormal_eval_metrics.csv,.csv,True,14.0,6.0,,,0,image_path,,,,,,True,False,False,False,False,False,non_ad2_or_summary,none,
results/analysis/conservative_residual_calibration_sweep/cfg03_larger_delta/MVTecAD/grid/calibrated_normal_eval_metrics.csv,.csv,True,6.0,4.0,,,0,image_path,,,,,,True,False,False,False,False,False,non_ad2_or_summary,none,
results/analysis/conservative_residual_calibration_sweep/cfg03_larger_delta/MVTecAD/grid/raw_abnormal_eval_metrics.csv,.csv,True,14.0,6.0,,,0,image_path,,,,,,True,False,False,False,False,False,non_ad2_or_summary,none,
results/analysis/conservative_residual_calibration_sweep/cfg03_larger_delta/MVTecAD/grid/raw_normal_eval_metrics.csv,.csv,True,6.0,4.0,,,0,image_path,,,,,,True,False,False,False,False,False,non_ad2_or_summary,none,
results/analysis/conservative_residual_calibration_sweep/cfg03_larger_delta/MVTecAD/grid/training_log.csv,.csv,True,4.0,8.0,category,,0,,,,,,,False,False,False,False,False,False,non_ad2_or_summary,none,
results/analysis/conservative_residual_calibration_sweep/cfg03_larger_delta/MVTecAD/leather/calibrated_abnormal_eval_metrics.csv,.csv,True,23.0,6.0,,,0,image_path,,,,,,True,False,False,False,False,False,non_ad2_or_summary,none,
results/analysis/conservative_residual_calibration_sweep/cfg03_larger_delta/MVTecAD/leather/calibrated_normal_eval_metrics.csv,.csv,True,8.0,4.0,,,0,image_path,,,,,,True,False,False,False,False,False,non_ad2_or_summary,none,
results/analysis/conservative_residual_calibration_sweep/cfg03_larger_delta/MVTecAD/leather/raw_abnormal_eval_metrics.csv,.csv,True,23.0,6.0,,,0,image_path,,,,,,True,False,False,False,False,False,non_ad2_or_summary,none,
results/analysis/conservative_residual_calibration_sweep/cfg03_larger_delta/MVTecAD/leather/raw_normal_eval_metrics.csv,.csv,True,8.0,4.0,,,0,image_path,,,,,,True,False,False,False,False,False,non_ad2_or_summary,none,
results/analysis/conservative_residual_calibration_sweep/cfg03_larger_delta/MVTecAD/leather/training_log.csv,.csv,True,4.0,8.0,category,,0,,,,,,,False,False,False,False,False,False,non_ad2_or_summary,none,
results/analysis/conservative_residual_calibration_sweep/cfg03_larger_delta/MVTecAD/screw/calibrated_abnormal_eval_metrics.csv,.csv,True,30.0,6.0,,,0,image_path,,,,,,True,False,False,False,False,False,non_ad2_or_summary,none,
results/analysis/conservative_residual_calibration_sweep/cfg03_larger_delta/MVTecAD/screw/calibrated_normal_eval_metrics.csv,.csv,True,11.0,4.0,,,0,image_path,,,,,,True,False,False,False,False,False,non_ad2_or_summary,none,
results/analysis/conservative_residual_calibration_sweep/cfg03_larger_delta/MVTecAD/screw/raw_abnormal_eval_metrics.csv,.csv,True,30.0,6.0,,,0,image_path,,,,,,True,False,False,False,False,False,non_ad2_or_summary,none,
results/analysis/conservative_residual_calibration_sweep/cfg03_larger_delta/MVTecAD/screw/raw_normal_eval_metrics.csv,.csv,True,11.0,4.0,,,0,image_path,,,,,,True,False,False,False,False,False,non_ad2_or_summary,none,
results/analysis/conservative_residual_calibration_sweep/cfg03_larger_delta/MVTecAD/screw/training_log.csv,.csv,True,4.0,8.0,category,,0,,,,,,,False,False,False,False,False,False,non_ad2_or_summary,none,
results/analysis/conservative_residual_calibration_sweep/cfg03_larger_delta/MVTecAD/wood/calibrated_abnormal_eval_metrics.csv,.csv,True,15.0,6.0,,,0,image_path,,,,,,True,False,False,False,False,False,non_ad2_or_summary,none,
results/analysis/conservative_residual_calibration_sweep/cfg03_larger_delta/MVTecAD/wood/calibrated_normal_eval_metrics.csv,.csv,True,5.0,4.0,,,0,image_path,,,,,,True,False,False,False,False,False,non_ad2_or_summary,none,
results/analysis/conservative_residual_calibration_sweep/cfg03_larger_delta/MVTecAD/wood/raw_abnormal_eval_metrics.csv,.csv,True,15.0,6.0,,,0,image_path,,,,,,True,False,False,False,False,False,non_ad2_or_summary,none,
results/analysis/conservative_residual_calibration_sweep/cfg03_larger_delta/MVTecAD/wood/raw_normal_eval_metrics.csv,.csv,True,5.0,4.0,,,0,image_path,,,,,,True,False,False,False,False,False,non_ad2_or_summary,none,
results/analysis/conservative_residual_calibration_sweep/cfg03_larger_delta/MVTecAD/wood/training_log.csv,.csv,True,4.0,8.0,category,,0,,,,,,,False,False,False,False,False,False,non_ad2_or_summary,none,
results/analysis/conservative_residual_calibration_sweep/cfg04_stronger_identity/MVTecAD/grid/calibrated_abnormal_eval_metrics.csv,.csv,True,14.0,6.0,,,0,image_path,,,,,,True,False,False,False,False,False,non_ad2_or_summary,none,
results/analysis/conservative_residual_calibration_sweep/cfg04_stronger_identity/MVTecAD/grid/calibrated_normal_eval_metrics.csv,.csv,True,6.0,4.0,,,0,image_path,,,,,,True,False,False,False,False,False,non_ad2_or_summary,none,
results/analysis/conservative_residual_calibration_sweep/cfg04_stronger_identity/MVTecAD/grid/raw_abnormal_eval_metrics.csv,.csv,True,14.0,6.0,,,0,image_path,,,,,,True,False,False,False,False,False,non_ad2_or_summary,none,
results/analysis/conservative_residual_calibration_sweep/cfg04_stronger_identity/MVTecAD/grid/raw_normal_eval_metrics.csv,.csv,True,6.0,4.0,,,0,image_path,,,,,,True,False,False,False,False,False,non_ad2_or_summary,none,
results/analysis/conservative_residual_calibration_sweep/cfg04_stronger_identity/MVTecAD/grid/training_log.csv,.csv,True,4.0,8.0,category,,0,,,,,,,False,False,False,False,False,False,non_ad2_or_summary,none,
results/analysis/conservative_residual_calibration_sweep/cfg04_stronger_identity/MVTecAD/leather/calibrated_abnormal_eval_metrics.csv,.csv,True,23.0,6.0,,,0,image_path,,,,,,True,False,False,False,False,False,non_ad2_or_summary,none,
results/analysis/conservative_residual_calibration_sweep/cfg04_stronger_identity/MVTecAD/leather/calibrated_normal_eval_metrics.csv,.csv,True,8.0,4.0,,,0,image_path,,,,,,True,False,False,False,False,False,non_ad2_or_summary,none,
results/analysis/conservative_residual_calibration_sweep/cfg04_stronger_identity/MVTecAD/leather/raw_abnormal_eval_metrics.csv,.csv,True,23.0,6.0,,,0,image_path,,,,,,True,False,False,False,False,False,non_ad2_or_summary,none,
results/analysis/conservative_residual_calibration_sweep/cfg04_stronger_identity/MVTecAD/leather/raw_normal_eval_metrics.csv,.csv,True,8.0,4.0,,,0,image_path,,,,,,True,False,False,False,False,False,non_ad2_or_summary,none,
results/analysis/conservative_residual_calibration_sweep/cfg04_stronger_identity/MVTecAD/leather/training_log.csv,.csv,True,4.0,8.0,category,,0,,,,,,,False,False,False,False,False,False,non_ad2_or_summary,none,
results/analysis/conservative_residual_calibration_sweep/cfg04_stronger_identity/MVTecAD/screw/calibrated_abnormal_eval_metrics.csv,.csv,True,30.0,6.0,,,0,image_path,,,,,,True,False,False,False,False,False,non_ad2_or_summary,none,
results/analysis/conservative_residual_calibration_sweep/cfg04_stronger_identity/MVTecAD/screw/calibrated_normal_eval_metrics.csv,.csv,True,11.0,4.0,,,0,image_path,,,,,,True,False,False,False,False,False,non_ad2_or_summary,none,
results/analysis/conservative_residual_calibration_sweep/cfg04_stronger_identity/MVTecAD/screw/raw_abnormal_eval_metrics.csv,.csv,True,30.0,6.0,,,0,image_path,,,,,,True,False,False,False,False,False,non_ad2_or_summary,none,
results/analysis/conservative_residual_calibration_sweep/cfg04_stronger_identity/MVTecAD/screw/raw_normal_eval_metrics.csv,.csv,True,11.0,4.0,,,0,image_path,,,,,,True,False,False,False,False,False,non_ad2_or_summary,none,
results/analysis/conservative_residual_calibration_sweep/cfg04_stronger_identity/MVTecAD/screw/training_log.csv,.csv,True,4.0,8.0,category,,0,,,,,,,False,False,False,False,False,False,non_ad2_or_summary,none,
results/analysis/conservative_residual_calibration_sweep/cfg04_stronger_identity/MVTecAD/wood/calibrated_abnormal_eval_metrics.csv,.csv,True,15.0,6.0,,,0,image_path,,,,,,True,False,False,False,False,False,non_ad2_or_summary,none,
results/analysis/conservative_residual_calibration_sweep/cfg04_stronger_identity/MVTecAD/wood/calibrated_normal_eval_metrics.csv,.csv,True,5.0,4.0,,,0,image_path,,,,,,True,False,False,False,False,False,non_ad2_or_summary,none,
results/analysis/conservative_residual_calibration_sweep/cfg04_stronger_identity/MVTecAD/wood/raw_abnormal_eval_metrics.csv,.csv,True,15.0,6.0,,,0,image_path,,,,,,True,False,False,False,False,False,non_ad2_or_summary,none,
results/analysis/conservative_residual_calibration_sweep/cfg04_stronger_identity/MVTecAD/wood/raw_normal_eval_metrics.csv,.csv,True,5.0,4.0,,,0,image_path,,,,,,True,False,False,False,False,False,non_ad2_or_summary,none,
results/analysis/conservative_residual_calibration_sweep/cfg04_stronger_identity/MVTecAD/wood/training_log.csv,.csv,True,4.0,8.0,category,,0,,,,,,,False,False,False,False,False,False,non_ad2_or_summary,none,
results/analysis/conservative_residual_calibration_sweep/cfg05_weaker_identity/MVTecAD/grid/calibrated_abnormal_eval_metrics.csv,.csv,True,14.0,6.0,,,0,image_path,,,,,,True,False,False,False,False,False,non_ad2_or_summary,none,
results/analysis/conservative_residual_calibration_sweep/cfg05_weaker_identity/MVTecAD/grid/calibrated_normal_eval_metrics.csv,.csv,True,6.0,4.0,,,0,image_path,,,,,,True,False,False,False,False,False,non_ad2_or_summary,none,
results/analysis/conservative_residual_calibration_sweep/cfg05_weaker_identity/MVTecAD/grid/raw_abnormal_eval_metrics.csv,.csv,True,14.0,6.0,,,0,image_path,,,,,,True,False,False,False,False,False,non_ad2_or_summary,none,
results/analysis/conservative_residual_calibration_sweep/cfg05_weaker_identity/MVTecAD/grid/raw_normal_eval_metrics.csv,.csv,True,6.0,4.0,,,0,image_path,,,,,,True,False,False,False,False,False,non_ad2_or_summary,none,
results/analysis/conservative_residual_calibration_sweep/cfg05_weaker_identity/MVTecAD/grid/training_log.csv,.csv,True,4.0,8.0,category,,0,,,,,,,False,False,False,False,False,False,non_ad2_or_summary,none,
results/analysis/conservative_residual_calibration_sweep/cfg05_weaker_identity/MVTecAD/leather/calibrated_abnormal_eval_metrics.csv,.csv,True,23.0,6.0,,,0,image_path,,,,,,True,False,False,False,False,False,non_ad2_or_summary,none,
results/analysis/conservative_residual_calibration_sweep/cfg05_weaker_identity/MVTecAD/leather/calibrated_normal_eval_metrics.csv,.csv,True,8.0,4.0,,,0,image_path,,,,,,True,False,False,False,False,False,non_ad2_or_summary,none,
results/analysis/conservative_residual_calibration_sweep/cfg05_weaker_identity/MVTecAD/leather/raw_abnormal_eval_metrics.csv,.csv,True,23.0,6.0,,,0,image_path,,,,,,True,False,False,False,False,False,non_ad2_or_summary,none,
results/analysis/conservative_residual_calibration_sweep/cfg05_weaker_identity/MVTecAD/leather/raw_normal_eval_metrics.csv,.csv,True,8.0,4.0,,,0,image_path,,,,,,True,False,False,False,False,False,non_ad2_or_summary,none,
results/analysis/conservative_residual_calibration_sweep/cfg05_weaker_identity/MVTecAD/leather/training_log.csv,.csv,True,4.0,8.0,category,,0,,,,,,,False,False,False,False,False,False,non_ad2_or_summary,none,
results/analysis/conservative_residual_calibration_sweep/cfg05_weaker_identity/MVTecAD/screw/calibrated_abnormal_eval_metrics.csv,.csv,True,30.0,6.0,,,0,image_path,,,,,,True,False,False,False,False,False,non_ad2_or_summary,none,
results/analysis/conservative_residual_calibration_sweep/cfg05_weaker_identity/MVTecAD/screw/calibrated_normal_eval_metrics.csv,.csv,True,11.0,4.0,,,0,image_path,,,,,,True,False,False,False,False,False,non_ad2_or_summary,none,
results/analysis/conservative_residual_calibration_sweep/cfg05_weaker_identity/MVTecAD/screw/raw_abnormal_eval_metrics.csv,.csv,True,30.0,6.0,,,0,image_path,,,,,,True,False,False,False,False,False,non_ad2_or_summary,none,
results/analysis/conservative_residual_calibration_sweep/cfg05_weaker_identity/MVTecAD/screw/raw_normal_eval_metrics.csv,.csv,True,11.0,4.0,,,0,image_path,,,,,,True,False,False,False,False,False,non_ad2_or_summary,none,
results/analysis/conservative_residual_calibration_sweep/cfg05_weaker_identity/MVTecAD/screw/training_log.csv,.csv,True,4.0,8.0,category,,0,,,,,,,False,False,False,False,False,False,non_ad2_or_summary,none,
results/analysis/conservative_residual_calibration_sweep/cfg05_weaker_identity/MVTecAD/wood/calibrated_abnormal_eval_metrics.csv,.csv,True,15.0,6.0,,,0,image_path,,,,,,True,False,False,False,False,False,non_ad2_or_summary,none,
results/analysis/conservative_residual_calibration_sweep/cfg05_weaker_identity/MVTecAD/wood/calibrated_normal_eval_metrics.csv,.csv,True,5.0,4.0,,,0,image_path,,,,,,True,False,False,False,False,False,non_ad2_or_summary,none,
results/analysis/conservative_residual_calibration_sweep/cfg05_weaker_identity/MVTecAD/wood/raw_abnormal_eval_metrics.csv,.csv,True,15.0,6.0,,,0,image_path,,,,,,True,False,False,False,False,False,non_ad2_or_summary,none,
results/analysis/conservative_residual_calibration_sweep/cfg05_weaker_identity/MVTecAD/wood/raw_normal_eval_metrics.csv,.csv,True,5.0,4.0,,,0,image_path,,,,,,True,False,False,False,False,False,non_ad2_or_summary,none,
results/analysis/conservative_residual_calibration_sweep/cfg05_weaker_identity/MVTecAD/wood/training_log.csv,.csv,True,4.0,8.0,category,,0,,,,,,,False,False,False,False,False,False,non_ad2_or_summary,none,
results/analysis/conservative_residual_calibration_sweep/cfg06_stronger_normal_fp/MVTecAD/grid/calibrated_abnormal_eval_metrics.csv,.csv,True,14.0,6.0,,,0,image_path,,,,,,True,False,False,False,False,False,non_ad2_or_summary,none,
results/analysis/conservative_residual_calibration_sweep/cfg06_stronger_normal_fp/MVTecAD/grid/calibrated_normal_eval_metrics.csv,.csv,True,6.0,4.0,,,0,image_path,,,,,,True,False,False,False,False,False,non_ad2_or_summary,none,
results/analysis/conservative_residual_calibration_sweep/cfg06_stronger_normal_fp/MVTecAD/grid/raw_abnormal_eval_metrics.csv,.csv,True,14.0,6.0,,,0,image_path,,,,,,True,False,False,False,False,False,non_ad2_or_summary,none,
results/analysis/conservative_residual_calibration_sweep/cfg06_stronger_normal_fp/MVTecAD/grid/raw_normal_eval_metrics.csv,.csv,True,6.0,4.0,,,0,image_path,,,,,,True,False,False,False,False,False,non_ad2_or_summary,none,
results/analysis/conservative_residual_calibration_sweep/cfg06_stronger_normal_fp/MVTecAD/grid/training_log.csv,.csv,True,4.0,8.0,category,,0,,,,,,,False,False,False,False,False,False,non_ad2_or_summary,none,
results/analysis/conservative_residual_calibration_sweep/cfg06_stronger_normal_fp/MVTecAD/leather/calibrated_abnormal_eval_metrics.csv,.csv,True,23.0,6.0,,,0,image_path,,,,,,True,False,False,False,False,False,non_ad2_or_summary,none,
results/analysis/conservative_residual_calibration_sweep/cfg06_stronger_normal_fp/MVTecAD/leather/calibrated_normal_eval_metrics.csv,.csv,True,8.0,4.0,,,0,image_path,,,,,,True,False,False,False,False,False,non_ad2_or_summary,none,
results/analysis/conservative_residual_calibration_sweep/cfg06_stronger_normal_fp/MVTecAD/leather/raw_abnormal_eval_metrics.csv,.csv,True,23.0,6.0,,,0,image_path,,,,,,True,False,False,False,False,False,non_ad2_or_summary,none,
results/analysis/conservative_residual_calibration_sweep/cfg06_stronger_normal_fp/MVTecAD/leather/raw_normal_eval_metrics.csv,.csv,True,8.0,4.0,,,0,image_path,,,,,,True,False,False,False,False,False,non_ad2_or_summary,none,
results/analysis/conservative_residual_calibration_sweep/cfg06_stronger_normal_fp/MVTecAD/leather/training_log.csv,.csv,True,4.0,8.0,category,,0,,,,,,,False,False,False,False,False,False,non_ad2_or_summary,none,
results/analysis/conservative_residual_calibration_sweep/cfg06_stronger_normal_fp/MVTecAD/screw/calibrated_abnormal_eval_metrics.csv,.csv,True,30.0,6.0,,,0,image_path,,,,,,True,False,False,False,False,False,non_ad2_or_summary,none,
results/analysis/conservative_residual_calibration_sweep/cfg06_stronger_normal_fp/MVTecAD/screw/calibrated_normal_eval_metrics.csv,.csv,True,11.0,4.0,,,0,image_path,,,,,,True,False,False,False,False,False,non_ad2_or_summary,none,
results/analysis/conservative_residual_calibration_sweep/cfg06_stronger_normal_fp/MVTecAD/screw/raw_abnormal_eval_metrics.csv,.csv,True,30.0,6.0,,,0,image_path,,,,,,True,False,False,False,False,False,non_ad2_or_summary,none,
results/analysis/conservative_residual_calibration_sweep/cfg06_stronger_normal_fp/MVTecAD/screw/raw_normal_eval_metrics.csv,.csv,True,11.0,4.0,,,0,image_path,,,,,,True,False,False,False,False,False,non_ad2_or_summary,none,
results/analysis/conservative_residual_calibration_sweep/cfg06_stronger_normal_fp/MVTecAD/screw/training_log.csv,.csv,True,4.0,8.0,category,,0,,,,,,,False,False,False,False,False,False,non_ad2_or_summary,none,
results/analysis/conservative_residual_calibration_sweep/cfg06_stronger_normal_fp/MVTecAD/wood/calibrated_abnormal_eval_metrics.csv,.csv,True,15.0,6.0,,,0,image_path,,,,,,True,False,False,False,False,False,non_ad2_or_summary,none,
results/analysis/conservative_residual_calibration_sweep/cfg06_stronger_normal_fp/MVTecAD/wood/calibrated_normal_eval_metrics.csv,.csv,True,5.0,4.0,,,0,image_path,,,,,,True,False,False,False,False,False,non_ad2_or_summary,none,
results/analysis/conservative_residual_calibration_sweep/cfg06_stronger_normal_fp/MVTecAD/wood/raw_abnormal_eval_metrics.csv,.csv,True,15.0,6.0,,,0,image_path,,,,,,True,False,False,False,False,False,non_ad2_or_summary,none,
results/analysis/conservative_residual_calibration_sweep/cfg06_stronger_normal_fp/MVTecAD/wood/raw_normal_eval_metrics.csv,.csv,True,5.0,4.0,,,0,image_path,,,,,,True,False,False,False,False,False,non_ad2_or_summary,none,
results/analysis/conservative_residual_calibration_sweep/cfg06_stronger_normal_fp/MVTecAD/wood/training_log.csv,.csv,True,4.0,8.0,category,,0,,,,,,,False,False,False,False,False,False,non_ad2_or_summary,none,
results/analysis/conservative_residual_calibration_sweep/cfg07_lower_lr/MVTecAD/grid/calibrated_abnormal_eval_metrics.csv,.csv,True,14.0,6.0,,,0,image_path,,,,,,True,False,False,False,False,False,non_ad2_or_summary,none,
results/analysis/conservative_residual_calibration_sweep/cfg07_lower_lr/MVTecAD/grid/calibrated_normal_eval_metrics.csv,.csv,True,6.0,4.0,,,0,image_path,,,,,,True,False,False,False,False,False,non_ad2_or_summary,none,
results/analysis/conservative_residual_calibration_sweep/cfg07_lower_lr/MVTecAD/grid/raw_abnormal_eval_metrics.csv,.csv,True,14.0,6.0,,,0,image_path,,,,,,True,False,False,False,False,False,non_ad2_or_summary,none,
results/analysis/conservative_residual_calibration_sweep/cfg07_lower_lr/MVTecAD/grid/raw_normal_eval_metrics.csv,.csv,True,6.0,4.0,,,0,image_path,,,,,,True,False,False,False,False,False,non_ad2_or_summary,none,
results/analysis/conservative_residual_calibration_sweep/cfg07_lower_lr/MVTecAD/grid/training_log.csv,.csv,True,4.0,8.0,category,,0,,,,,,,False,False,False,False,False,False,non_ad2_or_summary,none,
results/analysis/conservative_residual_calibration_sweep/cfg07_lower_lr/MVTecAD/leather/calibrated_abnormal_eval_metrics.csv,.csv,True,23.0,6.0,,,0,image_path,,,,,,True,False,False,False,False,False,non_ad2_or_summary,none,
results/analysis/conservative_residual_calibration_sweep/cfg07_lower_lr/MVTecAD/leather/calibrated_normal_eval_metrics.csv,.csv,True,8.0,4.0,,,0,image_path,,,,,,True,False,False,False,False,False,non_ad2_or_summary,none,
results/analysis/conservative_residual_calibration_sweep/cfg07_lower_lr/MVTecAD/leather/raw_abnormal_eval_metrics.csv,.csv,True,23.0,6.0,,,0,image_path,,,,,,True,False,False,False,False,False,non_ad2_or_summary,none,
results/analysis/conservative_residual_calibration_sweep/cfg07_lower_lr/MVTecAD/leather/raw_normal_eval_metrics.csv,.csv,True,8.0,4.0,,,0,image_path,,,,,,True,False,False,False,False,False,non_ad2_or_summary,none,
results/analysis/conservative_residual_calibration_sweep/cfg07_lower_lr/MVTecAD/leather/training_log.csv,.csv,True,4.0,8.0,category,,0,,,,,,,False,False,False,False,False,False,non_ad2_or_summary,none,
results/analysis/conservative_residual_calibration_sweep/cfg07_lower_lr/MVTecAD/screw/calibrated_abnormal_eval_metrics.csv,.csv,True,30.0,6.0,,,0,image_path,,,,,,True,False,False,False,False,False,non_ad2_or_summary,none,
results/analysis/conservative_residual_calibration_sweep/cfg07_lower_lr/MVTecAD/screw/calibrated_normal_eval_metrics.csv,.csv,True,11.0,4.0,,,0,image_path,,,,,,True,False,False,False,False,False,non_ad2_or_summary,none,
results/analysis/conservative_residual_calibration_sweep/cfg07_lower_lr/MVTecAD/screw/raw_abnormal_eval_metrics.csv,.csv,True,30.0,6.0,,,0,image_path,,,,,,True,False,False,False,False,False,non_ad2_or_summary,none,
results/analysis/conservative_residual_calibration_sweep/cfg07_lower_lr/MVTecAD/screw/raw_normal_eval_metrics.csv,.csv,True,11.0,4.0,,,0,image_path,,,,,,True,False,False,False,False,False,non_ad2_or_summary,none,
results/analysis/conservative_residual_calibration_sweep/cfg07_lower_lr/MVTecAD/screw/training_log.csv,.csv,True,4.0,8.0,category,,0,,,,,,,False,False,False,False,False,False,non_ad2_or_summary,none,
results/analysis/conservative_residual_calibration_sweep/cfg07_lower_lr/MVTecAD/wood/calibrated_abnormal_eval_metrics.csv,.csv,True,15.0,6.0,,,0,image_path,,,,,,True,False,False,False,False,False,non_ad2_or_summary,none,
results/analysis/conservative_residual_calibration_sweep/cfg07_lower_lr/MVTecAD/wood/calibrated_normal_eval_metrics.csv,.csv,True,5.0,4.0,,,0,image_path,,,,,,True,False,False,False,False,False,non_ad2_or_summary,none,
results/analysis/conservative_residual_calibration_sweep/cfg07_lower_lr/MVTecAD/wood/raw_abnormal_eval_metrics.csv,.csv,True,15.0,6.0,,,0,image_path,,,,,,True,False,False,False,False,False,non_ad2_or_summary,none,
results/analysis/conservative_residual_calibration_sweep/cfg07_lower_lr/MVTecAD/wood/raw_normal_eval_metrics.csv,.csv,True,5.0,4.0,,,0,image_path,,,,,,True,False,False,False,False,False,non_ad2_or_summary,none,
results/analysis/conservative_residual_calibration_sweep/cfg07_lower_lr/MVTecAD/wood/training_log.csv,.csv,True,4.0,8.0,category,,0,,,,,,,False,False,False,False,False,False,non_ad2_or_summary,none,
results/analysis/conservative_residual_calibration_sweep/cfg08_weaker_dice/MVTecAD/grid/calibrated_abnormal_eval_metrics.csv,.csv,True,14.0,6.0,,,0,image_path,,,,,,True,False,False,False,False,False,non_ad2_or_summary,none,
results/analysis/conservative_residual_calibration_sweep/cfg08_weaker_dice/MVTecAD/grid/calibrated_normal_eval_metrics.csv,.csv,True,6.0,4.0,,,0,image_path,,,,,,True,False,False,False,False,False,non_ad2_or_summary,none,
results/analysis/conservative_residual_calibration_sweep/cfg08_weaker_dice/MVTecAD/grid/raw_abnormal_eval_metrics.csv,.csv,True,14.0,6.0,,,0,image_path,,,,,,True,False,False,False,False,False,non_ad2_or_summary,none,
results/analysis/conservative_residual_calibration_sweep/cfg08_weaker_dice/MVTecAD/grid/raw_normal_eval_metrics.csv,.csv,True,6.0,4.0,,,0,image_path,,,,,,True,False,False,False,False,False,non_ad2_or_summary,none,
results/analysis/conservative_residual_calibration_sweep/cfg08_weaker_dice/MVTecAD/grid/training_log.csv,.csv,True,4.0,8.0,category,,0,,,,,,,False,False,False,False,False,False,non_ad2_or_summary,none,
results/analysis/conservative_residual_calibration_sweep/cfg08_weaker_dice/MVTecAD/leather/calibrated_abnormal_eval_metrics.csv,.csv,True,23.0,6.0,,,0,image_path,,,,,,True,False,False,False,False,False,non_ad2_or_summary,none,
results/analysis/conservative_residual_calibration_sweep/cfg08_weaker_dice/MVTecAD/leather/calibrated_normal_eval_metrics.csv,.csv,True,8.0,4.0,,,0,image_path,,,,,,True,False,False,False,False,False,non_ad2_or_summary,none,
results/analysis/conservative_residual_calibration_sweep/cfg08_weaker_dice/MVTecAD/leather/raw_abnormal_eval_metrics.csv,.csv,True,23.0,6.0,,,0,image_path,,,,,,True,False,False,False,False,False,non_ad2_or_summary,none,
results/analysis/conservative_residual_calibration_sweep/cfg08_weaker_dice/MVTecAD/leather/raw_normal_eval_metrics.csv,.csv,True,8.0,4.0,,,0,image_path,,,,,,True,False,False,False,False,False,non_ad2_or_summary,none,
results/analysis/conservative_residual_calibration_sweep/cfg08_weaker_dice/MVTecAD/leather/training_log.csv,.csv,True,4.0,8.0,category,,0,,,,,,,False,False,False,False,False,False,non_ad2_or_summary,none,
results/analysis/conservative_residual_calibration_sweep/cfg08_weaker_dice/MVTecAD/screw/calibrated_abnormal_eval_metrics.csv,.csv,True,30.0,6.0,,,0,image_path,,,,,,True,False,False,False,False,False,non_ad2_or_summary,none,
results/analysis/conservative_residual_calibration_sweep/cfg08_weaker_dice/MVTecAD/screw/calibrated_normal_eval_metrics.csv,.csv,True,11.0,4.0,,,0,image_path,,,,,,True,False,False,False,False,False,non_ad2_or_summary,none,
results/analysis/conservative_residual_calibration_sweep/cfg08_weaker_dice/MVTecAD/screw/raw_abnormal_eval_metrics.csv,.csv,True,30.0,6.0,,,0,image_path,,,,,,True,False,False,False,False,False,non_ad2_or_summary,none,
results/analysis/conservative_residual_calibration_sweep/cfg08_weaker_dice/MVTecAD/screw/raw_normal_eval_metrics.csv,.csv,True,11.0,4.0,,,0,image_path,,,,,,True,False,False,False,False,False,non_ad2_or_summary,none,
results/analysis/conservative_residual_calibration_sweep/cfg08_weaker_dice/MVTecAD/screw/training_log.csv,.csv,True,4.0,8.0,category,,0,,,,,,,False,False,False,False,False,False,non_ad2_or_summary,none,
results/analysis/conservative_residual_calibration_sweep/cfg08_weaker_dice/MVTecAD/wood/calibrated_abnormal_eval_metrics.csv,.csv,True,15.0,6.0,,,0,image_path,,,,,,True,False,False,False,False,False,non_ad2_or_summary,none,
results/analysis/conservative_residual_calibration_sweep/cfg08_weaker_dice/MVTecAD/wood/calibrated_normal_eval_metrics.csv,.csv,True,5.0,4.0,,,0,image_path,,,,,,True,False,False,False,False,False,non_ad2_or_summary,none,
results/analysis/conservative_residual_calibration_sweep/cfg08_weaker_dice/MVTecAD/wood/raw_abnormal_eval_metrics.csv,.csv,True,15.0,6.0,,,0,image_path,,,,,,True,False,False,False,False,False,non_ad2_or_summary,none,
results/analysis/conservative_residual_calibration_sweep/cfg08_weaker_dice/MVTecAD/wood/raw_normal_eval_metrics.csv,.csv,True,5.0,4.0,,,0,image_path,,,,,,True,False,False,False,False,False,non_ad2_or_summary,none,
results/analysis/conservative_residual_calibration_sweep/cfg08_weaker_dice/MVTecAD/wood/training_log.csv,.csv,True,4.0,8.0,category,,0,,,,,,,False,False,False,False,False,False,non_ad2_or_summary,none,
results/analysis/conservative_residual_calibration_sweep/conservative_residual_calibration_sweep_detail.csv,.csv,True,32.0,27.0,category,,0,,,,,,,False,False,False,False,False,False,non_ad2_or_summary,none,
results/analysis/conservative_residual_calibration_sweep/conservative_residual_calibration_sweep_summary.csv,.csv,True,8.0,14.0,,,0,,,,,,,False,False,False,False,False,False,non_ad2_or_summary,none,
results/analysis/defect_type_prompt_reasoning/category_aware_defect_type_predictions.csv,.csv,True,328.0,26.0,category,,0,image_path,,,,,,True,False,False,False,False,False,non_ad2_or_summary,none,
results/analysis/defect_type_prompt_reasoning/category_aware_defect_type_summary.csv,.csv,True,5.0,7.0,category,,0,,,,,,,False,False,False,False,False,False,non_ad2_or_summary,none,
results/analysis/defect_type_prompt_reasoning/category_aware_per_defect_metrics.csv,.csv,True,20.0,10.0,category,,0,,,,,,,False,False,False,False,False,False,non_ad2_or_summary,none,
results/analysis/defect_type_prompt_reasoning/defect_type_prompt_reasoning_mean_summary.csv,.csv,True,3.0,7.0,category,,0,,,,,,,False,False,False,False,False,False,non_ad2_or_summary,none,
results/analysis/defect_type_prompt_reasoning/defect_type_prompt_reasoning_summary.csv,.csv,True,15.0,7.0,category,,0,,,,,,,False,False,False,False,False,False,non_ad2_or_summary,none,
results/analysis/defect_type_prompt_reasoning/generic_defect_type_predictions.csv,.csv,True,328.0,26.0,category,,0,image_path,,,,,,True,False,False,False,False,False,non_ad2_or_summary,none,
results/analysis/defect_type_prompt_reasoning/generic_defect_type_summary.csv,.csv,True,5.0,7.0,category,,0,,,,,,,False,False,False,False,False,False,non_ad2_or_summary,none,
results/analysis/defect_type_prompt_reasoning/generic_per_defect_metrics.csv,.csv,True,20.0,10.0,category,,0,,,,,,,False,False,False,False,False,False,non_ad2_or_summary,none,
results/analysis/defect_type_prompt_reasoning/manufacturing_aware_defect_type_predictions.csv,.csv,True,328.0,26.0,category,,0,image_path,,,,,,True,False,False,False,False,False,non_ad2_or_summary,none,
results/analysis/defect_type_prompt_reasoning/manufacturing_aware_defect_type_summary.csv,.csv,True,5.0,7.0,category,,0,,,,,,,False,False,False,False,False,False,non_ad2_or_summary,none,
results/analysis/defect_type_prompt_reasoning/manufacturing_aware_per_defect_metrics.csv,.csv,True,20.0,10.0,category,,0,,,,,,,False,False,False,False,False,False,non_ad2_or_summary,none,
results/analysis/defect_type_prompt_reasoning_crop/defect_type_prompt_reasoning_crop_mean_summary.csv,.csv,True,6.0,9.0,category,,0,,,,,,,False,False,False,False,False,False,non_ad2_or_summary,none,
results/analysis/defect_type_prompt_reasoning_crop/defect_type_prompt_reasoning_crop_per_defect_metrics.csv,.csv,True,120.0,11.0,category,,0,,,,,,,False,False,False,False,False,False,non_ad2_or_summary,none,
results/analysis/defect_type_prompt_reasoning_crop/defect_type_prompt_reasoning_crop_predictions.csv,.csv,True,1968.0,28.0,category,,0,image_path,,,,,,True,False,False,False,False,False,non_ad2_or_summary,none,
results/analysis/defect_type_prompt_reasoning_crop/defect_type_prompt_reasoning_crop_summary.csv,.csv,True,30.0,9.0,category,,0,,,,,,,False,False,False,False,False,False,non_ad2_or_summary,none,
results/analysis/defect_type_prompt_reasoning_gt_crop/defect_type_prompt_reasoning_gt_crop_mean_summary.csv,.csv,True,6.0,9.0,category,,0,,,,,,,False,False,False,False,False,False,non_ad2_or_summary,none,
results/analysis/defect_type_prompt_reasoning_gt_crop/defect_type_prompt_reasoning_gt_crop_per_defect_metrics.csv,.csv,True,120.0,11.0,category,,0,,,,,,,False,False,False,False,False,False,non_ad2_or_summary,none,
results/analysis/defect_type_prompt_reasoning_gt_crop/defect_type_prompt_reasoning_gt_crop_predictions.csv,.csv,True,1968.0,28.0,category,,0,image_path,,,,,,True,False,False,False,False,False,non_ad2_or_summary,none,
results/analysis/defect_type_prompt_reasoning_gt_crop/defect_type_prompt_reasoning_gt_crop_summary.csv,.csv,True,30.0,9.0,category,,0,,,,,,,False,False,False,False,False,False,non_ad2_or_summary,none,
results/analysis/defect_type_reasoning/mvtec_defect_type_category_summary.csv,.csv,True,4.0,3.0,category,,0,,,,,,,False,False,False,False,False,False,non_ad2_or_summary,none,
results/analysis/defect_type_reasoning/mvtec_defect_type_reasoning_manifest.csv,.csv,True,328.0,13.0,category,,0,image_path,,,,,,True,False,False,False,False,False,non_ad2_or_summary,none,
results/analysis/defect_type_reasoning/mvtec_defect_type_reasoning_summary.csv,.csv,True,20.0,3.0,category,,0,,,,,,,False,False,False,False,False,False,non_ad2_or_summary,none,
results/analysis/defect_type_visual_prompt_refinement/defect_type_visual_prompt_refinement_mean_summary.csv,.csv,True,8.0,9.0,category,,0,,,,,,,False,False,False,False,False,False,non_ad2_or_summary,none,
results/analysis/defect_type_visual_prompt_refinement/defect_type_visual_prompt_refinement_per_defect_metrics.csv,.csv,True,160.0,11.0,category,,0,,,,,,,False,False,False,False,False,False,non_ad2_or_summary,none,
results/analysis/defect_type_visual_prompt_refinement/defect_type_visual_prompt_refinement_predictions.csv,.csv,True,2624.0,28.0,category,,0,image_path,,,,,,True,False,False,False,False,False,non_ad2_or_summary,none,
results/analysis/defect_type_visual_prompt_refinement/defect_type_visual_prompt_refinement_summary.csv,.csv,True,40.0,9.0,category,,0,,,,,,,False,False,False,False,False,False,non_ad2_or_summary,none,
results/analysis/defect_type_visual_prompt_refinement/visual_prompt_bank.csv,.csv,True,80.0,5.0,category,,0,,,,,,,False,False,False,False,False,False,non_ad2_or_summary,none,
results/analysis/enhanced_anomaly_region_scoring/MVTecAD/grid/enhanced_region_candidates.csv,.csv,True,35.0,42.0,category,,0,image_path,,,,,,True,False,False,False,False,False,non_ad2_or_summary,none,
results/analysis/enhanced_anomaly_region_scoring/MVTecAD/grid/enhanced_region_eval_candidates.csv,.csv,True,18.0,43.0,category,,0,image_path,,,,,,True,False,False,False,False,False,non_ad2_or_summary,none,
results/analysis/enhanced_anomaly_region_scoring/MVTecAD/grid/enhanced_region_weight_detail.csv,.csv,True,5000.0,11.0,category,,0,,,,,,,False,False,False,False,False,False,non_ad2_or_summary,none,
results/analysis/enhanced_anomaly_region_scoring/MVTecAD/leather/enhanced_region_candidates.csv,.csv,True,46.0,42.0,category,,0,image_path,,,,,,True,False,False,False,False,False,non_ad2_or_summary,none,
results/analysis/enhanced_anomaly_region_scoring/MVTecAD/leather/enhanced_region_eval_candidates.csv,.csv,True,23.0,43.0,category,,0,image_path,,,,,,True,False,False,False,False,False,non_ad2_or_summary,none,
results/analysis/enhanced_anomaly_region_scoring/MVTecAD/leather/enhanced_region_weight_detail.csv,.csv,True,5000.0,11.0,category,,0,,,,,,,False,False,False,False,False,False,non_ad2_or_summary,none,
results/analysis/enhanced_anomaly_region_scoring/MVTecAD/screw/enhanced_region_candidates.csv,.csv,True,87.0,42.0,category,,0,image_path,,,,,,True,False,False,False,False,False,non_ad2_or_summary,none,
results/analysis/enhanced_anomaly_region_scoring/MVTecAD/screw/enhanced_region_eval_candidates.csv,.csv,True,43.0,43.0,category,,0,image_path,,,,,,True,False,False,False,False,False,non_ad2_or_summary,none,
results/analysis/enhanced_anomaly_region_scoring/MVTecAD/screw/enhanced_region_weight_detail.csv,.csv,True,5000.0,11.0,category,,0,,,,,,,False,False,False,False,False,False,non_ad2_or_summary,none,
results/analysis/enhanced_anomaly_region_scoring/MVTecAD/wood/enhanced_region_candidates.csv,.csv,True,59.0,42.0,category,,0,image_path,,,,,,True,False,False,False,False,False,non_ad2_or_summary,none,
results/analysis/enhanced_anomaly_region_scoring/MVTecAD/wood/enhanced_region_eval_candidates.csv,.csv,True,31.0,43.0,category,,0,image_path,,,,,,True,False,False,False,False,False,non_ad2_or_summary,none,
results/analysis/enhanced_anomaly_region_scoring/MVTecAD/wood/enhanced_region_weight_detail.csv,.csv,True,5000.0,11.0,category,,0,,,,,,,False,False,False,False,False,False,non_ad2_or_summary,none,
results/analysis/enhanced_anomaly_region_scoring/enhanced_anomaly_region_scoring_summary.csv,.csv,True,5.0,21.0,category,,0,,,,,,,False,False,False,False,False,False,non_ad2_or_summary,none,
results/analysis/final_comparison/fair_pairwise_delta_comparison.csv,.csv,True,16.0,18.0,,,0,,,,,,,False,False,False,False,False,False,non_ad2_or_summary,none,
results/analysis/final_comparison/unified_experiment_comparison.csv,.csv,True,72.0,28.0,,,0,,,,,,,False,False,False,False,False,False,non_ad2_or_summary,none,
results/analysis/full_test_patchcore_candidate_regions/MVTecAD/grid/candidate_regions/candidate_regions.csv,.csv,True,82.0,16.0,category,,0,image_path,,,,,,True,False,False,False,False,False,non_ad2_or_summary,none,
results/analysis/full_test_patchcore_candidate_regions/MVTecAD/leather/candidate_regions/candidate_regions.csv,.csv,True,92.0,16.0,category,,0,image_path,,,,,,True,False,False,False,False,False,non_ad2_or_summary,none,
results/analysis/full_test_patchcore_candidate_regions/MVTecAD/screw/candidate_regions/candidate_regions.csv,.csv,True,160.0,16.0,category,,0,image_path,,,,,,True,False,False,False,False,False,non_ad2_or_summary,none,
results/analysis/full_test_patchcore_candidate_regions/MVTecAD/wood/candidate_regions/candidate_regions.csv,.csv,True,115.0,16.0,category,,0,image_path,,,,,,True,False,False,False,False,False,non_ad2_or_summary,none,
results/analysis/full_test_patchcore_candidate_regions/full_test_candidate_coverage_summary.csv,.csv,True,5.0,6.0,category,,0,,,,,,,False,False,False,False,False,False,non_ad2_or_summary,none,
results/analysis/full_test_patchcore_candidate_regions/full_test_candidate_region_summary.csv,.csv,True,4.0,7.0,category,,0,,,,,,,False,False,False,False,False,False,non_ad2_or_summary,none,
results/analysis/manufacturing_defect_explanations/manufacturing_defect_explanation_summary.csv,.csv,True,5.0,7.0,category,,0,,,,,,,False,False,False,False,False,False,non_ad2_or_summary,none,
results/analysis/manufacturing_defect_explanations/manufacturing_defect_explanations.csv,.csv,True,327.0,23.0,category,,0,image_path,,,,,,True,False,False,False,False,False,non_ad2_or_summary,none,
results/analysis/paper_ready_tables/ablation_prompt_crop_table.csv,.csv,True,20.0,10.0,,,0,,,,,,,False,False,False,False,False,False,non_ad2_or_summary,none,
results/analysis/paper_ready_tables/gt_crop_upper_bound_table.csv,.csv,True,7.0,10.0,,,0,,,,,,,False,False,False,False,False,False,non_ad2_or_summary,none,
results/analysis/paper_ready_tables/main_result_table.csv,.csv,True,4.0,11.0,,,0,,,,,,,False,False,False,False,False,False,non_ad2_or_summary,none,
results/analysis/paper_ready_tables/manufacturing_explanation_table.csv,.csv,True,5.0,8.0,Category,,0,,,,,,,False,False,False,False,False,False,non_ad2_or_summary,none,
results/analysis/paper_ready_tables/negative_auxiliary_result_table.csv,.csv,True,8.0,7.0,,,0,,,,,,,False,False,False,False,False,False,non_ad2_or_summary,none,
results/analysis/patchcore_candidate_regions/MVTecAD/grid/candidate_regions/candidate_regions.csv,.csv,True,36.0,16.0,category,,0,image_path,,,,,,True,False,False,False,False,False,non_ad2_or_summary,none,
results/analysis/patchcore_candidate_regions/MVTecAD/leather/candidate_regions/candidate_regions.csv,.csv,True,46.0,16.0,category,,0,image_path,,,,,,True,False,False,False,False,False,non_ad2_or_summary,none,
results/analysis/patchcore_candidate_regions/MVTecAD/screw/candidate_regions/candidate_regions.csv,.csv,True,83.0,16.0,category,,0,image_path,,,,,,True,False,False,False,False,False,non_ad2_or_summary,none,
results/analysis/patchcore_candidate_regions/MVTecAD/wood/candidate_regions/candidate_regions.csv,.csv,True,57.0,16.0,category,,0,image_path,,,,,,True,False,False,False,False,False,non_ad2_or_summary,none,
results/analysis/patchcore_candidate_regions/candidate_region_quality_summary.csv,.csv,True,4.0,11.0,category,,0,,,,,,,False,False,False,False,False,False,non_ad2_or_summary,none,
results/analysis/patchcore_candidate_regions/candidate_region_summary.csv,.csv,True,4.0,6.0,category,,0,,,,,,,False,False,False,False,False,False,non_ad2_or_summary,none,
results/analysis/patchcore_threshold_diagnosis/grid_threshold_curve.csv,.csv,True,19.0,4.0,category,,0,,,,,,,False,False,False,False,False,False,non_ad2_or_summary,none,
results/analysis/patchcore_threshold_diagnosis/leather_threshold_curve.csv,.csv,True,19.0,4.0,category,,0,,,,,,,False,False,False,False,False,False,non_ad2_or_summary,none,
results/analysis/patchcore_threshold_diagnosis/screw_threshold_curve.csv,.csv,True,19.0,4.0,category,,0,,,,,,,False,False,False,False,False,False,non_ad2_or_summary,none,
results/analysis/patchcore_threshold_diagnosis/threshold_diagnosis_summary.csv,.csv,True,4.0,4.0,category,,0,,,,,,,False,False,False,False,False,False,non_ad2_or_summary,none,
results/analysis/patchcore_threshold_diagnosis/wood_threshold_curve.csv,.csv,True,19.0,4.0,category,,0,,,,,,,False,False,False,False,False,False,non_ad2_or_summary,none,
results/analysis/real_anomaly_crop_visual_prompt_reasoning/patchcore_candidate_coverage.csv,.csv,True,164.0,3.0,category,,0,image_path,,,,,,True,False,False,False,False,False,non_ad2_or_summary,none,
results/analysis/real_anomaly_crop_visual_prompt_reasoning/real_anomaly_crop_visual_prompt_bank.csv,.csv,True,80.0,5.0,category,,0,,,,,,,False,False,False,False,False,False,non_ad2_or_summary,none,
results/analysis/real_anomaly_crop_visual_prompt_reasoning/real_anomaly_crop_visual_prompt_mean_summary.csv,.csv,True,20.0,13.0,category,,0,,,,,,,False,False,False,False,False,False,non_ad2_or_summary,none,
results/analysis/real_anomaly_crop_visual_prompt_reasoning/real_anomaly_crop_visual_prompt_per_defect_metrics.csv,.csv,True,400.0,11.0,category,,0,,,,,,,False,False,False,False,False,False,non_ad2_or_summary,none,
results/analysis/real_anomaly_crop_visual_prompt_reasoning/real_anomaly_crop_visual_prompt_predictions.csv,.csv,True,5000.0,29.0,category,,0,image_path,,,,,,True,False,False,False,False,False,non_ad2_or_summary,none,
results/analysis/real_anomaly_crop_visual_prompt_reasoning/real_anomaly_crop_visual_prompt_summary.csv,.csv,True,100.0,13.0,category,,0,,,,,,,False,False,False,False,False,False,non_ad2_or_summary,none,
results/analysis/real_anomaly_crop_visual_prompt_reasoning_full_test/patchcore_candidate_coverage.csv,.csv,True,327.0,3.0,category,,0,image_path,,,,,,True,False,False,False,False,False,non_ad2_or_summary,none,
results/analysis/real_anomaly_crop_visual_prompt_reasoning_full_test/real_anomaly_crop_visual_prompt_bank.csv,.csv,True,80.0,5.0,category,,0,,,,,,,False,False,False,False,False,False,non_ad2_or_summary,none,
results/analysis/real_anomaly_crop_visual_prompt_reasoning_full_test/real_anomaly_crop_visual_prompt_mean_summary.csv,.csv,True,20.0,13.0,category,,0,,,,,,,False,False,False,False,False,False,non_ad2_or_summary,none,
results/analysis/real_anomaly_crop_visual_prompt_reasoning_full_test/real_anomaly_crop_visual_prompt_per_defect_metrics.csv,.csv,True,400.0,11.0,category,,0,,,,,,,False,False,False,False,False,False,non_ad2_or_summary,none,
results/analysis/real_anomaly_crop_visual_prompt_reasoning_full_test/real_anomaly_crop_visual_prompt_predictions.csv,.csv,True,5000.0,29.0,category,,0,image_path,,,,,,True,False,False,False,False,False,non_ad2_or_summary,none,
results/analysis/real_anomaly_crop_visual_prompt_reasoning_full_test/real_anomaly_crop_visual_prompt_summary.csv,.csv,True,100.0,13.0,category,,0,,,,,,,False,False,False,False,False,False,non_ad2_or_summary,none,
results/analysis/sam2_anomaly_aware_selection/MVTecAD/grid/anomaly_aware_sam2/anomaly_aware_sam2_results.csv,.csv,True,28.0,17.0,category,,0,image_path,,,,,,True,False,False,False,False,False,non_ad2_or_summary,none,
results/analysis/sam2_anomaly_aware_selection/MVTecAD/leather/anomaly_aware_sam2/anomaly_aware_sam2_results.csv,.csv,True,46.0,17.0,category,,0,image_path,,,,,,True,False,False,False,False,False,non_ad2_or_summary,none,
results/analysis/sam2_anomaly_aware_selection/MVTecAD/screw/anomaly_aware_sam2/anomaly_aware_sam2_results.csv,.csv,True,60.0,17.0,category,,0,image_path,,,,,,True,False,False,False,False,False,non_ad2_or_summary,none,
results/analysis/sam2_anomaly_aware_selection/MVTecAD/wood/anomaly_aware_sam2/anomaly_aware_sam2_results.csv,.csv,True,30.0,17.0,category,,0,image_path,,,,,,True,False,False,False,False,False,non_ad2_or_summary,none,
results/analysis/sam2_anomaly_aware_selection/sam2_anomaly_aware_selection_summary.csv,.csv,True,4.0,11.0,category,,0,,,,,,,False,False,False,False,False,False,non_ad2_or_summary,none,
results/analysis/sam2_prompt_feasibility/MVTecAD/grid/sam2_box_prompt/sam2_box_prompt_results.csv,.csv,True,28.0,13.0,category,,0,image_path,,,,,,True,False,False,False,False,False,non_ad2_or_summary,none,
results/analysis/sam2_prompt_feasibility/MVTecAD/leather/sam2_box_prompt/sam2_box_prompt_results.csv,.csv,True,46.0,13.0,category,,0,image_path,,,,,,True,False,False,False,False,False,non_ad2_or_summary,none,
results/analysis/sam2_prompt_feasibility/MVTecAD/screw/sam2_box_prompt/sam2_box_prompt_results.csv,.csv,True,60.0,13.0,category,,0,image_path,,,,,,True,False,False,False,False,False,non_ad2_or_summary,none,
results/analysis/sam2_prompt_feasibility/MVTecAD/wood/sam2_box_prompt/sam2_box_prompt_results.csv,.csv,True,30.0,13.0,category,,0,image_path,,,,,,True,False,False,False,False,False,non_ad2_or_summary,none,
results/analysis/sam2_prompt_feasibility/sam2_prompt_feasibility_summary.csv,.csv,True,4.0,7.0,category,,0,,,,,,,False,False,False,False,False,False,non_ad2_or_summary,none,
results/analysis/semantic_prompt_bank/mvtec_prompt_bank.csv,.csv,True,56.0,7.0,category,,0,,,,,,,False,False,False,False,False,False,non_ad2_or_summary,none,
results/analysis/trainable_anomaly_map_calibration/MVTecAD/grid/calibrated_eval_metrics.csv,.csv,True,14.0,6.0,,,0,image_path,,,,,,True,False,False,False,False,False,non_ad2_or_summary,none,
results/analysis/trainable_anomaly_map_calibration/MVTecAD/grid/raw_eval_metrics.csv,.csv,True,14.0,6.0,,,0,image_path,,,,,,True,False,False,False,False,False,non_ad2_or_summary,none,
results/analysis/trainable_anomaly_map_calibration/MVTecAD/grid/training_log.csv,.csv,True,11.0,3.0,category,,0,,,,,,,False,False,False,False,False,False,non_ad2_or_summary,none,
results/analysis/trainable_anomaly_map_calibration/MVTecAD/leather/calibrated_eval_metrics.csv,.csv,True,23.0,6.0,,,0,image_path,,,,,,True,False,False,False,False,False,non_ad2_or_summary,none,
results/analysis/trainable_anomaly_map_calibration/MVTecAD/leather/raw_eval_metrics.csv,.csv,True,23.0,6.0,,,0,image_path,,,,,,True,False,False,False,False,False,non_ad2_or_summary,none,
results/analysis/trainable_anomaly_map_calibration/MVTecAD/leather/training_log.csv,.csv,True,11.0,3.0,category,,0,,,,,,,False,False,False,False,False,False,non_ad2_or_summary,none,
results/analysis/trainable_anomaly_map_calibration/MVTecAD/screw/calibrated_eval_metrics.csv,.csv,True,30.0,6.0,,,0,image_path,,,,,,True,False,False,False,False,False,non_ad2_or_summary,none,
results/analysis/trainable_anomaly_map_calibration/MVTecAD/screw/raw_eval_metrics.csv,.csv,True,30.0,6.0,,,0,image_path,,,,,,True,False,False,False,False,False,non_ad2_or_summary,none,
results/analysis/trainable_anomaly_map_calibration/MVTecAD/screw/training_log.csv,.csv,True,11.0,3.0,category,,0,,,,,,,False,False,False,False,False,False,non_ad2_or_summary,none,
results/analysis/trainable_anomaly_map_calibration/MVTecAD/wood/calibrated_eval_metrics.csv,.csv,True,15.0,6.0,,,0,image_path,,,,,,True,False,False,False,False,False,non_ad2_or_summary,none,
results/analysis/trainable_anomaly_map_calibration/MVTecAD/wood/raw_eval_metrics.csv,.csv,True,15.0,6.0,,,0,image_path,,,,,,True,False,False,False,False,False,non_ad2_or_summary,none,
results/analysis/trainable_anomaly_map_calibration/MVTecAD/wood/training_log.csv,.csv,True,11.0,3.0,category,,0,,,,,,,False,False,False,False,False,False,non_ad2_or_summary,none,
results/analysis/trainable_anomaly_map_calibration/trainable_anomaly_map_calibration_summary.csv,.csv,True,5.0,15.0,category,,0,,,,,,,False,False,False,False,False,False,non_ad2_or_summary,none,
results/baselines/patchcore_mvtec_summary.csv,.csv,True,15.0,14.0,category,,0,,,,,,,False,False,False,False,False,False,non_ad2_or_summary,none,
results/paper_p1/paper_remaining_risks.csv,.csv,True,6.0,5.0,,,0,,,,,,,False,False,False,False,False,False,non_ad2_or_summary,none,
results/paper_p1/paper_table_inventory.csv,.csv,True,7.0,7.0,,,0,,,,,,,False,False,False,False,False,False,non_ad2_or_summary,none,
results/paper_p10/paper_p10_compile_and_submission_checklist.csv,.csv,True,7.0,4.0,,,0,,,,,,,False,False,False,False,False,False,non_ad2_or_summary,none,
results/paper_p10/paper_p10_latex_artifact_inventory.csv,.csv,True,7.0,5.0,,,0,path,,,,,,True,False,False,False,False,False,non_ad2_or_summary,none,
results/paper_p11/paper_p11_boundary_case_asset_manifest.csv,.csv,True,6.0,8.0,category,,0,image_key,,,,,,True,False,False,False,False,False,non_ad2_or_summary,none,
results/paper_p11/paper_p11_boundary_case_manual_review_sheet.csv,.csv,True,6.0,19.0,category,,0,image_key,is_anomaly_final,,,,K,True,True,False,False,False,True,non_ad2_or_summary,none,consistency;label
results/paper_p11b/paper_p11b_manual_replacement_decisions.csv,.csv,True,15.0,29.0,category,,0,image_key,is_anomaly_final,,,,K,True,True,False,False,False,True,non_ad2_or_summary,none,consistency;label
results/paper_p11b/paper_p11b_replacement_candidates.csv,.csv,True,15.0,25.0,category,,0,image_key,is_anomaly_final,,,,K,True,True,False,False,False,True,non_ad2_or_summary,none,consistency;label
results/paper_p12/paper_p12_final_figure2_panel_manifest.csv,.csv,True,5.0,19.0,category,,0,image_key,is_anomaly_final,,,,K,True,True,False,False,False,True,non_ad2_or_summary,none,consistency;label
results/paper_p13/paper_p13_compile_check_summary.csv,.csv,True,25.0,4.0,,,0,,,,,,,False,False,False,False,False,False,non_ad2_or_summary,none,
results/paper_p13/paper_p13_latex_log_findings.csv,.csv,True,1.0,3.0,,,0,,,,,,,False,False,False,False,False,False,non_ad2_or_summary,none,
results/paper_p14/paper_p14_claim_safety_scan.csv,.csv,True,16.0,3.0,,,0,,,,,,,False,False,False,False,False,False,non_ad2_or_summary,none,
results/paper_p14/paper_p14_polish_patch_inventory.csv,.csv,True,8.0,6.0,,,0,,,,,,,False,False,False,False,False,False,non_ad2_or_summary,none,
results/paper_p2/paper_p2_claim_usage_map.csv,.csv,True,9.0,5.0,,,0,,,,,,,False,False,False,False,False,False,non_ad2_or_summary,none,
results/paper_p2/paper_p2_section_inventory.csv,.csv,True,5.0,4.0,,,0,,,,,,,False,False,False,False,False,False,non_ad2_or_summary,none,
results/paper_p3/paper_p3_result_paragraph_inventory.csv,.csv,True,7.0,5.0,,,0,,,,,,,False,False,False,False,False,False,non_ad2_or_summary,none,
results/paper_p3/paper_p3_table_to_text_map.csv,.csv,True,7.0,5.0,,,0,,,,,,,False,False,False,False,False,False,non_ad2_or_summary,none,
results/paper_p4/paper_p4_positioning_map.csv,.csv,True,4.0,7.0,,,0,,,,,,,False,False,False,False,False,False,non_ad2_or_summary,none,
results/paper_p4/paper_p4_reference_inventory.csv,.csv,True,8.0,8.0,category,,0,,,,,,,False,False,False,False,False,False,non_ad2_or_summary,none,
results/paper_p4/paper_p4_related_work_section_inventory.csv,.csv,True,5.0,5.0,,,0,,,,,,,False,False,False,False,False,False,non_ad2_or_summary,none,
results/paper_p5/paper_p5_algorithm_steps.csv,.csv,True,7.0,5.0,,,0,,,,,,,False,False,False,False,False,False,non_ad2_or_summary,none,
results/paper_p5/paper_p5_method_claim_boundaries.csv,.csv,True,6.0,4.0,,,0,,,,,,,False,False,False,False,False,False,non_ad2_or_summary,none,
results/paper_p5/paper_p5_method_components.csv,.csv,True,6.0,6.0,,,0,,,,,,,False,False,False,False,False,False,non_ad2_or_summary,none,
results/paper_p5/paper_p5_notation_table.csv,.csv,True,11.0,5.0,,,0,,,,,,,False,False,False,False,False,False,non_ad2_or_summary,none,
results/paper_p6/paper_p6_missing_items_checklist.csv,.csv,True,8.0,5.0,,,0,,,,,,,False,False,False,False,False,False,non_ad2_or_summary,none,
results/paper_p6/paper_p6_section_assembly_inventory.csv,.csv,True,9.0,4.0,,,0,,,,,,,False,False,False,False,False,False,non_ad2_or_summary,none,
results/paper_p6/paper_p6_submission_readiness.csv,.csv,True,7.0,4.0,,,0,,,,,,,False,False,False,False,False,False,non_ad2_or_summary,none,
results/paper_p7/paper_p7_compact_table_inventory.csv,.csv,True,4.0,5.0,,,0,path,,,,,,True,False,False,False,False,False,non_ad2_or_summary,none,
results/paper_p7/paper_p7_latex_draft_checklist.csv,.csv,True,6.0,4.0,,,0,,,,,,,False,False,False,False,False,False,non_ad2_or_summary,none,
results/paper_p8/paper_p8_figure1_framework_nodes.csv,.csv,True,8.0,4.0,,,0,,label,,,,,False,True,False,False,False,False,non_ad2_or_summary,none,label
results/paper_p8/paper_p8_figure2_selected_boundary_cases.csv,.csv,True,6.0,26.0,category,,0,image_key,is_anomaly_final,,,,K,True,True,False,False,False,True,non_ad2_or_summary,none,consistency;label
results/paper_p8/paper_p8_figure_readiness_checklist.csv,.csv,True,5.0,4.0,,,0,,,,,,,False,False,False,False,False,False,non_ad2_or_summary,none,
results/paper_p9/paper_p9_citation_placement_map.csv,.csv,True,7.0,5.0,,,0,,,,,,,False,False,False,False,False,False,non_ad2_or_summary,none,
results/paper_p9/paper_p9_reference_inventory_verified.csv,.csv,True,8.0,8.0,category,,0,,,,,,,False,False,False,False,False,False,non_ad2_or_summary,none,
results/paper_p9/paper_p9_reference_risk_checklist.csv,.csv,True,6.0,4.0,,,0,,,,,,,False,False,False,False,False,False,non_ad2_or_summary,none,
results/stage10_dataset_expansion/stage10_b0_mvtecad2_layout_validation.csv,.csv,True,49.0,6.0,,fruit_jelly;sheet_metal;vial;walnuts,4,path,,,,,,True,False,False,False,False,False,ad2_summary_or_category_level_source,low,
results/stage10_dataset_expansion/stage10_b1_mvtecad2_manifest.csv,.csv,True,5000.0,12.0,category,fruit_jelly;sheet_metal;vial,3,image_path,is_anomaly,,,,,True,True,False,False,False,False,ad2_summary_or_category_level_source,low,label
results/stage10_dataset_expansion/stage10_b1_mvtecad2_manifest_summary.csv,.csv,True,48.0,9.0,category,fruit_jelly;sheet_metal;vial;walnuts,4,,is_anomaly,,,,,False,True,False,False,False,False,ad2_summary_or_category_level_source,low,label
results/stage10_dataset_expansion/stage10_b2_mvtecad2_folder_mapping.csv,.csv,True,472.0,12.0,category,vial,1,,is_anomaly,,,,,False,True,False,False,False,False,ad2_summary_or_category_level_source,low,label
results/stage10_dataset_expansion/stage10_b2_mvtecad2_folder_summary.csv,.csv,True,3.0,8.0,category,vial,1,,is_anomaly,,,,,False,True,False,False,False,False,ad2_summary_or_category_level_source,low,label
results/stage10_dataset_expansion/stage10_c_mvtecad2_vial_patchcore_metrics.csv,.csv,True,1.0,4.0,,vial,1,,,,,,,False,False,False,False,False,False,ad2_summary_or_category_level_source,low,
results/stage10_dataset_expansion/stage10_c_mvtecad2_vial_patchcore_predictions.csv,.csv,True,71.0,13.0,category,vial,1,image_path,gt_label,,,,,True,True,False,False,False,False,ad2_summary_or_category_level_source,low,label
results/stage10_dataset_expansion/stage10_d_patchcore_candidate_regions.csv,.csv,True,123.0,30.0,category,vial,1,image_path,gt_label,,,,,True,True,False,False,False,False,ad2_summary_or_category_level_source,low,label
results/stage10_dataset_expansion/stage10_d_patchcore_candidate_summary.csv,.csv,True,1.0,8.0,category,vial,1,,,,,,,False,False,False,False,False,False,ad2_summary_or_category_level_source,low,
results/stage10_dataset_expansion/stage10_dataset_availability.csv,.csv,True,4.0,9.0,,,0,,,,,,,False,False,False,False,False,False,non_ad2_or_summary,none,
results/stage10_dataset_expansion/stage10_e_vlm_candidate_scores.csv,.csv,True,123.0,40.0,category,vial,1,image_path,gt_label,,,,,True,True,False,False,False,False,ad2_summary_or_category_level_source,low,label
results/stage10_dataset_expansion/stage10_e_vlm_image_predictions.csv,.csv,True,71.0,13.0,category,vial,1,image_path,,,,,,True,False,False,False,False,False,ad2_summary_or_category_level_source,low,
results/stage10_dataset_expansion/stage10_e_vlm_summary.csv,.csv,True,5.0,15.0,category,vial,1,,,,,,,False,False,False,False,False,False,ad2_summary_or_category_level_source,low,
results/stage10_dataset_expansion/stage10_f_multiscale_context_crop_scores.csv,.csv,True,615.0,45.0,category,vial,1,image_path,gt_label,,,,,True,True,False,False,False,False,ad2_summary_or_category_level_source,low,label
results/stage10_dataset_expansion/stage10_f_multiscale_context_image_predictions.csv,.csv,True,355.0,16.0,category,vial,1,image_path,,,,,,True,False,False,False,False,False,ad2_summary_or_category_level_source,low,
results/stage10_dataset_expansion/stage10_f_multiscale_context_summary.csv,.csv,True,20.0,15.0,category,vial,1,,,,,,,False,False,False,False,False,False,ad2_summary_or_category_level_source,low,
results/stage10_dataset_expansion/stage10_g_mvtecad2_vial_final_table.csv,.csv,True,17.0,9.0,,vial,1,,,,,,,False,False,False,False,False,False,ad2_summary_or_category_level_source,low,
results/stage11_mvtecad2_multicategory/stage11_a_folder_adapter_mapping.csv,.csv,True,3914.0,13.0,category,fruit_jelly;sheet_metal;vial;walnuts,4,,is_anomaly,,,,,False,True,False,False,False,False,ad2_summary_or_category_level_source,low,label
results/stage11_mvtecad2_multicategory/stage11_a_folder_adapter_summary.csv,.csv,True,24.0,9.0,category,fruit_jelly;sheet_metal;vial;walnuts,4,,is_anomaly,,,,,False,True,False,False,False,False,ad2_summary_or_category_level_source,low,label
results/stage11_mvtecad2_multicategory/stage11_a_folder_adapter_validation.csv,.csv,True,8.0,9.0,category,fruit_jelly;sheet_metal;vial;walnuts,4,,,,,,,False,False,False,False,False,False,ad2_summary_or_category_level_source,low,
results/stage11_mvtecad2_multicategory/stage11_b1_patchcore_detector_quality_analysis.csv,.csv,True,8.0,12.0,category,fruit_jelly;sheet_metal;vial;walnuts,4,,,,,,,False,False,False,False,False,False,ad2_summary_or_category_level_source,low,
results/stage11_mvtecad2_multicategory/stage11_b_patchcore_multicategory_metrics.csv,.csv,True,8.0,6.0,category,fruit_jelly;sheet_metal;vial;walnuts,4,,,,,,,False,False,False,False,False,False,ad2_summary_or_category_level_source,low,
results/stage11_mvtecad2_multicategory/stage11_b_patchcore_multicategory_predictions.csv,.csv,True,543.0,13.0,category,fruit_jelly;sheet_metal;vial;walnuts,4,image_path,gt_label,,,,,True,True,False,False,False,False,ad2_summary_or_category_level_source,low,label
results/stage11_mvtecad2_multicategory/stage11_b_patchcore_multicategory_status.csv,.csv,True,8.0,11.0,category,fruit_jelly;sheet_metal;vial;walnuts,4,,,,,,,False,False,False,False,False,False,ad2_summary_or_category_level_source,low,
results/stage11_mvtecad2_multicategory/stage11_c_candidate_regions.csv,.csv,True,502.0,40.0,category,fruit_jelly;sheet_metal;vial;walnuts,4,image_path,gt_label,,,,,True,True,False,False,False,False,ad2_summary_or_category_level_source,low,label
results/stage11_mvtecad2_multicategory/stage11_c_candidate_status.csv,.csv,True,4.0,9.0,category,fruit_jelly;sheet_metal;vial;walnuts,4,,,,,,,False,False,False,False,False,False,ad2_summary_or_category_level_source,low,
results/stage11_mvtecad2_multicategory/stage11_c_candidate_summary.csv,.csv,True,4.0,13.0,category,fruit_jelly;sheet_metal;vial;walnuts,4,,,,,,,False,False,False,False,False,False,ad2_summary_or_category_level_source,low,
results/stage11_mvtecad2_multicategory/stage11_d_vlm_candidate_scores.csv,.csv,True,502.0,49.0,category,fruit_jelly;sheet_metal;vial;walnuts,4,image_path,gt_label,patchcore_score,,,,True,True,True,False,False,False,ad2_partial_per_image_source,medium,detector;label
results/stage11_mvtecad2_multicategory/stage11_d_vlm_image_predictions.csv,.csv,True,243.0,18.0,category,fruit_jelly;sheet_metal;vial;walnuts,4,image_path,,patchcore_score,,,,True,False,True,False,False,False,ad2_summary_or_category_level_source,low,detector
results/stage11_mvtecad2_multicategory/stage11_d_vlm_summary.csv,.csv,True,40.0,20.0,category,fruit_jelly;sheet_metal;vial;walnuts,4,,,,,,,False,False,False,False,False,False,ad2_summary_or_category_level_source,low,
results/stage11_mvtecad2_multicategory/stage11_e_multicategory_evidence_table.csv,.csv,True,5.0,26.0,category,fruit_jelly;sheet_metal;vial;walnuts,4,,,,,,,False,False,False,False,False,False,ad2_summary_or_category_level_source,low,
results/stage11_mvtecad2_multicategory/stage11_f1_vial_path_aligned_drift_matched.csv,.csv,True,39.0,20.0,,vial,1,,,,,,,False,False,False,False,False,False,ad2_summary_or_category_level_source,low,
results/stage11_mvtecad2_multicategory/stage11_f1_vial_path_aligned_drift_summary.csv,.csv,True,2.0,11.0,,vial,1,,,,,,,False,False,False,False,False,False,ad2_summary_or_category_level_source,low,
results/stage11_mvtecad2_multicategory/stage11_f2_vial_source_aligned_drift_matched.csv,.csv,True,38.0,42.0,,vial,1,,,,,,,False,False,False,False,False,False,ad2_summary_or_category_level_source,low,
results/stage11_mvtecad2_multicategory/stage11_f2_vial_source_aligned_drift_summary.csv,.csv,True,1.0,25.0,category,vial,1,,,,,,,False,False,False,False,False,False,ad2_summary_or_category_level_source,low,
results/stage11_mvtecad2_multicategory/stage11_f2_vial_source_aligned_drift_unmatched.csv,.csv,True,66.0,2.0,,vial,1,,,,,,,False,False,False,False,False,False,ad2_summary_or_category_level_source,low,
results/stage11_mvtecad2_multicategory/stage11_f3_vial_image_set_keys.csv,.csv,True,142.0,13.0,,vial,1,image_path,label,,,,,True,True,False,False,False,False,ad2_summary_or_category_level_source,low,label
results/stage11_mvtecad2_multicategory/stage11_f3_vial_image_set_overlap.csv,.csv,True,4.0,9.0,,vial,1,,,,,,,False,False,False,False,False,False,ad2_summary_or_category_level_source,low,
results/stage11_mvtecad2_multicategory/stage11_f3_vial_image_set_overlap_summary.csv,.csv,True,1.0,8.0,,vial,1,,,,,,,False,False,False,False,False,False,ad2_summary_or_category_level_source,low,
results/stage11_mvtecad2_multicategory/stage11_f_vial_candidate_policy_drift_matched.csv,.csv,True,39.0,22.0,,vial,1,image_key,,,,,,True,False,False,False,False,False,ad2_summary_or_category_level_source,low,
results/stage11_mvtecad2_multicategory/stage11_f_vial_candidate_policy_drift_summary.csv,.csv,True,3.0,12.0,,vial,1,,,,,,,False,False,False,False,False,False,ad2_summary_or_category_level_source,low,
results/stage11_mvtecad2_multicategory/stage11_g_unified_experiment_policy_table.csv,.csv,True,5.0,3.0,,,0,,,,,,,False,False,False,False,False,False,non_ad2_or_summary,none,
results/stage11_mvtecad2_multicategory/stage11_h_fabric_candidate_regions.csv,.csv,True,200.0,40.0,category,,0,image_path,gt_label,,,,,True,True,False,False,False,False,non_ad2_or_summary,none,label
results/stage11_mvtecad2_multicategory/stage11_h_fabric_candidate_status.csv,.csv,True,1.0,9.0,category,,0,,,,,,,False,False,False,False,False,False,non_ad2_or_summary,none,
results/stage11_mvtecad2_multicategory/stage11_h_fabric_candidate_summary.csv,.csv,True,1.0,13.0,category,,0,,,,,,,False,False,False,False,False,False,non_ad2_or_summary,none,
results/stage11_mvtecad2_multicategory/stage11_h_fabric_secondary_evidence_table.csv,.csv,True,1.0,22.0,category,,0,,,,,,,False,False,False,False,False,False,non_ad2_or_summary,none,
results/stage11_mvtecad2_multicategory/stage11_h_fabric_vlm_candidate_scores.csv,.csv,True,200.0,49.0,category,,0,image_path,gt_label,patchcore_score,,,,True,True,True,False,False,False,non_ad2_or_summary,none,detector;label
results/stage11_mvtecad2_multicategory/stage11_h_fabric_vlm_image_predictions.csv,.csv,True,78.0,18.0,category,,0,image_path,,patchcore_score,,,,True,False,True,False,False,False,non_ad2_or_summary,none,detector
results/stage11_mvtecad2_multicategory/stage11_h_fabric_vlm_summary.csv,.csv,True,16.0,20.0,category,,0,,,,,,,False,False,False,False,False,False,non_ad2_or_summary,none,
results/stage11_mvtecad2_multicategory/stage11_i_category_usage_decision_table.csv,.csv,True,8.0,8.0,category,fruit_jelly;sheet_metal;vial;walnuts,4,,,,,,,False,False,False,False,False,False,ad2_summary_or_category_level_source,low,
results/stage11_mvtecad2_multicategory/stage11_i_paper_ready_main_table.csv,.csv,True,6.0,9.0,,,0,,,,,,,False,False,False,False,False,False,non_ad2_or_summary,none,
results/stage11_mvtecad2_multicategory/stage11_i_paper_ready_method_table.csv,.csv,True,6.0,21.0,category,fruit_jelly;sheet_metal;vial;walnuts,4,,,,,,,False,False,False,False,False,False,ad2_summary_or_category_level_source,low,
results/stage12_paper_writing/stage12_a_claim_evidence_table.csv,.csv,True,4.0,5.0,,,0,,,,,,,False,False,False,False,False,False,non_ad2_or_summary,none,
results/stage12_paper_writing/stage12_b_section_plan.csv,.csv,True,8.0,4.0,,,0,,,,,,,False,False,False,False,False,False,non_ad2_or_summary,none,
results/stage12_paper_writing/stage12_b_title_abstract_candidates.csv,.csv,True,5.0,4.0,,,0,,,,,,,False,False,False,False,False,False,non_ad2_or_summary,none,
results/stage12_paper_writing/stage12_c_intro_method_draft_status.csv,.csv,True,1.0,3.0,,,0,,,,,,,False,False,False,False,False,False,non_ad2_or_summary,none,
results/stage13_strong_baseline/stage13_a_patchcore_vlm_fusion_grid.csv,.csv,True,1010.0,14.0,category,fruit_jelly;sheet_metal;vial;walnuts,4,,,,,,,False,False,False,False,False,False,ad2_summary_or_category_level_source,low,
results/stage13_strong_baseline/stage13_a_patchcore_vlm_fusion_loco_category.csv,.csv,True,10.0,16.0,category,fruit_jelly;sheet_metal;vial;walnuts,4,,,,,,,False,False,False,False,False,False,ad2_summary_or_category_level_source,low,
results/stage13_strong_baseline/stage13_a_patchcore_vlm_fusion_per_category.csv,.csv,True,8.0,14.0,category,fruit_jelly;sheet_metal;vial;walnuts,4,,,,,,,False,False,False,False,False,False,ad2_summary_or_category_level_source,low,
results/stage13_strong_baseline/stage13_a_patchcore_vlm_fusion_summary.csv,.csv,True,17.0,14.0,category,fruit_jelly;sheet_metal;vial;walnuts,4,,,,,,,False,False,False,False,False,False,ad2_summary_or_category_level_source,low,
results/stage13_strong_baseline/stage13_a_patchcore_vlm_score_complementarity.csv,.csv,True,5.0,5.0,category,fruit_jelly;sheet_metal;vial;walnuts,4,,,,,,,False,False,False,False,False,False,ad2_summary_or_category_level_source,low,
results/stage14_strong_vlm_baselines/stage14_a_strong_baseline_selection_table.csv,.csv,True,7.0,7.0,,,0,,,,,,,False,False,False,False,False,False,non_ad2_or_summary,none,
results/stage14_strong_vlm_baselines/stage14_b_winclip_import_check.txt,.txt,False,,,,,0,,,,,,,False,False,False,False,False,False,unreadable_or_irrelevant,none,
results/stage14_strong_vlm_baselines/stage14_c1_winclip_api_inspection.txt,.txt,False,,,,,0,,,,,,,False,False,False,False,False,False,unreadable_or_irrelevant,none,
results/stage14_strong_vlm_baselines/stage14_c2_winclip_fruit_jelly_metrics.csv,.csv,True,1.0,4.0,,fruit_jelly,1,,,,,,,False,False,False,False,False,False,ad2_summary_or_category_level_source,low,
results/stage14_strong_vlm_baselines/stage14_c3_fruit_jelly_external_baseline_comparison.csv,.csv,True,6.0,9.0,category,fruit_jelly,1,,,,,,,False,False,False,False,False,False,ad2_summary_or_category_level_source,low,
results/stage14_strong_vlm_baselines/stage14_d_winclip_fruit_jelly_sensitivity.csv,.csv,True,24.0,13.0,category,fruit_jelly,1,,,,,,,False,False,False,False,False,False,ad2_summary_or_category_level_source,low,
results/stage14_strong_vlm_baselines/stage14_d_winclip_fruit_jelly_sensitivity_errors.txt,.txt,False,,,,,0,,,,,,,False,False,False,False,False,False,unreadable_or_irrelevant,none,
results/stage14_strong_vlm_baselines/stage14_e_primary_external_baseline_comparison.csv,.csv,True,24.0,8.0,category,fruit_jelly;sheet_metal;vial;walnuts,4,,,,,,,False,False,False,False,False,False,ad2_summary_or_category_level_source,low,
results/stage14_strong_vlm_baselines/stage14_e_winclip_primary_fixed_protocol.csv,.csv,True,4.0,12.0,category,fruit_jelly;sheet_metal;vial;walnuts,4,,,,,,,False,False,False,False,False,False,ad2_summary_or_category_level_source,low,
results/stage14_strong_vlm_baselines/stage14_e_winclip_primary_fixed_protocol_errors.txt,.txt,False,,,,,0,,,,,,,False,False,False,False,False,False,unreadable_or_irrelevant,none,
results/stage15_modern_detector_baselines/stage15_a_efficientad_api_inspection.txt,.txt,False,,,,,0,,,,,,,False,False,False,False,False,False,unreadable_or_irrelevant,none,
results/stage15_modern_detector_baselines/stage15_b_efficientad_fruit_jelly_metrics.csv,.csv,True,1.0,4.0,,fruit_jelly,1,,,,,,,False,False,False,False,False,False,ad2_summary_or_category_level_source,low,
results/stage15_modern_detector_baselines/stage15_c_fruit_jelly_modern_baseline_comparison.csv,.csv,True,8.0,9.0,category,fruit_jelly,1,,,,,,,False,False,False,False,False,False,ad2_summary_or_category_level_source,low,
results/stage15_modern_detector_baselines/stage15_d_efficientad_primary_fixed_budget.csv,.csv,True,4.0,16.0,category,fruit_jelly;sheet_metal;vial;walnuts,4,,,,,,,False,False,False,False,False,False,ad2_summary_or_category_level_source,low,
results/stage15_modern_detector_baselines/stage15_d_efficientad_primary_fixed_budget_epoch30_primary4_backup.csv,.csv,True,4.0,16.0,category,fruit_jelly;sheet_metal;vial;walnuts,4,,,,,,,False,False,False,False,False,False,ad2_summary_or_category_level_source,low,
results/stage15_modern_detector_baselines/stage15_d_efficientad_primary_fixed_budget_errors.txt,.txt,False,,,,,0,,,,,,,False,False,False,False,False,False,unreadable_or_irrelevant,none,
results/stage15_modern_detector_baselines/stage15_d_protocol_audit_epochs.csv,.csv,True,28.0,6.0,,,0,,,,,,,False,False,False,False,False,False,non_ad2_or_summary,none,
results/stage15_modern_detector_baselines/stage15_e_primary_unified_baseline_comparison.csv,.csv,True,35.0,9.0,category,fruit_jelly;sheet_metal;vial;walnuts,4,,,,,,,False,False,False,False,False,False,ad2_summary_or_category_level_source,low,
results/stage15_modern_detector_baselines/stage15_f_baseline_decision_summary.csv,.csv,True,6.0,4.0,,,0,,,,,,,False,False,False,False,False,False,non_ad2_or_summary,none,
results/stage16_qcru_ablation/stage16_a0_qcru_ablation_plan.csv,.csv,True,7.0,9.0,,,0,,,,,,,False,False,False,False,False,False,non_ad2_or_summary,none,
results/stage16_qcru_ablation/stage16_a0_qcru_source_inventory.csv,.csv,True,15.0,7.0,,,0,path,,,,,,True,False,False,False,False,False,non_ad2_or_summary,none,
results/stage16_qcru_ablation/stage16_a1_qcru_fixed_ablation_best_by_protocol.csv,.csv,True,12.0,16.0,,,0,,,,,,,False,False,False,False,False,False,non_ad2_or_summary,none,
results/stage16_qcru_ablation/stage16_a1_qcru_fixed_ablation_per_category.csv,.csv,True,720.0,16.0,category,,0,,,,,,,False,False,False,False,False,False,non_ad2_or_summary,none,
results/stage16_qcru_ablation/stage16_a1_qcru_fixed_ablation_per_config.csv,.csv,True,60.0,15.0,,,0,,,,,,,False,False,False,False,False,False,non_ad2_or_summary,none,
results/stage16_qcru_ablation/stage16_a2_qcru_failure_cases.csv,.csv,True,6.0,20.0,,,0,,,,,,,False,False,False,False,False,False,non_ad2_or_summary,none,
results/stage16_qcru_ablation/stage16_a2_qcru_robustness_summary.csv,.csv,True,11.0,8.0,,,0,,,,,,,False,False,False,False,False,False,non_ad2_or_summary,none,
results/stage16_qcru_ablation/stage16_a2_qcru_variant_delta_by_protocol.csv,.csv,True,12.0,19.0,,,0,,,,,,,False,False,False,False,False,False,non_ad2_or_summary,none,
results/stage16_qcru_ablation/stage16_a3_adaptive_qcru_delta_by_protocol.csv,.csv,True,12.0,16.0,,,0,,,,,,,False,False,False,False,False,False,non_ad2_or_summary,none,
results/stage16_qcru_ablation/stage16_a3_adaptive_qcru_failure_cases.csv,.csv,True,6.0,17.0,,,0,,,,,,,False,False,False,False,False,False,non_ad2_or_summary,none,
results/stage16_qcru_ablation/stage16_a3_adaptive_qcru_per_config.csv,.csv,True,48.0,14.0,,,0,,,,,,,False,False,False,False,False,False,non_ad2_or_summary,none,
results/stage16_qcru_ablation/stage16_b_adaptive_qcru_all_variants_per_category.csv,.csv,True,864.0,15.0,category,,0,,,,,,,False,False,False,False,False,False,non_ad2_or_summary,none,
results/stage16_qcru_ablation/stage16_b_adaptive_qcru_all_variants_per_config.csv,.csv,True,72.0,14.0,,,0,,,,,,,False,False,False,False,False,False,non_ad2_or_summary,none,
results/stage16_qcru_ablation/stage16_b_adaptive_qcru_final_method_decision.csv,.csv,True,8.0,11.0,,,0,,,,,,,False,False,False,False,False,False,non_ad2_or_summary,none,
results/stage16_qcru_ablation/stage16_b_adaptive_qcru_primary_protocol_table.csv,.csv,True,12.0,15.0,,,0,,,,,,,False,False,False,False,False,False,non_ad2_or_summary,none,
results/stage16_qcru_ablation/stage16_c_final_method_claims.csv,.csv,True,8.0,5.0,,,0,,,,,,,False,False,False,False,False,False,non_ad2_or_summary,none,
results/stage16_qcru_ablation/stage16_d_paper_facing_claim_ready_deltas.csv,.csv,True,19.0,7.0,,,0,,,,,,,False,False,False,False,False,False,non_ad2_or_summary,none,
results/stage16_qcru_ablation/stage16_d_paper_facing_qcr_ablation_table.csv,.csv,True,12.0,16.0,,,0,,,,,,,False,False,False,False,False,False,non_ad2_or_summary,none,
results/stage16_qcru_ablation/stage16_d_paper_facing_system_baseline_table.csv,.csv,True,7.0,13.0,,,0,,,,,,,False,False,False,False,False,False,non_ad2_or_summary,none,
results/stage16_qcru_ablation/stage16_e_boundary_decision_summary.csv,.csv,True,5.0,5.0,,,0,,,,,,,False,False,False,False,False,False,non_ad2_or_summary,none,
results/stage16_qcru_ablation/stage16_e_category_boundary_summary.csv,.csv,True,24.0,14.0,category,,0,,,,,,,False,False,False,False,False,False,non_ad2_or_summary,none,
results/stage16_qcru_ablation/stage16_e_failure_boundary_case_inventory.csv,.csv,True,80.0,29.0,category,,0,image_key,is_anomaly_final,,,,K,True,True,False,False,False,True,non_ad2_or_summary,none,consistency;label
results/stage16_qcru_ablation/stage16_f_final_claim_evidence_map.csv,.csv,True,9.0,11.0,,,0,,,,,,,False,False,False,False,False,False,non_ad2_or_summary,none,
results/stage16_qcru_ablation/stage16_f_paper_claim_status.csv,.csv,True,5.0,4.0,,,0,,,,,,,False,False,False,False,False,False,non_ad2_or_summary,none,
results/stage16_qcru_ablation/stage16_f_rejected_or_forbidden_claims.csv,.csv,True,3.0,7.0,,,0,,,,,,,False,False,False,False,False,False,non_ad2_or_summary,none,
results/stage17_defensive_sensitivity/stage17_a_efficientad100_fruit_jelly.csv,.csv,True,1.0,16.0,category,fruit_jelly,1,,,,,,,False,False,False,False,False,False,ad2_summary_or_category_level_source,low,
results/stage17_defensive_sensitivity/stage17_a_efficientad100_fruit_jelly_errors.txt,.txt,False,,,,,0,,,,,,,False,False,False,False,False,False,unreadable_or_irrelevant,none,
results/stage17_defensive_sensitivity/stage17_a_efficientad100_vs_30_delta.csv,.csv,True,4.0,5.0,category,fruit_jelly,1,,,,,,,False,False,False,False,False,False,ad2_summary_or_category_level_source,low,
results/stage18_ad2_qcr_ablation/stage18_a0_ad2_qcr_inventory.csv,.csv,True,4.0,12.0,,,0,,,,,,,False,False,False,False,False,False,non_ad2_or_summary,none,
results/stage7_generalization/multibackbone_availability/anomalib_model_availability.csv,.csv,True,6.0,5.0,,,0,,target,,,,,False,True,False,False,False,False,non_ad2_or_summary,none,label
results/stage7_generalization/stage7_generalization_paper_summary.csv,.csv,True,3.0,9.0,,,0,,,,,,,False,False,False,False,False,False,non_ad2_or_summary,none,
results/stage7_generalization/visa_anomalib_view/visa_anomalib_view_errors.csv,.csv,False,,,,,0,,,,,,,False,False,False,False,False,False,unreadable_or_irrelevant,none,
results/stage7_generalization/visa_anomalib_view/visa_anomalib_view_manifest.csv,.csv,True,5000.0,10.0,category,,0,,label,,,,,False,True,False,False,False,False,non_ad2_or_summary,none,label
results/stage7_generalization/visa_anomalib_view/visa_anomalib_view_summary.csv,.csv,True,12.0,7.0,category,,0,,,,,,,False,False,False,False,False,False,non_ad2_or_summary,none,
results/stage7_generalization/visa_binary_prompt_reasoning/visa_binary_prompt_bank.csv,.csv,True,36.0,4.0,category,,0,,,,,,,False,False,False,False,False,False,non_ad2_or_summary,none,
results/stage7_generalization/visa_binary_prompt_reasoning/visa_binary_prompt_delta_vs_full.csv,.csv,True,6.0,24.0,,,0,,,,,,,False,False,False,False,False,False,non_ad2_or_summary,none,
results/stage7_generalization/visa_binary_prompt_reasoning/visa_binary_prompt_mean_summary.csv,.csv,True,9.0,16.0,category,,0,,,,,,,False,False,False,False,False,False,non_ad2_or_summary,none,
results/stage7_generalization/visa_binary_prompt_reasoning/visa_binary_prompt_predictions.csv,.csv,True,5000.0,12.0,category,,0,image_path,label,,,,,True,True,False,False,False,False,non_ad2_or_summary,none,label
results/stage7_generalization/visa_binary_prompt_reasoning/visa_binary_prompt_summary.csv,.csv,True,117.0,16.0,category,,0,,,,,,,False,False,False,False,False,False,non_ad2_or_summary,none,
results/stage7_generalization/visa_manifest/visa_category_split_summary.csv,.csv,True,36.0,6.0,category,,0,,label,,,,,False,True,False,False,False,False,non_ad2_or_summary,none,label
results/stage7_generalization/visa_manifest/visa_category_summary.csv,.csv,True,12.0,9.0,category,,0,,,,,,,False,False,False,False,False,False,non_ad2_or_summary,none,
results/stage7_generalization/visa_manifest/visa_image_manifest.csv,.csv,True,5000.0,13.0,category,,0,image_path,label,,,,,True,True,False,False,False,False,non_ad2_or_summary,none,label
results/stage7_generalization/visa_manifest/visa_missing_files.csv,.csv,False,,,,,0,,,,,,,False,False,False,False,False,False,unreadable_or_irrelevant,none,
results/stage7_generalization/visa_manifest/visa_overall_summary.csv,.csv,True,1.0,10.0,,,0,,,,,,,False,False,False,False,False,False,non_ad2_or_summary,none,
results/stage7_generalization/visa_multibackbone/fastflow_12cls/VisA/candle/candidate_regions.csv,.csv,True,153.0,17.0,category,,0,image_path,,,,,,True,False,False,False,False,False,non_ad2_or_summary,none,
results/stage7_generalization/visa_multibackbone/fastflow_12cls/VisA/candle/fastflow_image_predictions.csv,.csv,True,200.0,10.0,category,,0,image_path,label,image_score,,,,True,True,True,False,False,False,non_ad2_or_summary,none,detector;label
results/stage7_generalization/visa_multibackbone/fastflow_12cls/VisA/capsules/candidate_regions.csv,.csv,True,230.0,17.0,category,,0,image_path,,,,,,True,False,False,False,False,False,non_ad2_or_summary,none,
results/stage7_generalization/visa_multibackbone/fastflow_12cls/VisA/capsules/fastflow_image_predictions.csv,.csv,True,160.0,10.0,category,,0,image_path,label,image_score,,,,True,True,True,False,False,False,non_ad2_or_summary,none,detector;label
results/stage7_generalization/visa_multibackbone/fastflow_12cls/VisA/cashew/candidate_regions.csv,.csv,True,246.0,17.0,category,,0,image_path,,,,,,True,False,False,False,False,False,non_ad2_or_summary,none,
results/stage7_generalization/visa_multibackbone/fastflow_12cls/VisA/cashew/fastflow_image_predictions.csv,.csv,True,150.0,10.0,category,,0,image_path,label,image_score,,,,True,True,True,False,False,False,non_ad2_or_summary,none,detector;label
results/stage7_generalization/visa_multibackbone/fastflow_12cls/VisA/chewinggum/candidate_regions.csv,.csv,True,143.0,17.0,category,,0,image_path,,,,,,True,False,False,False,False,False,non_ad2_or_summary,none,
results/stage7_generalization/visa_multibackbone/fastflow_12cls/VisA/chewinggum/fastflow_image_predictions.csv,.csv,True,150.0,10.0,category,,0,image_path,label,image_score,,,,True,True,True,False,False,False,non_ad2_or_summary,none,detector;label
results/stage7_generalization/visa_multibackbone/fastflow_12cls/VisA/fryum/candidate_regions.csv,.csv,True,275.0,17.0,category,,0,image_path,,,,,,True,False,False,False,False,False,non_ad2_or_summary,none,
results/stage7_generalization/visa_multibackbone/fastflow_12cls/VisA/fryum/fastflow_image_predictions.csv,.csv,True,150.0,10.0,category,,0,image_path,label,image_score,,,,True,True,True,False,False,False,non_ad2_or_summary,none,detector;label
results/stage7_generalization/visa_multibackbone/fastflow_12cls/VisA/macaroni1/candidate_regions.csv,.csv,True,166.0,17.0,category,,0,image_path,,,,,,True,False,False,False,False,False,non_ad2_or_summary,none,
results/stage7_generalization/visa_multibackbone/fastflow_12cls/VisA/macaroni1/fastflow_image_predictions.csv,.csv,True,200.0,10.0,category,,0,image_path,label,image_score,,,,True,True,True,False,False,False,non_ad2_or_summary,none,detector;label
results/stage7_generalization/visa_multibackbone/fastflow_12cls/VisA/macaroni2/candidate_regions.csv,.csv,True,195.0,17.0,category,,0,image_path,,,,,,True,False,False,False,False,False,non_ad2_or_summary,none,
results/stage7_generalization/visa_multibackbone/fastflow_12cls/VisA/macaroni2/fastflow_image_predictions.csv,.csv,True,200.0,10.0,category,,0,image_path,label,image_score,,,,True,True,True,False,False,False,non_ad2_or_summary,none,detector;label
results/stage7_generalization/visa_multibackbone/fastflow_12cls/VisA/pcb1/candidate_regions.csv,.csv,True,212.0,17.0,category,,0,image_path,,,,,,True,False,False,False,False,False,non_ad2_or_summary,none,
results/stage7_generalization/visa_multibackbone/fastflow_12cls/VisA/pcb1/fastflow_image_predictions.csv,.csv,True,200.0,10.0,category,,0,image_path,label,image_score,,,,True,True,True,False,False,False,non_ad2_or_summary,none,detector;label
results/stage7_generalization/visa_multibackbone/fastflow_12cls/VisA/pcb2/candidate_regions.csv,.csv,True,167.0,17.0,category,,0,image_path,,,,,,True,False,False,False,False,False,non_ad2_or_summary,none,
results/stage7_generalization/visa_multibackbone/fastflow_12cls/VisA/pcb2/fastflow_image_predictions.csv,.csv,True,200.0,10.0,category,,0,image_path,label,image_score,,,,True,True,True,False,False,False,non_ad2_or_summary,none,detector;label
results/stage7_generalization/visa_multibackbone/fastflow_12cls/VisA/pcb3/candidate_regions.csv,.csv,True,158.0,17.0,category,,0,image_path,,,,,,True,False,False,False,False,False,non_ad2_or_summary,none,
results/stage7_generalization/visa_multibackbone/fastflow_12cls/VisA/pcb3/fastflow_image_predictions.csv,.csv,True,201.0,10.0,category,,0,image_path,label,image_score,,,,True,True,True,False,False,False,non_ad2_or_summary,none,detector;label
results/stage7_generalization/visa_multibackbone/fastflow_12cls/VisA/pcb4/candidate_regions.csv,.csv,True,226.0,17.0,category,,0,image_path,,,,,,True,False,False,False,False,False,non_ad2_or_summary,none,
results/stage7_generalization/visa_multibackbone/fastflow_12cls/VisA/pcb4/fastflow_image_predictions.csv,.csv,True,201.0,10.0,category,,0,image_path,label,image_score,,,,True,True,True,False,False,False,non_ad2_or_summary,none,detector;label
results/stage7_generalization/visa_multibackbone/fastflow_12cls/VisA/pipe_fryum/candidate_regions.csv,.csv,True,183.0,17.0,category,,0,image_path,,,,,,True,False,False,False,False,False,non_ad2_or_summary,none,
results/stage7_generalization/visa_multibackbone/fastflow_12cls/VisA/pipe_fryum/fastflow_image_predictions.csv,.csv,True,150.0,10.0,category,,0,image_path,label,image_score,,,,True,True,True,False,False,False,non_ad2_or_summary,none,detector;label
results/stage7_generalization/visa_multibackbone/fastflow_12cls/visa_fastflow_baseline_summary.csv,.csv,True,13.0,13.0,category,,0,,,,,,,False,False,False,False,False,False,non_ad2_or_summary,none,
results/stage7_generalization/visa_multibackbone/fastflow_12cls/visa_fastflow_candidate_coverage_summary.csv,.csv,True,13.0,7.0,category,,0,,,,,,,False,False,False,False,False,False,non_ad2_or_summary,none,
results/stage7_generalization/visa_multibackbone/fastflow_binary_prompt_reasoning/visa_binary_prompt_bank.csv,.csv,True,12.0,4.0,category,,0,,,,,,,False,False,False,False,False,False,non_ad2_or_summary,none,
results/stage7_generalization/visa_multibackbone/fastflow_binary_prompt_reasoning/visa_binary_prompt_mean_summary.csv,.csv,True,3.0,16.0,category,,0,,,,,,,False,False,False,False,False,False,non_ad2_or_summary,none,
results/stage7_generalization/visa_multibackbone/fastflow_binary_prompt_reasoning/visa_binary_prompt_predictions.csv,.csv,True,5000.0,12.0,category,,0,image_path,label,,,,,True,True,False,False,False,False,non_ad2_or_summary,none,label
results/stage7_generalization/visa_multibackbone/fastflow_binary_prompt_reasoning/visa_binary_prompt_summary.csv,.csv,True,39.0,16.0,category,,0,,,,,,,False,False,False,False,False,False,non_ad2_or_summary,none,
results/stage7_generalization/visa_multibackbone/fastflow_candle_full/VisA/candle/candidate_regions.csv,.csv,True,156.0,17.0,category,,0,image_path,,,,,,True,False,False,False,False,False,non_ad2_or_summary,none,
results/stage7_generalization/visa_multibackbone/fastflow_candle_full/VisA/candle/fastflow_image_predictions.csv,.csv,True,200.0,10.0,category,,0,image_path,label,image_score,,,,True,True,True,False,False,False,non_ad2_or_summary,none,detector;label
results/stage7_generalization/visa_multibackbone/fastflow_candle_full/visa_fastflow_baseline_summary.csv,.csv,True,2.0,13.0,category,,0,,,,,,,False,False,False,False,False,False,non_ad2_or_summary,none,
results/stage7_generalization/visa_multibackbone/fastflow_candle_full/visa_fastflow_candidate_coverage_summary.csv,.csv,True,2.0,7.0,category,,0,,,,,,,False,False,False,False,False,False,non_ad2_or_summary,none,
results/stage7_generalization/visa_multibackbone/fastflow_smoke/VisA/candle/candidate_regions.csv,.csv,True,256.0,17.0,category,,0,image_path,,,,,,True,False,False,False,False,False,non_ad2_or_summary,none,
results/stage7_generalization/visa_multibackbone/fastflow_smoke/VisA/candle/fastflow_image_predictions.csv,.csv,True,200.0,10.0,category,,0,image_path,label,image_score,,,,True,True,True,False,False,False,non_ad2_or_summary,none,detector;label
results/stage7_generalization/visa_multibackbone/fastflow_smoke/visa_fastflow_baseline_summary.csv,.csv,True,2.0,13.0,category,,0,,,,,,,False,False,False,False,False,False,non_ad2_or_summary,none,
results/stage7_generalization/visa_multibackbone/fastflow_smoke/visa_fastflow_candidate_coverage_summary.csv,.csv,True,2.0,7.0,category,,0,,,,,,,False,False,False,False,False,False,non_ad2_or_summary,none,
results/stage7_generalization/visa_multibackbone/stage7_4_backbone_reasoning_comparison.csv,.csv,True,2.0,21.0,,,0,,,,,,,False,False,False,False,False,False,non_ad2_or_summary,none,
results/stage7_generalization/visa_patchcore/VisA/candle/candidate_regions.csv,.csv,True,107.0,17.0,category,,0,image_path,,,,,,True,False,False,False,False,False,non_ad2_or_summary,none,
results/stage7_generalization/visa_patchcore/VisA/candle/patchcore_image_predictions.csv,.csv,True,200.0,10.0,category,,0,image_path,label,image_score,,,,True,True,True,False,False,False,non_ad2_or_summary,none,detector;label
results/stage7_generalization/visa_patchcore/VisA/capsules/candidate_regions.csv,.csv,True,156.0,17.0,category,,0,image_path,,,,,,True,False,False,False,False,False,non_ad2_or_summary,none,
results/stage7_generalization/visa_patchcore/VisA/capsules/patchcore_image_predictions.csv,.csv,True,160.0,10.0,category,,0,image_path,label,image_score,,,,True,True,True,False,False,False,non_ad2_or_summary,none,detector;label
results/stage7_generalization/visa_patchcore/VisA/cashew/candidate_regions.csv,.csv,True,133.0,17.0,category,,0,image_path,,,,,,True,False,False,False,False,False,non_ad2_or_summary,none,
results/stage7_generalization/visa_patchcore/VisA/cashew/patchcore_image_predictions.csv,.csv,True,150.0,10.0,category,,0,image_path,label,image_score,,,,True,True,True,False,False,False,non_ad2_or_summary,none,detector;label
results/stage7_generalization/visa_patchcore/VisA/chewinggum/candidate_regions.csv,.csv,True,110.0,17.0,category,,0,image_path,,,,,,True,False,False,False,False,False,non_ad2_or_summary,none,
results/stage7_generalization/visa_patchcore/VisA/chewinggum/patchcore_image_predictions.csv,.csv,True,150.0,10.0,category,,0,image_path,label,image_score,,,,True,True,True,False,False,False,non_ad2_or_summary,none,detector;label
results/stage7_generalization/visa_patchcore/VisA/fryum/candidate_regions.csv,.csv,True,192.0,17.0,category,,0,image_path,,,,,,True,False,False,False,False,False,non_ad2_or_summary,none,
results/stage7_generalization/visa_patchcore/VisA/fryum/patchcore_image_predictions.csv,.csv,True,150.0,10.0,category,,0,image_path,label,image_score,,,,True,True,True,False,False,False,non_ad2_or_summary,none,detector;label
results/stage7_generalization/visa_patchcore/VisA/macaroni1/candidate_regions.csv,.csv,True,112.0,17.0,category,,0,image_path,,,,,,True,False,False,False,False,False,non_ad2_or_summary,none,
results/stage7_generalization/visa_patchcore/VisA/macaroni1/patchcore_image_predictions.csv,.csv,True,200.0,10.0,category,,0,image_path,label,image_score,,,,True,True,True,False,False,False,non_ad2_or_summary,none,detector;label
results/stage7_generalization/visa_patchcore/VisA/macaroni2/candidate_regions.csv,.csv,True,137.0,17.0,category,,0,image_path,,,,,,True,False,False,False,False,False,non_ad2_or_summary,none,
results/stage7_generalization/visa_patchcore/VisA/macaroni2/patchcore_image_predictions.csv,.csv,True,200.0,10.0,category,,0,image_path,label,image_score,,,,True,True,True,False,False,False,non_ad2_or_summary,none,detector;label
results/stage7_generalization/visa_patchcore/VisA/pcb1/candidate_regions.csv,.csv,True,133.0,17.0,category,,0,image_path,,,,,,True,False,False,False,False,False,non_ad2_or_summary,none,
results/stage7_generalization/visa_patchcore/VisA/pcb1/patchcore_image_predictions.csv,.csv,True,200.0,10.0,category,,0,image_path,label,image_score,,,,True,True,True,False,False,False,non_ad2_or_summary,none,detector;label
results/stage7_generalization/visa_patchcore/VisA/pcb2/candidate_regions.csv,.csv,True,110.0,17.0,category,,0,image_path,,,,,,True,False,False,False,False,False,non_ad2_or_summary,none,
results/stage7_generalization/visa_patchcore/VisA/pcb2/patchcore_image_predictions.csv,.csv,True,200.0,10.0,category,,0,image_path,label,image_score,,,,True,True,True,False,False,False,non_ad2_or_summary,none,detector;label
results/stage7_generalization/visa_patchcore/VisA/pcb3/candidate_regions.csv,.csv,True,122.0,17.0,category,,0,image_path,,,,,,True,False,False,False,False,False,non_ad2_or_summary,none,
results/stage7_generalization/visa_patchcore/VisA/pcb3/patchcore_image_predictions.csv,.csv,True,201.0,10.0,category,,0,image_path,label,image_score,,,,True,True,True,False,False,False,non_ad2_or_summary,none,detector;label
results/stage7_generalization/visa_patchcore/VisA/pcb4/candidate_regions.csv,.csv,True,120.0,17.0,category,,0,image_path,,,,,,True,False,False,False,False,False,non_ad2_or_summary,none,
results/stage7_generalization/visa_patchcore/VisA/pcb4/patchcore_image_predictions.csv,.csv,True,201.0,10.0,category,,0,image_path,label,image_score,,,,True,True,True,False,False,False,non_ad2_or_summary,none,detector;label
results/stage7_generalization/visa_patchcore/VisA/pipe_fryum/candidate_regions.csv,.csv,True,112.0,17.0,category,,0,image_path,,,,,,True,False,False,False,False,False,non_ad2_or_summary,none,
results/stage7_generalization/visa_patchcore/VisA/pipe_fryum/patchcore_image_predictions.csv,.csv,True,150.0,10.0,category,,0,image_path,label,image_score,,,,True,True,True,False,False,False,non_ad2_or_summary,none,detector;label
results/stage7_generalization/visa_patchcore/visa_patchcore_baseline_summary.csv,.csv,True,13.0,13.0,category,,0,,,,,,,False,False,False,False,False,False,non_ad2_or_summary,none,
results/stage7_generalization/visa_patchcore/visa_patchcore_candidate_coverage_summary.csv,.csv,True,13.0,7.0,category,,0,,,,,,,False,False,False,False,False,False,non_ad2_or_summary,none,
results/stage8_paper_tables/stage8_claim_evidence_mapping.csv,.csv,True,6.0,6.0,,,0,,,,,,,False,False,False,False,False,False,non_ad2_or_summary,none,
results/stage8_paper_tables/stage8_contribution_points.csv,.csv,True,3.0,4.0,,,0,,,,,,,False,False,False,False,False,False,non_ad2_or_summary,none,
results/stage8_paper_tables/stage8_experiment_master_table.csv,.csv,True,3.0,11.0,,,0,,,,,,,False,False,False,False,False,False,non_ad2_or_summary,none,
results/stage8_paper_tables/stage8_method_pipeline_components.csv,.csv,True,6.0,6.0,,,0,,,,,,,False,False,False,False,False,False,non_ad2_or_summary,none,
results/stage8_paper_tables/table1_main_generalization.csv,.csv,True,3.0,8.0,,,0,,,,,,,False,False,False,False,False,False,non_ad2_or_summary,none,
results/stage8_paper_tables/table2_visa_backbone_reasoning.csv,.csv,True,2.0,8.0,,,0,,,,,,,False,False,False,False,False,False,non_ad2_or_summary,none,
results/stage8_paper_tables/tableA1_visa_detector_candidate_summary.csv,.csv,True,2.0,14.0,,,0,,,,,,,False,False,False,False,False,False,non_ad2_or_summary,none,
results/stage9_qcr_u/stage9_a0_input_structure.csv,.csv,True,184.0,19.0,,,0,path,,,,,,True,False,False,False,False,False,non_ad2_or_summary,none,
results/stage9_qcr_u/stage9_a1_qcr_u_fusion_predictions.csv,.csv,True,5000.0,23.0,category,,0,image_key,is_anomaly_final,detector_score_norm,vlm_score_norm,candidate_quality_norm,high_high_consistency,True,True,True,True,True,True,non_ad2_or_summary,none,detector;vlm;quality;consistency;label
results/stage9_qcr_u/stage9_a1_qcr_u_fusion_summary.csv,.csv,True,72.0,21.0,,,0,,,,,,,False,False,False,False,False,False,non_ad2_or_summary,none,
results/stage9_qcr_u/stage9_a2_qcr_u_macro_summary.csv,.csv,True,72.0,15.0,,,0,,,,,,,False,False,False,False,False,False,non_ad2_or_summary,none,
results/stage9_qcr_u/stage9_a2_qcr_u_per_category.csv,.csv,True,864.0,23.0,category,,0,,,,,,,False,False,False,False,False,False,non_ad2_or_summary,none,
results/stage9_qcr_u/stage9_a2_qcr_u_signal_diagnostics.csv,.csv,True,144.0,29.0,category,,0,,,,,,,False,False,False,False,False,False,non_ad2_or_summary,none,
results/stage9_qcr_u/stage9_a3_qcr_u_debiased_per_category.csv,.csv,True,1440.0,22.0,category,,0,,,,,,,False,False,False,False,False,False,non_ad2_or_summary,none,
results/stage9_qcr_u/stage9_a3_qcr_u_debiased_predictions.csv,.csv,True,5000.0,16.0,category,,0,image_key,is_anomaly_final,detector_score_norm,vlm_score_norm,candidate_quality_norm,high_high_consistency,True,True,True,True,True,True,non_ad2_or_summary,none,detector;vlm;quality;consistency;label
results/stage9_qcr_u/stage9_a3_qcr_u_debiased_summary.csv,.csv,True,120.0,21.0,,,0,,,,,,,False,False,False,False,False,False,non_ad2_or_summary,none,
results/visualizations/patchcore/MVTecAD/grid/failures/failure_cases.csv,.csv,True,8.0,9.0,category,,0,image_path,gt_label,,,,,True,True,False,False,False,False,non_ad2_or_summary,none,label
results/visualizations/patchcore/MVTecAD/leather/failures/failure_cases.csv,.csv,True,8.0,9.0,category,,0,image_path,gt_label,,,,,True,True,False,False,False,False,non_ad2_or_summary,none,label
results/visualizations/patchcore/MVTecAD/screw/failures/failure_cases.csv,.csv,True,8.0,9.0,category,,0,image_path,gt_label,,,,,True,True,False,False,False,False,non_ad2_or_summary,none,label
results/visualizations/patchcore/MVTecAD/wood/failures/failure_cases.csv,.csv,True,8.0,9.0,category,,0,image_path,gt_label,,,,,True,True,False,False,False,False,non_ad2_or_summary,none,label
