category,image_id,label,variant,D,MLP,new_saturation_fraction,D_peak_in_mask,D_defect_background_margin,MLP_peak_in_mask,MLP_defect_background_margin
candle,02bd8d596731ab3417010866,1,identity,61.67417907714844,6.107193470001221,0.0,True,6.111743927001953,True,2.460974931716919
candle,02bd8d596731ab3417010866,1,brightness_0.9,61.260196685791016,5.613897800445557,0.00016269790466436223,True,5.8897247314453125,True,2.4274415969848633
candle,02bd8d596731ab3417010866,1,brightness_1.1,61.96556091308594,6.557608127593994,0.10448628358867125,True,5.943202972412109,True,2.473508358001709
candle,02bd8d596731ab3417010866,1,contrast_0.9,60.98138427734375,5.770682334899902,0.0,True,5.843803405761719,True,2.3800570964813232
candle,02bd8d596731ab3417010866,1,contrast_1.1,61.88744354248047,6.438082218170166,0.12650139937979202,True,5.995639801025391,True,2.5499258041381836
candle,0337f49d30789e965adb6aa3,1,identity,35.48849105834961,1.825745940208435,0.0,False,-0.5870513916015625,False,-0.25982630252838135
candle,0337f49d30789e965adb6aa3,1,brightness_0.9,39.95307159423828,1.4285595417022705,0.00014513897779484773,False,-3.840442657470703,False,-0.11950957775115967
candle,0337f49d30789e965adb6aa3,1,brightness_1.1,35.78618621826172,2.184523820877075,0.10858795999943101,False,0.5467185974121094,False,-0.3587874174118042
candle,0337f49d30789e965adb6aa3,1,contrast_0.9,37.589393615722656,1.5348483324050903,0.0,False,-2.5493736267089844,False,-0.14470374584197998
candle,0337f49d30789e965adb6aa3,1,contrast_1.1,35.390769958496094,1.850751280784607,0.13142878988321313,False,-0.214019775390625,False,-0.13241314888000488
candle,0376a84cc136cb65b92d2401,0,identity,28.04451560974121,1.1917004585266113,0.0,,,,
candle,0376a84cc136cb65b92d2401,0,brightness_0.9,27.59541130065918,0.6447177529335022,0.00020359464572753525,,,,
candle,0376a84cc136cb65b92d2401,0,brightness_1.1,28.574186325073242,1.7987014055252075,0.06594688402395482,,,,
candle,0376a84cc136cb65b92d2401,0,contrast_0.9,28.3985652923584,1.0116808414459229,0.0,,,,
candle,0376a84cc136cb65b92d2401,0,contrast_1.1,28.155797958374023,1.5161304473876953,0.11558885972773439,,,,
candle,0397572d12c4b5519744c5d9,0,identity,28.700082778930664,1.0423237085342407,0.0,,,,
candle,0397572d12c4b5519744c5d9,0,brightness_0.9,29.248149871826172,0.5315502882003784,0.00011446642199746796,,,,
candle,0397572d12c4b5519744c5d9,0,brightness_1.1,27.34773063659668,1.1809383630752563,0.10814054076160401,,,,
candle,0397572d12c4b5519744c5d9,0,contrast_0.9,28.883800506591797,0.6471799612045288,0.0,,,,
candle,0397572d12c4b5519744c5d9,0,contrast_1.1,27.215757369995117,1.074557900428772,0.12797257073358084,,,,
candle,0405531b175ece4bbd28c84e,0,identity,28.520305633544922,1.0175734758377075,0.0,,,,
candle,0405531b175ece4bbd28c84e,0,brightness_0.9,29.310327529907227,0.9068524241447449,0.00031583841875417856,,,,
candle,0405531b175ece4bbd28c84e,0,brightness_1.1,29.171743392944336,1.324759602546692,0.04844063393504886,,,,
candle,0405531b175ece4bbd28c84e,0,contrast_0.9,28.59372901916504,0.8122202754020691,0.0,,,,
candle,0405531b175ece4bbd28c84e,0,contrast_1.1,29.65715217590332,1.2642302513122559,0.11902596409621759,,,,
candle,04c7bc4c4d076ed304e64942,1,identity,48.0602912902832,4.004486083984375,0.0,False,8.7127685546875,False,2.0630249977111816
candle,04c7bc4c4d076ed304e64942,1,brightness_0.9,48.710052490234375,3.6152188777923584,0.00013424799783780708,False,8.65291976928711,False,2.0229251384735107
candle,04c7bc4c4d076ed304e64942,1,brightness_1.1,49.07113265991211,4.414933681488037,0.10489413967481756,False,8.388725280761719,False,1.9785289764404297
candle,04c7bc4c4d076ed304e64942,1,contrast_0.9,48.33115005493164,3.709548234939575,0.0,False,8.929794311523438,False,2.010955810546875
candle,04c7bc4c4d076ed304e64942,1,contrast_1.1,48.71713638305664,4.410678863525391,0.12784810239121466,False,9.208293914794922,False,2.269561529159546
candle,07e83d7d169ce5da90f06bcb,0,identity,26.090246200561523,0.6122382283210754,0.0,,,,
candle,07e83d7d169ce5da90f06bcb,0,brightness_0.9,26.57958221435547,0.28032687306404114,0.000231377757862843,,,,
candle,07e83d7d169ce5da90f06bcb,0,brightness_1.1,26.504762649536133,1.0690940618515015,0.0957879468413491,,,,
candle,07e83d7d169ce5da90f06bcb,0,contrast_0.9,26.265066146850586,0.3735992908477783,0.0,,,,
candle,07e83d7d169ce5da90f06bcb,0,contrast_1.1,27.53479766845703,0.8781197667121887,0.1451060825900795,,,,
candle,090458eedba8b03d5dceaeaa,0,identity,30.974390029907227,0.9902337789535522,0.0,,,,
candle,090458eedba8b03d5dceaeaa,0,brightness_0.9,32.71933364868164,0.7771244645118713,0.0001511401300160742,,,,
candle,090458eedba8b03d5dceaeaa,0,brightness_1.1,29.72865867614746,1.3454909324645996,0.09128619361584091,,,,
candle,090458eedba8b03d5dceaeaa,0,contrast_0.9,31.785371780395508,0.8290497660636902,0.0,,,,
candle,090458eedba8b03d5dceaeaa,0,contrast_1.1,30.700281143188477,1.0558274984359741,0.13025234178295567,,,,
candle,0b8725cbe33f5e0feb795a4a,0,identity,28.930103302001953,0.7274962067604065,0.0,,,,
candle,0b8725cbe33f5e0feb795a4a,0,brightness_0.9,29.929235458374023,0.4099075198173523,0.0002905002204867779,,,,
candle,0b8725cbe33f5e0feb795a4a,0,brightness_1.1,29.136510848999023,1.197670340538025,0.052673002105293104,,,,
candle,0b8725cbe33f5e0feb795a4a,0,contrast_0.9,29.91035270690918,0.5770071744918823,0.0,,,,
candle,0b8725cbe33f5e0feb795a4a,0,contrast_1.1,28.941944122314453,0.9649372696876526,0.1124735949302266,,,,
candle,127520589c1faaae9b19ec3c,1,identity,37.57520294189453,2.0438709259033203,0.0,True,4.594669342041016,True,0.9651695489883423
candle,127520589c1faaae9b19ec3c,1,brightness_0.9,37.647823333740234,1.6396888494491577,0.00012869137541074552,True,4.598743438720703,True,0.7336868643760681
candle,127520589c1faaae9b19ec3c,1,brightness_1.1,36.21227264404297,2.107356309890747,0.10467520875119134,True,4.513788223266602,True,0.5223902463912964
candle,127520589c1faaae9b19ec3c,1,contrast_0.9,37.110355377197266,1.7344332933425903,0.0,True,4.276969909667969,True,0.7414677143096924
candle,127520589c1faaae9b19ec3c,1,contrast_1.1,36.47036361694336,2.061695098876953,0.1255143209718488,True,4.48284912109375,True,0.7227033376693726
candle,14332dc2dfe6114dc398c392,0,identity,25.761871337890625,0.49202656745910645,0.0,,,,
candle,14332dc2dfe6114dc398c392,0,brightness_0.9,27.317354202270508,0.25955137610435486,0.00014625030228026004,,,,
candle,14332dc2dfe6114dc398c392,0,brightness_1.1,27.649553298950195,1.0716657638549805,0.05844233203886257,,,,
candle,14332dc2dfe6114dc398c392,0,contrast_0.9,26.687408447265625,0.3987455666065216,0.0,,,,
candle,14332dc2dfe6114dc398c392,0,contrast_1.1,26.94707679748535,0.9153749346733093,0.09792569062148822,,,,
candle,1465cbb36ac902b4140e4c1d,1,identity,42.58832931518555,2.862473249435425,0.0,False,1.1514892578125,True,0.2712376117706299
candle,1465cbb36ac902b4140e4c1d,1,brightness_0.9,43.04365158081055,2.4922969341278076,0.00011624454117412765,False,1.5376319885253906,True,0.22112226486206055
candle,1465cbb36ac902b4140e4c1d,1,brightness_1.1,41.58351516723633,3.0408010482788086,0.07041863148835688,False,1.1748313903808594,True,0.05928921699523926
candle,1465cbb36ac902b4140e4c1d,1,contrast_0.9,42.97814178466797,2.658722162246704,0.0,False,1.4486122131347656,True,0.31390953063964844
candle,1465cbb36ac902b4140e4c1d,1,contrast_1.1,41.57382583618164,2.9219748973846436,0.10209760273972603,False,1.2322616577148438,True,0.05525016784667969
candle,152d0fd95c8887703acb0d8a,0,identity,30.164779663085938,0.939893901348114,0.0,,,,
candle,152d0fd95c8887703acb0d8a,0,brightness_0.9,30.660139083862305,0.6053236126899719,0.00015714128223730066,,,,
candle,152d0fd95c8887703acb0d8a,0,brightness_1.1,29.945777893066406,1.5650421380996704,0.09491755750437417,,,,
candle,152d0fd95c8887703acb0d8a,0,contrast_0.9,30.318471908569336,0.7740709185600281,0.0,,,,
candle,152d0fd95c8887703acb0d8a,0,contrast_1.1,30.7636775970459,1.3191450834274292,0.12788811007268952,,,,
candle,15d1b4999c94ed929aba6f73,1,identity,46.049903869628906,3.7157657146453857,0.0,True,3.2229537963867188,True,1.706516981124878
candle,15d1b4999c94ed929aba6f73,1,brightness_0.9,46.03461837768555,3.33630108833313,0.00013913782557362125,True,3.0444297790527344,True,1.727636694908142
candle,15d1b4999c94ed929aba6f73,1,brightness_1.1,45.06978988647461,4.083792686462402,0.08977990440831306,True,3.0574569702148438,True,1.8932862281799316
candle,15d1b4999c94ed929aba6f73,1,contrast_0.9,45.98181915283203,3.4040045738220215,0.0,True,3.646270751953125,True,1.7544341087341309
candle,15d1b4999c94ed929aba6f73,1,contrast_1.1,45.71553421020508,4.06414270401001,0.11722650748943797,True,3.014911651611328,True,1.8680543899536133
candle,16371c78eea616c440a3b728,1,identity,38.14155578613281,2.014697790145874,0.0,True,1.3560371398925781,True,0.5611363649368286
candle,16371c78eea616c440a3b728,1,brightness_0.9,38.75956726074219,1.6737051010131836,0.00016136431528186745,True,1.21429443359375,True,0.5502099990844727
candle,16371c78eea616c440a3b728,1,brightness_1.1,37.8459587097168,2.204378366470337,0.10343185891691205,True,1.628204345703125,True,0.6113446950912476
candle,16371c78eea616c440a3b728,1,contrast_0.9,38.186256408691406,1.7624197006225586,0.0,True,1.2114372253417969,True,0.5075126886367798
candle,16371c78eea616c440a3b728,1,contrast_1.1,37.742347717285156,2.133431911468506,0.13124764399209093,True,1.5217742919921875,True,0.7807457447052002
candle,164a61895f124d74a7c4405b,1,identity,48.47257995605469,2.800468683242798,0.0,True,3.8736343383789062,True,0.7189147472381592
candle,164a61895f124d74a7c4405b,1,brightness_0.9,49.987266540527344,2.5994865894317627,0.00011335509751205564,True,4.688560485839844,True,0.9695422649383545
candle,164a61895f124d74a7c4405b,1,brightness_1.1,45.85622024536133,2.7109689712524414,0.09676857956727691,True,3.1280670166015625,True,0.4776649475097656
candle,164a61895f124d74a7c4405b,1,contrast_0.9,51.70914077758789,3.0036821365356445,0.0,True,6.626441955566406,True,1.384480595588684
candle,164a61895f124d74a7c4405b,1,contrast_1.1,45.829349517822266,2.5857136249542236,0.12356683594361229,True,2.6919593811035156,True,0.36170005798339844
candle,171adaf8191f9b9b11622eaa,0,identity,27.636829376220703,0.5787222981452942,0.0,,,,
candle,171adaf8191f9b9b11622eaa,0,brightness_0.9,28.610652923583984,0.2480250597000122,0.0001475838916627548,,,,
candle,171adaf8191f9b9b11622eaa,0,brightness_1.1,28.17231559753418,1.173125147819519,0.053289342664902775,,,,
candle,171adaf8191f9b9b11622eaa,0,contrast_0.9,28.0987606048584,0.37878698110580444,0.0,,,,
candle,171adaf8191f9b9b11622eaa,0,contrast_1.1,28.772342681884766,0.8628908395767212,0.09463239164141737,,,,
candle,1957eccd65cb87cda25c940f,1,identity,50.812381744384766,4.963817119598389,0.0,False,3.6453933715820312,True,2.331624746322632
candle,1957eccd65cb87cda25c940f,1,brightness_0.9,50.609622955322266,4.3970746994018555,0.00013802650108820893,True,3.549663543701172,True,2.2510573863983154
candle,1957eccd65cb87cda25c940f,1,brightness_1.1,51.554412841796875,5.518016338348389,0.10046884557390574,False,3.682952880859375,True,2.270981550216675
candle,1957eccd65cb87cda25c940f,1,contrast_0.9,50.87970733642578,4.616359710693359,0.0,True,3.4022750854492188,True,2.185792922973633
candle,1957eccd65cb87cda25c940f,1,contrast_1.1,51.85987854003906,5.41887092590332,0.1241636171922787,False,3.4182205200195312,True,2.594144821166992
candle,1ba5359ad13a8a9089d50cb2,1,identity,47.4161376953125,3.5401837825775146,0.0,True,2.5407028198242188,True,0.6189684867858887
candle,1ba5359ad13a8a9089d50cb2,1,brightness_0.9,47.51811981201172,3.106553077697754,0.00010979885915873626,True,2.628814697265625,True,0.708878755569458
candle,1ba5359ad13a8a9089d50cb2,1,brightness_1.1,44.852439880371094,3.4960415363311768,0.09959912303162208,True,1.4105072021484375,True,0.3921470642089844
candle,1ba5359ad13a8a9089d50cb2,1,contrast_0.9,47.2885856628418,3.238805055618286,0.0,True,2.51385498046875,True,0.5945909023284912
candle,1ba5359ad13a8a9089d50cb2,1,contrast_1.1,45.05868148803711,3.470191478729248,0.11845652142989231,True,2.152240753173828,True,0.592130184173584
candle,1c17d2c430226e43ea124d85,0,identity,27.87546730041504,0.7063799500465393,0.0,,,,
candle,1c17d2c430226e43ea124d85,0,brightness_0.9,28.786022186279297,0.4866868853569031,0.00017069944095933086,,,,
candle,1c17d2c430226e43ea124d85,0,brightness_1.1,29.618432998657227,1.137581706047058,0.08477383213132476,,,,
candle,1c17d2c430226e43ea124d85,0,contrast_0.9,28.5700740814209,0.5760237574577332,0.0,,,,
candle,1c17d2c430226e43ea124d85,0,contrast_1.1,28.6583194732666,1.0577565431594849,0.12414294655685003,,,,
candle,1c550c6a0bf286189a4768e1,0,identity,29.61829376220703,0.9509487748146057,0.0,,,,
candle,1c550c6a0bf286189a4768e1,0,brightness_0.9,29.94452476501465,0.6571366190910339,0.00014669483207442496,,,,
candle,1c550c6a0bf286189a4768e1,0,brightness_1.1,29.96611976623535,1.20967698097229,0.05153789527589297,,,,
candle,1c550c6a0bf286189a4768e1,0,contrast_0.9,29.8566951751709,0.7356503009796143,0.0,,,,
candle,1c550c6a0bf286189a4768e1,0,contrast_1.1,30.095909118652344,0.9082375764846802,0.09316766596964395,,,,
candle,20410585cac5208e0a0f7532,0,identity,29.32308578491211,0.40044111013412476,0.0,,,,
candle,20410585cac5208e0a0f7532,0,brightness_0.9,29.591552734375,0.08157051354646683,0.0004165244171325339,,,,
candle,20410585cac5208e0a0f7532,0,brightness_1.1,30.973690032958984,0.8240209817886353,0.04611507631687506,,,,
candle,20410585cac5208e0a0f7532,0,contrast_0.9,28.968740463256836,0.1718231737613678,0.0,,,,
candle,20410585cac5208e0a0f7532,0,contrast_1.1,30.277002334594727,0.7363173365592957,0.11805600008534972,,,,
candle,206dcc79be4ebd28bb821bd5,0,identity,24.720321655273438,0.34399157762527466,0.0,,,,
candle,206dcc79be4ebd28bb821bd5,0,brightness_0.9,25.011262893676758,0.0678432360291481,0.00012846911051366306,,,,
candle,206dcc79be4ebd28bb821bd5,0,brightness_1.1,26.90277862548828,0.7216320633888245,0.07042040960753354,,,,
candle,206dcc79be4ebd28bb821bd5,0,contrast_0.9,24.76829719543457,0.13898293673992157,0.0,,,,
candle,206dcc79be4ebd28bb821bd5,0,contrast_1.1,25.694116592407227,0.6056491136550903,0.1059583440020484,,,,
candle,22dec60b6af2e8c94be95e24,0,identity,41.04605484008789,1.4998716115951538,0.0,,,,
candle,22dec60b6af2e8c94be95e24,0,brightness_0.9,40.8252067565918,1.1113773584365845,0.00014736162676567234,,,,
candle,22dec60b6af2e8c94be95e24,0,brightness_1.1,40.69343566894531,1.655251383781433,0.0661878191723922,,,,
candle,22dec60b6af2e8c94be95e24,0,contrast_0.9,40.18560791015625,1.3025261163711548,0.0,,,,
candle,22dec60b6af2e8c94be95e24,0,contrast_1.1,41.52317810058594,1.5460039377212524,0.10874754619553621,,,,
candle,23e908cb5ae2243950b9b570,1,identity,42.029598236083984,4.061868667602539,0.0,True,4.032947540283203,True,2.0715808868408203
candle,23e908cb5ae2243950b9b570,1,brightness_0.9,41.97533416748047,3.5829946994781494,0.0001329144084553123,True,4.393718719482422,True,1.9941824674606323
candle,23e908cb5ae2243950b9b570,1,brightness_1.1,41.13573455810547,4.330748558044434,0.10234076053713424,True,3.6701011657714844,True,2.063556432723999
candle,23e908cb5ae2243950b9b570,1,contrast_0.9,42.01461410522461,3.804884433746338,0.0,True,4.602264404296875,True,2.1696481704711914
candle,23e908cb5ae2243950b9b570,1,contrast_1.1,41.55366516113281,4.291631698608398,0.12164046608059859,True,4.1287078857421875,True,2.2116010189056396
candle,25cf114d9f935bb74411ce61,0,identity,25.178321838378906,0.6188271641731262,0.0,,,,
candle,25cf114d9f935bb74411ce61,0,brightness_0.9,25.718978881835938,0.2197355180978775,0.00038762998051181384,,,,
candle,25cf114d9f935bb74411ce61,0,brightness_1.1,25.708038330078125,0.9694420695304871,0.04559831043115834,,,,
candle,25cf114d9f935bb74411ce61,0,contrast_0.9,25.5029239654541,0.3579612374305725,0.0,,,,
candle,25cf114d9f935bb74411ce61,0,contrast_1.1,26.295978546142578,0.8213332891464233,0.12264110264726383,,,,
candle,25f27de6af83355048803af0,1,identity,39.50371170043945,3.094187021255493,0.0,True,5.778789520263672,True,1.333175539970398
candle,25f27de6af83355048803af0,1,brightness_0.9,39.01648712158203,2.595799207687378,0.00017003264626808348,True,5.099704742431641,True,1.123840570449829
candle,25f27de6af83355048803af0,1,brightness_1.1,38.38019561767578,3.209134817123413,0.05286037141353362,True,4.981254577636719,True,1.098484992980957
candle,25f27de6af83355048803af0,1,contrast_0.9,39.41972732543945,2.7962448596954346,0.0,True,5.457004547119141,True,1.2029142379760742
candle,25f27de6af83355048803af0,1,contrast_1.1,38.696075439453125,3.1296544075012207,0.08812269733566623,True,4.808055877685547,True,1.2643964290618896
candle,2848f0f0cce91ec34d541f46,1,identity,32.897586822509766,2.705430746078491,0.0,True,1.4679279327392578,True,0.9970641136169434
candle,2848f0f0cce91ec34d541f46,1,brightness_0.9,33.1199951171875,2.2034480571746826,0.00015091786511899172,True,0.12618255615234375,True,0.8119072914123535
candle,2848f0f0cce91ec34d541f46,1,brightness_1.1,34.65157699584961,3.1578900814056396,0.059097791220358756,False,1.9498634338378906,True,1.1329951286315918
candle,2848f0f0cce91ec34d541f46,1,contrast_0.9,32.811195373535156,2.3617894649505615,0.0,True,0.10846328735351562,True,0.8174952268600464
candle,2848f0f0cce91ec34d541f46,1,contrast_1.1,34.5479736328125,3.110856771469116,0.09075520277671091,False,2.143472671508789,True,1.2907732725143433
candle,28858dc685de10032ea5c704,1,identity,42.51015853881836,2.6188204288482666,0.0,False,-8.354530334472656,True,1.2989099025726318
candle,28858dc685de10032ea5c704,1,brightness_0.9,42.239105224609375,2.3472859859466553,0.00011957851463036458,False,-7.521541595458984,True,1.3236517906188965
candle,28858dc685de10032ea5c704,1,brightness_1.1,42.86235809326172,3.0587427616119385,0.06273271134724534,False,-7.773265838623047,True,1.421246886253357
candle,28858dc685de10032ea5c704,1,contrast_0.9,42.42900848388672,2.5335118770599365,0.0,False,-7.892024993896484,True,1.4310990571975708
candle,28858dc685de10032ea5c704,1,contrast_1.1,42.378902435302734,2.8030848503112793,0.0926500110243389,False,-8.045799255371094,True,1.3419580459594727
candle,28a912bcbfc060adbd6b5c80,0,identity,25.77560043334961,0.7188664078712463,0.0,,,,
candle,28a912bcbfc060adbd6b5c80,0,brightness_0.9,27.224884033203125,0.517016589641571,0.00016469828873810438,,,,
candle,28a912bcbfc060adbd6b5c80,0,brightness_1.1,26.57265853881836,1.230472445487976,0.06283517546480036,,,,
candle,28a912bcbfc060adbd6b5c80,0,contrast_0.9,26.487756729125977,0.6029190421104431,0.0,,,,
candle,28a912bcbfc060adbd6b5c80,0,contrast_1.1,26.718002319335938,1.015329122543335,0.10874954657960995,,,,
candle,2ae17c08f2618611a574a091,1,identity,45.518211364746094,3.356994867324829,0.0,True,8.088172912597656,True,2.135194778442383
candle,2ae17c08f2618611a574a091,1,brightness_0.9,45.63959884643555,2.8577592372894287,0.00015314051408981636,True,8.733757019042969,True,2.1607351303100586
candle,2ae17c08f2618611a574a091,1,brightness_1.1,45.75138473510742,3.6262009143829346,0.05302462517247756,True,7.859809875488281,True,2.110973358154297
candle,2ae17c08f2618611a574a091,1,contrast_0.9,45.49095153808594,3.0225536823272705,0.0,True,8.647842407226562,True,2.1883630752563477
candle,2ae17c08f2618611a574a091,1,contrast_1.1,45.41261291503906,3.520732879638672,0.0942494292237443,True,7.714225769042969,True,2.0578510761260986
candle,2b6509024bae3e6bccca7363,1,identity,54.97867202758789,3.4272289276123047,0.0,False,-15.192691802978516,False,0.7024004459381104
candle,2b6509024bae3e6bccca7363,1,brightness_0.9,54.75442886352539,2.9529354572296143,0.0001575858120314656,False,-15.12619400024414,False,0.6602039337158203
candle,2b6509024bae3e6bccca7363,1,brightness_1.1,55.15101623535156,3.6918833255767822,0.05424530398725444,False,-15.884696960449219,True,0.8829512596130371
candle,2b6509024bae3e6bccca7363,1,contrast_0.9,54.623477935791016,3.1064183712005615,0.0,False,-14.859050750732422,False,0.6381895542144775
candle,2b6509024bae3e6bccca7363,1,contrast_1.1,55.438777923583984,3.6782031059265137,0.08850076992560349,False,-15.872840881347656,True,0.8909096717834473
capsules,0230568537d49a20054718fc,1,identity,47.63846206665039,3.681995153427124,0.0,True,3.3106765747070312,True,2.6481051445007324
capsules,0230568537d49a20054718fc,1,brightness_0.9,47.32273864746094,2.9831626415252686,6.466666666666666e-05,True,2.900482177734375,True,2.169100046157837
capsules,0230568537d49a20054718fc,1,brightness_1.1,47.655582427978516,4.183554172515869,0.0051482222222222224,True,3.3322410583496094,True,3.0832903385162354
capsules,0230568537d49a20054718fc,1,contrast_0.9,47.57718276977539,3.348950147628784,0.0,True,3.2525634765625,True,2.436239004135132
capsules,0230568537d49a20054718fc,1,contrast_1.1,47.71951675415039,3.9730660915374756,0.012560444444444445,True,3.3344955444335938,True,2.6687064170837402
capsules,034819db59fed268623329cd,0,identity,42.11896896362305,0.8199595212936401,0.0,,,,
capsules,034819db59fed268623329cd,0,brightness_0.9,41.48225402832031,-0.0708012580871582,3.555555555555555e-05,,,,
capsules,034819db59fed268623329cd,0,brightness_1.1,42.49671173095703,1.4544432163238525,0.007546888888888889,,,,
capsules,034819db59fed268623329cd,0,contrast_0.9,41.447330474853516,0.4561675488948822,0.0,,,,
capsules,034819db59fed268623329cd,0,contrast_1.1,43.00603103637695,1.1948879957199097,0.009026444444444445,,,,
capsules,03d8ab7c6352f052febc78e0,0,identity,38.82362747192383,0.08004862070083618,0.0,,,,
capsules,03d8ab7c6352f052febc78e0,0,brightness_0.9,38.53317642211914,-0.8198729753494263,5.888888888888889e-05,,,,
capsules,03d8ab7c6352f052febc78e0,0,brightness_1.1,39.31419372558594,0.950767993927002,0.005055777777777778,,,,
capsules,03d8ab7c6352f052febc78e0,0,contrast_0.9,38.946380615234375,-0.2272222936153412,0.0,,,,
capsules,03d8ab7c6352f052febc78e0,0,contrast_1.1,39.218387603759766,0.49222108721733093,0.010124888888888888,,,,
capsules,05b91854e3218bb7fff74ab9,1,identity,54.65210723876953,5.468482494354248,0.0,True,6.108547210693359,True,3.6912941932678223
capsules,05b91854e3218bb7fff74ab9,1,brightness_0.9,54.54922866821289,4.791656494140625,3.222222222222222e-05,True,6.243988037109375,True,3.592611789703369
capsules,05b91854e3218bb7fff74ab9,1,brightness_1.1,55.265167236328125,6.018485069274902,0.006821777777777778,True,6.217948913574219,True,3.797863483428955
capsules,05b91854e3218bb7fff74ab9,1,contrast_0.9,54.438480377197266,5.144618034362793,0.0,True,6.2227783203125,True,3.7122724056243896
capsules,05b91854e3218bb7fff74ab9,1,contrast_1.1,55.1495475769043,5.751846790313721,0.009660666666666666,True,6.267711639404297,True,3.7590553760528564
capsules,0632f91792b863bb94bb5ecb,0,identity,36.87445068359375,-1.550896406173706,0.0,,,,
capsules,0632f91792b863bb94bb5ecb,0,brightness_0.9,36.97092056274414,-1.9602742195129395,4.111111111111111e-05,,,,
capsules,0632f91792b863bb94bb5ecb,0,brightness_1.1,36.83529281616211,-1.1089876890182495,0.007628444444444445,,,,
capsules,0632f91792b863bb94bb5ecb,0,contrast_0.9,37.07001495361328,-1.7132197618484497,0.0,,,,
capsules,0632f91792b863bb94bb5ecb,0,contrast_1.1,36.85321044921875,-1.4255449771881104,0.011132,,,,
capsules,074325c08472083d737fcba6,1,identity,51.75508117675781,4.31369161605835,0.0,True,3.5537643432617188,True,1.7349536418914795
capsules,074325c08472083d737fcba6,1,brightness_0.9,51.366668701171875,3.584398031234741,3.6222222222222225e-05,True,3.2527809143066406,True,1.5453128814697266
capsules,074325c08472083d737fcba6,1,brightness_1.1,52.27484893798828,4.8055033683776855,0.007168444444444444,True,3.9333534240722656,True,1.9255387783050537
capsules,074325c08472083d737fcba6,1,contrast_0.9,51.399696350097656,3.9486401081085205,0.0,True,3.4435958862304688,True,1.6551032066345215
capsules,074325c08472083d737fcba6,1,contrast_1.1,52.2533073425293,4.590845584869385,0.011113333333333333,True,3.6431121826171875,True,1.8064651489257812
capsules,09dc9cfb0f5f0c6e5358d145,1,identity,45.89024353027344,3.2265965938568115,0.0,True,1.0298957824707031,True,1.4487690925598145
capsules,09dc9cfb0f5f0c6e5358d145,1,brightness_0.9,46.012142181396484,2.5959527492523193,5.333333333333333e-05,True,0.8723945617675781,True,1.3448810577392578
capsules,09dc9cfb0f5f0c6e5358d145,1,brightness_1.1,46.01531219482422,3.707613945007324,0.005650444444444444,True,0.7390213012695312,True,1.2661371231079102
capsules,09dc9cfb0f5f0c6e5358d145,1,contrast_0.9,45.953712463378906,2.9782416820526123,0.0,True,1.0767822265625,True,1.412804365158081
capsules,09dc9cfb0f5f0c6e5358d145,1,contrast_1.1,46.15930938720703,3.456397771835327,0.010277555555555555,True,0.6059112548828125,True,1.3290672302246094
capsules,0b38ea5bd86c4923a78bc374,1,identity,58.62532424926758,5.421489238739014,0.0,True,17.54608917236328,True,5.192965984344482
capsules,0b38ea5bd86c4923a78bc374,1,brightness_0.9,57.93695068359375,4.833341121673584,5.4444444444444446e-05,True,16.928672790527344,True,5.094404220581055
capsules,0b38ea5bd86c4923a78bc374,1,brightness_1.1,58.64596176147461,5.6830010414123535,0.007947555555555555,True,17.693584442138672,True,5.046820640563965
capsules,0b38ea5bd86c4923a78bc374,1,contrast_0.9,58.15408706665039,5.068462371826172,0.0,True,17.397903442382812,True,5.091501712799072
capsules,0b38ea5bd86c4923a78bc374,1,contrast_1.1,58.960731506347656,5.663721084594727,0.010051333333333334,True,17.756866455078125,True,5.245579719543457
capsules,0d3deca4b0e32e2057cae97f,1,identity,45.34322738647461,3.873328447341919,0.0,True,3.696197509765625,True,1.8758854866027832
capsules,0d3deca4b0e32e2057cae97f,1,brightness_0.9,45.892311096191406,3.450876474380493,4.644444444444445e-05,True,3.6330108642578125,True,1.9616578817367554
capsules,0d3deca4b0e32e2057cae97f,1,brightness_1.1,45.828857421875,4.330451488494873,0.006574222222222223,True,3.79095458984375,True,1.9289114475250244
capsules,0d3deca4b0e32e2057cae97f,1,contrast_0.9,45.645233154296875,3.7602379322052,0.0,True,3.6865234375,True,2.059018611907959
capsules,0d3deca4b0e32e2057cae97f,1,contrast_1.1,45.631656646728516,3.9918034076690674,0.010968666666666666,True,3.7140274047851562,True,1.7866566181182861
capsules,0dc091049dc0a1f03092bd10,0,identity,39.56839370727539,0.7933281660079956,0.0,,,,
capsules,0dc091049dc0a1f03092bd10,0,brightness_0.9,40.4017333984375,0.31821349263191223,3.2444444444444446e-05,,,,
capsules,0dc091049dc0a1f03092bd10,0,brightness_1.1,40.14044189453125,1.474227786064148,0.006854444444444444,,,,
capsules,0dc091049dc0a1f03092bd10,0,contrast_0.9,39.895931243896484,0.6204047203063965,0.0,,,,
capsules,0dc091049dc0a1f03092bd10,0,contrast_1.1,39.76174545288086,1.1085652112960815,0.010698,,,,
capsules,0e3e18366515ae2514a8e77d,1,identity,50.41484451293945,4.570934772491455,0.0,True,11.911190032958984,True,4.825710773468018
capsules,0e3e18366515ae2514a8e77d,1,brightness_0.9,49.36021041870117,3.807466983795166,3.866666666666667e-05,True,11.504650115966797,True,4.613982200622559
capsules,0e3e18366515ae2514a8e77d,1,brightness_1.1,50.65044403076172,4.831631183624268,0.006522,True,11.741531372070312,True,4.362498760223389
capsules,0e3e18366515ae2514a8e77d,1,contrast_0.9,49.50428771972656,4.200281143188477,0.0,True,11.669380187988281,True,4.853260517120361
capsules,0e3e18366515ae2514a8e77d,1,contrast_1.1,50.716793060302734,4.71968936920166,0.009102222222222222,True,11.826492309570312,True,4.616178035736084
capsules,0f78e1718fe95a9f71163e8b,0,identity,39.05570983886719,-0.6752022504806519,0.0,,,,
capsules,0f78e1718fe95a9f71163e8b,0,brightness_0.9,38.85417556762695,-1.3995678424835205,4.4444444444444447e-05,,,,
capsules,0f78e1718fe95a9f71163e8b,0,brightness_1.1,39.19209671020508,-0.10305818915367126,0.0055617777777777775,,,,
capsules,0f78e1718fe95a9f71163e8b,0,contrast_0.9,38.63438034057617,-1.0396997928619385,0.0,,,,
capsules,0f78e1718fe95a9f71163e8b,0,contrast_1.1,39.483463287353516,-0.3399246335029602,0.009106222222222222,,,,
capsules,1105707fa54824973b85fcd2,1,identity,45.823577880859375,2.906573534011841,0.0,False,2.4819259643554688,False,0.9070501327514648
capsules,1105707fa54824973b85fcd2,1,brightness_0.9,45.42357635498047,2.2770659923553467,0.00014444444444444444,False,2.1312332153320312,False,0.7483822107315063
capsules,1105707fa54824973b85fcd2,1,brightness_1.1,46.399600982666016,3.5080654621124268,0.005799555555555555,False,2.8227691650390625,False,1.075270652770996
capsules,1105707fa54824973b85fcd2,1,contrast_0.9,45.37173843383789,2.620551586151123,0.0,False,2.273792266845703,False,0.8450994491577148
capsules,1105707fa54824973b85fcd2,1,contrast_1.1,46.34944152832031,3.2313437461853027,0.01647511111111111,False,2.575519561767578,False,0.9431185722351074
capsules,1231df93803c72ad88984451,1,identity,56.74406814575195,5.996603965759277,0.0,True,16.115375518798828,True,6.488316059112549
capsules,1231df93803c72ad88984451,1,brightness_0.9,56.43755340576172,5.263715744018555,0.0001857777777777778,True,15.683853149414062,True,5.882541656494141
capsules,1231df93803c72ad88984451,1,brightness_1.1,57.09239196777344,6.319581031799316,0.005399555555555556,True,16.22580337524414,True,6.123973846435547
capsules,1231df93803c72ad88984451,1,contrast_0.9,56.268489837646484,5.485518455505371,0.0,True,15.87912368774414,True,6.079606056213379
capsules,1231df93803c72ad88984451,1,contrast_1.1,57.26796340942383,6.285067558288574,0.017606666666666666,True,16.09963607788086,True,6.410206317901611
capsules,126ea6ab4ad2ded6c054b50d,1,identity,40.88459014892578,1.8470323085784912,0.0,True,3.868305206298828,True,2.3098387718200684
capsules,126ea6ab4ad2ded6c054b50d,1,brightness_0.9,41.097023010253906,1.2789111137390137,4.222222222222222e-05,True,4.020565032958984,True,1.9242593050003052
capsules,126ea6ab4ad2ded6c054b50d,1,brightness_1.1,42.26502990722656,2.704223394393921,0.006848666666666667,True,4.462070465087891,True,2.694347620010376
capsules,126ea6ab4ad2ded6c054b50d,1,contrast_0.9,41.0052604675293,1.6147964000701904,0.0,True,4.021507263183594,True,2.2904555797576904
capsules,126ea6ab4ad2ded6c054b50d,1,contrast_1.1,41.54343032836914,2.1797752380371094,0.009845555555555555,True,4.187633514404297,True,2.453603506088257
capsules,19ac65f02264b423eb5c985f,1,identity,45.411930084228516,3.3094053268432617,0.0,True,2.4223098754882812,True,2.063016653060913
capsules,19ac65f02264b423eb5c985f,1,brightness_0.9,45.40934371948242,2.5477702617645264,4.111111111111111e-05,True,1.5708656311035156,True,1.8002896308898926
capsules,19ac65f02264b423eb5c985f,1,brightness_1.1,46.856300354003906,4.005097389221191,0.006906,True,3.294292449951172,True,2.1600146293640137
capsules,19ac65f02264b423eb5c985f,1,contrast_0.9,45.12812423706055,2.953319787979126,0.0,True,2.0760650634765625,True,1.9819940328598022
capsules,19ac65f02264b423eb5c985f,1,contrast_1.1,46.314762115478516,3.651573657989502,0.010951111111111111,True,2.875102996826172,True,2.0077242851257324
capsules,1a194723ee0217fa9e1c4eec,0,identity,37.227752685546875,-1.1057363748550415,0.0,,,,
capsules,1a194723ee0217fa9e1c4eec,0,brightness_0.9,37.316139221191406,-1.0918715000152588,5.5333333333333334e-05,,,,
capsules,1a194723ee0217fa9e1c4eec,0,brightness_1.1,37.560306549072266,-0.3148106634616852,0.005923777777777778,,,,
capsules,1a194723ee0217fa9e1c4eec,0,contrast_0.9,37.43443298339844,-0.9648380279541016,0.0,,,,
capsules,1a194723ee0217fa9e1c4eec,0,contrast_1.1,37.74472427368164,-0.763562798500061,0.00972911111111111,,,,
capsules,1aea693e1f4615c67d9117cd,1,identity,56.89656066894531,6.106503963470459,0.0,True,3.582843780517578,True,1.7264246940612793
capsules,1aea693e1f4615c67d9117cd,1,brightness_0.9,56.79082107543945,5.280253887176514,3.733333333333333e-05,True,3.4515380859375,True,1.442253828048706
capsules,1aea693e1f4615c67d9117cd,1,brightness_1.1,57.04755401611328,6.374269962310791,0.006471333333333333,True,3.8627395629882812,True,1.8055987358093262
capsules,1aea693e1f4615c67d9117cd,1,contrast_0.9,56.59867858886719,5.725429058074951,0.0,True,3.496356964111328,True,1.6579461097717285
capsules,1aea693e1f4615c67d9117cd,1,contrast_1.1,57.17307662963867,6.255711078643799,0.011914444444444445,True,3.6882400512695312,True,1.7668280601501465
capsules,1bfcf025d1a0e6201d1bcbfe,0,identity,38.379791259765625,-0.7128424644470215,0.0,,,,
capsules,1bfcf025d1a0e6201d1bcbfe,0,brightness_0.9,38.44462203979492,-1.34772789478302,3e-05,,,,
capsules,1bfcf025d1a0e6201d1bcbfe,0,brightness_1.1,38.499759674072266,-0.2757103741168976,0.00800488888888889,,,,
capsules,1bfcf025d1a0e6201d1bcbfe,0,contrast_0.9,38.51248550415039,-0.8513189554214478,0.0,,,,
capsules,1bfcf025d1a0e6201d1bcbfe,0,contrast_1.1,38.46080017089844,-0.557197093963623,0.012636666666666666,,,,
capsules,1e834e3ec0a0f99cc61db643,1,identity,60.12654113769531,7.899731159210205,0.0,True,20.934246063232422,True,8.756464958190918
capsules,1e834e3ec0a0f99cc61db643,1,brightness_0.9,60.29153060913086,7.51796817779541,4.6666666666666665e-05,True,21.365814208984375,True,8.516668319702148
capsules,1e834e3ec0a0f99cc61db643,1,brightness_1.1,59.86936569213867,7.7944135665893555,0.007768,True,20.624977111816406,True,8.529786109924316
capsules,1e834e3ec0a0f99cc61db643,1,contrast_0.9,59.94472885131836,7.647959232330322,0.0,True,21.186389923095703,True,8.662290573120117
capsules,1e834e3ec0a0f99cc61db643,1,contrast_1.1,60.35886001586914,8.027132034301758,0.010065333333333334,True,20.99609375,True,8.74680233001709
capsules,1f9d63139f3b6ecb2d4b6e65,0,identity,36.15711975097656,-1.9181385040283203,0.0,,,,
capsules,1f9d63139f3b6ecb2d4b6e65,0,brightness_0.9,36.22887420654297,-2.3805272579193115,4.888888888888889e-05,,,,
capsules,1f9d63139f3b6ecb2d4b6e65,0,brightness_1.1,36.23786163330078,-1.4357643127441406,0.007469333333333333,,,,
capsules,1f9d63139f3b6ecb2d4b6e65,0,contrast_0.9,36.132957458496094,-2.1317663192749023,0.0,,,,
capsules,1f9d63139f3b6ecb2d4b6e65,0,contrast_1.1,36.47404098510742,-1.7726887464523315,0.011306222222222223,,,,
capsules,25af3dad41b1dd1d352cfeb9,1,identity,37.65052795410156,-0.33060750365257263,0.0,False,-0.10825347900390625,True,1.129508376121521
capsules,25af3dad41b1dd1d352cfeb9,1,brightness_0.9,37.63493728637695,-0.6330386400222778,8.11111111111111e-05,True,0.4764213562011719,True,0.9122637510299683
capsules,25af3dad41b1dd1d352cfeb9,1,brightness_1.1,37.981468200683594,0.21981367468833923,0.005761777777777778,True,0.1496734619140625,True,1.3347337245941162
capsules,25af3dad41b1dd1d352cfeb9,1,contrast_0.9,37.665130615234375,-0.38290801644325256,0.0,True,0.18285369873046875,True,1.0429590940475464
capsules,25af3dad41b1dd1d352cfeb9,1,contrast_1.1,37.86378860473633,-0.11862438917160034,0.011706666666666667,True,0.024295806884765625,True,1.187706708908081
capsules,2a1ff0250299abe415b0a6a8,0,identity,37.34126281738281,-1.4944756031036377,0.0,,,,
capsules,2a1ff0250299abe415b0a6a8,0,brightness_0.9,37.371273040771484,-1.9610710144042969,3.644444444444444e-05,,,,
capsules,2a1ff0250299abe415b0a6a8,0,brightness_1.1,37.661136627197266,-0.5464096069335938,0.006559333333333334,,,,
capsules,2a1ff0250299abe415b0a6a8,0,contrast_0.9,37.055335998535156,-1.5460515022277832,0.0,,,,
capsules,2a1ff0250299abe415b0a6a8,0,contrast_1.1,37.83907699584961,-1.1950360536575317,0.010269333333333333,,,,
capsules,2a7e6ad0e13612f0c7fcb2d0,1,identity,53.24064254760742,4.665276527404785,0.0,True,2.4991111755371094,False,-0.667334794998169
capsules,2a7e6ad0e13612f0c7fcb2d0,1,brightness_0.9,53.49827194213867,4.064563274383545,2.422222222222222e-05,True,2.5365943908691406,False,-0.6802723407745361
capsules,2a7e6ad0e13612f0c7fcb2d0,1,brightness_1.1,53.2227783203125,5.273690700531006,0.006735111111111111,True,2.1186676025390625,False,-0.7761116027832031
capsules,2a7e6ad0e13612f0c7fcb2d0,1,contrast_0.9,53.48491287231445,4.311314105987549,0.0,True,2.8333969116210938,False,-0.42171359062194824
capsules,2a7e6ad0e13612f0c7fcb2d0,1,contrast_1.1,53.16376495361328,5.002157688140869,0.008162,True,2.09698486328125,False,-0.9056034088134766
capsules,2dcba40fe36bbfa17f56a50c,1,identity,50.26922607421875,4.9224677085876465,0.0,True,7.0193939208984375,True,5.482721328735352
capsules,2dcba40fe36bbfa17f56a50c,1,brightness_0.9,50.358314514160156,4.511768341064453,3.511111111111111e-05,True,7.3837127685546875,True,5.166214942932129
capsules,2dcba40fe36bbfa17f56a50c,1,brightness_1.1,50.693382263183594,5.461216449737549,0.008011333333333334,True,7.2420196533203125,False,5.799643516540527
capsules,2dcba40fe36bbfa17f56a50c,1,contrast_0.9,50.30583572387695,4.753897190093994,0.0,True,7.195949554443359,True,5.471911907196045
capsules,2dcba40fe36bbfa17f56a50c,1,contrast_1.1,50.5312614440918,5.164770603179932,0.011363333333333333,True,7.194705963134766,False,5.661947250366211
capsules,2f0ead59b8a7bf775ff20d23,0,identity,36.74990463256836,-1.364261269569397,0.0,,,,
capsules,2f0ead59b8a7bf775ff20d23,0,brightness_0.9,36.68464279174805,-1.966627597808838,2.6666666666666667e-05,,,,
capsules,2f0ead59b8a7bf775ff20d23,0,brightness_1.1,36.854209899902344,-0.8278692960739136,0.005721555555555555,,,,
capsules,2f0ead59b8a7bf775ff20d23,0,contrast_0.9,36.7172966003418,-1.6882725954055786,0.0,,,,
capsules,2f0ead59b8a7bf775ff20d23,0,contrast_1.1,36.8078727722168,-1.222179651260376,0.007466222222222222,,,,
capsules,32fc02f2435739aa802dfd08,0,identity,36.00605392456055,-1.7037615776062012,0.0,,,,
capsules,32fc02f2435739aa802dfd08,0,brightness_0.9,36.3920783996582,-2.046891927719116,6.466666666666666e-05,,,,
capsules,32fc02f2435739aa802dfd08,0,brightness_1.1,35.96442794799805,-1.3102284669876099,0.006212444444444444,,,,
capsules,32fc02f2435739aa802dfd08,0,contrast_0.9,36.29984664916992,-1.9218244552612305,0.0,,,,
capsules,32fc02f2435739aa802dfd08,0,contrast_1.1,36.43921661376953,-1.480109691619873,0.011834,,,,
capsules,331cdf0473bcf0edee82152a,0,identity,36.76372528076172,-0.3010188937187195,0.0,,,,
capsules,331cdf0473bcf0edee82152a,0,brightness_0.9,38.116600036621094,-0.04121959209442139,7.044444444444444e-05,,,,
capsules,331cdf0473bcf0edee82152a,0,brightness_1.1,36.88204574584961,0.07806611061096191,0.004839111111111111,,,,
capsules,331cdf0473bcf0edee82152a,0,contrast_0.9,37.17460632324219,-0.18881377577781677,0.0,,,,
capsules,331cdf0473bcf0edee82152a,0,contrast_1.1,37.04262161254883,-0.10531499981880188,0.012219555555555556,,,,
capsules,33c5b07f6aec728b4ad1b85d,0,identity,37.64438247680664,-1.2284576892852783,0.0,,,,
capsules,33c5b07f6aec728b4ad1b85d,0,brightness_0.9,38.066314697265625,-1.604751706123352,4.844444444444444e-05,,,,
capsules,33c5b07f6aec728b4ad1b85d,0,brightness_1.1,37.79717254638672,-0.8147951364517212,0.005734444444444445,,,,
capsules,33c5b07f6aec728b4ad1b85d,0,contrast_0.9,37.88493347167969,-1.226231575012207,0.0,,,,
capsules,33c5b07f6aec728b4ad1b85d,0,contrast_1.1,37.587310791015625,-1.017342209815979,0.008944444444444444,,,,
capsules,3b5677861dc39d67411e6e62,0,identity,37.467308044433594,-1.554100751876831,0.0,,,,
capsules,3b5677861dc39d67411e6e62,0,brightness_0.9,37.859474182128906,-1.6312233209609985,4.688888888888889e-05,,,,
capsules,3b5677861dc39d67411e6e62,0,brightness_1.1,37.222652435302734,-0.9404559135437012,0.006309111111111111,,,,
capsules,3b5677861dc39d67411e6e62,0,contrast_0.9,37.85603713989258,-1.6000361442565918,0.0,,,,
capsules,3b5677861dc39d67411e6e62,0,contrast_1.1,37.36687469482422,-1.2882473468780518,0.011419555555555556,,,,
capsules,3c0358d9a587616925762eba,0,identity,36.61847686767578,-1.0634002685546875,0.0,,,,
capsules,3c0358d9a587616925762eba,0,brightness_0.9,36.97996520996094,-1.5143961906433105,2.422222222222222e-05,,,,
capsules,3c0358d9a587616925762eba,0,brightness_1.1,36.975765228271484,-0.3130830228328705,0.007388222222222222,,,,
capsules,3c0358d9a587616925762eba,0,contrast_0.9,36.537689208984375,-1.3344894647598267,0.0,,,,
capsules,3c0358d9a587616925762eba,0,contrast_1.1,36.944366455078125,-0.8000985383987427,0.008739555555555556,,,,
capsules,3f3513e83cb3694e5e2368c3,0,identity,38.739654541015625,-0.3290995657444,0.0,,,,
capsules,3f3513e83cb3694e5e2368c3,0,brightness_0.9,38.02267074584961,-1.425212025642395,2.8444444444444444e-05,,,,
capsules,3f3513e83cb3694e5e2368c3,0,brightness_1.1,38.01858139038086,-0.08571097254753113,0.007028444444444445,,,,
capsules,3f3513e83cb3694e5e2368c3,0,contrast_0.9,38.42262649536133,-0.7969135046005249,0.0,,,,
capsules,3f3513e83cb3694e5e2368c3,0,contrast_1.1,38.784027099609375,-0.09893858432769775,0.00856711111111111,,,,
cashew,00bb69b97e4fb3be8e1bb095,1,identity,41.5164680480957,3.5695641040802,0.0,True,6.051891326904297,True,2.1325223445892334
cashew,00bb69b97e4fb3be8e1bb095,1,brightness_0.9,41.77568435668945,3.1495745182037354,0.0036229562468629525,True,6.425037384033203,True,2.0728607177734375
cashew,00bb69b97e4fb3be8e1bb095,1,brightness_1.1,43.95195388793945,4.006911754608154,0.026249523880719217,True,5.770320892333984,True,1.5138227939605713
cashew,00bb69b97e4fb3be8e1bb095,1,contrast_0.9,41.486106872558594,3.1773056983947754,0.0,True,6.170597076416016,True,2.002237319946289
cashew,00bb69b97e4fb3be8e1bb095,1,contrast_1.1,42.64805221557617,4.112132549285889,0.05748539604224735,True,4.7104644775390625,True,1.6061084270477295
cashew,03959a9459d4a58a12e5c7ea,0,identity,31.164844512939453,0.15860681235790253,0.0,,,,
cashew,03959a9459d4a58a12e5c7ea,0,brightness_0.9,30.965822219848633,-0.5337458252906799,0.004296197809317343,,,,
cashew,03959a9459d4a58a12e5c7ea,0,brightness_1.1,32.23712158203125,1.040871500968933,0.02153638797224803,,,,
cashew,03959a9459d4a58a12e5c7ea,0,contrast_0.9,31.491273880004883,-0.40248727798461914,0.0,,,,
cashew,03959a9459d4a58a12e5c7ea,0,contrast_1.1,31.832073211669922,0.8218685388565063,0.04199327559385868,,,,
cashew,03c6538ff8044a32980bae8f,1,identity,42.10742950439453,5.886495113372803,0.0,True,2.402782440185547,True,3.3726627826690674
cashew,03c6538ff8044a32980bae8f,1,brightness_0.9,42.1639518737793,5.306812763214111,0.002401510054571279,True,2.3475265502929688,True,3.119464159011841
cashew,03c6538ff8044a32980bae8f,1,brightness_1.1,44.67169189453125,6.839761734008789,0.032778810111171626,False,2.223907470703125,True,3.392219305038452
cashew,03c6538ff8044a32980bae8f,1,contrast_0.9,41.90876388549805,5.320812225341797,0.0,True,2.3790931701660156,True,3.1152560710906982
cashew,03c6538ff8044a32980bae8f,1,contrast_1.1,44.4393196105957,6.744956970214844,0.053539390638516,False,2.1367225646972656,True,3.36033296585083
cashew,04499a54b7db9c55b7403fb7,1,identity,33.21744155883789,1.3457285165786743,0.0,True,1.3945999145507812,True,0.9963856935501099
cashew,04499a54b7db9c55b7403fb7,1,brightness_0.9,32.84186935424805,0.6256688237190247,0.003245620592559368,True,1.2417030334472656,True,0.9301002025604248
cashew,04499a54b7db9c55b7403fb7,1,brightness_1.1,35.23233413696289,2.1361284255981445,0.027312115322319405,True,1.9105453491210938,True,1.0956776142120361
cashew,04499a54b7db9c55b7403fb7,1,contrast_0.9,32.687400817871094,0.6858953237533569,0.0,True,0.7373790740966797,True,0.856598973274231
cashew,04499a54b7db9c55b7403fb7,1,contrast_1.1,35.35923767089844,2.101703643798828,0.054497636312505114,True,1.8890800476074219,True,1.2292664051055908
cashew,0449fa75a103b21fcaa8d5ae,1,identity,33.67948913574219,1.031607985496521,0.0,True,1.3448638916015625,True,0.24302619695663452
cashew,0449fa75a103b21fcaa8d5ae,1,brightness_0.9,33.39547348022461,0.5429620742797852,0.002751924945802497,False,0.9136714935302734,True,0.52541184425354
cashew,0449fa75a103b21fcaa8d5ae,1,brightness_1.1,35.02195358276367,1.747560739517212,0.02714213628936661,True,0.9531135559082031,True,0.5804113149642944
cashew,0449fa75a103b21fcaa8d5ae,1,contrast_0.9,33.32915496826172,0.5867539644241333,0.0,True,1.0796890258789062,True,0.721057116985321
cashew,0449fa75a103b21fcaa8d5ae,1,contrast_1.1,35.004276275634766,1.6633905172348022,0.05151632866647444,True,1.1269378662109375,True,0.45031118392944336
cashew,0681c40cd5573f05d97c2d7f,1,identity,50.17965316772461,8.521663665771484,0.0,True,4.120491027832031,True,4.734287738800049
cashew,0681c40cd5573f05d97c2d7f,1,brightness_0.9,50.16267013549805,7.941071510314941,0.0022557819569481376,True,4.144683837890625,True,4.494244575500488
cashew,0681c40cd5573f05d97c2d7f,1,brightness_1.1,50.246795654296875,8.629256248474121,0.027778667720358682,True,3.884899139404297,True,4.67356014251709
cashew,0681c40cd5573f05d97c2d7f,1,contrast_0.9,49.629241943359375,7.877123832702637,0.0,True,4.0815277099609375,True,4.473560333251953
cashew,0681c40cd5573f05d97c2d7f,1,contrast_1.1,50.63343811035156,8.737630844116211,0.04946723587394141,True,3.8455162048339844,True,4.677914619445801
cashew,0b12c84fb0f37ec286fc0b0a,1,identity,62.58976745605469,8.570283889770508,0.0,False,18.463233947753906,True,7.832808017730713
cashew,0b12c84fb0f37ec286fc0b0a,1,brightness_0.9,62.314273834228516,7.863996505737305,0.002699418333529121,False,18.23016357421875,True,7.7348246574401855
cashew,0b12c84fb0f37ec286fc0b0a,1,brightness_1.1,63.45476531982422,9.305819511413574,0.049343533855195666,True,18.889259338378906,True,8.147300720214844
cashew,0b12c84fb0f37ec286fc0b0a,1,contrast_0.9,62.491180419921875,7.992959499359131,0.0,False,17.724422454833984,True,7.510324478149414
cashew,0b12c84fb0f37ec286fc0b0a,1,contrast_1.1,63.67695236206055,9.267117500305176,0.06578233072402169,False,17.11361312866211,True,7.725043296813965
cashew,0d8eaefae78ac59664d13564,0,identity,33.11824417114258,-0.5946006178855896,0.0,,,,
cashew,0d8eaefae78ac59664d13564,0,brightness_0.9,32.91400146484375,-0.9565368294715881,0.004257930278338442,,,,
cashew,0d8eaefae78ac59664d13564,0,brightness_1.1,33.920738220214844,-0.09611265361309052,0.010265265185090258,,,,
cashew,0d8eaefae78ac59664d13564,0,contrast_0.9,33.44963073730469,-0.9491902589797974,0.0,,,,
cashew,0d8eaefae78ac59664d13564,0,contrast_1.1,35.172767639160156,-0.19867555797100067,0.03802390919737859,,,,
cashew,0e3251fb1896fd4c3a5a2670,1,identity,38.379947662353516,4.559128284454346,0.0,False,0.3624420166015625,True,1.8337225914001465
cashew,0e3251fb1896fd4c3a5a2670,1,brightness_0.9,38.15114212036133,3.9992730617523193,0.003128815628815629,False,0.20876312255859375,True,1.706587314605713
cashew,0e3251fb1896fd4c3a5a2670,1,brightness_1.1,39.25061798095703,5.1737470626831055,0.027763316210838076,False,0.6879463195800781,True,2.098339557647705
cashew,0e3251fb1896fd4c3a5a2670,1,contrast_0.9,38.11061096191406,4.070660591125488,0.0,False,0.21135330200195312,True,1.6738402843475342
cashew,0e3251fb1896fd4c3a5a2670,1,contrast_1.1,38.71462631225586,4.9136552810668945,0.054906564928430816,False,0.43303680419921875,False,1.9384634494781494
cashew,105640f34633543091913ec9,1,identity,35.57415008544922,1.4952929019927979,0.0,True,1.901641845703125,True,1.2389757633209229
cashew,105640f34633543091913ec9,1,brightness_0.9,35.058441162109375,0.9297852516174316,0.0026553661757743392,True,1.7544593811035156,True,1.1541199684143066
cashew,105640f34633543091913ec9,1,brightness_1.1,36.33444595336914,1.9563570022583008,0.026991958478838944,True,1.3227310180664062,True,0.8166143894195557
cashew,105640f34633543091913ec9,1,contrast_0.9,35.109886169433594,1.0204631090164185,0.0,True,1.8699722290039062,True,1.0515687465667725
cashew,105640f34633543091913ec9,1,contrast_1.1,36.231292724609375,1.8801876306533813,0.05058567121249337,True,1.3905448913574219,True,0.7651709318161011
cashew,1126d26b2a1147a09bb77838,0,identity,30.17818260192871,0.07768483459949493,0.0,,,,
cashew,1126d26b2a1147a09bb77838,0,brightness_0.9,30.60413932800293,-0.2912185490131378,0.002884303904712068,,,,
cashew,1126d26b2a1147a09bb77838,0,brightness_1.1,30.404346466064453,0.7012654542922974,0.020217270581702067,,,,
cashew,1126d26b2a1147a09bb77838,0,contrast_0.9,30.920814514160156,-0.24354666471481323,0.0,,,,
cashew,1126d26b2a1147a09bb77838,0,contrast_1.1,30.501657485961914,0.5405537486076355,0.03426301185047541,,,,
cashew,140d2904b822ec2bc4949ad9,1,identity,55.20056915283203,9.301746368408203,0.0,True,4.494144439697266,True,4.648736953735352
cashew,140d2904b822ec2bc4949ad9,1,brightness_0.9,54.95722579956055,8.526853561401367,0.0026389022380276027,True,4.148296356201172,True,4.182796955108643
cashew,140d2904b822ec2bc4949ad9,1,brightness_1.1,56.65324020385742,9.94295883178711,0.03117290872392913,True,4.759082794189453,True,4.963351249694824
cashew,140d2904b822ec2bc4949ad9,1,contrast_0.9,54.820945739746094,8.649075508117676,0.0,True,4.264625549316406,True,4.299395561218262
cashew,140d2904b822ec2bc4949ad9,1,contrast_1.1,56.277347564697266,9.82693862915039,0.054274038239052816,True,4.453941345214844,True,4.823564052581787
cashew,19a836c3150e0e2a0b50e10b,0,identity,32.28926467895508,2.1215364933013916,0.0,,,,
cashew,19a836c3150e0e2a0b50e10b,0,brightness_0.9,32.382816314697266,1.7374085187911987,0.005631779137610041,,,,
cashew,19a836c3150e0e2a0b50e10b,0,brightness_1.1,32.11653137207031,2.0964300632476807,0.021351057429774632,,,,
cashew,19a836c3150e0e2a0b50e10b,0,contrast_0.9,32.466434478759766,1.8706843852996826,0.0,,,,
cashew,19a836c3150e0e2a0b50e10b,0,contrast_1.1,31.856475830078125,1.8543328046798706,0.051279603939953795,,,,
cashew,1bc4a12c41328e22e24ed83b,1,identity,50.309165954589844,7.408148765563965,0.0,True,4.700046539306641,True,3.61954665184021
cashew,1bc4a12c41328e22e24ed83b,1,brightness_0.9,49.924072265625,6.65836763381958,0.0033130337430628976,True,4.661865234375,True,3.3309385776519775
cashew,1bc4a12c41328e22e24ed83b,1,brightness_1.1,50.642433166503906,7.743139743804932,0.02671451887924191,True,4.0086669921875,True,3.2566089630126953
cashew,1bc4a12c41328e22e24ed83b,1,contrast_0.9,49.96400451660156,6.807390213012695,0.0,True,4.700130462646484,True,3.4106736183166504
cashew,1bc4a12c41328e22e24ed83b,1,contrast_1.1,50.44524383544922,7.686339378356934,0.05598984753503704,True,4.098064422607422,True,3.343423843383789
cashew,1f059309b9010edf5938cb5e,1,identity,36.5041389465332,2.974095582962036,0.0,False,0.3395538330078125,False,0.8406393527984619
cashew,1f059309b9010edf5938cb5e,1,brightness_0.9,36.21812057495117,2.5072717666625977,0.0026466892356105183,False,0.6862449645996094,False,0.9753235578536987
cashew,1f059309b9010edf5938cb5e,1,brightness_1.1,36.80016326904297,3.2533390522003174,0.025282156295275828,False,0.44683837890625,False,0.8494267463684082
cashew,1f059309b9010edf5938cb5e,1,contrast_0.9,36.27621841430664,2.633228063583374,0.0,False,0.6160240173339844,False,0.9406914710998535
cashew,1f059309b9010edf5938cb5e,1,contrast_1.1,36.903167724609375,3.2809622287750244,0.05160154066859606,False,0.53521728515625,False,0.9526457786560059
cashew,1fca1737a5e8d04c32fba8e8,1,identity,36.06216812133789,3.193464994430542,0.0,False,1.2674789428710938,False,1.152099609375
cashew,1fca1737a5e8d04c32fba8e8,1,brightness_0.9,35.92240905761719,2.595806837081909,0.0031392724541412587,False,1.3423995971679688,False,1.060118556022644
cashew,1fca1737a5e8d04c32fba8e8,1,brightness_1.1,37.18695068359375,3.9710185527801514,0.027092966961771627,False,1.3781547546386719,False,1.358633041381836
cashew,1fca1737a5e8d04c32fba8e8,1,contrast_0.9,36.06595230102539,2.8396904468536377,0.0,False,1.4285621643066406,False,1.182041049003601
cashew,1fca1737a5e8d04c32fba8e8,1,contrast_1.1,36.60575485229492,3.6081531047821045,0.055513728254253034,False,1.2460823059082031,False,1.1189708709716797
cashew,205e0b1a7a93178f6b42bee9,1,identity,46.288963317871094,6.812932014465332,0.0,True,5.988658905029297,True,4.143043041229248
cashew,205e0b1a7a93178f6b42bee9,1,brightness_0.9,46.02154541015625,6.108417510986328,0.0025450132957421587,True,5.789588928222656,True,3.9850642681121826
cashew,205e0b1a7a93178f6b42bee9,1,brightness_1.1,46.65864562988281,7.306190490722656,0.027595562034337544,True,6.2741851806640625,True,4.1183366775512695
cashew,205e0b1a7a93178f6b42bee9,1,contrast_0.9,46.02467727661133,6.273418426513672,0.0,True,5.861148834228516,True,3.9805617332458496
cashew,205e0b1a7a93178f6b42bee9,1,contrast_1.1,46.79268264770508,7.282471179962158,0.045839384942883483,True,6.215068817138672,True,4.1846208572387695
cashew,20e0ba99993580839ec7d10c,1,identity,41.387935638427734,3.0513579845428467,0.0,True,2.3538970947265625,True,1.0621057748794556
cashew,20e0ba99993580839ec7d10c,1,brightness_0.9,41.60193634033203,2.764045000076294,0.0026322276686708175,True,2.54376220703125,True,1.1795659065246582
cashew,20e0ba99993580839ec7d10c,1,brightness_1.1,42.07267379760742,3.582026958465576,0.026965260201411805,True,3.915721893310547,True,2.0088119506835938
cashew,20e0ba99993580839ec7d10c,1,contrast_0.9,41.72114944458008,2.880690097808838,0.0,True,2.3628692626953125,True,1.07630455493927
cashew,20e0ba99993580839ec7d10c,1,contrast_1.1,41.623558044433594,3.393138885498047,0.04963187525140878,True,3.912261962890625,True,1.8654757738113403
cashew,21a651a7c2428b1d71a82407,1,identity,34.54758834838867,1.2413321733474731,0.0,False,-3.3021163940429688,False,-1.6413297653198242
cashew,21a651a7c2428b1d71a82407,1,brightness_0.9,34.090633392333984,0.6766234040260315,0.002925686234724136,False,-3.175344467163086,False,-1.6271178722381592
cashew,21a651a7c2428b1d71a82407,1,brightness_1.1,33.88623809814453,1.6412990093231201,0.026386575038178536,False,-2.386861801147461,False,-1.4506845474243164
cashew,21a651a7c2428b1d71a82407,1,contrast_0.9,34.214900970458984,0.7822885513305664,0.0,False,-3.2756271362304688,False,-1.6066254377365112
cashew,21a651a7c2428b1d71a82407,1,contrast_1.1,33.80182647705078,1.5931662321090698,0.052360439204462525,False,-2.5146217346191406,False,-1.6719088554382324
cashew,22bf68b10aef9749882a4dfe,1,identity,55.5614013671875,9.341643333435059,0.0,True,7.369220733642578,True,4.762495040893555
cashew,22bf68b10aef9749882a4dfe,1,brightness_0.9,54.77138137817383,8.485429763793945,0.0026440194078678043,True,7.158935546875,True,4.359111785888672
cashew,22bf68b10aef9749882a4dfe,1,brightness_1.1,55.5473747253418,9.78305435180664,0.031228975106526127,True,7.670074462890625,True,5.059462547302246
cashew,22bf68b10aef9749882a4dfe,1,contrast_0.9,55.283756256103516,8.73730182647705,0.0,True,7.235462188720703,True,4.461630821228027
cashew,22bf68b10aef9749882a4dfe,1,contrast_1.1,55.60032272338867,9.618051528930664,0.05606482519747826,True,7.661003112792969,True,4.969433307647705
cashew,25449ae74ecb81447c54ff39,0,identity,31.782075881958008,0.544532835483551,0.0,,,,
cashew,25449ae74ecb81447c54ff39,0,brightness_0.9,31.806533813476562,-0.1814790964126587,0.002697193477076859,,,,
cashew,25449ae74ecb81447c54ff39,0,brightness_1.1,32.135704040527344,1.4445091485977173,0.017278235208264364,,,,
cashew,25449ae74ecb81447c54ff39,0,contrast_0.9,31.89348793029785,0.03621228039264679,0.0,,,,
cashew,25449ae74ecb81447c54ff39,0,contrast_1.1,31.83061981201172,1.0848606824874878,0.0326782465995294,,,,
cashew,273f04c169c8ccceb254906c,0,identity,31.667774200439453,0.6587904691696167,0.0,,,,
cashew,273f04c169c8ccceb254906c,0,brightness_0.9,31.558683395385742,0.11456102132797241,0.0044837532082430045,,,,
cashew,273f04c169c8ccceb254906c,0,brightness_1.1,31.748388290405273,1.1942485570907593,0.021969122552212932,,,,
cashew,273f04c169c8ccceb254906c,0,contrast_0.9,31.769573211669922,0.12464746832847595,0.0,,,,
cashew,273f04c169c8ccceb254906c,0,contrast_1.1,32.199806213378906,1.1703064441680908,0.044607926896556634,,,,
cashew,2ba0d38372d197908ad61da6,0,identity,30.408855438232422,0.3798269033432007,0.0,,,,
cashew,2ba0d38372d197908ad61da6,0,brightness_0.9,30.29001808166504,-0.26758021116256714,0.0033682101830789877,,,,
cashew,2ba0d38372d197908ad61da6,0,brightness_1.1,31.52191925048828,1.148138403892517,0.005008596845331539,,,,
cashew,2ba0d38372d197908ad61da6,0,contrast_0.9,30.40081787109375,-0.09495335817337036,0.0,,,,
cashew,2ba0d38372d197908ad61da6,0,contrast_1.1,32.674964904785156,0.937066912651062,0.026797950996201726,,,,
cashew,2def63027096cb5dcd99cee1,0,identity,33.443321228027344,1.375315546989441,0.0,,,,
cashew,2def63027096cb5dcd99cee1,0,brightness_0.9,33.29629135131836,0.5094903111457825,0.0033132562287081237,,,,
cashew,2def63027096cb5dcd99cee1,0,brightness_1.1,33.59925079345703,1.9739593267440796,0.005947708753831203,,,,
cashew,2def63027096cb5dcd99cee1,0,contrast_0.9,32.99976348876953,0.5504670143127441,0.0,,,,
cashew,2def63027096cb5dcd99cee1,0,contrast_1.1,33.765743255615234,1.867244005203247,0.029844891907574122,,,,
cashew,3064f284ec1e8e0ab5fe7e7c,0,identity,30.654741287231445,-0.7658721208572388,0.0,,,,
cashew,3064f284ec1e8e0ab5fe7e7c,0,brightness_0.9,30.51327896118164,-1.196005940437317,0.004732937130896314,,,,
cashew,3064f284ec1e8e0ab5fe7e7c,0,brightness_1.1,31.03158950805664,-0.1735045611858368,0.018277640726620317,,,,
cashew,3064f284ec1e8e0ab5fe7e7c,0,contrast_0.9,30.59862518310547,-1.1499909162521362,0.0,,,,
cashew,3064f284ec1e8e0ab5fe7e7c,0,contrast_1.1,31.31047821044922,-0.3302799165248871,0.04198860339530894,,,,
cashew,330068b42041ddafda182873,0,identity,31.409521102905273,-0.7601257562637329,0.0,,,,
cashew,330068b42041ddafda182873,0,brightness_0.9,31.49295997619629,-1.2112687826156616,0.0033381746209734547,,,,
cashew,330068b42041ddafda182873,0,brightness_1.1,31.880205154418945,0.4323347806930542,0.015469871883866053,,,,
cashew,330068b42041ddafda182873,0,contrast_0.9,31.30879783630371,-1.1027361154556274,0.0,,,,
cashew,330068b42041ddafda182873,0,contrast_1.1,31.610565185546875,0.2481885552406311,0.03382293524421804,,,,
cashew,46f7dcf3b334c25c7a16ad84,0,identity,30.99211883544922,-0.4034464955329895,0.0,,,,
cashew,46f7dcf3b334c25c7a16ad84,0,brightness_0.9,30.776235580444336,-0.7529212236404419,0.004411222887899273,,,,
cashew,46f7dcf3b334c25c7a16ad84,0,brightness_1.1,31.42330551147461,0.2183196246623993,0.02066090695828305,,,,
cashew,46f7dcf3b334c25c7a16ad84,0,contrast_0.9,30.881574630737305,-0.7257479429244995,0.0,,,,
cashew,46f7dcf3b334c25c7a16ad84,0,contrast_1.1,31.247831344604492,0.14809179306030273,0.04102702043664143,,,,
cashew,4a3bbd19efd91c76fc11894f,0,identity,33.998252868652344,-0.16619421541690826,0.0,,,,
cashew,4a3bbd19efd91c76fc11894f,0,brightness_0.9,34.084693908691406,-0.672721266746521,0.003430283678097089,,,,
cashew,4a3bbd19efd91c76fc11894f,0,brightness_1.1,34.08427810668945,0.28445032238960266,0.02292002619990958,,,,
cashew,4a3bbd19efd91c76fc11894f,0,contrast_0.9,34.21316146850586,-0.6770138740539551,0.0,,,,
cashew,4a3bbd19efd91c76fc11894f,0,contrast_1.1,34.4973030090332,0.2322942614555359,0.043224956125830764,,,,
cashew,50e8a62cb1ab0491a6949502,0,identity,31.345428466796875,-0.6918351650238037,0.0,,,,
cashew,50e8a62cb1ab0491a6949502,0,brightness_0.9,31.32412338256836,-1.0730925798416138,0.0037600074043222733,,,,
cashew,50e8a62cb1ab0491a6949502,0,brightness_1.1,31.39174461364746,-0.25339892506599426,0.003865465600159478,,,,
cashew,50e8a62cb1ab0491a6949502,0,contrast_0.9,31.407289505004883,-0.9580572247505188,0.0,,,,
cashew,50e8a62cb1ab0491a6949502,0,contrast_1.1,31.603485107421875,-0.3016858696937561,0.029976603409548015,,,,
cashew,583ecaaf0e79e5fbe130e784,0,identity,30.683101654052734,0.1759425401687622,0.0,,,,
cashew,583ecaaf0e79e5fbe130e784,0,brightness_0.9,31.141075134277344,-0.23716530203819275,0.00334774150371818,,,,
cashew,583ecaaf0e79e5fbe130e784,0,brightness_1.1,31.67227554321289,0.5130990743637085,0.01957940423683864,,,,
cashew,583ecaaf0e79e5fbe130e784,0,contrast_0.9,30.803600311279297,-0.12261892855167389,0.0,,,,
cashew,583ecaaf0e79e5fbe130e784,0,contrast_1.1,31.08049774169922,0.37434759736061096,0.036576862560827574,,,,
cashew,589fbd8bf990a59044d5bc35,0,identity,29.26453971862793,-0.5510404706001282,0.0,,,,
cashew,589fbd8bf990a59044d5bc35,0,brightness_0.9,29.80565071105957,-1.0212340354919434,0.0035720070341061596,,,,
cashew,589fbd8bf990a59044d5bc35,0,brightness_1.1,30.491666793823242,0.3242354989051819,0.013247017802411389,,,,
cashew,589fbd8bf990a59044d5bc35,0,contrast_0.9,29.828073501586914,-0.9151709675788879,0.0,,,,
cashew,589fbd8bf990a59044d5bc35,0,contrast_1.1,30.37555694580078,0.32083383202552795,0.0337103575077336,,,,
cashew,6f3c140edff762fa8298530c,0,identity,30.74446678161621,-0.8014960885047913,0.0,,,,
cashew,6f3c140edff762fa8298530c,0,brightness_0.9,30.675071716308594,-1.195555329322815,0.0031430547101101037,,,,
cashew,6f3c140edff762fa8298530c,0,brightness_1.1,30.905208587646484,-0.21795746684074402,0.00836101054759947,,,,
cashew,6f3c140edff762fa8298530c,0,contrast_0.9,30.880334854125977,-1.1726436614990234,0.0,,,,
cashew,6f3c140edff762fa8298530c,0,contrast_1.1,30.964263916015625,-0.3163340091705322,0.02798379948525721,,,,
chewinggum,01c91be7ff0cb9e3f109b773,1,identity,34.96409225463867,0.8722407817840576,0.0,False,-1.7463836669921875,False,-0.356136679649353
chewinggum,01c91be7ff0cb9e3f109b773,1,brightness_0.9,35.75463104248047,0.24497149884700775,0.0002963741049901934,False,-1.6846237182617188,False,-0.43377822637557983
chewinggum,01c91be7ff0cb9e3f109b773,1,brightness_1.1,39.32094955444336,3.9172732830047607,0.053018305877627264,False,-4.524112701416016,False,-3.452186346054077
chewinggum,01c91be7ff0cb9e3f109b773,1,contrast_0.9,35.30120086669922,0.44984665513038635,0.0,False,-1.9187469482421875,False,-0.5237303972244263
chewinggum,01c91be7ff0cb9e3f109b773,1,contrast_1.1,37.53076934814453,2.520378589630127,0.07637565128987164,False,-3.9184913635253906,False,-2.5437686443328857
chewinggum,0226a1a2b5c3e5e187ddae50,0,identity,36.03723907470703,0.2866615056991577,0.0,,,,
chewinggum,0226a1a2b5c3e5e187ddae50,0,brightness_0.9,35.730186462402344,-0.39124932885169983,0.00022305817197162985,,,,
chewinggum,0226a1a2b5c3e5e187ddae50,0,brightness_1.1,39.3055534362793,4.010571479797363,0.05479010759224255,,,,
chewinggum,0226a1a2b5c3e5e187ddae50,0,contrast_0.9,36.12626266479492,0.33697688579559326,0.0,,,,
chewinggum,0226a1a2b5c3e5e187ddae50,0,contrast_1.1,36.50693893432617,2.5285799503326416,0.08054843872609789,,,,
chewinggum,0460bfe75a262d4797c9b32d,0,identity,32.875125885009766,-1.6122386455535889,0.0,,,,
chewinggum,0460bfe75a262d4797c9b32d,0,brightness_0.9,33.11093521118164,-2.1327545642852783,0.0003277000036435797,,,,
chewinggum,0460bfe75a262d4797c9b32d,0,brightness_1.1,38.94488525390625,3.838188886642456,0.05237712471795583,,,,
chewinggum,0460bfe75a262d4797c9b32d,0,contrast_0.9,33.060237884521484,-2.0806705951690674,0.0,,,,
chewinggum,0460bfe75a262d4797c9b32d,0,contrast_1.1,34.544315338134766,1.3919695615768433,0.07736008431776636,,,,
chewinggum,058136b0d5e25024c80f75ca,1,identity,53.09253692626953,10.31795597076416,0.0,True,7.478145599365234,True,6.806512832641602
chewinggum,058136b0d5e25024c80f75ca,1,brightness_0.9,54.025508880615234,10.064085006713867,0.00024127607047927293,True,6.874237060546875,True,6.063470363616943
chewinggum,058136b0d5e25024c80f75ca,1,brightness_1.1,54.821929931640625,10.117290496826172,0.049980582386224784,True,6.4329681396484375,True,5.6480393409729
chewinggum,058136b0d5e25024c80f75ca,1,contrast_0.9,53.683631896972656,10.044946670532227,0.0,True,7.372699737548828,True,6.51479434967041
chewinggum,058136b0d5e25024c80f75ca,1,contrast_1.1,55.618736267089844,10.768836975097656,0.07620813549139893,True,7.035579681396484,True,6.283118724822998
chewinggum,058fdc068c35a2b940e25fab,1,identity,54.81203842163086,6.881983757019043,0.0,True,5.3649444580078125,True,4.378074645996094
chewinggum,058fdc068c35a2b940e25fab,1,brightness_0.9,54.97365188598633,6.543258190155029,0.00018395634102839594,True,5.2705535888671875,True,4.291962623596191
chewinggum,058fdc068c35a2b940e25fab,1,brightness_1.1,54.551876068115234,7.2308030128479,0.05460703992919014,True,5.114463806152344,False,3.7590272426605225
chewinggum,058fdc068c35a2b940e25fab,1,contrast_0.9,54.719703674316406,6.60646915435791,0.0,True,5.214664459228516,False,4.303934097290039
chewinggum,058fdc068c35a2b940e25fab,1,contrast_1.1,55.08448791503906,7.232992649078369,0.08017941519657112,True,5.295558929443359,False,4.3867034912109375
chewinggum,0656dd5366d7e40d22f6acab,1,identity,51.461181640625,6.244509220123291,0.0,True,10.176071166992188,True,3.255415678024292
chewinggum,0656dd5366d7e40d22f6acab,1,brightness_0.9,52.112606048583984,6.009965419769287,9.664372988810655e-05,True,10.484352111816406,True,3.572134256362915
chewinggum,0656dd5366d7e40d22f6acab,1,brightness_1.1,48.53160858154297,5.660911560058594,0.056068470860693505,True,8.64358901977539,True,1.5358061790466309
chewinggum,0656dd5366d7e40d22f6acab,1,contrast_0.9,51.5530891418457,5.944984436035156,0.0,True,9.653549194335938,True,3.339445114135742
chewinggum,0656dd5366d7e40d22f6acab,1,contrast_1.1,50.328712463378906,5.98431396484375,0.0816506215858103,True,7.6315460205078125,True,1.2689108848571777
chewinggum,066a3dca9607bb33aaa4780b,1,identity,58.64031219482422,9.481407165527344,0.0,True,12.401374816894531,True,3.7500863075256348
chewinggum,066a3dca9607bb33aaa4780b,1,brightness_0.9,58.342529296875,8.644588470458984,0.00018017945963046993,True,12.268287658691406,True,3.159149169921875
chewinggum,066a3dca9607bb33aaa4780b,1,brightness_1.1,59.234474182128906,9.96189022064209,0.05291255319848534,True,11.561210632324219,True,3.2206287384033203
chewinggum,066a3dca9607bb33aaa4780b,1,contrast_0.9,58.282413482666016,8.784647941589355,0.0,True,12.412899017333984,True,3.535886287689209
chewinggum,066a3dca9607bb33aaa4780b,1,contrast_1.1,58.72490692138672,9.954471588134766,0.0857387624448242,True,12.07614517211914,True,2.9207921028137207
chewinggum,06b0186aca1c70e236744d28,1,identity,53.521507263183594,8.035991668701172,0.0,True,5.289356231689453,True,4.162327766418457
chewinggum,06b0186aca1c70e236744d28,1,brightness_0.9,54.119930267333984,7.762571334838867,0.000141077628687236,True,5.9265289306640625,True,4.442303657531738
chewinggum,06b0186aca1c70e236744d28,1,brightness_1.1,53.23223876953125,7.906710147857666,0.051415352978448674,True,4.117130279541016,True,3.444957733154297
chewinggum,06b0186aca1c70e236744d28,1,contrast_0.9,54.062889099121094,7.844776153564453,0.0,True,5.8785858154296875,True,4.421298980712891
chewinggum,06b0186aca1c70e236744d28,1,contrast_1.1,53.353633880615234,7.928741931915283,0.07577312762215545,True,4.555534362792969,True,3.576040267944336
chewinggum,0a215adeb5b013c30c68fd0e,1,identity,63.80733871459961,10.926544189453125,0.0,True,13.932708740234375,True,7.085630416870117
chewinggum,0a215adeb5b013c30c68fd0e,1,brightness_0.9,63.713443756103516,10.381092071533203,0.00016062854415885297,True,13.526435852050781,True,6.848639488220215
chewinggum,0a215adeb5b013c30c68fd0e,1,brightness_1.1,64.96543884277344,11.44841194152832,0.05970249727398031,True,12.06679916381836,True,7.501011371612549
chewinggum,0a215adeb5b013c30c68fd0e,1,contrast_0.9,63.6182861328125,10.442972183227539,0.0,True,13.88876724243164,True,6.774186134338379
chewinggum,0a215adeb5b013c30c68fd0e,1,contrast_1.1,65.14730834960938,11.573431015014648,0.08473655585740984,True,13.11600112915039,True,7.647343635559082
chewinggum,0ca74c4813d20d80df7541b2,1,identity,50.319602966308594,8.586692810058594,0.0,True,3.343517303466797,True,3.8652396202087402
chewinggum,0ca74c4813d20d80df7541b2,1,brightness_0.9,50.491764068603516,7.8806939125061035,0.00011641681485371916,True,3.2737464904785156,True,3.555626392364502
chewinggum,0ca74c4813d20d80df7541b2,1,brightness_1.1,54.01301193237305,9.90583610534668,0.05660145547678906,False,0.7975044250488281,True,1.639878273010254
chewinggum,0ca74c4813d20d80df7541b2,1,contrast_0.9,50.502037048339844,8.192302703857422,0.0,True,3.494396209716797,True,3.8729257583618164
chewinggum,0ca74c4813d20d80df7541b2,1,contrast_1.1,53.44419860839844,9.845775604248047,0.0894547694013954,False,1.5810470581054688,True,2.20005464553833
chewinggum,0d13d83973f60d6578a512be,1,identity,61.14316177368164,8.952081680297852,0.0,True,4.982444763183594,True,4.615916728973389
chewinggum,0d13d83973f60d6578a512be,1,brightness_0.9,61.05061340332031,8.51070499420166,0.00014885356097708367,True,5.2053680419921875,True,4.673328399658203
chewinggum,0d13d83973f60d6578a512be,1,brightness_1.1,62.566497802734375,9.554287910461426,0.05622510035396044,True,4.372608184814453,True,3.857534408569336
chewinggum,0d13d83973f60d6578a512be,1,contrast_0.9,61.11864471435547,8.650776863098145,0.0,True,5.253379821777344,True,4.718303680419922
chewinggum,0d13d83973f60d6578a512be,1,contrast_1.1,62.039283752441406,9.473383903503418,0.07894837403034125,True,5.20513916015625,True,4.638031959533691
chewinggum,0de49ef61d0bd6bccf204ccc,1,identity,54.80324172973633,8.507532119750977,0.0,True,6.556785583496094,True,5.7014994621276855
chewinggum,0de49ef61d0bd6bccf204ccc,1,brightness_0.9,54.74629211425781,8.070924758911133,0.00016840447644870062,True,6.213443756103516,True,5.44411563873291
chewinggum,0de49ef61d0bd6bccf204ccc,1,brightness_1.1,54.77585983276367,8.808852195739746,0.05764343040362865,True,6.495033264160156,True,5.2602691650390625
chewinggum,0de49ef61d0bd6bccf204ccc,1,contrast_0.9,54.87732696533203,8.214033126831055,0.0,True,6.2252044677734375,True,5.453635215759277
chewinggum,0de49ef61d0bd6bccf204ccc,1,contrast_1.1,54.67529296875,8.729301452636719,0.09547534051918345,True,6.453899383544922,True,5.485941410064697
chewinggum,10900085cd75ee1b01f3be8f,0,identity,34.45676040649414,0.12367627024650574,0.0,,,,
chewinggum,10900085cd75ee1b01f3be8f,0,brightness_0.9,33.97800827026367,-0.32825684547424316,0.0004272319369536297,,,,
chewinggum,10900085cd75ee1b01f3be8f,0,brightness_1.1,39.81499099731445,4.0273308753967285,0.054969176204403045,,,,
chewinggum,10900085cd75ee1b01f3be8f,0,contrast_0.9,34.659210205078125,-0.2154030203819275,0.0,,,,
chewinggum,10900085cd75ee1b01f3be8f,0,contrast_1.1,37.17828369140625,3.01772141456604,0.08658389519998365,,,,
chewinggum,11378845b801961ca81f4c3f,1,identity,51.23933029174805,6.410336971282959,0.0,False,-1.5138626098632812,False,-0.9780974388122559
chewinggum,11378845b801961ca81f4c3f,1,brightness_0.9,51.14487075805664,5.827905178070068,0.00020728413789793888,False,-1.5263175964355469,False,-0.9343276023864746
chewinggum,11378845b801961ca81f4c3f,1,brightness_1.1,51.53333282470703,7.42080545425415,0.062294548760427525,False,-1.7592811584472656,False,-1.461838722229004
chewinggum,11378845b801961ca81f4c3f,1,contrast_0.9,51.30064392089844,6.022801876068115,0.0,False,-1.4848785400390625,False,-0.901824951171875
chewinggum,11378845b801961ca81f4c3f,1,contrast_1.1,51.4718017578125,7.283748149871826,0.09690477904355144,False,-1.5398101806640625,False,-1.3388824462890625
chewinggum,14071f493f44fe45e4e06ab9,1,identity,59.517555236816406,8.165182113647461,0.0,True,5.336830139160156,True,5.322381019592285
chewinggum,14071f493f44fe45e4e06ab9,1,brightness_0.9,59.050479888916016,7.5568389892578125,0.00018440068001638723,True,5.228874206542969,True,5.230528831481934
chewinggum,14071f493f44fe45e4e06ab9,1,brightness_1.1,59.72747802734375,8.78797721862793,0.05083393541266206,True,5.232017517089844,True,4.600727558135986
chewinggum,14071f493f44fe45e4e06ab9,1,contrast_0.9,59.00210189819336,7.624905109405518,0.0,True,5.131847381591797,True,5.061515808105469
chewinggum,14071f493f44fe45e4e06ab9,1,contrast_1.1,60.05628967285156,8.77891731262207,0.06933887690654751,True,5.383270263671875,True,5.549167633056641
chewinggum,1426282f6fdb9fcf4076b880,1,identity,58.059234619140625,8.490736961364746,0.0,True,8.371570587158203,True,6.9035491943359375
chewinggum,1426282f6fdb9fcf4076b880,1,brightness_0.9,57.770687103271484,7.819150447845459,0.00028437695231442846,True,8.272136688232422,True,6.646784782409668
chewinggum,1426282f6fdb9fcf4076b880,1,brightness_1.1,58.5109748840332,9.199017524719238,0.05594294509658597,True,8.618656158447266,True,6.833234786987305
chewinggum,1426282f6fdb9fcf4076b880,1,contrast_0.9,57.76748275756836,7.952988147735596,0.0,True,8.351608276367188,True,6.782430171966553
chewinggum,1426282f6fdb9fcf4076b880,1,contrast_1.1,58.13866424560547,8.983575820922852,0.07628167359391148,True,9.113029479980469,True,7.313835620880127
chewinggum,16586200efa0c514159f57b9,1,identity,55.40624237060547,10.728919982910156,0.0,True,10.983512878417969,True,8.482531547546387
chewinggum,16586200efa0c514159f57b9,1,brightness_0.9,56.003501892089844,10.431636810302734,0.00011863850979367563,True,11.012252807617188,True,8.358637809753418
chewinggum,16586200efa0c514159f57b9,1,brightness_1.1,55.235469818115234,9.839705467224121,0.05502049735751604,True,10.045501708984375,True,7.064389705657959
chewinggum,16586200efa0c514159f57b9,1,contrast_0.9,55.40401077270508,10.218668937683105,0.0,True,10.74932861328125,True,8.145130157470703
chewinggum,16586200efa0c514159f57b9,1,contrast_1.1,57.67221450805664,10.89404582977295,0.08262905603736713,True,10.918998718261719,True,8.91788101196289
chewinggum,1da7d41a6310e559ae3be57e,1,identity,62.26599884033203,12.015575408935547,0.0,True,12.45901870727539,True,9.684127807617188
chewinggum,1da7d41a6310e559ae3be57e,1,brightness_0.9,62.68553924560547,11.663551330566406,8.064752632041995e-05,True,12.562206268310547,True,9.529796600341797
chewinggum,1da7d41a6310e559ae3be57e,1,brightness_1.1,62.6369743347168,12.354119300842285,0.04382959777546129,True,12.334304809570312,True,9.840338706970215
chewinggum,1da7d41a6310e559ae3be57e,1,contrast_0.9,62.120418548583984,11.699918746948242,0.0,True,12.833526611328125,True,9.755908012390137
chewinggum,1da7d41a6310e559ae3be57e,1,contrast_1.1,62.56562423706055,12.320865631103516,0.05711755521134095,True,12.292682647705078,True,9.77486801147461
chewinggum,1db809e183fd55290b9194fc,0,identity,34.75483703613281,0.003513779491186142,0.0,,,,
chewinggum,1db809e183fd55290b9194fc,0,brightness_0.9,34.23289108276367,-0.34614989161491394,0.0002799335624345155,,,,
chewinggum,1db809e183fd55290b9194fc,0,brightness_1.1,37.61479949951172,3.3774125576019287,0.0534146562549155,,,,
chewinggum,1db809e183fd55290b9194fc,0,contrast_0.9,34.39500427246094,0.07448330521583557,0.0,,,,
chewinggum,1db809e183fd55290b9194fc,0,contrast_1.1,36.41713333129883,2.0776877403259277,0.07697684194062387,,,,
chewinggum,1efee72500fad7320b5be130,1,identity,57.866146087646484,11.09436321258545,0.0,True,9.552009582519531,True,8.022607803344727
chewinggum,1efee72500fad7320b5be130,1,brightness_0.9,57.68669509887695,10.518269538879395,0.00015196393389302272,True,9.411781311035156,True,7.826584815979004
chewinggum,1efee72500fad7320b5be130,1,brightness_1.1,61.21881866455078,12.060775756835938,0.054519949487543844,True,8.299076080322266,True,7.201375484466553
chewinggum,1efee72500fad7320b5be130,1,contrast_0.9,57.97605895996094,10.90815544128418,0.0,True,9.399017333984375,True,7.844719886779785
chewinggum,1efee72500fad7320b5be130,1,contrast_1.1,60.76814651489258,11.902864456176758,0.08743258266704702,True,8.918136596679688,True,7.729674339294434
chewinggum,1f39f107c638e81a3a736b0b,0,identity,32.3642692565918,-0.17913807928562164,0.0,,,,
chewinggum,1f39f107c638e81a3a736b0b,0,brightness_0.9,32.27046585083008,-1.052653431892395,0.00016107288314684426,,,,
chewinggum,1f39f107c638e81a3a736b0b,0,brightness_1.1,38.01844787597656,2.6747210025787354,0.05759144274203367,,,,
chewinggum,1f39f107c638e81a3a736b0b,0,contrast_0.9,32.499637603759766,-0.8727349042892456,0.0,,,,
chewinggum,1f39f107c638e81a3a736b0b,0,contrast_1.1,35.791507720947266,1.7041300535202026,0.08865451488402308,,,,
chewinggum,231379537caa4174d94051e2,0,identity,35.88886642456055,0.13733454048633575,0.0,,,,
chewinggum,231379537caa4174d94051e2,0,brightness_0.9,35.494083404541016,-0.6013987064361572,0.00023238929071944702,,,,
chewinggum,231379537caa4174d94051e2,0,brightness_1.1,38.48106002807617,3.798478364944458,0.05387143673457055,,,,
chewinggum,231379537caa4174d94051e2,0,contrast_0.9,36.07271957397461,-0.42252737283706665,0.0,,,,
chewinggum,231379537caa4174d94051e2,0,contrast_1.1,36.38237380981445,2.3508412837982178,0.07398110848358656,,,,
chewinggum,2b482978d8bddd0b4febc783,0,identity,36.4443473815918,3.302902936935425,0.0,,,,
chewinggum,2b482978d8bddd0b4febc783,0,brightness_0.9,37.027244567871094,3.4708940982818604,0.00025660576556497255,,,,
chewinggum,2b482978d8bddd0b4febc783,0,brightness_1.1,36.695777893066406,3.329254627227783,0.04222820006274067,,,,
chewinggum,2b482978d8bddd0b4febc783,0,contrast_0.9,36.094547271728516,2.722198009490967,0.0,,,,
chewinggum,2b482978d8bddd0b4febc783,0,contrast_1.1,36.70642852783203,3.466440439224243,0.06377019853954662,,,,
chewinggum,30226471f3251485965572de,0,identity,35.67482376098633,1.447344183921814,0.0,,,,
chewinggum,30226471f3251485965572de,0,brightness_0.9,35.875892639160156,0.8363847136497498,0.00014329932362719248,,,,
chewinggum,30226471f3251485965572de,0,brightness_1.1,40.66653060913086,4.322307109832764,0.05532620258125405,,,,
chewinggum,30226471f3251485965572de,0,contrast_0.9,35.72100830078125,0.4087371826171875,0.0,,,,
chewinggum,30226471f3251485965572de,0,contrast_1.1,37.274925231933594,3.170271158218384,0.07764046221918887,,,,
chewinggum,34a63268a8fdeb1b262e5143,0,identity,35.777259826660156,1.7397698163986206,0.0,,,,
chewinggum,34a63268a8fdeb1b262e5143,0,brightness_0.9,35.80572509765625,0.6231417059898376,0.0004623347170049419,,,,
chewinggum,34a63268a8fdeb1b262e5143,0,brightness_1.1,36.7636833190918,2.205265760421753,0.05441708501182386,,,,
chewinggum,34a63268a8fdeb1b262e5143,0,contrast_0.9,35.59415054321289,1.1494261026382446,0.0,,,,
chewinggum,34a63268a8fdeb1b262e5143,0,contrast_1.1,36.76313400268555,1.5449795722961426,0.08839457657604817,,,,
chewinggum,39d6c269322b94c12d0f6a54,0,identity,33.852294921875,-0.7498056888580322,0.0,,,,
chewinggum,39d6c269322b94c12d0f6a54,0,brightness_0.9,33.57306671142578,-1.2466470003128052,0.00025971613848091164,,,,
chewinggum,39d6c269322b94c12d0f6a54,0,brightness_1.1,36.7332763671875,3.2394731044769287,0.04278584549266974,,,,
chewinggum,39d6c269322b94c12d0f6a54,0,contrast_0.9,33.861183166503906,-1.2397538423538208,0.0,,,,
chewinggum,39d6c269322b94c12d0f6a54,0,contrast_1.1,36.26018142700195,2.3501245975494385,0.06574972873104783,,,,
chewinggum,40bb39e87277a618b92f0faa,0,identity,35.654788970947266,-0.2027951180934906,0.0,,,,
chewinggum,40bb39e87277a618b92f0faa,0,brightness_0.9,35.4144172668457,0.8946088552474976,0.0002974849524601717,,,,
chewinggum,40bb39e87277a618b92f0faa,0,brightness_1.1,38.45094299316406,4.076775074005127,0.053715029410797616,,,,
chewinggum,40bb39e87277a618b92f0faa,0,contrast_0.9,35.914249420166016,-0.6504788398742676,0.0,,,,
chewinggum,40bb39e87277a618b92f0faa,0,contrast_1.1,35.7315673828125,2.2208399772644043,0.07774688140681278,,,,
chewinggum,43749ef55ca32d60fe057566,0,identity,34.50545120239258,0.30691567063331604,0.0,,,,
chewinggum,43749ef55ca32d60fe057566,0,brightness_0.9,35.12202072143555,0.027608167380094528,0.0002686029182407375,,,,
chewinggum,43749ef55ca32d60fe057566,0,brightness_1.1,37.14703369140625,2.643707275390625,0.05134025968947814,,,,
chewinggum,43749ef55ca32d60fe057566,0,contrast_0.9,34.40572738647461,0.08288003504276276,0.0,,,,
chewinggum,43749ef55ca32d60fe057566,0,contrast_1.1,35.170936584472656,0.914985179901123,0.08780382789151375,,,,
chewinggum,439461fbf7ee75047f00f95f,0,identity,33.82021713256836,-1.9528766870498657,0.0,,,,
chewinggum,439461fbf7ee75047f00f95f,0,brightness_0.9,33.693363189697266,-2.5827584266662598,0.0002688250877347332,,,,
chewinggum,439461fbf7ee75047f00f95f,0,brightness_1.1,36.76338577270508,3.1697936058044434,0.052691272382465675,,,,
chewinggum,439461fbf7ee75047f00f95f,0,contrast_0.9,34.165802001953125,-2.3426058292388916,0.0,,,,
chewinggum,439461fbf7ee75047f00f95f,0,contrast_1.1,35.57734298706055,1.7547180652618408,0.07965665037719936,,,,
chewinggum,458a971b48f0e442e24c4391,0,identity,34.68812942504883,-0.5087628960609436,0.0,,,,
chewinggum,458a971b48f0e442e24c4391,0,brightness_0.9,35.15376663208008,-1.2659239768981934,0.0003794654957445655,,,,
chewinggum,458a971b48f0e442e24c4391,0,brightness_1.1,36.577152252197266,3.4029722213745117,0.05136336531685369,,,,
chewinggum,458a971b48f0e442e24c4391,0,contrast_0.9,34.85991668701172,-0.6834688782691956,0.0,,,,
chewinggum,458a971b48f0e442e24c4391,0,contrast_1.1,35.49170684814453,-0.6632870435714722,0.08306984031345449,,,,
chewinggum,4c531f56f440b2d8fa09ca60,0,identity,33.687984466552734,-0.36256712675094604,0.0,,,,
chewinggum,4c531f56f440b2d8fa09ca60,0,brightness_0.9,33.798614501953125,-0.9716001749038696,0.00010952956053985409,,,,
chewinggum,4c531f56f440b2d8fa09ca60,0,brightness_1.1,37.75754928588867,2.7067983150482178,0.055848078722649824,,,,
chewinggum,4c531f56f440b2d8fa09ca60,0,contrast_0.9,33.73155975341797,-1.050624132156372,0.0,,,,
chewinggum,4c531f56f440b2d8fa09ca60,0,contrast_1.1,36.12948989868164,2.027585506439209,0.0927064421155157,,,,
chewinggum,52e013a1f13b98e39e33d574,0,identity,36.02241134643555,2.57810115814209,0.0,,,,
chewinggum,52e013a1f13b98e39e33d574,0,brightness_0.9,36.37440872192383,1.934306025505066,0.0003239231222456537,,,,
chewinggum,52e013a1f13b98e39e33d574,0,brightness_1.1,38.18392562866211,3.9138262271881104,0.05384499856478507,,,,
chewinggum,52e013a1f13b98e39e33d574,0,contrast_0.9,36.50858688354492,1.9682296514511108,0.0,,,,
chewinggum,52e013a1f13b98e39e33d574,0,contrast_1.1,36.462928771972656,2.9778995513916016,0.0807115111346907,,,,
fryum,0567f015e56225dc7b608691,1,identity,45.557586669921875,6.331805229187012,0.0,True,4.300914764404297,True,2.9611573219299316
fryum,0567f015e56225dc7b608691,1,brightness_0.9,45.773006439208984,5.9155049324035645,0.0,True,4.287071228027344,True,2.944270133972168
fryum,0567f015e56225dc7b608691,1,brightness_1.1,47.34344482421875,6.9606523513793945,0.03162533333333333,True,4.833274841308594,True,3.219025135040283
fryum,0567f015e56225dc7b608691,1,contrast_0.9,45.305641174316406,5.94113826751709,0.0,True,4.272571563720703,True,2.9063119888305664
fryum,0567f015e56225dc7b608691,1,contrast_1.1,46.890960693359375,6.856163501739502,0.025467555555555556,True,4.611213684082031,True,3.1384711265563965
fryum,05e7d385d49a93944ed7d660,1,identity,51.29587936401367,7.707775592803955,0.0,True,11.754646301269531,True,5.592589378356934
fryum,05e7d385d49a93944ed7d660,1,brightness_0.9,51.16539764404297,7.169072151184082,0.0,True,11.727725982666016,True,5.572196006774902
fryum,05e7d385d49a93944ed7d660,1,brightness_1.1,50.651580810546875,7.881829261779785,0.03468377777777778,True,11.456714630126953,True,5.240736961364746
fryum,05e7d385d49a93944ed7d660,1,contrast_0.9,51.1152458190918,7.381649971008301,0.0,True,11.544185638427734,True,5.510324478149414
fryum,05e7d385d49a93944ed7d660,1,contrast_1.1,50.691490173339844,7.776610374450684,0.024998222222222224,True,11.317790985107422,True,5.353562831878662
fryum,085d4d97d4ccb17a25835d26,0,identity,33.3033447265625,2.368378162384033,0.0,,,,
fryum,085d4d97d4ccb17a25835d26,0,brightness_0.9,35.1843147277832,2.602011203765869,0.0,,,,
fryum,085d4d97d4ccb17a25835d26,0,brightness_1.1,32.740577697753906,1.9008022546768188,0.03034511111111111,,,,
fryum,085d4d97d4ccb17a25835d26,0,contrast_0.9,33.34524154663086,2.069261074066162,0.0,,,,
fryum,085d4d97d4ccb17a25835d26,0,contrast_1.1,33.10009765625,2.304757595062256,0.025563555555555555,,,,
fryum,08db9c8cd1485c7caa97f390,0,identity,35.69662857055664,3.2871789932250977,0.0,,,,
fryum,08db9c8cd1485c7caa97f390,0,brightness_0.9,35.85499572753906,2.892296075820923,0.0,,,,
fryum,08db9c8cd1485c7caa97f390,0,brightness_1.1,36.919864654541016,4.071476936340332,0.027142444444444445,,,,
fryum,08db9c8cd1485c7caa97f390,0,contrast_0.9,35.39987564086914,2.9183712005615234,0.0,,,,
fryum,08db9c8cd1485c7caa97f390,0,contrast_1.1,36.188575744628906,3.7400171756744385,0.022716666666666666,,,,
fryum,0991fdba5270f68770239306,1,identity,40.457218170166016,4.777736663818359,0.0,True,0.9837913513183594,False,-0.1540212631225586
fryum,0991fdba5270f68770239306,1,brightness_0.9,40.62448501586914,4.283459663391113,0.0,True,1.062744140625,False,-0.25648975372314453
fryum,0991fdba5270f68770239306,1,brightness_1.1,41.39228820800781,5.317180633544922,0.025302666666666668,True,1.0751838684082031,False,-0.38321590423583984
fryum,0991fdba5270f68770239306,1,contrast_0.9,40.07356262207031,4.496550559997559,0.0,True,0.7490119934082031,False,-0.28883934020996094
fryum,0991fdba5270f68770239306,1,contrast_1.1,39.971561431884766,5.146382808685303,0.02274,False,-0.06690216064453125,False,-0.49962759017944336
fryum,0a5fb07aa4961d588f1ca0e4,0,identity,31.274168014526367,1.4733543395996094,0.0,,,,
fryum,0a5fb07aa4961d588f1ca0e4,0,brightness_0.9,32.5058708190918,1.3187452554702759,2.2222222222222222e-07,,,,
fryum,0a5fb07aa4961d588f1ca0e4,0,brightness_1.1,31.745790481567383,1.7158267498016357,0.027530444444444444,,,,
fryum,0a5fb07aa4961d588f1ca0e4,0,contrast_0.9,31.5635986328125,1.2117993831634521,0.0,,,,
fryum,0a5fb07aa4961d588f1ca0e4,0,contrast_1.1,30.94278335571289,1.495904803276062,0.022974222222222222,,,,
fryum,0ce7b5f90467de3134ed6800,1,identity,42.90849304199219,6.109504699707031,0.0,True,5.151268005371094,True,2.8355770111083984
fryum,0ce7b5f90467de3134ed6800,1,brightness_0.9,43.382991790771484,5.4211602210998535,0.0,True,5.790771484375,True,2.5733795166015625
fryum,0ce7b5f90467de3134ed6800,1,brightness_1.1,44.4055290222168,6.629851341247559,0.032084666666666664,True,6.061870574951172,True,2.828096389770508
fryum,0ce7b5f90467de3134ed6800,1,contrast_0.9,42.45498275756836,5.570550918579102,0.0,True,4.96942138671875,True,2.5353736877441406
fryum,0ce7b5f90467de3134ed6800,1,contrast_1.1,43.385345458984375,6.446613788604736,0.02539377777777778,True,5.220958709716797,True,2.8762025833129883
fryum,0dc73ea3b7f6abcbf1a04e2d,1,identity,61.167842864990234,8.43630313873291,0.0,True,13.576297760009766,True,4.025461196899414
fryum,0dc73ea3b7f6abcbf1a04e2d,1,brightness_0.9,60.8430061340332,7.661518096923828,0.0,True,12.820392608642578,True,3.6059179306030273
fryum,0dc73ea3b7f6abcbf1a04e2d,1,brightness_1.1,61.08673858642578,8.892815589904785,0.029062222222222222,True,13.851459503173828,True,3.908210277557373
fryum,0dc73ea3b7f6abcbf1a04e2d,1,contrast_0.9,60.57482147216797,7.875243186950684,0.0,True,12.998523712158203,True,3.7472753524780273
fryum,0dc73ea3b7f6abcbf1a04e2d,1,contrast_1.1,61.57183837890625,8.851009368896484,0.023478222222222223,True,13.881240844726562,True,3.94296932220459
fryum,0fdaf1bb08e3c9e6bdb2479d,1,identity,43.113014221191406,7.39206600189209,0.0,True,6.8276824951171875,True,4.169912338256836
fryum,0fdaf1bb08e3c9e6bdb2479d,1,brightness_0.9,43.573631286621094,6.911619186401367,0.0,True,6.6711883544921875,True,4.0933332443237305
fryum,0fdaf1bb08e3c9e6bdb2479d,1,brightness_1.1,43.9163932800293,7.869706153869629,0.030912444444444444,True,6.722526550292969,True,4.083112716674805
fryum,0fdaf1bb08e3c9e6bdb2479d,1,contrast_0.9,43.29083251953125,7.084254264831543,0.0,True,6.717613220214844,True,4.084268569946289
fryum,0fdaf1bb08e3c9e6bdb2479d,1,contrast_1.1,43.8707275390625,7.74896240234375,0.02412088888888889,True,6.80230712890625,True,4.211366653442383
fryum,11a192dfa2971876b4b07756,1,identity,34.87532424926758,2.7003159523010254,0.0,False,-2.927194595336914,False,-0.39154505729675293
fryum,11a192dfa2971876b4b07756,1,brightness_0.9,35.058349609375,2.3503267765045166,0.0,False,-1.9355506896972656,False,-0.21297645568847656
fryum,11a192dfa2971876b4b07756,1,brightness_1.1,35.13276672363281,3.3154067993164062,0.03157533333333333,False,-2.557292938232422,False,-0.480975866317749
fryum,11a192dfa2971876b4b07756,1,contrast_0.9,35.120113372802734,2.4275081157684326,0.0,False,-2.616771697998047,False,-0.2780618667602539
fryum,11a192dfa2971876b4b07756,1,contrast_1.1,35.0549201965332,2.8929550647735596,0.024604444444444446,False,-3.0725021362304688,False,-0.1850266456604004
fryum,13a69a91c9741f453af93f0b,0,identity,30.52155876159668,1.415723443031311,0.0,,,,
fryum,13a69a91c9741f453af93f0b,0,brightness_0.9,31.6794376373291,1.306326985359192,0.0,,,,
fryum,13a69a91c9741f453af93f0b,0,brightness_1.1,32.57740783691406,2.740814447402954,0.03054511111111111,,,,
fryum,13a69a91c9741f453af93f0b,0,contrast_0.9,30.454557418823242,1.137077808380127,0.0,,,,
fryum,13a69a91c9741f453af93f0b,0,contrast_1.1,30.600006103515625,2.0113983154296875,0.024844666666666668,,,,
fryum,162aa2d55827363b0db982d3,1,identity,45.211727142333984,6.827518463134766,0.0,False,3.088409423828125,False,2.807687759399414
fryum,162aa2d55827363b0db982d3,1,brightness_0.9,45.6339225769043,6.21934700012207,2.2222222222222222e-07,False,2.8906707763671875,False,2.5776870250701904
fryum,162aa2d55827363b0db982d3,1,brightness_1.1,46.78895950317383,7.551629066467285,0.03183911111111111,True,4.973232269287109,False,3.029881000518799
fryum,162aa2d55827363b0db982d3,1,contrast_0.9,45.18559646606445,6.370553016662598,0.0,False,2.971294403076172,False,2.665569305419922
fryum,162aa2d55827363b0db982d3,1,contrast_1.1,45.94590759277344,7.303300857543945,0.021583777777777778,False,3.469310760498047,False,2.8283910751342773
fryum,16a8e7a9d23283a19f912f1c,0,identity,32.509334564208984,0.5447273254394531,0.0,,,,
fryum,16a8e7a9d23283a19f912f1c,0,brightness_0.9,33.20835876464844,0.9273291230201721,0.0,,,,
fryum,16a8e7a9d23283a19f912f1c,0,brightness_1.1,32.89902114868164,1.7196797132492065,0.02879688888888889,,,,
fryum,16a8e7a9d23283a19f912f1c,0,contrast_0.9,32.567108154296875,0.4466768205165863,0.0,,,,
fryum,16a8e7a9d23283a19f912f1c,0,contrast_1.1,32.7311897277832,1.0252350568771362,0.024471777777777776,,,,
fryum,1e408470abc1d14f529400cf,1,identity,35.786930084228516,2.682137966156006,0.0,False,-2.340087890625,False,0.046753883361816406
fryum,1e408470abc1d14f529400cf,1,brightness_0.9,37.1089973449707,2.7636940479278564,0.0,False,-0.689056396484375,False,0.5722252130508423
fryum,1e408470abc1d14f529400cf,1,brightness_1.1,37.318729400634766,3.6756768226623535,0.03125733333333333,False,-0.8958778381347656,False,0.039812564849853516
fryum,1e408470abc1d14f529400cf,1,contrast_0.9,36.38972854614258,2.692675828933716,0.0,False,-1.4085731506347656,False,0.5393322706222534
fryum,1e408470abc1d14f529400cf,1,contrast_1.1,36.754554748535156,3.3621015548706055,0.025125111111111112,False,-1.2603187561035156,False,0.29103732109069824
fryum,232aebca13c2a3b682c8b7ff,1,identity,38.03949737548828,5.695047378540039,0.0,False,2.578044891357422,True,2.832803249359131
fryum,232aebca13c2a3b682c8b7ff,1,brightness_0.9,38.689510345458984,5.2805891036987305,0.0,True,2.6308937072753906,True,2.7789454460144043
fryum,232aebca13c2a3b682c8b7ff,1,brightness_1.1,38.86316680908203,6.285646438598633,0.030194222222222223,False,2.312061309814453,True,2.81701922416687
fryum,232aebca13c2a3b682c8b7ff,1,contrast_0.9,37.87770462036133,5.332449913024902,0.0,True,2.4324302673339844,True,2.7602453231811523
fryum,232aebca13c2a3b682c8b7ff,1,contrast_1.1,38.38831329345703,5.995149612426758,0.02461688888888889,False,2.4559974670410156,False,2.765152931213379
fryum,2454edc095428fb36d06020a,0,identity,31.557485580444336,1.1572575569152832,0.0,,,,
fryum,2454edc095428fb36d06020a,0,brightness_0.9,32.511810302734375,1.4527555704116821,0.0,,,,
fryum,2454edc095428fb36d06020a,0,brightness_1.1,33.987274169921875,2.0039021968841553,0.03268533333333333,,,,
fryum,2454edc095428fb36d06020a,0,contrast_0.9,31.453880310058594,0.9242666363716125,0.0,,,,
fryum,2454edc095428fb36d06020a,0,contrast_1.1,32.36955642700195,1.6799862384796143,0.024404222222222223,,,,
fryum,2659ffa91556eeb0ae66d2a3,1,identity,40.90237045288086,6.441174507141113,0.0,True,2.1108932495117188,True,2.737710952758789
fryum,2659ffa91556eeb0ae66d2a3,1,brightness_0.9,41.09794998168945,5.892447471618652,0.0,True,2.5050315856933594,True,2.7070486545562744
fryum,2659ffa91556eeb0ae66d2a3,1,brightness_1.1,43.03111267089844,7.007610321044922,0.032754,True,3.9624977111816406,True,2.84136962890625
fryum,2659ffa91556eeb0ae66d2a3,1,contrast_0.9,40.605369567871094,6.027591228485107,0.0,True,1.6853179931640625,True,2.7264485359191895
fryum,2659ffa91556eeb0ae66d2a3,1,contrast_1.1,41.90658187866211,6.844426155090332,0.02504311111111111,True,3.013385772705078,True,2.9219396114349365
fryum,2b0ddfa999dd7cd84c31ef1b,1,identity,34.06919479370117,2.8700435161590576,0.0,False,-0.18791580200195312,False,0.8417410850524902
fryum,2b0ddfa999dd7cd84c31ef1b,1,brightness_0.9,35.661094665527344,2.9267916679382324,2.2222222222222222e-07,True,1.5138511657714844,True,0.7810168266296387
fryum,2b0ddfa999dd7cd84c31ef1b,1,brightness_1.1,35.30821228027344,3.189507007598877,0.02837688888888889,False,1.3136367797851562,False,0.38193321228027344
fryum,2b0ddfa999dd7cd84c31ef1b,1,contrast_0.9,34.738712310791016,2.8403091430664062,0.0,True,0.98529052734375,True,0.9699119329452515
fryum,2b0ddfa999dd7cd84c31ef1b,1,contrast_1.1,34.608219146728516,3.0773801803588867,0.023650888888888888,False,0.3314208984375,True,0.7972583770751953
fryum,2bbd3ec51e301a81e9e62ea5,1,identity,51.52394485473633,7.0445098876953125,0.0,True,8.93194580078125,True,4.126479148864746
fryum,2bbd3ec51e301a81e9e62ea5,1,brightness_0.9,51.40753936767578,6.401355743408203,0.0,True,8.379688262939453,True,3.6871535778045654
fryum,2bbd3ec51e301a81e9e62ea5,1,brightness_1.1,51.11008834838867,7.373697280883789,0.028156,True,8.75637435913086,True,3.6650230884552
fryum,2bbd3ec51e301a81e9e62ea5,1,contrast_0.9,51.16916275024414,6.6163787841796875,0.0,True,8.395511627197266,True,4.055877685546875
fryum,2bbd3ec51e301a81e9e62ea5,1,contrast_1.1,51.85154342651367,7.3675947189331055,0.019221111111111112,True,9.04587173461914,True,3.8721790313720703
fryum,2f9c70e940c5c4abd5608c63,1,identity,52.09912872314453,8.134172439575195,0.0,True,8.519481658935547,True,3.687190055847168
fryum,2f9c70e940c5c4abd5608c63,1,brightness_0.9,51.80244064331055,7.501995086669922,0.0,True,8.165363311767578,True,3.6469645500183105
fryum,2f9c70e940c5c4abd5608c63,1,brightness_1.1,53.516876220703125,8.704987525939941,0.030164444444444445,True,9.340003967285156,True,3.6765637397766113
fryum,2f9c70e940c5c4abd5608c63,1,contrast_0.9,51.89004898071289,7.676053524017334,0.0,True,8.514751434326172,True,3.610856533050537
fryum,2f9c70e940c5c4abd5608c63,1,contrast_1.1,52.811954498291016,8.508369445800781,0.024348222222222222,True,8.916973114013672,True,3.771355152130127
fryum,3155f2ae7b4e017f3e4e86f1,1,identity,45.86247634887695,7.518279075622559,0.0,False,1.2738723754882812,False,1.6446352005004883
fryum,3155f2ae7b4e017f3e4e86f1,1,brightness_0.9,45.669334411621094,6.759984970092773,0.0,False,1.2388839721679688,False,1.5187997817993164
fryum,3155f2ae7b4e017f3e4e86f1,1,brightness_1.1,46.47468566894531,7.893708229064941,0.03170933333333333,False,1.3614311218261719,False,1.7293381690979004
fryum,3155f2ae7b4e017f3e4e86f1,1,contrast_0.9,45.612430572509766,7.063591003417969,0.0,False,1.2262611389160156,False,1.5684728622436523
fryum,3155f2ae7b4e017f3e4e86f1,1,contrast_1.1,46.32792282104492,7.810108184814453,0.024597333333333332,False,1.4779434204101562,False,1.763564109802246
fryum,331edf617fbde0bfb7ff3460,1,identity,49.93052291870117,7.0861358642578125,0.0,True,5.914886474609375,True,2.880793571472168
fryum,331edf617fbde0bfb7ff3460,1,brightness_0.9,50.38163757324219,6.383737564086914,0.0,True,6.554012298583984,True,2.796875
fryum,331edf617fbde0bfb7ff3460,1,brightness_1.1,51.188594818115234,7.796394348144531,0.032482444444444446,True,5.3726959228515625,True,2.652409553527832
fryum,331edf617fbde0bfb7ff3460,1,contrast_0.9,49.85718536376953,6.525251388549805,0.0,True,6.345699310302734,True,2.7940714359283447
fryum,331edf617fbde0bfb7ff3460,1,contrast_1.1,50.72270202636719,7.605769634246826,0.026351333333333334,True,5.568397521972656,True,2.7597732543945312
fryum,3a97cbe18f73ea327e5a12b6,0,identity,34.41254806518555,1.641022801399231,0.0,,,,
fryum,3a97cbe18f73ea327e5a12b6,0,brightness_0.9,33.23292541503906,1.4585113525390625,0.0,,,,
fryum,3a97cbe18f73ea327e5a12b6,0,brightness_1.1,34.972713470458984,2.2002339363098145,0.026121555555555554,,,,
fryum,3a97cbe18f73ea327e5a12b6,0,contrast_0.9,34.06967544555664,1.3000340461730957,0.0,,,,
fryum,3a97cbe18f73ea327e5a12b6,0,contrast_1.1,34.274532318115234,1.8289235830307007,0.023276666666666668,,,,
fryum,3f022ceaac221140ef60091c,0,identity,32.7899284362793,2.2053520679473877,0.0,,,,
fryum,3f022ceaac221140ef60091c,0,brightness_0.9,34.1673583984375,2.162437915802002,0.0,,,,
fryum,3f022ceaac221140ef60091c,0,brightness_1.1,32.4276237487793,2.2897181510925293,0.02564666666666667,,,,
fryum,3f022ceaac221140ef60091c,0,contrast_0.9,33.32994079589844,1.9705042839050293,0.0,,,,
fryum,3f022ceaac221140ef60091c,0,contrast_1.1,32.46198272705078,2.180337429046631,0.023652444444444445,,,,
fryum,4016a29bb66cea68e71fe186,0,identity,31.556119918823242,2.7435178756713867,0.0,,,,
fryum,4016a29bb66cea68e71fe186,0,brightness_0.9,33.83854675292969,2.6855669021606445,0.0,,,,
fryum,4016a29bb66cea68e71fe186,0,brightness_1.1,37.34858703613281,3.974083423614502,0.033182222222222224,,,,
fryum,4016a29bb66cea68e71fe186,0,contrast_0.9,32.310726165771484,2.360475540161133,0.0,,,,
fryum,4016a29bb66cea68e71fe186,0,contrast_1.1,35.29117202758789,3.4395527839660645,0.025561555555555556,,,,
fryum,467d16782bfbc399313c2707,0,identity,33.000911712646484,2.334805727005005,0.0,,,,
fryum,467d16782bfbc399313c2707,0,brightness_0.9,35.31142044067383,2.736513614654541,2.2222222222222222e-07,,,,
fryum,467d16782bfbc399313c2707,0,brightness_1.1,32.778446197509766,2.902092933654785,0.029923111111111112,,,,
fryum,467d16782bfbc399313c2707,0,contrast_0.9,33.49751281738281,2.303743362426758,0.0,,,,
fryum,467d16782bfbc399313c2707,0,contrast_1.1,32.048377990722656,2.439680576324463,0.02585111111111111,,,,
fryum,50b7b5bad5e656a04f0bf6a4,0,identity,30.4639835357666,1.0513627529144287,0.0,,,,
fryum,50b7b5bad5e656a04f0bf6a4,0,brightness_0.9,33.48345184326172,1.4380192756652832,0.0,,,,
fryum,50b7b5bad5e656a04f0bf6a4,0,brightness_1.1,33.45122146606445,2.4021716117858887,0.03150044444444444,,,,
fryum,50b7b5bad5e656a04f0bf6a4,0,contrast_0.9,31.061992645263672,0.9002420902252197,0.0,,,,
fryum,50b7b5bad5e656a04f0bf6a4,0,contrast_1.1,31.204898834228516,1.7380000352859497,0.024266,,,,
fryum,556766e22dc4fd23503aee6a,0,identity,31.971540451049805,1.6038315296173096,0.0,,,,
fryum,556766e22dc4fd23503aee6a,0,brightness_0.9,34.53104019165039,2.2464869022369385,2.2222222222222222e-07,,,,
fryum,556766e22dc4fd23503aee6a,0,brightness_1.1,35.329124450683594,2.7742862701416016,0.027719333333333332,,,,
fryum,556766e22dc4fd23503aee6a,0,contrast_0.9,33.002281188964844,1.7717663049697876,0.0,,,,
fryum,556766e22dc4fd23503aee6a,0,contrast_1.1,32.39336013793945,2.0091304779052734,0.021985777777777778,,,,
fryum,5aa78f8b66cf726a2dc156a9,0,identity,34.068790435791016,1.8531672954559326,0.0,,,,
fryum,5aa78f8b66cf726a2dc156a9,0,brightness_0.9,33.841060638427734,1.697593331336975,0.0,,,,
fryum,5aa78f8b66cf726a2dc156a9,0,brightness_1.1,33.793025970458984,2.2476937770843506,0.029814,,,,
fryum,5aa78f8b66cf726a2dc156a9,0,contrast_0.9,34.24039840698242,1.5268532037734985,0.0,,,,
fryum,5aa78f8b66cf726a2dc156a9,0,contrast_1.1,33.7008056640625,2.034552812576294,0.024397333333333333,,,,
fryum,5ee84eb25b9f7eafcb0af435,0,identity,30.230979919433594,0.9359184503555298,0.0,,,,
fryum,5ee84eb25b9f7eafcb0af435,0,brightness_0.9,31.632347106933594,1.147544026374817,4.4444444444444444e-07,,,,
fryum,5ee84eb25b9f7eafcb0af435,0,brightness_1.1,32.75550079345703,2.015409231185913,0.031858444444444446,,,,
fryum,5ee84eb25b9f7eafcb0af435,0,contrast_0.9,30.511369705200195,0.9674001932144165,0.0,,,,
fryum,5ee84eb25b9f7eafcb0af435,0,contrast_1.1,31.586942672729492,1.4059468507766724,0.025696444444444445,,,,
fryum,5f6fd58767c305b317e855a3,0,identity,32.434043884277344,2.1125614643096924,0.0,,,,
fryum,5f6fd58767c305b317e855a3,0,brightness_0.9,32.90348815917969,1.6036044359207153,0.0,,,,
fryum,5f6fd58767c305b317e855a3,0,brightness_1.1,32.280784606933594,2.2602832317352295,0.028738666666666666,,,,
fryum,5f6fd58767c305b317e855a3,0,contrast_0.9,32.0977783203125,1.2593480348587036,0.0,,,,
fryum,5f6fd58767c305b317e855a3,0,contrast_1.1,32.006492614746094,2.0656919479370117,0.025179555555555556,,,,
fryum,617b6addb45c8bb6d8384c70,0,identity,33.319034576416016,2.5352065563201904,0.0,,,,
fryum,617b6addb45c8bb6d8384c70,0,brightness_0.9,34.288421630859375,2.393127679824829,0.0,,,,
fryum,617b6addb45c8bb6d8384c70,0,brightness_1.1,35.50926208496094,3.9226438999176025,0.031213333333333333,,,,
fryum,617b6addb45c8bb6d8384c70,0,contrast_0.9,33.44472122192383,2.229921579360962,0.0,,,,
fryum,617b6addb45c8bb6d8384c70,0,contrast_1.1,34.55931091308594,3.0559892654418945,0.023917555555555556,,,,
macaroni1,009ae6d6a7cf15f60e00275e,1,identity,37.90849685668945,1.4824721813201904,0.0,True,5.245597839355469,True,1.4230459928512573
macaroni1,009ae6d6a7cf15f60e00275e,1,brightness_0.9,38.27580642700195,0.8363677263259888,1e-05,True,5.546848297119141,True,1.2706875801086426
macaroni1,009ae6d6a7cf15f60e00275e,1,brightness_1.1,37.8901252746582,1.8854691982269287,0.015062666666666667,True,4.342658996582031,True,1.3848787546157837
macaroni1,009ae6d6a7cf15f60e00275e,1,contrast_0.9,38.21702194213867,1.0340458154678345,0.0,True,5.436662673950195,True,1.3058993816375732
macaroni1,009ae6d6a7cf15f60e00275e,1,contrast_1.1,37.846500396728516,1.7581055164337158,0.0015862222222222222,True,5.087406158447266,True,1.423774003982544
macaroni1,067ddfed88952e43c12bc42a,1,identity,47.97713088989258,3.1774110794067383,0.0,True,5.968914031982422,True,2.3636012077331543
macaroni1,067ddfed88952e43c12bc42a,1,brightness_0.9,48.17442321777344,2.5203776359558105,2.888888888888889e-06,True,6.1240692138671875,True,2.241954803466797
macaroni1,067ddfed88952e43c12bc42a,1,brightness_1.1,45.63485336303711,3.408754825592041,0.018724444444444443,True,5.515056610107422,True,2.232485771179199
macaroni1,067ddfed88952e43c12bc42a,1,contrast_0.9,47.645599365234375,2.6736831665039062,0.0,True,6.0234222412109375,True,2.2115466594696045
macaroni1,067ddfed88952e43c12bc42a,1,contrast_1.1,47.07659912109375,3.3860626220703125,0.0028617777777777778,True,5.7143707275390625,True,2.4035909175872803
macaroni1,0a5fc896034108697d256245,0,identity,25.70461082458496,-1.211902379989624,0.0,,,,
macaroni1,0a5fc896034108697d256245,0,brightness_0.9,28.068702697753906,-1.736576795578003,2.177777777777778e-05,,,,
macaroni1,0a5fc896034108697d256245,0,brightness_1.1,25.609285354614258,-0.6232315301895142,0.010246444444444445,,,,
macaroni1,0a5fc896034108697d256245,0,contrast_0.9,26.833345413208008,-1.598330020904541,0.0,,,,
macaroni1,0a5fc896034108697d256245,0,contrast_1.1,26.01540756225586,-0.8259518146514893,0.0008602222222222222,,,,
macaroni1,0b3d289359dc893c12d78013,1,identity,34.322200775146484,0.45570239424705505,0.0,False,-1.5440444946289062,True,0.7266249656677246
macaroni1,0b3d289359dc893c12d78013,1,brightness_0.9,33.83720016479492,-0.21088701486587524,1.4444444444444444e-05,False,-0.9857635498046875,True,0.5666822791099548
macaroni1,0b3d289359dc893c12d78013,1,brightness_1.1,34.95660400390625,1.1421853303909302,0.016127333333333334,False,-0.4015541076660156,True,0.9950732588768005
macaroni1,0b3d289359dc893c12d78013,1,contrast_0.9,33.91185760498047,-0.022159436717629433,0.0,False,-1.122293472290039,True,0.5827738046646118
macaroni1,0b3d289359dc893c12d78013,1,contrast_1.1,34.55173873901367,0.9236035346984863,0.001584888888888889,False,-0.9625968933105469,True,0.8941124081611633
macaroni1,0b6f4855f72258c394c54157,0,identity,31.802413940429688,-1.0705537796020508,0.0,,,,
macaroni1,0b6f4855f72258c394c54157,0,brightness_0.9,31.526874542236328,-1.626633644104004,3.2e-05,,,,
macaroni1,0b6f4855f72258c394c54157,0,brightness_1.1,31.3459415435791,-0.480734646320343,0.011038666666666667,,,,
macaroni1,0b6f4855f72258c394c54157,0,contrast_0.9,31.165512084960938,-1.4195630550384521,0.0,,,,
macaroni1,0b6f4855f72258c394c54157,0,contrast_1.1,32.023033142089844,-0.6701912879943848,0.000872,,,,
macaroni1,0e433b70c0668ca3dd3dd1ae,1,identity,38.73093032836914,1.297501802444458,0.0,True,2.8985214233398438,True,1.4349910020828247
macaroni1,0e433b70c0668ca3dd3dd1ae,1,brightness_0.9,38.73779296875,0.5877071022987366,2.2666666666666668e-05,True,2.949512481689453,True,1.2073757648468018
macaroni1,0e433b70c0668ca3dd3dd1ae,1,brightness_1.1,39.0384407043457,1.8098742961883545,0.008668444444444444,True,3.0845184326171875,True,1.4133312702178955
macaroni1,0e433b70c0668ca3dd3dd1ae,1,contrast_0.9,38.72154998779297,0.8578380346298218,0.0,True,3.221324920654297,True,1.3037383556365967
macaroni1,0e433b70c0668ca3dd3dd1ae,1,contrast_1.1,38.1690788269043,1.5168037414550781,0.0007264444444444445,True,2.422588348388672,False,1.3147478103637695
macaroni1,0f0fbdb4f186b1f6a2ee813d,0,identity,27.925518035888672,-1.2518163919448853,0.0,,,,
macaroni1,0f0fbdb4f186b1f6a2ee813d,0,brightness_0.9,27.79442024230957,-1.905417561531067,3.7777777777777777e-06,,,,
macaroni1,0f0fbdb4f186b1f6a2ee813d,0,brightness_1.1,28.02556037902832,-0.64127117395401,0.0005195555555555555,,,,
macaroni1,0f0fbdb4f186b1f6a2ee813d,0,contrast_0.9,27.729740142822266,-1.6918072700500488,0.0,,,,
macaroni1,0f0fbdb4f186b1f6a2ee813d,0,contrast_1.1,28.140052795410156,-0.8344885110855103,0.00010933333333333334,,,,
macaroni1,0f35d2c299de03a383e80afe,1,identity,37.1208381652832,0.9649189710617065,0.0,False,2.3177871704101562,False,0.7247891426086426
macaroni1,0f35d2c299de03a383e80afe,1,brightness_0.9,37.42621994018555,0.3181021213531494,1.9333333333333333e-05,False,2.4528350830078125,False,0.6938759088516235
macaroni1,0f35d2c299de03a383e80afe,1,brightness_1.1,37.74821090698242,1.6454908847808838,0.007364444444444444,False,2.1027565002441406,False,0.7625901103019714
macaroni1,0f35d2c299de03a383e80afe,1,contrast_0.9,38.03513717651367,0.6402072906494141,0.0,False,2.5642127990722656,False,0.7387137413024902
macaroni1,0f35d2c299de03a383e80afe,1,contrast_1.1,38.56776809692383,1.5967775583267212,0.0005184444444444444,False,2.6143264770507812,False,0.8892959952354431
macaroni1,10d3e03993e06518157e65fc,1,identity,41.634525299072266,2.348142623901367,0.0,True,7.395786285400391,True,2.141671657562256
macaroni1,10d3e03993e06518157e65fc,1,brightness_0.9,41.79515838623047,1.6068435907363892,1.9777777777777778e-05,True,7.503879547119141,True,1.8854548931121826
macaroni1,10d3e03993e06518157e65fc,1,brightness_1.1,41.855098724365234,2.9597294330596924,0.006626222222222223,True,7.610774993896484,True,2.440016746520996
macaroni1,10d3e03993e06518157e65fc,1,contrast_0.9,41.77523422241211,1.8721647262573242,0.0,True,7.449806213378906,True,1.9435229301452637
macaroni1,10d3e03993e06518157e65fc,1,contrast_1.1,41.79005432128906,2.779890775680542,0.0006304444444444444,True,7.763175964355469,True,2.37949800491333
macaroni1,11a8694ae92e988093708a31,1,identity,36.40625,0.922563374042511,0.0,False,1.2561302185058594,False,0.8592119216918945
macaroni1,11a8694ae92e988093708a31,1,brightness_0.9,36.18911361694336,0.1955144703388214,2.088888888888889e-05,False,1.1731109619140625,False,0.8002015948295593
macaroni1,11a8694ae92e988093708a31,1,brightness_1.1,37.43422317504883,1.573707103729248,0.004601555555555556,False,1.0970344543457031,False,0.9030911326408386
macaroni1,11a8694ae92e988093708a31,1,contrast_0.9,36.151126861572266,0.36487892270088196,0.0,False,1.2362518310546875,False,0.8080475330352783
macaroni1,11a8694ae92e988093708a31,1,contrast_1.1,36.93561553955078,1.3991799354553223,0.0009595555555555555,False,0.9054603576660156,False,0.8585307598114014
macaroni1,124a3ce41aebda69a518a35e,1,identity,36.59747314453125,1.0542714595794678,0.0,False,-0.6382217407226562,True,1.1635340452194214
macaroni1,124a3ce41aebda69a518a35e,1,brightness_0.9,36.972251892089844,0.4403174817562103,3.3333333333333333e-06,False,-0.12570571899414062,True,1.0992194414138794
macaroni1,124a3ce41aebda69a518a35e,1,brightness_1.1,38.28780746459961,1.7545216083526611,0.017788666666666668,True,0.6245193481445312,True,1.1719801425933838
macaroni1,124a3ce41aebda69a518a35e,1,contrast_0.9,37.017417907714844,0.6696450114250183,0.0,True,0.06822967529296875,True,1.0817532539367676
macaroni1,124a3ce41aebda69a518a35e,1,contrast_1.1,37.478946685791016,1.498070240020752,0.00274,False,-0.0157928466796875,True,1.217632532119751
macaroni1,13295077e692b776977e90f1,1,identity,33.3829460144043,0.7323811650276184,0.0,False,-0.37413978576660156,True,0.7772265076637268
macaroni1,13295077e692b776977e90f1,1,brightness_0.9,33.545875549316406,-0.15504054725170135,1.6222222222222223e-05,True,1.1530437469482422,True,0.5334124565124512
macaroni1,13295077e692b776977e90f1,1,brightness_1.1,33.95284652709961,1.3582838773727417,0.011977777777777778,False,-1.4192676544189453,True,0.8347862958908081
macaroni1,13295077e692b776977e90f1,1,contrast_0.9,33.44586181640625,0.14034976065158844,0.0,True,0.7735080718994141,True,0.6042263507843018
macaroni1,13295077e692b776977e90f1,1,contrast_1.1,34.246429443359375,1.093766212463379,0.0009988888888888888,False,-1.9350643157958984,True,0.7915629744529724
macaroni1,133f5a68841537ec52c70973,0,identity,29.46476173400879,-0.7260479927062988,0.0,,,,
macaroni1,133f5a68841537ec52c70973,0,brightness_0.9,29.40859603881836,-1.3567510843276978,1.4e-05,,,,
macaroni1,133f5a68841537ec52c70973,0,brightness_1.1,29.81495475769043,-0.03892893344163895,0.011706888888888888,,,,
macaroni1,133f5a68841537ec52c70973,0,contrast_0.9,29.99177360534668,-1.0963233709335327,0.0,,,,
macaroni1,133f5a68841537ec52c70973,0,contrast_1.1,30.309465408325195,-0.3167063593864441,0.0011977777777777779,,,,
macaroni1,143c918fb8c7224562f0141d,0,identity,29.429832458496094,-0.9621838927268982,0.0,,,,
macaroni1,143c918fb8c7224562f0141d,0,brightness_0.9,30.31956672668457,-1.631321668624878,1.9333333333333333e-05,,,,
macaroni1,143c918fb8c7224562f0141d,0,brightness_1.1,29.355478286743164,-0.33374926447868347,0.0004182222222222222,,,,
macaroni1,143c918fb8c7224562f0141d,0,contrast_0.9,31.06045913696289,-1.3430272340774536,0.0,,,,
macaroni1,143c918fb8c7224562f0141d,0,contrast_1.1,29.173547744750977,-0.563254177570343,0.0002933333333333333,,,,
macaroni1,14c183f1381f0b21cf8a2106,1,identity,35.395206451416016,0.016774525865912437,0.0,False,-4.213861465454102,True,0.7158277630805969
macaroni1,14c183f1381f0b21cf8a2106,1,brightness_0.9,34.19649887084961,-0.8479163646697998,1.7111111111111112e-05,False,-3.7852115631103516,True,0.5076816082000732
macaroni1,14c183f1381f0b21cf8a2106,1,brightness_1.1,35.351341247558594,0.58031165599823,0.012202222222222222,False,-3.767223358154297,True,0.6853404641151428
macaroni1,14c183f1381f0b21cf8a2106,1,contrast_0.9,34.41613006591797,-0.5583887100219727,0.0,False,-3.573883056640625,True,0.5681731700897217
macaroni1,14c183f1381f0b21cf8a2106,1,contrast_1.1,35.62632751464844,0.35509204864501953,0.0010251111111111112,False,-4.285745620727539,True,0.6997510194778442
macaroni1,158c1a24504aa99270a9ace6,1,identity,33.406375885009766,0.0420759841799736,0.0,False,-2.2078723907470703,True,0.8669619560241699
macaroni1,158c1a24504aa99270a9ace6,1,brightness_0.9,33.2196044921875,-0.6704662442207336,6.222222222222222e-06,False,-1.8034687042236328,False,0.7596561312675476
macaroni1,158c1a24504aa99270a9ace6,1,brightness_1.1,33.51006317138672,0.6333898305892944,0.020732,False,-2.088754653930664,True,0.8874737024307251
macaroni1,158c1a24504aa99270a9ace6,1,contrast_0.9,33.05525588989258,-0.38691070675849915,0.0,False,-1.7463512420654297,True,0.8525600433349609
macaroni1,158c1a24504aa99270a9ace6,1,contrast_1.1,33.51698303222656,0.415608674287796,0.0017266666666666667,False,-2.1671524047851562,True,0.9194711446762085
macaroni1,16181216c45b3f0bfba3307b,1,identity,35.06801986694336,0.88457190990448,0.0,True,0.9128532409667969,True,1.1621931791305542
macaroni1,16181216c45b3f0bfba3307b,1,brightness_0.9,34.8874626159668,0.13787952065467834,1.6444444444444444e-05,True,1.6668243408203125,True,1.0402379035949707
macaroni1,16181216c45b3f0bfba3307b,1,brightness_1.1,38.13346862792969,1.8020389080047607,0.018488,True,3.5916366577148438,True,1.2365816831588745
macaroni1,16181216c45b3f0bfba3307b,1,contrast_0.9,34.85634231567383,0.3744366466999054,0.0,True,1.2786903381347656,True,1.0275665521621704
macaroni1,16181216c45b3f0bfba3307b,1,contrast_1.1,35.66841506958008,1.2750581502914429,0.0027486666666666666,True,1.3139076232910156,True,1.1595813035964966
macaroni1,1b0032887856297d9c6df6d9,0,identity,27.702383041381836,-1.0354849100112915,0.0,,,,
macaroni1,1b0032887856297d9c6df6d9,0,brightness_0.9,27.596830368041992,-1.790772557258606,1.577777777777778e-05,,,,
macaroni1,1b0032887856297d9c6df6d9,0,brightness_1.1,28.167531967163086,-0.3476247191429138,0.011883111111111112,,,,
macaroni1,1b0032887856297d9c6df6d9,0,contrast_0.9,27.350534439086914,-1.5511847734451294,0.0,,,,
macaroni1,1b0032887856297d9c6df6d9,0,contrast_1.1,27.662158966064453,-0.5886303186416626,0.00105,,,,
macaroni1,1cfb217527b81f10167f2367,0,identity,30.667219161987305,-0.8394218683242798,0.0,,,,
macaroni1,1cfb217527b81f10167f2367,0,brightness_0.9,30.67288589477539,-1.5466642379760742,1.2666666666666667e-05,,,,
macaroni1,1cfb217527b81f10167f2367,0,brightness_1.1,30.918073654174805,-0.21971596777439117,0.011,,,,
macaroni1,1cfb217527b81f10167f2367,0,contrast_0.9,30.361034393310547,-1.2859464883804321,0.0,,,,
macaroni1,1cfb217527b81f10167f2367,0,contrast_1.1,30.8471622467041,-0.4547533392906189,0.0008768888888888889,,,,
macaroni1,1d199f25afb8a12990b79de8,0,identity,32.34512710571289,-1.2328557968139648,0.0,,,,
macaroni1,1d199f25afb8a12990b79de8,0,brightness_0.9,32.13383102416992,-1.842972993850708,2.2888888888888888e-05,,,,
macaroni1,1d199f25afb8a12990b79de8,0,brightness_1.1,32.28746795654297,-0.6204571723937988,0.003720888888888889,,,,
macaroni1,1d199f25afb8a12990b79de8,0,contrast_0.9,32.34941864013672,-1.6253628730773926,0.0,,,,
macaroni1,1d199f25afb8a12990b79de8,0,contrast_1.1,32.62434768676758,-0.8255502581596375,0.00042466666666666667,,,,
macaroni1,1da88bfbc807996365e990b0,1,identity,41.0610237121582,1.8307104110717773,0.0,True,6.086524963378906,True,1.6638745069503784
macaroni1,1da88bfbc807996365e990b0,1,brightness_0.9,40.95735549926758,1.1193476915359497,2.2222222222222223e-05,True,5.934078216552734,True,1.4519813060760498
macaroni1,1da88bfbc807996365e990b0,1,brightness_1.1,41.88389205932617,2.478773355484009,0.019586666666666665,True,5.538974761962891,True,1.8841825723648071
macaroni1,1da88bfbc807996365e990b0,1,contrast_0.9,41.027530670166016,1.3735733032226562,0.0,True,5.98828125,True,1.4872676134109497
macaroni1,1da88bfbc807996365e990b0,1,contrast_1.1,41.35971450805664,2.2531440258026123,0.0016633333333333333,True,5.936378479003906,True,1.8579474687576294
macaroni1,2082fd2f443731d54b457329,0,identity,29.87407875061035,-0.9421027302742004,0.0,,,,
macaroni1,2082fd2f443731d54b457329,0,brightness_0.9,28.773569107055664,-1.5758070945739746,2.666666666666667e-06,,,,
macaroni1,2082fd2f443731d54b457329,0,brightness_1.1,30.762805938720703,-0.29385238885879517,0.008162444444444444,,,,
macaroni1,2082fd2f443731d54b457329,0,contrast_0.9,29.806671142578125,-1.3211791515350342,0.0,,,,
macaroni1,2082fd2f443731d54b457329,0,contrast_1.1,30.028671264648438,-0.5724713206291199,0.00030244444444444443,,,,
macaroni1,2345d287749147fc1d326ea3,1,identity,38.190223693847656,1.7069038152694702,0.0,True,3.4489479064941406,True,1.2254456281661987
macaroni1,2345d287749147fc1d326ea3,1,brightness_0.9,38.45517349243164,0.9673031568527222,1.888888888888889e-05,True,3.450542449951172,True,1.0703155994415283
macaroni1,2345d287749147fc1d326ea3,1,brightness_1.1,38.53608703613281,2.25840425491333,0.018828666666666667,True,3.052154541015625,True,1.2054747343063354
macaroni1,2345d287749147fc1d326ea3,1,contrast_0.9,38.42449951171875,1.2872252464294434,0.0,True,3.492412567138672,True,1.1818747520446777
macaroni1,2345d287749147fc1d326ea3,1,contrast_1.1,38.22270965576172,2.049427032470703,0.0015753333333333333,True,3.151386260986328,True,1.156862735748291
macaroni1,23bfbf5ef2a7f82eabbe32e2,0,identity,28.556163787841797,-1.184011459350586,0.0,,,,
macaroni1,23bfbf5ef2a7f82eabbe32e2,0,brightness_0.9,28.688501358032227,-1.806121587753296,2.3555555555555556e-05,,,,
macaroni1,23bfbf5ef2a7f82eabbe32e2,0,brightness_1.1,29.05283546447754,-0.5211796760559082,0.002210888888888889,,,,
macaroni1,23bfbf5ef2a7f82eabbe32e2,0,contrast_0.9,28.752578735351562,-1.5902211666107178,0.0,,,,
macaroni1,23bfbf5ef2a7f82eabbe32e2,0,contrast_1.1,28.70918083190918,-0.7404083013534546,0.0004191111111111111,,,,
macaroni1,2440bf790bd243c686a3d8f3,0,identity,29.117961883544922,-1.2161836624145508,0.0,,,,
macaroni1,2440bf790bd243c686a3d8f3,0,brightness_0.9,28.979846954345703,-1.912933349609375,1.7111111111111112e-05,,,,
macaroni1,2440bf790bd243c686a3d8f3,0,brightness_1.1,29.856529235839844,-0.472429484128952,0.003984666666666667,,,,
macaroni1,2440bf790bd243c686a3d8f3,0,contrast_0.9,29.39557456970215,-1.6790149211883545,0.0,,,,
macaroni1,2440bf790bd243c686a3d8f3,0,contrast_1.1,29.275623321533203,-0.7534397840499878,0.0003446666666666667,,,,
macaroni1,24651fd8edb41c5aad89d79e,0,identity,34.67499923706055,-0.6313884258270264,0.0,,,,
macaroni1,24651fd8edb41c5aad89d79e,0,brightness_0.9,34.86433792114258,-1.353771686553955,1.4666666666666666e-05,,,,
macaroni1,24651fd8edb41c5aad89d79e,0,brightness_1.1,34.69366455078125,0.0986083373427391,0.003240888888888889,,,,
macaroni1,24651fd8edb41c5aad89d79e,0,contrast_0.9,34.994571685791016,-1.0453592538833618,0.0,,,,
macaroni1,24651fd8edb41c5aad89d79e,0,contrast_1.1,34.74205780029297,-0.23965364694595337,0.000392,,,,
macaroni1,251140b68bcbff57a5e06fec,1,identity,36.00835418701172,0.46364259719848633,0.0,False,-2.8309364318847656,False,0.25983959436416626
macaroni1,251140b68bcbff57a5e06fec,1,brightness_0.9,35.874393463134766,-0.3212113380432129,1.9555555555555554e-05,False,-3.1526451110839844,False,0.18824690580368042
macaroni1,251140b68bcbff57a5e06fec,1,brightness_1.1,35.69282913208008,1.0891445875167847,0.00917111111111111,False,-2.2532272338867188,False,0.3829823136329651
macaroni1,251140b68bcbff57a5e06fec,1,contrast_0.9,35.15202331542969,-0.08012364059686661,0.0,False,-2.3440189361572266,False,0.22115355730056763
macaroni1,251140b68bcbff57a5e06fec,1,contrast_1.1,36.55928039550781,0.8726927042007446,0.0007557777777777777,False,-3.0929603576660156,False,0.34410518407821655
macaroni1,259c3149bfd2e3b96010f6bd,1,identity,40.05150604248047,2.3056225776672363,0.0,True,2.9878807067871094,True,1.5816051959991455
macaroni1,259c3149bfd2e3b96010f6bd,1,brightness_0.9,40.17047119140625,1.5430601835250854,1.888888888888889e-05,True,2.9738845825195312,True,1.467716932296753
macaroni1,259c3149bfd2e3b96010f6bd,1,brightness_1.1,40.81937789916992,2.9020884037017822,0.019461555555555555,True,2.496196746826172,True,1.6057300567626953
macaroni1,259c3149bfd2e3b96010f6bd,1,contrast_0.9,40.19964599609375,1.8338689804077148,0.0,True,2.992156982421875,True,1.5370315313339233
macaroni1,259c3149bfd2e3b96010f6bd,1,contrast_1.1,40.52934646606445,2.688335418701172,0.0015997777777777779,True,2.992168426513672,True,1.5843135118484497
macaroni1,2d495fb96aae7e3d4984b61a,0,identity,32.21693420410156,-1.326923131942749,0.0,,,,
macaroni1,2d495fb96aae7e3d4984b61a,0,brightness_0.9,31.673477172851562,-1.9346578121185303,2.2888888888888888e-05,,,,
macaroni1,2d495fb96aae7e3d4984b61a,0,brightness_1.1,32.78117370605469,-0.6624442934989929,0.004673111111111111,,,,
macaroni1,2d495fb96aae7e3d4984b61a,0,contrast_0.9,32.089935302734375,-1.706967830657959,0.0,,,,
macaroni1,2d495fb96aae7e3d4984b61a,0,contrast_1.1,32.36186218261719,-0.938445508480072,0.00043222222222222224,,,,
macaroni1,2d7667d36b170f2fa8061346,0,identity,36.574462890625,-0.8984639644622803,0.0,,,,
macaroni1,2d7667d36b170f2fa8061346,0,brightness_0.9,35.92331314086914,-1.531920075416565,2.2e-05,,,,
macaroni1,2d7667d36b170f2fa8061346,0,brightness_1.1,37.30139923095703,-0.21820998191833496,0.017276666666666666,,,,
macaroni1,2d7667d36b170f2fa8061346,0,contrast_0.9,36.38670349121094,-1.36339271068573,0.0,,,,
macaroni1,2d7667d36b170f2fa8061346,0,contrast_1.1,37.003700256347656,-0.4389972984790802,0.0018408888888888889,,,,
macaroni1,2da8e091a994a4312f3b7c7c,0,identity,25.01238250732422,-1.312223196029663,0.0,,,,
macaroni1,2da8e091a994a4312f3b7c7c,0,brightness_0.9,25.32033348083496,-1.9126094579696655,1.1777777777777778e-05,,,,
macaroni1,2da8e091a994a4312f3b7c7c,0,brightness_1.1,25.389493942260742,-0.5985184907913208,0.0040004444444444445,,,,
macaroni1,2da8e091a994a4312f3b7c7c,0,contrast_0.9,25.348831176757812,-1.7335256338119507,0.0,,,,
macaroni1,2da8e091a994a4312f3b7c7c,0,contrast_1.1,25.262128829956055,-0.85723876953125,0.0003251111111111111,,,,
macaroni1,2e04bcc4021810e813fbcce7,0,identity,28.48101806640625,-1.4435558319091797,0.0,,,,
macaroni1,2e04bcc4021810e813fbcce7,0,brightness_0.9,28.18404197692871,-2.053206443786621,1.6222222222222223e-05,,,,
macaroni1,2e04bcc4021810e813fbcce7,0,brightness_1.1,28.34107780456543,-0.8380300998687744,0.0004351111111111111,,,,
macaroni1,2e04bcc4021810e813fbcce7,0,contrast_0.9,28.110877990722656,-1.796374797821045,0.0,,,,
macaroni1,2e04bcc4021810e813fbcce7,0,contrast_1.1,28.282136917114258,-1.0903091430664062,0.000296,,,,
macaroni2,02a89308f4b562fed27e6207,0,identity,29.946056365966797,-0.4733083248138428,0.0,,,,
macaroni2,02a89308f4b562fed27e6207,0,brightness_0.9,30.38995361328125,-0.9304065704345703,2.3333333333333332e-05,,,,
macaroni2,02a89308f4b562fed27e6207,0,brightness_1.1,30.779199600219727,0.03601373732089996,0.000156,,,,
macaroni2,02a89308f4b562fed27e6207,0,contrast_0.9,32.079505920410156,-0.7375444769859314,0.0,,,,
macaroni2,02a89308f4b562fed27e6207,0,contrast_1.1,30.26799964904785,-0.16247422993183136,0.0024642222222222222,,,,
macaroni2,058e9aea4df0e4413124ca53,0,identity,35.74812698364258,0.4838811159133911,0.0,,,,
macaroni2,058e9aea4df0e4413124ca53,0,brightness_0.9,35.84248733520508,0.004239782691001892,1.511111111111111e-05,,,,
macaroni2,058e9aea4df0e4413124ca53,0,brightness_1.1,35.666603088378906,0.8807826638221741,0.00010222222222222222,,,,
macaroni2,058e9aea4df0e4413124ca53,0,contrast_0.9,35.800113677978516,0.23785443603992462,0.0,,,,
macaroni2,058e9aea4df0e4413124ca53,0,contrast_1.1,35.61330795288086,0.697672426700592,0.001303111111111111,,,,
macaroni2,0822b68a9a064a98dd389a74,1,identity,56.44748306274414,6.082582950592041,0.0,True,8.110370635986328,True,3.9531302452087402
macaroni2,0822b68a9a064a98dd389a74,1,brightness_0.9,55.650089263916016,5.567018508911133,1.4e-05,True,7.961875915527344,True,3.855947256088257
macaroni2,0822b68a9a064a98dd389a74,1,brightness_1.1,56.65176010131836,6.442927837371826,0.0002451111111111111,True,7.939258575439453,True,4.012933254241943
macaroni2,0822b68a9a064a98dd389a74,1,contrast_0.9,56.06669616699219,5.686100006103516,0.0,True,7.989643096923828,True,3.798701047897339
macaroni2,0822b68a9a064a98dd389a74,1,contrast_1.1,56.493350982666016,6.409278392791748,0.0012333333333333332,True,8.002769470214844,True,4.0964765548706055
macaroni2,09f1a0bba5eccd98d28321b7,0,identity,33.42022705078125,0.2200808823108673,0.0,,,,
macaroni2,09f1a0bba5eccd98d28321b7,0,brightness_0.9,33.933998107910156,-0.3082711696624756,2.6e-05,,,,
macaroni2,09f1a0bba5eccd98d28321b7,0,brightness_1.1,33.36543273925781,0.6557435393333435,0.0003155555555555556,,,,
macaroni2,09f1a0bba5eccd98d28321b7,0,contrast_0.9,33.897377014160156,-0.07351116836071014,0.0,,,,
macaroni2,09f1a0bba5eccd98d28321b7,0,contrast_1.1,33.425594329833984,0.5962640047073364,0.002056888888888889,,,,
macaroni2,0b1f80db3ba12c4ac074aee5,0,identity,31.944568634033203,0.07741348445415497,0.0,,,,
macaroni2,0b1f80db3ba12c4ac074aee5,0,brightness_0.9,32.47949981689453,-0.3521783947944641,1.3333333333333333e-05,,,,
macaroni2,0b1f80db3ba12c4ac074aee5,0,brightness_1.1,32.89803695678711,0.4853605628013611,9.422222222222223e-05,,,,
macaroni2,0b1f80db3ba12c4ac074aee5,0,contrast_0.9,32.206085205078125,-0.2148362398147583,0.0,,,,
macaroni2,0b1f80db3ba12c4ac074aee5,0,contrast_1.1,32.2417106628418,0.3446025252342224,0.0016211111111111111,,,,
macaroni2,0d393af7221ca9197c2c5d73,1,identity,37.041568756103516,2.343834638595581,0.0,False,1.6775474548339844,True,1.3369429111480713
macaroni2,0d393af7221ca9197c2c5d73,1,brightness_0.9,37.0211296081543,1.946772813796997,2.0444444444444446e-05,False,1.4333000183105469,True,1.2043461799621582
macaroni2,0d393af7221ca9197c2c5d73,1,brightness_1.1,37.17406463623047,2.7058770656585693,0.0004691111111111111,False,1.4830970764160156,True,1.3208732604980469
macaroni2,0d393af7221ca9197c2c5d73,1,contrast_0.9,37.03068923950195,2.142240285873413,0.0,False,1.5341415405273438,True,1.2803666591644287
macaroni2,0d393af7221ca9197c2c5d73,1,contrast_1.1,37.20948791503906,2.523028612136841,0.0015533333333333334,False,1.6748504638671875,True,1.3203709125518799
macaroni2,0d589de7718ba1b4532880ec,1,identity,34.40849304199219,1.0572783946990967,0.0,False,-2.734111785888672,False,0.5979076027870178
macaroni2,0d589de7718ba1b4532880ec,1,brightness_0.9,34.80223846435547,0.8140376806259155,1.0444444444444445e-05,False,-1.5287628173828125,False,0.6244266033172607
macaroni2,0d589de7718ba1b4532880ec,1,brightness_1.1,34.507408142089844,1.3179099559783936,0.000232,False,-2.430755615234375,False,0.5341322422027588
macaroni2,0d589de7718ba1b4532880ec,1,contrast_0.9,34.90460205078125,0.935263991355896,0.0,False,-1.7596912384033203,False,0.6719598174095154
macaroni2,0d589de7718ba1b4532880ec,1,contrast_1.1,34.5535888671875,1.2621138095855713,0.0010388888888888889,False,-2.7569580078125,False,0.6023514866828918
macaroni2,0deb769b37a56e959b7f77c2,0,identity,36.50901794433594,0.32429319620132446,0.0,,,,
macaroni2,0deb769b37a56e959b7f77c2,0,brightness_0.9,36.45584487915039,0.013371482491493225,2.1333333333333335e-05,,,,
macaroni2,0deb769b37a56e959b7f77c2,0,brightness_1.1,36.68483352661133,0.6923460960388184,0.00010844444444444444,,,,
macaroni2,0deb769b37a56e959b7f77c2,0,contrast_0.9,36.316009521484375,0.1802331507205963,0.0,,,,
macaroni2,0deb769b37a56e959b7f77c2,0,contrast_1.1,36.84629440307617,0.4991612434387207,0.0017675555555555556,,,,
macaroni2,0e4daf882b8988af5fcf1473,0,identity,43.375152587890625,2.2104194164276123,0.0,,,,
macaroni2,0e4daf882b8988af5fcf1473,0,brightness_0.9,42.95442581176758,1.6516022682189941,2.6444444444444446e-05,,,,
macaroni2,0e4daf882b8988af5fcf1473,0,brightness_1.1,43.91972732543945,2.733966588973999,0.003798,,,,
macaroni2,0e4daf882b8988af5fcf1473,0,contrast_0.9,42.96305847167969,1.9633482694625854,0.0,,,,
macaroni2,0e4daf882b8988af5fcf1473,0,contrast_1.1,43.9262809753418,2.5018434524536133,0.002782,,,,
macaroni2,112963ef3ded1b898260b897,0,identity,33.30955505371094,0.4929603934288025,0.0,,,,
macaroni2,112963ef3ded1b898260b897,0,brightness_0.9,33.40372848510742,0.09970606863498688,8.666666666666666e-06,,,,
macaroni2,112963ef3ded1b898260b897,0,brightness_1.1,33.08402633666992,0.9042212963104248,0.0008942222222222222,,,,
macaroni2,112963ef3ded1b898260b897,0,contrast_0.9,33.71616744995117,0.32417863607406616,0.0,,,,
macaroni2,112963ef3ded1b898260b897,0,contrast_1.1,33.02946472167969,0.7539681196212769,0.0003571111111111111,,,,
macaroni2,118ef857f2ae60c7e8957fd4,0,identity,39.99296569824219,0.055355504155159,0.0,,,,
macaroni2,118ef857f2ae60c7e8957fd4,0,brightness_0.9,39.6381950378418,-0.40840256214141846,1.8444444444444445e-05,,,,
macaroni2,118ef857f2ae60c7e8957fd4,0,brightness_1.1,40.07600402832031,0.5516955852508545,0.0003133333333333333,,,,
macaroni2,118ef857f2ae60c7e8957fd4,0,contrast_0.9,40.05522537231445,-0.1240384578704834,0.0,,,,
macaroni2,118ef857f2ae60c7e8957fd4,0,contrast_1.1,40.026126861572266,0.31949830055236816,0.0016535555555555555,,,,
macaroni2,12aa988e2c192ec197791e10,0,identity,48.16483688354492,1.2595518827438354,0.0,,,,
macaroni2,12aa988e2c192ec197791e10,0,brightness_0.9,47.697784423828125,0.7169699668884277,1.7333333333333332e-05,,,,
macaroni2,12aa988e2c192ec197791e10,0,brightness_1.1,48.388671875,1.7012008428573608,0.0005386666666666667,,,,
macaroni2,12aa988e2c192ec197791e10,0,contrast_0.9,48.08006286621094,1.0760650634765625,0.0,,,,
macaroni2,12aa988e2c192ec197791e10,0,contrast_1.1,48.3500862121582,1.3911086320877075,0.0019715555555555554,,,,
macaroni2,14947f4fbed997508681936b,1,identity,40.96254348754883,3.514173746109009,0.0,True,3.0771217346191406,True,2.3440990447998047
macaroni2,14947f4fbed997508681936b,1,brightness_0.9,41.386871337890625,3.124005079269409,1.5555555555555555e-05,True,2.9935951232910156,True,2.211658000946045
macaroni2,14947f4fbed997508681936b,1,brightness_1.1,40.699928283691406,3.7635459899902344,0.00012444444444444444,True,2.8879013061523438,True,2.335251808166504
macaroni2,14947f4fbed997508681936b,1,contrast_0.9,41.36072540283203,3.3009684085845947,0.0,True,3.0971221923828125,True,2.277588367462158
macaroni2,14947f4fbed997508681936b,1,contrast_1.1,41.1055908203125,3.7941153049468994,0.0015057777777777778,True,3.1654815673828125,True,2.469151496887207
macaroni2,15fe0ec6952569c6d987e369,1,identity,35.91423034667969,1.6665798425674438,0.0,False,-0.1690216064453125,False,0.5394341945648193
macaroni2,15fe0ec6952569c6d987e369,1,brightness_0.9,36.17373275756836,1.2499765157699585,1.7777777777777777e-05,False,-0.4551544189453125,False,0.3763527274131775
macaroni2,15fe0ec6952569c6d987e369,1,brightness_1.1,36.08467102050781,2.066488265991211,0.0007204444444444445,False,-0.12659835815429688,False,0.6526380777359009
macaroni2,15fe0ec6952569c6d987e369,1,contrast_0.9,35.87455368041992,1.3879691362380981,0.0,False,-0.28542327880859375,False,0.4695185422897339
macaroni2,15fe0ec6952569c6d987e369,1,contrast_1.1,36.22225570678711,1.9319841861724854,0.001099111111111111,False,-0.19081497192382812,False,0.5751378536224365
macaroni2,164c0016c2da5c69740eee95,0,identity,32.800968170166016,-0.3326011896133423,0.0,,,,
macaroni2,164c0016c2da5c69740eee95,0,brightness_0.9,33.50849533081055,-0.7653541564941406,2.5555555555555554e-05,,,,
macaroni2,164c0016c2da5c69740eee95,0,brightness_1.1,33.339019775390625,0.21882528066635132,0.00016977777777777778,,,,
macaroni2,164c0016c2da5c69740eee95,0,contrast_0.9,33.18659591674805,-0.5985921621322632,0.0,,,,
macaroni2,164c0016c2da5c69740eee95,0,contrast_1.1,33.68022537231445,0.037506476044654846,0.0023,,,,
macaroni2,169f7ea77a6f29b7261b88e9,1,identity,51.707847595214844,5.018211364746094,0.0,True,7.6210784912109375,True,3.493777275085449
macaroni2,169f7ea77a6f29b7261b88e9,1,brightness_0.9,52.01306915283203,4.65969705581665,1.7555555555555556e-05,True,7.765407562255859,True,3.445518970489502
macaroni2,169f7ea77a6f29b7261b88e9,1,brightness_1.1,51.54084014892578,5.301884174346924,0.00102,True,7.129005432128906,True,3.446995258331299
macaroni2,169f7ea77a6f29b7261b88e9,1,contrast_0.9,51.94137191772461,4.738454341888428,0.0,True,7.845104217529297,True,3.4196648597717285
macaroni2,169f7ea77a6f29b7261b88e9,1,contrast_1.1,51.47102737426758,5.274785041809082,0.0009497777777777778,True,7.363697052001953,True,3.5474963188171387
macaroni2,1aff5fdea116b013b67f3db7,0,identity,32.4874382019043,-0.5668042898178101,0.0,,,,
macaroni2,1aff5fdea116b013b67f3db7,0,brightness_0.9,32.85963821411133,-1.0293265581130981,2.511111111111111e-05,,,,
macaroni2,1aff5fdea116b013b67f3db7,0,brightness_1.1,32.71335220336914,-0.05372391641139984,0.0001551111111111111,,,,
macaroni2,1aff5fdea116b013b67f3db7,0,contrast_0.9,32.984954833984375,-0.876541018486023,0.0,,,,
macaroni2,1aff5fdea116b013b67f3db7,0,contrast_1.1,32.40109634399414,-0.19668082892894745,0.001574,,,,
macaroni2,1b7432f592af1c52df4dc2ff,0,identity,37.116024017333984,0.3506283760070801,0.0,,,,
macaroni2,1b7432f592af1c52df4dc2ff,0,brightness_0.9,36.80146789550781,0.04170483350753784,1.511111111111111e-05,,,,
macaroni2,1b7432f592af1c52df4dc2ff,0,brightness_1.1,37.609378814697266,0.7248032689094543,0.0012022222222222221,,,,
macaroni2,1b7432f592af1c52df4dc2ff,0,contrast_0.9,36.88724899291992,0.16442467272281647,0.0,,,,
macaroni2,1b7432f592af1c52df4dc2ff,0,contrast_1.1,37.48880386352539,0.5660607218742371,0.0007646666666666666,,,,
macaroni2,1dea0ee12acb9c510e2cdd46,1,identity,40.23326110839844,2.7916290760040283,0.0,True,2.3826141357421875,True,2.1262640953063965
macaroni2,1dea0ee12acb9c510e2cdd46,1,brightness_0.9,39.78273391723633,2.4277145862579346,8.444444444444444e-06,True,1.9986495971679688,True,2.04728364944458
macaroni2,1dea0ee12acb9c510e2cdd46,1,brightness_1.1,37.567684173583984,1.671347975730896,0.0006311111111111112,False,-1.1575088500976562,True,1.1809556484222412
macaroni2,1dea0ee12acb9c510e2cdd46,1,contrast_0.9,39.86138916015625,2.5068886280059814,0.0,True,1.5424957275390625,True,2.1046524047851562
macaroni2,1dea0ee12acb9c510e2cdd46,1,contrast_1.1,38.870391845703125,2.362351655960083,0.0008677777777777778,True,0.8617782592773438,True,1.708165168762207
macaroni2,21b2c0a524a8bfb810c613c6,1,identity,55.18505096435547,5.110951900482178,0.0,True,12.674869537353516,True,3.973249912261963
macaroni2,21b2c0a524a8bfb810c613c6,1,brightness_0.9,54.290443420410156,4.626312732696533,1.7111111111111112e-05,True,12.105690002441406,True,3.7217578887939453
macaroni2,21b2c0a524a8bfb810c613c6,1,brightness_1.1,51.75811767578125,4.155060768127441,0.000804,True,11.53121566772461,True,2.996192455291748
macaroni2,21b2c0a524a8bfb810c613c6,1,contrast_0.9,54.3282356262207,4.775638580322266,0.0,True,12.337726593017578,True,3.827172040939331
macaroni2,21b2c0a524a8bfb810c613c6,1,contrast_1.1,52.84184265136719,4.494476318359375,0.0015702222222222222,True,11.667121887207031,True,3.2549405097961426
macaroni2,21cbc2dafd0b25d4fa7f8cd9,1,identity,47.6018180847168,3.1028995513916016,0.0,False,-0.4988899230957031,False,0.0739288330078125
macaroni2,21cbc2dafd0b25d4fa7f8cd9,1,brightness_0.9,47.56106185913086,2.7733538150787354,1.6888888888888888e-05,False,-0.37555694580078125,False,0.12612128257751465
macaroni2,21cbc2dafd0b25d4fa7f8cd9,1,brightness_1.1,48.05281066894531,3.33170485496521,0.00027266666666666666,False,-1.1722297668457031,False,-0.10728311538696289
macaroni2,21cbc2dafd0b25d4fa7f8cd9,1,contrast_0.9,47.587345123291016,2.920377492904663,0.0,False,-0.3534049987792969,False,0.10787844657897949
macaroni2,21cbc2dafd0b25d4fa7f8cd9,1,contrast_1.1,47.789920806884766,3.3024485111236572,0.001697111111111111,False,-0.6302337646484375,False,0.06481194496154785
macaroni2,21f0bb03132d4e3d206597ca,0,identity,34.78571701049805,0.14888699352741241,0.0,,,,
macaroni2,21f0bb03132d4e3d206597ca,0,brightness_0.9,34.4260368347168,-0.23381848633289337,8.222222222222222e-06,,,,
macaroni2,21f0bb03132d4e3d206597ca,0,brightness_1.1,35.104061126708984,0.5066697597503662,0.00030177777777777776,,,,
macaroni2,21f0bb03132d4e3d206597ca,0,contrast_0.9,34.63282012939453,-0.09877549111843109,0.0,,,,
macaroni2,21f0bb03132d4e3d206597ca,0,contrast_1.1,35.144813537597656,0.3822171092033386,0.0008951111111111111,,,,
macaroni2,22fea48efc706041289e9a7b,1,identity,35.2851448059082,1.680693507194519,0.0,False,-1.2524147033691406,True,1.3591299057006836
macaroni2,22fea48efc706041289e9a7b,1,brightness_0.9,35.17637252807617,1.137120008468628,1.6222222222222223e-05,False,-1.4377517700195312,True,1.147119164466858
macaroni2,22fea48efc706041289e9a7b,1,brightness_1.1,35.616451263427734,1.9882162809371948,0.00042311111111111114,False,-1.3517608642578125,True,1.4073011875152588
macaroni2,22fea48efc706041289e9a7b,1,contrast_0.9,34.69086837768555,1.40359365940094,0.0,False,-0.9004440307617188,True,1.2394763231277466
macaroni2,22fea48efc706041289e9a7b,1,contrast_1.1,35.71310806274414,1.8257991075515747,0.0017786666666666667,False,-1.6968994140625,True,1.3624835014343262
macaroni2,243cf774d89a3f3be1a370ad,1,identity,42.723079681396484,2.6637535095214844,0.0,True,6.298061370849609,True,0.9958142042160034
macaroni2,243cf774d89a3f3be1a370ad,1,brightness_0.9,42.696746826171875,2.209134101867676,2.6666666666666667e-05,True,6.1001129150390625,True,0.9454183578491211
macaroni2,243cf774d89a3f3be1a370ad,1,brightness_1.1,43.36063766479492,3.157944917678833,0.0002002222222222222,True,5.939594268798828,True,0.9016735553741455
macaroni2,243cf774d89a3f3be1a370ad,1,contrast_0.9,42.649139404296875,2.3992600440979004,0.0,True,6.244453430175781,True,1.0188722610473633
macaroni2,243cf774d89a3f3be1a370ad,1,contrast_1.1,43.10536575317383,2.969311237335205,0.0020884444444444444,True,6.198284149169922,True,0.988274097442627
macaroni2,260dc45bbc85f7b24f7f267c,1,identity,33.389408111572266,0.1792692393064499,0.0,False,-3.8788909912109375,True,0.0067549943923950195
macaroni2,260dc45bbc85f7b24f7f267c,1,brightness_0.9,33.68733215332031,-0.23538394272327423,1.3333333333333333e-05,False,-4.430614471435547,False,-0.25712043046951294
macaroni2,260dc45bbc85f7b24f7f267c,1,brightness_1.1,33.61746597290039,0.5952107906341553,0.0011404444444444444,False,-3.622652053833008,True,0.014351129531860352
macaroni2,260dc45bbc85f7b24f7f267c,1,contrast_0.9,33.70744705200195,-0.0540999099612236,0.0,False,-4.395843505859375,False,-0.15921500325202942
macaroni2,260dc45bbc85f7b24f7f267c,1,contrast_1.1,33.51718521118164,0.4821164608001709,0.0011213333333333333,False,-3.790771484375,True,0.08741670846939087
macaroni2,26d6fd632bf434a131f6ec4e,1,identity,42.78189468383789,3.2303380966186523,0.0,True,5.645626068115234,True,2.2777841091156006
macaroni2,26d6fd632bf434a131f6ec4e,1,brightness_0.9,42.353912353515625,2.8031020164489746,2.2e-05,True,5.108303070068359,True,2.2085790634155273
macaroni2,26d6fd632bf434a131f6ec4e,1,brightness_1.1,41.53060531616211,3.0123467445373535,0.0006573333333333333,True,4.6821746826171875,True,1.932799220085144
macaroni2,26d6fd632bf434a131f6ec4e,1,contrast_0.9,42.39419174194336,2.9128096103668213,0.0,True,5.063755035400391,True,2.226290702819824
macaroni2,26d6fd632bf434a131f6ec4e,1,contrast_1.1,42.773616790771484,3.274561882019043,0.0024435555555555556,True,5.596038818359375,True,2.1361067295074463
macaroni2,26eec54b18e8cba99626757c,1,identity,40.24174499511719,2.8619182109832764,0.0,False,2.076313018798828,True,1.7991875410079956
macaroni2,26eec54b18e8cba99626757c,1,brightness_0.9,40.6517333984375,2.5335099697113037,1.7555555555555556e-05,False,1.7981300354003906,True,1.6626685857772827
macaroni2,26eec54b18e8cba99626757c,1,brightness_1.1,40.238929748535156,3.2115652561187744,0.000654,False,2.0405197143554688,True,1.849145770072937
macaroni2,26eec54b18e8cba99626757c,1,contrast_0.9,40.62217712402344,2.63554048538208,0.0,False,1.98541259765625,True,1.6857900619506836
macaroni2,26eec54b18e8cba99626757c,1,contrast_1.1,40.261329650878906,3.1023812294006348,0.0012224444444444444,False,2.1065750122070312,True,1.8670703172683716
macaroni2,27f6af7a7e085f3e53255dce,0,identity,38.231605529785156,0.5404913425445557,0.0,,,,
macaroni2,27f6af7a7e085f3e53255dce,0,brightness_0.9,38.182552337646484,-0.015730664134025574,7.777777777777777e-06,,,,
macaroni2,27f6af7a7e085f3e53255dce,0,brightness_1.1,38.31754684448242,0.8803859949111938,0.0009853333333333333,,,,
macaroni2,27f6af7a7e085f3e53255dce,0,contrast_0.9,38.2433967590332,0.21768301725387573,0.0,,,,
macaroni2,27f6af7a7e085f3e53255dce,0,contrast_1.1,38.412200927734375,0.7502052783966064,0.0008271111111111111,,,,
macaroni2,28485adba20bcc1631a8d377,1,identity,41.21697235107422,2.6455461978912354,0.0,True,3.0298614501953125,True,1.3600775003433228
macaroni2,28485adba20bcc1631a8d377,1,brightness_0.9,40.853607177734375,2.251939535140991,1.0444444444444445e-05,True,2.8595352172851562,True,1.30416738986969
macaroni2,28485adba20bcc1631a8d377,1,brightness_1.1,42.017398834228516,2.968355894088745,0.00045266666666666665,True,3.106220245361328,True,1.3074679374694824
macaroni2,28485adba20bcc1631a8d377,1,contrast_0.9,40.95775604248047,2.3596339225769043,0.0,True,2.8744850158691406,True,1.270097255706787
macaroni2,28485adba20bcc1631a8d377,1,contrast_1.1,41.9481201171875,2.95573353767395,0.0006604444444444444,True,3.187580108642578,True,1.4097398519515991
macaroni2,2c85cb0ad09b73d534abf8b9,0,identity,37.64594268798828,0.6580553650856018,0.0,,,,
macaroni2,2c85cb0ad09b73d534abf8b9,0,brightness_0.9,37.71656036376953,0.19432951509952545,8.888888888888888e-06,,,,
macaroni2,2c85cb0ad09b73d534abf8b9,0,brightness_1.1,37.93389892578125,1.0181187391281128,0.00046244444444444447,,,,
macaroni2,2c85cb0ad09b73d534abf8b9,0,contrast_0.9,37.715576171875,0.4355478286743164,0.0,,,,
macaroni2,2c85cb0ad09b73d534abf8b9,0,contrast_1.1,37.856353759765625,0.8243386149406433,0.0007964444444444445,,,,
macaroni2,2ca215e8e7ea31fa3a35a3cc,1,identity,42.79298400878906,2.996962308883667,0.0,True,3.8626976013183594,True,1.6790157556533813
macaroni2,2ca215e8e7ea31fa3a35a3cc,1,brightness_0.9,42.63993835449219,2.544326066970825,1.8444444444444445e-05,True,3.6388816833496094,True,1.5711575746536255
macaroni2,2ca215e8e7ea31fa3a35a3cc,1,brightness_1.1,40.84617614746094,2.6018788814544678,0.00041755555555555556,True,4.6703338623046875,True,1.5837913751602173
macaroni2,2ca215e8e7ea31fa3a35a3cc,1,contrast_0.9,42.883201599121094,2.739922285079956,0.0,True,3.7732200622558594,True,1.5946581363677979
macaroni2,2ca215e8e7ea31fa3a35a3cc,1,contrast_1.1,42.639869689941406,2.96667742729187,0.0013422222222222223,True,4.375648498535156,True,1.6661795377731323
macaroni2,2e3f1b75a27dd34d2dbf7338,0,identity,38.91368865966797,-0.0037869662046432495,0.0,,,,
macaroni2,2e3f1b75a27dd34d2dbf7338,0,brightness_0.9,38.51781463623047,-0.3423404097557068,2.3555555555555556e-05,,,,
macaroni2,2e3f1b75a27dd34d2dbf7338,0,brightness_1.1,39.513370513916016,0.43660658597946167,0.0001477777777777778,,,,
macaroni2,2e3f1b75a27dd34d2dbf7338,0,contrast_0.9,38.615333557128906,-0.22331368923187256,0.0,,,,
macaroni2,2e3f1b75a27dd34d2dbf7338,0,contrast_1.1,39.03745651245117,0.27501189708709717,0.001108,,,,
pcb1,01a83a014fad55e405a3e709,1,identity,44.345882415771484,4.95565128326416,0.0,False,-6.393440246582031,False,-2.965409755706787
pcb1,01a83a014fad55e405a3e709,1,brightness_0.9,44.4787483215332,4.478587627410889,2.218849570874493e-07,False,-5.797145843505859,False,-2.6033244132995605
pcb1,01a83a014fad55e405a3e709,1,brightness_1.1,44.14320755004883,5.420388698577881,0.05336799176363039,False,-6.466285705566406,False,-3.1583187580108643
pcb1,01a83a014fad55e405a3e709,1,contrast_0.9,44.601131439208984,4.752612113952637,0.0,False,-6.0966339111328125,False,-2.7568342685699463
pcb1,01a83a014fad55e405a3e709,1,contrast_1.1,44.085933685302734,5.077289581298828,0.04013743554241997,False,-6.237865447998047,False,-3.142078399658203
pcb1,026cf1380d0117661cf5f72a,0,identity,31.242979049682617,1.821616291999817,0.0,,,,
pcb1,026cf1380d0117661cf5f72a,0,brightness_0.9,32.89703369140625,1.4851144552230835,1.9969646137870435e-06,,,,
pcb1,026cf1380d0117661cf5f72a,0,brightness_1.1,32.939125061035156,2.7757341861724854,0.053845488191282584,,,,
pcb1,026cf1380d0117661cf5f72a,0,contrast_0.9,31.82828712463379,1.5064760446548462,0.0,,,,
pcb1,026cf1380d0117661cf5f72a,0,contrast_1.1,32.554378509521484,2.30947208404541,0.03944981406040596,,,,
pcb1,04c892b9392b4664c9714d83,1,identity,54.875972747802734,9.675516128540039,0.0,True,8.124496459960938,True,5.012321472167969
pcb1,04c892b9392b4664c9714d83,1,brightness_0.9,54.80577087402344,8.99698257446289,2.218849570874493e-07,True,8.105712890625,True,4.827062606811523
pcb1,04c892b9392b4664c9714d83,1,brightness_1.1,55.26654815673828,10.042411804199219,0.05211922322514223,True,8.257743835449219,True,4.873940467834473
pcb1,04c892b9392b4664c9714d83,1,contrast_0.9,54.73068618774414,9.29330825805664,0.0,True,7.940425872802734,True,4.820102691650391
pcb1,04c892b9392b4664c9714d83,1,contrast_1.1,55.11882781982422,9.967143058776855,0.03443144198595912,True,8.220138549804688,True,5.075148105621338
pcb1,05f2009cb282964f76559f90,0,identity,31.601306915283203,2.421428918838501,0.0,,,,
pcb1,05f2009cb282964f76559f90,0,brightness_0.9,33.07442092895508,1.8916372060775757,4.437699141748986e-07,,,,
pcb1,05f2009cb282964f76559f90,0,brightness_1.1,32.473876953125,2.4885241985321045,0.052655519166422596,,,,
pcb1,05f2009cb282964f76559f90,0,contrast_0.9,32.72442626953125,2.0867528915405273,0.0,,,,
pcb1,05f2009cb282964f76559f90,0,contrast_1.1,31.87967300415039,2.392315626144409,0.03171734519086544,,,,
pcb1,0602bbc2de6433225c631535,1,identity,41.907955169677734,4.875522613525391,0.0,False,1.54241943359375,False,0.4581637382507324
pcb1,0602bbc2de6433225c631535,1,brightness_0.9,43.33078384399414,4.650918960571289,0.0,False,1.9813690185546875,False,0.38352441787719727
pcb1,0602bbc2de6433225c631535,1,brightness_1.1,41.44948196411133,4.9877028465271,0.052576084351785284,False,0.87945556640625,False,-0.5628910064697266
pcb1,0602bbc2de6433225c631535,1,contrast_0.9,42.913692474365234,4.754692077636719,0.0,False,1.4914817810058594,False,0.612156867980957
pcb1,0602bbc2de6433225c631535,1,contrast_1.1,41.63792419433594,4.811136245727539,0.03564160254191407,False,1.4559516906738281,False,-0.18731212615966797
pcb1,074d2027ec2abd34f85d549a,0,identity,28.805686950683594,1.2888810634613037,0.0,,,,
pcb1,074d2027ec2abd34f85d549a,0,brightness_0.9,29.39348602294922,0.9539533853530884,6.656548712623479e-07,,,,
pcb1,074d2027ec2abd34f85d549a,0,brightness_1.1,34.14350891113281,2.6553475856781006,0.06123913873135057,,,,
pcb1,074d2027ec2abd34f85d549a,0,contrast_0.9,28.99267578125,1.1346336603164673,0.0,,,,
pcb1,074d2027ec2abd34f85d549a,0,contrast_1.1,30.10466766357422,2.029553174972534,0.03856737758606917,,,,
pcb1,0942c709f38c86da8143257b,0,identity,30.25332260131836,2.0188679695129395,0.0,,,,
pcb1,0942c709f38c86da8143257b,0,brightness_0.9,30.366060256958008,1.4164448976516724,6.656548712623479e-07,,,,
pcb1,0942c709f38c86da8143257b,0,brightness_1.1,32.027313232421875,3.2898612022399902,0.0545876933727401,,,,
pcb1,0942c709f38c86da8143257b,0,contrast_0.9,29.6680965423584,1.3673614263534546,0.0,,,,
pcb1,0942c709f38c86da8143257b,0,contrast_1.1,31.34217071533203,2.944336175918579,0.03633077721862769,,,,
pcb1,0951d912da15851a0b6aaf88,0,identity,34.01776885986328,3.517374277114868,0.0,,,,
pcb1,0951d912da15851a0b6aaf88,0,brightness_0.9,34.568565368652344,2.8000435829162598,1.1094247854372466e-06,,,,
pcb1,0951d912da15851a0b6aaf88,0,brightness_1.1,34.81154251098633,4.204141616821289,0.05895416744326402,,,,
pcb1,0951d912da15851a0b6aaf88,0,contrast_0.9,34.36952209472656,3.206437349319458,0.0,,,,
pcb1,0951d912da15851a0b6aaf88,0,contrast_1.1,34.67336654663086,3.9573018550872803,0.040807749997781154,,,,
pcb1,0ba7be3f67f418fd404fa959,0,identity,35.93414306640625,2.5956239700317383,0.0,,,,
pcb1,0ba7be3f67f418fd404fa959,0,brightness_0.9,35.32754135131836,2.4248321056365967,2.218849570874493e-07,,,,
pcb1,0ba7be3f67f418fd404fa959,0,brightness_1.1,36.107364654541016,2.707973003387451,0.04699301506155089,,,,
pcb1,0ba7be3f67f418fd404fa959,0,contrast_0.9,35.416080474853516,2.463127374649048,0.0,,,,
pcb1,0ba7be3f67f418fd404fa959,0,contrast_1.1,36.03456115722656,2.741201162338257,0.03350440663524776,,,,
pcb1,0c33699be9e9a16d7c17ce77,1,identity,51.411441802978516,8.367536544799805,0.0,False,10.031326293945312,False,4.088634967803955
pcb1,0c33699be9e9a16d7c17ce77,1,brightness_0.9,50.516849517822266,7.434733867645264,0.0,True,10.004405975341797,True,3.8295867443084717
pcb1,0c33699be9e9a16d7c17ce77,1,brightness_1.1,52.95331573486328,8.989026069641113,0.05318072085984859,True,11.293296813964844,True,4.230071067810059
pcb1,0c33699be9e9a16d7c17ce77,1,contrast_0.9,50.759124755859375,7.781052112579346,0.0,True,10.049423217773438,True,3.7529501914978027
pcb1,0c33699be9e9a16d7c17ce77,1,contrast_1.1,52.43294906616211,8.831228256225586,0.03334664643075858,False,10.677539825439453,False,4.434726238250732
pcb1,0cfdc39ec5c2c0c3efa96db5,0,identity,28.801118850708008,1.0176838636398315,0.0,,,,
pcb1,0cfdc39ec5c2c0c3efa96db5,0,brightness_0.9,30.39215850830078,1.397855281829834,2.6626194850493917e-06,,,,
pcb1,0cfdc39ec5c2c0c3efa96db5,0,brightness_1.1,31.382463455200195,2.525327444076538,0.05330741717034552,,,,
pcb1,0cfdc39ec5c2c0c3efa96db5,0,contrast_0.9,28.812721252441406,1.0026565790176392,0.0,,,,
pcb1,0cfdc39ec5c2c0c3efa96db5,0,contrast_1.1,29.112302780151367,1.9901130199432373,0.03639689893583974,,,,
pcb1,0f39312847933943a54bf25b,0,identity,30.363344192504883,0.9964724779129028,0.0,,,,
pcb1,0f39312847933943a54bf25b,0,brightness_0.9,30.361534118652344,0.6987243890762329,8.875398283497972e-07,,,,
pcb1,0f39312847933943a54bf25b,0,brightness_1.1,31.05687141418457,2.4828250408172607,0.058138074571096376,,,,
pcb1,0f39312847933943a54bf25b,0,contrast_0.9,30.436193466186523,0.665835976600647,0.0,,,,
pcb1,0f39312847933943a54bf25b,0,contrast_1.1,30.74854278564453,1.83171808719635,0.03708829246212424,,,,
pcb1,0f75e3351697bc689f23253e,0,identity,34.02326202392578,2.8239827156066895,0.0,,,,
pcb1,0f75e3351697bc689f23253e,0,brightness_0.9,34.611854553222656,2.941540002822876,2.218849570874493e-06,,,,
pcb1,0f75e3351697bc689f23253e,0,brightness_1.1,33.43262481689453,3.395402431488037,0.04745142938289356,,,,
pcb1,0f75e3351697bc689f23253e,0,contrast_0.9,34.0666618347168,2.7914297580718994,0.0,,,,
pcb1,0f75e3351697bc689f23253e,0,contrast_1.1,33.61555862426758,3.0738513469696045,0.0344618402250801,,,,
pcb1,0fc47e40a9366777c17ab6aa,0,identity,31.818086624145508,2.426642894744873,0.0,,,,
pcb1,0fc47e40a9366777c17ab6aa,0,brightness_0.9,33.71002960205078,2.31244158744812,1.1094247854372466e-06,,,,
pcb1,0fc47e40a9366777c17ab6aa,0,brightness_1.1,31.519201278686523,2.5461089611053467,0.04737687603731217,,,,
pcb1,0fc47e40a9366777c17ab6aa,0,contrast_0.9,32.3718376159668,2.217085599899292,0.0,,,,
pcb1,0fc47e40a9366777c17ab6aa,0,contrast_1.1,31.981264114379883,2.4417335987091064,0.03246798200069228,,,,
pcb1,0ffceb74e8687c200a90966f,0,identity,32.072105407714844,0.5278365612030029,0.0,,,,
pcb1,0ffceb74e8687c200a90966f,0,brightness_0.9,32.29438781738281,0.3396851718425751,2.4407345279619425e-06,,,,
pcb1,0ffceb74e8687c200a90966f,0,brightness_1.1,32.6107177734375,2.8523662090301514,0.05429103318511418,,,,
pcb1,0ffceb74e8687c200a90966f,0,contrast_0.9,32.27980422973633,0.21532559394836426,0.0,,,,
pcb1,0ffceb74e8687c200a90966f,0,contrast_1.1,32.540035247802734,2.0138232707977295,0.0402040010295462,,,,
pcb1,100b650ee3ac76ba262dd5a4,0,identity,30.392467498779297,1.0264302492141724,0.0,,,,
pcb1,100b650ee3ac76ba262dd5a4,0,brightness_0.9,30.516860961914062,0.7645260095596313,1.7750796566995944e-06,,,,
pcb1,100b650ee3ac76ba262dd5a4,0,brightness_1.1,33.11062240600586,2.586360454559326,0.0584788898651827,,,,
pcb1,100b650ee3ac76ba262dd5a4,0,contrast_0.9,30.215003967285156,0.8378844261169434,0.0,,,,
pcb1,100b650ee3ac76ba262dd5a4,0,contrast_1.1,31.003719329833984,1.9496961832046509,0.04029297689733827,,,,
pcb1,10e47f65e7b35d8f68040020,0,identity,31.780452728271484,2.3120644092559814,0.0,,,,
pcb1,10e47f65e7b35d8f68040020,0,brightness_0.9,31.738100051879883,1.6143343448638916,3.1063893992242903e-06,,,,
pcb1,10e47f65e7b35d8f68040020,0,brightness_1.1,32.1279411315918,2.7927956581115723,0.05205221396810182,,,,
pcb1,10e47f65e7b35d8f68040020,0,contrast_0.9,31.736591339111328,1.887032151222229,0.0,,,,
pcb1,10e47f65e7b35d8f68040020,0,contrast_1.1,32.079891204833984,2.5120346546173096,0.035742560197388855,,,,
pcb1,1183a9b18f32e8ae9e6e58c9,0,identity,46.90260314941406,3.9362399578094482,0.0,,,,
pcb1,1183a9b18f32e8ae9e6e58c9,0,brightness_0.9,47.02032470703125,3.3964016437530518,4.437699141748986e-07,,,,
pcb1,1183a9b18f32e8ae9e6e58c9,0,brightness_1.1,47.34410858154297,4.435449600219727,0.05316141686858198,,,,
pcb1,1183a9b18f32e8ae9e6e58c9,0,contrast_0.9,47.02470397949219,3.819437265396118,0.0,,,,
pcb1,1183a9b18f32e8ae9e6e58c9,0,contrast_1.1,47.48727798461914,4.019936561584473,0.03722697056030389,,,,
pcb1,12bd25b4466a71122430d725,0,identity,34.42979431152344,2.133382558822632,0.0,,,,
pcb1,12bd25b4466a71122430d725,0,brightness_0.9,34.743255615234375,2.040532112121582,4.437699141748986e-07,,,,
pcb1,12bd25b4466a71122430d725,0,brightness_1.1,34.25707244873047,2.8915791511535645,0.05127606038820992,,,,
pcb1,12bd25b4466a71122430d725,0,contrast_0.9,34.34074020385742,1.9321967363357544,0.0,,,,
pcb1,12bd25b4466a71122430d725,0,contrast_1.1,34.566200256347656,2.3385865688323975,0.03163724472135687,,,,
pcb1,12f646efd6255556716d0553,0,identity,29.769939422607422,1.7071055173873901,0.0,,,,
pcb1,12f646efd6255556716d0553,0,brightness_0.9,30.78339958190918,1.313035011291504,4.437699141748986e-07,,,,
pcb1,12f646efd6255556716d0553,0,brightness_1.1,32.71670913696289,3.2640116214752197,0.05541443672284794,,,,
pcb1,12f646efd6255556716d0553,0,contrast_0.9,30.443513870239258,1.6155481338500977,0.0,,,,
pcb1,12f646efd6255556716d0553,0,contrast_1.1,30.59177589416504,2.2025198936462402,0.037727099253579005,,,,
pcb1,1912e7e3197ae3b58cf6d6d8,1,identity,37.707557678222656,5.254755973815918,0.0,True,3.6894798278808594,True,1.4022819995880127
pcb1,1912e7e3197ae3b58cf6d6d8,1,brightness_0.9,39.06678771972656,4.942939758300781,2.218849570874493e-07,True,1.1823196411132812,True,0.738461971282959
pcb1,1912e7e3197ae3b58cf6d6d8,1,brightness_1.1,39.002376556396484,5.8831939697265625,0.05367086473005476,False,2.9147109985351562,False,1.2093286514282227
pcb1,1912e7e3197ae3b58cf6d6d8,1,contrast_0.9,38.654537200927734,5.222842216491699,0.0,True,3.120594024658203,True,1.200697898864746
pcb1,1912e7e3197ae3b58cf6d6d8,1,contrast_1.1,38.454429626464844,5.56242036819458,0.03340145201515918,True,4.056205749511719,True,1.2694096565246582
pcb1,1a691e974afca341bb5607c6,1,identity,53.14815139770508,7.344959259033203,0.0,False,3.8666343688964844,True,4.035833358764648
pcb1,1a691e974afca341bb5607c6,1,brightness_0.9,52.60480499267578,6.607085227966309,0.0,False,3.783794403076172,True,3.8740427494049072
pcb1,1a691e974afca341bb5607c6,1,brightness_1.1,53.57316207885742,7.997159004211426,0.050688509021842354,False,4.044528961181641,True,4.145190238952637
pcb1,1a691e974afca341bb5607c6,1,contrast_0.9,52.818702697753906,7.0126848220825195,0.0,False,3.8294677734375,True,3.9064319133758545
pcb1,1a691e974afca341bb5607c6,1,contrast_1.1,53.4953727722168,7.6584601402282715,0.03848949596613148,False,3.964008331298828,True,4.119538307189941
pcb1,1d3eb297e517f209f1d7d84c,1,identity,32.79203796386719,1.199415683746338,0.0,False,-4.696416854858398,False,-2.2010598182678223
pcb1,1d3eb297e517f209f1d7d84c,1,brightness_0.9,32.38625717163086,0.9763520956039429,2.218849570874493e-07,False,-4.385496139526367,False,-2.741696357727051
pcb1,1d3eb297e517f209f1d7d84c,1,brightness_1.1,32.982418060302734,2.754119634628296,0.048160573705745044,False,-4.901178359985352,False,-3.2423548698425293
pcb1,1d3eb297e517f209f1d7d84c,1,contrast_0.9,32.5353889465332,1.141433835029602,0.0,False,-4.690372467041016,False,-2.4438302516937256
pcb1,1d3eb297e517f209f1d7d84c,1,contrast_1.1,32.970306396484375,1.6835715770721436,0.03261819811664048,False,-4.766225814819336,False,-2.5325541496276855
pcb1,1d4ee84e7ce290fe11f558e6,1,identity,47.84457015991211,7.617715358734131,0.0,False,3.5644607543945312,True,1.4454998970031738
pcb1,1d4ee84e7ce290fe11f558e6,1,brightness_0.9,47.4077262878418,6.820634841918945,2.218849570874493e-07,False,3.0641708374023438,True,1.156656265258789
pcb1,1d4ee84e7ce290fe11f558e6,1,brightness_1.1,48.03129577636719,8.017121315002441,0.058379263519450435,False,3.3285293579101562,True,2.1699886322021484
pcb1,1d4ee84e7ce290fe11f558e6,1,contrast_0.9,47.536346435546875,7.273940086364746,0.0,False,3.279979705810547,True,1.374722957611084
pcb1,1d4ee84e7ce290fe11f558e6,1,contrast_1.1,48.0217399597168,7.732107639312744,0.03663254076026662,False,3.4103164672851562,True,1.5646538734436035
pcb1,1f3ea9d7cd96153a56bc5fd3,1,identity,43.880733489990234,7.329266548156738,0.0,True,3.9313316345214844,False,2.4534311294555664
pcb1,1f3ea9d7cd96153a56bc5fd3,1,brightness_0.9,44.258384704589844,6.476712226867676,0.0,True,4.7951507568359375,False,2.6900579929351807
pcb1,1f3ea9d7cd96153a56bc5fd3,1,brightness_1.1,44.29570007324219,7.067381858825684,0.0484408144065465,True,3.717784881591797,False,1.801170825958252
pcb1,1f3ea9d7cd96153a56bc5fd3,1,contrast_0.9,43.735809326171875,6.704385280609131,0.0,True,4.2782135009765625,False,2.468783378601074
pcb1,1f3ea9d7cd96153a56bc5fd3,1,contrast_1.1,45.48556137084961,7.60082483291626,0.035501371249034804,True,4.655525207519531,False,2.5158214569091797
pcb1,23f9a42b155f330ad983066b,1,identity,63.31698226928711,9.977215766906738,0.0,True,14.979022979736328,True,5.53618049621582
pcb1,23f9a42b155f330ad983066b,1,brightness_0.9,62.60362243652344,9.098780632019043,0.0,True,14.310890197753906,True,4.725211143493652
pcb1,23f9a42b155f330ad983066b,1,brightness_1.1,62.11769104003906,9.51470947265625,0.0425659663977421,True,14.168777465820312,True,4.118146896362305
pcb1,23f9a42b155f330ad983066b,1,contrast_0.9,62.912445068359375,9.431407928466797,0.0,True,14.787445068359375,True,4.817877292633057
pcb1,23f9a42b155f330ad983066b,1,contrast_1.1,62.786216735839844,9.846776962280273,0.029671565886519157,True,14.069416046142578,True,4.932127952575684
pcb1,2c951b1265924f7382f5e6b3,1,identity,42.089324951171875,6.468076705932617,0.0,False,-2.3033790588378906,False,-2.0471439361572266
pcb1,2c951b1265924f7382f5e6b3,1,brightness_0.9,43.314727783203125,6.268906116485596,6.656548712623479e-07,False,-2.116363525390625,False,-2.1796350479125977
pcb1,2c951b1265924f7382f5e6b3,1,brightness_1.1,42.55866622924805,6.531707763671875,0.04822048264415866,False,-2.3884544372558594,False,-1.577974796295166
pcb1,2c951b1265924f7382f5e6b3,1,contrast_0.9,42.44898986816406,6.271097183227539,0.0,False,-2.1545143127441406,False,-1.8412914276123047
pcb1,2c951b1265924f7382f5e6b3,1,contrast_1.1,41.97349548339844,6.47327995300293,0.03140936887042806,False,-2.6135597229003906,False,-1.8559255599975586
pcb1,3072ce20cf90f5e99440e6bc,1,identity,44.39978790283203,6.7304182052612305,0.0,True,8.078155517578125,True,3.7391583919525146
pcb1,3072ce20cf90f5e99440e6bc,1,brightness_0.9,46.006103515625,6.462728977203369,0.0,True,9.082622528076172,True,3.7966723442077637
pcb1,3072ce20cf90f5e99440e6bc,1,brightness_1.1,44.499656677246094,6.679810523986816,0.05163396082399198,True,8.021049499511719,True,3.067662000656128
pcb1,3072ce20cf90f5e99440e6bc,1,contrast_0.9,45.27871322631836,6.54880952835083,0.0,True,8.764041900634766,True,3.7687792778015137
pcb1,3072ce20cf90f5e99440e6bc,1,contrast_1.1,44.67461013793945,6.836809158325195,0.03535182078795786,True,8.13943862915039,True,3.405022382736206
pcb1,32cf4b2e165e3206846aaf60,1,identity,42.01047897338867,5.5586748123168945,0.0,False,-0.2595939636230469,False,0.27457189559936523
pcb1,32cf4b2e165e3206846aaf60,1,brightness_0.9,42.092193603515625,4.844163417816162,0.0,False,-0.6599273681640625,False,0.0985264778137207
pcb1,32cf4b2e165e3206846aaf60,1,brightness_1.1,43.253849029541016,6.0103559494018555,0.052113232331300864,False,-0.4229545593261719,False,0.28075551986694336
pcb1,32cf4b2e165e3206846aaf60,1,contrast_0.9,42.01262664794922,5.084247589111328,0.0,False,-0.7540626525878906,False,0.009044170379638672
pcb1,32cf4b2e165e3206846aaf60,1,contrast_1.1,42.27796173095703,5.84878396987915,0.033725404052506854,False,-0.68170166015625,False,0.30048561096191406
pcb1,3680c24978c1d42b2a37599c,1,identity,39.333412170410156,5.340606212615967,0.0,True,0.4839210510253906,True,0.4820590019226074
pcb1,3680c24978c1d42b2a37599c,1,brightness_0.9,41.178382873535156,5.091951847076416,0.0,True,0.510498046875,True,0.8781743049621582
pcb1,3680c24978c1d42b2a37599c,1,brightness_1.1,41.97319030761719,5.580751419067383,0.05392758562540494,False,-1.09161376953125,False,0.034691810607910156
pcb1,3680c24978c1d42b2a37599c,1,contrast_0.9,40.1025390625,5.2396240234375,0.0,True,1.2154006958007812,False,0.7792224884033203
pcb1,3680c24978c1d42b2a37599c,1,contrast_1.1,40.09503173828125,5.505519866943359,0.03732437805646528,False,-0.11412811279296875,False,0.27687740325927734
pcb1,374ea579413f7ebcbcf16d3c,1,identity,58.962154388427734,7.354694366455078,0.0,True,24.62131118774414,True,5.200162887573242
pcb1,374ea579413f7ebcbcf16d3c,1,brightness_0.9,58.032955169677734,6.466115474700928,2.218849570874493e-07,True,22.351871490478516,True,3.9258921146392822
pcb1,374ea579413f7ebcbcf16d3c,1,brightness_1.1,60.078880310058594,7.564279079437256,0.06101459115477807,True,23.514591217041016,True,4.314253807067871
pcb1,374ea579413f7ebcbcf16d3c,1,contrast_0.9,58.30934143066406,6.830538272857666,0.0,True,23.037975311279297,True,4.772047996520996
pcb1,374ea579413f7ebcbcf16d3c,1,contrast_1.1,58.552616119384766,7.212543964385986,0.038341276814797064,True,23.056224822998047,True,4.330835342407227
pcb1,39c5197be54ded8547348437,1,identity,39.947532653808594,6.103407859802246,0.0,True,4.374034881591797,True,2.00930118560791
pcb1,39c5197be54ded8547348437,1,brightness_0.9,40.894771575927734,5.672977447509766,8.875398283497972e-07,True,4.495304107666016,True,1.8274176120758057
pcb1,39c5197be54ded8547348437,1,brightness_1.1,39.963401794433594,6.3767547607421875,0.05097429684657099,True,4.488750457763672,True,1.8325624465942383
pcb1,39c5197be54ded8547348437,1,contrast_0.9,40.33625030517578,5.943319320678711,0.0,True,4.7754974365234375,True,2.0209834575653076
pcb1,39c5197be54ded8547348437,1,contrast_1.1,40.23456954956055,6.233940124511719,0.03416606757728253,True,4.3192901611328125,True,1.9890317916870117
pcb2,0034b5c2e42b8d83e6fcf6d9,1,identity,49.42096710205078,6.236520290374756,0.0,True,8.40255355834961,True,4.421150207519531
pcb2,0034b5c2e42b8d83e6fcf6d9,1,brightness_0.9,48.70294952392578,5.7050700187683105,0.00011538017768547363,True,8.37752914428711,True,4.332152366638184
pcb2,0034b5c2e42b8d83e6fcf6d9,1,brightness_1.1,50.64570617675781,6.773758411407471,0.02247916500252949,True,8.80544662475586,True,4.616734504699707
pcb2,0034b5c2e42b8d83e6fcf6d9,1,contrast_0.9,48.80293655395508,5.818724155426025,0.0,True,8.214736938476562,True,4.359957695007324
pcb2,0034b5c2e42b8d83e6fcf6d9,1,contrast_1.1,50.27129364013672,6.620874404907227,0.020072378873001926,True,8.543136596679688,True,4.485490798950195
pcb2,0043f160068eb5a09420a18c,0,identity,31.831787109375,0.28868669271469116,0.0,,,,
pcb2,0043f160068eb5a09420a18c,0,brightness_0.9,31.69865608215332,-0.46102669835090637,0.0003947333386585723,,,,
pcb2,0043f160068eb5a09420a18c,0,brightness_1.1,32.263858795166016,0.7883611917495728,0.021597394183063966,,,,
pcb2,0043f160068eb5a09420a18c,0,contrast_0.9,31.574630737304688,-0.3267790377140045,0.0,,,,
pcb2,0043f160068eb5a09420a18c,0,contrast_1.1,32.42478561401367,0.5942976474761963,0.02355752589397449,,,,
pcb2,007dd0e22dd86be207fc7d90,0,identity,31.988710403442383,0.05687183141708374,0.0,,,,
pcb2,007dd0e22dd86be207fc7d90,0,brightness_0.9,32.48114776611328,-0.4259586036205292,0.0001741796913136477,,,,
pcb2,007dd0e22dd86be207fc7d90,0,brightness_1.1,32.010276794433594,0.44113191962242126,0.022199589956599302,,,,
pcb2,007dd0e22dd86be207fc7d90,0,contrast_0.9,31.977096557617188,-0.2880995273590088,0.0,,,,
pcb2,007dd0e22dd86be207fc7d90,0,contrast_1.1,32.0730094909668,0.25314679741859436,0.02206579332747557,,,,
pcb2,017154c854febdf67bcc4cd3,1,identity,42.37946701049805,4.700479984283447,0.0,True,5.821342468261719,True,2.846325397491455
pcb2,017154c854febdf67bcc4cd3,1,brightness_0.9,43.56322479248047,4.590126037597656,5.2808619786812936e-05,True,5.7997589111328125,True,2.960660934448242
pcb2,017154c854febdf67bcc4cd3,1,brightness_1.1,42.65373611450195,4.93587589263916,0.03054024549351652,True,5.097545623779297,True,2.476660966873169
pcb2,017154c854febdf67bcc4cd3,1,contrast_0.9,42.77435302734375,4.570712089538574,0.0,True,5.610515594482422,True,2.9257454872131348
pcb2,017154c854febdf67bcc4cd3,1,contrast_1.1,42.602230072021484,4.858973979949951,0.02599160387322381,True,5.4622955322265625,True,2.6652488708496094
pcb2,0396aae0e8543b910447f326,1,identity,59.4484748840332,8.21601390838623,0.0,True,16.823116302490234,True,4.741583824157715
pcb2,0396aae0e8543b910447f326,1,brightness_0.9,58.981422424316406,7.476409912109375,3.9495522361565976e-05,True,15.886951446533203,True,4.2581024169921875
pcb2,0396aae0e8543b910447f326,1,brightness_1.1,59.626163482666016,8.166513442993164,0.0355544017537787,True,15.27392578125,True,4.100688457489014
pcb2,0396aae0e8543b910447f326,1,contrast_0.9,58.742401123046875,7.630365371704102,0.0,True,15.778324127197266,True,4.223249912261963
pcb2,0396aae0e8543b910447f326,1,contrast_1.1,60.148162841796875,8.43660831451416,0.027036682021105696,True,16.554336547851562,True,4.592730522155762
pcb2,04304d7b1002f4e8647efce6,0,identity,31.9794979095459,-0.4662386476993561,0.0,,,,
pcb2,04304d7b1002f4e8647efce6,0,brightness_0.9,31.82799530029297,-1.1506495475769043,0.00024229837313949465,,,,
pcb2,04304d7b1002f4e8647efce6,0,brightness_1.1,31.73198127746582,-0.31578272581100464,0.02239884264806383,,,,
pcb2,04304d7b1002f4e8647efce6,0,contrast_0.9,31.623046875,-0.9085614681243896,0.0,,,,
pcb2,04304d7b1002f4e8647efce6,0,contrast_1.1,32.070255279541016,-0.39082539081573486,0.021678160307443798,,,,
pcb2,044cd9bc7b24ef53e8aae994,1,identity,51.52302551269531,6.361430644989014,0.0,False,6.098712921142578,False,1.664052963256836
pcb2,044cd9bc7b24ef53e8aae994,1,brightness_0.9,50.97282791137695,5.759654521942139,0.0002891160990849464,False,5.4358367919921875,False,1.4388394355773926
pcb2,044cd9bc7b24ef53e8aae994,1,brightness_1.1,51.499977111816406,6.7790207862854,0.017001047296997453,False,6.187183380126953,False,1.8040122985839844
pcb2,044cd9bc7b24ef53e8aae994,1,contrast_0.9,50.989036560058594,5.915351390838623,0.0,False,6.0206146240234375,False,1.564901351928711
pcb2,044cd9bc7b24ef53e8aae994,1,contrast_1.1,51.76602554321289,6.701277256011963,0.02019552502418546,False,5.806697845458984,False,1.677816390991211
pcb2,058b8f36da98efd54556c35e,0,identity,33.638790130615234,0.9022712707519531,0.0,,,,
pcb2,058b8f36da98efd54556c35e,0,brightness_0.9,33.451805114746094,-0.055425673723220825,6.678737208332224e-05,,,,
pcb2,058b8f36da98efd54556c35e,0,brightness_1.1,34.30500030517578,1.591488242149353,0.021789768440858785,,,,
pcb2,058b8f36da98efd54556c35e,0,contrast_0.9,33.288822174072266,0.3292519152164459,0.0,,,,
pcb2,058b8f36da98efd54556c35e,0,contrast_1.1,34.20117950439453,1.3626431226730347,0.01834167620771982,,,,
pcb2,05a260a03941e14c4b7fa404,1,identity,39.92416000366211,4.656742572784424,0.0,True,5.326824188232422,True,2.879532814025879
pcb2,05a260a03941e14c4b7fa404,1,brightness_0.9,40.64173126220703,4.385185718536377,2.2632265622919828e-05,True,4.994438171386719,True,2.620114326477051
pcb2,05a260a03941e14c4b7fa404,1,brightness_1.1,40.45109558105469,4.777224063873291,0.02996467591483168,True,5.424236297607422,True,2.6890532970428467
pcb2,05a260a03941e14c4b7fa404,1,contrast_0.9,39.765960693359375,4.336144924163818,0.0,True,4.901561737060547,True,2.6333999633789062
pcb2,05a260a03941e14c4b7fa404,1,contrast_1.1,39.78769302368164,4.69252872467041,0.022472286568859776,True,4.962623596191406,True,2.6859254837036133
pcb2,05ec8ecb9391c17d882a581c,0,identity,31.795698165893555,-0.5146875381469727,0.0,,,,
pcb2,05ec8ecb9391c17d882a581c,0,brightness_0.9,32.070594787597656,-0.7646814584732056,9.14166023200291e-05,,,,
pcb2,05ec8ecb9391c17d882a581c,0,brightness_1.1,31.72488784790039,0.02287045121192932,0.020649279761429294,,,,
pcb2,05ec8ecb9391c17d882a581c,0,contrast_0.9,32.02346420288086,-0.8180789947509766,0.0,,,,
pcb2,05ec8ecb9391c17d882a581c,0,contrast_1.1,31.739547729492188,-0.22388115525245667,0.018460384659761606,,,,
pcb2,09e2e2bca87650ec39207400,0,identity,32.79509353637695,-1.1234228610992432,0.0,,,,
pcb2,09e2e2bca87650ec39207400,0,brightness_0.9,32.7921142578125,-0.9198694229125977,0.00011737714229926068,,,,
pcb2,09e2e2bca87650ec39207400,0,brightness_1.1,33.23936080932617,-0.4213707745075226,0.02042251333528592,,,,
pcb2,09e2e2bca87650ec39207400,0,contrast_0.9,32.50664520263672,-1.127713918685913,0.0,,,,
pcb2,09e2e2bca87650ec39207400,0,contrast_1.1,33.45012664794922,-0.7936232089996338,0.020465780901917974,,,,
pcb2,0ae1380158a04dc16067fdea,0,identity,31.476768493652344,-0.8940283060073853,0.0,,,,
pcb2,0ae1380158a04dc16067fdea,0,brightness_0.9,32.00397491455078,-0.5239299535751343,0.00016663560277267443,,,,
pcb2,0ae1380158a04dc16067fdea,0,brightness_1.1,31.431747436523438,-0.15879881381988525,0.024668281989154262,,,,
pcb2,0ae1380158a04dc16067fdea,0,contrast_0.9,31.780872344970703,-0.7648776769638062,0.0,,,,
pcb2,0ae1380158a04dc16067fdea,0,contrast_1.1,31.345849990844727,-0.3800055980682373,0.022343815178706143,,,,
pcb2,0c9fd90f15cae099872a5c55,0,identity,32.809635162353516,-0.23618978261947632,0.0,,,,
pcb2,0c9fd90f15cae099872a5c55,0,brightness_0.9,32.90435028076172,-0.5721420049667358,9.829503598974004e-05,,,,
pcb2,0c9fd90f15cae099872a5c55,0,brightness_1.1,33.07601547241211,0.24439290165901184,0.021419220562522743,,,,
pcb2,0c9fd90f15cae099872a5c55,0,contrast_0.9,32.96796417236328,-0.5254905223846436,0.0,,,,
pcb2,0c9fd90f15cae099872a5c55,0,contrast_1.1,32.71195983886719,-0.10656735301017761,0.01916309431885756,,,,
pcb2,0cfdad5173e59da7138f0989,1,identity,66.66341400146484,9.861656188964844,0.0,False,21.482994079589844,True,9.605464935302734
pcb2,0cfdad5173e59da7138f0989,1,brightness_0.9,66.18327331542969,9.187767028808594,0.00016907633730063636,False,21.097293853759766,True,9.104504585266113
pcb2,0cfdad5173e59da7138f0989,1,brightness_1.1,67.68289184570312,10.548017501831055,0.017919207249425317,False,21.91600799560547,True,10.101221084594727
pcb2,0cfdad5173e59da7138f0989,1,contrast_0.9,66.15164947509766,9.337400436401367,0.0,False,21.14419937133789,True,9.213281631469727
pcb2,0cfdad5173e59da7138f0989,1,contrast_1.1,67.4862289428711,10.409542083740234,0.01751204835316985,False,21.696823120117188,True,9.978411674499512
pcb2,0f3fcb53b32e04766a5fcbcd,0,identity,32.956607818603516,-0.1995302438735962,0.0,,,,
pcb2,0f3fcb53b32e04766a5fcbcd,0,brightness_0.9,33.25267028808594,-0.5937578678131104,0.00019525876223695538,,,,
pcb2,0f3fcb53b32e04766a5fcbcd,0,brightness_1.1,33.40980529785156,0.5716063976287842,0.023311233591607423,,,,
pcb2,0f3fcb53b32e04766a5fcbcd,0,contrast_0.9,33.191184997558594,-0.2649189531803131,0.0,,,,
pcb2,0f3fcb53b32e04766a5fcbcd,0,contrast_1.1,33.37135696411133,0.19162976741790771,0.021542810483620452,,,,
pcb2,11474c54f7e82004a4d08d3d,1,identity,57.487300872802734,7.620822429656982,0.0,True,2.55145263671875,True,1.0556764602661133
pcb2,11474c54f7e82004a4d08d3d,1,brightness_0.9,56.9421501159668,6.941839218139648,3.2617088691855045e-05,True,2.0612754821777344,True,0.945490837097168
pcb2,11474c54f7e82004a4d08d3d,1,brightness_1.1,57.675689697265625,7.7829413414001465,0.03367481428229092,True,2.3399505615234375,True,0.9564838409423828
pcb2,11474c54f7e82004a4d08d3d,1,contrast_0.9,56.77845764160156,7.085676670074463,0.0,True,1.7573356628417969,True,0.879399299621582
pcb2,11474c54f7e82004a4d08d3d,1,contrast_1.1,58.10276794433594,7.862119674682617,0.027096812844476396,True,2.8324928283691406,True,1.1620430946350098
pcb2,117bc18a710b4e277abb6a6f,1,identity,58.461036682128906,8.751510620117188,0.0,False,10.297637939453125,False,6.7347846031188965
pcb2,117bc18a710b4e277abb6a6f,1,brightness_0.9,58.36809539794922,8.07343864440918,0.0001850520542109327,False,10.541561126708984,False,6.645327568054199
pcb2,117bc18a710b4e277abb6a6f,1,brightness_1.1,58.916542053222656,9.39482307434082,0.02127432968554464,False,10.194854736328125,False,6.907840728759766
pcb2,117bc18a710b4e277abb6a6f,1,contrast_0.9,58.28784942626953,8.235980033874512,0.0,False,10.471343994140625,False,6.659035682678223
pcb2,117bc18a710b4e277abb6a6f,1,contrast_1.1,58.74412155151367,9.217195510864258,0.02120443592406209,False,10.176166534423828,False,6.836402416229248
pcb2,11f01d17018e97dc327c1871,1,identity,45.72804260253906,4.984724044799805,0.0,False,5.667655944824219,False,3.8101654052734375
pcb2,11f01d17018e97dc327c1871,1,brightness_0.9,45.831058502197266,4.607507228851318,0.00014555653184936674,False,5.365692138671875,False,3.6137948036193848
pcb2,11f01d17018e97dc327c1871,1,brightness_1.1,46.51853561401367,5.49611759185791,0.022859253934020288,False,6.202785491943359,False,4.056750774383545
pcb2,11f01d17018e97dc327c1871,1,contrast_0.9,45.78608703613281,4.799739360809326,0.0,False,5.443305969238281,False,3.75097393989563
pcb2,11f01d17018e97dc327c1871,1,contrast_1.1,46.20486831665039,5.304480075836182,0.02031645232579812,False,5.993934631347656,False,3.8593058586120605
pcb2,1396120765feff59f1681771,1,identity,41.648643493652344,4.242215633392334,0.0,True,5.3509521484375,True,1.647279977798462
pcb2,1396120765feff59f1681771,1,brightness_0.9,42.933128356933594,4.044943332672119,7.366580575303316e-05,True,6.0472412109375,True,1.6297032833099365
pcb2,1396120765feff59f1681771,1,brightness_1.1,43.12934494018555,4.368354320526123,0.029316993725093412,True,6.041110992431641,True,1.135667085647583
pcb2,1396120765feff59f1681771,1,contrast_0.9,42.50164794921875,4.1126227378845215,0.0,True,5.5107421875,True,1.7192625999450684
pcb2,1396120765feff59f1681771,1,contrast_1.1,42.781620025634766,4.4101881980896,0.025149994230991117,True,5.662841796875,True,1.3246643543243408
pcb2,143fedb0342ac0b13a1b6316,0,identity,30.992992401123047,-1.1622198820114136,0.0,,,,
pcb2,143fedb0342ac0b13a1b6316,0,brightness_0.9,30.90532875061035,-0.5455286502838135,0.0002065748950484153,,,,
pcb2,143fedb0342ac0b13a1b6316,0,brightness_1.1,31.13249969482422,-0.022190749645233154,0.021205101578933353,,,,
pcb2,143fedb0342ac0b13a1b6316,0,contrast_0.9,31.129215240478516,-0.9956258535385132,0.0,,,,
pcb2,143fedb0342ac0b13a1b6316,0,contrast_1.1,31.221887588500977,-0.6498904228210449,0.01991084662424226,,,,
pcb2,14865019f5e6980bbff89391,1,identity,52.022281646728516,6.907207012176514,0.0,True,3.702983856201172,True,2.38340425491333
pcb2,14865019f5e6980bbff89391,1,brightness_0.9,52.395660400390625,6.469950199127197,3.838609757612873e-05,True,3.6128273010253906,True,2.329958438873291
pcb2,14865019f5e6980bbff89391,1,brightness_1.1,52.35586929321289,6.926904201507568,0.030408445829006578,True,3.7658920288085938,True,2.2081332206726074
pcb2,14865019f5e6980bbff89391,1,contrast_0.9,51.97018814086914,6.585789680480957,0.0,True,3.40570068359375,True,2.239053249359131
pcb2,14865019f5e6980bbff89391,1,contrast_1.1,52.30558776855469,7.014463901519775,0.024962945212166396,True,3.8123207092285156,True,2.3477888107299805
pcb2,185f26a76325221337c2c1ee,0,identity,40.95919418334961,0.36081430315971375,0.0,,,,
pcb2,185f26a76325221337c2c1ee,0,brightness_0.9,41.15290832519531,-0.16651445627212524,0.00023519805451269624,,,,
pcb2,185f26a76325221337c2c1ee,0,brightness_1.1,41.0749626159668,0.7675249576568604,0.023036318129776075,,,,
pcb2,185f26a76325221337c2c1ee,0,contrast_0.9,40.89836502075195,0.09167426824569702,0.0,,,,
pcb2,185f26a76325221337c2c1ee,0,contrast_1.1,41.26906204223633,0.5606362819671631,0.023594358796851008,,,,
pcb2,1ac6ad7feff9327f8055eead,1,identity,43.78215408325195,4.008056640625,0.0,True,3.084625244140625,False,1.7329020500183105
pcb2,1ac6ad7feff9327f8055eead,1,brightness_0.9,43.6025505065918,3.5693321228027344,0.00013046835476742018,True,2.9575042724609375,False,1.7289422750473022
pcb2,1ac6ad7feff9327f8055eead,1,brightness_1.1,44.090816497802734,4.8401336669921875,0.021235721703011422,True,2.9941368103027344,False,2.1445071697235107
pcb2,1ac6ad7feff9327f8055eead,1,contrast_0.9,43.721561431884766,3.7734975814819336,0.0,True,3.0103530883789062,True,1.7394952774047852
pcb2,1ac6ad7feff9327f8055eead,1,contrast_1.1,44.01945495605469,4.515857696533203,0.01973001038421599,True,2.9624252319335938,False,1.9559009075164795
pcb2,1b3b155ce025d33f33447719,0,identity,32.50469970703125,-0.15924370288848877,0.0,,,,
pcb2,1b3b155ce025d33f33447719,0,brightness_0.9,32.503028869628906,-0.6284661293029785,0.00018838032856724447,,,,
pcb2,1b3b155ce025d33f33447719,0,brightness_1.1,32.62126922607422,0.09983000159263611,0.02126301355273318,,,,
pcb2,1b3b155ce025d33f33447719,0,contrast_0.9,32.45800018310547,-0.45957228541374207,0.0,,,,
pcb2,1b3b155ce025d33f33447719,0,contrast_1.1,32.590576171875,0.040193110704422,0.020188202820601575,,,,
pcb2,1ce29bfeaf2d32681988d2e8,0,identity,33.42670822143555,0.6135580539703369,0.0,,,,
pcb2,1ce29bfeaf2d32681988d2e8,0,brightness_0.9,32.540191650390625,-0.23121806979179382,0.00015997905406005093,,,,
pcb2,1ce29bfeaf2d32681988d2e8,0,brightness_1.1,34.500301361083984,1.3454278707504272,0.02721463375668983,,,,
pcb2,1ce29bfeaf2d32681988d2e8,0,contrast_0.9,32.765419006347656,0.15442025661468506,0.0,,,,
pcb2,1ce29bfeaf2d32681988d2e8,0,contrast_1.1,34.45219039916992,1.1141102313995361,0.024295515261247347,,,,
pcb2,1da24f7dc6e05ac42a2e436a,1,identity,46.66500473022461,6.169227123260498,0.0,True,5.230987548828125,True,2.926915168762207
pcb2,1da24f7dc6e05ac42a2e436a,1,brightness_0.9,47.47196960449219,5.900392055511475,1.5975716910296348e-05,True,5.287540435791016,True,3.0466251373291016
pcb2,1da24f7dc6e05ac42a2e436a,1,brightness_1.1,47.452369689941406,6.448066234588623,0.028385520675240302,True,5.114528656005859,True,2.7829504013061523
pcb2,1da24f7dc6e05ac42a2e436a,1,contrast_0.9,46.896671295166016,5.974780559539795,0.0,True,5.050365447998047,True,2.910776138305664
pcb2,1da24f7dc6e05ac42a2e436a,1,contrast_1.1,47.21472930908203,6.384149074554443,0.020978557037747068,True,5.346813201904297,True,2.890652656555176
pcb2,1e89f8f09b48e7ae7efe5a72,0,identity,31.28476333618164,-0.22742566466331482,0.0,,,,
pcb2,1e89f8f09b48e7ae7efe5a72,0,brightness_0.9,31.81317138671875,-1.0401614904403687,0.0002791312760160112,,,,
pcb2,1e89f8f09b48e7ae7efe5a72,0,brightness_1.1,31.605602264404297,0.6088470220565796,0.02252864534795999,,,,
pcb2,1e89f8f09b48e7ae7efe5a72,0,contrast_0.9,31.582975387573242,-0.6764096021652222,0.0,,,,
pcb2,1e89f8f09b48e7ae7efe5a72,0,contrast_1.1,31.5604305267334,0.2097543329000473,0.024284421013392975,,,,
pcb2,2034cdea012f878d4583fdec,0,identity,32.434391021728516,1.051154613494873,0.0,,,,
pcb2,2034cdea012f878d4583fdec,0,brightness_0.9,32.77337646484375,0.557257890701294,0.0001080579741015878,,,,
pcb2,2034cdea012f878d4583fdec,0,brightness_1.1,32.750694274902344,1.700844645500183,0.026357492167461014,,,,
pcb2,2034cdea012f878d4583fdec,0,contrast_0.9,32.616519927978516,0.683512806892395,0.0,,,,
pcb2,2034cdea012f878d4583fdec,0,contrast_1.1,32.65133285522461,1.4551715850830078,0.022252398576386116,,,,
pcb2,22079e0a617255e9a819daa1,0,identity,30.750757217407227,-0.7738833427429199,0.0,,,,
pcb2,22079e0a617255e9a819daa1,0,brightness_0.9,30.690561294555664,-0.60962975025177,0.00015287873543325255,,,,
pcb2,22079e0a617255e9a819daa1,0,brightness_1.1,31.082725524902344,-0.3328265845775604,0.024039903790682608,,,,
pcb2,22079e0a617255e9a819daa1,0,contrast_0.9,30.762174606323242,-0.8726681470870972,0.0,,,,
pcb2,22079e0a617255e9a819daa1,0,contrast_1.1,31.319225311279297,-0.689556360244751,0.021663515900276025,,,,
pcb2,235b228ca68afd7f5ba618d2,1,identity,48.02830505371094,2.1936607360839844,0.0,False,4.594669342041016,True,1.324349284172058
pcb2,235b228ca68afd7f5ba618d2,1,brightness_0.9,47.8428840637207,1.8077926635742188,0.00013889998313674327,True,4.5164642333984375,True,1.2428380250930786
pcb2,235b228ca68afd7f5ba618d2,1,brightness_1.1,48.345130920410156,2.589308977127075,0.02201098774307497,False,4.661472320556641,True,1.499842643737793
pcb2,235b228ca68afd7f5ba618d2,1,contrast_0.9,47.83725357055664,1.9565759897232056,0.0,True,4.520847320556641,True,1.293580174446106
pcb2,235b228ca68afd7f5ba618d2,1,contrast_1.1,48.229129791259766,2.365225315093994,0.020929076692316567,False,4.614356994628906,True,1.3641432523727417
pcb2,23604140fec2eef8bd39e1b5,1,identity,55.45047378540039,6.83746862411499,0.0,False,-1.6240615844726562,False,-0.09251213073730469
pcb2,23604140fec2eef8bd39e1b5,1,brightness_0.9,55.40615463256836,6.3694891929626465,4.060494714700322e-05,False,-1.6865615844726562,False,-0.2870817184448242
pcb2,23604140fec2eef8bd39e1b5,1,brightness_1.1,55.6879997253418,7.1750874519348145,0.029650930585510025,False,-1.44366455078125,False,-0.2877311706542969
pcb2,23604140fec2eef8bd39e1b5,1,contrast_0.9,55.505760192871094,6.552363872528076,0.0,False,-1.9710044860839844,False,-0.29381275177001953
pcb2,23604140fec2eef8bd39e1b5,1,contrast_1.1,55.366294860839844,7.041269302368164,0.0232992518039247,False,-1.1213836669921875,False,-0.08209228515625
pcb2,2727cab027a82fb59ff47289,1,identity,42.90541076660156,4.640637397766113,0.0,True,2.230396270751953,True,0.5371270179748535
pcb2,2727cab027a82fb59ff47289,1,brightness_0.9,43.37143325805664,4.490287780761719,1.0650477940197567e-05,True,2.5731964111328125,True,0.6595854759216309
pcb2,2727cab027a82fb59ff47289,1,brightness_1.1,43.090843200683594,4.748241424560547,0.027562993139317128,True,1.4146194458007812,True,0.24837827682495117
pcb2,2727cab027a82fb59ff47289,1,contrast_0.9,42.87247085571289,4.511189937591553,0.0,True,2.240222930908203,True,0.5735111236572266
pcb2,2727cab027a82fb59ff47289,1,contrast_1.1,43.29555892944336,4.765758514404297,0.020370370370370372,True,1.9434776306152344,True,0.403414249420166
pcb3,00160ff324c599b2c715a0b5,1,identity,45.45460510253906,5.992549419403076,0.0,True,5.994045257568359,True,3.2645623683929443
pcb3,00160ff324c599b2c715a0b5,1,brightness_0.9,45.543758392333984,5.43333101272583,1.5782828282828283e-05,True,5.987110137939453,True,3.0580458641052246
pcb3,00160ff324c599b2c715a0b5,1,brightness_1.1,44.94617462158203,6.167153835296631,0.01579683276426234,True,5.49114990234375,True,3.1193037033081055
pcb3,00160ff324c599b2c715a0b5,1,contrast_0.9,45.38909912109375,5.62437105178833,0.0,True,5.775135040283203,True,3.078763484954834
pcb3,00160ff324c599b2c715a0b5,1,contrast_1.1,45.149635314941406,6.100313663482666,0.014512644046094751,True,5.658714294433594,True,3.1448311805725098
pcb3,00825985d63dafd101884c28,0,identity,33.18122482299805,0.06735539436340332,0.0,,,,
pcb3,00825985d63dafd101884c28,0,brightness_0.9,33.33002471923828,-0.5020635724067688,4.290261772656139e-05,,,,
pcb3,00825985d63dafd101884c28,0,brightness_1.1,32.76963424682617,0.21168270707130432,0.01762141663109973,,,,
pcb3,00825985d63dafd101884c28,0,contrast_0.9,33.24366760253906,-0.23709094524383545,0.0,,,,
pcb3,00825985d63dafd101884c28,0,contrast_1.1,33.077091217041016,0.18123513460159302,0.015729922464077395,,,,
pcb3,009b5b8e3f53c3ec7bca77e5,1,identity,47.66318130493164,6.2471394538879395,0.0,True,9.056045532226562,True,4.821248531341553
pcb3,009b5b8e3f53c3ec7bca77e5,1,brightness_0.9,47.70147705078125,5.727738857269287,9.336320956039266e-06,True,8.818344116210938,True,4.627790927886963
pcb3,009b5b8e3f53c3ec7bca77e5,1,brightness_1.1,47.972415924072266,6.598123073577881,0.017244184805804523,True,8.86410903930664,True,4.84809684753418
pcb3,009b5b8e3f53c3ec7bca77e5,1,contrast_0.9,47.66099166870117,5.961580753326416,0.0,True,8.90976333618164,True,4.747583389282227
pcb3,009b5b8e3f53c3ec7bca77e5,1,contrast_1.1,47.97432327270508,6.447962284088135,0.013507878076540048,True,8.984024047851562,True,4.8245439529418945
pcb3,00b31381bedc1d3eac00940e,0,identity,33.720951080322266,-1.3221858739852905,0.0,,,,
pcb3,00b31381bedc1d3eac00940e,0,brightness_0.9,33.916805267333984,-1.092778205871582,2.134016218523261e-05,,,,
pcb3,00b31381bedc1d3eac00940e,0,brightness_1.1,33.71860122680664,-0.49121642112731934,0.014702927158913075,,,,
pcb3,00b31381bedc1d3eac00940e,0,contrast_0.9,33.84010314941406,-1.1832839250564575,0.0,,,,
pcb3,00b31381bedc1d3eac00940e,0,contrast_1.1,34.025001525878906,-0.8269550204277039,0.014132077820458102,,,,
pcb3,00def363460ce202d13ff3ac,1,identity,63.78440475463867,9.076522827148438,0.0,True,13.366275787353516,True,3.746410846710205
pcb3,00def363460ce202d13ff3ac,1,brightness_0.9,63.82401657104492,8.408670425415039,1.4449068146251244e-05,True,13.484134674072266,True,3.667853355407715
pcb3,00def363460ce202d13ff3ac,1,brightness_1.1,64.18187713623047,9.557805061340332,0.013997812633376013,True,13.763195037841797,True,3.9980807304382324
pcb3,00def363460ce202d13ff3ac,1,contrast_0.9,63.42105484008789,8.533119201660156,0.0,True,13.15561294555664,True,3.5589566230773926
pcb3,00def363460ce202d13ff3ac,1,contrast_1.1,64.3906478881836,9.523658752441406,0.011254268032437046,True,13.535526275634766,True,4.039440631866455
pcb3,0153cfb8c2d58810b0f93a89,0,identity,34.660221099853516,0.9882427453994751,0.0,,,,
pcb3,0153cfb8c2d58810b0f93a89,0,brightness_0.9,35.10554122924805,0.5780057311058044,1.64497083511168e-05,,,,
pcb3,0153cfb8c2d58810b0f93a89,0,brightness_1.1,35.10602951049805,1.50838303565979,0.014688922677479016,,,,
pcb3,0153cfb8c2d58810b0f93a89,0,contrast_0.9,34.892234802246094,0.865805447101593,0.0,,,,
pcb3,0153cfb8c2d58810b0f93a89,0,contrast_1.1,35.08710861206055,1.175689697265625,0.013926456466069142,,,,
pcb3,056786f0aa55115950c55363,0,identity,38.40620040893555,1.0121815204620361,0.0,,,,
pcb3,056786f0aa55115950c55363,0,brightness_0.9,38.007686614990234,0.24118833243846893,0.00013315372030160762,,,,
pcb3,056786f0aa55115950c55363,0,brightness_1.1,38.89434051513672,1.6018341779708862,0.01568190709916062,,,,
pcb3,056786f0aa55115950c55363,0,contrast_0.9,37.96773910522461,0.5812908411026001,0.0,,,,
pcb3,056786f0aa55115950c55363,0,contrast_1.1,38.71511459350586,1.3116761445999146,0.015617219732536634,,,,
pcb3,058aa8dfb17e82e7a4658a4c,0,identity,34.123985290527344,0.06544189155101776,0.0,,,,
pcb3,058aa8dfb17e82e7a4658a4c,0,brightness_0.9,34.598602294921875,0.3319413959980011,0.00010647851757006686,,,,
pcb3,058aa8dfb17e82e7a4658a4c,0,brightness_1.1,33.86943817138672,0.24679866433143616,0.016866730687153223,,,,
pcb3,058aa8dfb17e82e7a4658a4c,0,contrast_0.9,34.41625213623047,0.3135021924972534,0.0,,,,
pcb3,058aa8dfb17e82e7a4658a4c,0,contrast_1.1,33.82986831665039,0.1516725718975067,0.016848724925309432,,,,
pcb3,0623b00ea5cbe2a2f243afb8,1,identity,41.634735107421875,4.506407260894775,0.0,True,6.773590087890625,True,3.949040174484253
pcb3,0623b00ea5cbe2a2f243afb8,1,brightness_0.9,41.57056427001953,4.037194728851318,7.980331483852611e-05,True,6.075016021728516,True,3.5291531085968018
pcb3,0623b00ea5cbe2a2f243afb8,1,brightness_1.1,42.50983810424805,5.153449535369873,0.0141960983070138,True,7.3236083984375,True,4.12443733215332
pcb3,0623b00ea5cbe2a2f243afb8,1,contrast_0.9,41.48227310180664,4.192807674407959,0.0,True,6.232540130615234,True,3.630216360092163
pcb3,0623b00ea5cbe2a2f243afb8,1,contrast_1.1,42.24876022338867,4.9469780921936035,0.01427456786171575,True,7.178035736083984,True,4.161850929260254
pcb3,07719a9f44a630b6e3e80f30,0,identity,39.726158142089844,-1.264785647392273,0.0,,,,
pcb3,07719a9f44a630b6e3e80f30,0,brightness_0.9,39.61861801147461,-1.4767917394638062,6.17975529947361e-05,,,,
pcb3,07719a9f44a630b6e3e80f30,0,brightness_1.1,40.06367111206055,-0.35966986417770386,0.015237320386968274,,,,
pcb3,07719a9f44a630b6e3e80f30,0,contrast_0.9,39.44649887084961,-1.4636104106903076,0.0,,,,
pcb3,07719a9f44a630b6e3e80f30,0,contrast_1.1,40.13029098510742,-0.7916044592857361,0.014828522905107413,,,,
pcb3,07cfaa4af4a3a48294ee60f8,0,identity,33.710994720458984,-0.8305476307868958,0.0,,,,
pcb3,07cfaa4af4a3a48294ee60f8,0,brightness_0.9,33.478973388671875,-1.1402132511138916,3.8456750604637926e-05,,,,
pcb3,07cfaa4af4a3a48294ee60f8,0,brightness_1.1,33.91877746582031,-0.25209611654281616,0.01461489898989899,,,,
pcb3,07cfaa4af4a3a48294ee60f8,0,contrast_0.9,33.47768783569336,-1.0493022203445435,0.0,,,,
pcb3,07cfaa4af4a3a48294ee60f8,0,contrast_1.1,33.653594970703125,-0.5288036465644836,0.015312233247972684,,,,
pcb3,08081b2d1087d1c1f63bc2dc,0,identity,34.414676666259766,-1.1052451133728027,0.0,,,,
pcb3,08081b2d1087d1c1f63bc2dc,0,brightness_0.9,34.71072769165039,-1.643128514289856,4.8904538341158055e-06,,,,
pcb3,08081b2d1087d1c1f63bc2dc,0,brightness_1.1,35.45264434814453,-0.5206896662712097,0.01770677727984066,,,,
pcb3,08081b2d1087d1c1f63bc2dc,0,contrast_0.9,34.860042572021484,-1.5364636182785034,0.0,,,,
pcb3,08081b2d1087d1c1f63bc2dc,0,contrast_1.1,35.083274841308594,-0.6929876208305359,0.014074503841229193,,,,
pcb3,08ffdedac93baea4ed5e6dcb,0,identity,35.2733268737793,-0.7124812006950378,0.0,,,,
pcb3,08ffdedac93baea4ed5e6dcb,0,brightness_0.9,35.300594329833984,-0.9321915507316589,1.4449068146251244e-05,,,,
pcb3,08ffdedac93baea4ed5e6dcb,0,brightness_1.1,35.61903762817383,-0.1657833755016327,0.01748203869682743,,,,
pcb3,08ffdedac93baea4ed5e6dcb,0,contrast_0.9,35.47895050048828,-0.9673749804496765,0.0,,,,
pcb3,08ffdedac93baea4ed5e6dcb,0,contrast_1.1,35.22563934326172,-0.24166390299797058,0.015023029591691564,,,,
pcb3,09b936bb93c833df03447faf,0,identity,36.245487213134766,2.102179527282715,0.0,,,,
pcb3,09b936bb93c833df03447faf,0,brightness_0.9,36.584083557128906,1.8426142930984497,8.713899558969981e-05,,,,
pcb3,09b936bb93c833df03447faf,0,brightness_1.1,36.791534423828125,2.357119083404541,0.015513853321951914,,,,
pcb3,09b936bb93c833df03447faf,0,contrast_0.9,36.40501022338867,2.0124707221984863,0.0,,,,
pcb3,09b936bb93c833df03447faf,0,contrast_1.1,36.73534393310547,2.2812371253967285,0.01672401835253948,,,,
pcb3,0bea9fcc06208b7fcf1752af,0,identity,34.034114837646484,-0.6385787725448608,0.0,,,,
pcb3,0bea9fcc06208b7fcf1752af,0,brightness_0.9,34.46443557739258,-1.0570505857467651,1.0225494380423958e-05,,,,
pcb3,0bea9fcc06208b7fcf1752af,0,brightness_1.1,33.710689544677734,0.09845989942550659,0.014716042466922749,,,,
pcb3,0bea9fcc06208b7fcf1752af,0,contrast_0.9,34.46857833862305,-0.9310153722763062,0.0,,,,
pcb3,0bea9fcc06208b7fcf1752af,0,contrast_1.1,33.3994026184082,-0.14612191915512085,0.012718958955754731,,,,
pcb3,0ea2a017a831f1fbe8e6fd3c,0,identity,31.620454788208008,-0.3316057026386261,0.0,,,,
pcb3,0ea2a017a831f1fbe8e6fd3c,0,brightness_0.9,32.40455627441406,-0.6990564465522766,3.1565656565656566e-05,,,,
pcb3,0ea2a017a831f1fbe8e6fd3c,0,brightness_1.1,32.18021011352539,0.4247839152812958,0.01783970870678617,,,,
pcb3,0ea2a017a831f1fbe8e6fd3c,0,contrast_0.9,32.02357864379883,-0.5405150651931763,0.0,,,,
pcb3,0ea2a017a831f1fbe8e6fd3c,0,contrast_1.1,32.28727722167969,0.21267300844192505,0.01555231007255655,,,,
pcb3,0f5903a3646440fdc211f908,0,identity,33.95751953125,0.032558951526880264,0.0,,,,
pcb3,0f5903a3646440fdc211f908,0,brightness_0.9,33.71220016479492,-0.31233054399490356,1.64497083511168e-05,,,,
pcb3,0f5903a3646440fdc211f908,0,brightness_1.1,34.119686126708984,0.8626511693000793,0.016515729477877366,,,,
pcb3,0f5903a3646440fdc211f908,0,contrast_0.9,33.93313980102539,-0.20213833451271057,0.0,,,,
pcb3,0f5903a3646440fdc211f908,0,contrast_1.1,33.91228103637695,0.5243583917617798,0.013584346991037131,,,,
pcb3,1059ec31e732828121ee3007,0,identity,33.87089157104492,-1.375964879989624,0.0,,,,
pcb3,1059ec31e732828121ee3007,0,brightness_0.9,33.941192626953125,-1.5269378423690796,3.134336320956039e-05,,,,
pcb3,1059ec31e732828121ee3007,0,brightness_1.1,33.92202377319336,-0.36171355843544006,0.01685294849907526,,,,
pcb3,1059ec31e732828121ee3007,0,contrast_0.9,34.0776481628418,-1.5979247093200684,0.0,,,,
pcb3,1059ec31e732828121ee3007,0,contrast_1.1,33.885990142822266,-0.9298180937767029,0.016577971617584293,,,,
pcb3,11aa823d106daa2240583cd3,1,identity,49.87899398803711,7.162542819976807,0.0,True,9.070533752441406,True,3.786518096923828
pcb3,11aa823d106daa2240583cd3,1,brightness_0.9,49.91769790649414,6.587364673614502,4.4236377863138424e-05,True,9.04525375366211,True,3.780489921569824
pcb3,11aa823d106daa2240583cd3,1,brightness_1.1,50.02797317504883,7.368313312530518,0.014292795916915636,True,9.2518310546875,True,3.6855924129486084
pcb3,11aa823d106daa2240583cd3,1,contrast_0.9,49.811763763427734,6.746951103210449,0.0,True,8.873401641845703,True,3.6320388317108154
pcb3,11aa823d106daa2240583cd3,1,contrast_1.1,50.12576675415039,7.300053119659424,0.013906894650732679,True,9.205368041992188,True,3.727191686630249
pcb3,122afcd920e04ff96c403870,0,identity,35.194515228271484,1.1389944553375244,0.0,,,,
pcb3,122afcd920e04ff96c403870,0,brightness_0.9,34.90122985839844,0.5283013582229614,1.4893654858443591e-05,,,,
pcb3,122afcd920e04ff96c403870,0,brightness_1.1,35.618045806884766,1.6671032905578613,0.016568413003272157,,,,
pcb3,122afcd920e04ff96c403870,0,contrast_0.9,35.332576751708984,0.9232783913612366,0.0,,,,
pcb3,122afcd920e04ff96c403870,0,contrast_1.1,35.446746826171875,1.384191632270813,0.013789079172001707,,,,
pcb3,12358e41084724e2c739056e,0,identity,31.83281135559082,-0.6795006394386292,0.0,,,,
pcb3,12358e41084724e2c739056e,0,brightness_0.9,32.07337951660156,-0.8386242985725403,3.467776355100299e-05,,,,
pcb3,12358e41084724e2c739056e,0,brightness_1.1,31.90070343017578,-0.13202090561389923,0.016281654573908094,,,,
pcb3,12358e41084724e2c739056e,0,contrast_0.9,32.083770751953125,-0.7968745231628418,0.0,,,,
pcb3,12358e41084724e2c739056e,0,contrast_1.1,32.57465744018555,-0.4641433656215668,0.016619095888462086,,,,
pcb3,12f6de240f34609698a449ec,1,identity,35.43473815917969,1.8627219200134277,0.0,False,-1.5603523254394531,False,-1.4759323596954346
pcb3,12f6de240f34609698a449ec,1,brightness_0.9,35.6410026550293,1.5121172666549683,4.4236377863138424e-05,False,-1.3507843017578125,False,-1.4085614681243896
pcb3,12f6de240f34609698a449ec,1,brightness_1.1,35.62709426879883,2.2609312534332275,0.017014555768957176,False,-1.1805953979492188,False,-1.2506214380264282
pcb3,12f6de240f34609698a449ec,1,contrast_0.9,36.05784606933594,1.6302945613861084,0.0,False,-2.0250930786132812,False,-1.3531675338745117
pcb3,12f6de240f34609698a449ec,1,contrast_1.1,35.35717010498047,2.2019529342651367,0.016055137644046095,False,-1.0634689331054688,False,-1.525551676750183
pcb3,14f02280ec42c1ccc8aac851,1,identity,40.33057403564453,3.0438220500946045,0.0,False,0.7245712280273438,False,1.4191042184829712
pcb3,14f02280ec42c1ccc8aac851,1,brightness_0.9,40.24306869506836,2.536844491958618,5.8240859297197327e-05,False,0.6407318115234375,True,1.5496731996536255
pcb3,14f02280ec42c1ccc8aac851,1,brightness_1.1,40.936561584472656,3.609793186187744,0.016054470763977806,False,0.478973388671875,False,1.1989350318908691
pcb3,14f02280ec42c1ccc8aac851,1,contrast_0.9,40.04685592651367,2.7391133308410645,0.0,False,0.6772537231445312,False,1.4674259424209595
pcb3,14f02280ec42c1ccc8aac851,1,contrast_1.1,40.87327194213867,3.359829902648926,0.015843069782330344,False,0.4989471435546875,False,1.2859570980072021
pcb3,15c3ae0d8743e8989805d796,1,identity,49.53628921508789,6.874925136566162,0.0,True,6.214324951171875,True,4.326503276824951
pcb3,15c3ae0d8743e8989805d796,1,brightness_0.9,49.54731750488281,6.5392560958862305,1.911722862427088e-05,True,6.181240081787109,True,4.36437463760376
pcb3,15c3ae0d8743e8989805d796,1,brightness_1.1,48.543941497802734,6.884215354919434,0.018301189714041828,True,6.076198577880859,True,4.106003761291504
pcb3,15c3ae0d8743e8989805d796,1,contrast_0.9,49.51133728027344,6.687337398529053,0.0,True,6.190433502197266,True,4.408658027648926
pcb3,15c3ae0d8743e8989805d796,1,contrast_1.1,48.875274658203125,6.794749736785889,0.01545138888888889,True,6.147125244140625,True,4.130462169647217
pcb3,18e1a3f7f9f9b8caa40609cc,1,identity,55.57466506958008,8.312505722045898,0.0,True,9.916854858398438,True,5.494366645812988
pcb3,18e1a3f7f9f9b8caa40609cc,1,brightness_0.9,55.437740325927734,7.766922950744629,1.2226134585289515e-05,True,9.767333984375,True,5.352613925933838
pcb3,18e1a3f7f9f9b8caa40609cc,1,brightness_1.1,55.198421478271484,8.965860366821289,0.02024914639351259,True,8.928314208984375,True,5.140231132507324
pcb3,18e1a3f7f9f9b8caa40609cc,1,contrast_0.9,55.293338775634766,7.864161968231201,0.0,True,9.772968292236328,True,5.398159027099609
pcb3,18e1a3f7f9f9b8caa40609cc,1,contrast_1.1,54.93789291381836,8.745018005371094,0.016246754517000996,True,9.367416381835938,True,5.328180313110352
pcb3,195b9a91e8b5e0aff0059c51,1,identity,60.698482513427734,6.586410045623779,0.0,True,9.899028778076172,False,1.6858854293823242
pcb3,195b9a91e8b5e0aff0059c51,1,brightness_0.9,60.41421127319336,5.898624897003174,1.3782188077962726e-05,True,9.860179901123047,False,1.7174797058105469
pcb3,195b9a91e8b5e0aff0059c51,1,brightness_1.1,61.11676788330078,7.1950459480285645,0.01766609759567506,True,10.02947998046875,False,1.686452865600586
pcb3,195b9a91e8b5e0aff0059c51,1,contrast_0.9,60.44641876220703,6.128573417663574,0.0,True,9.970893859863281,False,1.7147421836853027
pcb3,195b9a91e8b5e0aff0059c51,1,contrast_1.1,60.93883514404297,7.03743314743042,0.01515974000569071,True,9.663013458251953,False,1.707838535308838
pcb3,1e51370fdebf3dff56edbce7,1,identity,56.35746383666992,7.194226264953613,0.0,False,-3.814586639404297,True,0.539665699005127
pcb3,1e51370fdebf3dff56edbce7,1,brightness_0.9,55.94609832763672,6.498017311096191,2.6230616019348414e-05,False,-3.7344093322753906,True,0.5873627662658691
pcb3,1e51370fdebf3dff56edbce7,1,brightness_1.1,56.70043182373047,7.660831928253174,0.017717447360933277,False,-3.6261749267578125,True,0.6447181701660156
pcb3,1e51370fdebf3dff56edbce7,1,contrast_0.9,56.11958312988281,6.695053577423096,0.0,False,-3.8457183837890625,True,0.5669679641723633
pcb3,1e51370fdebf3dff56edbce7,1,contrast_1.1,56.68174743652344,7.4760003089904785,0.01592576291079812,False,-3.858203887939453,True,0.4702482223510742
pcb3,1eceb5e37343e14cafa05cac,1,identity,47.88331604003906,6.5883564949035645,0.0,True,7.5558013916015625,True,4.951902866363525
pcb3,1eceb5e37343e14cafa05cac,1,brightness_0.9,47.96101379394531,6.165406703948975,1.1336961160904823e-05,True,7.631401062011719,True,4.411820888519287
pcb3,1eceb5e37343e14cafa05cac,1,brightness_1.1,48.04744338989258,6.924631595611572,0.015558534286527244,True,7.610393524169922,True,4.850317001342773
pcb3,1eceb5e37343e14cafa05cac,1,contrast_0.9,47.71910095214844,6.2900872230529785,0.0,True,7.434581756591797,True,4.654410362243652
pcb3,1eceb5e37343e14cafa05cac,1,contrast_1.1,48.117061614990234,6.824225902557373,0.013852655071845212,True,7.798313140869141,True,5.032120227813721
pcb3,1fbb9f1ade34b0442c15b1c1,1,identity,43.34114074707031,5.446068286895752,0.0,True,5.699012756347656,True,3.5943634510040283
pcb3,1fbb9f1ade34b0442c15b1c1,1,brightness_0.9,44.48703384399414,5.24548864364624,1.8005761843790013e-05,True,6.1191253662109375,True,3.7148289680480957
pcb3,1fbb9f1ade34b0442c15b1c1,1,brightness_1.1,43.59395217895508,5.809464931488037,0.01634234066012235,True,5.970844268798828,True,3.4438514709472656
pcb3,1fbb9f1ade34b0442c15b1c1,1,contrast_0.9,44.137813568115234,5.31621789932251,0.0,True,5.955692291259766,True,3.686866283416748
pcb3,1fbb9f1ade34b0442c15b1c1,1,contrast_1.1,43.266357421875,5.676111221313477,0.014263008607198749,True,2.526031494140625,True,3.5210015773773193
pcb3,249f8e1272d8883ea47662fb,1,identity,49.16333770751953,5.505138397216797,0.0,False,-2.014190673828125,False,-0.20760774612426758
pcb3,249f8e1272d8883ea47662fb,1,brightness_0.9,49.48897171020508,4.955199718475342,6.513195333617869e-05,False,-2.1198348999023438,False,-0.29674577713012695
pcb3,249f8e1272d8883ea47662fb,1,brightness_1.1,49.14546585083008,6.003396511077881,0.01430702269170579,False,-2.138671875,False,-0.2699093818664551
pcb3,249f8e1272d8883ea47662fb,1,contrast_0.9,49.13661193847656,5.143515110015869,0.0,False,-2.1768646240234375,False,-0.3461909294128418
pcb3,249f8e1272d8883ea47662fb,1,contrast_1.1,49.51277160644531,5.914104461669922,0.013972248897424953,False,-2.1124038696289062,False,-0.2483978271484375
pcb3,32c9f568a03a9e26ef015b76,1,identity,50.65790939331055,6.8747878074646,0.0,True,6.423137664794922,True,3.579712390899658
pcb3,32c9f568a03a9e26ef015b76,1,brightness_0.9,50.77008819580078,6.4410080909729,5.001600512163892e-05,True,6.663402557373047,True,3.5271968841552734
pcb3,32c9f568a03a9e26ef015b76,1,brightness_1.1,50.851261138916016,7.110508441925049,0.016739134300754018,True,6.455768585205078,True,3.5466461181640625
pcb3,32c9f568a03a9e26ef015b76,1,contrast_0.9,50.388309478759766,6.511416912078857,0.0,True,6.466819763183594,True,3.4776158332824707
pcb3,32c9f568a03a9e26ef015b76,1,contrast_1.1,51.09218978881836,7.102034091949463,0.01626453798548869,True,6.418346405029297,True,3.6200509071350098
pcb3,36890e55c2c6b3d21fb8bd1b,1,identity,55.7786750793457,8.811179161071777,0.0,False,7.189220428466797,False,3.5550127029418945
pcb3,36890e55c2c6b3d21fb8bd1b,1,brightness_0.9,55.935089111328125,8.175091743469238,7.958102148242994e-05,False,7.218540191650391,False,3.5569214820861816
pcb3,36890e55c2c6b3d21fb8bd1b,1,brightness_1.1,55.721675872802734,9.210216522216797,0.016067808365343578,False,7.0606842041015625,False,3.5665764808654785
pcb3,36890e55c2c6b3d21fb8bd1b,1,contrast_0.9,55.621315002441406,8.296731948852539,0.0,False,7.08123779296875,False,3.4910707473754883
pcb3,36890e55c2c6b3d21fb8bd1b,1,contrast_1.1,56.031890869140625,9.210514068603516,0.016902075330772513,False,7.254634857177734,False,3.59188175201416
pcb4,005e070227309d82c55c4275,1,identity,54.00996780395508,5.190358638763428,0.0,True,11.365623474121094,False,1.1642951965332031
pcb4,005e070227309d82c55c4275,1,brightness_0.9,53.94046401977539,4.504283905029297,0.0001798698711518075,True,11.626644134521484,False,1.2799978256225586
pcb4,005e070227309d82c55c4275,1,brightness_1.1,54.604774475097656,5.873476028442383,0.001693978428066281,True,11.287372589111328,False,0.9820823669433594
pcb4,005e070227309d82c55c4275,1,contrast_0.9,53.74128723144531,4.567887306213379,0.0,True,11.578121185302734,False,1.2626004219055176
pcb4,005e070227309d82c55c4275,1,contrast_1.1,54.683197021484375,5.806915283203125,0.0038341853251086778,True,11.300773620605469,False,1.0018224716186523
pcb4,00fa6be94b9f1137a440b277,1,identity,43.0839729309082,3.8009932041168213,0.0,True,4.684497833251953,True,2.431562900543213
pcb4,00fa6be94b9f1137a440b277,1,brightness_0.9,43.22206115722656,3.235138416290283,0.0002172223289435302,True,4.981719970703125,True,2.3173575401306152
pcb4,00fa6be94b9f1137a440b277,1,brightness_1.1,43.19822692871094,4.28414249420166,0.0008800061186883239,True,4.442584991455078,True,2.3614954948425293
pcb4,00fa6be94b9f1137a440b277,1,contrast_0.9,43.14944839477539,3.199864387512207,0.0,True,4.835777282714844,True,2.1954479217529297
pcb4,00fa6be94b9f1137a440b277,1,contrast_1.1,43.36568832397461,4.357030391693115,0.0026767038056818423,True,4.673736572265625,True,2.55328631401062
pcb4,027038eb34c752939a1e0aa2,1,identity,51.27779006958008,7.354901313781738,0.0,True,10.956275939941406,True,3.7162888050079346
pcb4,027038eb34c752939a1e0aa2,1,brightness_0.9,50.00785446166992,6.5136799812316895,0.000129177249863041,True,10.210437774658203,True,3.5704407691955566
pcb4,027038eb34c752939a1e0aa2,1,brightness_1.1,51.86862564086914,7.819378852844238,0.001971009156688224,True,11.561931610107422,True,3.6912832260131836
pcb4,027038eb34c752939a1e0aa2,1,contrast_0.9,50.05320358276367,6.603523254394531,0.0,True,10.194278717041016,True,3.568671703338623
pcb4,027038eb34c752939a1e0aa2,1,contrast_1.1,51.86759948730469,7.81053352355957,0.0028696915042724096,True,11.66806411743164,True,3.7250704765319824
pcb4,02acb841616b8cf4e09bc9c1,0,identity,29.704938888549805,-0.46817314624786377,0.0,,,,
pcb4,02acb841616b8cf4e09bc9c1,0,brightness_0.9,30.019575119018555,-1.05570650100708,0.00014296208547665294,,,,
pcb4,02acb841616b8cf4e09bc9c1,0,brightness_1.1,30.063112258911133,0.1914244443178177,0.001561021465212411,,,,
pcb4,02acb841616b8cf4e09bc9c1,0,contrast_0.9,29.746788024902344,-0.9793815016746521,0.0,,,,
pcb4,02acb841616b8cf4e09bc9c1,0,contrast_1.1,30.11072540283203,0.02792685478925705,0.0034937888198757765,,,,
pcb4,047764c95331feae308c90e2,1,identity,45.65324020385742,3.9105701446533203,0.0,True,4.046413421630859,False,0.6533739566802979
pcb4,047764c95331feae308c90e2,1,brightness_0.9,45.508907318115234,3.1973986625671387,0.00015185552780801548,True,3.855144500732422,False,0.39661073684692383
pcb4,047764c95331feae308c90e2,1,brightness_1.1,46.164894104003906,4.508720397949219,0.0009691628780602335,True,4.162677764892578,False,0.9913907051086426
pcb4,047764c95331feae308c90e2,1,contrast_0.9,45.54729080200195,3.367880344390869,0.0,True,3.8537139892578125,False,0.42894911766052246
pcb4,047764c95331feae308c90e2,1,contrast_1.1,46.102012634277344,4.382193088531494,0.0022507079180095766,True,4.104160308837891,False,0.9245996475219727
pcb4,0526d987ae6faeb2ac46b9cc,1,identity,51.93328857421875,6.536141872406006,0.0,True,8.445987701416016,True,3.751140594482422
pcb4,0526d987ae6faeb2ac46b9cc,1,brightness_0.9,51.81111526489258,5.811903953552246,0.00010005122622782865,True,8.248344421386719,True,3.525141716003418
pcb4,0526d987ae6faeb2ac46b9cc,1,brightness_1.1,52.01899337768555,7.078095436096191,0.001909866740660107,True,8.39419937133789,True,3.695896625518799
pcb4,0526d987ae6faeb2ac46b9cc,1,contrast_0.9,51.67877197265625,5.899444103240967,0.0,True,8.195690155029297,True,3.5047411918640137
pcb4,0526d987ae6faeb2ac46b9cc,1,contrast_1.1,52.20438003540039,7.024291515350342,0.0027645265487040477,True,8.523983001708984,True,3.7761831283569336
pcb4,056f325717dc75cdf75734d6,1,identity,56.216148376464844,6.333744525909424,0.0,True,15.596153259277344,True,4.525637149810791
pcb4,056f325717dc75cdf75734d6,1,brightness_0.9,56.00681686401367,5.552980899810791,0.0001456301181760617,True,15.31692886352539,True,4.1707940101623535
pcb4,056f325717dc75cdf75734d6,1,brightness_1.1,56.11920166015625,6.970695972442627,0.0015325624497520508,True,16.074386596679688,True,4.810656547546387
pcb4,056f325717dc75cdf75734d6,1,contrast_0.9,56.00429916381836,5.689666271209717,0.0,True,15.304157257080078,True,4.242369174957275
pcb4,056f325717dc75cdf75734d6,1,contrast_1.1,56.22085189819336,6.873400688171387,0.003254555221162124,True,16.085269927978516,True,4.791411876678467
pcb4,068868c67451fd61d22440f1,1,identity,47.60923385620117,5.178753852844238,0.0,True,9.118354797363281,True,2.6337642669677734
pcb4,068868c67451fd61d22440f1,1,brightness_0.9,47.950775146484375,4.511476993560791,0.00013028893015446132,True,9.460582733154297,True,2.6075780391693115
pcb4,068868c67451fd61d22440f1,1,brightness_1.1,47.437801361083984,5.756050109863281,0.001725550148342618,True,8.993621826171875,True,2.525620937347412
pcb4,068868c67451fd61d22440f1,1,contrast_0.9,47.531761169433594,4.603150844573975,0.0,True,9.155887603759766,True,2.6034462451934814
pcb4,068868c67451fd61d22440f1,1,contrast_1.1,47.569278717041016,5.677675724029541,0.003377951733509779,True,9.101921081542969,True,2.5489940643310547
pcb4,06cea9d17be8bdbeccab1b9a,0,identity,37.749122619628906,4.005455017089844,0.0,,,,
pcb4,06cea9d17be8bdbeccab1b9a,0,brightness_0.9,37.702518463134766,3.545642375946045,0.0003617407668281716,,,,
pcb4,06cea9d17be8bdbeccab1b9a,0,brightness_1.1,38.382076263427734,4.544219017028809,0.0017733524008736918,,,,
pcb4,06cea9d17be8bdbeccab1b9a,0,contrast_0.9,37.66684341430664,3.630241632461548,0.0,,,,
pcb4,06cea9d17be8bdbeccab1b9a,0,contrast_1.1,38.280487060546875,4.4540228843688965,0.004241282647826798,,,,
pcb4,072d4a79bd05c7d78e259898,1,identity,40.242313385009766,4.616429805755615,0.0,False,-0.35266876220703125,True,0.6399798393249512
pcb4,072d4a79bd05c7d78e259898,1,brightness_0.9,39.907814025878906,3.7662997245788574,0.00018676228895861348,False,-0.8186569213867188,True,0.3390522003173828
pcb4,072d4a79bd05c7d78e259898,1,brightness_1.1,40.8853759765625,4.97100830078125,0.001993020426458347,False,-0.5848464965820312,True,0.4072604179382324
pcb4,072d4a79bd05c7d78e259898,1,contrast_0.9,39.7659797668457,3.9145560264587402,0.0,False,-0.7200355529785156,True,0.43181753158569336
pcb4,072d4a79bd05c7d78e259898,1,contrast_1.1,40.91837692260742,4.937172889709473,0.0034026310359793104,False,-0.5535964965820312,True,0.43436241149902344
pcb4,0a393c866e939db3e38a59f9,0,identity,31.839204788208008,-0.45829153060913086,0.0,,,,
pcb4,0a393c866e939db3e38a59f9,0,brightness_0.9,31.713619232177734,-0.8960450887680054,1.6452868313020713e-05,,,,
pcb4,0a393c866e939db3e38a59f9,0,brightness_1.1,31.821216583251953,0.41429397463798523,0.01161283466023493,,,,
pcb4,0a393c866e939db3e38a59f9,0,contrast_0.9,32.18878173828125,-0.7741450667381287,0.0,,,,
pcb4,0a393c866e939db3e38a59f9,0,contrast_1.1,31.824337005615234,0.20069767534732819,0.006573143227110058,,,,
pcb4,0d0f11a63286028e86709718,0,identity,36.03059768676758,1.9235079288482666,0.0,,,,
pcb4,0d0f11a63286028e86709718,0,brightness_0.9,36.09436798095703,1.463208556175232,0.00021633298471039394,,,,
pcb4,0d0f11a63286028e86709718,0,brightness_1.1,36.06422805786133,2.3638134002685547,0.0015112181881567807,,,,
pcb4,0d0f11a63286028e86709718,0,contrast_0.9,35.88572311401367,1.470982313156128,0.0,,,,
pcb4,0d0f11a63286028e86709718,0,contrast_1.1,36.03026580810547,2.2114553451538086,0.004180807239973533,,,,
pcb4,0faf418cf81ced5dd69c34c7,1,identity,45.295982360839844,4.644373416900635,0.0,True,5.8685760498046875,True,1.262850284576416
pcb4,0faf418cf81ced5dd69c34c7,1,brightness_0.9,45.110015869140625,3.811324119567871,7.803995645770635e-05,True,5.148548126220703,True,0.6525804996490479
pcb4,0faf418cf81ced5dd69c34c7,1,brightness_1.1,45.617557525634766,5.284668922424316,0.000792628047782687,True,6.1740875244140625,True,1.3263561725616455
pcb4,0faf418cf81ced5dd69c34c7,1,contrast_0.9,45.04063034057617,3.971926689147949,0.0,True,5.456390380859375,True,0.8570907115936279
pcb4,0faf418cf81ced5dd69c34c7,1,contrast_1.1,45.57626724243164,5.177388668060303,0.001330681308830121,True,5.937725067138672,True,1.3876128196716309
pcb4,11d19c328a71bea06c5efa35,0,identity,29.278966903686523,-0.7517004013061523,0.0,,,,
pcb4,11d19c328a71bea06c5efa35,0,brightness_0.9,29.026527404785156,-1.1890779733657837,0.00011605942242428123,,,,
pcb4,11d19c328a71bea06c5efa35,0,brightness_1.1,29.35710906982422,0.15875403583049774,0.0021017427589592537,,,,
pcb4,11d19c328a71bea06c5efa35,0,contrast_0.9,29.059123992919922,-1.1412560939788818,0.0,,,,
pcb4,11d19c328a71bea06c5efa35,0,contrast_1.1,29.470191955566406,0.002507410477846861,0.00347866996791246,,,,
pcb4,12774eb0dd589f4b33059131,0,identity,32.771202087402344,0.7812989950180054,0.0,,,,
pcb4,12774eb0dd589f4b33059131,0,brightness_0.9,33.06691360473633,0.2764209508895874,5.336065398817528e-06,,,,
pcb4,12774eb0dd589f4b33059131,0,brightness_1.1,33.72304153442383,1.6966997385025024,0.014977890902364233,,,,
pcb4,12774eb0dd589f4b33059131,0,contrast_0.9,33.37540817260742,0.43048524856567383,0.0,,,,
pcb4,12774eb0dd589f4b33059131,0,contrast_1.1,32.52992630004883,1.3857420682907104,0.009256739450598706,,,,
pcb4,1315e58ccfc03d64e65dd8b1,0,identity,31.24939727783203,-0.8466376066207886,0.0,,,,
pcb4,1315e58ccfc03d64e65dd8b1,0,brightness_0.9,31.414173126220703,-1.0949572324752808,0.0001285102416881888,,,,
pcb4,1315e58ccfc03d64e65dd8b1,0,brightness_1.1,31.611225128173828,-0.24401597678661346,0.004634817470989591,,,,
pcb4,1315e58ccfc03d64e65dd8b1,0,contrast_0.9,30.820926666259766,-1.1199146509170532,0.0,,,,
pcb4,1315e58ccfc03d64e65dd8b1,0,contrast_1.1,31.61433982849121,-0.40035271644592285,0.004228164820388038,,,,
pcb4,16f97c0d505f09955e660ae5,1,identity,53.73469543457031,5.444556713104248,0.0,True,7.637481689453125,True,1.0314888954162598
pcb4,16f97c0d505f09955e660ae5,1,brightness_0.9,53.49753952026367,4.6301751136779785,0.00012406352052250752,True,7.632480621337891,True,0.8292274475097656
pcb4,16f97c0d505f09955e660ae5,1,brightness_1.1,53.96575927734375,6.103272914886475,0.0022784999252950843,True,7.441875457763672,True,1.060269832611084
pcb4,16f97c0d505f09955e660ae5,1,contrast_0.9,53.750186920166016,4.8117828369140625,0.0,True,7.734230041503906,True,0.881256103515625
pcb4,16f97c0d505f09955e660ae5,1,contrast_1.1,53.88257598876953,5.976573944091797,0.0036727693467944475,True,7.573757171630859,True,1.0702085494995117
pcb4,17e584cd0c3324b6eb08e5bf,1,identity,45.348697662353516,4.21693229675293,0.0,True,6.239376068115234,True,1.4767992496490479
pcb4,17e584cd0c3324b6eb08e5bf,1,brightness_0.9,45.28770446777344,3.624203681945801,0.0001131690536665884,True,5.945041656494141,True,1.2776274681091309
pcb4,17e584cd0c3324b6eb08e5bf,1,brightness_1.1,45.51361083984375,4.721651554107666,0.001882741741549451,True,6.188961029052734,True,1.4728233814239502
pcb4,17e584cd0c3324b6eb08e5bf,1,contrast_0.9,45.13336944580078,3.720045328140259,0.0,True,5.797466278076172,True,1.2155818939208984
pcb4,17e584cd0c3324b6eb08e5bf,1,contrast_1.1,45.53385543823242,4.663387298583984,0.0028205552353916317,True,6.075004577636719,True,1.5152404308319092
pcb4,18b56ae51ab1f4c17be2c55f,1,identity,46.689353942871094,4.278580188751221,0.0,True,7.12652587890625,False,0.42752742767333984
pcb4,18b56ae51ab1f4c17be2c55f,1,brightness_0.9,46.62663269042969,3.859959602355957,0.00015874794561482146,True,6.645679473876953,False,0.2953159809112549
pcb4,18b56ae51ab1f4c17be2c55f,1,brightness_1.1,47.24331283569336,4.791805267333984,0.0017622355979594886,True,7.467414855957031,False,0.48876237869262695
pcb4,18b56ae51ab1f4c17be2c55f,1,contrast_0.9,46.38671112060547,3.881150245666504,0.0,True,6.727210998535156,False,0.378833532333374
pcb4,18b56ae51ab1f4c17be2c55f,1,contrast_1.1,47.27036666870117,4.72801399230957,0.003652759101548882,True,7.426532745361328,False,0.4799990653991699
pcb4,18bb01bf7702c211e846338c,1,identity,43.87868881225586,4.181053161621094,0.0,False,0.24678421020507812,False,0.6390912532806396
pcb4,18bb01bf7702c211e846338c,1,brightness_0.9,43.42934036254883,3.3183412551879883,0.0001156147503077131,False,0.24149322509765625,True,0.40316319465637207
pcb4,18bb01bf7702c211e846338c,1,brightness_1.1,44.601863861083984,4.796932220458984,0.0016724118304127268,False,0.24879837036132812,False,0.5947914123535156
pcb4,18bb01bf7702c211e846338c,1,contrast_0.9,43.39780807495117,3.4963419437408447,0.0,False,0.3119163513183594,True,0.4703257083892822
pcb4,18bb01bf7702c211e846338c,1,contrast_1.1,44.5493049621582,4.698697090148926,0.0028054363834283153,False,0.22552108764648438,False,0.6306934356689453
pcb4,18f0fd2d3dbdc60d5f3513d9,1,identity,62.835689544677734,6.616550922393799,0.0,True,19.528152465820312,True,3.45509672164917
pcb4,18f0fd2d3dbdc60d5f3513d9,1,brightness_0.9,62.720428466796875,5.952939510345459,0.00020165880486364574,True,19.428287506103516,True,3.4212000370025635
pcb4,18f0fd2d3dbdc60d5f3513d9,1,brightness_1.1,63.30068588256836,7.276518821716309,0.0031980818623579717,True,19.811607360839844,True,3.381302833557129
pcb4,18f0fd2d3dbdc60d5f3513d9,1,contrast_0.9,62.6644287109375,6.115252494812012,0.0,True,19.321701049804688,True,3.4532063007354736
pcb4,18f0fd2d3dbdc60d5f3513d9,1,contrast_1.1,63.309043884277344,7.161334037780762,0.004503639196601994,True,19.78741455078125,True,3.3846559524536133
pcb4,190a2a3d2a2b8ee2288dcdb1,1,identity,51.08087158203125,6.097198486328125,0.0,False,4.711799621582031,False,1.0278573036193848
pcb4,190a2a3d2a2b8ee2288dcdb1,1,brightness_0.9,50.63965606689453,5.335463523864746,7.314856317545695e-05,False,4.564552307128906,False,0.9384582042694092
pcb4,190a2a3d2a2b8ee2288dcdb1,1,brightness_1.1,51.789859771728516,6.818729877471924,0.0020966290296187203,False,4.9329376220703125,False,0.8778572082519531
pcb4,190a2a3d2a2b8ee2288dcdb1,1,contrast_0.9,50.68096160888672,5.487295150756836,0.0,False,4.781932830810547,False,0.9733271598815918
pcb4,190a2a3d2a2b8ee2288dcdb1,1,contrast_1.1,51.62276077270508,6.657890319824219,0.0026662540109424916,False,4.705039978027344,False,0.9001293182373047
pcb4,195faf93735335e019e6e7d4,0,identity,31.68106460571289,0.45577555894851685,0.0,,,,
pcb4,195faf93735335e019e6e7d4,0,brightness_0.9,31.543447494506836,-0.36834174394607544,2.8236679402076084e-05,,,,
pcb4,195faf93735335e019e6e7d4,0,brightness_1.1,32.43614196777344,1.327203392982483,0.003955803148990061,,,,
pcb4,195faf93735335e019e6e7d4,0,contrast_0.9,31.376224517822266,-0.16874273121356964,0.0,,,,
pcb4,195faf93735335e019e6e7d4,0,contrast_1.1,32.285892486572266,1.0427734851837158,0.0036656545929293575,,,,
pcb4,19beac86001ba6a35484fd4e,1,identity,50.588565826416016,5.797810077667236,0.0,True,2.6683921813964844,True,1.0242328643798828
pcb4,19beac86001ba6a35484fd4e,1,brightness_0.9,50.38438415527344,4.989300727844238,7.937397280741073e-05,True,2.6359596252441406,True,0.9832010269165039
pcb4,19beac86001ba6a35484fd4e,1,brightness_1.1,51.21446228027344,6.481956481933594,0.0011690429944576067,True,3.1470413208007812,True,1.275618553161621
pcb4,19beac86001ba6a35484fd4e,1,contrast_0.9,50.4321174621582,5.163476467132568,0.0,True,2.8182907104492188,True,1.0478334426879883
pcb4,19beac86001ba6a35484fd4e,1,contrast_1.1,51.05726623535156,6.3852152824401855,0.0015485706459485034,True,3.0618438720703125,True,1.2316055297851562
pcb4,1d4aee12b481c5e7a7512cba,0,identity,33.506561279296875,0.05427312105894089,0.0,,,,
pcb4,1d4aee12b481c5e7a7512cba,0,brightness_0.9,33.33473205566406,-0.4485163390636444,0.00031282683400567755,,,,
pcb4,1d4aee12b481c5e7a7512cba,0,brightness_1.1,33.71728515625,0.48356392979621887,0.0012759866384922413,,,,
pcb4,1d4aee12b481c5e7a7512cba,0,contrast_0.9,33.15496063232422,-0.38102060556411743,0.0,,,,
pcb4,1d4aee12b481c5e7a7512cba,0,contrast_1.1,33.918540954589844,0.5121892690658569,0.003586947628296799,,,,
pcb4,20d45b89ee36b1a07888cdac,0,identity,31.05392837524414,-0.25797244906425476,0.0,,,,
pcb4,20d45b89ee36b1a07888cdac,0,brightness_0.9,30.747323989868164,-0.8398123383522034,0.0001156147503077131,,,,
pcb4,20d45b89ee36b1a07888cdac,0,brightness_1.1,31.49123191833496,0.16592825949192047,0.0027374015495933916,,,,
pcb4,20d45b89ee36b1a07888cdac,0,contrast_0.9,31.092987060546875,-0.6604501605033875,0.0,,,,
pcb4,20d45b89ee36b1a07888cdac,0,contrast_1.1,31.349746704101562,0.06106387823820114,0.003552707875321053,,,,
pcb4,24862581b903415889830797,0,identity,34.83916091918945,2.32330060005188,0.0,,,,
pcb4,24862581b903415889830797,0,brightness_0.9,35.14481735229492,1.7843246459960938,0.0002672479420574445,,,,
pcb4,24862581b903415889830797,0,brightness_1.1,35.01022720336914,2.797896385192871,0.0026495788065711867,,,,
pcb4,24862581b903415889830797,0,contrast_0.9,35.214595794677734,1.9313017129898071,0.0,,,,
pcb4,24862581b903415889830797,0,contrast_1.1,35.011199951171875,2.7038512229919434,0.005229344090841177,,,,
pcb4,26756bddb7f30592556632f0,0,identity,30.43856430053711,0.09220989793539047,0.0,,,,
pcb4,26756bddb7f30592556632f0,0,brightness_0.9,30.522520065307617,-0.3758838176727295,0.0002001024524556573,,,,
pcb4,26756bddb7f30592556632f0,0,brightness_1.1,30.370420455932617,0.6877482533454895,0.0016446198231272189,,,,
pcb4,26756bddb7f30592556632f0,0,contrast_0.9,30.406986236572266,-0.3666316270828247,0.0,,,,
pcb4,26756bddb7f30592556632f0,0,contrast_1.1,30.40340805053711,0.5556679368019104,0.004364901496232738,,,,
pcb4,2be0489928254ac7aec80f5c,0,identity,32.76645278930664,0.3898976147174835,0.0,,,,
pcb4,2be0489928254ac7aec80f5c,0,brightness_0.9,32.623165130615234,0.16022305190563202,0.0002245594188669043,,,,
pcb4,2be0489928254ac7aec80f5c,0,brightness_1.1,32.751564025878906,0.9036645293235779,0.001529672080994358,,,,
pcb4,2be0489928254ac7aec80f5c,0,contrast_0.9,32.654205322265625,0.24212796986103058,0.0,,,,
pcb4,2be0489928254ac7aec80f5c,0,contrast_1.1,33.018394470214844,0.7435605525970459,0.003334373866086103,,,,
pcb4,3075ee08fc7769d799405b7b,0,identity,30.362598419189453,0.005101970862597227,0.0,,,,
pcb4,3075ee08fc7769d799405b7b,0,brightness_0.9,29.745807647705078,-0.3315592408180237,8.893442331362547e-06,,,,
pcb4,3075ee08fc7769d799405b7b,0,brightness_1.1,31.4400634765625,0.8040134906768799,0.015294497449360739,,,,
pcb4,3075ee08fc7769d799405b7b,0,contrast_0.9,29.93873405456543,-0.1828889697790146,0.0,,,,
pcb4,3075ee08fc7769d799405b7b,0,contrast_1.1,31.09356117248535,0.6423041820526123,0.00936746280762417,,,,
pcb4,338cb4d6755dfb5303de9f54,0,identity,29.559307098388672,-0.291690468788147,0.0,,,,
pcb4,338cb4d6755dfb5303de9f54,0,brightness_0.9,29.525239944458008,-1.0111310482025146,8.893442331362547e-06,,,,
pcb4,338cb4d6755dfb5303de9f54,0,brightness_1.1,29.62314224243164,0.5528822541236877,0.010100282455728445,,,,
pcb4,338cb4d6755dfb5303de9f54,0,contrast_0.9,29.3679141998291,-0.8581349849700928,0.0,,,,
pcb4,338cb4d6755dfb5303de9f54,0,contrast_1.1,29.798654556274414,0.31433776021003723,0.005856331775202237,,,,
pcb4,342efc669ebd5e9a3eed1119,0,identity,29.60803985595703,-0.4609372019767761,0.0,,,,
pcb4,342efc669ebd5e9a3eed1119,0,brightness_0.9,29.567344665527344,-1.1366493701934814,0.00014607479029262984,,,,
pcb4,342efc669ebd5e9a3eed1119,0,brightness_1.1,29.661235809326172,0.13001404702663422,0.0021119702176403206,,,,
pcb4,342efc669ebd5e9a3eed1119,0,contrast_0.9,29.70614242553711,-1.0133920907974243,0.0,,,,
pcb4,342efc669ebd5e9a3eed1119,0,contrast_1.1,29.661468505859375,0.039698027074337006,0.003883321593989456,,,,
pipe_fryum,013f6d6986ec962ab26302b8,1,identity,57.993431091308594,5.292773723602295,0.0,True,9.613445281982422,True,4.473811149597168
pipe_fryum,013f6d6986ec962ab26302b8,1,brightness_0.9,58.63373947143555,4.632170677185059,3.5773008043371997e-05,True,10.14974594116211,True,4.295713901519775
pipe_fryum,013f6d6986ec962ab26302b8,1,brightness_1.1,58.04744338989258,5.912450790405273,2.8885037550548817e-05,True,9.70599365234375,True,4.7428741455078125
pipe_fryum,013f6d6986ec962ab26302b8,1,contrast_0.9,58.38633728027344,4.7703938484191895,0.0,True,9.808101654052734,True,4.23378849029541
pipe_fryum,013f6d6986ec962ab26302b8,1,contrast_1.1,58.22003173828125,5.812545299530029,0.0004952672976936409,True,9.851127624511719,True,4.852760314941406
pipe_fryum,0210f72d93f7dd0646bb9287,0,identity,30.444252014160156,-0.8575456142425537,0.0,,,,
pipe_fryum,0210f72d93f7dd0646bb9287,0,brightness_0.9,31.046201705932617,-1.4661182165145874,2.844065235746345e-05,,,,
pipe_fryum,0210f72d93f7dd0646bb9287,0,brightness_1.1,30.786293029785156,-0.3365623652935028,0.0,,,,
pipe_fryum,0210f72d93f7dd0646bb9287,0,contrast_0.9,30.982955932617188,-1.3908604383468628,0.0,,,,
pipe_fryum,0210f72d93f7dd0646bb9287,0,contrast_1.1,30.747142791748047,-0.4168708622455597,0.00013242678753943918,,,,
pipe_fryum,0449c1a215feb95ea376c73c,1,identity,54.14228439331055,4.815187454223633,0.0,True,9.685230255126953,True,4.0542521476745605
pipe_fryum,0449c1a215feb95ea376c73c,1,brightness_0.9,54.597442626953125,4.467143535614014,1.4442518775274408e-05,True,9.967269897460938,True,4.110144138336182
pipe_fryum,0449c1a215feb95ea376c73c,1,brightness_1.1,54.22576904296875,5.18615198135376,0.0,True,9.594303131103516,True,4.141751289367676
pipe_fryum,0449c1a215feb95ea376c73c,1,contrast_0.9,54.38720703125,4.498167514801025,0.0,True,9.963211059570312,True,4.076929092407227
pipe_fryum,0449c1a215feb95ea376c73c,1,contrast_1.1,54.40459060668945,5.164791107177734,5.843665289072568e-05,True,9.629505157470703,True,4.133305072784424
pipe_fryum,057a07d881ec15a46279132e,1,identity,48.9578742980957,6.451483726501465,0.0,True,4.2871856689453125,True,2.8142364025115967
pipe_fryum,057a07d881ec15a46279132e,1,brightness_0.9,47.863990783691406,5.675288200378418,1.5553481757987823e-05,True,3.9687538146972656,True,2.5059449672698975
pipe_fryum,057a07d881ec15a46279132e,1,brightness_1.1,47.9724006652832,6.540943145751953,0.00012176154290539039,True,4.075061798095703,True,2.6643903255462646
pipe_fryum,057a07d881ec15a46279132e,1,contrast_0.9,47.86239242553711,5.755767822265625,0.0,True,3.9991302490234375,True,2.5607895851135254
pipe_fryum,057a07d881ec15a46279132e,1,contrast_1.1,48.60708999633789,6.638195514678955,0.0001784206550237746,True,4.203876495361328,True,2.717491388320923
pipe_fryum,0b7d763512126c93322f8af2,1,identity,43.73297119140625,3.7913029193878174,0.0,True,3.5472793579101562,True,2.1125102043151855
pipe_fryum,0b7d763512126c93322f8af2,1,brightness_0.9,43.69952392578125,3.2630116939544678,1.5553481757987823e-05,True,3.4793357849121094,True,2.0113368034362793
pipe_fryum,0b7d763512126c93322f8af2,1,brightness_1.1,44.40581130981445,4.3778300285339355,4.22165933431098e-06,True,3.713268280029297,True,2.312927007675171
pipe_fryum,0b7d763512126c93322f8af2,1,contrast_0.9,43.6441535949707,3.3306868076324463,0.0,True,3.449901580810547,True,2.021514892578125
pipe_fryum,0b7d763512126c93322f8af2,1,contrast_1.1,44.43592071533203,4.3302154541015625,8.754388303781718e-05,True,3.7352371215820312,True,2.3059420585632324
pipe_fryum,0c4d03db8dfde3f3032d7099,1,identity,54.84640121459961,6.246645927429199,0.0,False,3.303203582763672,True,2.2521259784698486
pipe_fryum,0c4d03db8dfde3f3032d7099,1,brightness_0.9,55.00041580200195,5.696112632751465,1.533128916144514e-05,False,3.3477096557617188,True,2.178025007247925
pipe_fryum,0c4d03db8dfde3f3032d7099,1,brightness_1.1,55.17974853515625,6.823824405670166,4.88823712393903e-06,False,3.340625762939453,True,2.382697582244873
pipe_fryum,0c4d03db8dfde3f3032d7099,1,contrast_0.9,54.941104888916016,5.770404815673828,0.0,False,3.3213272094726562,True,2.1757023334503174
pipe_fryum,0c4d03db8dfde3f3032d7099,1,contrast_1.1,55.263641357421875,6.759927749633789,5.843665289072568e-05,False,3.379138946533203,True,2.3695459365844727
pipe_fryum,0e95fade7a72558185234da3,0,identity,28.85346221923828,-0.05954865366220474,0.0,,,,
pipe_fryum,0e95fade7a72558185234da3,0,brightness_0.9,29.15753746032715,-0.6461970806121826,2.1108296671554905e-05,,,,
pipe_fryum,0e95fade7a72558185234da3,0,brightness_1.1,29.423410415649414,0.4839230477809906,2.221925965426832e-07,,,,
pipe_fryum,0e95fade7a72558185234da3,0,contrast_0.9,29.193105697631836,-0.5168421864509583,0.0,,,,
pipe_fryum,0e95fade7a72558185234da3,0,contrast_1.1,29.11188316345215,0.42535606026649475,8.976580900324401e-05,,,,
pipe_fryum,12ef41b8576c7c4e0df76fb2,1,identity,48.744606018066406,5.8637919425964355,0.0,True,3.8050193786621094,True,2.1229991912841797
pipe_fryum,12ef41b8576c7c4e0df76fb2,1,brightness_0.9,48.262237548828125,5.283939838409424,2.0441718881926853e-05,True,3.646282196044922,True,1.9768435955047607
pipe_fryum,12ef41b8576c7c4e0df76fb2,1,brightness_1.1,48.48680877685547,6.065858364105225,0.00011820646136070746,True,4.048564910888672,True,2.159318208694458
pipe_fryum,12ef41b8576c7c4e0df76fb2,1,contrast_0.9,48.03952407836914,5.285019874572754,0.0,True,3.6348915100097656,True,1.9537017345428467
pipe_fryum,12ef41b8576c7c4e0df76fb2,1,contrast_1.1,49.12891387939453,6.181843280792236,0.0002512998266897747,True,4.12371826171875,True,2.2240116596221924
pipe_fryum,1a8ba50ac8a59956b346085d,1,identity,67.22393798828125,7.047346591949463,0.0,True,8.545783996582031,False,3.8367600440979004
pipe_fryum,1a8ba50ac8a59956b346085d,1,brightness_0.9,67.87035369873047,6.342625617980957,3.399546727103053e-05,True,8.826194763183594,False,3.4034948348999023
pipe_fryum,1a8ba50ac8a59956b346085d,1,brightness_1.1,67.00932312011719,7.4885711669921875,1.110962982713416e-06,True,8.27132797241211,False,3.9880130290985107
pipe_fryum,1a8ba50ac8a59956b346085d,1,contrast_0.9,67.94245910644531,6.458644866943359,0.0,True,8.852218627929688,False,3.493730306625366
pipe_fryum,1a8ba50ac8a59956b346085d,1,contrast_1.1,66.94808959960938,7.386882781982422,0.00012398346887081723,True,8.220134735107422,False,3.937687635421753
pipe_fryum,1db692405f0bc9bd4f076f2b,0,identity,35.65116500854492,2.0886330604553223,0.0,,,,
pipe_fryum,1db692405f0bc9bd4f076f2b,0,brightness_0.9,35.750999450683594,1.5296406745910645,2.7551881971292715e-05,,,,
pipe_fryum,1db692405f0bc9bd4f076f2b,0,brightness_1.1,35.82339096069336,2.4887783527374268,4.443851930853664e-07,,,,
pipe_fryum,1db692405f0bc9bd4f076f2b,0,contrast_0.9,35.68246078491211,1.6074438095092773,0.0,,,,
pipe_fryum,1db692405f0bc9bd4f076f2b,0,contrast_1.1,35.90853500366211,2.46281099319458,0.00016886637337243924,,,,
pipe_fryum,1f768d6f038138aeb90761ef,1,identity,42.511619567871094,2.4696457386016846,0.0,False,-2.149688720703125,False,-0.18748831748962402
pipe_fryum,1f768d6f038138aeb90761ef,1,brightness_0.9,42.651004791259766,1.8684351444244385,2.4663378216237836e-05,False,-2.2028770446777344,False,-0.2163478136062622
pipe_fryum,1f768d6f038138aeb90761ef,1,brightness_1.1,42.89145278930664,3.0570127964019775,6.665777896280496e-07,False,-2.1467056274414062,False,-0.10458755493164062
pipe_fryum,1f768d6f038138aeb90761ef,1,contrast_0.9,42.62321090698242,1.9703481197357178,0.0,False,-2.182697296142578,False,-0.20217907428741455
pipe_fryum,1f768d6f038138aeb90761ef,1,contrast_1.1,42.84328079223633,2.9591643810272217,0.0001110962982713416,False,-2.1070327758789062,False,-0.07913827896118164
pipe_fryum,24988ee82878247416514fff,1,identity,58.736839294433594,6.688623428344727,0.0,True,9.179759979248047,True,4.602778434753418
pipe_fryum,24988ee82878247416514fff,1,brightness_0.9,58.54213333129883,6.166687965393066,1.688663733724392e-05,True,9.31488037109375,True,4.437496185302734
pipe_fryum,24988ee82878247416514fff,1,brightness_1.1,59.2851676940918,7.152489185333252,0.0,True,9.025981903076172,True,4.6844682693481445
pipe_fryum,24988ee82878247416514fff,1,contrast_0.9,58.41920471191406,6.19224739074707,0.0,True,9.310867309570312,True,4.454965591430664
pipe_fryum,24988ee82878247416514fff,1,contrast_1.1,59.302711486816406,7.118509769439697,6.732435675243301e-05,True,9.055557250976562,True,4.690244674682617
pipe_fryum,259ee2c9ef0f9a9c45b411f3,1,identity,44.944549560546875,3.2813477516174316,0.0,False,4.219303131103516,False,2.187687873840332
pipe_fryum,259ee2c9ef0f9a9c45b411f3,1,brightness_0.9,44.786399841308594,2.755030632019043,1.7108829933786608e-05,False,4.389350891113281,False,2.043663501739502
pipe_fryum,259ee2c9ef0f9a9c45b411f3,1,brightness_1.1,44.50010299682617,3.6908352375030518,8.887703861707328e-07,False,3.9792137145996094,False,2.2864696979522705
pipe_fryum,259ee2c9ef0f9a9c45b411f3,1,contrast_0.9,44.708927154541016,2.806084156036377,0.0,False,4.382957458496094,False,2.0590596199035645
pipe_fryum,259ee2c9ef0f9a9c45b411f3,1,contrast_1.1,44.5931396484375,3.6408584117889404,7.376794205217082e-05,False,3.9880027770996094,False,2.2697298526763916
pipe_fryum,2621de051ab80ad359cae9c9,0,identity,32.8104248046875,1.279689073562622,0.0,,,,
pipe_fryum,2621de051ab80ad359cae9c9,0,brightness_0.9,33.290321350097656,0.7730113863945007,3.4217659867573216e-05,,,,
pipe_fryum,2621de051ab80ad359cae9c9,0,brightness_1.1,33.02716827392578,1.7355339527130127,2.444118561969515e-06,,,,
pipe_fryum,2621de051ab80ad359cae9c9,0,contrast_0.9,33.108642578125,0.8593647480010986,0.0,,,,
pipe_fryum,2621de051ab80ad359cae9c9,0,contrast_1.1,33.24198532104492,1.6944531202316284,0.00016508909923121362,,,,
pipe_fryum,286a5cf7bc56b96370507bdf,0,identity,32.8544807434082,0.5001310706138611,0.0,,,,
pipe_fryum,286a5cf7bc56b96370507bdf,0,brightness_0.9,32.69533920288086,-0.41810140013694763,2.7329689374750032e-05,,,,
pipe_fryum,286a5cf7bc56b96370507bdf,0,brightness_1.1,33.89350891113281,1.1324797868728638,4.443851930853664e-07,,,,
pipe_fryum,286a5cf7bc56b96370507bdf,0,contrast_0.9,32.31010055541992,-0.25944072008132935,0.0,,,,
pipe_fryum,286a5cf7bc56b96370507bdf,0,contrast_1.1,33.30329895019531,0.9988628029823303,0.00014486957294582945,,,,
pipe_fryum,2b2db9e826f5daf3cb3071ea,1,identity,70.05664825439453,8.134332656860352,0.0,True,7.8885650634765625,True,3.5007996559143066
pipe_fryum,2b2db9e826f5daf3cb3071ea,1,brightness_0.9,70.14167785644531,7.579870700836182,2.9551615340176866e-05,True,8.020751953125,True,3.376193046569824
pipe_fryum,2b2db9e826f5daf3cb3071ea,1,brightness_1.1,70.38270568847656,8.728302001953125,0.0,True,7.9866180419921875,True,3.692561626434326
pipe_fryum,2b2db9e826f5daf3cb3071ea,1,contrast_0.9,70.11370086669922,7.669282913208008,0.0,True,7.982540130615234,True,3.3866777420043945
pipe_fryum,2b2db9e826f5daf3cb3071ea,1,contrast_1.1,70.38562774658203,8.642125129699707,0.00012531662445007332,True,8.01669692993164,True,3.682384967803955
pipe_fryum,2b648c40bebad7995a5ad986,1,identity,66.3519058227539,6.620621681213379,0.0,True,9.312042236328125,True,3.6809778213500977
pipe_fryum,2b648c40bebad7995a5ad986,1,brightness_0.9,66.39108276367188,6.052635669708252,1.688663733724392e-05,True,9.522071838378906,True,3.413835287094116
pipe_fryum,2b648c40bebad7995a5ad986,1,brightness_1.1,66.7509994506836,7.155269622802734,0.0,True,9.359962463378906,True,3.830866813659668
pipe_fryum,2b648c40bebad7995a5ad986,1,contrast_0.9,66.46782684326172,6.16959285736084,0.0,True,9.554969787597656,True,3.457751750946045
pipe_fryum,2b648c40bebad7995a5ad986,1,contrast_1.1,66.6161880493164,7.0683674812316895,7.710083100031107e-05,True,9.27634048461914,True,3.7747867107391357
pipe_fryum,2c860b0347ffe5e1fefae507,0,identity,30.535804748535156,0.4561961591243744,0.0,,,,
pipe_fryum,2c860b0347ffe5e1fefae507,0,brightness_0.9,31.04895782470703,-0.15271084010601044,3.3106696884859794e-05,,,,
pipe_fryum,2c860b0347ffe5e1fefae507,0,brightness_1.1,31.49736785888672,1.2377667427062988,0.0,,,,
pipe_fryum,2c860b0347ffe5e1fefae507,0,contrast_0.9,32.3592414855957,-0.06018442660570145,0.0,,,,
pipe_fryum,2c860b0347ffe5e1fefae507,0,contrast_1.1,31.51152992248535,1.2135419845581055,0.00015975647691418923,,,,
pipe_fryum,2f443362a5d61cfe6f160d0f,0,identity,28.706789016723633,-0.4188450872898102,0.0,,,,
pipe_fryum,2f443362a5d61cfe6f160d0f,0,brightness_0.9,28.85809326171875,-0.681506872177124,3.0884770919432964e-05,,,,
pipe_fryum,2f443362a5d61cfe6f160d0f,0,brightness_1.1,30.142532348632812,0.07666518539190292,0.0,,,,
pipe_fryum,2f443362a5d61cfe6f160d0f,0,contrast_0.9,30.108373641967773,-0.6823780536651611,0.0,,,,
pipe_fryum,2f443362a5d61cfe6f160d0f,0,contrast_1.1,29.01905059814453,0.02203979343175888,0.00020397280362618317,,,,
pipe_fryum,308a5df6dd48db5b057d2ee5,1,identity,41.55345916748047,3.476513385772705,0.0,True,5.180294036865234,True,2.6222939491271973
pipe_fryum,308a5df6dd48db5b057d2ee5,1,brightness_0.9,41.46231460571289,2.8157832622528076,1.9775141092298804e-05,True,5.332233428955078,True,2.495518445968628
pipe_fryum,308a5df6dd48db5b057d2ee5,1,brightness_1.1,41.78899002075195,3.986199140548706,2.221925965426832e-07,True,5.268589019775391,True,2.827202320098877
pipe_fryum,308a5df6dd48db5b057d2ee5,1,contrast_0.9,41.4711799621582,2.9273509979248047,0.0,True,5.270046234130859,True,2.5104575157165527
pipe_fryum,308a5df6dd48db5b057d2ee5,1,contrast_1.1,41.696014404296875,3.9132320880889893,9.954228325112208e-05,True,5.220096588134766,True,2.7800440788269043
pipe_fryum,33b64b0c0133325b4ea95503,1,identity,46.47329330444336,4.73874044418335,0.0,True,5.326663970947266,True,1.719836950302124
pipe_fryum,33b64b0c0133325b4ea95503,1,brightness_0.9,46.69451141357422,4.107162952423096,2.155268186464027e-05,True,5.394832611083984,True,1.8304026126861572
pipe_fryum,33b64b0c0133325b4ea95503,1,brightness_1.1,46.773101806640625,5.230935096740723,7.776740878993912e-06,True,5.381290435791016,True,1.7031691074371338
pipe_fryum,33b64b0c0133325b4ea95503,1,contrast_0.9,46.599361419677734,4.178553581237793,0.0,True,5.424762725830078,True,1.7784521579742432
pipe_fryum,33b64b0c0133325b4ea95503,1,contrast_1.1,46.68252182006836,5.14396858215332,8.909923121361596e-05,True,5.401721954345703,True,1.6593005657196045
pipe_fryum,360090d515946477b25a2eba,1,identity,53.65806198120117,5.320500373840332,0.0,True,5.258998870849609,True,3.0168120861053467
pipe_fryum,360090d515946477b25a2eba,1,brightness_0.9,53.32216262817383,4.730261325836182,2.0441718881926853e-05,True,4.962368011474609,True,2.7162795066833496
pipe_fryum,360090d515946477b25a2eba,1,brightness_1.1,54.275360107421875,5.9243645668029785,0.0,True,5.231964111328125,True,3.151416301727295
pipe_fryum,360090d515946477b25a2eba,1,contrast_0.9,53.27884292602539,4.8205766677856445,0.0,True,4.929157257080078,True,2.7377383708953857
pipe_fryum,360090d515946477b25a2eba,1,contrast_1.1,54.35106658935547,5.861005783081055,8.421099408967693e-05,True,5.271633148193359,True,3.145941972732544
pipe_fryum,3afdd642de1032072466be7d,0,identity,40.36111068725586,0.8595200777053833,0.0,,,,
pipe_fryum,3afdd642de1032072466be7d,0,brightness_0.9,40.25062942504883,0.37599125504493713,3.666177842954273e-05,,,,
pipe_fryum,3afdd642de1032072466be7d,0,brightness_1.1,40.492401123046875,1.3963481187820435,4.443851930853664e-07,,,,
pipe_fryum,3afdd642de1032072466be7d,0,contrast_0.9,40.22698211669922,0.4463171660900116,0.0,,,,
pipe_fryum,3afdd642de1032072466be7d,0,contrast_1.1,40.58320617675781,1.3659448623657227,0.00020663911478469536,,,,
pipe_fryum,3bd90d4365f1e8cd9f5a7f7c,1,identity,59.54259490966797,8.277044296264648,0.0,False,4.95660400390625,True,3.4859251976013184
pipe_fryum,3bd90d4365f1e8cd9f5a7f7c,1,brightness_0.9,59.23910903930664,7.614582061767578,1.6220059547615872e-05,False,4.850070953369141,True,3.1899805068969727
pipe_fryum,3bd90d4365f1e8cd9f5a7f7c,1,brightness_1.1,60.26784896850586,9.027290344238281,4.443851930853664e-07,False,5.04058837890625,True,3.8594770431518555
pipe_fryum,3bd90d4365f1e8cd9f5a7f7c,1,contrast_0.9,59.32002258300781,7.704496383666992,0.0,False,4.805046081542969,True,3.1891770362854004
pipe_fryum,3bd90d4365f1e8cd9f5a7f7c,1,contrast_1.1,60.3624153137207,8.955060958862305,6.976847531440253e-05,False,4.946758270263672,True,3.7675442695617676
pipe_fryum,4954fadf0e288712cf3d27df,0,identity,31.482200622558594,-0.4342914819717407,0.0,,,,
pipe_fryum,4954fadf0e288712cf3d27df,0,brightness_0.9,31.308696746826172,-0.8991692066192627,2.1774874461182954e-05,,,,
pipe_fryum,4954fadf0e288712cf3d27df,0,brightness_1.1,31.900957107543945,0.0175282284617424,0.0,,,,
pipe_fryum,4954fadf0e288712cf3d27df,0,contrast_0.9,31.125173568725586,-1.0419398546218872,0.0,,,,
pipe_fryum,4954fadf0e288712cf3d27df,0,contrast_1.1,31.35638427734375,0.2120506763458252,0.00012176154290539039,,,,
pipe_fryum,4fb3fbbd45514de26c77479a,0,identity,30.5524959564209,-0.49328210949897766,0.0,,,,
pipe_fryum,4fb3fbbd45514de26c77479a,0,brightness_0.9,30.63673973083496,-0.9334609508514404,2.0663911478469536e-05,,,,
pipe_fryum,4fb3fbbd45514de26c77479a,0,brightness_1.1,30.56519317626953,0.12590792775154114,0.0,,,,
pipe_fryum,4fb3fbbd45514de26c77479a,0,contrast_0.9,31.37517738342285,-0.8978381156921387,0.0,,,,
pipe_fryum,4fb3fbbd45514de26c77479a,0,contrast_1.1,30.921573638916016,0.0003991657868027687,7.798960138648181e-05,,,,
pipe_fryum,4fdfcc645e1d4d56e8cc393e,0,identity,29.126544952392578,-0.2700367271900177,0.0,,,,
pipe_fryum,4fdfcc645e1d4d56e8cc393e,0,brightness_0.9,29.20667266845703,-0.8480886220932007,2.64409189885793e-05,,,,
pipe_fryum,4fdfcc645e1d4d56e8cc393e,0,brightness_1.1,29.70033836364746,0.22595840692520142,0.0,,,,
pipe_fryum,4fdfcc645e1d4d56e8cc393e,0,contrast_0.9,29.33640480041504,-0.7867094874382019,0.0,,,,
pipe_fryum,4fdfcc645e1d4d56e8cc393e,0,contrast_1.1,30.942508697509766,0.14448055624961853,0.00011976180953650624,,,,
pipe_fryum,55db29d7f7fadddad71325f1,0,identity,32.0072021484375,1.3414511680603027,0.0,,,,
pipe_fryum,55db29d7f7fadddad71325f1,0,brightness_0.9,32.67200469970703,1.035020351409912,2.799626716437808e-05,,,,
pipe_fryum,55db29d7f7fadddad71325f1,0,brightness_1.1,31.82628059387207,1.6137044429779053,0.0,,,,
pipe_fryum,55db29d7f7fadddad71325f1,0,contrast_0.9,32.691612243652344,1.1023352146148682,0.0,,,,
pipe_fryum,55db29d7f7fadddad71325f1,0,contrast_1.1,31.874109268188477,1.5984599590301514,0.00012753855041550016,,,,
pipe_fryum,56bf310390cf892ac734dea7,0,identity,36.99262619018555,2.353036403656006,0.0,,,,
pipe_fryum,56bf310390cf892ac734dea7,0,brightness_0.9,36.808250427246094,1.7535984516143799,2.3330222636981735e-05,,,,
pipe_fryum,56bf310390cf892ac734dea7,0,brightness_1.1,37.608097076416016,2.805943250656128,8.887703861707328e-07,,,,
pipe_fryum,56bf310390cf892ac734dea7,0,contrast_0.9,37.119754791259766,1.9218692779541016,0.0,,,,
pipe_fryum,56bf310390cf892ac734dea7,0,contrast_1.1,37.38810348510742,2.774238109588623,0.00011065191307825623,,,,
pipe_fryum,5b78614f133956f6be42d70c,0,identity,32.61357879638672,0.36839795112609863,0.0,,,,
pipe_fryum,5b78614f133956f6be42d70c,0,brightness_0.9,33.15549087524414,-0.040530867874622345,2.1108296671554905e-05,,,,
pipe_fryum,5b78614f133956f6be42d70c,0,brightness_1.1,33.011592864990234,0.8055309057235718,0.0,,,,
pipe_fryum,5b78614f133956f6be42d70c,0,contrast_0.9,33.126495361328125,0.03130146116018295,0.0,,,,
pipe_fryum,5b78614f133956f6be42d70c,0,contrast_1.1,32.85811996459961,0.7375640273094177,7.665644580722571e-05,,,,
pipe_fryum,5cb93b9c88f1b3ec40b49a62,0,identity,31.72707748413086,-0.7772847414016724,0.0,,,,
pipe_fryum,5cb93b9c88f1b3ec40b49a62,0,brightness_0.9,32.18035125732422,-1.1241810321807861,1.6442252144158555e-05,,,,
pipe_fryum,5cb93b9c88f1b3ec40b49a62,0,brightness_1.1,32.977420806884766,-0.20117101073265076,1.7775407723414657e-06,,,,
pipe_fryum,5cb93b9c88f1b3ec40b49a62,0,contrast_0.9,32.24923324584961,-1.1035571098327637,0.0,,,,
pipe_fryum,5cb93b9c88f1b3ec40b49a62,0,contrast_1.1,32.581146240234375,-0.24877911806106567,7.687863840376839e-05,,,,
pipe_fryum,5f864c9d0199d4dc9272ebd7,0,identity,30.75151252746582,0.10511266440153122,0.0,,,,
pipe_fryum,5f864c9d0199d4dc9272ebd7,0,brightness_0.9,31.547409057617188,-0.6394221782684326,2.799626716437808e-05,,,,
pipe_fryum,5f864c9d0199d4dc9272ebd7,0,brightness_1.1,30.819711685180664,0.6457659006118774,0.0,,,,
pipe_fryum,5f864c9d0199d4dc9272ebd7,0,contrast_0.9,31.151622772216797,-0.5338321924209595,0.0,,,,
pipe_fryum,5f864c9d0199d4dc9272ebd7,0,contrast_1.1,31.050155639648438,0.5592888593673706,0.00013509309869795137,,,,
