image_id,category,split,reference_available,encoded_views,matching_reason,tight_area_fraction,context15_area_fraction,context30_area_fraction,tight_text,tight_visual,context15_text,context15_visual,context30_text,context30_visual,tight_text_z,tight_visual_z,context15_text_z,context15_visual_z,context30_text_z,context30_visual_z
01a83a014fad55e405a3e709,pcb1,evaluation,1,9,ok,0.022412599515403253,0.05088665228852145,0.19044652128764278,0.0013153553009033203,0.10922050476074219,-0.0005939602851867676,0.050867319107055664,0.002964794635772705,0.04326361417770386,0.06672527355317893,2.3954667977851165,-0.45978834031161153,0.18837460257620278,1.2311215370330313,1.0443896358496825
026cf1380d0117661cf5f72a,pcb1,evaluation,1,9,ok,0.0458223500279575,0.0861836674920787,0.27493410016774505,0.0010541975498199463,0.027810603380203247,0.0011641085147857666,0.01860719919204712,-0.0009260475635528564,0.031636834144592285,-0.07891606704001043,-0.8452747045341953,0.3377878819151865,-1.4684457889854088,-0.9690943691064374,-0.03650115532868373
028a8ed694f12d95e23a969d,pcb1,calibration,1,9,ok,0.02578746971270336,0.05841121495327103,0.23208722741433022,0.0020149052143096924,0.05376508831977844,0.002286359667778015,0.055493712425231934,-0.0018651783466339111,0.030605971813201904,0.456847285163807,0.18791382767928086,0.8469151896788016,0.4259776495931717,-1.5001594653054873,-0.13233590904375225
04c892b9392b4664c9714d83,pcb1,evaluation,1,9,ok,0.032512580877066856,0.07361810048725936,0.2518511861969806,0.004576385021209717,0.12516719102859497,-0.0012695789337158203,0.04759332537651062,0.001603156328201294,0.03950926661491394,1.8853224172697105,3.030267812604303,-0.7662936200641418,0.02022830960200122,0.46113444702800516,0.6953643944719502
05f2009cb282964f76559f90,pcb1,evaluation,1,9,ok,0.009798439704981761,0.022046489336208962,0.08818595734483585,0.0035961270332336426,0.07832491397857666,-0.0016547739505767822,0.0817480981349945,0.002667829394340515,0.040344417095184326,1.3386563240606286,1.1655841718571036,-0.941043542463853,1.7743545845351039,1.0631919181235545,0.7730046749968812
0602bbc2de6433225c631535,pcb1,evaluation,1,9,ok,0.02129762760603882,0.048240674175253614,0.1916786484543494,0.0027691125869750977,0.06780263781547546,0.004647642374038696,0.04314729571342468,0.0025975406169891357,0.05464664101600647,0.8774504354995188,0.7467164852199244,1.9181491143683738,-0.20811159200702947,1.0234446145761613,2.102619760632109
06168d4eb3d6ca0eac1c2170,pcb1,calibration,1,9,ok,0.027677929547088427,0.06242910775621056,0.24910136592379584,0.0013649612665176392,0.03206944465637207,0.001397162675857544,0.07711946964263916,0.00035133957862854004,0.03035566210746765,0.0943893168508354,-0.6757399987868404,0.44351665508081445,1.5366367430856176,-0.2467501144325459,-0.15560610552981358
074d2027ec2abd34f85d549a,pcb1,evaluation,1,9,ok,0.027584737865111696,0.0621455387810528,0.24826264078600527,-0.0005225688219070435,0.10234692692756653,0.0018768608570098877,0.03953421115875244,0.001748993992805481,0.04740333557128906,-0.9582404111498091,2.12184542525365,0.6611394597961531,-0.39367296569033894,0.5436035714329953,1.4292413935699861
0942c709f38c86da8143257b,pcb1,evaluation,1,9,ok,0.04690869877785766,0.10621055994887771,0.4221782890007189,0.0017088055610656738,0.07088661193847656,0.0009144246578216553,0.044880032539367676,0.000979989767074585,0.03067237138748169,0.2861429362841256,0.869482423551814,0.22451477941114156,-0.11912141732709965,0.10874262291267989,-0.12616303158560907
0951d912da15851a0b6aaf88,pcb1,evaluation,1,9,ok,0.03973360492052081,0.08995327102803738,0.30291956226535666,0.0025805383920669556,0.03414347767829895,0.004633128643035889,0.04225465655326843,-7.361173629760742e-06,0.014575302600860596,0.7722871828915757,-0.5931774999094503,1.9115647265766011,-0.25395589657718237,-0.44959028636234294,-1.6226369793916955
0ad73e30af0aac4eb47a7a15,pcb1,calibration,1,9,ok,0.017573288601325985,0.03977953510663791,0.15815959741193386,-0.00014397501945495605,0.0707484781742096,-0.001068115234375,0.07874709367752075,0.001597285270690918,0.027246534824371338,-0.7471078343809422,0.8639836351349229,-0.6748963685808113,1.620228518252362,0.45781444753729644,-0.44464804485691745
0ba7be3f67f418fd404fa959,pcb1,evaluation,1,9,ok,0.03245866283249461,0.07360811566419043,0.2022259498895013,-0.0004247128963470459,0.015744686126708984,0.0022368431091308594,0.054297685623168945,0.002049744129180908,0.03457769751548767,-0.9036685360114162,-1.325591203434868,0.8244512054569741,0.36455191404932236,0.7136734945826751,0.2368980254128383
0c33699be9e9a16d7c17ce77,pcb1,evaluation,1,9,ok,0.027677929547088427,0.06260484064222382,0.24910136592379584,-0.000568091869354248,0.07572358846664429,0.002302885055541992,0.03888380527496338,0.0035737156867980957,0.0336320698261261,-0.9836275100606955,1.0620313680260882,0.85441219795506,-0.4270766149604717,1.5754577278663324,0.14898716286935393
0cfdc39ec5c2c0c3efa96db5,pcb1,evaluation,1,9,ok,0.022925153766275262,0.051745347072449877,0.18661634315839923,0.0006010532379150391,0.02626219391822815,-0.00015063583850860596,0.04993602633476257,0.0012020766735076904,0.01928219199180603,-0.3316236539074581,-0.9069133347365673,-0.2586670659861257,0.1405451196197155,0.2343296087236509,-1.1850580982845322
0e3621e82ddde5cd851555ca,pcb1,calibration,1,9,ok,0.02646510637164843,0.060048725936576404,0.23818595734483586,-0.0008530914783477783,0.03529483079910278,0.0034614205360412598,0.06606495380401611,-0.00040096044540405273,0.022894948720932007,-1.1425648762700609,-0.5473447722050806,1.3800004751981063,0.9688971528880458,-0.6721650745541699,-0.8491959362621135
0f39312847933943a54bf25b,pcb1,evaluation,1,9,ok,0.03109007641717922,0.07050882658359293,0.2015736081156642,0.000681459903717041,0.026657968759536743,0.002597212791442871,0.025797784328460693,0.0002340376377105713,0.019720464944839478,-0.2867828075169041,-0.8911584458096388,0.9879387150629554,-1.0991505689844672,-0.31308269308954834,-1.1443137823512048
0f75e3351697bc689f23253e,pcb1,evaluation,1,9,ok,0.018744841174747718,0.04217589264318236,0.16870357057272944,0.0029698461294174194,0.04771369695663452,-0.00157889723777771,0.06428113579750061,0.001448303461074829,0.028603851795196533,0.9893946611717118,-0.05297818674103328,-0.9066208498193915,0.8772835427769847,0.3735673538619014,-0.31846423383641786
0fc47e40a9366777c17ab6aa,pcb1,evaluation,1,9,ok,0.03352104800702931,0.07576217482759538,0.3016894320632638,0.00031957030296325684,0.04082813858985901,0.00042450428009033203,0.03296983242034912,-0.00021696090698242188,0.03450214862823486,-0.48859985633843767,-0.32707647684393254,0.0022545106042670673,-0.730807377477203,-0.5681159534595731,0.22987457641984324
0ffceb74e8687c200a90966f,pcb1,evaluation,1,9,ok,0.02800809436323455,0.0634661980456373,0.24392123971563223,-0.00010342895984649658,0.021046966314315796,0.001215025782585144,0.026757091283798218,0.0021654367446899414,0.024464666843414307,-0.7244962808174327,-1.114519587212391,0.36088732040028565,-1.0498823291404282,0.7790960226178589,-0.7032661209129845
100b650ee3ac76ba262dd5a4,pcb1,evaluation,1,9,ok,0.01382432036637644,0.03128045371036025,0.12441888329738797,0.0044117271900177,0.04495960474014282,-0.001161724328994751,0.04402583837509155,0.0002740621566772461,0.04541575908660889,1.793496740357994,-0.16261228278887382,-0.7173636417922227,-0.16299125765795308,-0.29044939706913314,1.2444651173408636
10e47f65e7b35d8f68040020,pcb1,evaluation,1,9,ok,0.046555901696088614,0.10514018691588785,0.4190031152647975,0.002599358558654785,0.04737532138824463,0.0029138028621673584,0.05810561776161194,-0.0003044307231903076,0.01869988441467285,0.7827827331123448,-0.06644814222871001,1.1315648988658282,0.5601203010632828,-0.617578890034345,-1.2391926820613095
1183a9b18f32e8ae9e6e58c9,pcb1,evaluation,1,9,ok,0.03461937854461219,0.07828900071890726,0.2736161035226456,0.00018610060214996338,0.08898058533668518,-0.0024206340312957764,0.05856037139892578,0.00010272860527038574,0.04472118616104126,-0.5630326697409936,1.5897620153344134,-1.288488301135248,0.5834756110070582,-0.3873360827142314,1.179893716066409
12bd25b4466a71122430d725,pcb1,evaluation,1,9,ok,0.03363221237053013,0.07589730276646164,0.30268991133477113,0.0019312649965286255,0.1273750364780426,0.0006299614906311035,0.052567511796951294,0.002374887466430664,0.024877727031707764,0.4102031652990591,3.118157077391475,0.09546348275309563,0.27569337031867913,0.8975374257686244,-0.6648657252353074
12f646efd6255556716d0553,pcb1,evaluation,1,9,ok,0.028102617354953802,0.05301807918630348,0.16861570412972282,0.002095252275466919,0.047435909509658813,0.004813060164451599,0.041716188192367554,-0.002440154552459717,0.020322531461715698,0.5016548914903206,-0.06403626804283306,1.993193558800064,-0.2816106406668432,-1.8253003291341323,-1.088342296530106
143ad4f5e3aa749de9e19e42,pcb1,calibration,1,9,ok,0.007866043613707165,0.018026599568655644,0.07079439252336449,2.5659799575805664e-05,0.04158085584640503,-0.0011975467205047607,0.0259418785572052,0.0012636929750442505,0.03696945309638977,-0.652506612121849,-0.2971125288298185,-0.733615046567809,-1.091750154568178,0.2691727505867994,0.4592490611066547
158ec1fa780fbe8634c4b6d4,pcb1,calibration,1,9,ok,0.01969206805655404,0.04465013179966451,0.17722861250898633,0.0013635605573654175,0.08404543995857239,-0.0019989311695098877,0.050868600606918335,0.0012976229190826416,0.024756163358688354,0.09360817534588506,1.393305194043475,-1.0971760069800516,0.1884404180508461,0.28835965119680884,-0.6761669672244304
15c07f768a7e2b6b0d183853,pcb1,evaluation,1,9,ok,0.0350027957504593,0.0790079079798706,0.24382937934339804,0.00041015446186065674,0.01530042290687561,0.0004054754972457886,0.030358493328094482,-0.00012981891632080078,0.054181843996047974,-0.43808326901297845,-1.3432763035277688,-0.0063782031637960365,-0.8649209476910764,-0.5188383975670235,2.0594096184251067
16808ca8b77a8d208060d473,pcb1,calibration,1,9,ok,0.026419841840402587,0.059948877705887055,0.2377785765636233,0.00011411309242248535,0.04771220684051514,-0.0009965598583221436,0.025339275598526,0.0006573498249053955,0.020410239696502686,-0.6031783570858354,-0.053037504846932856,-0.6424341199400602,-1.1226987335748717,-0.0737056739726626,-1.0801884462790665
18e98170e8f3ad0b1c8e8318,pcb1,evaluation,1,9,ok,0.016082221689698327,0.03626487738637271,0.14473999520728492,0.0012239813804626465,0.05809342861175537,0.0035448968410491943,0.060129016637802124,0.0015245676040649414,0.027457326650619507,0.015768255379183888,0.3602151298857922,1.4178708452284035,0.6640383437477767,0.4166936416625287,-0.4250516524594997
1912e7e3197ae3b58cf6d6d8,pcb1,evaluation,1,9,ok,0.04093111803392177,0.0924528050696275,0.33016814442048087,0.0031678229570388794,0.07439813017845154,0.006742507219314575,0.08279460668563843,0.0017756819725036621,0.027859866619110107,1.0998015338820344,1.0092679128284114,2.8685182861533254,1.8281013378397553,0.558695244244821,-0.3876292755173364
196ac90dfae9c8cd4a714667,pcb1,evaluation,1,9,ok,0.008175573128844156,0.018691588785046728,0.07358015815959741,0.0014480948448181152,0.11873617768287659,0.002493813633918762,0.058970749378204346,-0.00044026970863342285,0.0772986114025116,0.14075089617123956,2.7742639175250114,0.9410300221603791,0.6045518688172548,-0.6943939036315545,4.208474186628842
19bc45b61a0e261c39a87770,pcb1,evaluation,1,9,ok,0.01895518811406662,0.03575897968421333,0.08773064941289241,-0.00015604496002197266,0.01788508892059326,-0.0009319931268692017,0.02294418215751648,7.972121238708496e-06,0.03859257698059082,-0.7538389473491314,-1.2403866761207105,-0.6131423824639307,-1.2457063250907943,-0.4409195262711265,0.6101437760989582
1a691e974afca341bb5607c6,pcb1,evaluation,1,9,ok,0.04826796602497537,0.10860292355619458,0.3886412652767793,-0.003214314579963684,0.10023143887519836,-0.0048465728759765625,0.13725191354751587,-0.005130887031555176,0.05145701766014099,-2.459361703216095,2.0376326966701335,-2.389054524211371,4.624928402214997,-3.346871263236297,1.8060944541530999
1b996ea8237002b9d4517d4f,pcb1,evaluation,1,9,ok,0.04190430545570732,0.07869238757089224,0.25142583273424396,-2.950429916381836e-06,0.06450748443603516,0.0005455315113067627,0.07779955863952637,-0.0009256899356842041,0.021361052989959717,-0.6684618428612603,0.6155439849199462,0.05716046301163474,1.5715648624195815,-0.9688921356349223,-0.9917955008461222
1d3eb297e517f209f1d7d84c,pcb1,evaluation,1,9,ok,0.016753201799930773,0.037782570492850866,0.15077881619937694,-0.0013985484838485718,0.038111597299575806,-0.004405587911605835,0.04362979531288147,0.001129150390625,0.037467002868652344,-1.4467530123201406,-0.4352157566231037,-2.1889945937085837,-0.18333130050760457,0.1930908333238326,0.5055040831729475
1d4ee84e7ce290fe11f558e6,pcb1,evaluation,1,9,ok,0.040115025161754136,0.0903826184200016,0.3253774263120057,0.004861384630203247,0.05347299575805664,0.007276773452758789,0.06670397520065308,0.0016668736934661865,0.03848236799240112,2.044259783479076,0.1762862925608451,3.110896766529312,1.0017161158485566,0.49716571053630576,0.5998981294022735
1d62807987874e278a9a7270,pcb1,calibration,1,9,ok,0.02649173256649892,0.06010464094576244,0.2384255930984903,0.0012029707431793213,0.06586113572120667,0.002891629934310913,0.04311013221740723,0.0007297992706298828,0.020669758319854736,0.004051132804928667,0.669429738681243,1.1215057930812724,-0.21002024077168563,-0.03273654320153129,-1.0560621370755159
1d7ce9dc0f64e4eb99235fb8,pcb1,evaluation,1,9,ok,0.02196860771627127,0.04978233085709721,0.19771746944644142,0.001529008150100708,0.035361528396606445,-0.0013829022645950317,0.03563931584358215,0.0013144612312316895,0.018276214599609375,0.18587428310613735,-0.5446896937850153,-0.8177045740235153,-0.5937076214254434,0.2978814771473186,-1.2785794082484565
1e0cfbaf46ee391693712876,pcb1,calibration,1,9,ok,0.02096014058630881,0.047160316319194824,0.1886412652767793,0.002718880772590637,0.06759902834892273,-0.0005628764629364014,0.09456247091293335,-0.0002811253070831299,0.017154067754745483,0.8494373715294378,0.7386112592298057,-0.44568666378836985,2.43247718852715,-0.6044000088072677,-1.3829004831728124
1e72799776d6d5ad2db8d170,pcb1,calibration,1,9,ok,0.02035306334371755,0.04462017733045771,0.1348670021567218,0.0020402222871780396,0.024288445711135864,0.003934919834136963,0.028623729944229126,0.003154158592224121,0.0340648889541626,0.47096600236498404,-0.9854837250869156,1.5948110567908809,-0.9540152026564888,1.338204160200357,0.18922446059135278
1e806aaed95c158c28fb5086,pcb1,evaluation,1,9,ok,0.025083872513779054,0.05679567058071731,0.19908339324227176,-0.00015234947204589844,0.08789867162704468,0.004144877195358276,0.0617925226688385,0.0006656348705291748,0.027234137058258057,-0.7517780633786241,1.546693511364964,1.6900615947642632,0.7494729522045339,-0.06902059854922596,-0.44580061084551154
1f13db4b10a8fd29027dfbde,pcb1,evaluation,1,9,ok,0.012242724392257102,0.027773783848550202,0.11018451953031393,-0.0009129345417022705,0.0685642659664154,-0.00027382373809814453,0.04326200485229492,-0.0005266964435577393,0.03169083595275879,-1.175937900566663,0.7770351555073179,-0.31455324039534865,-0.202220341730236,-0.7432669925810735,-0.03148084385913461
1f3ea9d7cd96153a56bc5fd3,pcb1,evaluation,1,9,ok,0.03561519823202066,0.08051761322789361,0.320536784088186,0.004655197262763977,0.0820806622505188,0.0013610422611236572,0.04152098298072815,0.0002664029598236084,0.02526092529296875,1.9292740919471827,1.3150918986906421,0.42713004727048953,-0.29163602110669706,-0.2947805639174181,-0.6292414620590034
211c28690cada7a73e485c2c,pcb1,calibration,1,9,ok,0.026535665788002236,0.05983704768751498,0.1876827222621615,0.0017096847295761108,0.0477297306060791,0.00026366114616394043,0.03658604621887207,-0.0019522905349731445,0.05418598651885986,0.28663322722872214,-0.052339923921553795,-0.07071456724418489,-0.5450852915883693,-1.5494201684087439,2.0597947306184112
235b8d0485aa66a829d08732,pcb1,evaluation,1,9,ok,0.016375109833053757,0.037007748222701496,0.14737598849748382,-0.0010983645915985107,0.06431227922439575,0.0012388229370117188,0.04514956474304199,0.0032021701335906982,0.027797967195510864,-1.279347739796473,0.6077733130471011,0.37168328272416723,-0.10527873935793355,1.3653540037512792,-0.39338379368635046
23ea7c38aa3bf4de497a0b02,pcb1,evaluation,1,9,ok,0.018744841174747718,0.04217589264318236,0.11459980829139707,0.002014145255088806,0.03498804569244385,-0.0011280328035354614,0.015025824308395386,0.0008496642112731934,0.03340280055999756,0.4564234743472914,-0.5595571838476862,-0.7020789387150177,-1.6523786123194046,0.035045375334663745,0.12767300385432004
23f9a42b155f330ad983066b,pcb1,evaluation,1,9,ok,0.03313297121708337,0.07505192107995846,0.2981967409537503,0.0016436278820037842,0.09679380059242249,0.0003337562084197998,0.0667751133441925,0.002620309591293335,0.062641441822052,0.2497949262559041,1.9007881990840376,-0.0389148134736533,1.0053696399874774,1.0363201455959656,2.845861358387472
25acba1aa5e1b52bb5344551,pcb1,calibration,1,9,ok,0.00973853076656815,0.0222102404345395,0.08764677689911335,0.0018050074577331543,0.0341968834400177,-0.0015551000833511353,0.05480203032493591,0.0031280517578125,0.040810465812683105,0.3397923996453963,-0.5910515389940094,-0.8958248874955099,0.3904541298025508,1.3234411167797435,0.8163311820392704
260e91f96282c15dc19e0857,pcb1,evaluation,1,9,ok,0.02397955108235482,0.049904145698538224,0.13759884974838246,0.0002588629722595215,0.012165606021881104,-0.00046534836292266846,0.02041807770729065,-0.001714169979095459,0.04168868064880371,-0.5224548615636261,-1.4680661756329523,-0.40144147067014513,-1.3754424009446704,-1.4147663819581724,0.8979749670197745
27c98f330a51bb6bec3cb19c,pcb1,calibration,1,9,ok,0.027238597332055275,0.06141864366163432,0.19190031152647974,-0.0005663484334945679,0.01944538950920105,-0.0008026808500289917,0.027474135160446167,-0.0010790824890136719,0.03526666760444641,-0.9826552381875125,-1.17827468743326,-0.5544777856908284,-1.013056275188843,-1.0556334421256721,0.30094855551937066
28205aa5419aef1b602bb59c,pcb1,calibration,1,9,ok,0.016082221689698327,0.03626487738637271,0.1418643661634316,0.0022085458040237427,0.10069352388381958,0.0029549449682235718,0.06963104009628296,-0.0018396973609924316,0.07223263382911682,0.5648359432151876,2.0560272413095935,1.1502296778114995,1.1520447823036226,-1.4857503304600255,3.737512450722232
29a14b87c1d9fc16c00a4e2b,pcb1,calibration,1,9,ok,0.022866576137604174,0.05160156562025721,0.20579918523843757,0.0028489530086517334,0.10249897837638855,0.0005257874727249146,0.05979838967323303,0.0030615925788879395,0.03391009569168091,0.9219755012816887,2.1278982447796433,0.04820326196019887,0.6470579512898014,1.2858593966564926,0.17483400928183945
2c951b1265924f7382f5e6b3,pcb1,evaluation,1,9,ok,0.008509731874217856,0.019146896716990176,0.0765875868679607,0.0008186846971511841,0.061720192432403564,8.52346420288086e-05,0.09536728262901306,0.0014115869998931885,0.0960841178894043,-0.21025587007980032,0.504588281472663,-0.15166062414221745,2.4738108371955856,0.35280471745300224,5.954880406706759
2e98b674ada86b6b22de31a2,pcb1,calibration,1,9,ok,0.01867494741326517,0.042341640706126685,0.16807452671938652,0.003849312663078308,0.08053526282310486,-0.002909153699874878,0.05298778414726257,0.0006321370601654053,0.037010133266448975,1.4798518060884092,1.2535730910621874,-1.5101131156788508,0.2972777848168194,-0.08796313371448782,0.463030918256729
2f532d43fb761172ed8c5fa3,pcb1,calibration,1,9,ok,0.01272066458982347,0.02899992012141545,0.11448598130841121,-2.3320317268371582e-05,0.06699627637863159,-3.94284725189209e-05,0.054822444915771484,0.0025132745504379272,0.051737189292907715,-0.6798216347470808,0.7146170853934254,-0.20821605357339673,0.3915025856195431,0.9757933528503802,1.8321407831405345
2f6154dc60a43a10d4771931,pcb1,calibration,1,9,ok,0.03842692440823282,0.07205048326543653,0.23056154644939691,0.003267437219619751,0.10304689407348633,-0.001934632658958435,0.02781817317008972,-0.0033132433891296387,0.0545370876789093,1.1553539909096204,2.149709512318919,-1.0680059522351868,-0.9953871161357634,-2.3190196442600324,2.0924350669444367
3072ce20cf90f5e99440e6bc,pcb1,evaluation,1,9,ok,0.031060787602843677,0.07021860105972255,0.2795470884255931,0.004247725009918213,0.11803928017616272,0.0034685134887695312,0.06603497266769409,0.003042668104171753,0.025500386953353882,1.7020367041507225,2.7465220257578955,1.3832183074248863,0.967357376899879,1.2751578754554773,-0.606979760812962
314cb2565cc3ce19083e5df6,pcb1,evaluation,1,9,ok,0.017343637670740476,0.039322230210080675,0.15609273903666426,0.007551893591880798,0.10085546970367432,0.003972530364990234,0.07804393768310547,0.0037198662757873535,0.06694731116294861,3.5446913442165227,2.06247393305876,1.6118736797748991,1.5841157203748184,1.6581038065588984,3.246159162709727
32cf4b2e165e3206846aaf60,pcb1,evaluation,1,9,ok,0.02530886386026573,0.05753055355859094,0.22777977474239156,0.0007928013801574707,0.12945300340652466,0.00504651665687561,0.095468670129776,0.0006972849369049072,0.06220012903213501,-0.22469036788936156,3.20087617606844,2.0991048560625893,2.4790179126545753,-0.05112293632012622,2.8048344421396334
3464068e3e39522b415eceb4,pcb1,calibration,1,9,ok,0.025437335250419364,0.05772425912612829,0.22893601725377427,-0.00046068429946899414,0.050616681575775146,-0.0009582340717315674,0.035146623849868774,-0.0005676448345184326,0.033531367778778076,-0.923728914659822,0.06258297444829335,-0.6250470096726692,-0.6190113755371478,-0.7664227250695699,0.13962533480334594
34713421232d7f0950793c9f,pcb1,evaluation,1,9,ok,0.04862009745187315,0.09134648667358948,0.2917205847112389,0.003161326050758362,0.13817542791366577,0.003982067108154297,0.10507932305335999,-0.0027512311935424805,0.03705078363418579,1.0961783669016265,3.548095895313752,1.6162001768865362,2.9726033606307674,-2.001209743773815,0.46681000481548446
36288d6f965496f8fa14e115,pcb1,evaluation,1,9,ok,0.0350027957504593,0.0790079079798706,0.2670500838725138,-3.7550926208496094e-06,0.06357455253601074,0.00012774765491485596,0.041403383016586304,0.00132027268409729,0.027131855487823486,-0.6689105837258063,0.5784061051783369,-0.13237391123674835,-0.2976757388495464,0.3011677710594414,-0.45530928025141254
3680c24978c1d42b2a37599c,pcb1,evaluation,1,9,ok,0.03249860212477035,0.07366802460260405,0.2759225976515696,0.0022849440574645996,0.12897774577140808,0.0006919205188751221,0.04772073030471802,-0.0009084939956665039,0.03086024522781372,0.607441395299022,3.181957259372828,0.12357219367526194,0.026771592255493592,-0.9591680762128972,-0.1086972239122991
374ea579413f7ebcbcf16d3c,pcb1,evaluation,1,9,ok,0.04025015310062039,0.09104760763639268,0.36225137790558354,0.0010251253843307495,0.13768604397773743,0.003429979085922241,0.09459078311920166,0.0031700730323791504,0.05323368310928345,-0.0951289082757352,3.528614642974212,1.3657365550331784,2.4339312513390374,1.3472035496827854,1.97126325561953
38123b12ca3618cb24d4f273,pcb1,evaluation,1,9,ok,0.02108794632159118,0.04744787922358016,0.18979151689432064,0.0014752000570297241,0.03656616806983948,0.00012105703353881836,0.06999212503433228,-0.0009147822856903076,0.02670779824256897,0.1558668152936298,-0.49673575061367653,-0.13540921936663117,1.1705894402287018,-0.9627240147537071,-0.49473202412570305
383c3d5d6b3dd46fefab555c,pcb1,calibration,1,9,ok,0.009223979551082355,0.021117900790797988,0.0830158159597412,0.002247437834739685,0.0406949520111084,0.0059888362884521484,0.0605088472366333,0.004331126809120178,0.031350404024124146,0.5865250850015749,-0.33237832914923704,2.5266033316027414,0.6835457443135685,2.0037629413516953,-0.06312930849305273
39c5197be54ded8547348437,pcb1,evaluation,1,9,ok,0.014473999520728493,0.032638389647735445,0.13026599568655645,0.0015568435192108154,0.059108853340148926,0.0013202130794525146,0.055881649255752563,0.0007216930389404297,0.045797139406204224,0.20139739301302298,0.40063685997000226,0.4086072315112938,0.4459013713008934,-0.03732050188921032,1.2799203744467247
3a13d9a31f7385b06945d43f,pcb1,calibration,1,9,ok,0.036061852650637695,0.08164989216391086,0.2448378464733605,0.002395614981651306,0.06271606683731079,0.0030703842639923096,0.048033833503723145,0.00011968612670898438,0.024045705795288086,0.6691598842061096,0.5442317580074706,1.2026005733175176,0.042851996362532396,-0.3777468456065499,-0.7422150936717712
3a8bf07b45d07dbde32c82d7,pcb1,evaluation,1,9,ok,0.03770934845701201,0.0852237931677184,0.2927050882658359,-0.004339993000030518,0.07536670565605164,8.279085159301758e-05,0.073060542345047,-0.0006109476089477539,0.031316548585891724,-3.0871252426678413,1.0478246816631387,-0.15276928902707443,1.3281777065961686,-0.7909098279122082,-0.0662767002311365
3b13fa27ceb2d3986a61147e,pcb1,calibration,1,9,ok,0.05615264797507788,0.12721663072130363,0.4530373831775701,0.0008287131786346436,0.045772820711135864,-0.0011320710182189941,0.04877060651779175,0.00047716498374938965,0.029834985733032227,-0.20466322930499625,-0.1302400196752368,-0.7039109398357265,0.08069130250513788,-0.17559763803776335,-0.2040111064594453
3b2abb2afa1b0f080629b891,pcb1,calibration,1,9,ok,0.020034880315254147,0.045530793194344596,0.1803139228372873,-0.0034875571727752686,0.06036391854286194,7.475912570953369e-05,0.07953810691833496,-9.03010368347168e-05,0.03570526838302612,-2.6117424667934834,0.4505981278449829,-0.15641301081328118,1.6608535026240565,-0.4964915989645883,0.3417233479572042
3bae2f547af3562d46b856ac,pcb1,evaluation,1,9,ok,0.01821231727773784,0.04105759245946162,0.16391085549964055,0.0029862821102142334,0.05569511651992798,-0.0003603696823120117,0.0446476936340332,-0.0002840757369995117,0.0509515106678009,0.9985606088308633,0.26474382480253544,-0.353816201683454,-0.13105391593917604,-0.6060684349472686,1.7590996842047046
3bca3dcc1023082474a94acb,pcb1,calibration,1,9,ok,0.020560747663551402,0.04641744548286604,0.1660436137071651,0.004456236958503723,0.1449003517627716,0.004448488354682922,0.10886144638061523,0.0033065378665924072,0.15352493524551392,1.818318758180193,3.8157996936006766,1.8277996864042676,3.1668462545972598,1.424372471855147,11.294901490890071
3be8f1197f0eda8b067147ea,pcb1,evaluation,1,9,ok,0.011243576430492319,0.0255551561626328,0.10119218787443086,0.0021141618490219116,0.06202706694602966,0.0005634129047393799,0.053267985582351685,0.0003959834575653076,0.029583901166915894,0.5122003018071503,0.5168042522016226,0.06527264509595403,0.31166841487720187,-0.22150463607172538,-0.22735333831979374
3dab225ec30eb8d5cbdec634,pcb1,evaluation,1,9,ok,0.021673722608302047,0.0490294751976995,0.19506350347471843,-0.0017576813697814941,0.21600395441055298,-0.0004378408193588257,0.12068137526512146,0.006189197301864624,0.06987279653549194,-1.6470327081798037,6.646271075551894,-0.3889622305637673,3.7738960502660936,3.0544753690038293,3.5181287183307814
3ef2a58bb9f86d4d6fba6aa6,pcb1,evaluation,1,9,ok,0.02035306334371755,0.0459621375509226,0.18317757009345795,0.0011819154024124146,0.14330404996871948,0.002039387822151184,0.10932216048240662,0.005230695009231567,0.0827929675579071,-0.0076909198173568845,3.752254579474692,0.7348724347908784,3.1905076830277483,2.5124559597643703,4.719260402150959
40f6d307fb064bc03e614a95,pcb1,evaluation,1,9,ok,0.010092659158079718,0.023013020209281893,0.09083393242271746,0.00044479966163635254,0.0851675271987915,-0.0012739002704620361,0.08185210824012756,0.003359779715538025,0.053774863481521606,-0.4187624817894725,1.4379729141479771,-0.7682540640678522,1.7796963521282474,1.4544799799269799,2.021574423376452
410c85cbd877dc37da9438a0,pcb1,evaluation,1,9,ok,0.015392603243070532,0.03472721463375669,0.13853342918763478,-0.0013403594493865967,0.08193615078926086,0.0007758140563964844,0.11778479814529419,0.005741298198699951,0.06647321581840515,-1.4143023998006607,1.3093392287805008,0.16163184795419325,3.625133179870565,2.80119479872027,3.2020845960112796
41f40f57d50b3ec8f7dcd6ef,pcb1,calibration,1,9,ok,0.030226056394280693,0.06800862688713157,0.17485621854780733,0.0006908625364303589,0.02922844886779785,-5.513429641723633e-07,0.016211628913879395,0.0008911192417144775,0.058639466762542725,-0.28153918741452466,-0.7888335267707445,-0.1905788176917392,-1.5914778699802683,0.05848760524113995,2.4738152737423644
422a9abdea5f8a6bac79fde4,pcb1,evaluation,1,9,ok,0.02351159570785739,0.053468727534148094,0.2070133397236201,0.0025664567947387695,0.0607399046421051,0.0010990053415298462,0.07955297827720642,0.000984489917755127,0.06694182753562927,0.7644342177620217,0.465565272325565,0.30825277897652736,1.6616172682484058,0.11128739409591347,3.2456493739070797
43b1e7fcfe515f7fccfef929,pcb1,evaluation,1,9,ok,0.03929560401523018,0.08865790664856085,0.35366043613707165,-4.76837158203125e-06,0.08282601833343506,0.005306631326675415,0.03410109877586365,0.0006349384784698486,0.041761040687561035,-0.6694756648144937,1.3447628152616122,2.217110064782487,-0.6727076192914915,-0.08637897152095168,0.9047019627416649
443de4655c99abb3353ef5b1,pcb1,evaluation,1,9,ok,0.010565939771547248,0.023900338152674602,0.09509345794392524,0.002725362777709961,0.05582377314567566,0.003566533327102661,0.05485066771507263,-0.0006849169731140137,0.02983221411705017,0.8530522284938357,0.26986535006590523,1.42768658555043,0.3929520566541296,-0.8327384509372793,-0.20426877145208774
455535b0da5c8a1834df0612,pcb1,calibration,1,9,ok,0.017808930425752857,0.037006416912958966,0.08536224938094097,0.0012361854314804077,0.017385512590408325,0.00048308074474334717,0.022659391164779663,0.0024275481700897217,0.060212641954422,0.022574158491464047,-1.260273664304604,0.02882866708214965,-1.2603326663859458,0.9273163044492452,2.620066477684467
460a2fc1ac70207cf473f68f,pcb1,evaluation,1,9,ok,0.02474239156482147,0.056162632798146817,0.22268152408339323,0.0012335032224655151,0.14205440878868103,-0.0002305358648300171,0.05066528916358948,0.0020740926265716553,0.03092154860496521,0.02107835560964423,3.7025092295051856,-0.2949149995995591,0.17799871646906248,0.7274422234350052,-0.10299811756965972
47c2e633afa117aee0f235c8,pcb1,calibration,1,9,ok,0.04094043720211944,0.08468727534148095,0.2614905343877306,0.004163146018981934,0.026652604341506958,0.003684699535369873,0.05148229002952576,0.0009305477142333984,0.03919115662574768,1.6548690532773376,-0.8913719909908773,1.4812945888243065,0.2199583774428262,0.0807838454756964,0.6657911027357651
4868e2113a0c1f0b335c08a5,pcb1,evaluation,1,9,ok,0.02717735708389914,0.06150251617541337,0.24459621375509227,0.0022780001163482666,0.03856661915779114,-0.0006967335939407349,0.05606207251548767,0.001613706350326538,0.02346193790435791,0.6035689278383106,-0.41710237980560777,-0.5064131068412366,0.4551675778936987,0.4671003344377051,-0.7964854364231665
48aa7ef1a276600a1b03f49d,pcb1,evaluation,1,9,ok,0.015742737705354528,0.03569108288734457,0.11764118539819475,0.0009509176015853882,0.02619507908821106,0.0006885826587677002,0.025868624448776245,-0.0005940496921539307,0.050261497497558594,-0.13651278800608344,-0.9095850222262845,0.12205791968618901,-1.095512350769882,-0.7813542963831126,1.6949521834020167
48ae52448a5b6943103b118e,pcb1,evaluation,1,9,ok,0.009014298266634715,0.020454242884149425,0.08112868439971244,8.112192153930664e-05,0.08296644687652588,0.005640342831611633,0.060620129108428955,-0.00272214412689209,0.0509585440158844,-0.6215767325322192,1.3503529535615888,2.368503662931096,0.689260976460502,-1.984761421423908,1.7597535437559264
494233199c4bb5688f9e6a0c,pcb1,evaluation,1,9,ok,0.01821231727773784,0.04105759245946162,0.16391085549964055,0.0002276003360748291,0.11246758699417114,0.0009639561176300049,0.13308173418045044,0.003751993179321289,0.034225672483444214,-0.5398892751528371,2.5247256959887743,0.24698552378470598,4.410755664171048,1.6762711134166852,0.204171800755932
4a9a389f2d9c655afe257674,pcb1,evaluation,1,9,ok,0.02118113800356791,0.04773144819873792,0.1867880821151849,0.0015604197978973389,0.056416213512420654,-0.0015459507703781128,0.060940712690353394,0.0021834373474121094,0.021504223346710205,0.2033917968554494,0.2934490426094604,-0.8916741543290332,0.7057255592683658,0.7892751073507932,-0.9784855801509158
4aa0507748155ccd41c16e7b,pcb1,evaluation,1,9,ok,0.037742631200575125,0.08540085736347419,0.2803738317757009,0.0005150437355041504,0.1601220667362213,-0.0017844438552856445,0.08672770857810974,0.0014187395572662354,0.03836542367935181,-0.37958906631781353,4.421741263537599,-0.9998703828786417,2.0300982130746905,0.3568493868833073,0.5890263290675545
4bdd749184a92487f374f3ab,pcb1,evaluation,1,9,ok,0.03384255930984903,0.07683321351545651,0.26321990574327025,0.0029780417680740356,0.15172812342643738,0.00034436583518981934,0.07219260931015015,-0.0001766979694366455,0.06675919890403748,0.9939651699772724,4.08759762755679,-0.03410158543695718,1.2836022631534416,-0.5453478351248143,3.2286711903058674
4d7ad789330c4ea70ea3ae32,pcb1,evaluation,1,9,ok,0.02776446468035253,0.0627819048379796,0.24988018212317278,-0.0017645955085754395,0.06143862009048462,0.004268467426300049,0.0856524407863617,0.003026515245437622,0.027285516262054443,-1.650888555608495,0.49337953218187824,1.7461302932703833,1.9748744380716485,1.266023663658705,-0.44102411141201114
4ddb4a43aaf8160cba8bbf8e,pcb1,calibration,1,9,ok,0.029061826024442846,0.06582993849348989,0.26155643421998565,0.0026096105575561523,0.05366167426109314,0.0008918642997741699,0.04706105589866638,0.0031738579273223877,0.02812325954437256,0.7885000241273005,0.18379715112984998,0.21427990968142538,-0.007108071261478031,1.3493438539229887,-0.36314278944235007
4f48fe3f0c136427ccd3648e,pcb1,evaluation,1,9,ok,0.011232260297680858,0.025474611923210055,0.07910176531671859,0.002378016710281372,0.016082435846328735,0.0007038116455078125,0.01276734471321106,0.00043258070945739746,0.016592085361480713,0.6593457552981695,-1.312146161551669,0.12896679476133427,-1.7683699681198628,-0.200809410819998,-1.435145523670212
4fe202240c9ba2184e34b012,pcb1,evaluation,1,9,ok,0.02503594536304817,0.05672377985462097,0.2253235082674335,0.0013380348682403564,0.07245039939880371,0.004026889801025391,0.052192747592926025,-0.0006629824638366699,0.028129279613494873,0.07937311792056648,0.9317332166070698,1.6365347133112298,0.2564461704665934,-0.8203347980176773,-0.3625831299959655
4fed9d166ca54ae4e2cbdd5e,pcb1,evaluation,1,9,ok,0.02052347099076071,0.0461778097292116,0.1847112389168464,0.0022472739219665527,0.07444244623184204,0.004415839910507202,0.11154294013977051,0.0039025843143463135,0.04233852028846741,0.5864336748254637,1.0110320332978648,1.812988193948648,3.3045628393997464,1.7614282577138989,0.9583877107248069
50228ea6895579d622003f6f,pcb1,evaluation,1,9,ok,0.03338924834251937,0.07538940809968847,0.3001238118060548,0.0017756670713424683,0.1036866307258606,0.004022374749183655,0.05497041344642639,0.0026252269744873047,0.030853450298309326,0.3234299781214896,2.1751759615437267,1.6344863873349391,0.39910197705219563,1.0391008558293002,-0.10932891873297085
5086ac0054bf0f0aaf660376,pcb1,evaluation,1,9,ok,0.016277258566978193,0.036780759911601034,0.1336448598130841,0.0012104809284210205,0.04201662540435791,0.0018011629581451416,0.017908751964569092,-0.0006319880485534668,0.020737171173095703,0.00823938087402415,-0.2797655419405452,0.6267978889725347,-1.5043167532584492,-0.8028078971530221,-1.0497950595125358
50898a82c14d334f089ba557,pcb1,evaluation,1,9,ok,0.02091221343557792,0.04713635274382938,0.1882099209202013,-5.3882598876953125e-05,0.048214614391326904,-0.001668393611907959,0.05771878361701965,0.002062469720840454,0.05455315113067627,-0.6968654775838166,-0.03303781226183032,-0.9472223211514095,0.5402532112756031,0.7208696356107596,2.093928415665235
50d38baa510767d19b05b9ec,pcb1,evaluation,1,9,ok,0.034992810927390365,0.07944524323028995,0.3149352983465133,0.004078090190887451,0.04927551746368408,0.0035519301891326904,0.09411945939064026,0.000186920166015625,0.056586384773254395,1.6074354818916292,0.009194306414434968,1.4210616368482358,2.409724932002199,-0.3397269529616827,2.2829492377946607
517b1a09e2b47e3a77e4233f,pcb1,evaluation,1,9,ok,0.014295604015230183,0.03246531938120723,0.12866043613707165,-0.0017231553792953491,0.04186868667602539,-0.005697488784790039,0.03429144620895386,-0.00443604588508606,0.028312206268310547,-1.6277784010843788,-0.2856546434942555,-2.775086228997178,-0.6629317254183088,-2.9539484808714565,-0.34557724048156563
529b697585bca5778aab04c4,pcb1,evaluation,1,9,ok,0.03051694757302234,0.06932063263838965,0.2556014857416727,-0.0017466992139816284,0.0871812105178833,-0.0036001503467559814,0.05608189105987549,0.0007541477680206299,0.043433547019958496,-1.6409082263803527,1.5181330297364342,-1.8235948720238955,0.45618542186201977,-0.01896781434920127,1.0601875475491134
52c0fe23ccdac65dc7944451,pcb1,evaluation,1,9,ok,0.0221130548233352,0.04986420640626248,0.1990174934100168,-0.00022268295288085938,0.05640473961830139,0.003405153751373291,0.0393751859664917,0.004278600215911865,0.026312649250030518,-0.7910013389463436,0.29299229319403364,1.3544741422394484,-0.40184020691584427,1.9740599002228927,-0.53146729442082
53c62b0f7c9f2195f36386f2,pcb1,calibration,1,9,ok,0.04466544186170354,0.10061905903027399,0.38542215831935456,0.004523485898971558,0.07324597239494324,0.0005761981010437012,0.04537844657897949,0.00037914514541625977,0.023098677396774292,1.8558218604338197,0.9634031533468558,0.07107285528624231,-0.09352378946815076,-0.23102646202223515,-0.8302561740072362
54a22926860a69d60b9b4d75,pcb1,calibration,1,9,ok,0.02471443406022845,0.055859094176851184,0.22242990654205608,0.003877609968185425,0.0907500684261322,-0.0015019774436950684,0.033586084842681885,-0.0005631744861602783,0.03677493333816528,1.4956325264916082,1.6602010797280473,-0.8717249465533448,-0.6991577871359363,-0.7638948066756293,0.44116541156926664
5598ea98eb7a14ae876bb81f,pcb1,evaluation,1,9,ok,0.014797507788161994,0.03353036717522699,0.13317757009345793,-0.0015159845352172852,0.04188463091850281,-0.0026298463344573975,0.04396811127662659,0.0011827051639556885,0.0363023579120636,-1.5122442484958183,-0.28501993976113005,-1.3834008315217836,-0.1659560152017694,0.22337529568324146,0.39723214502807436
562e3709953ca4e6e4b2876d,pcb1,evaluation,1,9,ok,0.039262986926538325,0.08863327741832415,0.3107995846313603,-0.0010845363140106201,0.14392057061195374,-0.002048403024673462,0.08651205897331238,-0.0010493099689483643,0.05282539129257202,-1.2716360449390909,3.7767968526095843,-1.119619710746668,2.019022846225411,-1.0387975056220273,1.9333061545528505
568feba1634c8b558148d80e,pcb1,evaluation,1,9,ok,0.04230769230769231,0.07973480309928908,0.20363048166786485,0.002114221453666687,0.13432317972183228,0.005615845322608948,0.12944015860557556,0.004451364278793335,0.06840136647224426,0.5122335418711907,3.3947467279421564,2.3573899734755783,4.2237310441212506,2.071755519754052,3.381336313150843
570a35bd3435a52a1125b3f7,pcb1,calibration,1,9,ok,0.026850520542109325,0.06101725377426312,0.24165468487898395,0.00546833872795105,0.05131518840789795,0.0027708113193511963,0.05507999658584595,0.003648906946182251,0.023953765630722046,2.38274335560288,0.09038892976978066,1.0666944827982219,0.4047299654304159,1.617977315252414,-0.7507623678900709
5a72ee44d10a570b1fd8bb25,pcb1,evaluation,1,9,ok,0.03992331655883058,0.09007907979870597,0.34647735442127964,-0.002521336078643799,0.10943087935447693,-0.002402752637863159,0.05818095803260803,-0.0035326778888702393,0.06740736961364746,-2.0729044086659254,2.4038413279760196,-1.2803761190509286,0.5639896387353364,-2.443106731823932,3.2889287808970504
5a78bd23c475f84804fb68a9,pcb1,evaluation,1,9,ok,0.038794365897169635,0.08741113507468648,0.27875629043853345,0.001122981309890747,0.08661878108978271,0.0034829676151275635,0.05630531907081604,0.00157126784324646,0.029445737600326538,-0.04055703313734227,1.4957440038456964,1.389775654609711,0.4676602733364601,0.44310196248456196,-0.24019779967345253
5b86366603ab17a8469074b2,pcb1,evaluation,1,9,ok,0.0389594483052427,0.08765875868679607,0.35063503474718427,-0.0010209083557128906,0.1496465802192688,3.4302473068237305e-05,0.07435756921768188,0.00026535987854003906,0.047471851110458374,-1.2361522765759207,4.004736165425666,-0.17476682277905356,1.3947906198973714,-0.2953704115426709,1.4356109830117596
5efc4fa924acd2018ce59556,pcb1,evaluation,1,9,ok,0.021726974998003034,0.04888569374550683,0.19554277498202732,0.0015045404434204102,0.044935792684555054,-0.00038652122020721436,0.048362553119659424,0.0018465518951416016,0.02652275562286377,0.17222923681753657,-0.16356018612114911,-0.36568026798177095,0.0597344309047595,0.5987711771834265,-0.5119346256237332
5f3f241184dd4ce301edee21,pcb1,evaluation,1,9,ok,0.014911334771147856,0.03370144047714141,0.13420201294033068,0.003990724682807922,0.10443732142448425,-0.0005093812942504883,0.045322567224502563,0.0001857280731201172,0.05169624090194702,1.5587138580243538,2.2050592369338173,-0.42141771905278136,-0.09639365028108601,-0.3404010645334002,1.8283339906685916
5f832185524985ca3f0e92d9,pcb1,evaluation,1,9,ok,0.036304816678648454,0.08215778683068403,0.28738317757009346,-0.0019373893737792969,0.07714635133743286,-0.0025803446769714355,0.03804510831832886,0.0008546113967895508,0.02956131100654602,-1.7472515012617313,1.1186682955390075,-1.360943607451693,-0.4701505472258711,0.03784293835729139,-0.22945344653939542
6016a0b692e7aea96d304bed,pcb1,evaluation,1,9,ok,0.04072609633357297,0.09223979551082355,0.3208662832494608,-0.0022868812084198,0.11766806244850159,-0.000797957181930542,0.08011332154273987,0.002404928207397461,0.07622158527374268,-1.9421546167628534,2.731744699216192,-0.5523348175902207,1.6903954671843038,0.9145250373759055,4.108347786961052
614130625b05ce4668372139,pcb1,evaluation,1,9,ok,0.008622893202332454,0.019579572383310703,0.0776060388209921,0.0014615058898925781,0.08704563975334167,-0.0006616413593292236,0.0807693600654602,0.000743567943572998,0.04885295033454895,0.14822991058033866,1.5127362684616903,-0.49049294950076006,1.7240883984243804,-0.024950554548194122,1.5640057259046103
61ea9ad08a7d339d8978865b,pcb1,calibration,1,9,ok,0.01938386985115957,0.043773464334211996,0.17445482866043613,0.00280076265335083,0.03942251205444336,0.0001042485237121582,0.046716898679733276,0.0007125884294509888,0.07275775074958801,0.8951009095049927,-0.3830312461390068,-0.14303467052589128,-0.024783352684292048,-0.04246902901820276,3.7863302697583556
625341fc10caed8e8c956174,pcb1,calibration,1,9,ok,0.0301941049604601,0.06810448118859334,0.2717469446441409,0.003365755081176758,0.05150976777076721,0.002776816487312317,0.047313690185546875,0.0018418431282043457,0.024803638458251953,1.2101834765443267,0.09813468803814789,1.0694188239482056,0.005866760797856437,0.5961084364751424,-0.6717534152536844
635fa95eba6aeafd2fbc4b1b,pcb1,evaluation,1,9,ok,0.03937814521926671,0.08935418164390127,0.32502596053997923,-0.00309637188911438,0.07561182975769043,-0.0009705126285552979,0.12895452976226807,-0.0021643638610839844,0.04200735688209534,-2.3935879264960738,1.0575825100836196,-0.6306173747039018,4.198790040416301,-1.6693446170172879,0.9276008999910156
64e43280ea77e1601a79dba6,pcb1,calibration,1,9,ok,0.021057991852384376,0.04772945123412413,0.1895219266714594,0.0009329169988632202,0.07477444410324097,0.000834047794342041,0.07847392559051514,-0.0010988414287567139,0.028440207242965698,-0.1465512873462964,1.0242481072922913,0.18805052094212638,1.606199108006301,-1.0668068414268896,-0.3336775507675957
65cffa9bb35f0e26103179b1,pcb1,evaluation,1,9,ok,0.012174827595388344,0.027607370130734617,0.10957344835849508,0.001077115535736084,0.08071893453598022,0.0006794929504394531,0.07583773136138916,0.0030757486820220947,0.0856260359287262,-0.06613526241646112,1.2608846407953695,0.11793422712666005,1.470809023702834,1.293864471570638,4.9826383540926145
67aba00d3d4910567e7916ca,pcb1,evaluation,1,9,ok,0.016255291956226537,0.036796069973640065,0.14629762760603882,0.000652611255645752,0.027082860469818115,-0.003080695867538452,0.07421040534973145,0.004172563552856445,0.025670379400253296,-0.30287099851247723,-0.8742444810934323,-1.5879359824744204,1.3872325544604251,1.9140976759186206,-0.5911763079308935
684f34e6e9fc7364eaf50826,pcb1,evaluation,1,9,ok,0.02502329792049418,0.05645019570253215,0.22520968128444763,0.001398622989654541,0.08689400553703308,0.005446195602416992,0.050787001848220825,0.0018995404243469238,0.030405491590499878,0.11316164301767409,1.506700058005349,2.280425645950599,0.18424965596774384,0.6287354365462696,-0.15097367684488744
6915c844609217b7e0e88d56,pcb1,calibration,1,9,ok,0.04601006470165349,0.10377825704928509,0.40744468408019807,-9.426474571228027e-05,0.04448440670967102,0.0005432069301605225,0.030041545629501343,0.0014913678169250488,0.01722431182861328,-0.719385620971215,-0.18152882676025003,0.05610587934067324,-0.8811987982220452,0.39791963439019623,-1.3763701994345525
69ee6908ed17d05a195326d6,pcb1,evaluation,1,9,ok,0.03313297121708337,0.07505192107995846,0.2718368080517613,-0.00016447901725769043,0.09780362248420715,0.0012988448143005371,0.08858796954154968,-0.0010392069816589355,0.054263949394226074,-0.7585424164108536,1.9409868930900651,0.39891317392053227,2.125637792777847,-1.0330844100517216,2.0670425975082236
6a3a02b2881c1317d6944352,pcb1,evaluation,1,9,ok,0.01582195063503475,0.03575432010011449,0.14239755571531273,0.002726510167121887,0.06454586982727051,2.3558735847473145e-05,0.07237005233764648,0.0007188916206359863,0.03238186240196228,0.8536920997266141,0.6170720193279193,-0.17964089218138204,1.2927154105028904,-0.038904664082746454,0.03276085704839051
6a559f080171b70ceb05a76d,pcb1,evaluation,1,9,ok,0.018851345954149692,0.042655164150491254,0.16966211358734723,0.001856476068496704,0.07492482662200928,0.000883936882019043,0.05375143885612488,0.0055574774742126465,0.023342609405517578,0.3684951949443166,1.030234490539677,0.21068350895737717,0.3364976853345009,2.697246794361431,-0.8075788840633843
6aa2b45be0b3721de3efb0b6,pcb1,calibration,1,9,ok,0.014780200761509172,0.03355965598956253,0.13302180685358256,0.00272504985332489,0.08436793088912964,0.002362266182899475,0.062313616275787354,0.0004017949104309082,0.025373846292495728,0.8528777181576234,1.4061428185222622,0.881351402626737,0.7762353609054261,-0.21821834215960256,-0.6187436915523139
6be096202c2f5627f69df8cb,pcb1,evaluation,1,9,ok,0.02196860771627127,0.04978233085709721,0.15262401150251617,0.004713431000709534,0.03718692064285278,0.003821328282356262,0.05062416195869446,-0.0018033981323242188,0.023237794637680054,1.961749634514693,-0.4720250140580293,1.5432784201002427,0.17588649891074212,-1.4652236331012276,-0.8173230537313778
6c029ad079d487365496de90,pcb1,evaluation,1,9,ok,0.025188380328567246,0.0566738557392763,0.21703011422637591,-0.002570435404777527,0.053732067346572876,-0.0029838085174560547,0.07288157939910889,-0.0010809004306793213,0.06785845756530762,-2.1002859114192383,0.18659933845254617,-1.5439814758808836,1.3189864990326081,-1.0566614622725412,3.3308644510974346
6c3010fedf8b5c28e9914b8f,pcb1,evaluation,1,9,ok,0.03869318635673776,0.08756290438533429,0.3381739755571531,-0.00010907649993896484,0.07207223773002625,-0.000479966402053833,0.04963597655296326,0.0004888474941253662,0.056629061698913574,-0.7276457768852643,0.9166794676918743,-0.4080731795240761,0.12513511499857835,-0.16899134463493182,2.28691672456309
6c38006daa4b3936e256f25c,pcb1,calibration,1,9,ok,0.020414303591873684,0.04601405863088106,0.18372873232686318,0.0026060938835144043,0.06672742962837219,-0.0010663270950317383,0.05910998582839966,3.9130449295043945e-05,0.01891118288040161,0.7865388603489145,0.7039149127270231,-0.6740851503723793,0.6117027966668727,-0.42329993506536023,-1.2195491896114732
6cfc6e55e1a48e120ca08f74,pcb1,evaluation,1,9,ok,0.022182948584817744,0.05009651995633304,0.19964653726335968,0.0021445751190185547,0.03292074799537659,0.0034331679344177246,0.0376715362071991,0.002400696277618408,0.029907584190368652,0.529161044483785,-0.6418515648864102,1.3671832275048819,-0.48933652338061423,0.9121319412963084,-0.1972619460070051
6d20315fccacc3893d01b6b3,pcb1,calibration,1,9,ok,0.020555422424581304,0.046489336208962374,0.18499880182123174,0.0022212862968444824,0.09659460186958313,0.0006249547004699707,0.044881075620651245,0.004347622394561768,0.02900981903076172,0.5719410069038317,1.8928585546873815,0.09319207176948623,-0.11906784659192485,2.013090960225336,-0.2807232388925999
6e45e52baaff55c65d1132d8,pcb1,evaluation,1,9,ok,0.02646510637164843,0.060048725936576404,0.23818595734483586,-0.002162843942642212,0.04963931441307068,-0.0010171681642532349,0.046089500188827515,0.001242995262145996,0.019852250814437866,-1.872982043494697,0.023676228788758535,-0.6517834097922381,-0.05700538459571227,0.25746848842285425,-1.1320622275397554
6f4fa8be3f00077da66a9bdc,pcb1,calibration,1,9,ok,0.030138189951274062,0.06796469366562824,0.21896317597252177,-0.00027279555797576904,0.010905236005783081,-0.0004208385944366455,0.014709770679473877,-0.0012380033731460571,0.02163463830947876,-0.8189479227883438,-1.5182386159649353,-0.381248897431927,-1.6686105450773665,-1.145500941030262,-0.9663614725401283
6fd668f7feb0390bd1144115,pcb1,evaluation,1,9,ok,0.03479511143062545,0.07855260004792715,0.2788880901030434,-4.817545413970947e-05,0.14889496564865112,0.0003223121166229248,0.045850932598114014,0.0011191070079803467,0.03832507133483887,-0.6936827414519444,3.9748161128099175,-0.04410661000761763,-0.06925777702640384,0.18741144333211263,0.5852749484219864
71cc4b3b7db056e9c9c0e4cf,pcb1,evaluation,1,9,ok,0.015316718587746626,0.03483505072290119,0.10957344835849508,0.0015028715133666992,0.10963982343673706,0.0013772249221801758,0.043800562620162964,0.001059010624885559,0.06488877534866333,0.17129851502440424,2.4121589127852587,0.4344715720567985,-0.17456100586327444,0.15342779372290394,3.054786108550695
73c2d04f0f25906e0c65f4e1,pcb1,evaluation,1,9,ok,0.04040924461485209,0.09128657773517587,0.36368320153366884,0.000272214412689209,0.03249764442443848,0.0003980398178100586,0.038560688495635986,0.0001913905143737793,0.038673222064971924,-0.5150090872185675,-0.6586943478755369,-0.009751518880525471,-0.4436712981251885,-0.33719903456774203,0.617640996207457
75978ee7379d478b2ca12bea,pcb1,calibration,1,9,ok,0.03567377586069175,0.08038181963415608,0.3210639827462257,0.002140611410140991,0.07149839401245117,0.0036588162183761597,0.07717922329902649,0.0008579492568969727,0.02882656455039978,0.5269505802250957,0.8938360651099458,1.4695522052572543,1.5397055809149163,0.0397304507581004,-0.2977596049115058
75ab2d0d05101c31bd2b6306,pcb1,evaluation,1,9,ok,0.026476422504459887,0.05998682003354901,0.23828780254013898,0.004529938101768494,0.12922987341880798,0.0016673803329467773,0.06330505013465881,0.002496376633644104,0.037969350814819336,1.8594200973661974,3.191993882891037,0.5661052466783527,0.8271535793928485,0.9662378213212846,0.5522051704415568
75d7257576c499aa1ed12a10,pcb1,evaluation,1,9,ok,0.01295098117528024,0.029139707644380543,0.11655883057752217,0.0006044059991836548,0.03884690999984741,0.0020547807216644287,0.06440174579620361,0.00015917420387268066,0.05136364698410034,-0.32975390030518337,-0.4059446440858967,0.74185567153513,0.8834778503556242,-0.35541689979340757,1.797414191551501
75e00734a3d92bbb56959e97,pcb1,calibration,1,9,ok,0.03753494688074127,0.08492957371462044,0.32939132518571773,-0.0007092058658599854,0.0478786826133728,0.0037191659212112427,0.04213148355484009,0.0006012916564941406,0.02240389585494995,-1.062323361676438,-0.046410486055831736,1.4969308197918318,-0.26028183510510844,-0.10540577063267824,-0.8948469694209219
765e635c6a4979adf936fb00,pcb1,evaluation,1,9,ok,0.011155044332614427,0.025421359533509068,0.10039539899352984,0.0010822415351867676,0.050197064876556396,0.0025516748428344727,0.05717349052429199,0.000519484281539917,0.030300050973892212,-0.06327661690898324,0.04587899582697149,0.967279691354889,0.5122479615186557,-0.15166667724179198,-0.1607760289305744
76a42f157de24284ad441e6a,pcb1,evaluation,1,9,ok,0.024709108821258353,0.055595494847831294,0.20431344356578002,0.0029964596033096313,0.09504905343055725,-0.0008916109800338745,0.08342912793159485,0.0013557672500610352,0.032084912061691284,1.0042363497657685,1.8313338152483367,-0.5948223712568429,1.8606891813427977,0.3212394431073301,0.005154685148507806
76b6c61f2186903165b99fd7,pcb1,evaluation,1,9,ok,0.03844156881540059,0.0868732859387065,0.3014917325664989,-0.004299640655517578,0.08325314521789551,-0.0025213956832885742,0.17441323399543762,0.00018548965454101562,0.08680003881454468,-3.064621719312463,1.3617657571366681,-1.334200447180387,6.533465433623484,-0.34053588684774366,5.09178025791157
7a26113ea821234e21572b6b,pcb1,evaluation,1,9,ok,0.0175553159198019,0.03998921639108555,0.13820393002635994,0.0028084218502044678,0.06440335512161255,0.005768418312072754,0.08763730525970459,0.003678649663925171,0.03984689712524414,0.8993722577341893,0.6113988356796836,2.4266071671100327,2.0768134247395422,1.6347963989667658,0.7267524235219072
7b116d245230d88934628234,pcb1,evaluation,1,9,ok,0.04228572569694065,0.09539566525547834,0.38057153127246585,-0.0011759400367736816,0.06679433584213257,-0.0008934438228607178,0.041290879249572754,0.0016650855541229248,0.03861093521118164,-1.322609683145106,0.7065782956819143,-0.5956538699204856,-0.303453725286256,0.49615454317872953,0.6118504603512994
7b2bbe00b4d165b6e192aef2,pcb1,evaluation,1,9,ok,0.019578241073568176,0.04413691189392124,0.17620416966211358,0.0013566315174102783,0.14363744854927063,0.000667959451675415,0.10004085302352905,0.0035107433795928955,0.06261759996414185,0.08974401790118387,3.765526412488664,0.11270186968227411,2.7138368120348884,1.5398477840903553,2.843644885332483
7b36854cd40e4e9aac0846ac,pcb1,evaluation,1,9,ok,0.044680086268871315,0.10116622733445163,0.3321671059988817,0.0038777291774749756,0.045154958963394165,0.0039484500885009766,0.04069173336029053,0.0015414059162139893,0.020020484924316406,1.495699006619689,-0.15483567910543883,1.6009492745680158,-0.3342247555706562,0.42621546761303847,-1.1164222395454924
7b7a8cc0a77e4223a6321b73,pcb1,evaluation,1,9,ok,0.016277258566978193,0.036780759911601034,0.14649532710280375,0.0008269548416137695,0.037227511405944824,-0.0008123815059661865,0.044267624616622925,0.004515528678894043,0.03134426474571228,-0.20564381119418923,-0.4704091888533247,-0.5588786444715715,-0.15057356124443644,2.1080395751017464,-0.06370005030471229
7cf3fa6e8b2dc51de6e9d421,pcb1,calibration,1,9,ok,0.023381793007961234,0.05307532550523205,0.2104361370716511,-0.00014981627464294434,0.04367402195930481,-0.0005497336387634277,0.04143863916397095,0.0014294981956481934,0.02485579252243042,-0.7503653606569053,-0.21378838547267784,-0.4397242099563952,-0.29586504800063845,0.36293324381805775,-0.6669048804458969
7dc070d3ce5265734ac060c9,pcb1,calibration,1,9,ok,0.027430305934978833,0.06192187874430865,0.228947999041457,0.0038779526948928833,0.1601158082485199,0.0005778670310974121,0.06364572048187256,0.004638463258743286,0.06433188915252686,1.4958236568598406,4.4214921274928205,0.07182999228077878,0.8446497815009354,2.177557330935114,3.003014839168799
7fe891c81a7d4e45784bbd30,pcb1,calibration,1,9,ok,0.044321963948132176,0.09988816998162793,0.27082101871821496,0.0006591230630874634,0.01929718255996704,0.0005892366170883179,0.03902637958526611,0.0005209892988204956,0.050436317920684814,-0.29923952151605915,-1.1841744662460323,0.07698798805605846,-0.41975426075829453,-0.1508156113824986,1.7112044720777204
806acdeec7658fa24117d6da,pcb1,calibration,1,9,ok,0.01297627606038821,0.029424607929280828,0.0990294751976995,0.0009901970624923706,0.04576525092124939,0.002661079168319702,0.07306501269340515,-0.0005127191543579102,0.03528052568435669,-0.11460758580343325,-0.13054135565320665,1.016912725407449,1.3284072954612036,-0.7353630344026858,0.30223688048258274
80b53c43942a4f876bd4d6b5,pcb1,calibration,1,9,ok,0.043054557073248664,0.0971802859653327,0.32710280373831774,0.00048752129077911377,0.05628025531768799,-0.0002663731575012207,0.036283791065216064,-0.0006060302257537842,0.028613030910491943,-0.3949376658884869,0.2880368586271827,-0.3111731645268823,-0.5606085600495903,-0.7881291176788735,-0.31761089171024726
80d07277b1003416a5ae3fa3,pcb1,calibration,1,9,ok,0.01837140879196954,0.0416466970205288,0.10586308810607876,0.0003629028797149658,0.02171558141708374,-0.0016337037086486816,0.02029690146446228,0.00344964861869812,0.030391573905944824,-0.4644343297810375,-1.0879035530952492,-0.9314846879078301,-1.3816657897795475,1.5052995660398332,-0.15226754299073703
838282bf680c8d4689a08350,pcb1,evaluation,1,9,ok,0.019897755411774104,0.044863807013339724,0.17907979870596694,0.00023822486400604248,0.05271962285041809,0.00030165910720825195,0.05785787105560303,0.0017230212688446045,0.025911420583724976,-0.5339642337376286,0.14629624458013524,-0.05347618031500641,0.5473964861630531,0.5289163655642002,-0.568767765344959
842cbf0745e696a8e10da9a2,pcb1,evaluation,1,9,ok,0.03522645578720345,0.07967888809010304,0.2739835450115824,0.004762738943099976,0.09981808066368103,4.2319297790527344e-05,0.037489473819732666,0.002921879291534424,0.04145944118499756,1.9892474774921471,2.02117785409359,-0.17112986114458373,-0.49868691255726566,1.2068535204512012,0.8766635785960594
8448f5df267e11e2a185f995,pcb1,calibration,1,9,ok,0.026150251617541337,0.05905090928455414,0.20080477673935618,0.0020873844623565674,0.08180224895477295,0.000683322548866272,0.031936198472976685,-0.00047907233238220215,0.04366171360015869,0.49726720303698246,1.3040089037843645,0.11967158612305176,-0.7838929148505542,-0.7163362352909592,1.081399194685354
84796433e41b95aa753bf782,pcb1,evaluation,1,9,ok,0.034136113108075725,0.0771480682695636,0.30722501797268154,0.003730088472366333,0.18003767728805542,0.0025075972080230713,0.08323368430137634,0.004079759120941162,0.06266528367996216,1.4133633679915183,5.214536053420317,0.9472831625170419,1.8506515561634753,1.861618090060413,2.84807783144246
865bc45db108543bd63d26aa,pcb1,calibration,1,9,ok,0.008527038900870677,0.01947439891365125,0.04739396117900791,0.0010197162628173828,0.026948213577270508,0.0002317577600479126,0.023042917251586914,0.0012343376874923706,0.03513908386230469,-0.09814544408740516,-0.8796044651425184,-0.08518805211295787,-1.2406354723583917,0.25257275313325583,0.28908765408386305
8663dc42040eee78d0739f78,pcb1,evaluation,1,9,ok,0.026413185291689966,0.05942966690630242,0.23771866762520968,0.003716796636581421,0.051492273807525635,0.0020112693309783936,0.0580657422542572,0.002812325954437256,0.03543400764465332,1.4059508337105,0.0974382934748868,0.7221160284632864,0.5580723683871722,1.1449026670103626,0.3165054257740717
8750c1aeab594622d8784573,pcb1,evaluation,1,9,ok,0.022268152408339324,0.05065300742870836,0.2004133716750539,0.003185465931892395,0.07462868094444275,-0.0015487074851989746,0.05075499415397644,0.00011259317398071289,0.028374791145324707,1.1096405928380049,1.0184456101731945,-0.8929247824003658,0.18260579969409454,-0.38175780945826904,-0.3397589987122206
87ab47efadac77df23c6deae,pcb1,evaluation,1,9,ok,0.018647655563543412,0.04222914503288335,0.16782890007189072,0.0015740394592285156,0.04026436805725098,0.000513717532157898,0.04437485337257385,0.0035252273082733154,0.04661911725997925,0.21098715148869002,-0.3495188890299798,0.04272753905328336,-0.14506648966846789,1.548038239686723,1.3563360536087745
87ad24a6a73178c9b818b670,pcb1,calibration,1,9,ok,0.030529595015576325,0.0689432063263839,0.27476635514018694,0.001567453145980835,0.04218283295631409,-0.0010249912738800049,0.03463500738143921,0.00024121999740600586,0.02445608377456665,0.20731412441222136,-0.273149200408506,-0.6553324894541279,-0.6452870558441661,-0.30902117086995035,-0.7040640512127804
87d7bf2271beb95db195949e,pcb1,calibration,1,9,ok,0.01259618712889741,0.0286065180924994,0.11336568416007668,-0.0006864964962005615,0.05060678720474243,-0.0017983615398406982,0.07059779763221741,0.006155326962471008,0.03788676857948303,-1.0496588972770302,0.06218910222512013,-1.0061843646009367,1.2016956702560526,3.0353221739724057,0.5445278618973401
88214944719c4af8d3143df7,pcb1,evaluation,1,9,ok,0.027733844556274465,0.06240115025161754,0.24960460100647017,-0.001063913106918335,0.09782841801643372,0.0013558566570281982,0.13999825716018677,0.0027580857276916504,0.041902005672454834,-1.2601349827810984,1.9419739463722343,0.4247775144660369,4.765975556152922,1.114230590497216,0.9178068596792849
88b7afba082517328cdb6fb2,pcb1,evaluation,1,9,ok,0.01582195063503475,0.03575432010011449,0.14239755571531273,0.002782166004180908,0.1031317412853241,0.003077283501625061,0.06515005230903625,-0.0005539059638977051,0.030332624912261963,0.8847300095243753,2.153087085268841,1.2057305235717173,0.9219094957700196,-0.7586535892055256,-0.15774777261919629
88df36a01535eb14c196767d,pcb1,evaluation,1,9,ok,0.03243070532790159,0.07320073488297787,0.2918763479511143,0.0035020411014556885,0.11884552240371704,0.003490060567855835,0.048954159021377563,0.002238243818283081,0.04049399495124817,1.2861868829727936,2.7786166801359227,1.392993486836491,0.0901182213034676,0.8202673868605055,0.7869102728256158
8a19c172453e419aab8e520d,pcb1,evaluation,1,9,ok,0.009665308730729292,0.02187874430865085,0.08698777857656362,0.0006802678108215332,0.07242277264595032,-0.0009032785892486572,0.09043368697166443,0.0028246641159057617,0.050336748361587524,-0.2874476087977129,0.9306334589236915,-0.6001155700668613,2.2204304433734237,1.1518797217776386,1.7019479264818242
8ad961d56efb06cc9e822f11,pcb1,evaluation,1,9,ok,0.03928029395319115,0.08897675533189552,0.30358055755252017,-0.0017780065536499023,0.07843297719955444,0.00149458646774292,0.06799209117889404,0.00045102834701538086,0.043488502502441406,-1.658367570017594,1.1698859208969412,0.4877145271368807,1.0678713820121233,-0.19037753424766965,1.0652965179408622
8be118bc14a8534c33f3d714,pcb1,evaluation,1,9,ok,0.022735442127965494,0.051483744708043774,0.15510623851745348,-0.00023005902767181396,0.02335941791534424,0.0022427141666412354,0.04405340552330017,-0.0036248117685317993,0.035068660974502563,-0.7951147968713481,-1.022466191391068,0.8271147052413256,-0.161575459656905,-2.4952071299230485,0.28254074679769053
8c0ead322ee64bc3d0700295,pcb1,evaluation,1,9,ok,0.03044572250179727,0.06905503634475597,0.2740115025161754,0.005570501089096069,0.1054074764251709,0.003968179225921631,0.08132296800613403,0.00042635202407836914,0.06566309928894043,2.439716825368195,2.2436788829607983,1.6098997154677148,1.7525206834702924,-0.20433164378222196,3.1267716121940863
8c52345ebb24b75aa732aaa2,pcb1,calibration,1,9,ok,0.01912293314162473,0.0431104720824347,0.17210639827462257,0.002194330096244812,0.0358145534992218,-0.0006034672260284424,0.04366299510002136,0.0012774169445037842,0.04991888999938965,0.5569081879415425,-0.526655803229425,-0.46410131711977465,-0.18162622053661265,0.2769334600561972,1.6631014656018308
8d6dc0e57924c4f652c3d326,pcb1,evaluation,1,9,ok,0.03774928774928775,0.07566232659690604,0.17678595201959688,0.0004086792469024658,0.03565451502799988,-0.0006620287895202637,0.028925031423568726,0.0037701427936553955,0.019597619771957397,-0.4389059605979793,-0.5330265678030398,-0.4906687134459203,-0.9385409131531419,1.6865344620960843,-1.1557341597670334
8d9cc0fe81cdd6e214ae8157,pcb1,evaluation,1,9,ok,0.03354767420187981,0.07581808983678143,0.3019290678169183,0.0010391473770141602,0.039394497871398926,0.002100929617881775,0.06047406792640686,0.0026097893714904785,0.027246862649917603,-0.08730918321022162,-0.38414642652991887,0.7627918614644106,0.6817595429435976,1.0303711109755587,-0.4446175683524114
8dd9773724248f7138807228,pcb1,evaluation,1,9,ok,0.040797987059669305,0.09215725430678702,0.3413431583992332,0.0005557239055633545,0.047962844371795654,0.00016427040100097656,0.029999345541000366,0.0019376873970031738,0.029530763626098633,-0.356902722610213,-0.04306019943462343,-0.11580477932952622,-0.883366117107974,0.6503070068412298,-0.23229330264109954
8e0e4defcc18d10300da6b0d,pcb1,evaluation,1,9,ok,0.011762121575205687,0.026676784620709854,0.10585909417685119,0.0028546899557113647,0.11481046676635742,-0.0013808012008666992,0.06603583693504333,0.0023344755172729492,0.028242677450180054,0.9251748574455811,2.617990367532567,-0.8167513926286077,0.9674017640804523,0.8746850434874011,-0.35204103002817605
90721e1d829bb539455cc820,pcb1,calibration,1,9,ok,0.045067497403946,0.1017733045770429,0.405607476635514,0.0011209845542907715,0.05190601944923401,0.0006077289581298828,0.037405580282211304,5.811452865600586e-05,0.019488483667373657,-0.04167057528269703,0.11390855875896432,0.08537733636159199,-0.5029955302577525,-0.412564708285759,-1.1658800651762438
90be51adb35b52806ba0d167,pcb1,evaluation,1,9,ok,0.02898061613014884,0.06583393242271747,0.21625129802699897,0.00283852219581604,0.07384061813354492,0.0002422630786895752,0.07663881778717041,8.192658424377441e-05,0.04049012064933777,0.9161584900746117,0.9870746366871423,-0.08042214513842029,1.5119513483170737,-0.3990993296407018,0.7865500959541801
90ea34a359c519167346cf51,pcb1,evaluation,1,9,ok,0.02060867481428229,0.046441409058231485,0.1854780733285406,0.0026650577783584595,0.05720466375350952,0.0051863789558410645,0.06033146381378174,0.0004138946533203125,0.05489158630371094,0.8194215937009202,0.3248354388030464,2.16255564026544,0.6744356581489869,-0.2113761097066699,2.125391250680798
92b43bf77b964eec56ba53d4,pcb1,evaluation,1,9,ok,0.055395798386452595,0.1250778816199377,0.49116343158399234,0.0003324747085571289,0.03432595729827881,0.002753809094429016,0.028985679149627686,0.003247171640396118,0.04121538996696472,-0.4814033824736823,-0.5859134046609877,1.0589811496663815,-0.9354261575508361,1.3908017155836152,0.8539752062869326
94207dc5834ad224b761e5d1,pcb1,evaluation,1,9,ok,0.0482020661927204,0.10872740101712064,0.3884874990015177,0.0006232112646102905,0.044817566871643066,-0.0006468594074249268,0.043663084506988525,-0.00016698241233825684,0.01828831434249878,-0.3192666601004244,-0.16826648464322183,-0.48378687897772277,-0.18162162875931193,-0.5398538258153167,-1.2774545481730497
9423d6cad5d1a288ca874d1d,pcb1,calibration,1,9,ok,0.02785765636232926,0.06296961951167558,0.19410496046010065,0.0010191947221755981,0.019055455923080444,0.0018093287944793701,0.03895604610443115,-0.0029242634773254395,0.03789201378822327,-0.09843629464775902,-1.193797049385062,0.630502452124374,-0.42336645890150904,-2.0990570384086107,0.5450154859694376
96d29042e067ef2b0e292923,pcb1,evaluation,1,9,ok,0.037742631200575125,0.08529834651329979,0.33968368080517614,0.003498181700706482,0.21096175909042358,0.0010288655757904053,0.11077499389648438,0.0016128122806549072,0.05779510736465454,1.284034588826175,6.44555284153313,0.27643274475078494,3.2651225335716316,0.46659475075891693,2.395318880499944
994ee0767e845a41397045f6,pcb1,calibration,1,9,ok,0.025752855659397715,0.05794392523364486,0.21401869158878506,0.004168376326560974,0.028621762990951538,0.00257226824760437,0.05007794499397278,-0.00015780329704284668,0.03432726860046387,1.6577858688968863,-0.8129843004066997,0.97662222105533,0.14783380078835426,-0.5346631667130919,0.21361674656150206
9954fa04012d1a81deffe93d,pcb1,evaluation,1,9,ok,0.022225550496578535,0.05055715312724658,0.2000299544692068,0.0035674571990966797,0.08263972401618958,-0.0010784119367599487,0.04234731197357178,0.0025128424167633057,0.027024507522583008,1.3226678532571767,1.3373468656620469,-0.6795676334310318,-0.24919728470122732,0.9755489874056326,-0.4652889501814986
99a60adaa94936c5279259d9,pcb1,evaluation,1,9,ok,0.023767207178422133,0.054043853342918766,0.2139048646057992,0.0013824403285980225,0.07594692707061768,-0.002101004123687744,0.0554695725440979,-0.0009705126285552979,0.02202698588371277,0.10413696563069454,1.0709219657383173,-1.1434830463780408,0.4247378697219837,-0.9942387307315004,-0.9298866378289726
9a73c02cbb9c75c3f2572eea,pcb1,calibration,1,9,ok,0.03363221237053013,0.07589730276646164,0.30268991133477113,-0.0013856589794158936,0.04251393675804138,-6.464123725891113e-05,0.04986774921417236,-0.0008443295955657959,0.03115445375442505,-1.4395648484713954,-0.2599687172776192,-0.21965423031228692,0.13703853235441701,-0.9228840208652026,-0.08134594641374009
9bb458c7f0a120e60f0f5780,pcb1,evaluation,1,9,ok,0.03388449556673856,0.0763239875389408,0.2916486939851426,-0.0029156506061553955,0.0653129518032074,-0.002758026123046875,0.05091363191604614,-0.0016270279884338379,0.04885038733482361,-2.2928040523254585,0.6476077938829053,-1.441551656762879,0.19075314321796352,-1.3654888260656228,1.563767455051199
9d75e43c79103c70bb0d8a41,pcb1,calibration,1,9,ok,0.046569214793513856,0.10517613227893602,0.3917086029235562,-0.00048032402992248535,0.039532601833343506,0.0007715523242950439,0.03424268960952759,-0.0013432800769805908,0.0367124080657959,-0.934681515761147,-0.37864882447514575,0.15969844455743049,-0.665435774639622,-1.205033419207564,0.4353527109825591
9e0910333eb25b235b3e624a,pcb1,calibration,1,9,ok,0.023665361983118992,0.053422797348030994,0.21298825784807093,0.0007691234350204468,0.08229562640190125,0.00014856457710266113,0.054481714963912964,0.0011203289031982422,0.041073739528656006,-0.23789498332942646,1.3236491286477157,-0.12292997926025333,0.3740033223265891,0.18810240769312306,0.8408065857489817
9edccd3149b8c7ecf98d85b0,pcb1,evaluation,1,9,ok,0.03838032856724446,0.08670953484037597,0.295714513938813,-0.002313673496246338,0.10827714204788208,0.0008726716041564941,0.05026248097419739,0.0006469488143920898,0.04945072531700134,-1.9570960255490313,2.35791369130221,0.20557283424425601,0.1573112291369916,-0.07958729743589783,1.6195782465758113
9ee551b136ab48c842ab8213,pcb1,evaluation,1,9,ok,0.0304097771387491,0.06851585589903347,0.22788561386692227,-0.00408405065536499,0.06272926926612854,-0.0008400380611419678,0.03771936893463135,-0.0015635788440704346,0.05762606859207153,-2.9443924076781904,0.5447573164257409,-0.5714254860953187,-0.48687992252474166,-1.3296092376609587,2.379604086540075
a0c6aaf391c47af3432bd6db,pcb1,calibration,1,9,ok,0.04928774928774929,0.10141917618553133,0.31300023963575363,-0.00036832690238952637,0.04167211055755615,0.0006008297204971313,0.08310449123382568,-0.0013077259063720703,0.023449838161468506,-0.8722234354291596,-0.2934798880245282,0.08224738610739213,1.844016437963969,-1.1849280415810894,-0.7976102964985732
a22f68f59b28b1091c66c927,pcb1,evaluation,1,9,ok,0.020147375988497484,0.04567657161115105,0.18132638389647734,0.002078905701637268,0.05557602643966675,0.001688152551651001,0.04906433820724487,0.00032326579093933105,0.021864086389541626,0.4925388039272298,0.26000312177904095,0.5755288981996369,0.09577682153035913,-0.2626254419464931,-0.945030689977182
a51198ecdfd31320f770ef6d,pcb1,evaluation,1,9,ok,0.015673509598743245,0.03564182442687116,0.14106158638868918,0.005313217639923096,0.13094064593315125,0.0019683539867401123,0.1306096613407135,0.001580268144607544,0.0886475145816803,2.296236088937634,3.260095813912227,0.7026467914609201,4.283794552399226,0.4481915048510291,5.263531984351316
a7816abdfded36a3b8a8d38b,pcb1,evaluation,1,9,ok,0.04319634156082754,0.09744854487845142,0.3364665708123652,-0.0021102428436279297,0.052390098571777344,0.002171546220779419,0.04525497555732727,0.002253890037536621,0.05104905366897583,-1.8436476869790084,0.133178638641502,0.7948282205457349,-0.09986503392041249,0.8291151012392978,1.7681678295909267
a7b0d374a67a0a9b5daee1c9,pcb1,evaluation,1,9,ok,0.0385121282317544,0.08690789999201214,0.3466091540857896,-0.00021232664585113525,0.21161064505577087,-0.00014865398406982422,0.10556799173355103,0.0009602010250091553,0.04892811179161072,-0.7852258778193172,6.471383503928161,-0.2577679658051137,2.99770048476394,0.09755237082216932,1.5709931572104618
a8fdc87ff474c353e7d68b64,pcb1,evaluation,1,9,ok,0.02062731315067764,0.04678754959128791,0.18564581835609872,-0.0018667429685592651,0.08231979608535767,0.0013603270053863525,0.08277326822280884,0.0022516250610351562,0.05054965615272522,-1.7078537153577995,1.324611268325407,0.4268055599871167,1.8270054336573225,0.8278342892530345,1.7217410308628722
a942a23aa6f4b43467c8311d,pcb1,calibration,1,9,ok,0.021667066059589422,0.04901083686130415,0.1950035945363048,-0.0015878379344940186,0.04379788041114807,-0.002389669418334961,0.0470852255821228,0.0005311369895935059,0.03288400173187256,-1.552315145696569,-0.20885786451030472,-1.2744407058259017,-0.005866760797856437,-0.14507723662825336,0.07944255017776865
aa68846fef27ea2ea5243138,pcb1,calibration,1,9,ok,0.022254173656042816,0.05015576323987539,0.20028756290438535,-0.00026854872703552246,0.0715838372707367,-0.0012256503105163574,0.05038958787918091,0.0008401572704315186,0.02890107035636902,-0.8165795682254625,0.8972373653022278,-0.7463646927436641,0.16383920586614834,0.02966933555021665,-0.29083312661466654
abe9ea14968ee5b2544a71e4,pcb1,calibration,1,9,ok,0.019703384189365496,0.04457225017972682,0.17733045770428948,0.0006740391254425049,0.11034291982650757,-0.005367487668991089,0.08124586939811707,0.0016103684902191162,0.02991563081741333,-0.29092119548993894,2.4401475678729168,-2.6253759086310655,1.7485610408446586,0.46521282203689607,-0.19651388635094647
ae88f967f93fdad6f994fcae,pcb1,evaluation,1,9,ok,0.03946002076843198,0.08890486460579919,0.35514018691588783,-0.0009268224239349365,0.07877567410469055,0.0022506266832351685,0.06404134631156921,0.0009865760803222656,0.029687434434890747,-1.1836828354880857,1.1835278988917268,0.830704345813637,0.864968396056517,0.1124670893464191,-0.21772830407850585
af0b57367f305eb2a17d8514,pcb1,evaluation,1,9,ok,0.03697712809862343,0.0835743003967303,0.26964014697659555,-0.0003986060619354248,0.118695467710495,-0.005770742893218994,0.05945751070976257,-0.0016340911388397217,0.03647848963737488,-0.8891093879617034,2.772643346871835,-2.8083191349359393,0.6295510350346796,-1.369482937128049,0.41360633972180244
b0a316b033d969740d45d749,pcb1,calibration,1,9,ok,0.005005724631892856,0.011342759006310408,0.0450515216870357,0.0006320476531982422,0.11722302436828613,0.0005947798490524292,0.09748154878616333,-0.0015468299388885498,0.057482123374938965,-0.31433882060642915,2.7140287537082233,0.07950276450219744,2.5823956562100205,-1.3201379700783278,2.3662221304705815
b0a645e9e999e31802a4613e,pcb1,calibration,1,9,ok,0.017924754373352503,0.040402588066139465,0.16132278936017252,0.004186838865280151,0.0767662525177002,-0.0011763572692871094,0.09327095746994019,0.003003537654876709,0.024621009826660156,1.6680819787334127,1.1035374330861425,-0.7240021107978906,2.366147434826157,1.2530301631138503,-0.6887315988548969
b10423a934a65fe8029be8b3,pcb1,evaluation,1,9,ok,0.03581156641904305,0.08103482706286444,0.3114246345554757,0.004897475242614746,0.06880134344100952,0.002053558826446533,0.03412449359893799,0.0028002262115478516,0.03360292315483093,2.064386642255563,0.7864726661559411,0.7413013390927015,-0.6715061042311427,1.13806043455743,0.1462775245596304
b23063e2abb2fd513e544117,pcb1,evaluation,1,9,ok,0.02512181484144101,0.05682961897915169,0.2013439571850787,0.00494028627872467,0.05184859037399292,0.0029053092002868652,0.03869631886482239,0.0014924705028533936,0.030346810817718506,2.088261318252609,0.11162243895759448,1.1277116123757767,-0.43670557196003207,0.3985431875940349,-0.15642897115147808
b35291828b7ef5ca62387b34,pcb1,evaluation,1,9,ok,0.0245014245014245,0.05529994408499082,0.2205128205128205,0.00015281140804290771,0.10736396908760071,0.0017150044441223145,0.05937671661376953,0.002938896417617798,0.02129039168357849,-0.5815972455075796,2.3215623696448295,0.5877106916295897,0.6254015989472836,1.2164764631374685,-0.9983645728628446
b3987a6e76637494d22b6173,pcb1,evaluation,1,9,ok,0.010394866469632825,0.023516255291956226,0.09355379822669542,0.00201280415058136,0.04170429706573486,0.002796843647956848,0.03687697649002075,0.0011629760265350342,0.042683184146881104,0.4556755729063815,-0.29219861693709726,1.0785044678826432,-0.5301436482519032,0.21221874917131678,0.9904295993259855
b3c5e4b55365dfe49bbfc529,pcb1,evaluation,1,9,ok,0.04305721969273371,0.09739862076310675,0.34174055435737677,-0.0024158358573913574,0.057287245988845825,-0.0010513365268707275,0.06190335750579834,-0.0019906461238861084,0.028337746858596802,-2.014069495314346,0.32812284823200116,-0.667284437725025,0.7551652254649639,-1.5711097082287546,-0.34320284372140913
b5ea6993fe6ad62f54a3b9d0,pcb1,calibration,1,9,ok,0.012017733045770428,0.02737039699656522,0.10815959741193386,0.0003553032875061035,0.04642987251281738,-0.0007696747779846191,0.04339653253555298,0.0011521875858306885,0.034891366958618164,-0.4686724379461937,-0.1040842940598758,-0.5395040495935224,-0.1953112474851215,0.20611803944727336,0.26605849904253176
b6aa2abf6edc5d2bf8d3db40,pcb1,calibration,1,9,ok,0.01784953537289986,0.040480469686077165,0.14095375029954468,0.00393657386302948,0.05479356646537781,0.002557039260864258,0.05148676037788391,0.0011710822582244873,0.04411345720291138,1.5285152598436138,0.22885518437117128,0.9697133459801848,0.22018796630786103,0.2168027078589958,1.12339581789475
b7d6be412991b8875483fd9d,pcb1,evaluation,1,9,ok,0.029636286178342252,0.06721782890007189,0.2667265756050803,0.005310773849487305,0.12305372953414917,0.004429489374160767,0.06572744250297546,0.004074156284332275,0.026449650526046753,2.294873246311976,2.94613575664481,1.8191804929396784,0.9515631935779169,1.8584497656733407,-0.5187308861285919
b7dca54dcbee636d18208a6c,pcb1,calibration,1,9,ok,0.014746918017946056,0.033549005511622335,0.1327222621615145,0.0011793971061706543,0.07506260275840759,0.0027124732732772827,0.06725138425827026,0.002243220806121826,0.04237163066864014,-0.009095312523065488,1.0357190426111522,1.0402284887481301,1.029830037668287,0.823081802672426,0.9614658376799223
b9d7dae8a5c5fcbebbb0a494,pcb1,evaluation,1,9,ok,0.03401895785073355,0.07709880980909019,0.30617062065660194,0.0024703145027160645,0.08834823966026306,0.00451304018497467,0.0928143560886383,0.0015324652194976807,0.04079282283782959,0.7108179944647914,1.5645897839148675,1.8570846637286602,2.3426972281515,0.42115963082515717,0.8146909919785789
b9f3c71d7a12586e6a9691a3,pcb1,calibration,1,9,ok,0.01919881779694864,0.04361370716510903,0.17278936017253774,0.0007823705673217773,0.04699218273162842,0.0031227171421051025,0.03830525279045105,0.0007352232933044434,0.01939404010772705,-0.23050737909643862,-0.08170001361761013,1.2263422262176253,-0.4567900058732781,-0.02966933555021665,-1.174660069065317
baa4d638140bceaf22b6a72c,pcb1,evaluation,1,9,ok,0.02905982905982906,0.06558830577522166,0.26153846153846155,0.007354483008384705,0.0872471034526825,0.008793175220489502,0.09019815921783447,0.0020723044872283936,0.0376206636428833,3.4346002521145844,1.5207560763793135,3.7988368478865344,2.208334171370956,0.726431056077429,0.5197892520123489
bbaf9a0abf2c59a5894750b2,pcb1,calibration,1,9,ok,0.017573288601325985,0.03977953510663791,0.15815959741193386,0.0028091371059417725,0.1004791259765625,-0.0004893839359283447,0.07968872785568237,0.0024283230304718018,0.026530563831329346,0.8997711385026745,2.047492552232762,-0.4123455954218176,1.6685891167832965,0.9277544769708616,-0.5112087306982244
bcb8634e535bdd0ef7b0d2c3,pcb1,evaluation,1,9,ok,0.028966637377852333,0.06543254253534628,0.26069973640067096,0.005994677543640137,0.08476388454437256,0.005358263850212097,0.09815225005149841,0.0026046335697174072,0.08422037959098816,2.6762697411119882,1.4219048256218987,2.240533990550959,2.6168416389274114,1.0274555784278805,4.8519606439531255
bd170c0615eb028f0d2ee072,pcb1,calibration,1,9,ok,0.013431583992331656,0.030569534307852066,0.0739109886306148,0.002417236566543579,0.017511099576950073,0.0011765360832214355,0.016398370265960693,0.000934407114982605,0.01682707667350769,0.6812177174367793,-1.2552743343393873,0.3434258484637884,-1.581887177791547,0.08296628168913182,-1.4132994111219808
bd5ea3af2c9e7796fc4885b2,pcb1,evaluation,1,9,ok,0.040132997843278215,0.09087187475037942,0.33380461698218705,-0.004222214221954346,0.0728539228439331,-0.0016913414001464844,0.05386906862258911,-0.0013249516487121582,0.04382273554801941,-3.021442876123931,0.9477965596846761,-0.957632954826286,0.3425389336697838,-1.1946689537924073,1.096368699580483
be71b1c9c44662185bcefb39,pcb1,evaluation,1,9,ok,0.039071278323614775,0.07333519716697287,0.23442766994168862,0.00043742358684539795,0.05173361301422119,0.0007393807172775269,0.051076740026474,0.0004238635301589966,0.055799901485443115,-0.42287593971447696,0.10704545390638286,0.1451032769573927,0.19913007560686732,-0.20573885168818226,2.209833332893225
be972a0e65fd4a19c589368b,pcb1,calibration,1,9,ok,0.02740700801448465,0.06227534148094896,0.24666307213036184,5.353987216949463e-05,0.08644390106201172,0.00012217462062835693,0.0570414662361145,0.0011444389820098877,0.01937192678451538,-0.636958572166933,1.4887824309373217,-0.1349022079863612,0.5054674370379607,0.20173631423110958,-1.176715847823819
c274dd625fa6667a0f1253e3,pcb1,evaluation,1,9,ok,0.01884468940543707,0.042834890965732085,0.1696022046489336,0.002339184284210205,0.044165074825286865,-0.0016556382179260254,0.04421740770339966,0.0013679862022399902,0.04186627268791199,0.6376898535758226,-0.1942406968545301,-0.9414356312645951,-0.15315260949499424,0.32814908671743453,0.9144849206881207
c2de138bd844b8b54a67aa67,pcb1,evaluation,1,9,ok,0.03997923156801662,0.09044918390712783,0.34555475676971004,0.003950342535972595,0.08306366205215454,0.00048300623893737793,0.038104116916656494,0.00021260976791381836,0.015807926654815674,1.5361937146369555,1.3542228667904774,0.028794866323464986,-0.46711997420741147,-0.32519984859117046,-1.5080453224487862
c367c59aa42bc4ecd3ea4e25,pcb1,evaluation,1,9,ok,0.01631520089464015,0.036981122027851,0.14683680805176133,-0.00027094781398773193,0.05256080627441406,-0.0026863515377044678,0.05882266163825989,0.0012191236019134521,0.0684460997581482,-0.8179174808030902,0.13997412085335795,-1.4090353269082325,0.596946355014868,0.2439694041992112,3.3854949707202655
c415f04e8f8cc4ea36be7511,pcb1,evaluation,1,9,ok,0.03545610671778896,0.08047567697100408,0.2899992012141545,-0.002532094717025757,0.10090431571006775,0.0009839534759521484,0.043940186500549316,0.002382636070251465,0.04346787929534912,-2.078904240225225,2.064418380570148,0.2560576474156697,-0.16739018031202021,0.9019191509847881,1.063379268748297
c42b0d49fffb425a8b7af6a7,pcb1,evaluation,1,9,ok,0.02833692786963815,0.06407194397848603,0.25503235082674336,0.0005547404289245605,0.14076754450798035,-0.0017771720886230469,0.04596894979476929,0.0004565715789794922,0.029955416917800903,-0.3574511836668803,3.651282113250308,-0.9965714288310185,-0.06319663098948458,-0.18724291543918326,-0.19281514694043428
c4a580779a7ea8902c9cca6e,pcb1,calibration,1,9,ok,0.03376068376068376,0.07651969007109194,0.3038461538461538,3.382563591003418e-05,0.07606080174446106,0.0038443654775619507,0.05932486057281494,0.001342475414276123,0.021620631217956543,-0.6479527233483087,1.0754550553911633,1.5537296146855406,0.6227383681128796,0.31372309908268,-0.9676636504599341
c4ac42eb5ee0a4789bf270c7,pcb1,evaluation,1,9,ok,0.040762041696621135,0.0921998562185478,0.3668583752695902,0.0007456839084625244,0.09652772545814514,-0.0009308159351348877,0.07764169573783875,-0.0015285015106201172,0.023884743452072144,-0.2509666385133296,1.8901963580946084,-0.6126083304767129,1.5634573142989852,-1.309773504663171,-0.7571790573842628
c4fdfe5a7fe8f4ead0327626,pcb1,calibration,1,9,ok,0.03738717149932103,0.08470724498761882,0.3364845434938893,0.0038395673036575317,0.03290131688117981,-0.0010498762130737305,0.03849667310714722,-2.0384788513183594e-05,0.02457207441329956,1.4744170556177971,-0.6426250729873406,-0.6666219428548056,-0.4469590106724871,-0.45695495528335667,-0.6932809098002609
c60a949f547b58c2556975b5,pcb1,calibration,1,9,ok,0.04959994142237133,0.11241912293314163,0.44639947280134196,0.005307286977767944,0.043395549058914185,-0.00010460615158081055,0.06112352013587952,-0.00047013163566589355,0.020962119102478027,2.29292870256561,-0.22487375310319144,-0.2377849572707405,0.7151142132558563,-0.711280398503078,-1.0288826362387187
c62ede3434899c46ab3c060b,pcb1,evaluation,1,9,ok,0.04059429666906302,0.09146896716990174,0.36534867002156723,0.0020011067390441895,0.07643359899520874,0.0017420947551727295,0.10203203558921814,0.002622663974761963,0.037814438343048096,0.44915221033844505,1.0902952591251203,0.6000006474873334,2.816100284298698,1.0376515159501076,0.5378036367667686
c6d93e38f2d3cc43ebe963bd,pcb1,evaluation,1,9,ok,0.024778336927869637,0.05593897276140267,0.22300503235082675,-0.0007170736789703369,0.04022893309593201,0.0009424984455108643,0.05518755316734314,-0.002321988344192505,0.016070663928985596,-1.066711050129776,-0.3509294735882718,0.23725090528352283,0.4102538735231536,-1.7584790195876348,-1.4836197893828122
c80d99f16349f486cd50d3b9,pcb1,evaluation,1,9,ok,0.03603988603988604,0.08166387091620736,0.25811965811965815,0.0021556317806243896,0.07080817222595215,0.0024840235710144043,0.03017425537109375,0.0002969503402709961,0.042641013860702515,0.5353270763632867,0.8663599184572601,0.9365886024692144,-0.8743830701153782,-0.27750645489215703,0.9865092126099745
c85c45dfe965711f0fc10927,pcb1,calibration,1,9,ok,0.020555422424581304,0.046489336208962374,0.18499880182123174,0.0011532306671142578,0.053564488887786865,0.005314365029335022,0.0438331663608551,0.002375960350036621,0.028651535511016846,-0.023687700636818798,0.17992842426307934,2.220618583533955,-0.1728865377409538,0.8981441261831702,-0.31403128772644073
ca28c1ac4809a9f0fb28f49d,pcb1,evaluation,1,9,ok,0.022739436057193068,0.05171938653247064,0.2046549245147376,-0.0007883310317993164,0.050913989543914795,-0.0030828118324279785,0.04404866695404053,0.0029590576887130737,0.0214347243309021,-1.1064495466901225,0.07441812293737764,-1.5888959240210647,-0.16181882385384191,1.2278773750941407,-0.9849465991062075
cbff346b1c0d4878701b5c3d,pcb1,calibration,1,9,ok,0.03227627339776872,0.07269749980030354,0.2904864605799185,0.0006279349327087402,0.05394771695137024,0.0022574663162231445,0.050624966621398926,-0.0006144046783447266,0.043572187423706055,-0.3166323850252195,0.19518385473833344,0.8338072554608891,0.1759278249064484,-0.792864751470189,1.073076338363872
cce5f0ece2e4d97a20ddb6ac,pcb1,evaluation,1,9,ok,0.024663844290012515,0.055925659663977424,0.1903985941369119,0.003532901406288147,0.0565112829208374,0.00029768049716949463,0.03490358591079712,0.0016968697309494019,0.044369250535964966,1.3033969261297316,0.29723353776585365,-0.05528114082876744,-0.6314933568328741,0.5141280429596474,1.147175803183459
cce739504e31d78d39052287,pcb1,calibration,1,9,ok,0.023855739276300025,0.05415368639667705,0.21470165348670023,0.0033064037561416626,0.07713967561721802,0.0036452263593673706,0.03289678692817688,0.0010148286819458008,0.039252400398254395,1.1770846827760582,1.1184025504245774,1.4633869468731717,-0.734558859531872,0.12844353359612395,0.671484667895767
cd15115a93c64175713a89c8,pcb1,evaluation,1,9,ok,0.03439172457864047,0.07202718534494236,0.16563623292595256,-0.002397596836090088,0.027263551950454712,0.0018858611583709717,0.022579938173294067,0.0023974180221557617,0.036110877990722656,-2.003898035717971,-0.8670515675720493,0.6652225914452604,-1.2644132258138314,0.9102781344740852,0.37943109580519735
cd6b8e705d2a954b69ecbb41,pcb1,calibration,1,9,ok,0.019703384189365496,0.04457225017972682,0.17733045770428948,0.00017532706260681152,0.04926419258117676,-0.002710789442062378,0.04456213116645813,0.0012005865573883057,0.02937161922454834,-0.5690408113163032,0.008743488809598157,-1.4201219757568022,-0.13544824681594247,0.23348696925900403,-0.2470882602831483
cd76c7f3317d58ab297a3951,pcb1,evaluation,1,9,ok,0.026503714354181643,0.05988497483824587,0.2385334291876348,0.0019387006759643555,0.09405112266540527,0.003763854503631592,0.05500689148902893,-0.00021630525588989258,0.04186439514160156,0.414349863288104,1.7916084797273877,1.5172045148508932,0.4009754221908798,-0.5677451920951284,0.9143103734350404
cf502a9b6a4da184efe146b9,pcb1,calibration,1,9,ok,0.007877359746518625,0.018004632957903985,0.07089623771866763,0.003181561827659607,0.027569234371185303,0.004452258348464966,0.026398271322250366,0.0016556084156036377,0.03926670551300049,1.107463368643356,-0.8548830513278093,1.8295100047937116,-1.0683106620405565,0.49079535618357534,0.6728145517287601
cf85aafe67704fbbd77a8595,pcb1,calibration,1,9,ok,0.04063822989056634,0.06938253854141704,0.17170567404212264,-0.00016511976718902588,0.03213220834732056,-0.001653328537940979,0.029972702264785767,0.0019845664501190186,0.04531377553939819,-0.7588997470992884,-0.6732415201663501,-0.9403878077453706,-0.8847344667435815,0.6768164443990207,1.23498415384815
d05061981f58affed931bdbd,pcb1,evaluation,1,9,ok,0.03044572250179727,0.06883270761775434,0.2740115025161754,0.0006295144557952881,0.1966591477394104,0.0006153285503387451,0.14948368072509766,-0.0004819035530090332,0.05693283677101135,-0.3157515233281479,5.876198679315069,0.08882501374742768,5.253129454723272,-0.7179372502737884,2.3151573618749635
d178bd5629b190173e283933,pcb1,evaluation,1,9,ok,0.055180126208163593,0.12441888329738797,0.42913970764438053,0.003697037696838379,0.03908050060272217,0.004173338413238525,0.05796688795089722,0.0008304417133331299,0.024122536182403564,1.394931752481094,-0.39664593780507845,1.7029734845818048,0.5529953932850356,0.02417532624071899,-0.7350725092520705
d244dab5ed65b8c4fabe3bd3,pcb1,evaluation,1,9,ok,0.021667066059589422,0.04901083686130415,0.1950035945363048,0.0017831623554229736,0.17893081903457642,-0.0009328722953796387,0.18318700790405273,0.002013474702835083,0.06071758270263672,0.32760991617457497,5.170474564358108,-0.6135412314164097,6.984070315472724,0.69316365001317,2.6670086063978062
d2fe252d391127e1e99fef37,pcb1,evaluation,1,9,ok,0.012690710120616663,0.028693053225763505,0.11421639108554997,0.0015429258346557617,0.03796157240867615,-0.0008319467306137085,0.06129804253578186,-0.0002951622009277344,0.03876727819442749,0.19363583805958015,-0.4411879035250734,-0.5677547237021643,0.7240773625468158,-0.6123376725642413,0.626384982409387
d307c4c9423d23ff55df8e88,pcb1,calibration,1,9,ok,0.02577415661527811,0.058151609553478714,0.231967409537503,0.00129680335521698,0.0630788803100586,0.0020624548196792603,0.029108494520187378,7.18235969543457e-06,0.0259457528591156,0.056379303620591875,0.5586745304319004,0.7453371496796503,-0.9291185861321128,-0.4413661251873894,-0.5655760441457754
d36616000cd05d03f27f9267,pcb1,evaluation,1,9,ok,0.010353595867614558,0.0236280853103283,0.09318236280853104,0.0029328465461730957,0.06865563988685608,0.0052304863929748535,0.09280338883399963,0.004080384969711304,0.036859333515167236,0.9687608914186084,0.7806725417610803,2.182565689406761,2.3421339701359485,1.8619719986355647,0.4490117261839262
d4c3c0fa6e984dee52090406,pcb1,evaluation,1,9,ok,0.008043773464334212,0.018318822057139816,0.07239396117900791,0.001099318265914917,0.05458596348762512,0.0009719282388687134,0.05966338515281677,-8.082389831542969e-05,0.04029130935668945,-0.053753338561397086,0.22059098585724174,0.25060220496396496,0.6401243675657499,-0.4911324119694341,0.7680674812668942
d89efc52f77ac40ed9816215,pcb1,calibration,1,9,ok,0.02060268392044093,0.046703011422637594,0.18542415528396836,0.0014735758304595947,0.03492492437362671,-0.0021196305751800537,0.04942357540130615,-0.00147932767868042,0.06093081831932068,0.1549610235485278,-0.5620698988135924,-1.1519332360492067,0.11422658272455727,-1.281966402329824,2.6868321872833603
dbe0623545dce8b3b6d109c2,pcb1,evaluation,1,9,ok,0.00842319674095375,0.01912027052213968,0.07580877066858376,0.0017196238040924072,0.112577885389328,0.0035348981618881226,0.06093132495880127,0.00037626922130584717,0.06919428706169128,0.29217600790746556,2.529116422187461,1.4133347834129217,0.7052434226517926,-0.2326527561890036,3.4550506657771254
dc751ccf9d84151cf703ae6a,pcb1,calibration,1,9,ok,0.03404558404558405,0.053340256143994465,0.1361823361823362,-0.0007729232311248779,0.021447837352752686,0.0025753527879714966,0.02948060631752014,0.0024627745151519775,0.03270852565765381,-1.0978569901356687,-1.0985618303632858,0.9780215724648751,-0.9100076090066145,0.9472363013934973,0.06312930849305273
dd8f1a46f5698dcb4de08996,pcb1,evaluation,1,9,ok,0.035945363048166784,0.06757728253055356,0.19110951353942007,0.00044749677181243896,0.0517067015171051,0.0007711797952651978,0.039957016706466675,0.0004131495952606201,0.06256601214408875,-0.4172583688916426,0.10597416891383643,0.15952944076400716,-0.3719584508353457,-0.21179742943899332,2.8388489917597517
df6255da319f5f5a957fca34,pcb1,evaluation,1,9,ok,0.03534294538967436,0.08001238118060548,0.27257169102963497,0.0006915628910064697,0.09691888093948364,-0.001774221658706665,0.11255648732185364,0.002052098512649536,0.03859469294548035,-0.2811486166620495,1.9057673608932484,-0.9952329187871058,3.3566167574728745,0.7150048649368173,0.6103404880825885
e2855363f5e93ef846974a16,pcb1,evaluation,1,9,ok,0.029889235029421944,0.06755065633570306,0.15609473600127804,0.0005479753017425537,0.018925577402114868,-0.0006982684135437012,0.014537692070007324,-0.002364635467529297,0.024263083934783936,-0.3612239309354702,-1.1989672154952695,-0.5071094024701407,-1.6774481857887735,-1.7825953610658285,-0.7220064005929129
e3b11c995fbb85efa2bf9dc8,pcb1,evaluation,1,9,ok,0.026503714354181643,0.05988497483824587,0.2385334291876348,-0.0003075450658798218,0.0938461422920227,-0.002808317542076111,0.052063435316085815,0.004593312740325928,0.027755826711654663,-0.8383268801239205,1.7834486810798416,-1.4643671688750268,0.2498049298973528,2.1520253551563138,-0.3973014098110428
e3b68fe7ba83c9caac1a62d4,pcb1,evaluation,1,9,ok,0.03812604840642224,0.07181217882152462,0.22875629043853343,0.0058453381061553955,0.08746427297592163,0.006169542670249939,0.12603157758712769,0.0006736516952514648,0.027106285095214844,2.592986760658665,1.5294010971331184,2.608583691716525,4.048672595717067,-0.06448719822942574,-0.45768644760288774
e627b7117defb3cdfbc53291,pcb1,evaluation,1,9,ok,0.03526373245999414,0.07934339803498681,0.2909257927949517,2.2530555725097656e-05,0.05263739824295044,-0.0045539140701293945,0.06880727410316467,-0.00047510862350463867,0.033945292234420776,-0.6542517154839721,0.14302307149659638,-2.2562851440980123,1.1097376768474394,-0.7140948143149985,0.17810607762926634
e77e6c9b2f27c9dc936fe0a8,pcb1,calibration,1,9,ok,0.01682309556141332,0.03801488404292143,0.15140786005271986,0.0021488815546035767,0.04882490634918213,0.0003559887409210205,0.08071231842041016,0.005258917808532715,0.04489913582801819,0.5315626391107068,-0.008743488809598157,-0.02882866708214965,1.721158844506536,2.528415551224782,1.19643691683058
e87c123ccd5856be2e666803,pcb1,calibration,1,9,ok,0.02140746065979711,0.04840642223819794,0.19266714593817397,5.728006362915039e-05,0.04315546154975891,-0.0028343498706817627,0.0324665904045105,0.0026488006114959717,0.02552887797355652,-0.6348727581483954,-0.23443108632573184,-1.4761771539594484,-0.7566529613103895,1.052431412160014,-0.6043310755122506
e9bf42e68f852e5e3569a0d5,pcb1,evaluation,1,9,ok,0.029676891125489255,0.04655457038634609,0.11870756450195702,0.00037078559398651123,0.042513906955718994,0.0009814202785491943,0.04320797324180603,0.003101348876953125,0.017216920852661133,-0.46003833131168925,-0.2599699036397372,0.2549084216203911,-0.2049953058122902,1.3083410175732715,-1.377057306081599
eac4dbdac841657c026f2a91,pcb1,calibration,1,9,ok,0.014780200761509172,0.03355965598956253,0.13302180685358256,0.0028711408376693726,0.025304287672042847,0.0014336258172988892,0.04071858525276184,0.002306997776031494,0.037862926721572876,0.9343491151207426,-0.9450453859330535,0.46005874638108885,-0.3328456917880137,0.8591467717593125,0.5423113888423515
eb9bbfdc6a5896142320122b,pcb1,evaluation,1,9,ok,0.03321351545650611,0.07498202731847592,0.26867361610352264,0.004173189401626587,0.09116992354393005,-0.0028159022331237793,0.06085091829299927,0.0009041130542755127,0.027398526668548584,1.6604700040681517,1.676914549246313,-1.4678080861091256,0.701113884266033,0.06583542137286075,-0.4305180291313653
eba74f816c6d5107132eca7e,pcb1,evaluation,1,9,ok,0.03109007641717922,0.07050882658359293,0.279810687754613,-0.0006121993064880371,0.0576593279838562,-0.0009243786334991455,0.08638423681259155,0.0004728734493255615,0.020966172218322754,-1.0082251574506214,0.3429345792751264,-0.609687944926358,2.0124581352778486,-0.17802443969594636,-1.0285058358193706
ec9fa29331f55801682c7ff0,pcb1,evaluation,1,9,ok,0.00891045610671779,0.01692826903107277,0.053462736640306735,0.0002830028533935547,0.023833751678466797,0.0006195008754730225,0.020779460668563843,0.002772003412246704,0.042436838150024414,-0.5089926356272478,-1.0035840519211134,0.09071785623376885,-1.3568824370952555,1.122100843097018,0.967527891485316
ed7e6d55126c1227b0e4fd86,pcb1,evaluation,1,9,ok,0.02647708815933115,0.05974918124450835,0.1909058231488138,0.0017087459564208984,0.14115020632743835,-0.00013896822929382324,0.13238105177879333,-0.0009034872055053711,0.0730736255645752,0.2861096962200852,3.6665150028453204,-0.2533738671761074,4.374769905465491,-0.9563368076116837,3.8156957671456353
ee2caf42190a2195295595df,pcb1,evaluation,1,9,ok,0.01119564927976143,0.02545930186117102,0.10076084351785286,0.002164110541343689,0.05992764234542847,-0.0022507160902023315,0.08003535866737366,-0.0003135800361633301,0.031896114349365234,0.5400554754730393,0.4332309727997037,-1.2114022908790039,1.6863914373780964,-0.6227526963472768,-0.012397010855682976
ee42bf7f0a62514af24470d6,pcb1,calibration,1,9,ok,0.009241952232606439,0.02102803738317757,0.08317757009345794,0.0011884421110153198,0.04984685778617859,0.003528296947479248,0.0640978217124939,-0.0018425583839416504,0.06255632638931274,-0.004051132804928667,0.0319380545784521,1.4103400361934604,0.8678688687181235,-1.4873681982321476,2.8379485495811627
eea371653e7f4a1666591061,pcb1,evaluation,1,9,ok,0.036692893468594404,0.08299584631360332,0.3302360412173496,0.0006804764270782471,0.04241696000099182,-0.002670466899871826,0.03470331430435181,1.1652708053588867e-05,0.028222382068634033,-0.2873312685735714,-0.2638291396095639,-1.4018290051566622,-0.641778937986434,-0.4388382067934487,-0.3539278027162351
ef054abb510290e4a625b03d,pcb1,evaluation,1,9,ok,0.025838725137790557,0.05833599595281838,0.23254852624011502,-0.00083199143409729,0.040051549673080444,-0.003013908863067627,0.045612990856170654,0.00020843744277954102,0.02635115385055542,-1.1307978935997451,-0.35799070091455787,-1.5576369823894878,-0.08147802701599054,-0.3275592390921817,-0.5278876904370134
efac835c60bc11b56e745918,pcb1,calibration,1,9,ok,0.029187634795111432,0.06601965013179967,0.2626887131560029,-0.0003624856472015381,0.04405850172042847,-0.00023445487022399902,0.03555777668952942,0.0034295320510864258,0.028416872024536133,-0.8689659091531965,-0.1984831277884681,-0.2966929195063724,-0.5978953223236786,1.4939239332671004,-0.3358469237701658
f0c3fba61a2efd6739f3d64b,pcb1,evaluation,1,9,ok,0.026419841840402587,0.05972654897888543,0.2113587347232207,0.005339875817298889,0.06596371531486511,0.002566605806350708,0.03857216238975525,5.8144330978393555e-05,0.03954720497131348,2.311102707579721,0.6735131970913701,0.9740533633952956,-0.4430820200382658,-0.41254785549646605,0.6988913572207007
f2335ae7dc8c953617c96019,pcb1,calibration,1,9,ok,0.04387996911361397,0.09872993050563145,0.2944857150464627,0.0004250258207321167,0.012120813131332397,-0.00019188225269317627,0.02407035231590271,0.00013165175914764404,0.03489309549331665,-0.4297898730348886,-1.4698492778962935,-0.27737916599395557,-1.1878682982112223,-0.37098045070543545,0.2662191933390184
f2bf98b580ac49811aac941d,pcb1,evaluation,1,9,ok,0.047708815933115,0.10771627126767314,0.42690310727693903,0.0008442997932434082,0.0460909903049469,0.0013000071048736572,0.04892677068710327,0.0006120800971984863,0.025241583585739136,-0.1959709525584211,-0.11757441770355838,0.399440465756013,0.08871160685702092,-0.09930506090863483,-0.6310395758248629
f5210dd9617c6866335090e6,pcb1,evaluation,1,9,ok,0.020896237718667627,0.047160316319194824,0.18806613946800863,0.001033008098602295,0.08428335189819336,0.0005733966827392578,0.0566176176071167,-0.0011499524116516113,0.03552284836769104,-0.09073290980638697,1.402775922831402,0.06980194675969896,0.4836993514477926,-1.0957093750642777,0.3247645584952229
f5888129ebf48dd56e5780e8,pcb1,evaluation,1,9,ok,0.024998668690257474,0.05664390127006949,0.2249880182123173,0.0038068443536758423,0.05002596974372864,-0.0009527206420898438,0.04328030347824097,0.003522038459777832,0.03037092089653015,1.4561682604595954,0.03906809090758167,-0.6225457535300041,-0.2012805579760268,1.5462349912323787,-0.15418756277462087
f5be8c821d0e2b33f0067ae5,pcb1,evaluation,1,9,ok,0.03606518092499401,0.08161461245573395,0.32458662832494606,0.0018296539783477783,0.0659504234790802,0.0022430717945098877,0.05316007137298584,0.0022826194763183594,0.03132310509681702,0.3535371661261184,0.6729840795867459,0.827276948883012,0.3061261396752613,0.8453611901176896,-0.06566717014101464
f6f9cbebb8ba45b8c42b58c3,pcb1,evaluation,1,9,ok,0.02236600367441489,0.050483265436536466,0.201294033069734,-0.002517789602279663,0.06534561514854431,-0.0022313296794891357,0.04591113328933716,0.0022211074829101562,0.042190730571746826,-2.0709266248555194,0.6489080467642242,-1.2026073334692544,-0.0661659803106016,0.8105770330170664,0.9446483483751965
f8d31cce26e9ee33e673a259,pcb1,evaluation,1,9,ok,0.01999893495220598,0.04507149133317358,0.17999041456985382,0.004359394311904907,0.07783234119415283,0.0044599175453186035,0.078878253698349,0.0038966238498687744,0.04294821619987488,1.7643119641304874,1.1459759787709385,1.832984722786495,1.6269646555524837,1.7580576998553115,1.0150684679235022
fabb976489bbb5dcb38fc0f5,pcb1,evaluation,1,9,ok,0.03684532843411348,0.08304976435817557,0.3067816918284208,0.0032528042793273926,0.062382280826568604,0.00288255512714386,0.07734721899032593,0.003314077854156494,0.03496924042701721,1.1471935551876922,0.5309445022859646,1.1173888606734803,1.5483335304629249,1.42863622754626,0.2732980541583882
fdc9ef93a38479ccb01d0720,pcb1,evaluation,1,9,ok,0.040578320952152726,0.09154085789599808,0.36520488856937455,-0.001085519790649414,0.1114473044872284,0.00414806604385376,0.1222086250782013,-0.0007818043231964111,0.06981906294822693,-1.272184505995758,2.484110588879332,1.6915082672359667,3.8523327901165896,-0.8875268689286194,3.5131333421831012
ffb8687580c8245324343e64,pcb1,calibration,1,9,ok,0.03369678089304257,0.07642383576963016,0.22904385334291877,0.0024431347846984863,0.040988415479660034,-0.00019818544387817383,0.06319218873977661,-0.002786993980407715,0.0420670211315155,0.6956605252623507,-0.32069622137337367,-0.2802387101786781,0.8213572258469362,-2.02143309092534,0.9331476238111245
