category,epoch,loss,bce,dice,identity,residual_l1,normal_fp
grid,1,1.8412001132965088,0.445638507604599,0.9369526505470276,0.0,0.0,0.458609014749527
grid,50,1.82278573513031,0.430367648601532,0.9378719925880432,6.271645543165505e-05,0.0052400510758161545,0.44918063282966614
grid,100,1.8024019002914429,0.41426920890808105,0.9395763278007507,0.0003602131619118154,0.011460142210125923,0.4363757073879242
grid,150,1.7867387533187866,0.4025669991970062,0.9395809769630432,0.0007250835187733173,0.017741061747074127,0.4253995418548584
