dataset,category,num_test_images,num_test_normal,num_test_anomaly,image_auroc,image_ap,image_best_f1,image_best_threshold,pixel_auroc,pixel_ap,pixel_best_f1,pixel_best_threshold
VisA,candle,200,100,100,0.9857,0.9863181523947696,0.9556650246305419,0.5,0.9668067571972145,0.08740823407613266,0.17568302654898313,0.9157946944236766
VisA,MEAN,200,100,100,0.9857,0.9863181523947696,0.9556650246305419,,0.9668067571972145,0.08740823407613266,0.17568302654898313,
