strategy,category,num_images,num_defect_types,top1_accuracy,top2_accuracy,macro_f1
category_aware,grid,57,5,0.24561403508771928,0.43859649122807015,0.1781818181818182
category_aware,leather,92,5,0.21739130434782608,0.391304347826087,0.09739130434782609
category_aware,screw,119,5,0.21008403361344538,0.3865546218487395,0.08308823529411766
category_aware,wood,60,5,0.4,0.5,0.22896129211918687
category_aware,MEAN,328,20,0.2682723432622477,0.42911386522572414,0.14690566248573722
