strategy,category,num_images,num_defect_types,top1_accuracy,top2_accuracy,macro_f1
generic,MEAN,328,20,0.2701856944150658,0.4467501073656007,0.14950429681327
manufacturing_aware,MEAN,328,20,0.26837081514528005,0.46168450217615653,0.1594941231829422
category_aware,MEAN,328,20,0.2682723432622477,0.42911386522572414,0.14690566248573722
