strategy,category,num_images,num_defect_types,top1_accuracy,top2_accuracy,macro_f1
generic,grid,57,5,0.19298245614035087,0.40350877192982454,0.06666666666666667
generic,leather,92,5,0.2608695652173913,0.41304347826086957,0.16813779128672746
generic,screw,119,5,0.226890756302521,0.453781512605042,0.14503091111786764
generic,wood,60,5,0.4,0.5166666666666667,0.21818181818181817
generic,MEAN,328,20,0.2701856944150658,0.4467501073656007,0.14950429681327
