strategy,category,num_images,num_defect_types,top1_accuracy,top2_accuracy,macro_f1
manufacturing_aware,grid,57,5,0.14035087719298245,0.43859649122807015,0.10713286713286714
manufacturing_aware,leather,92,5,0.20652173913043478,0.41304347826086957,0.07450980392156863
manufacturing_aware,screw,119,5,0.19327731092436976,0.4117647058823529,0.07929678464029609
manufacturing_aware,wood,60,5,0.5333333333333333,0.5833333333333334,0.377037037037037
manufacturing_aware,MEAN,328,20,0.26837081514528005,0.46168450217615653,0.1594941231829422
