path_key,category,candidate_rank,crop_path,cached_margin,runtime_margin,margin_abs_diff,normal_similarity,anomaly_similarity
fruit_jelly_folder/test/bad/000321_000_regular.png,fruit_jelly,1,/root/private_data/iad-vlm-anomaly/results/stage11_mvtecad2_multicategory/stage11_c_candidate_crops/fruit_jelly/context_1.50/000321_000_regular_cand00_context_1.50.png,,0.00015679001808166504,,0.28098341822624207,0.28114020824432373
fruit_jelly_folder/test/bad/000322_000_shift_1.png,fruit_jelly,1,/root/private_data/iad-vlm-anomaly/results/stage11_mvtecad2_multicategory/stage11_c_candidate_crops/fruit_jelly/context_1.50/000322_000_shift_1_cand00_context_1.50.png,,-0.0007065534591674805,,0.2882218658924103,0.2875153124332428
fruit_jelly_folder/test/bad/000325_001_regular.png,fruit_jelly,1,/root/private_data/iad-vlm-anomaly/results/stage11_mvtecad2_multicategory/stage11_c_candidate_crops/fruit_jelly/context_1.50/000325_001_regular_cand00_context_1.50.png,,0.004160851240158081,,0.27315619587898254,0.2773170471191406
fruit_jelly_folder/test/bad/000326_001_shift_1.png,fruit_jelly,1,/root/private_data/iad-vlm-anomaly/results/stage11_mvtecad2_multicategory/stage11_c_candidate_crops/fruit_jelly/context_1.50/000326_001_shift_1_cand00_context_1.50.png,,0.002528846263885498,,0.2618231773376465,0.264352023601532
fruit_jelly_folder/test/bad/000330_002_shift_1.png,fruit_jelly,1,/root/private_data/iad-vlm-anomaly/results/stage11_mvtecad2_multicategory/stage11_c_candidate_crops/fruit_jelly/context_1.50/000330_002_shift_1_cand00_context_1.50.png,,0.009199976921081543,,0.28364822268486023,0.2928481996059418
fruit_jelly_folder/test/bad/000330_002_shift_1.png,fruit_jelly,2,/root/private_data/iad-vlm-anomaly/results/stage11_mvtecad2_multicategory/stage11_c_candidate_crops/fruit_jelly/context_1.50/000330_002_shift_1_cand01_context_1.50.png,,0.0169784277677536,,0.2456689029932022,0.2626473307609558
fruit_jelly_folder/test/bad/000330_002_shift_1.png,fruit_jelly,3,/root/private_data/iad-vlm-anomaly/results/stage11_mvtecad2_multicategory/stage11_c_candidate_crops/fruit_jelly/context_1.50/000330_002_shift_1_cand02_context_1.50.png,,0.014129936695098877,,0.2613821029663086,0.27551203966140747
fruit_jelly_folder/test/bad/000331_002_underexposed.png,fruit_jelly,1,/root/private_data/iad-vlm-anomaly/results/stage11_mvtecad2_multicategory/stage11_c_candidate_crops/fruit_jelly/context_1.50/000331_002_underexposed_cand00_context_1.50.png,,0.006992638111114502,,0.27743685245513916,0.28442949056625366
fruit_jelly_folder/test/bad/000331_002_underexposed.png,fruit_jelly,2,/root/private_data/iad-vlm-anomaly/results/stage11_mvtecad2_multicategory/stage11_c_candidate_crops/fruit_jelly/context_1.50/000331_002_underexposed_cand01_context_1.50.png,,0.008877485990524292,,0.2592724561691284,0.2681499421596527
fruit_jelly_folder/test/bad/000331_002_underexposed.png,fruit_jelly,3,/root/private_data/iad-vlm-anomaly/results/stage11_mvtecad2_multicategory/stage11_c_candidate_crops/fruit_jelly/context_1.50/000331_002_underexposed_cand02_context_1.50.png,,0.015481650829315186,,0.24980974197387695,0.26529139280319214
fruit_jelly_folder/test/bad/000334_003_shift_1.png,fruit_jelly,1,/root/private_data/iad-vlm-anomaly/results/stage11_mvtecad2_multicategory/stage11_c_candidate_crops/fruit_jelly/context_1.50/000334_003_shift_1_cand00_context_1.50.png,,0.00021089613437652588,,0.23811183869838715,0.23832273483276367
fruit_jelly_folder/test/bad/000335_003_underexposed.png,fruit_jelly,1,/root/private_data/iad-vlm-anomaly/results/stage11_mvtecad2_multicategory/stage11_c_candidate_crops/fruit_jelly/context_1.50/000335_003_underexposed_cand00_context_1.50.png,,-0.0010700225830078125,,0.23224879801273346,0.23117877542972565
fruit_jelly_folder/test/bad/000336_004_overexposed.png,fruit_jelly,1,/root/private_data/iad-vlm-anomaly/results/stage11_mvtecad2_multicategory/stage11_c_candidate_crops/fruit_jelly/context_1.50/000336_004_overexposed_cand00_context_1.50.png,,-0.00109824538230896,,0.2546071708202362,0.25350892543792725
fruit_jelly_folder/test/bad/000338_004_shift_1.png,fruit_jelly,1,/root/private_data/iad-vlm-anomaly/results/stage11_mvtecad2_multicategory/stage11_c_candidate_crops/fruit_jelly/context_1.50/000338_004_shift_1_cand00_context_1.50.png,,0.0008081495761871338,,0.26086702942848206,0.2616751790046692
fruit_jelly_folder/test/bad/000338_004_shift_1.png,fruit_jelly,2,/root/private_data/iad-vlm-anomaly/results/stage11_mvtecad2_multicategory/stage11_c_candidate_crops/fruit_jelly/context_1.50/000338_004_shift_1_cand01_context_1.50.png,,0.0009013712406158447,,0.25117015838623047,0.2520715296268463
fruit_jelly_folder/test/bad/000339_004_underexposed.png,fruit_jelly,1,/root/private_data/iad-vlm-anomaly/results/stage11_mvtecad2_multicategory/stage11_c_candidate_crops/fruit_jelly/context_1.50/000339_004_underexposed_cand00_context_1.50.png,,-0.001335442066192627,,0.24117526412010193,0.2398398220539093
fruit_jelly_folder/test/bad/000340_005_overexposed.png,fruit_jelly,1,/root/private_data/iad-vlm-anomaly/results/stage11_mvtecad2_multicategory/stage11_c_candidate_crops/fruit_jelly/context_1.50/000340_005_overexposed_cand00_context_1.50.png,,0.006154000759124756,,0.2902793288230896,0.29643332958221436
fruit_jelly_folder/test/bad/000340_005_overexposed.png,fruit_jelly,2,/root/private_data/iad-vlm-anomaly/results/stage11_mvtecad2_multicategory/stage11_c_candidate_crops/fruit_jelly/context_1.50/000340_005_overexposed_cand01_context_1.50.png,,0.007111221551895142,,0.2871764600276947,0.29428768157958984
fruit_jelly_folder/test/bad/000340_005_overexposed.png,fruit_jelly,3,/root/private_data/iad-vlm-anomaly/results/stage11_mvtecad2_multicategory/stage11_c_candidate_crops/fruit_jelly/context_1.50/000340_005_overexposed_cand02_context_1.50.png,,0.002660989761352539,,0.261721670627594,0.26438266038894653
fruit_jelly_folder/test/bad/000342_005_shift_1.png,fruit_jelly,1,/root/private_data/iad-vlm-anomaly/results/stage11_mvtecad2_multicategory/stage11_c_candidate_crops/fruit_jelly/context_1.50/000342_005_shift_1_cand00_context_1.50.png,,0.006811201572418213,,0.29276150465011597,0.2995727062225342
fruit_jelly_folder/test/bad/000342_005_shift_1.png,fruit_jelly,2,/root/private_data/iad-vlm-anomaly/results/stage11_mvtecad2_multicategory/stage11_c_candidate_crops/fruit_jelly/context_1.50/000342_005_shift_1_cand01_context_1.50.png,,0.005295455455780029,,0.27988356351852417,0.2851790189743042
fruit_jelly_folder/test/bad/000342_005_shift_1.png,fruit_jelly,3,/root/private_data/iad-vlm-anomaly/results/stage11_mvtecad2_multicategory/stage11_c_candidate_crops/fruit_jelly/context_1.50/000342_005_shift_1_cand02_context_1.50.png,,0.005504518747329712,,0.26139163970947266,0.26689615845680237
fruit_jelly_folder/test/bad/000344_006_overexposed.png,fruit_jelly,1,/root/private_data/iad-vlm-anomaly/results/stage11_mvtecad2_multicategory/stage11_c_candidate_crops/fruit_jelly/context_1.50/000344_006_overexposed_cand00_context_1.50.png,,0.0033274292945861816,,0.29518333077430725,0.29851076006889343
fruit_jelly_folder/test/bad/000344_006_overexposed.png,fruit_jelly,2,/root/private_data/iad-vlm-anomaly/results/stage11_mvtecad2_multicategory/stage11_c_candidate_crops/fruit_jelly/context_1.50/000344_006_overexposed_cand01_context_1.50.png,,0.002925485372543335,,0.2633030116558075,0.26622849702835083
fruit_jelly_folder/test/bad/000345_006_regular.png,fruit_jelly,1,/root/private_data/iad-vlm-anomaly/results/stage11_mvtecad2_multicategory/stage11_c_candidate_crops/fruit_jelly/context_1.50/000345_006_regular_cand00_context_1.50.png,,0.002293825149536133,,0.2991756796836853,0.30146950483322144
fruit_jelly_folder/test/bad/000345_006_regular.png,fruit_jelly,2,/root/private_data/iad-vlm-anomaly/results/stage11_mvtecad2_multicategory/stage11_c_candidate_crops/fruit_jelly/context_1.50/000345_006_regular_cand01_context_1.50.png,,0.0012072920799255371,,0.26224246621131897,0.2634497582912445
fruit_jelly_folder/test/bad/000347_006_underexposed.png,fruit_jelly,1,/root/private_data/iad-vlm-anomaly/results/stage11_mvtecad2_multicategory/stage11_c_candidate_crops/fruit_jelly/context_1.50/000347_006_underexposed_cand00_context_1.50.png,,0.005680561065673828,,0.298924058675766,0.3046046197414398
fruit_jelly_folder/test/bad/000347_006_underexposed.png,fruit_jelly,2,/root/private_data/iad-vlm-anomaly/results/stage11_mvtecad2_multicategory/stage11_c_candidate_crops/fruit_jelly/context_1.50/000347_006_underexposed_cand01_context_1.50.png,,0.00656399130821228,,0.2829785645008087,0.289542555809021
fruit_jelly_folder/test/bad/000350_007_shift_1.png,fruit_jelly,1,/root/private_data/iad-vlm-anomaly/results/stage11_mvtecad2_multicategory/stage11_c_candidate_crops/fruit_jelly/context_1.50/000350_007_shift_1_cand00_context_1.50.png,,-0.0032628774642944336,,0.2567635476589203,0.25350067019462585
fruit_jelly_folder/test/bad/000350_007_shift_1.png,fruit_jelly,2,/root/private_data/iad-vlm-anomaly/results/stage11_mvtecad2_multicategory/stage11_c_candidate_crops/fruit_jelly/context_1.50/000350_007_shift_1_cand01_context_1.50.png,,0.008665919303894043,,0.2884475290775299,0.29711344838142395
fruit_jelly_folder/test/bad/000352_008_overexposed.png,fruit_jelly,1,/root/private_data/iad-vlm-anomaly/results/stage11_mvtecad2_multicategory/stage11_c_candidate_crops/fruit_jelly/context_1.50/000352_008_overexposed_cand00_context_1.50.png,,0.002796679735183716,,0.2682802081108093,0.27107688784599304
fruit_jelly_folder/test/bad/000356_009_overexposed.png,fruit_jelly,1,/root/private_data/iad-vlm-anomaly/results/stage11_mvtecad2_multicategory/stage11_c_candidate_crops/fruit_jelly/context_1.50/000356_009_overexposed_cand00_context_1.50.png,,0.0031262636184692383,,0.26655256748199463,0.26967883110046387
fruit_jelly_folder/test/bad/000358_009_shift_1.png,fruit_jelly,1,/root/private_data/iad-vlm-anomaly/results/stage11_mvtecad2_multicategory/stage11_c_candidate_crops/fruit_jelly/context_1.50/000358_009_shift_1_cand00_context_1.50.png,,0.0023127496242523193,,0.2588215172290802,0.2611342668533325
fruit_jelly_folder/test/bad/000360_010_overexposed.png,fruit_jelly,1,/root/private_data/iad-vlm-anomaly/results/stage11_mvtecad2_multicategory/stage11_c_candidate_crops/fruit_jelly/context_1.50/000360_010_overexposed_cand00_context_1.50.png,,0.0030617117881774902,,0.26929062604904175,0.27235233783721924
fruit_jelly_folder/test/bad/000361_010_regular.png,fruit_jelly,1,/root/private_data/iad-vlm-anomaly/results/stage11_mvtecad2_multicategory/stage11_c_candidate_crops/fruit_jelly/context_1.50/000361_010_regular_cand00_context_1.50.png,,0.00524488091468811,,0.2653443515300751,0.2705892324447632
fruit_jelly_folder/test/bad/000362_010_shift_1.png,fruit_jelly,1,/root/private_data/iad-vlm-anomaly/results/stage11_mvtecad2_multicategory/stage11_c_candidate_crops/fruit_jelly/context_1.50/000362_010_shift_1_cand00_context_1.50.png,,0.0006358623504638672,,0.2638286352157593,0.26446449756622314
fruit_jelly_folder/test/bad/000364_011_overexposed.png,fruit_jelly,1,/root/private_data/iad-vlm-anomaly/results/stage11_mvtecad2_multicategory/stage11_c_candidate_crops/fruit_jelly/context_1.50/000364_011_overexposed_cand00_context_1.50.png,,0.003463953733444214,,0.26781603693962097,0.2712799906730652
fruit_jelly_folder/test/bad/000365_011_regular.png,fruit_jelly,1,/root/private_data/iad-vlm-anomaly/results/stage11_mvtecad2_multicategory/stage11_c_candidate_crops/fruit_jelly/context_1.50/000365_011_regular_cand00_context_1.50.png,,0.005691438913345337,,0.26708200573921204,0.2727734446525574
fruit_jelly_folder/test/bad/000367_011_underexposed.png,fruit_jelly,1,/root/private_data/iad-vlm-anomaly/results/stage11_mvtecad2_multicategory/stage11_c_candidate_crops/fruit_jelly/context_1.50/000367_011_underexposed_cand00_context_1.50.png,,0.005223900079727173,,0.2698277533054352,0.27505165338516235
fruit_jelly_folder/test/bad/000368_012_overexposed.png,fruit_jelly,1,/root/private_data/iad-vlm-anomaly/results/stage11_mvtecad2_multicategory/stage11_c_candidate_crops/fruit_jelly/context_1.50/000368_012_overexposed_cand00_context_1.50.png,,0.0037714242935180664,,0.2481633722782135,0.25193479657173157
fruit_jelly_folder/test/bad/000368_012_overexposed.png,fruit_jelly,2,/root/private_data/iad-vlm-anomaly/results/stage11_mvtecad2_multicategory/stage11_c_candidate_crops/fruit_jelly/context_1.50/000368_012_overexposed_cand01_context_1.50.png,,0.00501328706741333,,0.26448386907577515,0.2694971561431885
fruit_jelly_folder/test/bad/000368_012_overexposed.png,fruit_jelly,3,/root/private_data/iad-vlm-anomaly/results/stage11_mvtecad2_multicategory/stage11_c_candidate_crops/fruit_jelly/context_1.50/000368_012_overexposed_cand02_context_1.50.png,,0.004560351371765137,,0.28521814942359924,0.2897785007953644
fruit_jelly_folder/test/bad/000371_012_underexposed.png,fruit_jelly,1,/root/private_data/iad-vlm-anomaly/results/stage11_mvtecad2_multicategory/stage11_c_candidate_crops/fruit_jelly/context_1.50/000371_012_underexposed_cand00_context_1.50.png,,0.0037037432193756104,,0.2503489553928375,0.25405269861221313
fruit_jelly_folder/test/bad/000371_012_underexposed.png,fruit_jelly,2,/root/private_data/iad-vlm-anomaly/results/stage11_mvtecad2_multicategory/stage11_c_candidate_crops/fruit_jelly/context_1.50/000371_012_underexposed_cand01_context_1.50.png,,0.00542864203453064,,0.27205178141593933,0.27748042345046997
fruit_jelly_folder/test/bad/000371_012_underexposed.png,fruit_jelly,3,/root/private_data/iad-vlm-anomaly/results/stage11_mvtecad2_multicategory/stage11_c_candidate_crops/fruit_jelly/context_1.50/000371_012_underexposed_cand02_context_1.50.png,,0.006537377834320068,,0.27895307540893555,0.2854904532432556
fruit_jelly_folder/test/bad/000374_013_shift_1.png,fruit_jelly,1,/root/private_data/iad-vlm-anomaly/results/stage11_mvtecad2_multicategory/stage11_c_candidate_crops/fruit_jelly/context_1.50/000374_013_shift_1_cand00_context_1.50.png,,0.004759460687637329,,0.29339393973350525,0.2981534004211426
fruit_jelly_folder/test/bad/000375_013_underexposed.png,fruit_jelly,1,/root/private_data/iad-vlm-anomaly/results/stage11_mvtecad2_multicategory/stage11_c_candidate_crops/fruit_jelly/context_1.50/000375_013_underexposed_cand00_context_1.50.png,,0.0050161778926849365,,0.2893674075603485,0.29438358545303345
fruit_jelly_folder/test/good/000303_000_underexposed.png,fruit_jelly,1,/root/private_data/iad-vlm-anomaly/results/stage11_mvtecad2_multicategory/stage11_c_candidate_crops/fruit_jelly/context_1.50/000303_000_underexposed_cand00_context_1.50.png,,0.005924701690673828,,0.26741474866867065,0.2733394503593445
fruit_jelly_folder/test/good/000303_000_underexposed.png,fruit_jelly,2,/root/private_data/iad-vlm-anomaly/results/stage11_mvtecad2_multicategory/stage11_c_candidate_crops/fruit_jelly/context_1.50/000303_000_underexposed_cand01_context_1.50.png,,0.0053629279136657715,,0.2689778506755829,0.27434077858924866
fruit_jelly_folder/test/good/000305_001_regular.png,fruit_jelly,1,/root/private_data/iad-vlm-anomaly/results/stage11_mvtecad2_multicategory/stage11_c_candidate_crops/fruit_jelly/context_1.50/000305_001_regular_cand00_context_1.50.png,,-1.1771917343139648e-05,,0.2370399385690689,0.23702816665172577
fruit_jelly_folder/test/good/000306_001_shift_1.png,fruit_jelly,1,/root/private_data/iad-vlm-anomaly/results/stage11_mvtecad2_multicategory/stage11_c_candidate_crops/fruit_jelly/context_1.50/000306_001_shift_1_cand00_context_1.50.png,,0.0003682374954223633,,0.24125370383262634,0.2416219413280487
fruit_jelly_folder/test/good/000307_001_underexposed.png,fruit_jelly,1,/root/private_data/iad-vlm-anomaly/results/stage11_mvtecad2_multicategory/stage11_c_candidate_crops/fruit_jelly/context_1.50/000307_001_underexposed_cand00_context_1.50.png,,0.0006934851408004761,,0.23243267834186554,0.23312616348266602
fruit_jelly_folder/test/good/000309_002_regular.png,fruit_jelly,1,/root/private_data/iad-vlm-anomaly/results/stage11_mvtecad2_multicategory/stage11_c_candidate_crops/fruit_jelly/context_1.50/000309_002_regular_cand00_context_1.50.png,,-0.0002861320972442627,,0.2424352765083313,0.24214914441108704
fruit_jelly_folder/test/good/000313_003_regular.png,fruit_jelly,1,/root/private_data/iad-vlm-anomaly/results/stage11_mvtecad2_multicategory/stage11_c_candidate_crops/fruit_jelly/context_1.50/000313_003_regular_cand00_context_1.50.png,,0.0023359954357147217,,0.28466442227363586,0.2870004177093506
fruit_jelly_folder/test/good/000313_003_regular.png,fruit_jelly,2,/root/private_data/iad-vlm-anomaly/results/stage11_mvtecad2_multicategory/stage11_c_candidate_crops/fruit_jelly/context_1.50/000313_003_regular_cand01_context_1.50.png,,-0.0023928582668304443,,0.2616884708404541,0.25929561257362366
fruit_jelly_folder/test/good/000314_003_shift_1.png,fruit_jelly,1,/root/private_data/iad-vlm-anomaly/results/stage11_mvtecad2_multicategory/stage11_c_candidate_crops/fruit_jelly/context_1.50/000314_003_shift_1_cand00_context_1.50.png,,-0.004206180572509766,,0.2583163380622864,0.2541101574897766
fruit_jelly_folder/test/good/000314_003_shift_1.png,fruit_jelly,2,/root/private_data/iad-vlm-anomaly/results/stage11_mvtecad2_multicategory/stage11_c_candidate_crops/fruit_jelly/context_1.50/000314_003_shift_1_cand01_context_1.50.png,,0.006456226110458374,,0.2562626302242279,0.2627188563346863
fruit_jelly_folder/test/good/000315_003_underexposed.png,fruit_jelly,1,/root/private_data/iad-vlm-anomaly/results/stage11_mvtecad2_multicategory/stage11_c_candidate_crops/fruit_jelly/context_1.50/000315_003_underexposed_cand00_context_1.50.png,,-0.0022205114364624023,,0.26590487360954285,0.26368436217308044
fruit_jelly_folder/test/good/000315_003_underexposed.png,fruit_jelly,2,/root/private_data/iad-vlm-anomaly/results/stage11_mvtecad2_multicategory/stage11_c_candidate_crops/fruit_jelly/context_1.50/000315_003_underexposed_cand01_context_1.50.png,,0.0024587810039520264,,0.28771159052848816,0.2901703715324402
fruit_jelly_folder/test/good/000316_004_overexposed.png,fruit_jelly,1,/root/private_data/iad-vlm-anomaly/results/stage11_mvtecad2_multicategory/stage11_c_candidate_crops/fruit_jelly/context_1.50/000316_004_overexposed_cand00_context_1.50.png,,-0.0018892288208007812,,0.25457265973091125,0.2526834309101105
fruit_jelly_folder/test/good/000318_004_shift_1.png,fruit_jelly,1,/root/private_data/iad-vlm-anomaly/results/stage11_mvtecad2_multicategory/stage11_c_candidate_crops/fruit_jelly/context_1.50/000318_004_shift_1_cand00_context_1.50.png,,-0.002767711877822876,,0.2650587856769562,0.2622910737991333
sheet_metal_folder/test/bad/000180_000_overexposed.png,sheet_metal,1,/root/private_data/iad-vlm-anomaly/results/stage11_mvtecad2_multicategory/stage11_c_candidate_crops/sheet_metal/context_1.50/000180_000_overexposed_cand00_context_1.50.png,,0.009617447853088379,,0.280876487493515,0.2904939353466034
sheet_metal_folder/test/bad/000180_000_overexposed.png,sheet_metal,2,/root/private_data/iad-vlm-anomaly/results/stage11_mvtecad2_multicategory/stage11_c_candidate_crops/sheet_metal/context_1.50/000180_000_overexposed_cand01_context_1.50.png,,0.012223899364471436,,0.2838727533817291,0.29609665274620056
sheet_metal_folder/test/bad/000180_000_overexposed.png,sheet_metal,3,/root/private_data/iad-vlm-anomaly/results/stage11_mvtecad2_multicategory/stage11_c_candidate_crops/sheet_metal/context_1.50/000180_000_overexposed_cand02_context_1.50.png,,0.00991666316986084,,0.2706364095211029,0.28055307269096375
sheet_metal_folder/test/bad/000181_000_regular.png,sheet_metal,1,/root/private_data/iad-vlm-anomaly/results/stage11_mvtecad2_multicategory/stage11_c_candidate_crops/sheet_metal/context_1.50/000181_000_regular_cand00_context_1.50.png,,0.010474443435668945,,0.2669219672679901,0.27739641070365906
sheet_metal_folder/test/bad/000181_000_regular.png,sheet_metal,2,/root/private_data/iad-vlm-anomaly/results/stage11_mvtecad2_multicategory/stage11_c_candidate_crops/sheet_metal/context_1.50/000181_000_regular_cand01_context_1.50.png,,0.009681642055511475,,0.27149152755737305,0.2811731696128845
sheet_metal_folder/test/bad/000181_000_regular.png,sheet_metal,3,/root/private_data/iad-vlm-anomaly/results/stage11_mvtecad2_multicategory/stage11_c_candidate_crops/sheet_metal/context_1.50/000181_000_regular_cand02_context_1.50.png,,0.008702784776687622,,0.26819828152656555,0.2769010663032532
sheet_metal_folder/test/bad/000183_000_shift_2.png,sheet_metal,1,/root/private_data/iad-vlm-anomaly/results/stage11_mvtecad2_multicategory/stage11_c_candidate_crops/sheet_metal/context_1.50/000183_000_shift_2_cand00_context_1.50.png,,0.007210463285446167,,0.27773088216781616,0.28494134545326233
sheet_metal_folder/test/bad/000183_000_shift_2.png,sheet_metal,2,/root/private_data/iad-vlm-anomaly/results/stage11_mvtecad2_multicategory/stage11_c_candidate_crops/sheet_metal/context_1.50/000183_000_shift_2_cand01_context_1.50.png,,0.008666932582855225,,0.2746594548225403,0.2833263874053955
sheet_metal_folder/test/bad/000183_000_shift_2.png,sheet_metal,3,/root/private_data/iad-vlm-anomaly/results/stage11_mvtecad2_multicategory/stage11_c_candidate_crops/sheet_metal/context_1.50/000183_000_shift_2_cand02_context_1.50.png,,0.014431506395339966,,0.2737983465194702,0.2882298529148102
sheet_metal_folder/test/bad/000187_001_regular.png,sheet_metal,1,/root/private_data/iad-vlm-anomaly/results/stage11_mvtecad2_multicategory/stage11_c_candidate_crops/sheet_metal/context_1.50/000187_001_regular_cand00_context_1.50.png,,0.0013263821601867676,,0.2568812072277069,0.2582075893878937
sheet_metal_folder/test/bad/000187_001_regular.png,sheet_metal,2,/root/private_data/iad-vlm-anomaly/results/stage11_mvtecad2_multicategory/stage11_c_candidate_crops/sheet_metal/context_1.50/000187_001_regular_cand01_context_1.50.png,,0.007651001214981079,,0.27935555577278137,0.28700655698776245
sheet_metal_folder/test/bad/000187_001_regular.png,sheet_metal,3,/root/private_data/iad-vlm-anomaly/results/stage11_mvtecad2_multicategory/stage11_c_candidate_crops/sheet_metal/context_1.50/000187_001_regular_cand02_context_1.50.png,,0.0062382519245147705,,0.24328891932964325,0.24952717125415802
sheet_metal_folder/test/bad/000188_001_shift_1.png,sheet_metal,1,/root/private_data/iad-vlm-anomaly/results/stage11_mvtecad2_multicategory/stage11_c_candidate_crops/sheet_metal/context_1.50/000188_001_shift_1_cand00_context_1.50.png,,0.001681685447692871,,0.2562837302684784,0.25796541571617126
sheet_metal_folder/test/bad/000188_001_shift_1.png,sheet_metal,2,/root/private_data/iad-vlm-anomaly/results/stage11_mvtecad2_multicategory/stage11_c_candidate_crops/sheet_metal/context_1.50/000188_001_shift_1_cand01_context_1.50.png,,0.008117109537124634,,0.25765731930732727,0.2657744288444519
sheet_metal_folder/test/bad/000188_001_shift_1.png,sheet_metal,3,/root/private_data/iad-vlm-anomaly/results/stage11_mvtecad2_multicategory/stage11_c_candidate_crops/sheet_metal/context_1.50/000188_001_shift_1_cand02_context_1.50.png,,0.0074007511138916016,,0.2537454664707184,0.26114621758461
sheet_metal_folder/test/bad/000189_001_shift_2.png,sheet_metal,1,/root/private_data/iad-vlm-anomaly/results/stage11_mvtecad2_multicategory/stage11_c_candidate_crops/sheet_metal/context_1.50/000189_001_shift_2_cand00_context_1.50.png,,0.0010249912738800049,,0.2562778890132904,0.2573028802871704
sheet_metal_folder/test/bad/000189_001_shift_2.png,sheet_metal,2,/root/private_data/iad-vlm-anomaly/results/stage11_mvtecad2_multicategory/stage11_c_candidate_crops/sheet_metal/context_1.50/000189_001_shift_2_cand01_context_1.50.png,,0.010272890329360962,,0.25661125779151917,0.2668841481208801
sheet_metal_folder/test/bad/000189_001_shift_2.png,sheet_metal,3,/root/private_data/iad-vlm-anomaly/results/stage11_mvtecad2_multicategory/stage11_c_candidate_crops/sheet_metal/context_1.50/000189_001_shift_2_cand02_context_1.50.png,,0.005014985799789429,,0.2638745605945587,0.26888954639434814
sheet_metal_folder/test/bad/000191_001_underexposed.png,sheet_metal,1,/root/private_data/iad-vlm-anomaly/results/stage11_mvtecad2_multicategory/stage11_c_candidate_crops/sheet_metal/context_1.50/000191_001_underexposed_cand00_context_1.50.png,,0.0024863481521606445,,0.2556214928627014,0.25810784101486206
sheet_metal_folder/test/bad/000191_001_underexposed.png,sheet_metal,2,/root/private_data/iad-vlm-anomaly/results/stage11_mvtecad2_multicategory/stage11_c_candidate_crops/sheet_metal/context_1.50/000191_001_underexposed_cand01_context_1.50.png,,0.010164827108383179,,0.2621268928050995,0.27229171991348267
sheet_metal_folder/test/bad/000191_001_underexposed.png,sheet_metal,3,/root/private_data/iad-vlm-anomaly/results/stage11_mvtecad2_multicategory/stage11_c_candidate_crops/sheet_metal/context_1.50/000191_001_underexposed_cand02_context_1.50.png,,0.00991252064704895,,0.2597152888774872,0.26962780952453613
sheet_metal_folder/test/bad/000193_002_regular.png,sheet_metal,1,/root/private_data/iad-vlm-anomaly/results/stage11_mvtecad2_multicategory/stage11_c_candidate_crops/sheet_metal/context_1.50/000193_002_regular_cand00_context_1.50.png,,0.00851699709892273,,0.26560550928115845,0.2741225063800812
sheet_metal_folder/test/bad/000193_002_regular.png,sheet_metal,2,/root/private_data/iad-vlm-anomaly/results/stage11_mvtecad2_multicategory/stage11_c_candidate_crops/sheet_metal/context_1.50/000193_002_regular_cand01_context_1.50.png,,0.009692400693893433,,0.2759360671043396,0.28562846779823303
sheet_metal_folder/test/bad/000194_002_shift_1.png,sheet_metal,1,/root/private_data/iad-vlm-anomaly/results/stage11_mvtecad2_multicategory/stage11_c_candidate_crops/sheet_metal/context_1.50/000194_002_shift_1_cand00_context_1.50.png,,0.004981100559234619,,0.2525082230567932,0.25748932361602783
sheet_metal_folder/test/bad/000195_002_shift_2.png,sheet_metal,1,/root/private_data/iad-vlm-anomaly/results/stage11_mvtecad2_multicategory/stage11_c_candidate_crops/sheet_metal/context_1.50/000195_002_shift_2_cand00_context_1.50.png,,0.004799962043762207,,0.25973179936408997,0.2645317614078522
sheet_metal_folder/test/bad/000198_003_overexposed.png,sheet_metal,1,/root/private_data/iad-vlm-anomaly/results/stage11_mvtecad2_multicategory/stage11_c_candidate_crops/sheet_metal/context_1.50/000198_003_overexposed_cand00_context_1.50.png,,0.010979115962982178,,0.2591038942337036,0.2700830101966858
sheet_metal_folder/test/bad/000198_003_overexposed.png,sheet_metal,2,/root/private_data/iad-vlm-anomaly/results/stage11_mvtecad2_multicategory/stage11_c_candidate_crops/sheet_metal/context_1.50/000198_003_overexposed_cand01_context_1.50.png,,0.010622739791870117,,0.27233386039733887,0.282956600189209
sheet_metal_folder/test/bad/000198_003_overexposed.png,sheet_metal,3,/root/private_data/iad-vlm-anomaly/results/stage11_mvtecad2_multicategory/stage11_c_candidate_crops/sheet_metal/context_1.50/000198_003_overexposed_cand02_context_1.50.png,,0.011648744344711304,,0.2713507115840912,0.2829994559288025
sheet_metal_folder/test/bad/000199_003_regular.png,sheet_metal,1,/root/private_data/iad-vlm-anomaly/results/stage11_mvtecad2_multicategory/stage11_c_candidate_crops/sheet_metal/context_1.50/000199_003_regular_cand00_context_1.50.png,,0.013184696435928345,,0.2538866102695465,0.26707130670547485
sheet_metal_folder/test/bad/000199_003_regular.png,sheet_metal,2,/root/private_data/iad-vlm-anomaly/results/stage11_mvtecad2_multicategory/stage11_c_candidate_crops/sheet_metal/context_1.50/000199_003_regular_cand01_context_1.50.png,,0.0120449960231781,,0.2656819224357605,0.2777269184589386
sheet_metal_folder/test/bad/000199_003_regular.png,sheet_metal,3,/root/private_data/iad-vlm-anomaly/results/stage11_mvtecad2_multicategory/stage11_c_candidate_crops/sheet_metal/context_1.50/000199_003_regular_cand02_context_1.50.png,,0.012550711631774902,,0.26716673374176025,0.27971744537353516
sheet_metal_folder/test/bad/000200_003_shift_1.png,sheet_metal,1,/root/private_data/iad-vlm-anomaly/results/stage11_mvtecad2_multicategory/stage11_c_candidate_crops/sheet_metal/context_1.50/000200_003_shift_1_cand00_context_1.50.png,,0.007279068231582642,,0.26620203256607056,0.2734811007976532
sheet_metal_folder/test/bad/000200_003_shift_1.png,sheet_metal,2,/root/private_data/iad-vlm-anomaly/results/stage11_mvtecad2_multicategory/stage11_c_candidate_crops/sheet_metal/context_1.50/000200_003_shift_1_cand01_context_1.50.png,,0.007565617561340332,,0.28411319851875305,0.2916788160800934
sheet_metal_folder/test/bad/000200_003_shift_1.png,sheet_metal,3,/root/private_data/iad-vlm-anomaly/results/stage11_mvtecad2_multicategory/stage11_c_candidate_crops/sheet_metal/context_1.50/000200_003_shift_1_cand02_context_1.50.png,,0.008088141679763794,,0.27037957310676575,0.27846771478652954
sheet_metal_folder/test/bad/000201_003_shift_2.png,sheet_metal,1,/root/private_data/iad-vlm-anomaly/results/stage11_mvtecad2_multicategory/stage11_c_candidate_crops/sheet_metal/context_1.50/000201_003_shift_2_cand00_context_1.50.png,,0.008716374635696411,,0.2674700617790222,0.27618643641471863
sheet_metal_folder/test/bad/000201_003_shift_2.png,sheet_metal,2,/root/private_data/iad-vlm-anomaly/results/stage11_mvtecad2_multicategory/stage11_c_candidate_crops/sheet_metal/context_1.50/000201_003_shift_2_cand01_context_1.50.png,,0.007869064807891846,,0.278300404548645,0.28616946935653687
sheet_metal_folder/test/bad/000201_003_shift_2.png,sheet_metal,3,/root/private_data/iad-vlm-anomaly/results/stage11_mvtecad2_multicategory/stage11_c_candidate_crops/sheet_metal/context_1.50/000201_003_shift_2_cand02_context_1.50.png,,0.009923726320266724,,0.26898714900016785,0.27891087532043457
sheet_metal_folder/test/bad/000202_003_shift_3.png,sheet_metal,1,/root/private_data/iad-vlm-anomaly/results/stage11_mvtecad2_multicategory/stage11_c_candidate_crops/sheet_metal/context_1.50/000202_003_shift_3_cand00_context_1.50.png,,0.005496501922607422,,0.27760419249534607,0.2831006944179535
sheet_metal_folder/test/bad/000202_003_shift_3.png,sheet_metal,2,/root/private_data/iad-vlm-anomaly/results/stage11_mvtecad2_multicategory/stage11_c_candidate_crops/sheet_metal/context_1.50/000202_003_shift_3_cand01_context_1.50.png,,0.004895329475402832,,0.2593173384666443,0.2642126679420471
sheet_metal_folder/test/bad/000202_003_shift_3.png,sheet_metal,3,/root/private_data/iad-vlm-anomaly/results/stage11_mvtecad2_multicategory/stage11_c_candidate_crops/sheet_metal/context_1.50/000202_003_shift_3_cand02_context_1.50.png,,0.01034766435623169,,0.2672855257987976,0.2776331901550293
sheet_metal_folder/test/bad/000204_004_overexposed.png,sheet_metal,1,/root/private_data/iad-vlm-anomaly/results/stage11_mvtecad2_multicategory/stage11_c_candidate_crops/sheet_metal/context_1.50/000204_004_overexposed_cand00_context_1.50.png,,0.006685912609100342,,0.27584174275398254,0.2825276553630829
sheet_metal_folder/test/bad/000204_004_overexposed.png,sheet_metal,2,/root/private_data/iad-vlm-anomaly/results/stage11_mvtecad2_multicategory/stage11_c_candidate_crops/sheet_metal/context_1.50/000204_004_overexposed_cand01_context_1.50.png,,0.009744986891746521,,0.24879257380962372,0.25853756070137024
sheet_metal_folder/test/bad/000204_004_overexposed.png,sheet_metal,3,/root/private_data/iad-vlm-anomaly/results/stage11_mvtecad2_multicategory/stage11_c_candidate_crops/sheet_metal/context_1.50/000204_004_overexposed_cand02_context_1.50.png,,0.008474916219711304,,0.26825013756752014,0.27672505378723145
sheet_metal_folder/test/bad/000205_004_regular.png,sheet_metal,1,/root/private_data/iad-vlm-anomaly/results/stage11_mvtecad2_multicategory/stage11_c_candidate_crops/sheet_metal/context_1.50/000205_004_regular_cand00_context_1.50.png,,0.005280405282974243,,0.273895263671875,0.27917566895484924
sheet_metal_folder/test/bad/000205_004_regular.png,sheet_metal,2,/root/private_data/iad-vlm-anomaly/results/stage11_mvtecad2_multicategory/stage11_c_candidate_crops/sheet_metal/context_1.50/000205_004_regular_cand01_context_1.50.png,,0.00799185037612915,,0.24374070763587952,0.25173255801200867
sheet_metal_folder/test/bad/000205_004_regular.png,sheet_metal,3,/root/private_data/iad-vlm-anomaly/results/stage11_mvtecad2_multicategory/stage11_c_candidate_crops/sheet_metal/context_1.50/000205_004_regular_cand02_context_1.50.png,,0.01059749722480774,,0.27738839387893677,0.2879858911037445
sheet_metal_folder/test/bad/000211_005_regular.png,sheet_metal,1,/root/private_data/iad-vlm-anomaly/results/stage11_mvtecad2_multicategory/stage11_c_candidate_crops/sheet_metal/context_1.50/000211_005_regular_cand00_context_1.50.png,,0.0062243640422821045,,0.27502885460853577,0.28125321865081787
sheet_metal_folder/test/bad/000211_005_regular.png,sheet_metal,2,/root/private_data/iad-vlm-anomaly/results/stage11_mvtecad2_multicategory/stage11_c_candidate_crops/sheet_metal/context_1.50/000211_005_regular_cand01_context_1.50.png,,0.00856935977935791,,0.25830620527267456,0.26687556505203247
sheet_metal_folder/test/bad/000211_005_regular.png,sheet_metal,3,/root/private_data/iad-vlm-anomaly/results/stage11_mvtecad2_multicategory/stage11_c_candidate_crops/sheet_metal/context_1.50/000211_005_regular_cand02_context_1.50.png,,0.012323200702667236,,0.2760627269744873,0.28838592767715454
sheet_metal_folder/test/bad/000212_005_shift_1.png,sheet_metal,1,/root/private_data/iad-vlm-anomaly/results/stage11_mvtecad2_multicategory/stage11_c_candidate_crops/sheet_metal/context_1.50/000212_005_shift_1_cand00_context_1.50.png,,0.005780309438705444,,0.26492512226104736,0.2707054316997528
sheet_metal_folder/test/bad/000212_005_shift_1.png,sheet_metal,2,/root/private_data/iad-vlm-anomaly/results/stage11_mvtecad2_multicategory/stage11_c_candidate_crops/sheet_metal/context_1.50/000212_005_shift_1_cand01_context_1.50.png,,0.011706054210662842,,0.2656457722187042,0.27735182642936707
sheet_metal_folder/test/bad/000213_005_shift_2.png,sheet_metal,1,/root/private_data/iad-vlm-anomaly/results/stage11_mvtecad2_multicategory/stage11_c_candidate_crops/sheet_metal/context_1.50/000213_005_shift_2_cand00_context_1.50.png,,0.005219161510467529,,0.2632400393486023,0.2684592008590698
sheet_metal_folder/test/bad/000213_005_shift_2.png,sheet_metal,2,/root/private_data/iad-vlm-anomaly/results/stage11_mvtecad2_multicategory/stage11_c_candidate_crops/sheet_metal/context_1.50/000213_005_shift_2_cand01_context_1.50.png,,0.010794520378112793,,0.25879332423210144,0.26958784461021423
sheet_metal_folder/test/bad/000214_005_shift_3.png,sheet_metal,1,/root/private_data/iad-vlm-anomaly/results/stage11_mvtecad2_multicategory/stage11_c_candidate_crops/sheet_metal/context_1.50/000214_005_shift_3_cand00_context_1.50.png,,0.004484415054321289,,0.2612253725528717,0.265709787607193
sheet_metal_folder/test/bad/000214_005_shift_3.png,sheet_metal,2,/root/private_data/iad-vlm-anomaly/results/stage11_mvtecad2_multicategory/stage11_c_candidate_crops/sheet_metal/context_1.50/000214_005_shift_3_cand01_context_1.50.png,,0.01318177580833435,,0.2663671672344208,0.2795489430427551
sheet_metal_folder/test/bad/000215_005_underexposed.png,sheet_metal,1,/root/private_data/iad-vlm-anomaly/results/stage11_mvtecad2_multicategory/stage11_c_candidate_crops/sheet_metal/context_1.50/000215_005_underexposed_cand00_context_1.50.png,,0.007239222526550293,,0.26179927587509155,0.26903849840164185
sheet_metal_folder/test/bad/000215_005_underexposed.png,sheet_metal,2,/root/private_data/iad-vlm-anomaly/results/stage11_mvtecad2_multicategory/stage11_c_candidate_crops/sheet_metal/context_1.50/000215_005_underexposed_cand01_context_1.50.png,,0.00875312089920044,,0.25748059153556824,0.2662337124347687
sheet_metal_folder/test/bad/000215_005_underexposed.png,sheet_metal,3,/root/private_data/iad-vlm-anomaly/results/stage11_mvtecad2_multicategory/stage11_c_candidate_crops/sheet_metal/context_1.50/000215_005_underexposed_cand02_context_1.50.png,,0.00899854302406311,,0.2735447287559509,0.28254327178001404
sheet_metal_folder/test/bad/000217_006_regular.png,sheet_metal,1,/root/private_data/iad-vlm-anomaly/results/stage11_mvtecad2_multicategory/stage11_c_candidate_crops/sheet_metal/context_1.50/000217_006_regular_cand00_context_1.50.png,,0.005642712116241455,,0.27291789650917053,0.278560608625412
sheet_metal_folder/test/bad/000217_006_regular.png,sheet_metal,2,/root/private_data/iad-vlm-anomaly/results/stage11_mvtecad2_multicategory/stage11_c_candidate_crops/sheet_metal/context_1.50/000217_006_regular_cand01_context_1.50.png,,0.016581714153289795,,0.2917766571044922,0.308358371257782
sheet_metal_folder/test/bad/000218_006_shift_1.png,sheet_metal,1,/root/private_data/iad-vlm-anomaly/results/stage11_mvtecad2_multicategory/stage11_c_candidate_crops/sheet_metal/context_1.50/000218_006_shift_1_cand00_context_1.50.png,,0.0047935545444488525,,0.2699078321456909,0.27470138669013977
sheet_metal_folder/test/bad/000218_006_shift_1.png,sheet_metal,2,/root/private_data/iad-vlm-anomaly/results/stage11_mvtecad2_multicategory/stage11_c_candidate_crops/sheet_metal/context_1.50/000218_006_shift_1_cand01_context_1.50.png,,0.0079403817653656,,0.2600102126598358,0.2679505944252014
sheet_metal_folder/test/bad/000218_006_shift_1.png,sheet_metal,3,/root/private_data/iad-vlm-anomaly/results/stage11_mvtecad2_multicategory/stage11_c_candidate_crops/sheet_metal/context_1.50/000218_006_shift_1_cand02_context_1.50.png,,0.00395810604095459,,0.2672128677368164,0.271170973777771
sheet_metal_folder/test/bad/000219_006_shift_2.png,sheet_metal,1,/root/private_data/iad-vlm-anomaly/results/stage11_mvtecad2_multicategory/stage11_c_candidate_crops/sheet_metal/context_1.50/000219_006_shift_2_cand00_context_1.50.png,,0.002216041088104248,,0.2610442638397217,0.2632603049278259
sheet_metal_folder/test/bad/000219_006_shift_2.png,sheet_metal,2,/root/private_data/iad-vlm-anomaly/results/stage11_mvtecad2_multicategory/stage11_c_candidate_crops/sheet_metal/context_1.50/000219_006_shift_2_cand01_context_1.50.png,,0.009137928485870361,,0.2655765414237976,0.27471446990966797
sheet_metal_folder/test/bad/000219_006_shift_2.png,sheet_metal,3,/root/private_data/iad-vlm-anomaly/results/stage11_mvtecad2_multicategory/stage11_c_candidate_crops/sheet_metal/context_1.50/000219_006_shift_2_cand02_context_1.50.png,,0.013756424188613892,,0.2867451310157776,0.3005015552043915
sheet_metal_folder/test/bad/000222_007_overexposed.png,sheet_metal,1,/root/private_data/iad-vlm-anomaly/results/stage11_mvtecad2_multicategory/stage11_c_candidate_crops/sheet_metal/context_1.50/000222_007_overexposed_cand00_context_1.50.png,,0.009930640459060669,,0.26364150643348694,0.2735721468925476
sheet_metal_folder/test/bad/000222_007_overexposed.png,sheet_metal,2,/root/private_data/iad-vlm-anomaly/results/stage11_mvtecad2_multicategory/stage11_c_candidate_crops/sheet_metal/context_1.50/000222_007_overexposed_cand01_context_1.50.png,,0.013347715139389038,,0.2673952579498291,0.28074297308921814
sheet_metal_folder/test/bad/000222_007_overexposed.png,sheet_metal,3,/root/private_data/iad-vlm-anomaly/results/stage11_mvtecad2_multicategory/stage11_c_candidate_crops/sheet_metal/context_1.50/000222_007_overexposed_cand02_context_1.50.png,,0.014917194843292236,,0.2612963616847992,0.27621355652809143
sheet_metal_folder/test/bad/000227_007_underexposed.png,sheet_metal,1,/root/private_data/iad-vlm-anomaly/results/stage11_mvtecad2_multicategory/stage11_c_candidate_crops/sheet_metal/context_1.50/000227_007_underexposed_cand00_context_1.50.png,,0.01281788945198059,,0.25666433572769165,0.26948222517967224
sheet_metal_folder/test/bad/000227_007_underexposed.png,sheet_metal,2,/root/private_data/iad-vlm-anomaly/results/stage11_mvtecad2_multicategory/stage11_c_candidate_crops/sheet_metal/context_1.50/000227_007_underexposed_cand01_context_1.50.png,,0.01331472396850586,,0.25576603412628174,0.2690807580947876
sheet_metal_folder/test/bad/000227_007_underexposed.png,sheet_metal,3,/root/private_data/iad-vlm-anomaly/results/stage11_mvtecad2_multicategory/stage11_c_candidate_crops/sheet_metal/context_1.50/000227_007_underexposed_cand02_context_1.50.png,,0.011738479137420654,,0.25097671151161194,0.2627151906490326
sheet_metal_folder/test/bad/000231_008_shift_2.png,sheet_metal,1,/root/private_data/iad-vlm-anomaly/results/stage11_mvtecad2_multicategory/stage11_c_candidate_crops/sheet_metal/context_1.50/000231_008_shift_2_cand00_context_1.50.png,,0.007258683443069458,,0.277641624212265,0.2849003076553345
sheet_metal_folder/test/bad/000231_008_shift_2.png,sheet_metal,2,/root/private_data/iad-vlm-anomaly/results/stage11_mvtecad2_multicategory/stage11_c_candidate_crops/sheet_metal/context_1.50/000231_008_shift_2_cand01_context_1.50.png,,0.003799647092819214,,0.271238774061203,0.2750384211540222
sheet_metal_folder/test/bad/000231_008_shift_2.png,sheet_metal,3,/root/private_data/iad-vlm-anomaly/results/stage11_mvtecad2_multicategory/stage11_c_candidate_crops/sheet_metal/context_1.50/000231_008_shift_2_cand02_context_1.50.png,,0.006774336099624634,,0.2766544222831726,0.28342875838279724
sheet_metal_folder/test/bad/000233_008_underexposed.png,sheet_metal,1,/root/private_data/iad-vlm-anomaly/results/stage11_mvtecad2_multicategory/stage11_c_candidate_crops/sheet_metal/context_1.50/000233_008_underexposed_cand00_context_1.50.png,,0.005555629730224609,,0.25964516401290894,0.26520079374313354
sheet_metal_folder/test/bad/000235_009_regular.png,sheet_metal,1,/root/private_data/iad-vlm-anomaly/results/stage11_mvtecad2_multicategory/stage11_c_candidate_crops/sheet_metal/context_1.50/000235_009_regular_cand00_context_1.50.png,,0.010346412658691406,,0.2640809416770935,0.2744273543357849
sheet_metal_folder/test/bad/000235_009_regular.png,sheet_metal,2,/root/private_data/iad-vlm-anomaly/results/stage11_mvtecad2_multicategory/stage11_c_candidate_crops/sheet_metal/context_1.50/000235_009_regular_cand01_context_1.50.png,,0.00877806544303894,,0.2700011432170868,0.27877920866012573
sheet_metal_folder/test/bad/000235_009_regular.png,sheet_metal,3,/root/private_data/iad-vlm-anomaly/results/stage11_mvtecad2_multicategory/stage11_c_candidate_crops/sheet_metal/context_1.50/000235_009_regular_cand02_context_1.50.png,,0.00899091362953186,,0.2730710208415985,0.28206193447113037
sheet_metal_folder/test/bad/000237_009_shift_2.png,sheet_metal,1,/root/private_data/iad-vlm-anomaly/results/stage11_mvtecad2_multicategory/stage11_c_candidate_crops/sheet_metal/context_1.50/000237_009_shift_2_cand00_context_1.50.png,,0.007831156253814697,,0.2513654828071594,0.2591966390609741
sheet_metal_folder/test/bad/000237_009_shift_2.png,sheet_metal,2,/root/private_data/iad-vlm-anomaly/results/stage11_mvtecad2_multicategory/stage11_c_candidate_crops/sheet_metal/context_1.50/000237_009_shift_2_cand01_context_1.50.png,,0.006835818290710449,,0.27990472316741943,0.2867405414581299
sheet_metal_folder/test/bad/000237_009_shift_2.png,sheet_metal,3,/root/private_data/iad-vlm-anomaly/results/stage11_mvtecad2_multicategory/stage11_c_candidate_crops/sheet_metal/context_1.50/000237_009_shift_2_cand02_context_1.50.png,,0.008250415325164795,,0.2725397050380707,0.2807901203632355
sheet_metal_folder/test/bad/000240_010_overexposed.png,sheet_metal,1,/root/private_data/iad-vlm-anomaly/results/stage11_mvtecad2_multicategory/stage11_c_candidate_crops/sheet_metal/context_1.50/000240_010_overexposed_cand00_context_1.50.png,,0.010995715856552124,,0.2669025659561157,0.27789828181266785
sheet_metal_folder/test/bad/000240_010_overexposed.png,sheet_metal,2,/root/private_data/iad-vlm-anomaly/results/stage11_mvtecad2_multicategory/stage11_c_candidate_crops/sheet_metal/context_1.50/000240_010_overexposed_cand01_context_1.50.png,,0.01403847336769104,,0.27218595147132874,0.2862244248390198
sheet_metal_folder/test/bad/000240_010_overexposed.png,sheet_metal,3,/root/private_data/iad-vlm-anomaly/results/stage11_mvtecad2_multicategory/stage11_c_candidate_crops/sheet_metal/context_1.50/000240_010_overexposed_cand02_context_1.50.png,,0.011694282293319702,,0.25724974274635315,0.26894402503967285
sheet_metal_folder/test/bad/000243_010_shift_2.png,sheet_metal,1,/root/private_data/iad-vlm-anomaly/results/stage11_mvtecad2_multicategory/stage11_c_candidate_crops/sheet_metal/context_1.50/000243_010_shift_2_cand00_context_1.50.png,,0.007061004638671875,,0.26554444432258606,0.27260544896125793
sheet_metal_folder/test/bad/000243_010_shift_2.png,sheet_metal,2,/root/private_data/iad-vlm-anomaly/results/stage11_mvtecad2_multicategory/stage11_c_candidate_crops/sheet_metal/context_1.50/000243_010_shift_2_cand01_context_1.50.png,,0.013473540544509888,,0.26737114787101746,0.28084468841552734
sheet_metal_folder/test/bad/000245_010_underexposed.png,sheet_metal,1,/root/private_data/iad-vlm-anomaly/results/stage11_mvtecad2_multicategory/stage11_c_candidate_crops/sheet_metal/context_1.50/000245_010_underexposed_cand00_context_1.50.png,,0.008996069431304932,,0.2534289062023163,0.2624249756336212
sheet_metal_folder/test/bad/000245_010_underexposed.png,sheet_metal,2,/root/private_data/iad-vlm-anomaly/results/stage11_mvtecad2_multicategory/stage11_c_candidate_crops/sheet_metal/context_1.50/000245_010_underexposed_cand01_context_1.50.png,,0.00881543755531311,,0.25781112909317017,0.2666265666484833
sheet_metal_folder/test/bad/000245_010_underexposed.png,sheet_metal,3,/root/private_data/iad-vlm-anomaly/results/stage11_mvtecad2_multicategory/stage11_c_candidate_crops/sheet_metal/context_1.50/000245_010_underexposed_cand02_context_1.50.png,,0.013584762811660767,,0.2668881416320801,0.28047290444374084
sheet_metal_folder/test/bad/000246_011_overexposed.png,sheet_metal,1,/root/private_data/iad-vlm-anomaly/results/stage11_mvtecad2_multicategory/stage11_c_candidate_crops/sheet_metal/context_1.50/000246_011_overexposed_cand00_context_1.50.png,,0.004365682601928711,,0.27307718992233276,0.2774428725242615
sheet_metal_folder/test/bad/000246_011_overexposed.png,sheet_metal,2,/root/private_data/iad-vlm-anomaly/results/stage11_mvtecad2_multicategory/stage11_c_candidate_crops/sheet_metal/context_1.50/000246_011_overexposed_cand01_context_1.50.png,,0.011824071407318115,,0.2725882828235626,0.28441235423088074
sheet_metal_folder/test/bad/000246_011_overexposed.png,sheet_metal,3,/root/private_data/iad-vlm-anomaly/results/stage11_mvtecad2_multicategory/stage11_c_candidate_crops/sheet_metal/context_1.50/000246_011_overexposed_cand02_context_1.50.png,,0.0034776926040649414,,0.2647085189819336,0.26818621158599854
sheet_metal_folder/test/bad/000247_011_regular.png,sheet_metal,1,/root/private_data/iad-vlm-anomaly/results/stage11_mvtecad2_multicategory/stage11_c_candidate_crops/sheet_metal/context_1.50/000247_011_regular_cand00_context_1.50.png,,0.002607196569442749,,0.2746952772140503,0.27730247378349304
sheet_metal_folder/test/bad/000247_011_regular.png,sheet_metal,2,/root/private_data/iad-vlm-anomaly/results/stage11_mvtecad2_multicategory/stage11_c_candidate_crops/sheet_metal/context_1.50/000247_011_regular_cand01_context_1.50.png,,0.008504748344421387,,0.2832127511501312,0.2917174994945526
sheet_metal_folder/test/bad/000247_011_regular.png,sheet_metal,3,/root/private_data/iad-vlm-anomaly/results/stage11_mvtecad2_multicategory/stage11_c_candidate_crops/sheet_metal/context_1.50/000247_011_regular_cand02_context_1.50.png,,0.008202701807022095,,0.2732603847980499,0.281463086605072
sheet_metal_folder/test/bad/000250_011_shift_3.png,sheet_metal,1,/root/private_data/iad-vlm-anomaly/results/stage11_mvtecad2_multicategory/stage11_c_candidate_crops/sheet_metal/context_1.50/000250_011_shift_3_cand00_context_1.50.png,,0.00944507122039795,,0.2609390914440155,0.27038416266441345
sheet_metal_folder/test/bad/000250_011_shift_3.png,sheet_metal,2,/root/private_data/iad-vlm-anomaly/results/stage11_mvtecad2_multicategory/stage11_c_candidate_crops/sheet_metal/context_1.50/000250_011_shift_3_cand01_context_1.50.png,,0.005840420722961426,,0.26271212100982666,0.2685525417327881
sheet_metal_folder/test/bad/000250_011_shift_3.png,sheet_metal,3,/root/private_data/iad-vlm-anomaly/results/stage11_mvtecad2_multicategory/stage11_c_candidate_crops/sheet_metal/context_1.50/000250_011_shift_3_cand02_context_1.50.png,,0.008046954870223999,,0.2745820879936218,0.2826290428638458
sheet_metal_folder/test/bad/000251_011_underexposed.png,sheet_metal,1,/root/private_data/iad-vlm-anomaly/results/stage11_mvtecad2_multicategory/stage11_c_candidate_crops/sheet_metal/context_1.50/000251_011_underexposed_cand00_context_1.50.png,,0.005140423774719238,,0.27077624201774597,0.2759166657924652
sheet_metal_folder/test/bad/000251_011_underexposed.png,sheet_metal,2,/root/private_data/iad-vlm-anomaly/results/stage11_mvtecad2_multicategory/stage11_c_candidate_crops/sheet_metal/context_1.50/000251_011_underexposed_cand01_context_1.50.png,,0.00800749659538269,,0.2621897757053375,0.2701972723007202
sheet_metal_folder/test/bad/000251_011_underexposed.png,sheet_metal,3,/root/private_data/iad-vlm-anomaly/results/stage11_mvtecad2_multicategory/stage11_c_candidate_crops/sheet_metal/context_1.50/000251_011_underexposed_cand02_context_1.50.png,,0.009221464395523071,,0.2666141986846924,0.27583566308021545
sheet_metal_folder/test/bad/000253_012_regular.png,sheet_metal,1,/root/private_data/iad-vlm-anomaly/results/stage11_mvtecad2_multicategory/stage11_c_candidate_crops/sheet_metal/context_1.50/000253_012_regular_cand00_context_1.50.png,,0.009375810623168945,,0.2624601721763611,0.27183598279953003
sheet_metal_folder/test/bad/000253_012_regular.png,sheet_metal,2,/root/private_data/iad-vlm-anomaly/results/stage11_mvtecad2_multicategory/stage11_c_candidate_crops/sheet_metal/context_1.50/000253_012_regular_cand01_context_1.50.png,,0.008756816387176514,,0.26408714056015015,0.27284395694732666
sheet_metal_folder/test/bad/000253_012_regular.png,sheet_metal,3,/root/private_data/iad-vlm-anomaly/results/stage11_mvtecad2_multicategory/stage11_c_candidate_crops/sheet_metal/context_1.50/000253_012_regular_cand02_context_1.50.png,,0.012720048427581787,,0.27499186992645264,0.2877119183540344
sheet_metal_folder/test/bad/000258_013_overexposed.png,sheet_metal,1,/root/private_data/iad-vlm-anomaly/results/stage11_mvtecad2_multicategory/stage11_c_candidate_crops/sheet_metal/context_1.50/000258_013_overexposed_cand00_context_1.50.png,,0.00666402280330658,,0.24932478368282318,0.25598880648612976
sheet_metal_folder/test/bad/000258_013_overexposed.png,sheet_metal,2,/root/private_data/iad-vlm-anomaly/results/stage11_mvtecad2_multicategory/stage11_c_candidate_crops/sheet_metal/context_1.50/000258_013_overexposed_cand01_context_1.50.png,,0.009865045547485352,,0.2847575843334198,0.29462262988090515
sheet_metal_folder/test/bad/000259_013_regular.png,sheet_metal,1,/root/private_data/iad-vlm-anomaly/results/stage11_mvtecad2_multicategory/stage11_c_candidate_crops/sheet_metal/context_1.50/000259_013_regular_cand00_context_1.50.png,,0.0060773491859436035,,0.25652700662612915,0.26260435581207275
sheet_metal_folder/test/bad/000259_013_regular.png,sheet_metal,2,/root/private_data/iad-vlm-anomaly/results/stage11_mvtecad2_multicategory/stage11_c_candidate_crops/sheet_metal/context_1.50/000259_013_regular_cand01_context_1.50.png,,0.007452607154846191,,0.27358171343803406,0.28103432059288025
sheet_metal_folder/test/bad/000260_013_shift_1.png,sheet_metal,1,/root/private_data/iad-vlm-anomaly/results/stage11_mvtecad2_multicategory/stage11_c_candidate_crops/sheet_metal/context_1.50/000260_013_shift_1_cand00_context_1.50.png,,0.0026480257511138916,,0.29624277353286743,0.2988907992839813
sheet_metal_folder/test/bad/000260_013_shift_1.png,sheet_metal,2,/root/private_data/iad-vlm-anomaly/results/stage11_mvtecad2_multicategory/stage11_c_candidate_crops/sheet_metal/context_1.50/000260_013_shift_1_cand01_context_1.50.png,,0.004976421594619751,,0.27768293023109436,0.2826593518257141
sheet_metal_folder/test/bad/000265_014_regular.png,sheet_metal,1,/root/private_data/iad-vlm-anomaly/results/stage11_mvtecad2_multicategory/stage11_c_candidate_crops/sheet_metal/context_1.50/000265_014_regular_cand00_context_1.50.png,,0.007654905319213867,,0.26673319935798645,0.2743881046772003
sheet_metal_folder/test/bad/000265_014_regular.png,sheet_metal,2,/root/private_data/iad-vlm-anomaly/results/stage11_mvtecad2_multicategory/stage11_c_candidate_crops/sheet_metal/context_1.50/000265_014_regular_cand01_context_1.50.png,,0.0068434178829193115,,0.2643883526325226,0.2712317705154419
sheet_metal_folder/test/bad/000265_014_regular.png,sheet_metal,3,/root/private_data/iad-vlm-anomaly/results/stage11_mvtecad2_multicategory/stage11_c_candidate_crops/sheet_metal/context_1.50/000265_014_regular_cand02_context_1.50.png,,0.011506825685501099,,0.2713070809841156,0.2828139066696167
sheet_metal_folder/test/bad/000268_014_shift_3.png,sheet_metal,1,/root/private_data/iad-vlm-anomaly/results/stage11_mvtecad2_multicategory/stage11_c_candidate_crops/sheet_metal/context_1.50/000268_014_shift_3_cand00_context_1.50.png,,0.0065492987632751465,,0.27092668414115906,0.2774759829044342
sheet_metal_folder/test/bad/000268_014_shift_3.png,sheet_metal,2,/root/private_data/iad-vlm-anomaly/results/stage11_mvtecad2_multicategory/stage11_c_candidate_crops/sheet_metal/context_1.50/000268_014_shift_3_cand01_context_1.50.png,,0.006656020879745483,,0.26675155758857727,0.27340757846832275
sheet_metal_folder/test/bad/000268_014_shift_3.png,sheet_metal,3,/root/private_data/iad-vlm-anomaly/results/stage11_mvtecad2_multicategory/stage11_c_candidate_crops/sheet_metal/context_1.50/000268_014_shift_3_cand02_context_1.50.png,,0.00453987717628479,,0.26030412316322327,0.26484400033950806
sheet_metal_folder/test/bad/000269_014_underexposed.png,sheet_metal,1,/root/private_data/iad-vlm-anomaly/results/stage11_mvtecad2_multicategory/stage11_c_candidate_crops/sheet_metal/context_1.50/000269_014_underexposed_cand00_context_1.50.png,,0.005311697721481323,,0.2635798454284668,0.2688915431499481
sheet_metal_folder/test/bad/000269_014_underexposed.png,sheet_metal,2,/root/private_data/iad-vlm-anomaly/results/stage11_mvtecad2_multicategory/stage11_c_candidate_crops/sheet_metal/context_1.50/000269_014_underexposed_cand01_context_1.50.png,,0.006521105766296387,,0.2593441307544708,0.2658652365207672
sheet_metal_folder/test/bad/000269_014_underexposed.png,sheet_metal,3,/root/private_data/iad-vlm-anomaly/results/stage11_mvtecad2_multicategory/stage11_c_candidate_crops/sheet_metal/context_1.50/000269_014_underexposed_cand02_context_1.50.png,,0.009481161832809448,,0.2593233287334442,0.26880449056625366
sheet_metal_folder/test/good/000157_000_regular.png,sheet_metal,1,/root/private_data/iad-vlm-anomaly/results/stage11_mvtecad2_multicategory/stage11_c_candidate_crops/sheet_metal/context_1.50/000157_000_regular_cand00_context_1.50.png,,0.00954979658126831,,0.2643668055534363,0.2739166021347046
sheet_metal_folder/test/good/000157_000_regular.png,sheet_metal,2,/root/private_data/iad-vlm-anomaly/results/stage11_mvtecad2_multicategory/stage11_c_candidate_crops/sheet_metal/context_1.50/000157_000_regular_cand01_context_1.50.png,,0.01376393437385559,,0.27415648102760315,0.28792041540145874
sheet_metal_folder/test/good/000157_000_regular.png,sheet_metal,3,/root/private_data/iad-vlm-anomaly/results/stage11_mvtecad2_multicategory/stage11_c_candidate_crops/sheet_metal/context_1.50/000157_000_regular_cand02_context_1.50.png,,0.009476959705352783,,0.2613494098186493,0.2708263695240021
sheet_metal_folder/test/good/000162_001_overexposed.png,sheet_metal,1,/root/private_data/iad-vlm-anomaly/results/stage11_mvtecad2_multicategory/stage11_c_candidate_crops/sheet_metal/context_1.50/000162_001_overexposed_cand00_context_1.50.png,,0.011354386806488037,,0.2846032679080963,0.29595765471458435
sheet_metal_folder/test/good/000162_001_overexposed.png,sheet_metal,2,/root/private_data/iad-vlm-anomaly/results/stage11_mvtecad2_multicategory/stage11_c_candidate_crops/sheet_metal/context_1.50/000162_001_overexposed_cand01_context_1.50.png,,0.00726965069770813,,0.2855986952781677,0.29286834597587585
sheet_metal_folder/test/good/000162_001_overexposed.png,sheet_metal,3,/root/private_data/iad-vlm-anomaly/results/stage11_mvtecad2_multicategory/stage11_c_candidate_crops/sheet_metal/context_1.50/000162_001_overexposed_cand02_context_1.50.png,,0.0038250982761383057,,0.2743770182132721,0.2782021164894104
sheet_metal_folder/test/good/000164_001_shift_1.png,sheet_metal,1,/root/private_data/iad-vlm-anomaly/results/stage11_mvtecad2_multicategory/stage11_c_candidate_crops/sheet_metal/context_1.50/000164_001_shift_1_cand00_context_1.50.png,,0.004153847694396973,,0.2635876536369324,0.26774150133132935
sheet_metal_folder/test/good/000164_001_shift_1.png,sheet_metal,2,/root/private_data/iad-vlm-anomaly/results/stage11_mvtecad2_multicategory/stage11_c_candidate_crops/sheet_metal/context_1.50/000164_001_shift_1_cand01_context_1.50.png,,0.006604701280593872,,0.26691120862960815,0.273515909910202
sheet_metal_folder/test/good/000165_001_shift_2.png,sheet_metal,1,/root/private_data/iad-vlm-anomaly/results/stage11_mvtecad2_multicategory/stage11_c_candidate_crops/sheet_metal/context_1.50/000165_001_shift_2_cand00_context_1.50.png,,0.004531115293502808,,0.2656882703304291,0.2702193856239319
sheet_metal_folder/test/good/000165_001_shift_2.png,sheet_metal,2,/root/private_data/iad-vlm-anomaly/results/stage11_mvtecad2_multicategory/stage11_c_candidate_crops/sheet_metal/context_1.50/000165_001_shift_2_cand01_context_1.50.png,,0.008024811744689941,,0.26586636900901794,0.2738911807537079
sheet_metal_folder/test/good/000166_001_shift_3.png,sheet_metal,1,/root/private_data/iad-vlm-anomaly/results/stage11_mvtecad2_multicategory/stage11_c_candidate_crops/sheet_metal/context_1.50/000166_001_shift_3_cand00_context_1.50.png,,0.004156023263931274,,0.25569474697113037,0.25985077023506165
sheet_metal_folder/test/good/000166_001_shift_3.png,sheet_metal,2,/root/private_data/iad-vlm-anomaly/results/stage11_mvtecad2_multicategory/stage11_c_candidate_crops/sheet_metal/context_1.50/000166_001_shift_3_cand01_context_1.50.png,,0.008858636021614075,,0.24797950685024261,0.2568381428718567
sheet_metal_folder/test/good/000167_001_underexposed.png,sheet_metal,1,/root/private_data/iad-vlm-anomaly/results/stage11_mvtecad2_multicategory/stage11_c_candidate_crops/sheet_metal/context_1.50/000167_001_underexposed_cand00_context_1.50.png,,0.01026734709739685,,0.26585713028907776,0.2761244773864746
sheet_metal_folder/test/good/000167_001_underexposed.png,sheet_metal,2,/root/private_data/iad-vlm-anomaly/results/stage11_mvtecad2_multicategory/stage11_c_candidate_crops/sheet_metal/context_1.50/000167_001_underexposed_cand01_context_1.50.png,,0.0063141584396362305,,0.26637160778045654,0.2726857662200928
sheet_metal_folder/test/good/000167_001_underexposed.png,sheet_metal,3,/root/private_data/iad-vlm-anomaly/results/stage11_mvtecad2_multicategory/stage11_c_candidate_crops/sheet_metal/context_1.50/000167_001_underexposed_cand02_context_1.50.png,,0.003275543451309204,,0.26006266474723816,0.26333820819854736
sheet_metal_folder/test/good/000171_002_shift_2.png,sheet_metal,1,/root/private_data/iad-vlm-anomaly/results/stage11_mvtecad2_multicategory/stage11_c_candidate_crops/sheet_metal/context_1.50/000171_002_shift_2_cand00_context_1.50.png,,0.0103360116481781,,0.26962047815322876,0.27995648980140686
sheet_metal_folder/test/good/000171_002_shift_2.png,sheet_metal,2,/root/private_data/iad-vlm-anomaly/results/stage11_mvtecad2_multicategory/stage11_c_candidate_crops/sheet_metal/context_1.50/000171_002_shift_2_cand01_context_1.50.png,,0.008509457111358643,,0.26008379459381104,0.2685932517051697
sheet_metal_folder/test/good/000171_002_shift_2.png,sheet_metal,3,/root/private_data/iad-vlm-anomaly/results/stage11_mvtecad2_multicategory/stage11_c_candidate_crops/sheet_metal/context_1.50/000171_002_shift_2_cand02_context_1.50.png,,0.012007027864456177,,0.2800224721431732,0.2920295000076294
sheet_metal_folder/test/good/000172_002_shift_3.png,sheet_metal,1,/root/private_data/iad-vlm-anomaly/results/stage11_mvtecad2_multicategory/stage11_c_candidate_crops/sheet_metal/context_1.50/000172_002_shift_3_cand00_context_1.50.png,,0.00984761118888855,,0.2665208876132965,0.27636849880218506
sheet_metal_folder/test/good/000172_002_shift_3.png,sheet_metal,2,/root/private_data/iad-vlm-anomaly/results/stage11_mvtecad2_multicategory/stage11_c_candidate_crops/sheet_metal/context_1.50/000172_002_shift_3_cand01_context_1.50.png,,0.01166832447052002,,0.26085856556892395,0.27252689003944397
sheet_metal_folder/test/good/000172_002_shift_3.png,sheet_metal,3,/root/private_data/iad-vlm-anomaly/results/stage11_mvtecad2_multicategory/stage11_c_candidate_crops/sheet_metal/context_1.50/000172_002_shift_3_cand02_context_1.50.png,,0.011797100305557251,,0.2662822902202606,0.27807939052581787
sheet_metal_folder/test/good/000173_002_underexposed.png,sheet_metal,1,/root/private_data/iad-vlm-anomaly/results/stage11_mvtecad2_multicategory/stage11_c_candidate_crops/sheet_metal/context_1.50/000173_002_underexposed_cand00_context_1.50.png,,0.011080622673034668,,0.2692687213420868,0.28034934401512146
sheet_metal_folder/test/good/000173_002_underexposed.png,sheet_metal,2,/root/private_data/iad-vlm-anomaly/results/stage11_mvtecad2_multicategory/stage11_c_candidate_crops/sheet_metal/context_1.50/000173_002_underexposed_cand01_context_1.50.png,,0.008441567420959473,,0.2620268166065216,0.2704683840274811
sheet_metal_folder/test/good/000173_002_underexposed.png,sheet_metal,3,/root/private_data/iad-vlm-anomaly/results/stage11_mvtecad2_multicategory/stage11_c_candidate_crops/sheet_metal/context_1.50/000173_002_underexposed_cand02_context_1.50.png,,0.015491873025894165,,0.2547827661037445,0.27027463912963867
sheet_metal_folder/test/good/000174_003_overexposed.png,sheet_metal,1,/root/private_data/iad-vlm-anomaly/results/stage11_mvtecad2_multicategory/stage11_c_candidate_crops/sheet_metal/context_1.50/000174_003_overexposed_cand00_context_1.50.png,,0.00793030858039856,,0.26675498485565186,0.2746852934360504
sheet_metal_folder/test/good/000174_003_overexposed.png,sheet_metal,2,/root/private_data/iad-vlm-anomaly/results/stage11_mvtecad2_multicategory/stage11_c_candidate_crops/sheet_metal/context_1.50/000174_003_overexposed_cand01_context_1.50.png,,0.008750274777412415,,0.2496740072965622,0.2584242820739746
sheet_metal_folder/test/good/000174_003_overexposed.png,sheet_metal,3,/root/private_data/iad-vlm-anomaly/results/stage11_mvtecad2_multicategory/stage11_c_candidate_crops/sheet_metal/context_1.50/000174_003_overexposed_cand02_context_1.50.png,,0.006862521171569824,,0.259290486574173,0.2661530077457428
sheet_metal_folder/test/good/000176_003_shift_1.png,sheet_metal,1,/root/private_data/iad-vlm-anomaly/results/stage11_mvtecad2_multicategory/stage11_c_candidate_crops/sheet_metal/context_1.50/000176_003_shift_1_cand00_context_1.50.png,,0.007294803857803345,,0.2686510980129242,0.27594590187072754
sheet_metal_folder/test/good/000176_003_shift_1.png,sheet_metal,2,/root/private_data/iad-vlm-anomaly/results/stage11_mvtecad2_multicategory/stage11_c_candidate_crops/sheet_metal/context_1.50/000176_003_shift_1_cand01_context_1.50.png,,0.007170557975769043,,0.25457271933555603,0.2617432773113251
sheet_metal_folder/test/good/000176_003_shift_1.png,sheet_metal,3,/root/private_data/iad-vlm-anomaly/results/stage11_mvtecad2_multicategory/stage11_c_candidate_crops/sheet_metal/context_1.50/000176_003_shift_1_cand02_context_1.50.png,,0.007041633129119873,,0.2604820728302002,0.26752370595932007
sheet_metal_folder/test/good/000179_003_underexposed.png,sheet_metal,1,/root/private_data/iad-vlm-anomaly/results/stage11_mvtecad2_multicategory/stage11_c_candidate_crops/sheet_metal/context_1.50/000179_003_underexposed_cand00_context_1.50.png,,0.009765878319740295,,0.24908916652202606,0.25885504484176636
sheet_metal_folder/test/good/000179_003_underexposed.png,sheet_metal,2,/root/private_data/iad-vlm-anomaly/results/stage11_mvtecad2_multicategory/stage11_c_candidate_crops/sheet_metal/context_1.50/000179_003_underexposed_cand01_context_1.50.png,,0.00820198655128479,,0.2608075737953186,0.2690095603466034
sheet_metal_folder/test/good/000179_003_underexposed.png,sheet_metal,3,/root/private_data/iad-vlm-anomaly/results/stage11_mvtecad2_multicategory/stage11_c_candidate_crops/sheet_metal/context_1.50/000179_003_underexposed_cand02_context_1.50.png,,0.010153889656066895,,0.2676754593849182,0.2778293490409851
vial_folder/test/bad/000371_000_shift_3.png,vial,1,/root/private_data/iad-vlm-anomaly/results/stage11_mvtecad2_multicategory/stage11_c_candidate_crops/vial/context_1.50/000371_000_shift_3_cand00_context_1.50.png,,-0.0008553862571716309,,0.2691797614097595,0.2683243751525879
vial_folder/test/bad/000373_000_underexposed.png,vial,1,/root/private_data/iad-vlm-anomaly/results/stage11_mvtecad2_multicategory/stage11_c_candidate_crops/vial/context_1.50/000373_000_underexposed_cand00_context_1.50.png,,0.00013139843940734863,,0.2733595669269562,0.2734909653663635
vial_folder/test/bad/000373_000_underexposed.png,vial,2,/root/private_data/iad-vlm-anomaly/results/stage11_mvtecad2_multicategory/stage11_c_candidate_crops/vial/context_1.50/000373_000_underexposed_cand01_context_1.50.png,,-0.001156449317932129,,0.2594795227050781,0.258323073387146
vial_folder/test/bad/000376_001_shift_1.png,vial,1,/root/private_data/iad-vlm-anomaly/results/stage11_mvtecad2_multicategory/stage11_c_candidate_crops/vial/context_1.50/000376_001_shift_1_cand00_context_1.50.png,,-0.006773471832275391,,0.27801042795181274,0.27123695611953735
vial_folder/test/bad/000380_001_underexposed.png,vial,1,/root/private_data/iad-vlm-anomaly/results/stage11_mvtecad2_multicategory/stage11_c_candidate_crops/vial/context_1.50/000380_001_underexposed_cand00_context_1.50.png,,-0.0036408603191375732,,0.29510176181793213,0.29146090149879456
vial_folder/test/bad/000380_001_underexposed.png,vial,2,/root/private_data/iad-vlm-anomaly/results/stage11_mvtecad2_multicategory/stage11_c_candidate_crops/vial/context_1.50/000380_001_underexposed_cand01_context_1.50.png,,-0.004524841904640198,,0.25095951557159424,0.24643467366695404
vial_folder/test/bad/000383_002_shift_1.png,vial,1,/root/private_data/iad-vlm-anomaly/results/stage11_mvtecad2_multicategory/stage11_c_candidate_crops/vial/context_1.50/000383_002_shift_1_cand00_context_1.50.png,,-0.002076774835586548,,0.2560795247554779,0.25400274991989136
vial_folder/test/bad/000383_002_shift_1.png,vial,2,/root/private_data/iad-vlm-anomaly/results/stage11_mvtecad2_multicategory/stage11_c_candidate_crops/vial/context_1.50/000383_002_shift_1_cand01_context_1.50.png,,0.0014467835426330566,,0.2681329846382141,0.26957976818084717
vial_folder/test/bad/000384_002_shift_2.png,vial,1,/root/private_data/iad-vlm-anomaly/results/stage11_mvtecad2_multicategory/stage11_c_candidate_crops/vial/context_1.50/000384_002_shift_2_cand00_context_1.50.png,,-0.002163022756576538,,0.25798848271369934,0.2558254599571228
vial_folder/test/bad/000384_002_shift_2.png,vial,2,/root/private_data/iad-vlm-anomaly/results/stage11_mvtecad2_multicategory/stage11_c_candidate_crops/vial/context_1.50/000384_002_shift_2_cand01_context_1.50.png,,0.004105597734451294,,0.2529514729976654,0.2570570707321167
vial_folder/test/bad/000386_002_shift_4.png,vial,1,/root/private_data/iad-vlm-anomaly/results/stage11_mvtecad2_multicategory/stage11_c_candidate_crops/vial/context_1.50/000386_002_shift_4_cand00_context_1.50.png,,-0.003443300724029541,,0.2576139569282532,0.25417065620422363
vial_folder/test/bad/000386_002_shift_4.png,vial,2,/root/private_data/iad-vlm-anomaly/results/stage11_mvtecad2_multicategory/stage11_c_candidate_crops/vial/context_1.50/000386_002_shift_4_cand01_context_1.50.png,,0.0003786534070968628,,0.24944421648979187,0.24982286989688873
vial_folder/test/bad/000387_002_underexposed.png,vial,1,/root/private_data/iad-vlm-anomaly/results/stage11_mvtecad2_multicategory/stage11_c_candidate_crops/vial/context_1.50/000387_002_underexposed_cand00_context_1.50.png,,-0.0015508532524108887,,0.2851736843585968,0.2836228311061859
vial_folder/test/bad/000387_002_underexposed.png,vial,2,/root/private_data/iad-vlm-anomaly/results/stage11_mvtecad2_multicategory/stage11_c_candidate_crops/vial/context_1.50/000387_002_underexposed_cand01_context_1.50.png,,-0.0050357431173324585,,0.25059184432029724,0.24555610120296478
vial_folder/test/bad/000394_003_underexposed.png,vial,1,/root/private_data/iad-vlm-anomaly/results/stage11_mvtecad2_multicategory/stage11_c_candidate_crops/vial/context_1.50/000394_003_underexposed_cand00_context_1.50.png,,-0.002503901720046997,,0.2766861915588379,0.2741822898387909
vial_folder/test/bad/000394_003_underexposed.png,vial,2,/root/private_data/iad-vlm-anomaly/results/stage11_mvtecad2_multicategory/stage11_c_candidate_crops/vial/context_1.50/000394_003_underexposed_cand01_context_1.50.png,,-0.005728378891944885,,0.25015026330947876,0.24442188441753387
vial_folder/test/bad/000396_004_regular.png,vial,1,/root/private_data/iad-vlm-anomaly/results/stage11_mvtecad2_multicategory/stage11_c_candidate_crops/vial/context_1.50/000396_004_regular_cand00_context_1.50.png,,0.0007438361644744873,,0.2829577624797821,0.2837015986442566
vial_folder/test/bad/000399_004_shift_3.png,vial,1,/root/private_data/iad-vlm-anomaly/results/stage11_mvtecad2_multicategory/stage11_c_candidate_crops/vial/context_1.50/000399_004_shift_3_cand00_context_1.50.png,,0.0023062825202941895,,0.2892249524593353,0.2915312349796295
vial_folder/test/bad/000400_004_shift_4.png,vial,1,/root/private_data/iad-vlm-anomaly/results/stage11_mvtecad2_multicategory/stage11_c_candidate_crops/vial/context_1.50/000400_004_shift_4_cand00_context_1.50.png,,0.0023868680000305176,,0.28580623865127563,0.28819310665130615
vial_folder/test/bad/000401_004_underexposed.png,vial,1,/root/private_data/iad-vlm-anomaly/results/stage11_mvtecad2_multicategory/stage11_c_candidate_crops/vial/context_1.50/000401_004_underexposed_cand00_context_1.50.png,,0.0020236074924468994,,0.28662025928497314,0.28864386677742004
vial_folder/test/bad/000401_004_underexposed.png,vial,2,/root/private_data/iad-vlm-anomaly/results/stage11_mvtecad2_multicategory/stage11_c_candidate_crops/vial/context_1.50/000401_004_underexposed_cand01_context_1.50.png,,-0.0010221749544143677,,0.2467023730278015,0.24568019807338715
vial_folder/test/bad/000401_004_underexposed.png,vial,3,/root/private_data/iad-vlm-anomaly/results/stage11_mvtecad2_multicategory/stage11_c_candidate_crops/vial/context_1.50/000401_004_underexposed_cand02_context_1.50.png,,-0.0032745003700256348,,0.23136384785175323,0.2280893474817276
vial_folder/test/bad/000402_005_overexposed.png,vial,1,/root/private_data/iad-vlm-anomaly/results/stage11_mvtecad2_multicategory/stage11_c_candidate_crops/vial/context_1.50/000402_005_overexposed_cand00_context_1.50.png,,0.0028019994497299194,,0.2460217922925949,0.24882379174232483
vial_folder/test/bad/000404_005_shift_1.png,vial,1,/root/private_data/iad-vlm-anomaly/results/stage11_mvtecad2_multicategory/stage11_c_candidate_crops/vial/context_1.50/000404_005_shift_1_cand00_context_1.50.png,,0.0029106885194778442,,0.2415364533662796,0.24444714188575745
vial_folder/test/bad/000409_006_overexposed.png,vial,1,/root/private_data/iad-vlm-anomaly/results/stage11_mvtecad2_multicategory/stage11_c_candidate_crops/vial/context_1.50/000409_006_overexposed_cand00_context_1.50.png,,-0.0032251477241516113,,0.25569531321525574,0.2524701654911041
vial_folder/test/bad/000409_006_overexposed.png,vial,2,/root/private_data/iad-vlm-anomaly/results/stage11_mvtecad2_multicategory/stage11_c_candidate_crops/vial/context_1.50/000409_006_overexposed_cand01_context_1.50.png,,0.00013527274131774902,,0.2809452712535858,0.28108054399490356
vial_folder/test/bad/000409_006_overexposed.png,vial,3,/root/private_data/iad-vlm-anomaly/results/stage11_mvtecad2_multicategory/stage11_c_candidate_crops/vial/context_1.50/000409_006_overexposed_cand02_context_1.50.png,,-0.0034108906984329224,,0.23591755330562592,0.232506662607193
vial_folder/test/bad/000410_006_regular.png,vial,1,/root/private_data/iad-vlm-anomaly/results/stage11_mvtecad2_multicategory/stage11_c_candidate_crops/vial/context_1.50/000410_006_regular_cand00_context_1.50.png,,-0.0038611888885498047,,0.2574891448020935,0.2536279559135437
vial_folder/test/bad/000410_006_regular.png,vial,2,/root/private_data/iad-vlm-anomaly/results/stage11_mvtecad2_multicategory/stage11_c_candidate_crops/vial/context_1.50/000410_006_regular_cand01_context_1.50.png,,-0.003260985016822815,,0.24937114119529724,0.24611015617847443
vial_folder/test/bad/000410_006_regular.png,vial,3,/root/private_data/iad-vlm-anomaly/results/stage11_mvtecad2_multicategory/stage11_c_candidate_crops/vial/context_1.50/000410_006_regular_cand02_context_1.50.png,,0.006123900413513184,,0.2776046395301819,0.28372853994369507
vial_folder/test/bad/000414_006_shift_4.png,vial,1,/root/private_data/iad-vlm-anomaly/results/stage11_mvtecad2_multicategory/stage11_c_candidate_crops/vial/context_1.50/000414_006_shift_4_cand00_context_1.50.png,,-0.0023563802242279053,,0.2589878737926483,0.2566314935684204
vial_folder/test/bad/000414_006_shift_4.png,vial,2,/root/private_data/iad-vlm-anomaly/results/stage11_mvtecad2_multicategory/stage11_c_candidate_crops/vial/context_1.50/000414_006_shift_4_cand01_context_1.50.png,,-0.001953229308128357,,0.2411387860774994,0.23918555676937103
vial_folder/test/bad/000414_006_shift_4.png,vial,3,/root/private_data/iad-vlm-anomaly/results/stage11_mvtecad2_multicategory/stage11_c_candidate_crops/vial/context_1.50/000414_006_shift_4_cand02_context_1.50.png,,0.003167569637298584,,0.27589151263237,0.2790590822696686
vial_folder/test/bad/000415_006_underexposed.png,vial,1,/root/private_data/iad-vlm-anomaly/results/stage11_mvtecad2_multicategory/stage11_c_candidate_crops/vial/context_1.50/000415_006_underexposed_cand00_context_1.50.png,,-0.003436654806137085,,0.27521759271621704,0.27178093791007996
vial_folder/test/bad/000415_006_underexposed.png,vial,2,/root/private_data/iad-vlm-anomaly/results/stage11_mvtecad2_multicategory/stage11_c_candidate_crops/vial/context_1.50/000415_006_underexposed_cand01_context_1.50.png,,-0.007070198655128479,,0.2496761530637741,0.24260595440864563
vial_folder/test/bad/000415_006_underexposed.png,vial,3,/root/private_data/iad-vlm-anomaly/results/stage11_mvtecad2_multicategory/stage11_c_candidate_crops/vial/context_1.50/000415_006_underexposed_cand02_context_1.50.png,,-0.0026125162839889526,,0.23578093945980072,0.23316842317581177
vial_folder/test/bad/000419_007_shift_2.png,vial,1,/root/private_data/iad-vlm-anomaly/results/stage11_mvtecad2_multicategory/stage11_c_candidate_crops/vial/context_1.50/000419_007_shift_2_cand00_context_1.50.png,,-0.0017218589782714844,,0.2885248363018036,0.2868029773235321
vial_folder/test/bad/000420_007_shift_3.png,vial,1,/root/private_data/iad-vlm-anomaly/results/stage11_mvtecad2_multicategory/stage11_c_candidate_crops/vial/context_1.50/000420_007_shift_3_cand00_context_1.50.png,,-0.0013517141342163086,,0.296330064535141,0.2949783504009247
vial_folder/test/bad/000421_007_shift_4.png,vial,1,/root/private_data/iad-vlm-anomaly/results/stage11_mvtecad2_multicategory/stage11_c_candidate_crops/vial/context_1.50/000421_007_shift_4_cand00_context_1.50.png,,-0.002628326416015625,,0.28317537903785706,0.28054705262184143
vial_folder/test/bad/000422_007_underexposed.png,vial,1,/root/private_data/iad-vlm-anomaly/results/stage11_mvtecad2_multicategory/stage11_c_candidate_crops/vial/context_1.50/000422_007_underexposed_cand00_context_1.50.png,,-0.0052786171436309814,,0.2809094190597534,0.27563080191612244
vial_folder/test/bad/000422_007_underexposed.png,vial,2,/root/private_data/iad-vlm-anomaly/results/stage11_mvtecad2_multicategory/stage11_c_candidate_crops/vial/context_1.50/000422_007_underexposed_cand01_context_1.50.png,,-0.005058273673057556,,0.25118523836135864,0.2461269646883011
vial_folder/test/bad/000422_007_underexposed.png,vial,3,/root/private_data/iad-vlm-anomaly/results/stage11_mvtecad2_multicategory/stage11_c_candidate_crops/vial/context_1.50/000422_007_underexposed_cand02_context_1.50.png,,-0.004202708601951599,,0.24327881634235382,0.23907610774040222
vial_folder/test/bad/000426_008_shift_2.png,vial,1,/root/private_data/iad-vlm-anomaly/results/stage11_mvtecad2_multicategory/stage11_c_candidate_crops/vial/context_1.50/000426_008_shift_2_cand00_context_1.50.png,,-0.00033968687057495117,,0.3020000159740448,0.30166032910346985
vial_folder/test/bad/000427_008_shift_3.png,vial,1,/root/private_data/iad-vlm-anomaly/results/stage11_mvtecad2_multicategory/stage11_c_candidate_crops/vial/context_1.50/000427_008_shift_3_cand00_context_1.50.png,,-0.0020813941955566406,,0.2973978817462921,0.2953164875507355
vial_folder/test/bad/000427_008_shift_3.png,vial,2,/root/private_data/iad-vlm-anomaly/results/stage11_mvtecad2_multicategory/stage11_c_candidate_crops/vial/context_1.50/000427_008_shift_3_cand01_context_1.50.png,,-3.9964914321899414e-05,,0.3003680408000946,0.3003280758857727
vial_folder/test/bad/000428_008_shift_4.png,vial,1,/root/private_data/iad-vlm-anomaly/results/stage11_mvtecad2_multicategory/stage11_c_candidate_crops/vial/context_1.50/000428_008_shift_4_cand00_context_1.50.png,,-0.0014946162700653076,,0.27888402342796326,0.27738940715789795
vial_folder/test/bad/000429_008_underexposed.png,vial,1,/root/private_data/iad-vlm-anomaly/results/stage11_mvtecad2_multicategory/stage11_c_candidate_crops/vial/context_1.50/000429_008_underexposed_cand00_context_1.50.png,,-0.002237081527709961,,0.2699962258338928,0.26775914430618286
vial_folder/test/bad/000429_008_underexposed.png,vial,2,/root/private_data/iad-vlm-anomaly/results/stage11_mvtecad2_multicategory/stage11_c_candidate_crops/vial/context_1.50/000429_008_underexposed_cand01_context_1.50.png,,-0.004807978868484497,,0.23482446372509003,0.23001648485660553
vial_folder/test/bad/000431_009_regular.png,vial,1,/root/private_data/iad-vlm-anomaly/results/stage11_mvtecad2_multicategory/stage11_c_candidate_crops/vial/context_1.50/000431_009_regular_cand00_context_1.50.png,,-8.45789909362793e-05,,0.26264646649360657,0.2625618875026703
vial_folder/test/bad/000432_009_shift_1.png,vial,1,/root/private_data/iad-vlm-anomaly/results/stage11_mvtecad2_multicategory/stage11_c_candidate_crops/vial/context_1.50/000432_009_shift_1_cand00_context_1.50.png,,-6.905198097229004e-05,,0.26617661118507385,0.26610755920410156
vial_folder/test/bad/000434_009_shift_3.png,vial,1,/root/private_data/iad-vlm-anomaly/results/stage11_mvtecad2_multicategory/stage11_c_candidate_crops/vial/context_1.50/000434_009_shift_3_cand00_context_1.50.png,,3.135204315185547e-05,,0.26698756217956543,0.2670189142227173
vial_folder/test/bad/000436_009_underexposed.png,vial,1,/root/private_data/iad-vlm-anomaly/results/stage11_mvtecad2_multicategory/stage11_c_candidate_crops/vial/context_1.50/000436_009_underexposed_cand00_context_1.50.png,,0.00035241246223449707,,0.2610055208206177,0.2613579332828522
vial_folder/test/bad/000436_009_underexposed.png,vial,2,/root/private_data/iad-vlm-anomaly/results/stage11_mvtecad2_multicategory/stage11_c_candidate_crops/vial/context_1.50/000436_009_underexposed_cand01_context_1.50.png,,-0.006092742085456848,,0.2515304684638977,0.24543772637844086
vial_folder/test/bad/000436_009_underexposed.png,vial,3,/root/private_data/iad-vlm-anomaly/results/stage11_mvtecad2_multicategory/stage11_c_candidate_crops/vial/context_1.50/000436_009_underexposed_cand02_context_1.50.png,,0.0001500248908996582,,0.2705840766429901,0.27073410153388977
vial_folder/test/bad/000438_010_regular.png,vial,1,/root/private_data/iad-vlm-anomaly/results/stage11_mvtecad2_multicategory/stage11_c_candidate_crops/vial/context_1.50/000438_010_regular_cand00_context_1.50.png,,0.0034092366695404053,,0.2924872934818268,0.2958965301513672
vial_folder/test/bad/000439_010_shift_1.png,vial,1,/root/private_data/iad-vlm-anomaly/results/stage11_mvtecad2_multicategory/stage11_c_candidate_crops/vial/context_1.50/000439_010_shift_1_cand00_context_1.50.png,,0.0009607672691345215,,0.2879479229450226,0.2889086902141571
vial_folder/test/bad/000441_010_shift_3.png,vial,1,/root/private_data/iad-vlm-anomaly/results/stage11_mvtecad2_multicategory/stage11_c_candidate_crops/vial/context_1.50/000441_010_shift_3_cand00_context_1.50.png,,-0.0003757476806640625,,0.293239563703537,0.2928638160228729
vial_folder/test/bad/000443_010_underexposed.png,vial,1,/root/private_data/iad-vlm-anomaly/results/stage11_mvtecad2_multicategory/stage11_c_candidate_crops/vial/context_1.50/000443_010_underexposed_cand00_context_1.50.png,,0.006799489259719849,,0.29179197549819946,0.2985914647579193
vial_folder/test/bad/000443_010_underexposed.png,vial,2,/root/private_data/iad-vlm-anomaly/results/stage11_mvtecad2_multicategory/stage11_c_candidate_crops/vial/context_1.50/000443_010_underexposed_cand01_context_1.50.png,,-0.004685401916503906,,0.2832995653152466,0.2786141633987427
vial_folder/test/bad/000443_010_underexposed.png,vial,3,/root/private_data/iad-vlm-anomaly/results/stage11_mvtecad2_multicategory/stage11_c_candidate_crops/vial/context_1.50/000443_010_underexposed_cand02_context_1.50.png,,-0.0037934035062789917,,0.2393818497657776,0.2355884462594986
vial_folder/test/bad/000444_011_overexposed.png,vial,1,/root/private_data/iad-vlm-anomaly/results/stage11_mvtecad2_multicategory/stage11_c_candidate_crops/vial/context_1.50/000444_011_overexposed_cand00_context_1.50.png,,0.00187644362449646,,0.2599655091762543,0.26184195280075073
vial_folder/test/bad/000444_011_overexposed.png,vial,2,/root/private_data/iad-vlm-anomaly/results/stage11_mvtecad2_multicategory/stage11_c_candidate_crops/vial/context_1.50/000444_011_overexposed_cand01_context_1.50.png,,0.0026751160621643066,,0.25735723972320557,0.2600323557853699
vial_folder/test/bad/000444_011_overexposed.png,vial,3,/root/private_data/iad-vlm-anomaly/results/stage11_mvtecad2_multicategory/stage11_c_candidate_crops/vial/context_1.50/000444_011_overexposed_cand02_context_1.50.png,,0.006253629922866821,,0.251583993434906,0.2578376233577728
vial_folder/test/bad/000445_011_regular.png,vial,1,/root/private_data/iad-vlm-anomaly/results/stage11_mvtecad2_multicategory/stage11_c_candidate_crops/vial/context_1.50/000445_011_regular_cand00_context_1.50.png,,0.005836904048919678,,0.2715516984462738,0.2773886024951935
vial_folder/test/bad/000445_011_regular.png,vial,2,/root/private_data/iad-vlm-anomaly/results/stage11_mvtecad2_multicategory/stage11_c_candidate_crops/vial/context_1.50/000445_011_regular_cand01_context_1.50.png,,0.0026671290397644043,,0.2520394027233124,0.2547065317630768
vial_folder/test/bad/000445_011_regular.png,vial,3,/root/private_data/iad-vlm-anomaly/results/stage11_mvtecad2_multicategory/stage11_c_candidate_crops/vial/context_1.50/000445_011_regular_cand02_context_1.50.png,,-0.0005003511905670166,,0.2687686085700989,0.26826825737953186
vial_folder/test/bad/000446_011_shift_1.png,vial,1,/root/private_data/iad-vlm-anomaly/results/stage11_mvtecad2_multicategory/stage11_c_candidate_crops/vial/context_1.50/000446_011_shift_1_cand00_context_1.50.png,,-0.003753572702407837,,0.256999135017395,0.2532455623149872
vial_folder/test/bad/000446_011_shift_1.png,vial,2,/root/private_data/iad-vlm-anomaly/results/stage11_mvtecad2_multicategory/stage11_c_candidate_crops/vial/context_1.50/000446_011_shift_1_cand01_context_1.50.png,,0.002350538969039917,,0.2981599271297455,0.3005104660987854
vial_folder/test/bad/000449_011_shift_4.png,vial,1,/root/private_data/iad-vlm-anomaly/results/stage11_mvtecad2_multicategory/stage11_c_candidate_crops/vial/context_1.50/000449_011_shift_4_cand00_context_1.50.png,,-0.004364013671875,,0.25974953174591064,0.25538551807403564
vial_folder/test/bad/000449_011_shift_4.png,vial,2,/root/private_data/iad-vlm-anomaly/results/stage11_mvtecad2_multicategory/stage11_c_candidate_crops/vial/context_1.50/000449_011_shift_4_cand01_context_1.50.png,,0.013454198837280273,,0.2715035080909729,0.2849577069282532
vial_folder/test/bad/000450_011_underexposed.png,vial,1,/root/private_data/iad-vlm-anomaly/results/stage11_mvtecad2_multicategory/stage11_c_candidate_crops/vial/context_1.50/000450_011_underexposed_cand00_context_1.50.png,,-0.004146873950958252,,0.2554682493209839,0.25132137537002563
vial_folder/test/bad/000450_011_underexposed.png,vial,2,/root/private_data/iad-vlm-anomaly/results/stage11_mvtecad2_multicategory/stage11_c_candidate_crops/vial/context_1.50/000450_011_underexposed_cand01_context_1.50.png,,0.00042122602462768555,,0.2730073630809784,0.2734285891056061
vial_folder/test/bad/000451_012_overexposed.png,vial,1,/root/private_data/iad-vlm-anomaly/results/stage11_mvtecad2_multicategory/stage11_c_candidate_crops/vial/context_1.50/000451_012_overexposed_cand00_context_1.50.png,,-0.007726579904556274,,0.2903282344341278,0.28260165452957153
vial_folder/test/bad/000452_012_regular.png,vial,1,/root/private_data/iad-vlm-anomaly/results/stage11_mvtecad2_multicategory/stage11_c_candidate_crops/vial/context_1.50/000452_012_regular_cand00_context_1.50.png,,-0.006173670291900635,,0.28131961822509766,0.275145947933197
vial_folder/test/bad/000454_012_shift_2.png,vial,1,/root/private_data/iad-vlm-anomaly/results/stage11_mvtecad2_multicategory/stage11_c_candidate_crops/vial/context_1.50/000454_012_shift_2_cand00_context_1.50.png,,-0.004519045352935791,,0.2795376479625702,0.2750186026096344
vial_folder/test/bad/000455_012_shift_3.png,vial,1,/root/private_data/iad-vlm-anomaly/results/stage11_mvtecad2_multicategory/stage11_c_candidate_crops/vial/context_1.50/000455_012_shift_3_cand00_context_1.50.png,,-0.004189521074295044,,0.27548521757125854,0.2712956964969635
vial_folder/test/bad/000458_013_overexposed.png,vial,1,/root/private_data/iad-vlm-anomaly/results/stage11_mvtecad2_multicategory/stage11_c_candidate_crops/vial/context_1.50/000458_013_overexposed_cand00_context_1.50.png,,-0.0005347579717636108,,0.24700453877449036,0.24646978080272675
vial_folder/test/bad/000460_013_shift_1.png,vial,1,/root/private_data/iad-vlm-anomaly/results/stage11_mvtecad2_multicategory/stage11_c_candidate_crops/vial/context_1.50/000460_013_shift_1_cand00_context_1.50.png,,-0.001992523670196533,,0.25253430008888245,0.2505417764186859
vial_folder/test/bad/000462_013_shift_3.png,vial,1,/root/private_data/iad-vlm-anomaly/results/stage11_mvtecad2_multicategory/stage11_c_candidate_crops/vial/context_1.50/000462_013_shift_3_cand00_context_1.50.png,,-0.0006833374500274658,,0.2583545744419098,0.2576712369918823
vial_folder/test/bad/000463_013_shift_4.png,vial,1,/root/private_data/iad-vlm-anomaly/results/stage11_mvtecad2_multicategory/stage11_c_candidate_crops/vial/context_1.50/000463_013_shift_4_cand00_context_1.50.png,,-0.0016704797744750977,,0.2616502642631531,0.259979784488678
vial_folder/test/bad/000465_014_overexposed.png,vial,1,/root/private_data/iad-vlm-anomaly/results/stage11_mvtecad2_multicategory/stage11_c_candidate_crops/vial/context_1.50/000465_014_overexposed_cand00_context_1.50.png,,-0.005566805601119995,,0.28794974088668823,0.28238293528556824
vial_folder/test/bad/000466_014_regular.png,vial,1,/root/private_data/iad-vlm-anomaly/results/stage11_mvtecad2_multicategory/stage11_c_candidate_crops/vial/context_1.50/000466_014_regular_cand00_context_1.50.png,,-0.0034087300300598145,,0.2794203758239746,0.2760116457939148
vial_folder/test/bad/000467_014_shift_1.png,vial,1,/root/private_data/iad-vlm-anomaly/results/stage11_mvtecad2_multicategory/stage11_c_candidate_crops/vial/context_1.50/000467_014_shift_1_cand00_context_1.50.png,,-0.0068069398403167725,,0.29882287979125977,0.292015939950943
vial_folder/test/bad/000468_014_shift_2.png,vial,1,/root/private_data/iad-vlm-anomaly/results/stage11_mvtecad2_multicategory/stage11_c_candidate_crops/vial/context_1.50/000468_014_shift_2_cand00_context_1.50.png,,-0.0033895373344421387,,0.2810467779636383,0.27765724062919617
vial_folder/test/bad/000470_014_shift_4.png,vial,1,/root/private_data/iad-vlm-anomaly/results/stage11_mvtecad2_multicategory/stage11_c_candidate_crops/vial/context_1.50/000470_014_shift_4_cand00_context_1.50.png,,-0.0056393444538116455,,0.2931094169616699,0.2874700725078583
vial_folder/test/good/000332_000_overexposed.png,vial,1,/root/private_data/iad-vlm-anomaly/results/stage11_mvtecad2_multicategory/stage11_c_candidate_crops/vial/context_1.50/000332_000_overexposed_cand00_context_1.50.png,,-0.002715200185775757,,0.2366466522216797,0.23393145203590393
vial_folder/test/good/000332_000_overexposed.png,vial,2,/root/private_data/iad-vlm-anomaly/results/stage11_mvtecad2_multicategory/stage11_c_candidate_crops/vial/context_1.50/000332_000_overexposed_cand01_context_1.50.png,,0.0036651194095611572,,0.27996066212654114,0.2836257815361023
vial_folder/test/good/000334_000_shift_1.png,vial,1,/root/private_data/iad-vlm-anomaly/results/stage11_mvtecad2_multicategory/stage11_c_candidate_crops/vial/context_1.50/000334_000_shift_1_cand00_context_1.50.png,,-0.0031363964080810547,,0.25800034403800964,0.2548639476299286
vial_folder/test/good/000334_000_shift_1.png,vial,2,/root/private_data/iad-vlm-anomaly/results/stage11_mvtecad2_multicategory/stage11_c_candidate_crops/vial/context_1.50/000334_000_shift_1_cand01_context_1.50.png,,0.0009568333625793457,,0.3052065670490265,0.30616340041160583
vial_folder/test/good/000335_000_shift_2.png,vial,1,/root/private_data/iad-vlm-anomaly/results/stage11_mvtecad2_multicategory/stage11_c_candidate_crops/vial/context_1.50/000335_000_shift_2_cand00_context_1.50.png,,-0.002609625458717346,,0.23931026458740234,0.236700639128685
vial_folder/test/good/000335_000_shift_2.png,vial,2,/root/private_data/iad-vlm-anomaly/results/stage11_mvtecad2_multicategory/stage11_c_candidate_crops/vial/context_1.50/000335_000_shift_2_cand01_context_1.50.png,,0.0009038746356964111,,0.27991291880607605,0.28081679344177246
vial_folder/test/good/000337_000_shift_4.png,vial,1,/root/private_data/iad-vlm-anomaly/results/stage11_mvtecad2_multicategory/stage11_c_candidate_crops/vial/context_1.50/000337_000_shift_4_cand00_context_1.50.png,,-0.0014763027429580688,,0.25039583444595337,0.2489195317029953
vial_folder/test/good/000337_000_shift_4.png,vial,2,/root/private_data/iad-vlm-anomaly/results/stage11_mvtecad2_multicategory/stage11_c_candidate_crops/vial/context_1.50/000337_000_shift_4_cand01_context_1.50.png,,0.00016251206398010254,,0.30483385920524597,0.3049963712692261
vial_folder/test/good/000338_000_underexposed.png,vial,1,/root/private_data/iad-vlm-anomaly/results/stage11_mvtecad2_multicategory/stage11_c_candidate_crops/vial/context_1.50/000338_000_underexposed_cand00_context_1.50.png,,-0.0037993788719177246,,0.28664258122444153,0.2828432023525238
vial_folder/test/good/000338_000_underexposed.png,vial,2,/root/private_data/iad-vlm-anomaly/results/stage11_mvtecad2_multicategory/stage11_c_candidate_crops/vial/context_1.50/000338_000_underexposed_cand01_context_1.50.png,,-0.006003081798553467,,0.24784794449806213,0.24184486269950867
vial_folder/test/good/000340_001_regular.png,vial,1,/root/private_data/iad-vlm-anomaly/results/stage11_mvtecad2_multicategory/stage11_c_candidate_crops/vial/context_1.50/000340_001_regular_cand00_context_1.50.png,,0.0012306272983551025,,0.28491851687431335,0.28614914417266846
vial_folder/test/good/000341_001_shift_1.png,vial,1,/root/private_data/iad-vlm-anomaly/results/stage11_mvtecad2_multicategory/stage11_c_candidate_crops/vial/context_1.50/000341_001_shift_1_cand00_context_1.50.png,,-0.0015937983989715576,,0.2977106273174286,0.29611682891845703
vial_folder/test/good/000342_001_shift_2.png,vial,1,/root/private_data/iad-vlm-anomaly/results/stage11_mvtecad2_multicategory/stage11_c_candidate_crops/vial/context_1.50/000342_001_shift_2_cand00_context_1.50.png,,0.0012377500534057617,,0.2837240397930145,0.2849617898464203
vial_folder/test/good/000344_001_shift_4.png,vial,1,/root/private_data/iad-vlm-anomaly/results/stage11_mvtecad2_multicategory/stage11_c_candidate_crops/vial/context_1.50/000344_001_shift_4_cand00_context_1.50.png,,-0.0008139312267303467,,0.29490524530410767,0.2940913140773773
vial_folder/test/good/000352_002_underexposed.png,vial,1,/root/private_data/iad-vlm-anomaly/results/stage11_mvtecad2_multicategory/stage11_c_candidate_crops/vial/context_1.50/000352_002_underexposed_cand00_context_1.50.png,,-0.0018348991870880127,,0.2798179090023041,0.27798300981521606
vial_folder/test/good/000352_002_underexposed.png,vial,2,/root/private_data/iad-vlm-anomaly/results/stage11_mvtecad2_multicategory/stage11_c_candidate_crops/vial/context_1.50/000352_002_underexposed_cand01_context_1.50.png,,-0.0036033689975738525,,0.24169406294822693,0.23809069395065308
vial_folder/test/good/000355_003_shift_1.png,vial,1,/root/private_data/iad-vlm-anomaly/results/stage11_mvtecad2_multicategory/stage11_c_candidate_crops/vial/context_1.50/000355_003_shift_1_cand00_context_1.50.png,,-0.005470633506774902,,0.2775598168373108,0.2720891833305359
vial_folder/test/good/000356_003_shift_2.png,vial,1,/root/private_data/iad-vlm-anomaly/results/stage11_mvtecad2_multicategory/stage11_c_candidate_crops/vial/context_1.50/000356_003_shift_2_cand00_context_1.50.png,,-0.005824625492095947,,0.27414554357528687,0.2683209180831909
vial_folder/test/good/000357_003_shift_3.png,vial,1,/root/private_data/iad-vlm-anomaly/results/stage11_mvtecad2_multicategory/stage11_c_candidate_crops/vial/context_1.50/000357_003_shift_3_cand00_context_1.50.png,,-0.004227131605148315,,0.26971906423568726,0.26549193263053894
vial_folder/test/good/000360_004_overexposed.png,vial,1,/root/private_data/iad-vlm-anomaly/results/stage11_mvtecad2_multicategory/stage11_c_candidate_crops/vial/context_1.50/000360_004_overexposed_cand00_context_1.50.png,,-0.005577147006988525,,0.28256478905677795,0.27698764204978943
vial_folder/test/good/000360_004_overexposed.png,vial,2,/root/private_data/iad-vlm-anomaly/results/stage11_mvtecad2_multicategory/stage11_c_candidate_crops/vial/context_1.50/000360_004_overexposed_cand01_context_1.50.png,,0.003215581178665161,,0.2969678044319153,0.30018338561058044
vial_folder/test/good/000360_004_overexposed.png,vial,3,/root/private_data/iad-vlm-anomaly/results/stage11_mvtecad2_multicategory/stage11_c_candidate_crops/vial/context_1.50/000360_004_overexposed_cand02_context_1.50.png,,0.0005377829074859619,,0.24530526995658875,0.2458430528640747
vial_folder/test/good/000361_004_regular.png,vial,1,/root/private_data/iad-vlm-anomaly/results/stage11_mvtecad2_multicategory/stage11_c_candidate_crops/vial/context_1.50/000361_004_regular_cand00_context_1.50.png,,-0.00633665919303894,,0.28683555126190186,0.2804988920688629
vial_folder/test/good/000361_004_regular.png,vial,2,/root/private_data/iad-vlm-anomaly/results/stage11_mvtecad2_multicategory/stage11_c_candidate_crops/vial/context_1.50/000361_004_regular_cand01_context_1.50.png,,-0.0007587671279907227,,0.28072383999824524,0.2799650728702545
vial_folder/test/good/000361_004_regular.png,vial,3,/root/private_data/iad-vlm-anomaly/results/stage11_mvtecad2_multicategory/stage11_c_candidate_crops/vial/context_1.50/000361_004_regular_cand02_context_1.50.png,,0.0015379488468170166,,0.2855769693851471,0.2871149182319641
vial_folder/test/good/000362_004_shift_1.png,vial,1,/root/private_data/iad-vlm-anomaly/results/stage11_mvtecad2_multicategory/stage11_c_candidate_crops/vial/context_1.50/000362_004_shift_1_cand00_context_1.50.png,,-0.0036374330520629883,,0.3064650893211365,0.3028276562690735
vial_folder/test/good/000362_004_shift_1.png,vial,2,/root/private_data/iad-vlm-anomaly/results/stage11_mvtecad2_multicategory/stage11_c_candidate_crops/vial/context_1.50/000362_004_shift_1_cand01_context_1.50.png,,0.004585295915603638,,0.28778335452079773,0.29236865043640137
vial_folder/test/good/000362_004_shift_1.png,vial,3,/root/private_data/iad-vlm-anomaly/results/stage11_mvtecad2_multicategory/stage11_c_candidate_crops/vial/context_1.50/000362_004_shift_1_cand02_context_1.50.png,,0.00047147274017333984,,0.30553653836250305,0.3060080111026764
vial_folder/test/good/000363_004_shift_2.png,vial,1,/root/private_data/iad-vlm-anomaly/results/stage11_mvtecad2_multicategory/stage11_c_candidate_crops/vial/context_1.50/000363_004_shift_2_cand00_context_1.50.png,,-0.005963265895843506,,0.2867976427078247,0.2808343768119812
vial_folder/test/good/000363_004_shift_2.png,vial,2,/root/private_data/iad-vlm-anomaly/results/stage11_mvtecad2_multicategory/stage11_c_candidate_crops/vial/context_1.50/000363_004_shift_2_cand01_context_1.50.png,,5.537271499633789e-05,,0.28836721181869507,0.2884225845336914
vial_folder/test/good/000363_004_shift_2.png,vial,3,/root/private_data/iad-vlm-anomaly/results/stage11_mvtecad2_multicategory/stage11_c_candidate_crops/vial/context_1.50/000363_004_shift_2_cand02_context_1.50.png,,-0.0017427504062652588,,0.2917028069496155,0.2899600565433502
vial_folder/test/good/000366_004_underexposed.png,vial,1,/root/private_data/iad-vlm-anomaly/results/stage11_mvtecad2_multicategory/stage11_c_candidate_crops/vial/context_1.50/000366_004_underexposed_cand00_context_1.50.png,,-0.002087622880935669,,0.2621518075466156,0.26006418466567993
walnuts_folder/test/bad/000540_000_overexposed.png,walnuts,1,/root/private_data/iad-vlm-anomaly/results/stage11_mvtecad2_multicategory/stage11_c_candidate_crops/walnuts/context_1.50/000540_000_overexposed_cand00_context_1.50.png,,-0.0156344473361969,,0.33758416771888733,0.32194972038269043
walnuts_folder/test/bad/000540_000_overexposed.png,walnuts,2,/root/private_data/iad-vlm-anomaly/results/stage11_mvtecad2_multicategory/stage11_c_candidate_crops/walnuts/context_1.50/000540_000_overexposed_cand01_context_1.50.png,,-0.01177874207496643,,0.3232504427433014,0.31147170066833496
walnuts_folder/test/bad/000540_000_overexposed.png,walnuts,3,/root/private_data/iad-vlm-anomaly/results/stage11_mvtecad2_multicategory/stage11_c_candidate_crops/walnuts/context_1.50/000540_000_overexposed_cand02_context_1.50.png,,0.009274065494537354,,0.3036455512046814,0.31291961669921875
walnuts_folder/test/bad/000543_000_shift_2.png,walnuts,1,/root/private_data/iad-vlm-anomaly/results/stage11_mvtecad2_multicategory/stage11_c_candidate_crops/walnuts/context_1.50/000543_000_shift_2_cand00_context_1.50.png,,-0.013289481401443481,,0.32753998041152954,0.31425049901008606
walnuts_folder/test/bad/000543_000_shift_2.png,walnuts,2,/root/private_data/iad-vlm-anomaly/results/stage11_mvtecad2_multicategory/stage11_c_candidate_crops/walnuts/context_1.50/000543_000_shift_2_cand01_context_1.50.png,,-0.006911724805831909,,0.31271305680274963,0.3058013319969177
walnuts_folder/test/bad/000543_000_shift_2.png,walnuts,3,/root/private_data/iad-vlm-anomaly/results/stage11_mvtecad2_multicategory/stage11_c_candidate_crops/walnuts/context_1.50/000543_000_shift_2_cand02_context_1.50.png,,0.010776996612548828,,0.30503949522972107,0.3158164918422699
walnuts_folder/test/bad/000545_000_underexposed.png,walnuts,1,/root/private_data/iad-vlm-anomaly/results/stage11_mvtecad2_multicategory/stage11_c_candidate_crops/walnuts/context_1.50/000545_000_underexposed_cand00_context_1.50.png,,-0.013775050640106201,,0.33907225728034973,0.32529720664024353
walnuts_folder/test/bad/000545_000_underexposed.png,walnuts,2,/root/private_data/iad-vlm-anomaly/results/stage11_mvtecad2_multicategory/stage11_c_candidate_crops/walnuts/context_1.50/000545_000_underexposed_cand01_context_1.50.png,,-0.011539846658706665,,0.3292486369609833,0.3177087903022766
walnuts_folder/test/bad/000545_000_underexposed.png,walnuts,3,/root/private_data/iad-vlm-anomaly/results/stage11_mvtecad2_multicategory/stage11_c_candidate_crops/walnuts/context_1.50/000545_000_underexposed_cand02_context_1.50.png,,0.008857131004333496,,0.30840349197387695,0.31726062297821045
walnuts_folder/test/bad/000546_001_overexposed.png,walnuts,1,/root/private_data/iad-vlm-anomaly/results/stage11_mvtecad2_multicategory/stage11_c_candidate_crops/walnuts/context_1.50/000546_001_overexposed_cand00_context_1.50.png,,-0.010336518287658691,,0.31641972064971924,0.30608320236206055
walnuts_folder/test/bad/000547_001_regular.png,walnuts,1,/root/private_data/iad-vlm-anomaly/results/stage11_mvtecad2_multicategory/stage11_c_candidate_crops/walnuts/context_1.50/000547_001_regular_cand00_context_1.50.png,,-0.010548830032348633,,0.3242402970790863,0.31369146704673767
walnuts_folder/test/bad/000549_001_shift_2.png,walnuts,1,/root/private_data/iad-vlm-anomaly/results/stage11_mvtecad2_multicategory/stage11_c_candidate_crops/walnuts/context_1.50/000549_001_shift_2_cand00_context_1.50.png,,-0.010826587677001953,,0.319742351770401,0.30891576409339905
walnuts_folder/test/bad/000553_002_regular.png,walnuts,1,/root/private_data/iad-vlm-anomaly/results/stage11_mvtecad2_multicategory/stage11_c_candidate_crops/walnuts/context_1.50/000553_002_regular_cand00_context_1.50.png,,-0.014470279216766357,,0.32897353172302246,0.3145032525062561
walnuts_folder/test/bad/000553_002_regular.png,walnuts,2,/root/private_data/iad-vlm-anomaly/results/stage11_mvtecad2_multicategory/stage11_c_candidate_crops/walnuts/context_1.50/000553_002_regular_cand01_context_1.50.png,,-0.01276487112045288,,0.33549827337265015,0.32273340225219727
walnuts_folder/test/bad/000558_003_overexposed.png,walnuts,1,/root/private_data/iad-vlm-anomaly/results/stage11_mvtecad2_multicategory/stage11_c_candidate_crops/walnuts/context_1.50/000558_003_overexposed_cand00_context_1.50.png,,-0.013848066329956055,,0.33097994327545166,0.3171318769454956
walnuts_folder/test/bad/000558_003_overexposed.png,walnuts,2,/root/private_data/iad-vlm-anomaly/results/stage11_mvtecad2_multicategory/stage11_c_candidate_crops/walnuts/context_1.50/000558_003_overexposed_cand01_context_1.50.png,,-0.008327722549438477,,0.3134377598762512,0.30511003732681274
walnuts_folder/test/bad/000558_003_overexposed.png,walnuts,3,/root/private_data/iad-vlm-anomaly/results/stage11_mvtecad2_multicategory/stage11_c_candidate_crops/walnuts/context_1.50/000558_003_overexposed_cand02_context_1.50.png,,-0.0029642581939697266,,0.30476540327072144,0.3018011450767517
walnuts_folder/test/bad/000559_003_regular.png,walnuts,1,/root/private_data/iad-vlm-anomaly/results/stage11_mvtecad2_multicategory/stage11_c_candidate_crops/walnuts/context_1.50/000559_003_regular_cand00_context_1.50.png,,-0.011554449796676636,,0.3259205222129822,0.31436607241630554
walnuts_folder/test/bad/000559_003_regular.png,walnuts,2,/root/private_data/iad-vlm-anomaly/results/stage11_mvtecad2_multicategory/stage11_c_candidate_crops/walnuts/context_1.50/000559_003_regular_cand01_context_1.50.png,,-0.009719103574752808,,0.319500207901001,0.30978110432624817
walnuts_folder/test/bad/000559_003_regular.png,walnuts,3,/root/private_data/iad-vlm-anomaly/results/stage11_mvtecad2_multicategory/stage11_c_candidate_crops/walnuts/context_1.50/000559_003_regular_cand02_context_1.50.png,,-0.001575380563735962,,0.31193220615386963,0.31035682559013367
walnuts_folder/test/bad/000561_003_shift_2.png,walnuts,1,/root/private_data/iad-vlm-anomaly/results/stage11_mvtecad2_multicategory/stage11_c_candidate_crops/walnuts/context_1.50/000561_003_shift_2_cand00_context_1.50.png,,-0.008145242929458618,,0.31514474749565125,0.3069995045661926
walnuts_folder/test/bad/000561_003_shift_2.png,walnuts,2,/root/private_data/iad-vlm-anomaly/results/stage11_mvtecad2_multicategory/stage11_c_candidate_crops/walnuts/context_1.50/000561_003_shift_2_cand01_context_1.50.png,,-0.006393641233444214,,0.31086504459381104,0.3044714033603668
walnuts_folder/test/bad/000561_003_shift_2.png,walnuts,3,/root/private_data/iad-vlm-anomaly/results/stage11_mvtecad2_multicategory/stage11_c_candidate_crops/walnuts/context_1.50/000561_003_shift_2_cand02_context_1.50.png,,0.0037450790405273438,,0.3103141784667969,0.3140592575073242
walnuts_folder/test/bad/000562_003_shift_3.png,walnuts,1,/root/private_data/iad-vlm-anomaly/results/stage11_mvtecad2_multicategory/stage11_c_candidate_crops/walnuts/context_1.50/000562_003_shift_3_cand00_context_1.50.png,,-0.005802899599075317,,0.2980087697505951,0.2922058701515198
walnuts_folder/test/bad/000562_003_shift_3.png,walnuts,2,/root/private_data/iad-vlm-anomaly/results/stage11_mvtecad2_multicategory/stage11_c_candidate_crops/walnuts/context_1.50/000562_003_shift_3_cand01_context_1.50.png,,-0.006484925746917725,,0.30530256032943726,0.29881763458251953
walnuts_folder/test/bad/000563_003_underexposed.png,walnuts,1,/root/private_data/iad-vlm-anomaly/results/stage11_mvtecad2_multicategory/stage11_c_candidate_crops/walnuts/context_1.50/000563_003_underexposed_cand00_context_1.50.png,,-0.01293596625328064,,0.32826244831085205,0.3153264820575714
walnuts_folder/test/bad/000563_003_underexposed.png,walnuts,2,/root/private_data/iad-vlm-anomaly/results/stage11_mvtecad2_multicategory/stage11_c_candidate_crops/walnuts/context_1.50/000563_003_underexposed_cand01_context_1.50.png,,-0.01113632321357727,,0.32262080907821655,0.3114844858646393
walnuts_folder/test/bad/000563_003_underexposed.png,walnuts,3,/root/private_data/iad-vlm-anomaly/results/stage11_mvtecad2_multicategory/stage11_c_candidate_crops/walnuts/context_1.50/000563_003_underexposed_cand02_context_1.50.png,,0.004714071750640869,,0.2996998429298401,0.30441391468048096
walnuts_folder/test/bad/000565_004_regular.png,walnuts,1,/root/private_data/iad-vlm-anomaly/results/stage11_mvtecad2_multicategory/stage11_c_candidate_crops/walnuts/context_1.50/000565_004_regular_cand00_context_1.50.png,,-0.00998997688293457,,0.3295522928237915,0.31956231594085693
walnuts_folder/test/bad/000565_004_regular.png,walnuts,2,/root/private_data/iad-vlm-anomaly/results/stage11_mvtecad2_multicategory/stage11_c_candidate_crops/walnuts/context_1.50/000565_004_regular_cand01_context_1.50.png,,-0.0144595205783844,,0.33290061354637146,0.31844109296798706
walnuts_folder/test/bad/000567_004_shift_2.png,walnuts,1,/root/private_data/iad-vlm-anomaly/results/stage11_mvtecad2_multicategory/stage11_c_candidate_crops/walnuts/context_1.50/000567_004_shift_2_cand00_context_1.50.png,,-0.009388089179992676,,0.33187445998191833,0.32248637080192566
walnuts_folder/test/bad/000567_004_shift_2.png,walnuts,2,/root/private_data/iad-vlm-anomaly/results/stage11_mvtecad2_multicategory/stage11_c_candidate_crops/walnuts/context_1.50/000567_004_shift_2_cand01_context_1.50.png,,-0.018394529819488525,,0.32565274834632874,0.3072582185268402
walnuts_folder/test/bad/000567_004_shift_2.png,walnuts,3,/root/private_data/iad-vlm-anomaly/results/stage11_mvtecad2_multicategory/stage11_c_candidate_crops/walnuts/context_1.50/000567_004_shift_2_cand02_context_1.50.png,,0.005169391632080078,,0.2865543067455292,0.29172369837760925
walnuts_folder/test/bad/000568_004_shift_3.png,walnuts,1,/root/private_data/iad-vlm-anomaly/results/stage11_mvtecad2_multicategory/stage11_c_candidate_crops/walnuts/context_1.50/000568_004_shift_3_cand00_context_1.50.png,,-0.01334884762763977,,0.3097948729991913,0.2964460253715515
walnuts_folder/test/bad/000568_004_shift_3.png,walnuts,2,/root/private_data/iad-vlm-anomaly/results/stage11_mvtecad2_multicategory/stage11_c_candidate_crops/walnuts/context_1.50/000568_004_shift_3_cand01_context_1.50.png,,-0.011156469583511353,,0.33187511563301086,0.3207186460494995
walnuts_folder/test/bad/000568_004_shift_3.png,walnuts,3,/root/private_data/iad-vlm-anomaly/results/stage11_mvtecad2_multicategory/stage11_c_candidate_crops/walnuts/context_1.50/000568_004_shift_3_cand02_context_1.50.png,,0.0011592209339141846,,0.30241620540618896,0.30357542634010315
walnuts_folder/test/bad/000570_005_overexposed.png,walnuts,1,/root/private_data/iad-vlm-anomaly/results/stage11_mvtecad2_multicategory/stage11_c_candidate_crops/walnuts/context_1.50/000570_005_overexposed_cand00_context_1.50.png,,-0.011386901140213013,,0.3140745460987091,0.3026876449584961
walnuts_folder/test/bad/000570_005_overexposed.png,walnuts,2,/root/private_data/iad-vlm-anomaly/results/stage11_mvtecad2_multicategory/stage11_c_candidate_crops/walnuts/context_1.50/000570_005_overexposed_cand01_context_1.50.png,,-0.012291014194488525,,0.32837408781051636,0.31608307361602783
walnuts_folder/test/bad/000572_005_shift_1.png,walnuts,1,/root/private_data/iad-vlm-anomaly/results/stage11_mvtecad2_multicategory/stage11_c_candidate_crops/walnuts/context_1.50/000572_005_shift_1_cand00_context_1.50.png,,-0.002944737672805786,,0.30037978291511536,0.29743504524230957
walnuts_folder/test/bad/000572_005_shift_1.png,walnuts,2,/root/private_data/iad-vlm-anomaly/results/stage11_mvtecad2_multicategory/stage11_c_candidate_crops/walnuts/context_1.50/000572_005_shift_1_cand01_context_1.50.png,,-0.013813436031341553,,0.3346025347709656,0.320789098739624
walnuts_folder/test/bad/000574_005_shift_3.png,walnuts,1,/root/private_data/iad-vlm-anomaly/results/stage11_mvtecad2_multicategory/stage11_c_candidate_crops/walnuts/context_1.50/000574_005_shift_3_cand00_context_1.50.png,,-0.0026994943618774414,,0.28449153900146484,0.2817920446395874
walnuts_folder/test/bad/000574_005_shift_3.png,walnuts,2,/root/private_data/iad-vlm-anomaly/results/stage11_mvtecad2_multicategory/stage11_c_candidate_crops/walnuts/context_1.50/000574_005_shift_3_cand01_context_1.50.png,,-0.010535508394241333,,0.32235243916511536,0.311816930770874
walnuts_folder/test/bad/000574_005_shift_3.png,walnuts,3,/root/private_data/iad-vlm-anomaly/results/stage11_mvtecad2_multicategory/stage11_c_candidate_crops/walnuts/context_1.50/000574_005_shift_3_cand02_context_1.50.png,,-0.005924880504608154,,0.3268856108188629,0.32096073031425476
walnuts_folder/test/bad/000576_006_overexposed.png,walnuts,1,/root/private_data/iad-vlm-anomaly/results/stage11_mvtecad2_multicategory/stage11_c_candidate_crops/walnuts/context_1.50/000576_006_overexposed_cand00_context_1.50.png,,-0.0010921359062194824,,0.3072628676891327,0.3061707317829132
walnuts_folder/test/bad/000577_006_regular.png,walnuts,1,/root/private_data/iad-vlm-anomaly/results/stage11_mvtecad2_multicategory/stage11_c_candidate_crops/walnuts/context_1.50/000577_006_regular_cand00_context_1.50.png,,-0.0018732249736785889,,0.31380146741867065,0.31192824244499207
walnuts_folder/test/bad/000578_006_shift_1.png,walnuts,1,/root/private_data/iad-vlm-anomaly/results/stage11_mvtecad2_multicategory/stage11_c_candidate_crops/walnuts/context_1.50/000578_006_shift_1_cand00_context_1.50.png,,-0.00218161940574646,,0.3158932328224182,0.31371161341667175
walnuts_folder/test/bad/000579_006_shift_2.png,walnuts,1,/root/private_data/iad-vlm-anomaly/results/stage11_mvtecad2_multicategory/stage11_c_candidate_crops/walnuts/context_1.50/000579_006_shift_2_cand00_context_1.50.png,,-0.005336463451385498,,0.3162841498851776,0.3109476864337921
walnuts_folder/test/bad/000581_006_underexposed.png,walnuts,1,/root/private_data/iad-vlm-anomaly/results/stage11_mvtecad2_multicategory/stage11_c_candidate_crops/walnuts/context_1.50/000581_006_underexposed_cand00_context_1.50.png,,-0.0047223567962646484,,0.3167387843132019,0.31201642751693726
walnuts_folder/test/bad/000588_008_overexposed.png,walnuts,1,/root/private_data/iad-vlm-anomaly/results/stage11_mvtecad2_multicategory/stage11_c_candidate_crops/walnuts/context_1.50/000588_008_overexposed_cand00_context_1.50.png,,-0.0032365024089813232,,0.32571521401405334,0.322478711605072
walnuts_folder/test/bad/000588_008_overexposed.png,walnuts,2,/root/private_data/iad-vlm-anomaly/results/stage11_mvtecad2_multicategory/stage11_c_candidate_crops/walnuts/context_1.50/000588_008_overexposed_cand01_context_1.50.png,,-0.004275262355804443,,0.3141443729400635,0.30986911058425903
walnuts_folder/test/bad/000590_008_shift_1.png,walnuts,1,/root/private_data/iad-vlm-anomaly/results/stage11_mvtecad2_multicategory/stage11_c_candidate_crops/walnuts/context_1.50/000590_008_shift_1_cand00_context_1.50.png,,-0.002910614013671875,,0.31764861941337585,0.314738005399704
walnuts_folder/test/bad/000590_008_shift_1.png,walnuts,2,/root/private_data/iad-vlm-anomaly/results/stage11_mvtecad2_multicategory/stage11_c_candidate_crops/walnuts/context_1.50/000590_008_shift_1_cand01_context_1.50.png,,-0.002660989761352539,,0.3053264021873474,0.3026654124259949
walnuts_folder/test/bad/000592_008_shift_3.png,walnuts,1,/root/private_data/iad-vlm-anomaly/results/stage11_mvtecad2_multicategory/stage11_c_candidate_crops/walnuts/context_1.50/000592_008_shift_3_cand00_context_1.50.png,,-0.006749451160430908,,0.3142693340778351,0.3075198829174042
walnuts_folder/test/bad/000592_008_shift_3.png,walnuts,2,/root/private_data/iad-vlm-anomaly/results/stage11_mvtecad2_multicategory/stage11_c_candidate_crops/walnuts/context_1.50/000592_008_shift_3_cand01_context_1.50.png,,-0.004849791526794434,,0.31790030002593994,0.3130505084991455
walnuts_folder/test/bad/000594_009_overexposed.png,walnuts,1,/root/private_data/iad-vlm-anomaly/results/stage11_mvtecad2_multicategory/stage11_c_candidate_crops/walnuts/context_1.50/000594_009_overexposed_cand00_context_1.50.png,,-0.007796168327331543,,0.3335192799568176,0.3257231116294861
walnuts_folder/test/bad/000594_009_overexposed.png,walnuts,2,/root/private_data/iad-vlm-anomaly/results/stage11_mvtecad2_multicategory/stage11_c_candidate_crops/walnuts/context_1.50/000594_009_overexposed_cand01_context_1.50.png,,-0.011913508176803589,,0.3269621729850769,0.3150486648082733
walnuts_folder/test/bad/000594_009_overexposed.png,walnuts,3,/root/private_data/iad-vlm-anomaly/results/stage11_mvtecad2_multicategory/stage11_c_candidate_crops/walnuts/context_1.50/000594_009_overexposed_cand02_context_1.50.png,,-0.0088958740234375,,0.3083631098270416,0.2994672358036041
walnuts_folder/test/bad/000596_009_shift_1.png,walnuts,1,/root/private_data/iad-vlm-anomaly/results/stage11_mvtecad2_multicategory/stage11_c_candidate_crops/walnuts/context_1.50/000596_009_shift_1_cand00_context_1.50.png,,-0.00018474459648132324,,0.2987484037876129,0.2985636591911316
walnuts_folder/test/bad/000596_009_shift_1.png,walnuts,2,/root/private_data/iad-vlm-anomaly/results/stage11_mvtecad2_multicategory/stage11_c_candidate_crops/walnuts/context_1.50/000596_009_shift_1_cand01_context_1.50.png,,0.006327718496322632,,0.28432220220565796,0.2906499207019806
walnuts_folder/test/bad/000596_009_shift_1.png,walnuts,3,/root/private_data/iad-vlm-anomaly/results/stage11_mvtecad2_multicategory/stage11_c_candidate_crops/walnuts/context_1.50/000596_009_shift_1_cand02_context_1.50.png,,0.0017664730548858643,,0.3081757724285126,0.30994224548339844
walnuts_folder/test/bad/000597_009_shift_2.png,walnuts,1,/root/private_data/iad-vlm-anomaly/results/stage11_mvtecad2_multicategory/stage11_c_candidate_crops/walnuts/context_1.50/000597_009_shift_2_cand00_context_1.50.png,,-0.0031752586364746094,,0.32077568769454956,0.31760042905807495
walnuts_folder/test/bad/000597_009_shift_2.png,walnuts,2,/root/private_data/iad-vlm-anomaly/results/stage11_mvtecad2_multicategory/stage11_c_candidate_crops/walnuts/context_1.50/000597_009_shift_2_cand01_context_1.50.png,,-0.015126973390579224,,0.3314046859741211,0.31627771258354187
walnuts_folder/test/bad/000597_009_shift_2.png,walnuts,3,/root/private_data/iad-vlm-anomaly/results/stage11_mvtecad2_multicategory/stage11_c_candidate_crops/walnuts/context_1.50/000597_009_shift_2_cand02_context_1.50.png,,-0.00600588321685791,,0.31888309121131897,0.31287720799446106
walnuts_folder/test/bad/000598_009_shift_3.png,walnuts,1,/root/private_data/iad-vlm-anomaly/results/stage11_mvtecad2_multicategory/stage11_c_candidate_crops/walnuts/context_1.50/000598_009_shift_3_cand00_context_1.50.png,,-0.0001645982265472412,,0.30736321210861206,0.3071986138820648
walnuts_folder/test/bad/000598_009_shift_3.png,walnuts,2,/root/private_data/iad-vlm-anomaly/results/stage11_mvtecad2_multicategory/stage11_c_candidate_crops/walnuts/context_1.50/000598_009_shift_3_cand01_context_1.50.png,,0.0017198920249938965,,0.3183644115924835,0.3200843036174774
walnuts_folder/test/bad/000598_009_shift_3.png,walnuts,3,/root/private_data/iad-vlm-anomaly/results/stage11_mvtecad2_multicategory/stage11_c_candidate_crops/walnuts/context_1.50/000598_009_shift_3_cand02_context_1.50.png,,-0.005306214094161987,,0.31397271156311035,0.30866649746894836
walnuts_folder/test/bad/000599_009_underexposed.png,walnuts,1,/root/private_data/iad-vlm-anomaly/results/stage11_mvtecad2_multicategory/stage11_c_candidate_crops/walnuts/context_1.50/000599_009_underexposed_cand00_context_1.50.png,,-0.009993523359298706,,0.32465651631355286,0.31466299295425415
walnuts_folder/test/bad/000599_009_underexposed.png,walnuts,2,/root/private_data/iad-vlm-anomaly/results/stage11_mvtecad2_multicategory/stage11_c_candidate_crops/walnuts/context_1.50/000599_009_underexposed_cand01_context_1.50.png,,-0.0059160590171813965,,0.3377971053123474,0.331881046295166
walnuts_folder/test/bad/000599_009_underexposed.png,walnuts,3,/root/private_data/iad-vlm-anomaly/results/stage11_mvtecad2_multicategory/stage11_c_candidate_crops/walnuts/context_1.50/000599_009_underexposed_cand02_context_1.50.png,,-0.011191368103027344,,0.3147895336151123,0.30359816551208496
walnuts_folder/test/bad/000600_010_overexposed.png,walnuts,1,/root/private_data/iad-vlm-anomaly/results/stage11_mvtecad2_multicategory/stage11_c_candidate_crops/walnuts/context_1.50/000600_010_overexposed_cand00_context_1.50.png,,-0.008457809686660767,,0.3097502887248993,0.3012924790382385
walnuts_folder/test/bad/000600_010_overexposed.png,walnuts,2,/root/private_data/iad-vlm-anomaly/results/stage11_mvtecad2_multicategory/stage11_c_candidate_crops/walnuts/context_1.50/000600_010_overexposed_cand01_context_1.50.png,,-0.01220923662185669,,0.33465808629989624,0.32244884967803955
walnuts_folder/test/bad/000602_010_shift_1.png,walnuts,1,/root/private_data/iad-vlm-anomaly/results/stage11_mvtecad2_multicategory/stage11_c_candidate_crops/walnuts/context_1.50/000602_010_shift_1_cand00_context_1.50.png,,-0.011583656072616577,,0.29752981662750244,0.28594616055488586
walnuts_folder/test/bad/000602_010_shift_1.png,walnuts,2,/root/private_data/iad-vlm-anomaly/results/stage11_mvtecad2_multicategory/stage11_c_candidate_crops/walnuts/context_1.50/000602_010_shift_1_cand01_context_1.50.png,,-0.009184867143630981,,0.31589290499687195,0.30670803785324097
walnuts_folder/test/bad/000602_010_shift_1.png,walnuts,3,/root/private_data/iad-vlm-anomaly/results/stage11_mvtecad2_multicategory/stage11_c_candidate_crops/walnuts/context_1.50/000602_010_shift_1_cand02_context_1.50.png,,-0.0010454058647155762,,0.3326162099838257,0.3315708041191101
walnuts_folder/test/bad/000603_010_shift_2.png,walnuts,1,/root/private_data/iad-vlm-anomaly/results/stage11_mvtecad2_multicategory/stage11_c_candidate_crops/walnuts/context_1.50/000603_010_shift_2_cand00_context_1.50.png,,-0.012432247400283813,,0.31307265162467957,0.30064040422439575
walnuts_folder/test/bad/000603_010_shift_2.png,walnuts,2,/root/private_data/iad-vlm-anomaly/results/stage11_mvtecad2_multicategory/stage11_c_candidate_crops/walnuts/context_1.50/000603_010_shift_2_cand01_context_1.50.png,,-0.01279553771018982,,0.3380322754383087,0.3252367377281189
walnuts_folder/test/bad/000605_010_underexposed.png,walnuts,1,/root/private_data/iad-vlm-anomaly/results/stage11_mvtecad2_multicategory/stage11_c_candidate_crops/walnuts/context_1.50/000605_010_underexposed_cand00_context_1.50.png,,-0.011834442615509033,,0.3236145079135895,0.31178006529808044
walnuts_folder/test/bad/000605_010_underexposed.png,walnuts,2,/root/private_data/iad-vlm-anomaly/results/stage11_mvtecad2_multicategory/stage11_c_candidate_crops/walnuts/context_1.50/000605_010_underexposed_cand01_context_1.50.png,,-0.013069480657577515,,0.33160072565078735,0.31853124499320984
walnuts_folder/test/bad/000608_011_shift_1.png,walnuts,1,/root/private_data/iad-vlm-anomaly/results/stage11_mvtecad2_multicategory/stage11_c_candidate_crops/walnuts/context_1.50/000608_011_shift_1_cand00_context_1.50.png,,-0.01069188117980957,,0.3137827515602112,0.3030908703804016
walnuts_folder/test/bad/000608_011_shift_1.png,walnuts,2,/root/private_data/iad-vlm-anomaly/results/stage11_mvtecad2_multicategory/stage11_c_candidate_crops/walnuts/context_1.50/000608_011_shift_1_cand01_context_1.50.png,,-0.006445765495300293,,0.32102635502815247,0.3145805895328522
walnuts_folder/test/bad/000608_011_shift_1.png,walnuts,3,/root/private_data/iad-vlm-anomaly/results/stage11_mvtecad2_multicategory/stage11_c_candidate_crops/walnuts/context_1.50/000608_011_shift_1_cand02_context_1.50.png,,0.008799225091934204,,0.3052219748497009,0.31402119994163513
walnuts_folder/test/bad/000609_011_shift_2.png,walnuts,1,/root/private_data/iad-vlm-anomaly/results/stage11_mvtecad2_multicategory/stage11_c_candidate_crops/walnuts/context_1.50/000609_011_shift_2_cand00_context_1.50.png,,-0.015676915645599365,,0.3306805491447449,0.3150036334991455
walnuts_folder/test/bad/000609_011_shift_2.png,walnuts,2,/root/private_data/iad-vlm-anomaly/results/stage11_mvtecad2_multicategory/stage11_c_candidate_crops/walnuts/context_1.50/000609_011_shift_2_cand01_context_1.50.png,,-0.009093105792999268,,0.3312094509601593,0.32211634516716003
walnuts_folder/test/bad/000614_012_shift_1.png,walnuts,1,/root/private_data/iad-vlm-anomaly/results/stage11_mvtecad2_multicategory/stage11_c_candidate_crops/walnuts/context_1.50/000614_012_shift_1_cand00_context_1.50.png,,-0.007028371095657349,,0.2844012677669525,0.27737289667129517
walnuts_folder/test/bad/000614_012_shift_1.png,walnuts,2,/root/private_data/iad-vlm-anomaly/results/stage11_mvtecad2_multicategory/stage11_c_candidate_crops/walnuts/context_1.50/000614_012_shift_1_cand01_context_1.50.png,,-0.007108420133590698,,0.31777822971343994,0.31066980957984924
walnuts_folder/test/bad/000614_012_shift_1.png,walnuts,3,/root/private_data/iad-vlm-anomaly/results/stage11_mvtecad2_multicategory/stage11_c_candidate_crops/walnuts/context_1.50/000614_012_shift_1_cand02_context_1.50.png,,0.01318340003490448,,0.24106894433498383,0.2542523443698883
walnuts_folder/test/bad/000615_012_shift_2.png,walnuts,1,/root/private_data/iad-vlm-anomaly/results/stage11_mvtecad2_multicategory/stage11_c_candidate_crops/walnuts/context_1.50/000615_012_shift_2_cand00_context_1.50.png,,-0.015734732151031494,,0.32276296615600586,0.30702823400497437
walnuts_folder/test/bad/000615_012_shift_2.png,walnuts,2,/root/private_data/iad-vlm-anomaly/results/stage11_mvtecad2_multicategory/stage11_c_candidate_crops/walnuts/context_1.50/000615_012_shift_2_cand01_context_1.50.png,,-0.004486352205276489,,0.33936047554016113,0.33487412333488464
walnuts_folder/test/bad/000617_012_underexposed.png,walnuts,1,/root/private_data/iad-vlm-anomaly/results/stage11_mvtecad2_multicategory/stage11_c_candidate_crops/walnuts/context_1.50/000617_012_underexposed_cand00_context_1.50.png,,-0.017174363136291504,,0.32166868448257446,0.30449432134628296
walnuts_folder/test/bad/000617_012_underexposed.png,walnuts,2,/root/private_data/iad-vlm-anomaly/results/stage11_mvtecad2_multicategory/stage11_c_candidate_crops/walnuts/context_1.50/000617_012_underexposed_cand01_context_1.50.png,,-0.009821414947509766,,0.30923348665237427,0.2994120717048645
walnuts_folder/test/bad/000620_013_shift_1.png,walnuts,1,/root/private_data/iad-vlm-anomaly/results/stage11_mvtecad2_multicategory/stage11_c_candidate_crops/walnuts/context_1.50/000620_013_shift_1_cand00_context_1.50.png,,-0.012896448373794556,,0.3387387990951538,0.32584235072135925
walnuts_folder/test/bad/000620_013_shift_1.png,walnuts,2,/root/private_data/iad-vlm-anomaly/results/stage11_mvtecad2_multicategory/stage11_c_candidate_crops/walnuts/context_1.50/000620_013_shift_1_cand01_context_1.50.png,,-0.013048052787780762,,0.33889275789260864,0.3258447051048279
walnuts_folder/test/bad/000621_013_shift_2.png,walnuts,1,/root/private_data/iad-vlm-anomaly/results/stage11_mvtecad2_multicategory/stage11_c_candidate_crops/walnuts/context_1.50/000621_013_shift_2_cand00_context_1.50.png,,-0.013624846935272217,,0.3343135714530945,0.32068872451782227
walnuts_folder/test/bad/000623_013_underexposed.png,walnuts,1,/root/private_data/iad-vlm-anomaly/results/stage11_mvtecad2_multicategory/stage11_c_candidate_crops/walnuts/context_1.50/000623_013_underexposed_cand00_context_1.50.png,,-0.013584703207015991,,0.33419960737228394,0.32061490416526794
walnuts_folder/test/bad/000626_014_shift_1.png,walnuts,1,/root/private_data/iad-vlm-anomaly/results/stage11_mvtecad2_multicategory/stage11_c_candidate_crops/walnuts/context_1.50/000626_014_shift_1_cand00_context_1.50.png,,-0.011855393648147583,,0.3069174885749817,0.2950620949268341
walnuts_folder/test/bad/000627_014_shift_2.png,walnuts,1,/root/private_data/iad-vlm-anomaly/results/stage11_mvtecad2_multicategory/stage11_c_candidate_crops/walnuts/context_1.50/000627_014_shift_2_cand00_context_1.50.png,,-0.018097788095474243,,0.33632925152778625,0.318231463432312
walnuts_folder/test/bad/000627_014_shift_2.png,walnuts,2,/root/private_data/iad-vlm-anomaly/results/stage11_mvtecad2_multicategory/stage11_c_candidate_crops/walnuts/context_1.50/000627_014_shift_2_cand01_context_1.50.png,,-0.005838304758071899,,0.3209790289402008,0.3151407241821289
walnuts_folder/test/bad/000627_014_shift_2.png,walnuts,3,/root/private_data/iad-vlm-anomaly/results/stage11_mvtecad2_multicategory/stage11_c_candidate_crops/walnuts/context_1.50/000627_014_shift_2_cand02_context_1.50.png,,-0.0010406970977783203,,0.3000291585922241,0.2989884614944458
walnuts_folder/test/good/000480_000_overexposed.png,walnuts,1,/root/private_data/iad-vlm-anomaly/results/stage11_mvtecad2_multicategory/stage11_c_candidate_crops/walnuts/context_1.50/000480_000_overexposed_cand00_context_1.50.png,,-0.004566371440887451,,0.3091322183609009,0.3045658469200134
walnuts_folder/test/good/000480_000_overexposed.png,walnuts,2,/root/private_data/iad-vlm-anomaly/results/stage11_mvtecad2_multicategory/stage11_c_candidate_crops/walnuts/context_1.50/000480_000_overexposed_cand01_context_1.50.png,,-0.00978204607963562,,0.33010855317115784,0.3203265070915222
walnuts_folder/test/good/000480_000_overexposed.png,walnuts,3,/root/private_data/iad-vlm-anomaly/results/stage11_mvtecad2_multicategory/stage11_c_candidate_crops/walnuts/context_1.50/000480_000_overexposed_cand02_context_1.50.png,,-0.009449422359466553,,0.3250895142555237,0.31564009189605713
walnuts_folder/test/good/000481_000_regular.png,walnuts,1,/root/private_data/iad-vlm-anomaly/results/stage11_mvtecad2_multicategory/stage11_c_candidate_crops/walnuts/context_1.50/000481_000_regular_cand00_context_1.50.png,,-0.006974846124649048,,0.3144477307796478,0.3074728846549988
walnuts_folder/test/good/000481_000_regular.png,walnuts,2,/root/private_data/iad-vlm-anomaly/results/stage11_mvtecad2_multicategory/stage11_c_candidate_crops/walnuts/context_1.50/000481_000_regular_cand01_context_1.50.png,,-0.006086438894271851,,0.32327455282211304,0.3171881139278412
walnuts_folder/test/good/000481_000_regular.png,walnuts,3,/root/private_data/iad-vlm-anomaly/results/stage11_mvtecad2_multicategory/stage11_c_candidate_crops/walnuts/context_1.50/000481_000_regular_cand02_context_1.50.png,,-0.012309521436691284,,0.3370889127254486,0.3247793912887573
walnuts_folder/test/good/000482_000_shift_1.png,walnuts,1,/root/private_data/iad-vlm-anomaly/results/stage11_mvtecad2_multicategory/stage11_c_candidate_crops/walnuts/context_1.50/000482_000_shift_1_cand00_context_1.50.png,,-0.008727401494979858,,0.3232777416706085,0.31455034017562866
walnuts_folder/test/good/000482_000_shift_1.png,walnuts,2,/root/private_data/iad-vlm-anomaly/results/stage11_mvtecad2_multicategory/stage11_c_candidate_crops/walnuts/context_1.50/000482_000_shift_1_cand01_context_1.50.png,,-0.01250484585762024,,0.3394426703453064,0.32693782448768616
walnuts_folder/test/good/000482_000_shift_1.png,walnuts,3,/root/private_data/iad-vlm-anomaly/results/stage11_mvtecad2_multicategory/stage11_c_candidate_crops/walnuts/context_1.50/000482_000_shift_1_cand02_context_1.50.png,,-0.013349384069442749,,0.3233472406864166,0.3099978566169739
walnuts_folder/test/good/000485_000_underexposed.png,walnuts,1,/root/private_data/iad-vlm-anomaly/results/stage11_mvtecad2_multicategory/stage11_c_candidate_crops/walnuts/context_1.50/000485_000_underexposed_cand00_context_1.50.png,,-0.0076268017292022705,,0.31993740797042847,0.3123106062412262
walnuts_folder/test/good/000485_000_underexposed.png,walnuts,2,/root/private_data/iad-vlm-anomaly/results/stage11_mvtecad2_multicategory/stage11_c_candidate_crops/walnuts/context_1.50/000485_000_underexposed_cand01_context_1.50.png,,-0.010524004697799683,,0.3353641629219055,0.32484015822410583
walnuts_folder/test/good/000485_000_underexposed.png,walnuts,3,/root/private_data/iad-vlm-anomaly/results/stage11_mvtecad2_multicategory/stage11_c_candidate_crops/walnuts/context_1.50/000485_000_underexposed_cand02_context_1.50.png,,-0.014406532049179077,,0.33539149165153503,0.32098495960235596
walnuts_folder/test/good/000488_001_shift_1.png,walnuts,1,/root/private_data/iad-vlm-anomaly/results/stage11_mvtecad2_multicategory/stage11_c_candidate_crops/walnuts/context_1.50/000488_001_shift_1_cand00_context_1.50.png,,0.011931926012039185,,0.2550261616706848,0.266958087682724
walnuts_folder/test/good/000488_001_shift_1.png,walnuts,2,/root/private_data/iad-vlm-anomaly/results/stage11_mvtecad2_multicategory/stage11_c_candidate_crops/walnuts/context_1.50/000488_001_shift_1_cand01_context_1.50.png,,-0.003942430019378662,,0.3143458366394043,0.31040340662002563
walnuts_folder/test/good/000488_001_shift_1.png,walnuts,3,/root/private_data/iad-vlm-anomaly/results/stage11_mvtecad2_multicategory/stage11_c_candidate_crops/walnuts/context_1.50/000488_001_shift_1_cand02_context_1.50.png,,-0.008022665977478027,,0.315764844417572,0.307742178440094
walnuts_folder/test/good/000489_001_shift_2.png,walnuts,1,/root/private_data/iad-vlm-anomaly/results/stage11_mvtecad2_multicategory/stage11_c_candidate_crops/walnuts/context_1.50/000489_001_shift_2_cand00_context_1.50.png,,-0.0027271807193756104,,0.2884938716888428,0.28576669096946716
walnuts_folder/test/good/000489_001_shift_2.png,walnuts,2,/root/private_data/iad-vlm-anomaly/results/stage11_mvtecad2_multicategory/stage11_c_candidate_crops/walnuts/context_1.50/000489_001_shift_2_cand01_context_1.50.png,,-0.008924782276153564,,0.31795671582221985,0.3090319335460663
walnuts_folder/test/good/000489_001_shift_2.png,walnuts,3,/root/private_data/iad-vlm-anomaly/results/stage11_mvtecad2_multicategory/stage11_c_candidate_crops/walnuts/context_1.50/000489_001_shift_2_cand02_context_1.50.png,,-0.003110140562057495,,0.32326841354370117,0.3201582729816437
walnuts_folder/test/good/000492_002_overexposed.png,walnuts,1,/root/private_data/iad-vlm-anomaly/results/stage11_mvtecad2_multicategory/stage11_c_candidate_crops/walnuts/context_1.50/000492_002_overexposed_cand00_context_1.50.png,,-0.011942893266677856,,0.3238777220249176,0.31193482875823975
walnuts_folder/test/good/000492_002_overexposed.png,walnuts,2,/root/private_data/iad-vlm-anomaly/results/stage11_mvtecad2_multicategory/stage11_c_candidate_crops/walnuts/context_1.50/000492_002_overexposed_cand01_context_1.50.png,,0.003294020891189575,,0.30466094613075256,0.30795496702194214
walnuts_folder/test/good/000493_002_regular.png,walnuts,1,/root/private_data/iad-vlm-anomaly/results/stage11_mvtecad2_multicategory/stage11_c_candidate_crops/walnuts/context_1.50/000493_002_regular_cand00_context_1.50.png,,-0.011644482612609863,,0.3229460120201111,0.3113015294075012
walnuts_folder/test/good/000493_002_regular.png,walnuts,2,/root/private_data/iad-vlm-anomaly/results/stage11_mvtecad2_multicategory/stage11_c_candidate_crops/walnuts/context_1.50/000493_002_regular_cand01_context_1.50.png,,-2.7924776077270508e-05,,0.32446518540382385,0.3244372606277466
walnuts_folder/test/good/000496_002_shift_3.png,walnuts,1,/root/private_data/iad-vlm-anomaly/results/stage11_mvtecad2_multicategory/stage11_c_candidate_crops/walnuts/context_1.50/000496_002_shift_3_cand00_context_1.50.png,,-0.012173682451248169,,0.33455589413642883,0.32238221168518066
walnuts_folder/test/good/000496_002_shift_3.png,walnuts,2,/root/private_data/iad-vlm-anomaly/results/stage11_mvtecad2_multicategory/stage11_c_candidate_crops/walnuts/context_1.50/000496_002_shift_3_cand01_context_1.50.png,,-0.007524728775024414,,0.30551695823669434,0.2979922294616699
walnuts_folder/test/good/000498_003_overexposed.png,walnuts,1,/root/private_data/iad-vlm-anomaly/results/stage11_mvtecad2_multicategory/stage11_c_candidate_crops/walnuts/context_1.50/000498_003_overexposed_cand00_context_1.50.png,,-0.004868507385253906,,0.33815497159957886,0.33328646421432495
walnuts_folder/test/good/000498_003_overexposed.png,walnuts,2,/root/private_data/iad-vlm-anomaly/results/stage11_mvtecad2_multicategory/stage11_c_candidate_crops/walnuts/context_1.50/000498_003_overexposed_cand01_context_1.50.png,,0.0026494264602661133,,0.29595813155174255,0.29860755801200867
walnuts_folder/test/good/000498_003_overexposed.png,walnuts,3,/root/private_data/iad-vlm-anomaly/results/stage11_mvtecad2_multicategory/stage11_c_candidate_crops/walnuts/context_1.50/000498_003_overexposed_cand02_context_1.50.png,,-0.0035147368907928467,,0.3145056962966919,0.31099095940589905
walnuts_folder/test/good/000500_003_shift_1.png,walnuts,1,/root/private_data/iad-vlm-anomaly/results/stage11_mvtecad2_multicategory/stage11_c_candidate_crops/walnuts/context_1.50/000500_003_shift_1_cand00_context_1.50.png,,0.0004966259002685547,,0.29515954852104187,0.2956561744213104
walnuts_folder/test/good/000500_003_shift_1.png,walnuts,2,/root/private_data/iad-vlm-anomaly/results/stage11_mvtecad2_multicategory/stage11_c_candidate_crops/walnuts/context_1.50/000500_003_shift_1_cand01_context_1.50.png,,0.005371659994125366,,0.2995622456073761,0.30493390560150146
walnuts_folder/test/good/000502_003_shift_3.png,walnuts,1,/root/private_data/iad-vlm-anomaly/results/stage11_mvtecad2_multicategory/stage11_c_candidate_crops/walnuts/context_1.50/000502_003_shift_3_cand00_context_1.50.png,,-0.0030668675899505615,,0.3001667261123657,0.29709985852241516
walnuts_folder/test/good/000502_003_shift_3.png,walnuts,2,/root/private_data/iad-vlm-anomaly/results/stage11_mvtecad2_multicategory/stage11_c_candidate_crops/walnuts/context_1.50/000502_003_shift_3_cand01_context_1.50.png,,-0.0031575560569763184,,0.3281227946281433,0.324965238571167
walnuts_folder/test/good/000502_003_shift_3.png,walnuts,3,/root/private_data/iad-vlm-anomaly/results/stage11_mvtecad2_multicategory/stage11_c_candidate_crops/walnuts/context_1.50/000502_003_shift_3_cand02_context_1.50.png,,-0.0043017566204071045,,0.31559011340141296,0.31128835678100586
walnuts_folder/test/good/000505_004_regular.png,walnuts,1,/root/private_data/iad-vlm-anomaly/results/stage11_mvtecad2_multicategory/stage11_c_candidate_crops/walnuts/context_1.50/000505_004_regular_cand00_context_1.50.png,,-0.010085910558700562,,0.32121989130973816,0.3111339807510376
walnuts_folder/test/good/000505_004_regular.png,walnuts,2,/root/private_data/iad-vlm-anomaly/results/stage11_mvtecad2_multicategory/stage11_c_candidate_crops/walnuts/context_1.50/000505_004_regular_cand01_context_1.50.png,,-0.012665361166000366,,0.3354470431804657,0.32278168201446533
walnuts_folder/test/good/000506_004_shift_1.png,walnuts,1,/root/private_data/iad-vlm-anomaly/results/stage11_mvtecad2_multicategory/stage11_c_candidate_crops/walnuts/context_1.50/000506_004_shift_1_cand00_context_1.50.png,,-0.006447404623031616,,0.3072820007801056,0.300834596157074
walnuts_folder/test/good/000509_004_underexposed.png,walnuts,1,/root/private_data/iad-vlm-anomaly/results/stage11_mvtecad2_multicategory/stage11_c_candidate_crops/walnuts/context_1.50/000509_004_underexposed_cand00_context_1.50.png,,-0.009388178586959839,,0.32408061623573303,0.3146924376487732
walnuts_folder/test/good/000509_004_underexposed.png,walnuts,2,/root/private_data/iad-vlm-anomaly/results/stage11_mvtecad2_multicategory/stage11_c_candidate_crops/walnuts/context_1.50/000509_004_underexposed_cand01_context_1.50.png,,-0.014628738164901733,,0.34350383281707764,0.3288750946521759
walnuts_folder/test/good/000509_004_underexposed.png,walnuts,3,/root/private_data/iad-vlm-anomaly/results/stage11_mvtecad2_multicategory/stage11_c_candidate_crops/walnuts/context_1.50/000509_004_underexposed_cand02_context_1.50.png,,0.0013758540153503418,,0.28920066356658936,0.2905765175819397
walnuts_folder/test/good/000513_005_shift_2.png,walnuts,1,/root/private_data/iad-vlm-anomaly/results/stage11_mvtecad2_multicategory/stage11_c_candidate_crops/walnuts/context_1.50/000513_005_shift_2_cand00_context_1.50.png,,-0.011030375957489014,,0.3128030300140381,0.3017726540565491
walnuts_folder/test/good/000513_005_shift_2.png,walnuts,2,/root/private_data/iad-vlm-anomaly/results/stage11_mvtecad2_multicategory/stage11_c_candidate_crops/walnuts/context_1.50/000513_005_shift_2_cand01_context_1.50.png,,-0.008659273386001587,,0.32506975531578064,0.31641048192977905
walnuts_folder/test/good/000513_005_shift_2.png,walnuts,3,/root/private_data/iad-vlm-anomaly/results/stage11_mvtecad2_multicategory/stage11_c_candidate_crops/walnuts/context_1.50/000513_005_shift_2_cand02_context_1.50.png,,-0.0005996823310852051,,0.317696213722229,0.3170965313911438
walnuts_folder/test/good/000517_006_regular.png,walnuts,1,/root/private_data/iad-vlm-anomaly/results/stage11_mvtecad2_multicategory/stage11_c_candidate_crops/walnuts/context_1.50/000517_006_regular_cand00_context_1.50.png,,-0.014313220977783203,,0.32353800535202026,0.30922478437423706
walnuts_folder/test/good/000517_006_regular.png,walnuts,2,/root/private_data/iad-vlm-anomaly/results/stage11_mvtecad2_multicategory/stage11_c_candidate_crops/walnuts/context_1.50/000517_006_regular_cand01_context_1.50.png,,-0.01723828911781311,,0.3482116162776947,0.3309733271598816
walnuts_folder/test/good/000519_006_shift_2.png,walnuts,1,/root/private_data/iad-vlm-anomaly/results/stage11_mvtecad2_multicategory/stage11_c_candidate_crops/walnuts/context_1.50/000519_006_shift_2_cand00_context_1.50.png,,-0.011885613203048706,,0.3180011808872223,0.3061155676841736
walnuts_folder/test/good/000519_006_shift_2.png,walnuts,2,/root/private_data/iad-vlm-anomaly/results/stage11_mvtecad2_multicategory/stage11_c_candidate_crops/walnuts/context_1.50/000519_006_shift_2_cand01_context_1.50.png,,-0.012063294649124146,,0.33446431159973145,0.3224010169506073
walnuts_folder/test/good/000520_006_shift_3.png,walnuts,1,/root/private_data/iad-vlm-anomaly/results/stage11_mvtecad2_multicategory/stage11_c_candidate_crops/walnuts/context_1.50/000520_006_shift_3_cand00_context_1.50.png,,-0.01372683048248291,,0.3198355734348297,0.3061087429523468
walnuts_folder/test/good/000520_006_shift_3.png,walnuts,2,/root/private_data/iad-vlm-anomaly/results/stage11_mvtecad2_multicategory/stage11_c_candidate_crops/walnuts/context_1.50/000520_006_shift_3_cand01_context_1.50.png,,-0.01732248067855835,,0.33694490790367126,0.3196224272251129
walnuts_folder/test/good/000520_006_shift_3.png,walnuts,3,/root/private_data/iad-vlm-anomaly/results/stage11_mvtecad2_multicategory/stage11_c_candidate_crops/walnuts/context_1.50/000520_006_shift_3_cand02_context_1.50.png,,0.012221857905387878,,0.23668250441551208,0.24890436232089996
walnuts_folder/test/good/000522_007_overexposed.png,walnuts,1,/root/private_data/iad-vlm-anomaly/results/stage11_mvtecad2_multicategory/stage11_c_candidate_crops/walnuts/context_1.50/000522_007_overexposed_cand00_context_1.50.png,,0.0028100311756134033,,0.2826656997203827,0.2854757308959961
walnuts_folder/test/good/000522_007_overexposed.png,walnuts,2,/root/private_data/iad-vlm-anomaly/results/stage11_mvtecad2_multicategory/stage11_c_candidate_crops/walnuts/context_1.50/000522_007_overexposed_cand01_context_1.50.png,,-0.013788849115371704,,0.33608537912368774,0.32229653000831604
walnuts_folder/test/good/000522_007_overexposed.png,walnuts,3,/root/private_data/iad-vlm-anomaly/results/stage11_mvtecad2_multicategory/stage11_c_candidate_crops/walnuts/context_1.50/000522_007_overexposed_cand02_context_1.50.png,,-0.007852375507354736,,0.3200992941856384,0.3122469186782837
walnuts_folder/test/good/000523_007_regular.png,walnuts,1,/root/private_data/iad-vlm-anomaly/results/stage11_mvtecad2_multicategory/stage11_c_candidate_crops/walnuts/context_1.50/000523_007_regular_cand00_context_1.50.png,,0.0006333291530609131,,0.28758278489112854,0.28821611404418945
walnuts_folder/test/good/000523_007_regular.png,walnuts,2,/root/private_data/iad-vlm-anomaly/results/stage11_mvtecad2_multicategory/stage11_c_candidate_crops/walnuts/context_1.50/000523_007_regular_cand01_context_1.50.png,,-0.011415839195251465,,0.3248611092567444,0.3134452700614929
walnuts_folder/test/good/000523_007_regular.png,walnuts,3,/root/private_data/iad-vlm-anomaly/results/stage11_mvtecad2_multicategory/stage11_c_candidate_crops/walnuts/context_1.50/000523_007_regular_cand02_context_1.50.png,,-0.013800084590911865,,0.3431917428970337,0.3293916583061218
walnuts_folder/test/good/000524_007_shift_1.png,walnuts,1,/root/private_data/iad-vlm-anomaly/results/stage11_mvtecad2_multicategory/stage11_c_candidate_crops/walnuts/context_1.50/000524_007_shift_1_cand00_context_1.50.png,,-0.0022803843021392822,,0.3002302944660187,0.2979499101638794
walnuts_folder/test/good/000525_007_shift_2.png,walnuts,1,/root/private_data/iad-vlm-anomaly/results/stage11_mvtecad2_multicategory/stage11_c_candidate_crops/walnuts/context_1.50/000525_007_shift_2_cand00_context_1.50.png,,-0.0016466975212097168,,0.2935193181037903,0.29187262058258057
walnuts_folder/test/good/000525_007_shift_2.png,walnuts,2,/root/private_data/iad-vlm-anomaly/results/stage11_mvtecad2_multicategory/stage11_c_candidate_crops/walnuts/context_1.50/000525_007_shift_2_cand01_context_1.50.png,,-0.014898627996444702,,0.3403741717338562,0.3254755437374115
walnuts_folder/test/good/000525_007_shift_2.png,walnuts,3,/root/private_data/iad-vlm-anomaly/results/stage11_mvtecad2_multicategory/stage11_c_candidate_crops/walnuts/context_1.50/000525_007_shift_2_cand02_context_1.50.png,,-0.008208990097045898,,0.3215983211994171,0.3133893311023712
walnuts_folder/test/good/000527_007_underexposed.png,walnuts,1,/root/private_data/iad-vlm-anomaly/results/stage11_mvtecad2_multicategory/stage11_c_candidate_crops/walnuts/context_1.50/000527_007_underexposed_cand00_context_1.50.png,,-0.003727167844772339,,0.3112441897392273,0.30751702189445496
walnuts_folder/test/good/000527_007_underexposed.png,walnuts,2,/root/private_data/iad-vlm-anomaly/results/stage11_mvtecad2_multicategory/stage11_c_candidate_crops/walnuts/context_1.50/000527_007_underexposed_cand01_context_1.50.png,,0.007652968168258667,,0.2698625326156616,0.2775155007839203
walnuts_folder/test/good/000527_007_underexposed.png,walnuts,3,/root/private_data/iad-vlm-anomaly/results/stage11_mvtecad2_multicategory/stage11_c_candidate_crops/walnuts/context_1.50/000527_007_underexposed_cand02_context_1.50.png,,-0.014052599668502808,,0.3487490713596344,0.3346964716911316
walnuts_folder/test/good/000528_008_overexposed.png,walnuts,1,/root/private_data/iad-vlm-anomaly/results/stage11_mvtecad2_multicategory/stage11_c_candidate_crops/walnuts/context_1.50/000528_008_overexposed_cand00_context_1.50.png,,-0.012111544609069824,,0.3145349323749542,0.3024233877658844
walnuts_folder/test/good/000528_008_overexposed.png,walnuts,2,/root/private_data/iad-vlm-anomaly/results/stage11_mvtecad2_multicategory/stage11_c_candidate_crops/walnuts/context_1.50/000528_008_overexposed_cand01_context_1.50.png,,-0.010958939790725708,,0.3151969909667969,0.30423805117607117
walnuts_folder/test/good/000531_008_shift_2.png,walnuts,1,/root/private_data/iad-vlm-anomaly/results/stage11_mvtecad2_multicategory/stage11_c_candidate_crops/walnuts/context_1.50/000531_008_shift_2_cand00_context_1.50.png,,-0.013433516025543213,,0.3461514413356781,0.3327179253101349
walnuts_folder/test/good/000531_008_shift_2.png,walnuts,2,/root/private_data/iad-vlm-anomaly/results/stage11_mvtecad2_multicategory/stage11_c_candidate_crops/walnuts/context_1.50/000531_008_shift_2_cand01_context_1.50.png,,-0.008709490299224854,,0.3172793388366699,0.30856984853744507
walnuts_folder/test/good/000532_008_shift_3.png,walnuts,1,/root/private_data/iad-vlm-anomaly/results/stage11_mvtecad2_multicategory/stage11_c_candidate_crops/walnuts/context_1.50/000532_008_shift_3_cand00_context_1.50.png,,-0.011293888092041016,,0.31372126936912537,0.30242738127708435
walnuts_folder/test/good/000532_008_shift_3.png,walnuts,2,/root/private_data/iad-vlm-anomaly/results/stage11_mvtecad2_multicategory/stage11_c_candidate_crops/walnuts/context_1.50/000532_008_shift_3_cand01_context_1.50.png,,-0.015843570232391357,,0.32681331038475037,0.310969740152359
walnuts_folder/test/good/000533_008_underexposed.png,walnuts,1,/root/private_data/iad-vlm-anomaly/results/stage11_mvtecad2_multicategory/stage11_c_candidate_crops/walnuts/context_1.50/000533_008_underexposed_cand00_context_1.50.png,,-0.013710886240005493,,0.3398588001728058,0.3261479139328003
walnuts_folder/test/good/000533_008_underexposed.png,walnuts,2,/root/private_data/iad-vlm-anomaly/results/stage11_mvtecad2_multicategory/stage11_c_candidate_crops/walnuts/context_1.50/000533_008_underexposed_cand01_context_1.50.png,,-0.009983450174331665,,0.32063838839530945,0.3106549382209778
walnuts_folder/test/good/000535_009_regular.png,walnuts,1,/root/private_data/iad-vlm-anomaly/results/stage11_mvtecad2_multicategory/stage11_c_candidate_crops/walnuts/context_1.50/000535_009_regular_cand00_context_1.50.png,,-0.01254582405090332,,0.3384079933166504,0.32586216926574707
walnuts_folder/test/good/000535_009_regular.png,walnuts,2,/root/private_data/iad-vlm-anomaly/results/stage11_mvtecad2_multicategory/stage11_c_candidate_crops/walnuts/context_1.50/000535_009_regular_cand01_context_1.50.png,,-0.017054647207260132,,0.3334445655345917,0.31638991832733154
walnuts_folder/test/good/000539_009_underexposed.png,walnuts,1,/root/private_data/iad-vlm-anomaly/results/stage11_mvtecad2_multicategory/stage11_c_candidate_crops/walnuts/context_1.50/000539_009_underexposed_cand00_context_1.50.png,,-0.012336552143096924,,0.34079819917678833,0.3284616470336914
walnuts_folder/test/good/000539_009_underexposed.png,walnuts,2,/root/private_data/iad-vlm-anomaly/results/stage11_mvtecad2_multicategory/stage11_c_candidate_crops/walnuts/context_1.50/000539_009_underexposed_cand01_context_1.50.png,,-0.018207073211669922,,0.33477967977523804,0.3165726065635681
