image_id,dataset,category,role,component_id,kind,area_native,area_fraction,equivalent_area_512,max_bbox_side_512,x,y,width,height
1fda98091818dc74d20a4d57,AD2,can,target_public_development,1,tiny_compact,60,2.6251680107526882e-05,6.881720430107527,3.6702508960573477,1882,200,16,6
e83d009e53fd3b2d718692cd,AD2,can,target_public_development,1,tiny_compact,60,2.6251680107526882e-05,6.881720430107527,3.6702508960573477,1882,200,16,6
4a9e54cda1472c47539d85ce,AD2,can,target_public_development,1,tiny_compact,60,2.6251680107526882e-05,6.881720430107527,3.6702508960573477,1882,200,16,6
0ad1b153c96a114d73f5bd93,AD2,can,target_public_development,1,tiny_compact,60,2.6251680107526882e-05,6.881720430107527,3.6702508960573477,1882,200,16,6
eddb6aa0aba9ea070782217a,AD2,can,target_public_development,1,tiny_compact,60,2.6251680107526882e-05,6.881720430107527,3.6702508960573477,1882,200,16,6
dcf39e5c945db491afc00749,AD2,can,target_public_development,1,tiny_compact,60,2.6251680107526882e-05,6.881720430107527,3.6702508960573477,1882,200,16,6
6e76d44fbbcce9cfc50940c5,AD2,can,target_public_development,1,thin_or_extended_small_area,250,0.00010938200044802868,28.67383512544803,40.5,814,832,12,81
fd87646c9e2c8424bb7055f3,AD2,can,target_public_development,1,thin_or_extended_small_area,250,0.00010938200044802868,28.67383512544803,40.5,814,832,12,81
1bf3f235f03c0d171772166c,AD2,can,target_public_development,1,thin_or_extended_small_area,250,0.00010938200044802868,28.67383512544803,40.5,814,832,12,81
406e9dc440da0cb13d4c98e7,AD2,can,target_public_development,1,thin_or_extended_small_area,250,0.00010938200044802868,28.67383512544803,40.5,814,832,12,81
5b5f55e0c9e8c75dfa06d870,AD2,can,target_public_development,1,thin_or_extended_small_area,250,0.00010938200044802868,28.67383512544803,40.5,814,832,12,81
4782737b649a35b39d12e514,AD2,can,target_public_development,1,thin_or_extended_small_area,250,0.00010938200044802868,28.67383512544803,40.5,814,832,12,81
977023ca6ffc9c2886be29c4,AD2,can,target_public_development,1,tiny_compact,25,1.0938200044802867e-05,2.867383512544803,3.5,1453,196,5,7
b2281c04927413e461a611be,AD2,can,target_public_development,1,tiny_compact,25,1.0938200044802867e-05,2.867383512544803,3.5,1453,196,5,7
608b7e84db21829bcdebe7e7,AD2,can,target_public_development,1,tiny_compact,25,1.0938200044802867e-05,2.867383512544803,3.5,1453,196,5,7
9cdb0236a5ca8698c9c2a3dd,AD2,can,target_public_development,1,tiny_compact,25,1.0938200044802867e-05,2.867383512544803,3.5,1453,196,5,7
08c6385e79de371e0bf647f3,AD2,can,target_public_development,1,tiny_compact,25,1.0938200044802867e-05,2.867383512544803,3.5,1453,196,5,7
fe0d3929f9ffb2838fa8e679,AD2,can,target_public_development,1,tiny_compact,25,1.0938200044802867e-05,2.867383512544803,3.5,1453,196,5,7
42776fcda7c77635bdbcd004,AD2,can,target_public_development,1,tiny_compact,131,5.7316168234767024e-05,15.025089605734767,5.5,124,556,14,11
30f65f11cd2058fd17d6be26,AD2,can,target_public_development,1,tiny_compact,131,5.7316168234767024e-05,15.025089605734767,5.5,124,556,14,11
ff710de84cf0dd195d9e30c0,AD2,can,target_public_development,1,tiny_compact,131,5.7316168234767024e-05,15.025089605734767,5.5,124,556,14,11
dfead4c24a175afa200bb715,AD2,can,target_public_development,1,tiny_compact,131,5.7316168234767024e-05,15.025089605734767,5.5,124,556,14,11
6fcc3a6f5a154e9481866abe,AD2,can,target_public_development,1,tiny_compact,131,5.7316168234767024e-05,15.025089605734767,5.5,124,556,14,11
25a6cd4aa2e5e4bbee9ca09d,AD2,can,target_public_development,1,tiny_compact,131,5.7316168234767024e-05,15.025089605734767,5.5,124,556,14,11
b740d7cc95c5bf64e80589e4,AD2,can,target_public_development,1,tiny_compact,114,4.987819220430108e-05,13.075268817204302,15.5,870,403,32,31
161f1ff7a3de582f4a8bd7a4,AD2,can,target_public_development,1,tiny_compact,114,4.987819220430108e-05,13.075268817204302,15.5,870,403,32,31
c1d721d8ea31c923256ebdc9,AD2,can,target_public_development,1,tiny_compact,114,4.987819220430108e-05,13.075268817204302,15.5,870,403,32,31
9958aa8a05a22c4124cf5893,AD2,can,target_public_development,1,tiny_compact,114,4.987819220430108e-05,13.075268817204302,15.5,870,403,32,31
9374c051383aa7d923b5a9d3,AD2,can,target_public_development,1,tiny_compact,114,4.987819220430108e-05,13.075268817204302,15.5,870,403,32,31
afa52cfd0a372d0ddf3bdd33,AD2,can,target_public_development,1,tiny_compact,114,4.987819220430108e-05,13.075268817204302,15.5,870,403,32,31
912b561b36477b7628bef782,AD2,can,target_public_development,1,tiny_compact,129,5.644111223118279e-05,14.795698924731182,10.5,1049,796,9,21
c3e7f126dacb6a4c674db0c9,AD2,can,target_public_development,1,tiny_compact,129,5.644111223118279e-05,14.795698924731182,10.5,1049,796,9,21
5ae740d4a96e16b5a7a465a1,AD2,can,target_public_development,1,tiny_compact,129,5.644111223118279e-05,14.795698924731182,10.5,1049,796,9,21
e8c9d82aa15877cabf4b76e8,AD2,can,target_public_development,1,tiny_compact,129,5.644111223118279e-05,14.795698924731182,10.5,1049,796,9,21
b1ec928d6a88f18fbb6696c8,AD2,can,target_public_development,1,tiny_compact,129,5.644111223118279e-05,14.795698924731182,10.5,1049,796,9,21
eed3393d4016e518fcd5f31b,AD2,can,target_public_development,1,tiny_compact,129,5.644111223118279e-05,14.795698924731182,10.5,1049,796,9,21
883d0b726129088cd4e7a3c0,AD2,can,target_public_development,1,tiny_compact,80,3.5002240143369174e-05,9.175627240143369,5.0,963,531,11,10
adf66b633d550784d2ca9b04,AD2,can,target_public_development,1,tiny_compact,80,3.5002240143369174e-05,9.175627240143369,5.0,963,531,11,10
c91fc750851e7807581bf889,AD2,can,target_public_development,1,tiny_compact,80,3.5002240143369174e-05,9.175627240143369,5.0,963,531,11,10
7e155a572b3d22100b19692b,AD2,can,target_public_development,1,tiny_compact,80,3.5002240143369174e-05,9.175627240143369,5.0,963,531,11,10
4cbbdce3979125544c71fd30,AD2,can,target_public_development,1,tiny_compact,80,3.5002240143369174e-05,9.175627240143369,5.0,963,531,11,10
3da732b1ef5183efc409bb3c,AD2,can,target_public_development,1,tiny_compact,80,3.5002240143369174e-05,9.175627240143369,5.0,963,531,11,10
441e2c3129f07e16ad95351d,AD2,can,target_public_development,1,tiny_compact,96,4.2002688172043014e-05,11.010752688172044,12.5,1478,163,9,25
1a629dd5e2af09bb0ce56cff,AD2,can,target_public_development,1,tiny_compact,96,4.2002688172043014e-05,11.010752688172044,12.5,1478,163,9,25
ede193a8dfb61b6752f7ceaa,AD2,can,target_public_development,1,tiny_compact,96,4.2002688172043014e-05,11.010752688172044,12.5,1478,163,9,25
b9ce4dfb6d8ba6f88e0f5933,AD2,can,target_public_development,1,tiny_compact,96,4.2002688172043014e-05,11.010752688172044,12.5,1478,163,9,25
cc75798eac53b679b56950f8,AD2,can,target_public_development,1,tiny_compact,96,4.2002688172043014e-05,11.010752688172044,12.5,1478,163,9,25
adcbe07cb80277f6dcaa55a5,AD2,can,target_public_development,1,tiny_compact,96,4.2002688172043014e-05,11.010752688172044,12.5,1478,163,9,25
7467e6fb76af8af978964274,AD2,can,target_public_development,1,tiny_compact,450,0.0001968876008064516,51.61290322580645,21.10394265232975,839,265,92,15
5c1d296009be26e8c6eae9ca,AD2,can,target_public_development,1,tiny_compact,450,0.0001968876008064516,51.61290322580645,21.10394265232975,839,265,92,15
6a15bda335b14a2b5a69e54d,AD2,can,target_public_development,1,tiny_compact,450,0.0001968876008064516,51.61290322580645,21.10394265232975,839,265,92,15
003f750313c6cac44e0815b2,AD2,can,target_public_development,1,tiny_compact,450,0.0001968876008064516,51.61290322580645,21.10394265232975,839,265,92,15
68b4f490a75dc451728b43d8,AD2,can,target_public_development,1,tiny_compact,450,0.0001968876008064516,51.61290322580645,21.10394265232975,839,265,92,15
88b6776330d4b1a34fb60dee,AD2,can,target_public_development,1,tiny_compact,450,0.0001968876008064516,51.61290322580645,21.10394265232975,839,265,92,15
7ef186459b969d4973e9c746,AD2,can,target_public_development,1,tiny_compact,195,8.531796034946237e-05,22.365591397849464,6.0,1170,191,25,12
49f299020fc623a3087347d4,AD2,can,target_public_development,1,tiny_compact,195,8.531796034946237e-05,22.365591397849464,6.0,1170,191,25,12
d5b9ddace3446ed3745f06e4,AD2,can,target_public_development,1,tiny_compact,195,8.531796034946237e-05,22.365591397849464,6.0,1170,191,25,12
bbba3a7a6547b94d95bb5298,AD2,can,target_public_development,1,tiny_compact,195,8.531796034946237e-05,22.365591397849464,6.0,1170,191,25,12
eb9f9069020db4a0af5a4438,AD2,can,target_public_development,1,tiny_compact,195,8.531796034946237e-05,22.365591397849464,6.0,1170,191,25,12
bf3a7141d60903b84a845da4,AD2,can,target_public_development,1,tiny_compact,195,8.531796034946237e-05,22.365591397849464,6.0,1170,191,25,12
b48bc665134377b5fc392c09,AD2,can,target_public_development,1,tiny_compact,67,2.9314376120071683e-05,7.684587813620071,3.5,1065,415,13,7
c3e36dc688aadfacaf2dd292,AD2,can,target_public_development,1,tiny_compact,67,2.9314376120071683e-05,7.684587813620071,3.5,1065,415,13,7
1a509b25c5b23864d1110133,AD2,can,target_public_development,1,tiny_compact,67,2.9314376120071683e-05,7.684587813620071,3.5,1065,415,13,7
578038df5fb64d895d9874b2,AD2,can,target_public_development,1,tiny_compact,67,2.9314376120071683e-05,7.684587813620071,3.5,1065,415,13,7
23869c6bcbaa856166a27da2,AD2,can,target_public_development,1,tiny_compact,67,2.9314376120071683e-05,7.684587813620071,3.5,1065,415,13,7
040c5ceae8c7da0b22f7f9bb,AD2,can,target_public_development,1,tiny_compact,67,2.9314376120071683e-05,7.684587813620071,3.5,1065,415,13,7
336b4c21431c8394dbbe8ea2,AD2,can,target_public_development,1,tiny_compact,234,0.00010238155241935484,26.838709677419356,13.5,1226,556,13,27
9e84485b3eec2ce091ac013d,AD2,can,target_public_development,1,tiny_compact,234,0.00010238155241935484,26.838709677419356,13.5,1226,556,13,27
3283a66fc3d42b3db910de0d,AD2,can,target_public_development,1,tiny_compact,234,0.00010238155241935484,26.838709677419356,13.5,1226,556,13,27
3cb48f1038daad923c4b12d3,AD2,can,target_public_development,1,tiny_compact,234,0.00010238155241935484,26.838709677419356,13.5,1226,556,13,27
baca876aeb27970ad6b26e50,AD2,can,target_public_development,1,tiny_compact,234,0.00010238155241935484,26.838709677419356,13.5,1226,556,13,27
f8f4c61857afd6aa1989774e,AD2,can,target_public_development,1,tiny_compact,234,0.00010238155241935484,26.838709677419356,13.5,1226,556,13,27
771c143b4416653cd1361acc,AD2,can,target_public_development,1,tiny_compact,409,0.0001789489527329749,46.91039426523297,17.5,1451,223,18,35
66b9aad13d10c95814b805b5,AD2,can,target_public_development,1,tiny_compact,409,0.0001789489527329749,46.91039426523297,17.5,1451,223,18,35
4d3ef72ae8b953b2884ac078,AD2,can,target_public_development,1,tiny_compact,409,0.0001789489527329749,46.91039426523297,17.5,1451,223,18,35
351c0cf1b27f48f99724e3f9,AD2,can,target_public_development,1,tiny_compact,409,0.0001789489527329749,46.91039426523297,17.5,1451,223,18,35
f1eabf9bbecf9484f755da46,AD2,can,target_public_development,1,tiny_compact,409,0.0001789489527329749,46.91039426523297,17.5,1451,223,18,35
a9a11a31eac0ab62b853275b,AD2,can,target_public_development,1,tiny_compact,409,0.0001789489527329749,46.91039426523297,17.5,1451,223,18,35
4ca159bbce60bc59e80f2b71,AD2,can,target_public_development,1,thin_or_extended_small_area,259,0.0001133197524641577,29.706093189964157,34.5,795,750,4,69
4ca159bbce60bc59e80f2b71,AD2,can,target_public_development,2,tiny_compact,12,5.250336021505377e-06,1.3763440860215055,1.5,799,830,5,3
21f12a8c3a29a54979a68756,AD2,can,target_public_development,1,thin_or_extended_small_area,259,0.0001133197524641577,29.706093189964157,34.5,795,750,4,69
21f12a8c3a29a54979a68756,AD2,can,target_public_development,2,tiny_compact,12,5.250336021505377e-06,1.3763440860215055,1.5,799,830,5,3
59f6be7d256178574a897932,AD2,can,target_public_development,1,thin_or_extended_small_area,259,0.0001133197524641577,29.706093189964157,34.5,795,750,4,69
59f6be7d256178574a897932,AD2,can,target_public_development,2,tiny_compact,12,5.250336021505377e-06,1.3763440860215055,1.5,799,830,5,3
7b19806fbad9128915114604,AD2,can,target_public_development,1,thin_or_extended_small_area,259,0.0001133197524641577,29.706093189964157,34.5,795,750,4,69
7b19806fbad9128915114604,AD2,can,target_public_development,2,tiny_compact,12,5.250336021505377e-06,1.3763440860215055,1.5,799,830,5,3
70fdf6f53d9c1937fa807f4f,AD2,can,target_public_development,1,thin_or_extended_small_area,259,0.0001133197524641577,29.706093189964157,34.5,795,750,4,69
70fdf6f53d9c1937fa807f4f,AD2,can,target_public_development,2,tiny_compact,12,5.250336021505377e-06,1.3763440860215055,1.5,799,830,5,3
6be42d6f2403d1bf7e223271,AD2,can,target_public_development,1,thin_or_extended_small_area,259,0.0001133197524641577,29.706093189964157,34.5,795,750,4,69
6be42d6f2403d1bf7e223271,AD2,can,target_public_development,2,tiny_compact,12,5.250336021505377e-06,1.3763440860215055,1.5,799,830,5,3
83575986e0c98f4e5ad957e6,AD2,can,target_public_development,1,tiny_compact,47,2.056381608422939e-05,5.39068100358423,4.0,1924,554,8,8
ccfde2b757fc43da5c4fa44a,AD2,can,target_public_development,1,tiny_compact,47,2.056381608422939e-05,5.39068100358423,4.0,1924,554,8,8
ecf21c008b5a0074854309be,AD2,can,target_public_development,1,tiny_compact,47,2.056381608422939e-05,5.39068100358423,4.0,1924,554,8,8
db72c1065e87ef3a49e7f7d5,AD2,can,target_public_development,1,tiny_compact,47,2.056381608422939e-05,5.39068100358423,4.0,1924,554,8,8
9dd5953f7dee155d587250f9,AD2,can,target_public_development,1,tiny_compact,47,2.056381608422939e-05,5.39068100358423,4.0,1924,554,8,8
2d83ed384d7b458aba0430e2,AD2,can,target_public_development,1,tiny_compact,47,2.056381608422939e-05,5.39068100358423,4.0,1924,554,8,8
0478093d112e684bd4fecdc1,AD2,fabric,target_public_development,1,larger,920977,0.18369926502502043,48155.660130718956,230.69281045751634,1093,688,1103,894
1bb7621fd636ef9a08f5d982,AD2,fabric,target_public_development,1,larger,920977,0.18369926502502043,48155.660130718956,230.69281045751634,1093,688,1103,894
a68318f29440379ee11375e4,AD2,fabric,target_public_development,1,larger,920977,0.18369926502502043,48155.660130718956,230.69281045751634,1093,688,1103,894
db18cc4d6492b9c51e2c8d88,AD2,fabric,target_public_development,1,larger,920977,0.18369926502502043,48155.660130718956,230.69281045751634,1093,688,1103,894
9d3ae35f1e5ddd318cf94ad8,AD2,fabric,target_public_development,1,larger,920977,0.18369926502502043,48155.660130718956,230.69281045751634,1093,688,1103,894
63606e5d16b2d0abc8d531d3,AD2,fabric,target_public_development,1,larger,920977,0.18369926502502043,48155.660130718956,230.69281045751634,1093,688,1103,894
758822d00ffeab86364f9fab,AD2,fabric,target_public_development,1,tiny_compact,373,7.439906301062092e-05,19.50326797385621,6.901960784313726,419,1454,33,20
76402a2517dd265c6cb6b037,AD2,fabric,target_public_development,1,tiny_compact,373,7.439906301062092e-05,19.50326797385621,6.901960784313726,419,1454,33,20
fce0eaa8b4095c0c65e1ca4b,AD2,fabric,target_public_development,1,tiny_compact,373,7.439906301062092e-05,19.50326797385621,6.901960784313726,419,1454,33,20
77cad20432aef3211e3af2fc,AD2,fabric,target_public_development,1,tiny_compact,373,7.439906301062092e-05,19.50326797385621,6.901960784313726,419,1454,33,20
61d9650065a6aad3d473c9e0,AD2,fabric,target_public_development,1,tiny_compact,373,7.439906301062092e-05,19.50326797385621,6.901960784313726,419,1454,33,20
6016f4d344873a651c081251,AD2,fabric,target_public_development,1,tiny_compact,373,7.439906301062092e-05,19.50326797385621,6.901960784313726,419,1454,33,20
a0aa636bfd37ce395b9d83e6,AD2,fabric,target_public_development,1,tiny_compact,219,4.3682023590686275e-05,11.450980392156863,5.647058823529412,714,897,27,19
a0aa636bfd37ce395b9d83e6,AD2,fabric,target_public_development,2,tiny_compact,112,2.2339665032679737e-05,5.856209150326797,3.0,1071,1363,14,12
d884c88eb93fb08847593c0b,AD2,fabric,target_public_development,1,tiny_compact,219,4.3682023590686275e-05,11.450980392156863,5.647058823529412,714,897,27,19
d884c88eb93fb08847593c0b,AD2,fabric,target_public_development,2,tiny_compact,112,2.2339665032679737e-05,5.856209150326797,3.0,1071,1363,14,12
ab4ce7a10101250d4fe7b1cd,AD2,fabric,target_public_development,1,tiny_compact,219,4.3682023590686275e-05,11.450980392156863,5.647058823529412,714,897,27,19
ab4ce7a10101250d4fe7b1cd,AD2,fabric,target_public_development,2,tiny_compact,112,2.2339665032679737e-05,5.856209150326797,3.0,1071,1363,14,12
1fb24011952d6cd243bec297,AD2,fabric,target_public_development,1,tiny_compact,219,4.3682023590686275e-05,11.450980392156863,5.647058823529412,714,897,27,19
1fb24011952d6cd243bec297,AD2,fabric,target_public_development,2,tiny_compact,112,2.2339665032679737e-05,5.856209150326797,3.0,1071,1363,14,12
d93da7f5d9bbc63148f38e7d,AD2,fabric,target_public_development,1,tiny_compact,219,4.3682023590686275e-05,11.450980392156863,5.647058823529412,714,897,27,19
d93da7f5d9bbc63148f38e7d,AD2,fabric,target_public_development,2,tiny_compact,112,2.2339665032679737e-05,5.856209150326797,3.0,1071,1363,14,12
1531ad73a6847eead72eb63a,AD2,fabric,target_public_development,1,tiny_compact,219,4.3682023590686275e-05,11.450980392156863,5.647058823529412,714,897,27,19
1531ad73a6847eead72eb63a,AD2,fabric,target_public_development,2,tiny_compact,112,2.2339665032679737e-05,5.856209150326797,3.0,1071,1363,14,12
bb2104212ccead8c64cdbe2e,AD2,fabric,target_public_development,1,tiny_compact,620,0.00012366600285947712,32.41830065359477,8.993464052287582,946,1189,43,26
53cf73055de0ead5dc99f265,AD2,fabric,target_public_development,1,tiny_compact,620,0.00012366600285947712,32.41830065359477,8.993464052287582,946,1189,43,26
e26be8f3618c6c9301fea465,AD2,fabric,target_public_development,1,tiny_compact,620,0.00012366600285947712,32.41830065359477,8.993464052287582,946,1189,43,26
4684ef55008d9a2ed1bb69e2,AD2,fabric,target_public_development,1,tiny_compact,620,0.00012366600285947712,32.41830065359477,8.993464052287582,946,1189,43,26
6a076ed8ed5dd115b8ada2c0,AD2,fabric,target_public_development,1,tiny_compact,620,0.00012366600285947712,32.41830065359477,8.993464052287582,946,1189,43,26
4fc66204ba5f1458cc72fddb,AD2,fabric,target_public_development,1,tiny_compact,620,0.00012366600285947712,32.41830065359477,8.993464052287582,946,1189,43,26
c4df72399851ee774767cd5b,AD2,fabric,target_public_development,1,larger,7186,0.0014333288654003267,375.73856209150324,24.052287581699346,0,0,115,76
c4df72399851ee774767cd5b,AD2,fabric,target_public_development,2,thin_or_extended_small_area,551,0.00010990317350898693,28.81045751633987,50.40522875816993,1382,1518,241,149
d3af60f47b17122b511ecde3,AD2,fabric,target_public_development,1,larger,7186,0.0014333288654003267,375.73856209150324,24.052287581699346,0,0,115,76
d3af60f47b17122b511ecde3,AD2,fabric,target_public_development,2,thin_or_extended_small_area,551,0.00010990317350898693,28.81045751633987,50.40522875816993,1382,1518,241,149
2438a28329f8313b4bff37a0,AD2,fabric,target_public_development,1,larger,7186,0.0014333288654003267,375.73856209150324,24.052287581699346,0,0,115,76
2438a28329f8313b4bff37a0,AD2,fabric,target_public_development,2,thin_or_extended_small_area,551,0.00010990317350898693,28.81045751633987,50.40522875816993,1382,1518,241,149
86ff0f768e73cf9f30126c64,AD2,fabric,target_public_development,1,larger,7186,0.0014333288654003267,375.73856209150324,24.052287581699346,0,0,115,76
86ff0f768e73cf9f30126c64,AD2,fabric,target_public_development,2,thin_or_extended_small_area,551,0.00010990317350898693,28.81045751633987,50.40522875816993,1382,1518,241,149
40db1e4c94b5727e8f873b09,AD2,fabric,target_public_development,1,larger,7186,0.0014333288654003267,375.73856209150324,24.052287581699346,0,0,115,76
40db1e4c94b5727e8f873b09,AD2,fabric,target_public_development,2,thin_or_extended_small_area,551,0.00010990317350898693,28.81045751633987,50.40522875816993,1382,1518,241,149
56c608d47a592e2c71b6e869,AD2,fabric,target_public_development,1,larger,7186,0.0014333288654003267,375.73856209150324,24.052287581699346,0,0,115,76
56c608d47a592e2c71b6e869,AD2,fabric,target_public_development,2,thin_or_extended_small_area,551,0.00010990317350898693,28.81045751633987,50.40522875816993,1382,1518,241,149
1ced01c868f6eb6b91f9fcf1,AD2,fabric,target_public_development,1,tiny_compact,72,1.4361213235294117e-05,3.764705882352941,3.5,1478,309,16,14
1ced01c868f6eb6b91f9fcf1,AD2,fabric,target_public_development,2,tiny_compact,202,4.0291181576797385e-05,10.562091503267974,8.5,553,1251,36,34
1ced01c868f6eb6b91f9fcf1,AD2,fabric,target_public_development,3,tiny_compact,17,3.3908420138888887e-06,0.8888888888888888,1.2549019607843137,579,1264,6,4
1ced01c868f6eb6b91f9fcf1,AD2,fabric,target_public_development,4,tiny_compact,5,9.973064746732027e-07,0.26143790849673204,0.75,593,1288,3,3
1ced01c868f6eb6b91f9fcf1,AD2,fabric,target_public_development,5,tiny_compact,13,2.592996834150327e-06,0.6797385620915033,1.2549019607843137,601,1295,6,5
e92e7e571ba5b4106eeb1038,AD2,fabric,target_public_development,1,tiny_compact,72,1.4361213235294117e-05,3.764705882352941,3.5,1478,309,16,14
e92e7e571ba5b4106eeb1038,AD2,fabric,target_public_development,2,tiny_compact,202,4.0291181576797385e-05,10.562091503267974,8.5,553,1251,36,34
e92e7e571ba5b4106eeb1038,AD2,fabric,target_public_development,3,tiny_compact,17,3.3908420138888887e-06,0.8888888888888888,1.2549019607843137,579,1264,6,4
e92e7e571ba5b4106eeb1038,AD2,fabric,target_public_development,4,tiny_compact,5,9.973064746732027e-07,0.26143790849673204,0.75,593,1288,3,3
e92e7e571ba5b4106eeb1038,AD2,fabric,target_public_development,5,tiny_compact,13,2.592996834150327e-06,0.6797385620915033,1.2549019607843137,601,1295,6,5
7b78704e9f43308f188689ee,AD2,fabric,target_public_development,1,tiny_compact,72,1.4361213235294117e-05,3.764705882352941,3.5,1478,309,16,14
7b78704e9f43308f188689ee,AD2,fabric,target_public_development,2,tiny_compact,202,4.0291181576797385e-05,10.562091503267974,8.5,553,1251,36,34
7b78704e9f43308f188689ee,AD2,fabric,target_public_development,3,tiny_compact,17,3.3908420138888887e-06,0.8888888888888888,1.2549019607843137,579,1264,6,4
7b78704e9f43308f188689ee,AD2,fabric,target_public_development,4,tiny_compact,5,9.973064746732027e-07,0.26143790849673204,0.75,593,1288,3,3
7b78704e9f43308f188689ee,AD2,fabric,target_public_development,5,tiny_compact,13,2.592996834150327e-06,0.6797385620915033,1.2549019607843137,601,1295,6,5
244c42265db59f2b8251a7af,AD2,fabric,target_public_development,1,tiny_compact,72,1.4361213235294117e-05,3.764705882352941,3.5,1478,309,16,14
244c42265db59f2b8251a7af,AD2,fabric,target_public_development,2,tiny_compact,202,4.0291181576797385e-05,10.562091503267974,8.5,553,1251,36,34
244c42265db59f2b8251a7af,AD2,fabric,target_public_development,3,tiny_compact,17,3.3908420138888887e-06,0.8888888888888888,1.2549019607843137,579,1264,6,4
244c42265db59f2b8251a7af,AD2,fabric,target_public_development,4,tiny_compact,5,9.973064746732027e-07,0.26143790849673204,0.75,593,1288,3,3
244c42265db59f2b8251a7af,AD2,fabric,target_public_development,5,tiny_compact,13,2.592996834150327e-06,0.6797385620915033,1.2549019607843137,601,1295,6,5
d2443278441bfec9049afbb7,AD2,fabric,target_public_development,1,tiny_compact,72,1.4361213235294117e-05,3.764705882352941,3.5,1478,309,16,14
d2443278441bfec9049afbb7,AD2,fabric,target_public_development,2,tiny_compact,202,4.0291181576797385e-05,10.562091503267974,8.5,553,1251,36,34
d2443278441bfec9049afbb7,AD2,fabric,target_public_development,3,tiny_compact,17,3.3908420138888887e-06,0.8888888888888888,1.2549019607843137,579,1264,6,4
d2443278441bfec9049afbb7,AD2,fabric,target_public_development,4,tiny_compact,5,9.973064746732027e-07,0.26143790849673204,0.75,593,1288,3,3
d2443278441bfec9049afbb7,AD2,fabric,target_public_development,5,tiny_compact,13,2.592996834150327e-06,0.6797385620915033,1.2549019607843137,601,1295,6,5
81e99dd7b36499122a103ed8,AD2,fabric,target_public_development,1,tiny_compact,72,1.4361213235294117e-05,3.764705882352941,3.5,1478,309,16,14
81e99dd7b36499122a103ed8,AD2,fabric,target_public_development,2,tiny_compact,202,4.0291181576797385e-05,10.562091503267974,8.5,553,1251,36,34
81e99dd7b36499122a103ed8,AD2,fabric,target_public_development,3,tiny_compact,17,3.3908420138888887e-06,0.8888888888888888,1.2549019607843137,579,1264,6,4
81e99dd7b36499122a103ed8,AD2,fabric,target_public_development,4,tiny_compact,5,9.973064746732027e-07,0.26143790849673204,0.75,593,1288,3,3
81e99dd7b36499122a103ed8,AD2,fabric,target_public_development,5,tiny_compact,13,2.592996834150327e-06,0.6797385620915033,1.2549019607843137,601,1295,6,5
48b10a74037e65088592d0ec,AD2,fabric,target_public_development,1,tiny_compact,498,9.933172487745098e-05,26.03921568627451,11.5,501,500,47,46
378fea6f08e67259a489d5ff,AD2,fabric,target_public_development,1,tiny_compact,498,9.933172487745098e-05,26.03921568627451,11.5,501,500,47,46
8bb425d7b555dae10e37afdc,AD2,fabric,target_public_development,1,tiny_compact,498,9.933172487745098e-05,26.03921568627451,11.5,501,500,47,46
2e61329bea0cfdeeb4d16959,AD2,fabric,target_public_development,1,tiny_compact,498,9.933172487745098e-05,26.03921568627451,11.5,501,500,47,46
d5c4415055a38c26b3f30d01,AD2,fabric,target_public_development,1,tiny_compact,498,9.933172487745098e-05,26.03921568627451,11.5,501,500,47,46
5dc087bc320f17b4ae5b692c,AD2,fabric,target_public_development,1,tiny_compact,498,9.933172487745098e-05,26.03921568627451,11.5,501,500,47,46
7f063a836d8ca0b59a4287d8,AD2,fabric,target_public_development,1,tiny_compact,64,1.2765522875816994e-05,3.34640522875817,2.3006535947712417,1361,398,11,7
7f063a836d8ca0b59a4287d8,AD2,fabric,target_public_development,2,tiny_compact,70,1.3962290645424836e-05,3.6601307189542482,3.5,877,1051,14,14
00bb1db82372bf2a5eff36a6,AD2,fabric,target_public_development,1,tiny_compact,64,1.2765522875816994e-05,3.34640522875817,2.3006535947712417,1361,398,11,7
00bb1db82372bf2a5eff36a6,AD2,fabric,target_public_development,2,tiny_compact,70,1.3962290645424836e-05,3.6601307189542482,3.5,877,1051,14,14
6f37b05bf8ab6977428ca5aa,AD2,fabric,target_public_development,1,tiny_compact,64,1.2765522875816994e-05,3.34640522875817,2.3006535947712417,1361,398,11,7
6f37b05bf8ab6977428ca5aa,AD2,fabric,target_public_development,2,tiny_compact,70,1.3962290645424836e-05,3.6601307189542482,3.5,877,1051,14,14
21e3d4daa083cd2117f2a8c7,AD2,fabric,target_public_development,1,tiny_compact,64,1.2765522875816994e-05,3.34640522875817,2.3006535947712417,1361,398,11,7
21e3d4daa083cd2117f2a8c7,AD2,fabric,target_public_development,2,tiny_compact,70,1.3962290645424836e-05,3.6601307189542482,3.5,877,1051,14,14
5cef5c276da636b6679838a1,AD2,fabric,target_public_development,1,tiny_compact,64,1.2765522875816994e-05,3.34640522875817,2.3006535947712417,1361,398,11,7
5cef5c276da636b6679838a1,AD2,fabric,target_public_development,2,tiny_compact,70,1.3962290645424836e-05,3.6601307189542482,3.5,877,1051,14,14
8090c0f045fb236f94c00072,AD2,fabric,target_public_development,1,tiny_compact,64,1.2765522875816994e-05,3.34640522875817,2.3006535947712417,1361,398,11,7
8090c0f045fb236f94c00072,AD2,fabric,target_public_development,2,tiny_compact,70,1.3962290645424836e-05,3.6601307189542482,3.5,877,1051,14,14
0031dde72d1eee7f5ca22975,AD2,fabric,target_public_development,1,tiny_compact,345,6.881414675245098e-05,18.03921568627451,6.5,1446,1840,25,26
9fbb7d34cbc9fdd160eebea0,AD2,fabric,target_public_development,1,tiny_compact,345,6.881414675245098e-05,18.03921568627451,6.5,1446,1840,25,26
ff975b1d28945d1dfa6522a0,AD2,fabric,target_public_development,1,tiny_compact,345,6.881414675245098e-05,18.03921568627451,6.5,1446,1840,25,26
98bb66cf181d19a2698f5f06,AD2,fabric,target_public_development,1,tiny_compact,345,6.881414675245098e-05,18.03921568627451,6.5,1446,1840,25,26
535113af4c136abbbbfb9a07,AD2,fabric,target_public_development,1,tiny_compact,345,6.881414675245098e-05,18.03921568627451,6.5,1446,1840,25,26
1739ccf49255cf7b7e69063f,AD2,fabric,target_public_development,1,tiny_compact,345,6.881414675245098e-05,18.03921568627451,6.5,1446,1840,25,26
978e8d1834f7b358d69695ec,AD2,fabric,target_public_development,1,thin_or_extended_small_area,1079,0.00021521873723447712,56.41830065359477,49.0,281,452,91,196
978e8d1834f7b358d69695ec,AD2,fabric,target_public_development,2,tiny_compact,11,2.1940742442810456e-06,0.5751633986928104,1.0,361,1640,3,4
978e8d1834f7b358d69695ec,AD2,fabric,target_public_development,3,tiny_compact,16,3.1913807189542485e-06,0.8366013071895425,1.2549019607843137,362,1646,6,4
978e8d1834f7b358d69695ec,AD2,fabric,target_public_development,4,tiny_compact,281,5.6048623876633984e-05,14.69281045751634,15.0,339,1657,27,60
978e8d1834f7b358d69695ec,AD2,fabric,target_public_development,5,tiny_compact,92,1.8350439133986927e-05,4.810457516339869,8.75,331,1720,11,35
8d58f7dd015ef190f8c6b2e1,AD2,fabric,target_public_development,1,thin_or_extended_small_area,1079,0.00021521873723447712,56.41830065359477,49.0,281,452,91,196
8d58f7dd015ef190f8c6b2e1,AD2,fabric,target_public_development,2,tiny_compact,11,2.1940742442810456e-06,0.5751633986928104,1.0,361,1640,3,4
8d58f7dd015ef190f8c6b2e1,AD2,fabric,target_public_development,3,tiny_compact,16,3.1913807189542485e-06,0.8366013071895425,1.2549019607843137,362,1646,6,4
8d58f7dd015ef190f8c6b2e1,AD2,fabric,target_public_development,4,tiny_compact,281,5.6048623876633984e-05,14.69281045751634,15.0,339,1657,27,60
8d58f7dd015ef190f8c6b2e1,AD2,fabric,target_public_development,5,tiny_compact,92,1.8350439133986927e-05,4.810457516339869,8.75,331,1720,11,35
15f6b01be691acada0b2b91d,AD2,fabric,target_public_development,1,thin_or_extended_small_area,1079,0.00021521873723447712,56.41830065359477,49.0,281,452,91,196
15f6b01be691acada0b2b91d,AD2,fabric,target_public_development,2,tiny_compact,11,2.1940742442810456e-06,0.5751633986928104,1.0,361,1640,3,4
15f6b01be691acada0b2b91d,AD2,fabric,target_public_development,3,tiny_compact,16,3.1913807189542485e-06,0.8366013071895425,1.2549019607843137,362,1646,6,4
15f6b01be691acada0b2b91d,AD2,fabric,target_public_development,4,tiny_compact,281,5.6048623876633984e-05,14.69281045751634,15.0,339,1657,27,60
15f6b01be691acada0b2b91d,AD2,fabric,target_public_development,5,tiny_compact,92,1.8350439133986927e-05,4.810457516339869,8.75,331,1720,11,35
e35a018d7890d985df4c49e7,AD2,fabric,target_public_development,1,thin_or_extended_small_area,1079,0.00021521873723447712,56.41830065359477,49.0,281,452,91,196
e35a018d7890d985df4c49e7,AD2,fabric,target_public_development,2,tiny_compact,11,2.1940742442810456e-06,0.5751633986928104,1.0,361,1640,3,4
e35a018d7890d985df4c49e7,AD2,fabric,target_public_development,3,tiny_compact,16,3.1913807189542485e-06,0.8366013071895425,1.2549019607843137,362,1646,6,4
e35a018d7890d985df4c49e7,AD2,fabric,target_public_development,4,tiny_compact,281,5.6048623876633984e-05,14.69281045751634,15.0,339,1657,27,60
e35a018d7890d985df4c49e7,AD2,fabric,target_public_development,5,tiny_compact,92,1.8350439133986927e-05,4.810457516339869,8.75,331,1720,11,35
cf7d74c1c8b930ec2d4c2ec1,AD2,fabric,target_public_development,1,thin_or_extended_small_area,1079,0.00021521873723447712,56.41830065359477,49.0,281,452,91,196
cf7d74c1c8b930ec2d4c2ec1,AD2,fabric,target_public_development,2,tiny_compact,11,2.1940742442810456e-06,0.5751633986928104,1.0,361,1640,3,4
cf7d74c1c8b930ec2d4c2ec1,AD2,fabric,target_public_development,3,tiny_compact,16,3.1913807189542485e-06,0.8366013071895425,1.2549019607843137,362,1646,6,4
cf7d74c1c8b930ec2d4c2ec1,AD2,fabric,target_public_development,4,tiny_compact,281,5.6048623876633984e-05,14.69281045751634,15.0,339,1657,27,60
cf7d74c1c8b930ec2d4c2ec1,AD2,fabric,target_public_development,5,tiny_compact,92,1.8350439133986927e-05,4.810457516339869,8.75,331,1720,11,35
3fbde92a7b715fb786003146,AD2,fabric,target_public_development,1,thin_or_extended_small_area,1079,0.00021521873723447712,56.41830065359477,49.0,281,452,91,196
3fbde92a7b715fb786003146,AD2,fabric,target_public_development,2,tiny_compact,11,2.1940742442810456e-06,0.5751633986928104,1.0,361,1640,3,4
3fbde92a7b715fb786003146,AD2,fabric,target_public_development,3,tiny_compact,16,3.1913807189542485e-06,0.8366013071895425,1.2549019607843137,362,1646,6,4
3fbde92a7b715fb786003146,AD2,fabric,target_public_development,4,tiny_compact,281,5.6048623876633984e-05,14.69281045751634,15.0,339,1657,27,60
3fbde92a7b715fb786003146,AD2,fabric,target_public_development,5,tiny_compact,92,1.8350439133986927e-05,4.810457516339869,8.75,331,1720,11,35
b794272b761746b6110bc6b6,AD2,fabric,target_public_development,1,tiny_compact,451,8.995704401552288e-05,23.58169934640523,7.0,534,1690,23,28
989a1df57ad4822aea304241,AD2,fabric,target_public_development,1,tiny_compact,451,8.995704401552288e-05,23.58169934640523,7.0,534,1690,23,28
b67e6ac18682a6805643e586,AD2,fabric,target_public_development,1,tiny_compact,451,8.995704401552288e-05,23.58169934640523,7.0,534,1690,23,28
f0e1d8ad11bd345f68d6f522,AD2,fabric,target_public_development,1,tiny_compact,451,8.995704401552288e-05,23.58169934640523,7.0,534,1690,23,28
35c3a4f64e8bcbd74e9534ad,AD2,fabric,target_public_development,1,tiny_compact,451,8.995704401552288e-05,23.58169934640523,7.0,534,1690,23,28
eb0e86b34da0f7ef41dc7049,AD2,fabric,target_public_development,1,tiny_compact,451,8.995704401552288e-05,23.58169934640523,7.0,534,1690,23,28
0e7d7777928af444757a24db,AD2,fabric,target_public_development,1,tiny_compact,1116,0.00022259880514705882,58.35294117647059,13.594771241830065,1372,232,65,30
8a3738a501584f6e48137ef3,AD2,fabric,target_public_development,1,tiny_compact,1116,0.00022259880514705882,58.35294117647059,13.594771241830065,1372,232,65,30
6630e3a848263055a64177a4,AD2,fabric,target_public_development,1,tiny_compact,1116,0.00022259880514705882,58.35294117647059,13.594771241830065,1372,232,65,30
5c185d287c03b7f54d26db4e,AD2,fabric,target_public_development,1,tiny_compact,1116,0.00022259880514705882,58.35294117647059,13.594771241830065,1372,232,65,30
1b050253fa5aeeca382e0502,AD2,fabric,target_public_development,1,tiny_compact,1116,0.00022259880514705882,58.35294117647059,13.594771241830065,1372,232,65,30
7c1a63eba5b1cd32ec309563,AD2,fabric,target_public_development,1,tiny_compact,1116,0.00022259880514705882,58.35294117647059,13.594771241830065,1372,232,65,30
a3045d0e203b3c32f8ed6d8f,AD2,fabric,target_public_development,1,tiny_compact,49,9.773603451797385e-06,2.5620915032679736,1.75,164,929,8,7
a3045d0e203b3c32f8ed6d8f,AD2,fabric,target_public_development,2,tiny_compact,102,2.0345052083333332e-05,5.333333333333333,2.718954248366013,176,928,13,10
a3045d0e203b3c32f8ed6d8f,AD2,fabric,target_public_development,3,tiny_compact,43,8.576835682189543e-06,2.2483660130718954,2.0,191,929,7,8
a3045d0e203b3c32f8ed6d8f,AD2,fabric,target_public_development,4,tiny_compact,4787,0.0009548212188521242,250.30065359477123,22.37908496732026,959,1671,107,77
a3045d0e203b3c32f8ed6d8f,AD2,fabric,target_public_development,5,tiny_compact,10,1.9946129493464053e-06,0.5228758169934641,1.0457516339869282,956,1684,5,2
3f6648e13bf33344f7395e22,AD2,fabric,target_public_development,1,tiny_compact,49,9.773603451797385e-06,2.5620915032679736,1.75,164,929,8,7
3f6648e13bf33344f7395e22,AD2,fabric,target_public_development,2,tiny_compact,102,2.0345052083333332e-05,5.333333333333333,2.718954248366013,176,928,13,10
3f6648e13bf33344f7395e22,AD2,fabric,target_public_development,3,tiny_compact,43,8.576835682189543e-06,2.2483660130718954,2.0,191,929,7,8
3f6648e13bf33344f7395e22,AD2,fabric,target_public_development,4,tiny_compact,4787,0.0009548212188521242,250.30065359477123,22.37908496732026,959,1671,107,77
3f6648e13bf33344f7395e22,AD2,fabric,target_public_development,5,tiny_compact,10,1.9946129493464053e-06,0.5228758169934641,1.0457516339869282,956,1684,5,2
281d3c460b02609fe139e0ae,AD2,fabric,target_public_development,1,tiny_compact,49,9.773603451797385e-06,2.5620915032679736,1.75,164,929,8,7
281d3c460b02609fe139e0ae,AD2,fabric,target_public_development,2,tiny_compact,102,2.0345052083333332e-05,5.333333333333333,2.718954248366013,176,928,13,10
281d3c460b02609fe139e0ae,AD2,fabric,target_public_development,3,tiny_compact,43,8.576835682189543e-06,2.2483660130718954,2.0,191,929,7,8
281d3c460b02609fe139e0ae,AD2,fabric,target_public_development,4,tiny_compact,4787,0.0009548212188521242,250.30065359477123,22.37908496732026,959,1671,107,77
281d3c460b02609fe139e0ae,AD2,fabric,target_public_development,5,tiny_compact,10,1.9946129493464053e-06,0.5228758169934641,1.0457516339869282,956,1684,5,2
a8822166e8f8843ac5e83209,AD2,fabric,target_public_development,1,tiny_compact,49,9.773603451797385e-06,2.5620915032679736,1.75,164,929,8,7
a8822166e8f8843ac5e83209,AD2,fabric,target_public_development,2,tiny_compact,102,2.0345052083333332e-05,5.333333333333333,2.718954248366013,176,928,13,10
a8822166e8f8843ac5e83209,AD2,fabric,target_public_development,3,tiny_compact,43,8.576835682189543e-06,2.2483660130718954,2.0,191,929,7,8
a8822166e8f8843ac5e83209,AD2,fabric,target_public_development,4,tiny_compact,4787,0.0009548212188521242,250.30065359477123,22.37908496732026,959,1671,107,77
a8822166e8f8843ac5e83209,AD2,fabric,target_public_development,5,tiny_compact,10,1.9946129493464053e-06,0.5228758169934641,1.0457516339869282,956,1684,5,2
ef36372588149436368f69bb,AD2,fabric,target_public_development,1,tiny_compact,49,9.773603451797385e-06,2.5620915032679736,1.75,164,929,8,7
ef36372588149436368f69bb,AD2,fabric,target_public_development,2,tiny_compact,102,2.0345052083333332e-05,5.333333333333333,2.718954248366013,176,928,13,10
ef36372588149436368f69bb,AD2,fabric,target_public_development,3,tiny_compact,43,8.576835682189543e-06,2.2483660130718954,2.0,191,929,7,8
ef36372588149436368f69bb,AD2,fabric,target_public_development,4,tiny_compact,4787,0.0009548212188521242,250.30065359477123,22.37908496732026,959,1671,107,77
ef36372588149436368f69bb,AD2,fabric,target_public_development,5,tiny_compact,10,1.9946129493464053e-06,0.5228758169934641,1.0457516339869282,956,1684,5,2
6e3cdd8247ac553a6fbacf81,AD2,fabric,target_public_development,1,tiny_compact,49,9.773603451797385e-06,2.5620915032679736,1.75,164,929,8,7
6e3cdd8247ac553a6fbacf81,AD2,fabric,target_public_development,2,tiny_compact,102,2.0345052083333332e-05,5.333333333333333,2.718954248366013,176,928,13,10
6e3cdd8247ac553a6fbacf81,AD2,fabric,target_public_development,3,tiny_compact,43,8.576835682189543e-06,2.2483660130718954,2.0,191,929,7,8
6e3cdd8247ac553a6fbacf81,AD2,fabric,target_public_development,4,tiny_compact,4787,0.0009548212188521242,250.30065359477123,22.37908496732026,959,1671,107,77
6e3cdd8247ac553a6fbacf81,AD2,fabric,target_public_development,5,tiny_compact,10,1.9946129493464053e-06,0.5228758169934641,1.0457516339869282,956,1684,5,2
262c2ed1e8d26d98d5100e41,AD2,fabric,target_public_development,1,tiny_compact,23,4.587609783496732e-06,1.2026143790849673,1.2549019607843137,458,1236,6,5
262c2ed1e8d26d98d5100e41,AD2,fabric,target_public_development,2,tiny_compact,23,4.587609783496732e-06,1.2026143790849673,1.25,458,1244,5,5
262c2ed1e8d26d98d5100e41,AD2,fabric,target_public_development,3,tiny_compact,1081,0.0002156176598243464,56.52287581699346,10.666666666666666,441,1253,51,36
945e71459b86b044da6ed0e2,AD2,fabric,target_public_development,1,tiny_compact,23,4.587609783496732e-06,1.2026143790849673,1.2549019607843137,458,1236,6,5
945e71459b86b044da6ed0e2,AD2,fabric,target_public_development,2,tiny_compact,23,4.587609783496732e-06,1.2026143790849673,1.25,458,1244,5,5
945e71459b86b044da6ed0e2,AD2,fabric,target_public_development,3,tiny_compact,1081,0.0002156176598243464,56.52287581699346,10.666666666666666,441,1253,51,36
e1e18e13a59a1f423ef2b6a0,AD2,fabric,target_public_development,1,tiny_compact,23,4.587609783496732e-06,1.2026143790849673,1.2549019607843137,458,1236,6,5
e1e18e13a59a1f423ef2b6a0,AD2,fabric,target_public_development,2,tiny_compact,23,4.587609783496732e-06,1.2026143790849673,1.25,458,1244,5,5
e1e18e13a59a1f423ef2b6a0,AD2,fabric,target_public_development,3,tiny_compact,1081,0.0002156176598243464,56.52287581699346,10.666666666666666,441,1253,51,36
6cf6385a18344b7f37c32227,AD2,fabric,target_public_development,1,tiny_compact,23,4.587609783496732e-06,1.2026143790849673,1.2549019607843137,458,1236,6,5
6cf6385a18344b7f37c32227,AD2,fabric,target_public_development,2,tiny_compact,23,4.587609783496732e-06,1.2026143790849673,1.25,458,1244,5,5
6cf6385a18344b7f37c32227,AD2,fabric,target_public_development,3,tiny_compact,1081,0.0002156176598243464,56.52287581699346,10.666666666666666,441,1253,51,36
11b21f38e5c88aa2683ec9f9,AD2,fabric,target_public_development,1,tiny_compact,23,4.587609783496732e-06,1.2026143790849673,1.2549019607843137,458,1236,6,5
11b21f38e5c88aa2683ec9f9,AD2,fabric,target_public_development,2,tiny_compact,23,4.587609783496732e-06,1.2026143790849673,1.25,458,1244,5,5
11b21f38e5c88aa2683ec9f9,AD2,fabric,target_public_development,3,tiny_compact,1081,0.0002156176598243464,56.52287581699346,10.666666666666666,441,1253,51,36
ceeb8d6713674d0d45922eea,AD2,fabric,target_public_development,1,tiny_compact,23,4.587609783496732e-06,1.2026143790849673,1.2549019607843137,458,1236,6,5
ceeb8d6713674d0d45922eea,AD2,fabric,target_public_development,2,tiny_compact,23,4.587609783496732e-06,1.2026143790849673,1.25,458,1244,5,5
ceeb8d6713674d0d45922eea,AD2,fabric,target_public_development,3,tiny_compact,1081,0.0002156176598243464,56.52287581699346,10.666666666666666,441,1253,51,36
ccf204805f19c4ee6074aa7a,AD2,fabric,target_public_development,1,tiny_compact,742,0.00014800028084150326,38.79738562091503,9.75,1521,655,31,39
204f9ba069f9456fd001c2a6,AD2,fabric,target_public_development,1,tiny_compact,742,0.00014800028084150326,38.79738562091503,9.75,1521,655,31,39
e510edfcce92e2efb945798d,AD2,fabric,target_public_development,1,tiny_compact,742,0.00014800028084150326,38.79738562091503,9.75,1521,655,31,39
30d2bbeb86e167ad981580ee,AD2,fabric,target_public_development,1,tiny_compact,742,0.00014800028084150326,38.79738562091503,9.75,1521,655,31,39
eb1e525f30d0dcab3e4c07f8,AD2,fabric,target_public_development,1,tiny_compact,742,0.00014800028084150326,38.79738562091503,9.75,1521,655,31,39
4df70e325038d05d10233364,AD2,fabric,target_public_development,1,tiny_compact,742,0.00014800028084150326,38.79738562091503,9.75,1521,655,31,39
e41384eb3ddb3c885bbfd653,AD2,fruit_jelly,target_public_development,1,larger,74643,0.0233843984962406,6130.079759398496,115.56571428571428,801,1098,474,253
e41384eb3ddb3c885bbfd653,AD2,fruit_jelly,target_public_development,2,larger,57400,0.017982456140350878,4713.99298245614,114.83428571428571,806,1356,471,164
146031f7a95717bec5ec078b,AD2,fruit_jelly,target_public_development,1,larger,74643,0.0233843984962406,6130.079759398496,115.56571428571428,801,1098,474,253
146031f7a95717bec5ec078b,AD2,fruit_jelly,target_public_development,2,larger,57400,0.017982456140350878,4713.99298245614,114.83428571428571,806,1356,471,164
74c84e5186547912a5e06e7d,AD2,fruit_jelly,target_public_development,1,larger,74643,0.0233843984962406,6130.079759398496,115.56571428571428,801,1098,474,253
74c84e5186547912a5e06e7d,AD2,fruit_jelly,target_public_development,2,larger,57400,0.017982456140350878,4713.99298245614,114.83428571428571,806,1356,471,164
4f6ea3c33d881eafef698ca1,AD2,fruit_jelly,target_public_development,1,larger,74643,0.0233843984962406,6130.079759398496,115.56571428571428,801,1098,474,253
4f6ea3c33d881eafef698ca1,AD2,fruit_jelly,target_public_development,2,larger,57400,0.017982456140350878,4713.99298245614,114.83428571428571,806,1356,471,164
3266172dd8f1a885f00f395e,AD2,fruit_jelly,target_public_development,1,larger,135040,0.04230576441102757,11090.202305764411,146.18947368421053,758,917,547,434
3266172dd8f1a885f00f395e,AD2,fruit_jelly,target_public_development,2,larger,50089,0.015692042606516292,4113.574817042607,112.39619047619047,840,1344,461,176
fa0648b32f0a073b29d54036,AD2,fruit_jelly,target_public_development,1,larger,135040,0.04230576441102757,11090.202305764411,146.18947368421053,758,917,547,434
fa0648b32f0a073b29d54036,AD2,fruit_jelly,target_public_development,2,larger,50089,0.015692042606516292,4113.574817042607,112.39619047619047,840,1344,461,176
d9ba0df9a8c5d1843ec18e17,AD2,fruit_jelly,target_public_development,1,larger,135040,0.04230576441102757,11090.202305764411,146.18947368421053,758,917,547,434
d9ba0df9a8c5d1843ec18e17,AD2,fruit_jelly,target_public_development,2,larger,50089,0.015692042606516292,4113.574817042607,112.39619047619047,840,1344,461,176
17237d54010a75cccd4eb663,AD2,fruit_jelly,target_public_development,1,larger,135040,0.04230576441102757,11090.202305764411,146.18947368421053,758,917,547,434
17237d54010a75cccd4eb663,AD2,fruit_jelly,target_public_development,2,larger,50089,0.015692042606516292,4113.574817042607,112.39619047619047,840,1344,461,176
c40681b5fe86508714e7bcbc,AD2,fruit_jelly,target_public_development,1,larger,8357,0.002618107769423559,686.3212431077694,52.906666666666666,691,409,217,87
c40681b5fe86508714e7bcbc,AD2,fruit_jelly,target_public_development,2,larger,4547,0.0014244987468671679,373.42379949874686,28.63157894736842,747,843,88,85
3fad6ce1a1f4f74fd0d23468,AD2,fruit_jelly,target_public_development,1,larger,8357,0.002618107769423559,686.3212431077694,52.906666666666666,691,409,217,87
3fad6ce1a1f4f74fd0d23468,AD2,fruit_jelly,target_public_development,2,larger,4547,0.0014244987468671679,373.42379949874686,28.63157894736842,747,843,88,85
737042a269e78379e9a8585f,AD2,fruit_jelly,target_public_development,1,larger,8357,0.002618107769423559,686.3212431077694,52.906666666666666,691,409,217,87
737042a269e78379e9a8585f,AD2,fruit_jelly,target_public_development,2,larger,4547,0.0014244987468671679,373.42379949874686,28.63157894736842,747,843,88,85
7fe729955c23bc47b609aa72,AD2,fruit_jelly,target_public_development,1,larger,8357,0.002618107769423559,686.3212431077694,52.906666666666666,691,409,217,87
7fe729955c23bc47b609aa72,AD2,fruit_jelly,target_public_development,2,larger,4547,0.0014244987468671679,373.42379949874686,28.63157894736842,747,843,88,85
0a6aa795747244d800b02a8f,AD2,fruit_jelly,target_public_development,1,thin_or_extended_small_area,559,0.000175125313283208,45.90805012531328,32.67368421052632,763,719,82,97
0a6aa795747244d800b02a8f,AD2,fruit_jelly,target_public_development,2,tiny_compact,48,1.5037593984962406e-05,3.942015037593985,2.4380952380952383,848,818,10,7
0a6aa795747244d800b02a8f,AD2,fruit_jelly,target_public_development,3,thin_or_extended_small_area,1290,0.00040413533834586464,105.94165413533834,59.00190476190476,860,824,242,65
7f34b7be601669ce3d720080,AD2,fruit_jelly,target_public_development,1,thin_or_extended_small_area,559,0.000175125313283208,45.90805012531328,32.67368421052632,763,719,82,97
7f34b7be601669ce3d720080,AD2,fruit_jelly,target_public_development,2,tiny_compact,48,1.5037593984962406e-05,3.942015037593985,2.4380952380952383,848,818,10,7
7f34b7be601669ce3d720080,AD2,fruit_jelly,target_public_development,3,thin_or_extended_small_area,1290,0.00040413533834586464,105.94165413533834,59.00190476190476,860,824,242,65
d424924b5beb1d00a652cf59,AD2,fruit_jelly,target_public_development,1,thin_or_extended_small_area,559,0.000175125313283208,45.90805012531328,32.67368421052632,763,719,82,97
d424924b5beb1d00a652cf59,AD2,fruit_jelly,target_public_development,2,tiny_compact,48,1.5037593984962406e-05,3.942015037593985,2.4380952380952383,848,818,10,7
d424924b5beb1d00a652cf59,AD2,fruit_jelly,target_public_development,3,thin_or_extended_small_area,1290,0.00040413533834586464,105.94165413533834,59.00190476190476,860,824,242,65
4d64cbfb7202a6ad8ad59f0b,AD2,fruit_jelly,target_public_development,1,thin_or_extended_small_area,559,0.000175125313283208,45.90805012531328,32.67368421052632,763,719,82,97
4d64cbfb7202a6ad8ad59f0b,AD2,fruit_jelly,target_public_development,2,tiny_compact,48,1.5037593984962406e-05,3.942015037593985,2.4380952380952383,848,818,10,7
4d64cbfb7202a6ad8ad59f0b,AD2,fruit_jelly,target_public_development,3,thin_or_extended_small_area,1290,0.00040413533834586464,105.94165413533834,59.00190476190476,860,824,242,65
266d7708bf0cc0f847467994,AD2,fruit_jelly,target_public_development,1,tiny_compact,238,7.456140350877193e-05,19.54582456140351,18.86315789473684,610,1143,54,56
266d7708bf0cc0f847467994,AD2,fruit_jelly,target_public_development,2,tiny_compact,153,4.7932330827067666e-05,12.565172932330826,15.603809523809524,676,1205,64,29
266d7708bf0cc0f847467994,AD2,fruit_jelly,target_public_development,3,tiny_compact,333,0.0001043233082706767,27.347729323308272,25.936842105263157,635,1443,82,77
e1eca7db78a580e9495a7fb3,AD2,fruit_jelly,target_public_development,1,tiny_compact,238,7.456140350877193e-05,19.54582456140351,18.86315789473684,610,1143,54,56
e1eca7db78a580e9495a7fb3,AD2,fruit_jelly,target_public_development,2,tiny_compact,153,4.7932330827067666e-05,12.565172932330826,15.603809523809524,676,1205,64,29
e1eca7db78a580e9495a7fb3,AD2,fruit_jelly,target_public_development,3,tiny_compact,333,0.0001043233082706767,27.347729323308272,25.936842105263157,635,1443,82,77
b69a88540beaeae4e52c8d37,AD2,fruit_jelly,target_public_development,1,tiny_compact,238,7.456140350877193e-05,19.54582456140351,18.86315789473684,610,1143,54,56
b69a88540beaeae4e52c8d37,AD2,fruit_jelly,target_public_development,2,tiny_compact,153,4.7932330827067666e-05,12.565172932330826,15.603809523809524,676,1205,64,29
b69a88540beaeae4e52c8d37,AD2,fruit_jelly,target_public_development,3,tiny_compact,333,0.0001043233082706767,27.347729323308272,25.936842105263157,635,1443,82,77
ba82ac5cdedabbe8028e8525,AD2,fruit_jelly,target_public_development,1,tiny_compact,238,7.456140350877193e-05,19.54582456140351,18.86315789473684,610,1143,54,56
ba82ac5cdedabbe8028e8525,AD2,fruit_jelly,target_public_development,2,tiny_compact,153,4.7932330827067666e-05,12.565172932330826,15.603809523809524,676,1205,64,29
ba82ac5cdedabbe8028e8525,AD2,fruit_jelly,target_public_development,3,tiny_compact,333,0.0001043233082706767,27.347729323308272,25.936842105263157,635,1443,82,77
c939151b482f62d77aad7e7a,AD2,fruit_jelly,target_public_development,1,tiny_compact,298,9.335839598997494e-05,24.47334335839599,20.48,902,698,84,47
c939151b482f62d77aad7e7a,AD2,fruit_jelly,target_public_development,2,thin_or_extended_small_area,852,0.0002669172932330827,69.97076691729323,92.63157894736842,782,750,113,275
c939151b482f62d77aad7e7a,AD2,fruit_jelly,target_public_development,3,tiny_compact,1578,0.0004943609022556391,129.59374436090226,14.821052631578947,1427,838,59,44
c939151b482f62d77aad7e7a,AD2,fruit_jelly,target_public_development,4,thin_or_extended_small_area,1062,0.00033270676691729323,87.21708270676692,87.77142857142857,820,1084,360,140
c939151b482f62d77aad7e7a,AD2,fruit_jelly,target_public_development,5,thin_or_extended_small_area,312,9.774436090225564e-05,25.6230977443609,32.670476190476194,1188,1223,134,16
c939151b482f62d77aad7e7a,AD2,fruit_jelly,target_public_development,6,tiny_compact,294,9.210526315789474e-05,24.14484210526316,22.674285714285713,1287,1242,93,9
c939151b482f62d77aad7e7a,AD2,fruit_jelly,target_public_development,7,thin_or_extended_small_area,561,0.00017575187969924813,46.0723007518797,56.076190476190476,1149,1452,230,46
c939151b482f62d77aad7e7a,AD2,fruit_jelly,target_public_development,8,tiny_compact,173,5.4197994987468674e-05,14.207679197994988,19.504761904761907,1078,1504,80,16
31bd56c54fa4b1b59aeff590,AD2,fruit_jelly,target_public_development,1,tiny_compact,298,9.335839598997494e-05,24.47334335839599,20.48,902,698,84,47
31bd56c54fa4b1b59aeff590,AD2,fruit_jelly,target_public_development,2,thin_or_extended_small_area,852,0.0002669172932330827,69.97076691729323,92.63157894736842,782,750,113,275
31bd56c54fa4b1b59aeff590,AD2,fruit_jelly,target_public_development,3,tiny_compact,1578,0.0004943609022556391,129.59374436090226,14.821052631578947,1427,838,59,44
31bd56c54fa4b1b59aeff590,AD2,fruit_jelly,target_public_development,4,thin_or_extended_small_area,1062,0.00033270676691729323,87.21708270676692,87.77142857142857,820,1084,360,140
31bd56c54fa4b1b59aeff590,AD2,fruit_jelly,target_public_development,5,thin_or_extended_small_area,312,9.774436090225564e-05,25.6230977443609,32.670476190476194,1188,1223,134,16
31bd56c54fa4b1b59aeff590,AD2,fruit_jelly,target_public_development,6,tiny_compact,294,9.210526315789474e-05,24.14484210526316,22.674285714285713,1287,1242,93,9
31bd56c54fa4b1b59aeff590,AD2,fruit_jelly,target_public_development,7,thin_or_extended_small_area,561,0.00017575187969924813,46.0723007518797,56.076190476190476,1149,1452,230,46
31bd56c54fa4b1b59aeff590,AD2,fruit_jelly,target_public_development,8,tiny_compact,173,5.4197994987468674e-05,14.207679197994988,19.504761904761907,1078,1504,80,16
bb22f06945a158e1444b7229,AD2,fruit_jelly,target_public_development,1,tiny_compact,298,9.335839598997494e-05,24.47334335839599,20.48,902,698,84,47
bb22f06945a158e1444b7229,AD2,fruit_jelly,target_public_development,2,thin_or_extended_small_area,852,0.0002669172932330827,69.97076691729323,92.63157894736842,782,750,113,275
bb22f06945a158e1444b7229,AD2,fruit_jelly,target_public_development,3,tiny_compact,1578,0.0004943609022556391,129.59374436090226,14.821052631578947,1427,838,59,44
bb22f06945a158e1444b7229,AD2,fruit_jelly,target_public_development,4,thin_or_extended_small_area,1062,0.00033270676691729323,87.21708270676692,87.77142857142857,820,1084,360,140
bb22f06945a158e1444b7229,AD2,fruit_jelly,target_public_development,5,thin_or_extended_small_area,312,9.774436090225564e-05,25.6230977443609,32.670476190476194,1188,1223,134,16
bb22f06945a158e1444b7229,AD2,fruit_jelly,target_public_development,6,tiny_compact,294,9.210526315789474e-05,24.14484210526316,22.674285714285713,1287,1242,93,9
bb22f06945a158e1444b7229,AD2,fruit_jelly,target_public_development,7,thin_or_extended_small_area,561,0.00017575187969924813,46.0723007518797,56.076190476190476,1149,1452,230,46
bb22f06945a158e1444b7229,AD2,fruit_jelly,target_public_development,8,tiny_compact,173,5.4197994987468674e-05,14.207679197994988,19.504761904761907,1078,1504,80,16
f445ecde4c91beb32b095fa4,AD2,fruit_jelly,target_public_development,1,tiny_compact,298,9.335839598997494e-05,24.47334335839599,20.48,902,698,84,47
f445ecde4c91beb32b095fa4,AD2,fruit_jelly,target_public_development,2,thin_or_extended_small_area,852,0.0002669172932330827,69.97076691729323,92.63157894736842,782,750,113,275
f445ecde4c91beb32b095fa4,AD2,fruit_jelly,target_public_development,3,tiny_compact,1578,0.0004943609022556391,129.59374436090226,14.821052631578947,1427,838,59,44
f445ecde4c91beb32b095fa4,AD2,fruit_jelly,target_public_development,4,thin_or_extended_small_area,1062,0.00033270676691729323,87.21708270676692,87.77142857142857,820,1084,360,140
f445ecde4c91beb32b095fa4,AD2,fruit_jelly,target_public_development,5,thin_or_extended_small_area,312,9.774436090225564e-05,25.6230977443609,32.670476190476194,1188,1223,134,16
f445ecde4c91beb32b095fa4,AD2,fruit_jelly,target_public_development,6,tiny_compact,294,9.210526315789474e-05,24.14484210526316,22.674285714285713,1287,1242,93,9
f445ecde4c91beb32b095fa4,AD2,fruit_jelly,target_public_development,7,thin_or_extended_small_area,561,0.00017575187969924813,46.0723007518797,56.076190476190476,1149,1452,230,46
f445ecde4c91beb32b095fa4,AD2,fruit_jelly,target_public_development,8,tiny_compact,173,5.4197994987468674e-05,14.207679197994988,19.504761904761907,1078,1504,80,16
9c411be7d32772629a6ad300,AD2,fruit_jelly,target_public_development,1,larger,30799,0.009648809523809523,2529.3775238095236,108.46315789473684,630,982,185,322
9c411be7d32772629a6ad300,AD2,fruit_jelly,target_public_development,2,tiny_compact,438,0.00013721804511278196,35.970887218045114,13.473684210526315,1542,1010,18,40
9c411be7d32772629a6ad300,AD2,fruit_jelly,target_public_development,3,larger,21797,0.006828634085213033,1790.0854536340853,71.74736842105263,645,1307,143,213
88cca7bb1d9bbdafc4816feb,AD2,fruit_jelly,target_public_development,1,larger,30799,0.009648809523809523,2529.3775238095236,108.46315789473684,630,982,185,322
88cca7bb1d9bbdafc4816feb,AD2,fruit_jelly,target_public_development,2,tiny_compact,438,0.00013721804511278196,35.970887218045114,13.473684210526315,1542,1010,18,40
88cca7bb1d9bbdafc4816feb,AD2,fruit_jelly,target_public_development,3,larger,21797,0.006828634085213033,1790.0854536340853,71.74736842105263,645,1307,143,213
30aff5f7bb312ed8a3001cb2,AD2,fruit_jelly,target_public_development,1,larger,30799,0.009648809523809523,2529.3775238095236,108.46315789473684,630,982,185,322
30aff5f7bb312ed8a3001cb2,AD2,fruit_jelly,target_public_development,2,tiny_compact,438,0.00013721804511278196,35.970887218045114,13.473684210526315,1542,1010,18,40
30aff5f7bb312ed8a3001cb2,AD2,fruit_jelly,target_public_development,3,larger,21797,0.006828634085213033,1790.0854536340853,71.74736842105263,645,1307,143,213
3d9be93dae995e1dbb90fdb0,AD2,fruit_jelly,target_public_development,1,larger,30799,0.009648809523809523,2529.3775238095236,108.46315789473684,630,982,185,322
3d9be93dae995e1dbb90fdb0,AD2,fruit_jelly,target_public_development,2,tiny_compact,438,0.00013721804511278196,35.970887218045114,13.473684210526315,1542,1010,18,40
3d9be93dae995e1dbb90fdb0,AD2,fruit_jelly,target_public_development,3,larger,21797,0.006828634085213033,1790.0854536340853,71.74736842105263,645,1307,143,213
740f474dec0fd87a959b7d0b,AD2,fruit_jelly,target_public_development,1,tiny_compact,21,6.578947368421053e-06,1.7246315789473685,4.378947368421053,854,500,12,13
740f474dec0fd87a959b7d0b,AD2,fruit_jelly,target_public_development,2,thin_or_extended_small_area,631,0.00019768170426065162,51.82107268170426,92.96842105263158,871,516,307,276
740f474dec0fd87a959b7d0b,AD2,fruit_jelly,target_public_development,3,thin_or_extended_small_area,777,0.00024342105263157896,63.811368421052634,87.28380952380952,825,1234,358,60
740f474dec0fd87a959b7d0b,AD2,fruit_jelly,target_public_development,4,thin_or_extended_small_area,408,0.00012781954887218044,33.50712781954887,46.56761904761905,475,1266,191,27
740f474dec0fd87a959b7d0b,AD2,fruit_jelly,target_public_development,5,tiny_compact,154,4.824561403508772e-05,12.647298245614035,18.04190476190476,681,1291,74,5
740f474dec0fd87a959b7d0b,AD2,fruit_jelly,target_public_development,6,tiny_compact,24,7.518796992481203e-06,1.9710075187969924,5.851428571428571,782,1292,24,2
740f474dec0fd87a959b7d0b,AD2,fruit_jelly,target_public_development,7,tiny_compact,57,1.785714285714286e-05,4.6811428571428575,5.607619047619048,639,1318,23,4
740f474dec0fd87a959b7d0b,AD2,fruit_jelly,target_public_development,8,tiny_compact,79,2.474937343358396e-05,6.487899749373433,9.264761904761905,917,1318,38,3
740f474dec0fd87a959b7d0b,AD2,fruit_jelly,target_public_development,9,tiny_compact,26,8.145363408521302e-06,2.1352581453634083,3.1695238095238096,973,1319,13,2
740f474dec0fd87a959b7d0b,AD2,fruit_jelly,target_public_development,10,tiny_compact,318,9.962406015037594e-05,26.11584962406015,29.013333333333332,502,1320,119,22
740f474dec0fd87a959b7d0b,AD2,fruit_jelly,target_public_development,11,tiny_compact,103,3.2268170426065164e-05,8.458907268170426,10.727619047619047,1003,1321,44,11
740f474dec0fd87a959b7d0b,AD2,fruit_jelly,target_public_development,12,thin_or_extended_small_area,248,7.769423558897244e-05,20.36707769423559,37.30285714285714,1034,1386,153,9
9cf2728b7223015af150ce9c,AD2,fruit_jelly,target_public_development,1,tiny_compact,21,6.578947368421053e-06,1.7246315789473685,4.378947368421053,854,500,12,13
9cf2728b7223015af150ce9c,AD2,fruit_jelly,target_public_development,2,thin_or_extended_small_area,631,0.00019768170426065162,51.82107268170426,92.96842105263158,871,516,307,276
9cf2728b7223015af150ce9c,AD2,fruit_jelly,target_public_development,3,thin_or_extended_small_area,777,0.00024342105263157896,63.811368421052634,87.28380952380952,825,1234,358,60
9cf2728b7223015af150ce9c,AD2,fruit_jelly,target_public_development,4,thin_or_extended_small_area,408,0.00012781954887218044,33.50712781954887,46.56761904761905,475,1266,191,27
9cf2728b7223015af150ce9c,AD2,fruit_jelly,target_public_development,5,tiny_compact,154,4.824561403508772e-05,12.647298245614035,18.04190476190476,681,1291,74,5
9cf2728b7223015af150ce9c,AD2,fruit_jelly,target_public_development,6,tiny_compact,24,7.518796992481203e-06,1.9710075187969924,5.851428571428571,782,1292,24,2
9cf2728b7223015af150ce9c,AD2,fruit_jelly,target_public_development,7,tiny_compact,57,1.785714285714286e-05,4.6811428571428575,5.607619047619048,639,1318,23,4
9cf2728b7223015af150ce9c,AD2,fruit_jelly,target_public_development,8,tiny_compact,79,2.474937343358396e-05,6.487899749373433,9.264761904761905,917,1318,38,3
9cf2728b7223015af150ce9c,AD2,fruit_jelly,target_public_development,9,tiny_compact,26,8.145363408521302e-06,2.1352581453634083,3.1695238095238096,973,1319,13,2
9cf2728b7223015af150ce9c,AD2,fruit_jelly,target_public_development,10,tiny_compact,345,0.00010808270676691729,28.333233082706766,29.013333333333332,502,1320,119,24
9cf2728b7223015af150ce9c,AD2,fruit_jelly,target_public_development,11,tiny_compact,103,3.2268170426065164e-05,8.458907268170426,10.727619047619047,1003,1321,44,11
9cf2728b7223015af150ce9c,AD2,fruit_jelly,target_public_development,12,thin_or_extended_small_area,248,7.769423558897244e-05,20.36707769423559,37.30285714285714,1034,1386,153,9
0925b47b419b2b97f462ff62,AD2,fruit_jelly,target_public_development,1,tiny_compact,21,6.578947368421053e-06,1.7246315789473685,4.378947368421053,854,500,12,13
0925b47b419b2b97f462ff62,AD2,fruit_jelly,target_public_development,2,thin_or_extended_small_area,631,0.00019768170426065162,51.82107268170426,92.96842105263158,871,516,307,276
0925b47b419b2b97f462ff62,AD2,fruit_jelly,target_public_development,3,thin_or_extended_small_area,777,0.00024342105263157896,63.811368421052634,87.28380952380952,825,1234,358,60
0925b47b419b2b97f462ff62,AD2,fruit_jelly,target_public_development,4,thin_or_extended_small_area,408,0.00012781954887218044,33.50712781954887,46.56761904761905,475,1266,191,27
0925b47b419b2b97f462ff62,AD2,fruit_jelly,target_public_development,5,tiny_compact,154,4.824561403508772e-05,12.647298245614035,18.04190476190476,681,1291,74,5
0925b47b419b2b97f462ff62,AD2,fruit_jelly,target_public_development,6,tiny_compact,24,7.518796992481203e-06,1.9710075187969924,5.851428571428571,782,1292,24,2
0925b47b419b2b97f462ff62,AD2,fruit_jelly,target_public_development,7,tiny_compact,57,1.785714285714286e-05,4.6811428571428575,5.607619047619048,639,1318,23,4
0925b47b419b2b97f462ff62,AD2,fruit_jelly,target_public_development,8,tiny_compact,79,2.474937343358396e-05,6.487899749373433,9.264761904761905,917,1318,38,3
0925b47b419b2b97f462ff62,AD2,fruit_jelly,target_public_development,9,tiny_compact,26,8.145363408521302e-06,2.1352581453634083,3.1695238095238096,973,1319,13,2
0925b47b419b2b97f462ff62,AD2,fruit_jelly,target_public_development,10,tiny_compact,320,0.00010025062656641604,26.280100250626568,29.013333333333332,502,1320,119,22
0925b47b419b2b97f462ff62,AD2,fruit_jelly,target_public_development,11,tiny_compact,103,3.2268170426065164e-05,8.458907268170426,10.727619047619047,1003,1321,44,11
0925b47b419b2b97f462ff62,AD2,fruit_jelly,target_public_development,12,thin_or_extended_small_area,248,7.769423558897244e-05,20.36707769423559,37.30285714285714,1034,1386,153,9
e0bd0ae3a3efadd07b09d7e8,AD2,fruit_jelly,target_public_development,1,tiny_compact,21,6.578947368421053e-06,1.7246315789473685,4.378947368421053,854,500,12,13
e0bd0ae3a3efadd07b09d7e8,AD2,fruit_jelly,target_public_development,2,thin_or_extended_small_area,631,0.00019768170426065162,51.82107268170426,92.96842105263158,871,516,307,276
e0bd0ae3a3efadd07b09d7e8,AD2,fruit_jelly,target_public_development,3,thin_or_extended_small_area,777,0.00024342105263157896,63.811368421052634,87.28380952380952,825,1234,358,60
e0bd0ae3a3efadd07b09d7e8,AD2,fruit_jelly,target_public_development,4,thin_or_extended_small_area,408,0.00012781954887218044,33.50712781954887,46.56761904761905,475,1266,191,27
e0bd0ae3a3efadd07b09d7e8,AD2,fruit_jelly,target_public_development,5,tiny_compact,154,4.824561403508772e-05,12.647298245614035,18.04190476190476,681,1291,74,5
e0bd0ae3a3efadd07b09d7e8,AD2,fruit_jelly,target_public_development,6,tiny_compact,24,7.518796992481203e-06,1.9710075187969924,5.851428571428571,782,1292,24,2
e0bd0ae3a3efadd07b09d7e8,AD2,fruit_jelly,target_public_development,7,tiny_compact,57,1.785714285714286e-05,4.6811428571428575,5.607619047619048,639,1318,23,4
e0bd0ae3a3efadd07b09d7e8,AD2,fruit_jelly,target_public_development,8,tiny_compact,79,2.474937343358396e-05,6.487899749373433,9.264761904761905,917,1318,38,3
e0bd0ae3a3efadd07b09d7e8,AD2,fruit_jelly,target_public_development,9,tiny_compact,26,8.145363408521302e-06,2.1352581453634083,3.1695238095238096,973,1319,13,2
e0bd0ae3a3efadd07b09d7e8,AD2,fruit_jelly,target_public_development,10,tiny_compact,321,0.00010056390977443609,26.362225563909774,29.013333333333332,502,1320,119,22
e0bd0ae3a3efadd07b09d7e8,AD2,fruit_jelly,target_public_development,11,tiny_compact,103,3.2268170426065164e-05,8.458907268170426,10.727619047619047,1003,1321,44,11
e0bd0ae3a3efadd07b09d7e8,AD2,fruit_jelly,target_public_development,12,thin_or_extended_small_area,248,7.769423558897244e-05,20.36707769423559,37.30285714285714,1034,1386,153,9
f416c39bc181e7aafe493e8f,AD2,fruit_jelly,target_public_development,1,tiny_compact,2010,0.0006296992481203007,165.07187969924811,17.51578947368421,412,671,58,52
f416c39bc181e7aafe493e8f,AD2,fruit_jelly,target_public_development,2,tiny_compact,2093,0.0006557017543859649,171.88828070175438,19.260952380952382,1044,804,79,39
09d3ffd8e1b0b403140ead66,AD2,fruit_jelly,target_public_development,1,tiny_compact,2010,0.0006296992481203007,165.07187969924811,17.51578947368421,412,671,58,52
09d3ffd8e1b0b403140ead66,AD2,fruit_jelly,target_public_development,2,tiny_compact,2093,0.0006557017543859649,171.88828070175438,19.260952380952382,1044,804,79,39
c0772b36645a2af347a4bb19,AD2,fruit_jelly,target_public_development,1,tiny_compact,2010,0.0006296992481203007,165.07187969924811,17.51578947368421,412,671,58,52
c0772b36645a2af347a4bb19,AD2,fruit_jelly,target_public_development,2,tiny_compact,2093,0.0006557017543859649,171.88828070175438,19.260952380952382,1044,804,79,39
cce443f9e4505a83f5ee9baf,AD2,fruit_jelly,target_public_development,1,tiny_compact,2010,0.0006296992481203007,165.07187969924811,17.51578947368421,412,671,58,52
cce443f9e4505a83f5ee9baf,AD2,fruit_jelly,target_public_development,2,tiny_compact,2093,0.0006557017543859649,171.88828070175438,19.260952380952382,1044,804,79,39
74f7b5b0ce872cba4c8a021c,AD2,fruit_jelly,target_public_development,1,larger,7895,0.002473370927318296,648.3793483709273,50.224761904761905,1164,657,206,99
74f7b5b0ce872cba4c8a021c,AD2,fruit_jelly,target_public_development,2,tiny_compact,970,0.0003038847117794486,79.66155388471178,15.494736842105263,522,1216,27,46
74f7b5b0ce872cba4c8a021c,AD2,fruit_jelly,target_public_development,3,tiny_compact,687,0.00021522556390977444,56.42009022556391,11.789473684210526,529,1392,24,35
72814a99e7588eec76e47f65,AD2,fruit_jelly,target_public_development,1,larger,7895,0.002473370927318296,648.3793483709273,50.224761904761905,1164,657,206,99
72814a99e7588eec76e47f65,AD2,fruit_jelly,target_public_development,2,tiny_compact,970,0.0003038847117794486,79.66155388471178,15.494736842105263,522,1216,27,46
72814a99e7588eec76e47f65,AD2,fruit_jelly,target_public_development,3,tiny_compact,687,0.00021522556390977444,56.42009022556391,11.789473684210526,529,1392,24,35
0b7dc967156b20d1fcb47d6d,AD2,fruit_jelly,target_public_development,1,larger,7895,0.002473370927318296,648.3793483709273,50.224761904761905,1164,657,206,99
0b7dc967156b20d1fcb47d6d,AD2,fruit_jelly,target_public_development,2,tiny_compact,970,0.0003038847117794486,79.66155388471178,15.494736842105263,522,1216,27,46
0b7dc967156b20d1fcb47d6d,AD2,fruit_jelly,target_public_development,3,tiny_compact,687,0.00021522556390977444,56.42009022556391,11.789473684210526,529,1392,24,35
cae0061eb2f26601142fe131,AD2,fruit_jelly,target_public_development,1,larger,7895,0.002473370927318296,648.3793483709273,50.224761904761905,1164,657,206,99
cae0061eb2f26601142fe131,AD2,fruit_jelly,target_public_development,2,tiny_compact,970,0.0003038847117794486,79.66155388471178,15.494736842105263,522,1216,27,46
cae0061eb2f26601142fe131,AD2,fruit_jelly,target_public_development,3,tiny_compact,687,0.00021522556390977444,56.42009022556391,11.789473684210526,529,1392,24,35
26023dbc612ab8364949bcaa,AD2,fruit_jelly,target_public_development,1,tiny_compact,293,9.179197994987468e-05,24.06271679197995,9.752380952380953,1067,536,40,13
26023dbc612ab8364949bcaa,AD2,fruit_jelly,target_public_development,2,tiny_compact,105,3.289473684210526e-05,8.623157894736842,4.632380952380952,1033,543,19,7
26023dbc612ab8364949bcaa,AD2,fruit_jelly,target_public_development,3,larger,73210,0.02293546365914787,6012.39418546366,109.81052631578947,895,546,409,326
26023dbc612ab8364949bcaa,AD2,fruit_jelly,target_public_development,4,tiny_compact,214,6.704260651629072e-05,17.574817042606515,8.289523809523809,916,554,34,12
26023dbc612ab8364949bcaa,AD2,fruit_jelly,target_public_development,5,tiny_compact,343,0.0001074561403508772,28.168982456140352,7.314285714285714,972,554,30,15
e1b6940cf29d41e0f32f7835,AD2,fruit_jelly,target_public_development,1,tiny_compact,293,9.179197994987468e-05,24.06271679197995,9.752380952380953,1067,536,40,13
e1b6940cf29d41e0f32f7835,AD2,fruit_jelly,target_public_development,2,tiny_compact,105,3.289473684210526e-05,8.623157894736842,4.632380952380952,1033,543,19,7
e1b6940cf29d41e0f32f7835,AD2,fruit_jelly,target_public_development,3,larger,73210,0.02293546365914787,6012.39418546366,109.81052631578947,895,546,409,326
e1b6940cf29d41e0f32f7835,AD2,fruit_jelly,target_public_development,4,tiny_compact,214,6.704260651629072e-05,17.574817042606515,8.289523809523809,916,554,34,12
e1b6940cf29d41e0f32f7835,AD2,fruit_jelly,target_public_development,5,tiny_compact,343,0.0001074561403508772,28.168982456140352,7.314285714285714,972,554,30,15
e0b2a2cfc9d97a2b650e2059,AD2,fruit_jelly,target_public_development,1,tiny_compact,293,9.179197994987468e-05,24.06271679197995,9.752380952380953,1067,536,40,13
e0b2a2cfc9d97a2b650e2059,AD2,fruit_jelly,target_public_development,2,tiny_compact,105,3.289473684210526e-05,8.623157894736842,4.632380952380952,1033,543,19,7
e0b2a2cfc9d97a2b650e2059,AD2,fruit_jelly,target_public_development,3,larger,73210,0.02293546365914787,6012.39418546366,109.81052631578947,895,546,409,326
e0b2a2cfc9d97a2b650e2059,AD2,fruit_jelly,target_public_development,4,tiny_compact,214,6.704260651629072e-05,17.574817042606515,8.289523809523809,916,554,34,12
e0b2a2cfc9d97a2b650e2059,AD2,fruit_jelly,target_public_development,5,tiny_compact,343,0.0001074561403508772,28.168982456140352,7.314285714285714,972,554,30,15
c4882dbb619582164409c98e,AD2,fruit_jelly,target_public_development,1,tiny_compact,293,9.179197994987468e-05,24.06271679197995,9.752380952380953,1067,536,40,13
c4882dbb619582164409c98e,AD2,fruit_jelly,target_public_development,2,tiny_compact,105,3.289473684210526e-05,8.623157894736842,4.632380952380952,1033,543,19,7
c4882dbb619582164409c98e,AD2,fruit_jelly,target_public_development,3,larger,73210,0.02293546365914787,6012.39418546366,109.81052631578947,895,546,409,326
c4882dbb619582164409c98e,AD2,fruit_jelly,target_public_development,4,tiny_compact,214,6.704260651629072e-05,17.574817042606515,8.289523809523809,916,554,34,12
c4882dbb619582164409c98e,AD2,fruit_jelly,target_public_development,5,tiny_compact,343,0.0001074561403508772,28.168982456140352,7.314285714285714,972,554,30,15
8a2406dc009144510029bc68,AD2,fruit_jelly,target_public_development,1,larger,8814,0.002761278195488722,723.8525112781955,87.04,1126,555,357,51
8a2406dc009144510029bc68,AD2,fruit_jelly,target_public_development,2,larger,68563,0.021479636591478696,5630.757854636591,94.59809523809524,1148,624,388,229
8a2406dc009144510029bc68,AD2,fruit_jelly,target_public_development,3,larger,6996,0.0021917293233082707,574.5486917293233,46.32380952380952,715,692,190,80
e39c6c50244d0c1e4330784d,AD2,fruit_jelly,target_public_development,1,larger,8814,0.002761278195488722,723.8525112781955,87.04,1126,555,357,51
e39c6c50244d0c1e4330784d,AD2,fruit_jelly,target_public_development,2,larger,68563,0.021479636591478696,5630.757854636591,94.59809523809524,1148,624,388,229
e39c6c50244d0c1e4330784d,AD2,fruit_jelly,target_public_development,3,larger,6996,0.0021917293233082707,574.5486917293233,46.32380952380952,715,692,190,80
d898704e597648a563dc532a,AD2,fruit_jelly,target_public_development,1,larger,8814,0.002761278195488722,723.8525112781955,87.04,1126,555,357,51
d898704e597648a563dc532a,AD2,fruit_jelly,target_public_development,2,larger,68563,0.021479636591478696,5630.757854636591,94.59809523809524,1148,624,388,229
d898704e597648a563dc532a,AD2,fruit_jelly,target_public_development,3,larger,6996,0.0021917293233082707,574.5486917293233,46.32380952380952,715,692,190,80
da02b3d3718f7850da0608d2,AD2,fruit_jelly,target_public_development,1,larger,8814,0.002761278195488722,723.8525112781955,87.04,1126,555,357,51
da02b3d3718f7850da0608d2,AD2,fruit_jelly,target_public_development,2,larger,68563,0.021479636591478696,5630.757854636591,94.59809523809524,1148,624,388,229
da02b3d3718f7850da0608d2,AD2,fruit_jelly,target_public_development,3,larger,6996,0.0021917293233082707,574.5486917293233,46.32380952380952,715,692,190,80
a4ad101a7d9fbc2b9700f2b9,AD2,fruit_jelly,target_public_development,1,larger,7485,0.002344924812030075,614.707969924812,59.62105263157895,1018,538,118,177
a4ad101a7d9fbc2b9700f2b9,AD2,fruit_jelly,target_public_development,2,tiny_compact,486,0.00015225563909774436,39.912902255639096,8.421052631578947,1009,749,29,25
9bd6b355820cf2b140b69523,AD2,fruit_jelly,target_public_development,1,larger,7485,0.002344924812030075,614.707969924812,59.62105263157895,1018,538,118,177
9bd6b355820cf2b140b69523,AD2,fruit_jelly,target_public_development,2,tiny_compact,486,0.00015225563909774436,39.912902255639096,8.421052631578947,1009,749,29,25
05ef19bbca6fcbdda59b6cc0,AD2,fruit_jelly,target_public_development,1,larger,7485,0.002344924812030075,614.707969924812,59.62105263157895,1018,538,118,177
05ef19bbca6fcbdda59b6cc0,AD2,fruit_jelly,target_public_development,2,tiny_compact,486,0.00015225563909774436,39.912902255639096,8.421052631578947,1009,749,29,25
2eea30fbc37a2488480908f9,AD2,fruit_jelly,target_public_development,1,larger,7485,0.002344924812030075,614.707969924812,59.62105263157895,1018,538,118,177
2eea30fbc37a2488480908f9,AD2,fruit_jelly,target_public_development,2,tiny_compact,486,0.00015225563909774436,39.912902255639096,8.421052631578947,1009,749,29,25
1ec138e3133583d6b080e595,AD2,fruit_jelly,target_public_development,1,larger,51319,0.016077380952380954,4214.588952380953,109.13684210526316,702,659,272,324
1ec138e3133583d6b080e595,AD2,fruit_jelly,target_public_development,2,tiny_compact,1865,0.0005842731829573934,153.16370927318295,16.842105263157894,1363,701,62,50
65205fef639f7ba85a132dec,AD2,fruit_jelly,target_public_development,1,larger,51319,0.016077380952380954,4214.588952380953,109.13684210526316,702,659,272,324
65205fef639f7ba85a132dec,AD2,fruit_jelly,target_public_development,2,tiny_compact,1865,0.0005842731829573934,153.16370927318295,16.842105263157894,1363,701,62,50
6b7a16128973ce175d8db9f4,AD2,fruit_jelly,target_public_development,1,larger,51319,0.016077380952380954,4214.588952380953,109.13684210526316,702,659,272,324
6b7a16128973ce175d8db9f4,AD2,fruit_jelly,target_public_development,2,tiny_compact,1865,0.0005842731829573934,153.16370927318295,16.842105263157894,1363,701,62,50
a4d00dd1084346d51bcc001d,AD2,fruit_jelly,target_public_development,1,larger,51319,0.016077380952380954,4214.588952380953,109.13684210526316,702,659,272,324
a4d00dd1084346d51bcc001d,AD2,fruit_jelly,target_public_development,2,tiny_compact,1865,0.0005842731829573934,153.16370927318295,16.842105263157894,1363,701,62,50
3b3ef974fa52f1ff136f89e6,AD2,fruit_jelly,target_public_development,1,larger,4132,0.001294486215538847,339.3417944862155,43.885714285714286,1247,1071,180,39
3b3ef974fa52f1ff136f89e6,AD2,fruit_jelly,target_public_development,2,larger,3945,0.0012359022556390977,323.9843609022556,30.652631578947368,832,1279,63,91
3b3ef974fa52f1ff136f89e6,AD2,fruit_jelly,target_public_development,3,tiny_compact,191,5.9837092731829577e-05,15.685934837092733,8.289523809523809,842,1381,34,7
3b3ef974fa52f1ff136f89e6,AD2,fruit_jelly,target_public_development,4,tiny_compact,2583,0.0008092105263157894,212.1296842105263,21.894736842105264,834,1392,62,65
3b3ef974fa52f1ff136f89e6,AD2,fruit_jelly,target_public_development,5,tiny_compact,1786,0.0005595238095238096,146.67580952380953,15.494736842105263,836,1461,57,46
bde87b0edf0fa7b55b0b3499,AD2,fruit_jelly,target_public_development,1,larger,4132,0.001294486215538847,339.3417944862155,43.885714285714286,1247,1071,180,39
bde87b0edf0fa7b55b0b3499,AD2,fruit_jelly,target_public_development,2,larger,3945,0.0012359022556390977,323.9843609022556,30.652631578947368,832,1279,63,91
bde87b0edf0fa7b55b0b3499,AD2,fruit_jelly,target_public_development,3,tiny_compact,191,5.9837092731829577e-05,15.685934837092733,8.289523809523809,842,1381,34,7
bde87b0edf0fa7b55b0b3499,AD2,fruit_jelly,target_public_development,4,tiny_compact,2583,0.0008092105263157894,212.1296842105263,21.894736842105264,834,1392,62,65
bde87b0edf0fa7b55b0b3499,AD2,fruit_jelly,target_public_development,5,tiny_compact,1786,0.0005595238095238096,146.67580952380953,15.494736842105263,836,1461,57,46
3fdf16088d0b7dd2ffdcdfd6,AD2,fruit_jelly,target_public_development,1,larger,4132,0.001294486215538847,339.3417944862155,43.885714285714286,1247,1071,180,39
3fdf16088d0b7dd2ffdcdfd6,AD2,fruit_jelly,target_public_development,2,larger,3945,0.0012359022556390977,323.9843609022556,30.652631578947368,832,1279,63,91
3fdf16088d0b7dd2ffdcdfd6,AD2,fruit_jelly,target_public_development,3,tiny_compact,191,5.9837092731829577e-05,15.685934837092733,8.289523809523809,842,1381,34,7
3fdf16088d0b7dd2ffdcdfd6,AD2,fruit_jelly,target_public_development,4,tiny_compact,2583,0.0008092105263157894,212.1296842105263,21.894736842105264,834,1392,62,65
3fdf16088d0b7dd2ffdcdfd6,AD2,fruit_jelly,target_public_development,5,tiny_compact,1786,0.0005595238095238096,146.67580952380953,15.494736842105263,836,1461,57,46
cd8e6887b273724f4051ed54,AD2,fruit_jelly,target_public_development,1,larger,4132,0.001294486215538847,339.3417944862155,43.885714285714286,1247,1071,180,39
cd8e6887b273724f4051ed54,AD2,fruit_jelly,target_public_development,2,larger,3945,0.0012359022556390977,323.9843609022556,30.652631578947368,832,1279,63,91
cd8e6887b273724f4051ed54,AD2,fruit_jelly,target_public_development,3,tiny_compact,191,5.9837092731829577e-05,15.685934837092733,8.289523809523809,842,1381,34,7
cd8e6887b273724f4051ed54,AD2,fruit_jelly,target_public_development,4,tiny_compact,2583,0.0008092105263157894,212.1296842105263,21.894736842105264,834,1392,62,65
cd8e6887b273724f4051ed54,AD2,fruit_jelly,target_public_development,5,tiny_compact,1786,0.0005595238095238096,146.67580952380953,15.494736842105263,836,1461,57,46
e2bb091a1182285e40b22275,AD2,rice,target_public_development,1,tiny_compact,3503,0.0006987129161560458,183.16339869281046,17.5,694,219,83,70
0fa537123ef135e9432f5e50,AD2,rice,target_public_development,1,tiny_compact,3503,0.0006987129161560458,183.16339869281046,17.5,694,219,83,70
764d6c2fe2193e39fc200397,AD2,rice,target_public_development,1,tiny_compact,3503,0.0006987129161560458,183.16339869281046,17.5,694,219,83,70
4ef4f5fe1733321f4dfada3d,AD2,rice,target_public_development,1,tiny_compact,3503,0.0006987129161560458,183.16339869281046,17.5,694,219,83,70
ee9eb917d089a072ff3cc193,AD2,rice,target_public_development,1,tiny_compact,3503,0.0006987129161560458,183.16339869281046,17.5,694,219,83,70
f178327019adbd8eb26753e7,AD2,rice,target_public_development,1,tiny_compact,3503,0.0006987129161560458,183.16339869281046,17.5,694,219,83,70
0a24a8dc4bd5127b6e1e02cc,AD2,rice,target_public_development,1,tiny_compact,3175,0.0006332896114174837,166.01307189542484,20.0,130,916,65,80
a29b89bcce2d4f4fd1d3b037,AD2,rice,target_public_development,1,tiny_compact,3175,0.0006332896114174837,166.01307189542484,20.0,130,916,65,80
3e51672dd82b6a6f5cf614de,AD2,rice,target_public_development,1,tiny_compact,3175,0.0006332896114174837,166.01307189542484,20.0,130,916,65,80
1f0ba0b2634a160c2a9f22ff,AD2,rice,target_public_development,1,tiny_compact,3175,0.0006332896114174837,166.01307189542484,20.0,130,916,65,80
80a3db14d7ac65c5827d1432,AD2,rice,target_public_development,1,tiny_compact,3175,0.0006332896114174837,166.01307189542484,20.0,130,916,65,80
1d3ceee7010c7c92f062ffc0,AD2,rice,target_public_development,1,tiny_compact,3175,0.0006332896114174837,166.01307189542484,20.0,130,916,65,80
aa5b7d505cfe2fc0e3630c58,AD2,rice,target_public_development,1,larger,48390,0.009651932061887254,2530.1960784313724,90.0,0,485,320,360
2d9d279a94d89dc431903564,AD2,rice,target_public_development,1,larger,48390,0.009651932061887254,2530.1960784313724,90.0,0,485,320,360
9848b5adef05ea204d3b9468,AD2,rice,target_public_development,1,larger,48390,0.009651932061887254,2530.1960784313724,90.0,0,485,320,360
6d026a0260b62c94affb5a3b,AD2,rice,target_public_development,1,larger,48429,0.009659711052389705,2532.235294117647,90.0,0,485,320,360
bb558f618b6bea69e676de49,AD2,rice,target_public_development,1,larger,48429,0.009659711052389705,2532.235294117647,90.0,0,485,320,360
98adaa3bf343ea9fadd56624,AD2,rice,target_public_development,1,larger,48390,0.009651932061887254,2530.1960784313724,90.0,0,485,320,360
c09c723a93c1bb812cb5c809,AD2,rice,target_public_development,1,larger,7878,0.001571356081495098,411.921568627451,29.75,277,0,95,119
89537e765eeb60a79dc3a0da,AD2,rice,target_public_development,1,larger,7878,0.001571356081495098,411.921568627451,29.75,277,0,95,119
379d443e5e4300772efaf146,AD2,rice,target_public_development,1,larger,7878,0.001571356081495098,411.921568627451,29.75,277,0,95,119
69be256a051cee114a75fb0f,AD2,rice,target_public_development,1,larger,7878,0.001571356081495098,411.921568627451,29.75,277,0,95,119
6536bd83163fb8d8b5bf8411,AD2,rice,target_public_development,1,larger,7878,0.001571356081495098,411.921568627451,29.75,277,0,95,119
a290b160fb702e5c4a77d57c,AD2,rice,target_public_development,1,larger,7878,0.001571356081495098,411.921568627451,29.75,277,0,95,119
141b6ed2c1d4d5f77f1f1e36,AD2,rice,target_public_development,1,tiny_compact,4259,0.000849505655126634,222.69281045751634,18.25,1266,266,74,73
873a24e9df7e8920abf33cdf,AD2,rice,target_public_development,1,tiny_compact,4259,0.000849505655126634,222.69281045751634,18.25,1266,266,74,73
c5f63ec619882e40eba5243e,AD2,rice,target_public_development,1,tiny_compact,4259,0.000849505655126634,222.69281045751634,18.25,1266,266,74,73
ef8062447dbfcfb3d45280f3,AD2,rice,target_public_development,1,tiny_compact,4259,0.000849505655126634,222.69281045751634,18.25,1266,266,74,73
d1a3e96765283361040444e1,AD2,rice,target_public_development,1,tiny_compact,4259,0.000849505655126634,222.69281045751634,18.25,1266,266,74,73
c3e47c02c1e0731e7aefeacf,AD2,rice,target_public_development,1,tiny_compact,4259,0.000849505655126634,222.69281045751634,18.25,1266,266,74,73
2a726e499b4858dd56201d05,AD2,rice,target_public_development,1,larger,5336,0.0010643254697712417,279.0065359477124,27.0,992,1545,68,108
94c119ebcdf4911921229edc,AD2,rice,target_public_development,1,larger,5336,0.0010643254697712417,279.0065359477124,27.0,992,1545,68,108
effb8441e7e0e9b7a51d6482,AD2,rice,target_public_development,1,larger,5336,0.0010643254697712417,279.0065359477124,27.0,992,1545,68,108
e22e9eb06ed74cb3f651e497,AD2,rice,target_public_development,1,larger,5336,0.0010643254697712417,279.0065359477124,27.0,992,1545,68,108
c065a13a639a727351402c99,AD2,rice,target_public_development,1,larger,5336,0.0010643254697712417,279.0065359477124,27.0,992,1545,68,108
906663b15edbed173ea5d313,AD2,rice,target_public_development,1,larger,5336,0.0010643254697712417,279.0065359477124,27.0,992,1545,68,108
892786f0653a661612f05ab8,AD2,rice,target_public_development,1,larger,67490,0.013461642795138888,3528.8888888888887,157.25,196,198,299,629
839702258283a97217599e53,AD2,rice,target_public_development,1,larger,67490,0.013461642795138888,3528.8888888888887,157.25,196,198,299,629
c2f2aa0868ecc3cf447b3f42,AD2,rice,target_public_development,1,larger,67490,0.013461642795138888,3528.8888888888887,157.25,196,198,299,629
3863bcb2d601125009f0fe60,AD2,rice,target_public_development,1,larger,67490,0.013461642795138888,3528.8888888888887,157.25,196,198,299,629
1843a2a2e0e68649114f8bb6,AD2,rice,target_public_development,1,larger,67490,0.013461642795138888,3528.8888888888887,157.25,196,198,299,629
1d6008652811d3ec0a35e30c,AD2,rice,target_public_development,1,larger,67490,0.013461642795138888,3528.8888888888887,157.25,196,198,299,629
325fc47b94a79b6f4750e846,AD2,rice,target_public_development,1,tiny_compact,488,9.733711192810458e-05,25.516339869281047,20.0,555,847,42,80
325fc47b94a79b6f4750e846,AD2,rice,target_public_development,2,tiny_compact,344,6.861468545751634e-05,17.986928104575163,14.25,816,867,55,57
325fc47b94a79b6f4750e846,AD2,rice,target_public_development,3,tiny_compact,63,1.2566061580882352e-05,3.2941176470588234,3.5555555555555554,631,935,17,5
325fc47b94a79b6f4750e846,AD2,rice,target_public_development,4,larger,5885,0.0011738297206903595,307.7124183006536,44.0,1520,1054,43,176
4549796f605c3e7a38d7b9d7,AD2,rice,target_public_development,1,tiny_compact,488,9.733711192810458e-05,25.516339869281047,20.0,555,847,42,80
4549796f605c3e7a38d7b9d7,AD2,rice,target_public_development,2,tiny_compact,344,6.861468545751634e-05,17.986928104575163,14.25,816,867,55,57
4549796f605c3e7a38d7b9d7,AD2,rice,target_public_development,3,tiny_compact,63,1.2566061580882352e-05,3.2941176470588234,3.5555555555555554,631,935,17,5
4549796f605c3e7a38d7b9d7,AD2,rice,target_public_development,4,larger,5885,0.0011738297206903595,307.7124183006536,44.0,1520,1054,43,176
4a1343534f88482e2ccb0363,AD2,rice,target_public_development,1,tiny_compact,488,9.733711192810458e-05,25.516339869281047,20.0,555,847,42,80
4a1343534f88482e2ccb0363,AD2,rice,target_public_development,2,tiny_compact,344,6.861468545751634e-05,17.986928104575163,14.25,816,867,55,57
4a1343534f88482e2ccb0363,AD2,rice,target_public_development,3,tiny_compact,63,1.2566061580882352e-05,3.2941176470588234,3.5555555555555554,631,935,17,5
4a1343534f88482e2ccb0363,AD2,rice,target_public_development,4,larger,5885,0.0011738297206903595,307.7124183006536,44.0,1520,1054,43,176
6c9098bf8a23f4cce816ed2d,AD2,rice,target_public_development,1,tiny_compact,488,9.733711192810458e-05,25.516339869281047,20.0,555,847,42,80
6c9098bf8a23f4cce816ed2d,AD2,rice,target_public_development,2,tiny_compact,344,6.861468545751634e-05,17.986928104575163,14.25,816,867,55,57
6c9098bf8a23f4cce816ed2d,AD2,rice,target_public_development,3,tiny_compact,63,1.2566061580882352e-05,3.2941176470588234,3.5555555555555554,631,935,17,5
6c9098bf8a23f4cce816ed2d,AD2,rice,target_public_development,4,larger,5885,0.0011738297206903595,307.7124183006536,44.0,1520,1054,43,176
e22f9e1a45d4227868087253,AD2,rice,target_public_development,1,tiny_compact,488,9.733711192810458e-05,25.516339869281047,20.0,555,847,42,80
e22f9e1a45d4227868087253,AD2,rice,target_public_development,2,tiny_compact,344,6.861468545751634e-05,17.986928104575163,14.25,816,867,55,57
e22f9e1a45d4227868087253,AD2,rice,target_public_development,3,tiny_compact,63,1.2566061580882352e-05,3.2941176470588234,3.5555555555555554,631,935,17,5
e22f9e1a45d4227868087253,AD2,rice,target_public_development,4,larger,5885,0.0011738297206903595,307.7124183006536,44.0,1520,1054,43,176
85adbffcad787b04c55a7f07,AD2,rice,target_public_development,1,tiny_compact,488,9.733711192810458e-05,25.516339869281047,20.0,555,847,42,80
85adbffcad787b04c55a7f07,AD2,rice,target_public_development,2,tiny_compact,344,6.861468545751634e-05,17.986928104575163,14.25,816,867,55,57
85adbffcad787b04c55a7f07,AD2,rice,target_public_development,3,tiny_compact,63,1.2566061580882352e-05,3.2941176470588234,3.5555555555555554,631,935,17,5
85adbffcad787b04c55a7f07,AD2,rice,target_public_development,4,larger,5885,0.0011738297206903595,307.7124183006536,44.0,1520,1054,43,176
d7b8047f9a91a43e15d1cd95,AD2,rice,target_public_development,1,larger,5065,0.0010102714588439542,264.83660130718954,22.25,1333,206,77,89
887cd343415d366e444dfd9c,AD2,rice,target_public_development,1,larger,5065,0.0010102714588439542,264.83660130718954,22.25,1333,206,77,89
1bbc7efc9bfd136dc0556769,AD2,rice,target_public_development,1,larger,5065,0.0010102714588439542,264.83660130718954,22.25,1333,206,77,89
a0d1dff7c1f9efa7ddf73fa9,AD2,rice,target_public_development,1,larger,5065,0.0010102714588439542,264.83660130718954,22.25,1333,206,77,89
fdf8657800738c1e73c268ea,AD2,rice,target_public_development,1,larger,5065,0.0010102714588439542,264.83660130718954,22.25,1333,206,77,89
225880f1421e161edae68930,AD2,rice,target_public_development,1,larger,5065,0.0010102714588439542,264.83660130718954,22.25,1333,206,77,89
dab9c6d1c74c29b051738734,AD2,rice,target_public_development,1,tiny_compact,2572,0.0005130144505718954,134.48366013071896,15.5,1125,902,59,62
f5c845fa664d1ee00f1d66fe,AD2,rice,target_public_development,1,tiny_compact,2572,0.0005130144505718954,134.48366013071896,15.5,1125,902,59,62
fd41a32df1067149c9bc9c6f,AD2,rice,target_public_development,1,tiny_compact,2572,0.0005130144505718954,134.48366013071896,15.5,1125,902,59,62
710455d7390d989d6c67f3ce,AD2,rice,target_public_development,1,tiny_compact,2572,0.0005130144505718954,134.48366013071896,15.5,1125,902,59,62
b9c672e829ef33374692326c,AD2,rice,target_public_development,1,tiny_compact,2572,0.0005130144505718954,134.48366013071896,15.5,1125,902,59,62
ddcc3b44f3f19fd6a9f6564a,AD2,rice,target_public_development,1,tiny_compact,2572,0.0005130144505718954,134.48366013071896,15.5,1125,902,59,62
1fa05fa0f8bff11f88b54ae5,AD2,rice,target_public_development,1,larger,5663,0.0011295493132148693,296.1045751633987,21.96078431372549,1050,1198,105,77
fee2ddb5019fbd74e6b8afcc,AD2,rice,target_public_development,1,larger,5663,0.0011295493132148693,296.1045751633987,21.96078431372549,1050,1198,105,77
fae360e1041f28098fd80f20,AD2,rice,target_public_development,1,larger,5663,0.0011295493132148693,296.1045751633987,21.96078431372549,1050,1198,105,77
b985e76c62d1295c4c8364b3,AD2,rice,target_public_development,1,larger,5663,0.0011295493132148693,296.1045751633987,21.96078431372549,1050,1198,105,77
12fdce8aec72b963eaf48638,AD2,rice,target_public_development,1,larger,5663,0.0011295493132148693,296.1045751633987,21.96078431372549,1050,1198,105,77
683b7bf0337680066313bcc1,AD2,rice,target_public_development,1,larger,5663,0.0011295493132148693,296.1045751633987,21.96078431372549,1050,1198,105,77
69a4773c81bbd796b915a8d7,AD2,rice,target_public_development,1,larger,5861,0.0011690426496119282,306.4575163398693,21.25,1885,1754,96,85
be110f4ac725e554bc6f49eb,AD2,rice,target_public_development,1,larger,5861,0.0011690426496119282,306.4575163398693,21.25,1885,1754,96,85
cf4e62923d9953d9b9586831,AD2,rice,target_public_development,1,larger,5861,0.0011690426496119282,306.4575163398693,21.25,1885,1754,96,85
f4f1bbb6e4532c714597cc96,AD2,rice,target_public_development,1,larger,5861,0.0011690426496119282,306.4575163398693,21.25,1885,1754,96,85
85d639d4a9e625206a335b4f,AD2,rice,target_public_development,1,larger,5861,0.0011690426496119282,306.4575163398693,21.25,1885,1754,96,85
8bc5049f14a02160990cf856,AD2,rice,target_public_development,1,larger,5861,0.0011690426496119282,306.4575163398693,21.25,1885,1754,96,85
4535ea5b20a980d8c2bb4cea,AD2,rice,target_public_development,1,larger,11100,0.0022140203737745097,580.3921568627451,42.0,268,502,195,168
4535ea5b20a980d8c2bb4cea,AD2,rice,target_public_development,2,larger,8197,0.0016349842345792483,428.60130718954247,48.75,180,620,94,195
4535ea5b20a980d8c2bb4cea,AD2,rice,target_public_development,3,tiny_compact,1037,0.00020684136284722222,54.22222222222222,13.0,1540,1338,55,52
50713db27badbda8b7c50ba6,AD2,rice,target_public_development,1,larger,11100,0.0022140203737745097,580.3921568627451,42.0,268,502,195,168
50713db27badbda8b7c50ba6,AD2,rice,target_public_development,2,larger,8197,0.0016349842345792483,428.60130718954247,48.75,180,620,94,195
50713db27badbda8b7c50ba6,AD2,rice,target_public_development,3,tiny_compact,1037,0.00020684136284722222,54.22222222222222,13.0,1540,1338,55,52
3e89e9de894471f3a8909189,AD2,rice,target_public_development,1,larger,11100,0.0022140203737745097,580.3921568627451,42.0,268,502,195,168
3e89e9de894471f3a8909189,AD2,rice,target_public_development,2,larger,8197,0.0016349842345792483,428.60130718954247,48.75,180,620,94,195
3e89e9de894471f3a8909189,AD2,rice,target_public_development,3,tiny_compact,1037,0.00020684136284722222,54.22222222222222,13.0,1540,1338,55,52
c120dc31932d1db26c869f8b,AD2,rice,target_public_development,1,larger,11100,0.0022140203737745097,580.3921568627451,42.0,268,502,195,168
c120dc31932d1db26c869f8b,AD2,rice,target_public_development,2,larger,8197,0.0016349842345792483,428.60130718954247,48.75,180,620,94,195
c120dc31932d1db26c869f8b,AD2,rice,target_public_development,3,tiny_compact,1037,0.00020684136284722222,54.22222222222222,13.0,1540,1338,55,52
787513953468b2caa73f4cf5,AD2,rice,target_public_development,1,larger,11100,0.0022140203737745097,580.3921568627451,42.0,268,502,195,168
787513953468b2caa73f4cf5,AD2,rice,target_public_development,2,larger,8197,0.0016349842345792483,428.60130718954247,48.75,180,620,94,195
787513953468b2caa73f4cf5,AD2,rice,target_public_development,3,tiny_compact,1037,0.00020684136284722222,54.22222222222222,13.0,1540,1338,55,52
0167f75c00c0a8c10122be46,AD2,rice,target_public_development,1,larger,11100,0.0022140203737745097,580.3921568627451,42.0,268,502,195,168
0167f75c00c0a8c10122be46,AD2,rice,target_public_development,2,larger,8197,0.0016349842345792483,428.60130718954247,48.75,180,620,94,195
0167f75c00c0a8c10122be46,AD2,rice,target_public_development,3,tiny_compact,1037,0.00020684136284722222,54.22222222222222,13.0,1540,1338,55,52
f7b4d6d1d2772d4e55b69743,AD2,rice,target_public_development,1,tiny_compact,2351,0.0004689335043913399,122.9281045751634,14.5,1952,868,60,58
73e0a938b086d90a5f450b0e,AD2,rice,target_public_development,1,tiny_compact,2351,0.0004689335043913399,122.9281045751634,14.5,1952,868,60,58
9fe44019cf8211f26bfcade9,AD2,rice,target_public_development,1,tiny_compact,2351,0.0004689335043913399,122.9281045751634,14.5,1952,868,60,58
57fde65ed2c46b0e70bfaa99,AD2,rice,target_public_development,1,tiny_compact,2351,0.0004689335043913399,122.9281045751634,14.5,1952,868,60,58
195449961a2870432a9a9071,AD2,rice,target_public_development,1,tiny_compact,2351,0.0004689335043913399,122.9281045751634,14.5,1952,868,60,58
b689c9052bb2a45439574697,AD2,rice,target_public_development,1,tiny_compact,2351,0.0004689335043913399,122.9281045751634,14.5,1952,868,60,58
4b9ceb437bb93b62df091edf,AD2,rice,target_public_development,1,larger,8477,0.0016908333971609477,443.24183006535947,31.790849673202615,914,462,152,79
87c4657b28609a2d4862dade,AD2,rice,target_public_development,1,larger,8477,0.0016908333971609477,443.24183006535947,31.790849673202615,914,462,152,79
183c91571974abd5089cb0fb,AD2,rice,target_public_development,1,larger,8477,0.0016908333971609477,443.24183006535947,31.790849673202615,914,462,152,79
0141be9941039062f4ca31e3,AD2,rice,target_public_development,1,larger,8477,0.0016908333971609477,443.24183006535947,31.790849673202615,914,462,152,79
6efc9530ca5b929e2cf13d19,AD2,rice,target_public_development,1,larger,8477,0.0016908333971609477,443.24183006535947,31.790849673202615,914,462,152,79
1e6d3947b981d3e9adcfc26e,AD2,rice,target_public_development,1,larger,8477,0.0016908333971609477,443.24183006535947,31.790849673202615,914,462,152,79
c047c0d640497d025939479a,AD2,sheet_metal,target_public_development,1,thin_or_extended_small_area,3922,0.0008792649506427915,230.49403122130394,52.36363636363637,337,11,57,108
c047c0d640497d025939479a,AD2,sheet_metal,target_public_development,2,thin_or_extended_small_area,1998,0.00044792742768595044,117.42148760330579,39.27272727272727,1762,572,324,57
c047c0d640497d025939479a,AD2,sheet_metal,target_public_development,3,thin_or_extended_small_area,861,0.00019302578340220386,50.60055096418733,110.06060606060606,3085,753,38,227
c047c0d640497d025939479a,AD2,sheet_metal,target_public_development,4,thin_or_extended_small_area,1569,0.00035175081783746557,92.20936639118457,77.57575757575758,3169,896,142,160
c047c0d640497d025939479a,AD2,sheet_metal,target_public_development,5,thin_or_extended_small_area,2991,0.0006705460141184573,175.77961432506888,70.3030303030303,3264,911,117,145
c047c0d640497d025939479a,AD2,sheet_metal,target_public_development,6,thin_or_extended_small_area,329,7.375781967401286e-05,19.335169880624427,34.42424242424242,3121,985,51,71
90bc84f93fc361efbb774515,AD2,sheet_metal,target_public_development,1,thin_or_extended_small_area,3922,0.0008792649506427915,230.49403122130394,52.36363636363637,337,11,57,108
90bc84f93fc361efbb774515,AD2,sheet_metal,target_public_development,2,thin_or_extended_small_area,1998,0.00044792742768595044,117.42148760330579,39.27272727272727,1762,572,324,57
90bc84f93fc361efbb774515,AD2,sheet_metal,target_public_development,3,thin_or_extended_small_area,861,0.00019302578340220386,50.60055096418733,110.06060606060606,3085,753,38,227
90bc84f93fc361efbb774515,AD2,sheet_metal,target_public_development,4,thin_or_extended_small_area,1569,0.00035175081783746557,92.20936639118457,77.57575757575758,3169,896,142,160
90bc84f93fc361efbb774515,AD2,sheet_metal,target_public_development,5,thin_or_extended_small_area,2991,0.0006705460141184573,175.77961432506888,70.3030303030303,3264,911,117,145
90bc84f93fc361efbb774515,AD2,sheet_metal,target_public_development,6,thin_or_extended_small_area,329,7.375781967401286e-05,19.335169880624427,34.42424242424242,3121,985,51,71
048fea4848bd131ef51695b0,AD2,sheet_metal,target_public_development,1,thin_or_extended_small_area,3922,0.0008792649506427915,230.49403122130394,52.36363636363637,337,11,57,108
048fea4848bd131ef51695b0,AD2,sheet_metal,target_public_development,2,thin_or_extended_small_area,1998,0.00044792742768595044,117.42148760330579,39.27272727272727,1762,572,324,57
048fea4848bd131ef51695b0,AD2,sheet_metal,target_public_development,3,thin_or_extended_small_area,861,0.00019302578340220386,50.60055096418733,110.06060606060606,3085,753,38,227
048fea4848bd131ef51695b0,AD2,sheet_metal,target_public_development,4,thin_or_extended_small_area,1569,0.00035175081783746557,92.20936639118457,77.57575757575758,3169,896,142,160
048fea4848bd131ef51695b0,AD2,sheet_metal,target_public_development,5,thin_or_extended_small_area,2991,0.0006705460141184573,175.77961432506888,70.3030303030303,3264,911,117,145
048fea4848bd131ef51695b0,AD2,sheet_metal,target_public_development,6,thin_or_extended_small_area,329,7.375781967401286e-05,19.335169880624427,34.42424242424242,3121,985,51,71
7b57165b0c1cfd96c17cfe5b,AD2,sheet_metal,target_public_development,1,thin_or_extended_small_area,3922,0.0008792649506427915,230.49403122130394,52.36363636363637,337,11,57,108
7b57165b0c1cfd96c17cfe5b,AD2,sheet_metal,target_public_development,2,thin_or_extended_small_area,1998,0.00044792742768595044,117.42148760330579,39.27272727272727,1762,572,324,57
7b57165b0c1cfd96c17cfe5b,AD2,sheet_metal,target_public_development,3,thin_or_extended_small_area,861,0.00019302578340220386,50.60055096418733,110.06060606060606,3085,753,38,227
7b57165b0c1cfd96c17cfe5b,AD2,sheet_metal,target_public_development,4,thin_or_extended_small_area,1569,0.00035175081783746557,92.20936639118457,77.57575757575758,3169,896,142,160
7b57165b0c1cfd96c17cfe5b,AD2,sheet_metal,target_public_development,5,thin_or_extended_small_area,2991,0.0006705460141184573,175.77961432506888,70.3030303030303,3264,911,117,145
7b57165b0c1cfd96c17cfe5b,AD2,sheet_metal,target_public_development,6,thin_or_extended_small_area,329,7.375781967401286e-05,19.335169880624427,34.42424242424242,3121,985,51,71
9509339882e393692c73f91d,AD2,sheet_metal,target_public_development,1,thin_or_extended_small_area,3922,0.0008792649506427915,230.49403122130394,52.36363636363637,337,11,57,108
9509339882e393692c73f91d,AD2,sheet_metal,target_public_development,2,thin_or_extended_small_area,1998,0.00044792742768595044,117.42148760330579,39.27272727272727,1762,572,324,57
9509339882e393692c73f91d,AD2,sheet_metal,target_public_development,3,thin_or_extended_small_area,861,0.00019302578340220386,50.60055096418733,110.06060606060606,3085,753,38,227
9509339882e393692c73f91d,AD2,sheet_metal,target_public_development,4,thin_or_extended_small_area,1569,0.00035175081783746557,92.20936639118457,77.57575757575758,3169,896,142,160
9509339882e393692c73f91d,AD2,sheet_metal,target_public_development,5,thin_or_extended_small_area,2991,0.0006705460141184573,175.77961432506888,70.3030303030303,3264,911,117,145
9509339882e393692c73f91d,AD2,sheet_metal,target_public_development,6,thin_or_extended_small_area,329,7.375781967401286e-05,19.335169880624427,34.42424242424242,3121,985,51,71
4b40ddcb505fc90bc899d7ac,AD2,sheet_metal,target_public_development,1,thin_or_extended_small_area,3922,0.0008792649506427915,230.49403122130394,52.36363636363637,337,11,57,108
4b40ddcb505fc90bc899d7ac,AD2,sheet_metal,target_public_development,2,thin_or_extended_small_area,1998,0.00044792742768595044,117.42148760330579,39.27272727272727,1762,572,324,57
4b40ddcb505fc90bc899d7ac,AD2,sheet_metal,target_public_development,3,thin_or_extended_small_area,861,0.00019302578340220386,50.60055096418733,110.06060606060606,3085,753,38,227
4b40ddcb505fc90bc899d7ac,AD2,sheet_metal,target_public_development,4,thin_or_extended_small_area,1569,0.00035175081783746557,92.20936639118457,77.57575757575758,3169,896,142,160
4b40ddcb505fc90bc899d7ac,AD2,sheet_metal,target_public_development,5,thin_or_extended_small_area,2991,0.0006705460141184573,175.77961432506888,70.3030303030303,3264,911,117,145
4b40ddcb505fc90bc899d7ac,AD2,sheet_metal,target_public_development,6,thin_or_extended_small_area,329,7.375781967401286e-05,19.335169880624427,34.42424242424242,3121,985,51,71
2a9caad55750b3a831e3c6b1,AD2,sheet_metal,target_public_development,1,larger,16400,0.003676681588613407,963.820018365473,512.0,1103,0,32,1056
2a9caad55750b3a831e3c6b1,AD2,sheet_metal,target_public_development,2,thin_or_extended_small_area,2894,0.0006487997876492194,170.07897153351698,33.45454545454545,3858,416,69,69
e20ac1a68607362b8fd9f6c6,AD2,sheet_metal,target_public_development,1,larger,16400,0.003676681588613407,963.820018365473,512.0,1103,0,32,1056
e20ac1a68607362b8fd9f6c6,AD2,sheet_metal,target_public_development,2,thin_or_extended_small_area,2894,0.0006487997876492194,170.07897153351698,33.45454545454545,3858,416,69,69
c886eea4d7da673c5a3bf205,AD2,sheet_metal,target_public_development,1,larger,16400,0.003676681588613407,963.820018365473,512.0,1103,0,32,1056
c886eea4d7da673c5a3bf205,AD2,sheet_metal,target_public_development,2,thin_or_extended_small_area,2894,0.0006487997876492194,170.07897153351698,33.45454545454545,3858,416,69,69
e6853996cd56e9dc7788260e,AD2,sheet_metal,target_public_development,1,larger,16400,0.003676681588613407,963.820018365473,512.0,1103,0,32,1056
e6853996cd56e9dc7788260e,AD2,sheet_metal,target_public_development,2,thin_or_extended_small_area,2894,0.0006487997876492194,170.07897153351698,33.45454545454545,3858,416,69,69
ae6a5521ae84bc1178464a15,AD2,sheet_metal,target_public_development,1,larger,16400,0.003676681588613407,963.820018365473,512.0,1103,0,32,1056
ae6a5521ae84bc1178464a15,AD2,sheet_metal,target_public_development,2,thin_or_extended_small_area,2894,0.0006487997876492194,170.07897153351698,33.45454545454545,3858,416,69,69
edc64a739db7b397d837e7ed,AD2,sheet_metal,target_public_development,1,larger,16400,0.003676681588613407,963.820018365473,512.0,1103,0,32,1056
edc64a739db7b397d837e7ed,AD2,sheet_metal,target_public_development,2,thin_or_extended_small_area,2894,0.0006487997876492194,170.07897153351698,33.45454545454545,3858,416,69,69
68b90c56100cd535e2597e81,AD2,sheet_metal,target_public_development,1,tiny_compact,1183,0.00026521428776400365,69.52433425160697,15.030303030303031,372,160,63,31
68b90c56100cd535e2597e81,AD2,sheet_metal,target_public_development,2,thin_or_extended_small_area,2829,0.0006342275740358127,166.2589531680441,32.484848484848484,463,181,105,67
68b90c56100cd535e2597e81,AD2,sheet_metal,target_public_development,3,tiny_compact,1426,0.00031969194788797063,83.80532598714417,30.060606060606062,3128,371,59,62
68b90c56100cd535e2597e81,AD2,sheet_metal,target_public_development,4,tiny_compact,628,0.0001407900022956841,36.907254361799815,18.90909090909091,1816,424,135,39
68b90c56100cd535e2597e81,AD2,sheet_metal,target_public_development,5,thin_or_extended_small_area,330,7.398200757575758e-05,19.393939393939394,39.75757575757576,1760,475,40,82
68b90c56100cd535e2597e81,AD2,sheet_metal,target_public_development,6,tiny_compact,1192,0.0002672319788797062,70.0532598714417,22.78787878787879,3245,511,41,47
68b90c56100cd535e2597e81,AD2,sheet_metal,target_public_development,7,thin_or_extended_small_area,876,0.00019638860192837466,51.48209366391185,82.42424242424242,1631,599,111,170
68b90c56100cd535e2597e81,AD2,sheet_metal,target_public_development,8,thin_or_extended_small_area,3528,0.0007909349173553719,207.3388429752066,58.666666666666664,3311,606,84,121
68b90c56100cd535e2597e81,AD2,sheet_metal,target_public_development,9,thin_or_extended_small_area,558,0.0001250968491735537,32.79338842975206,51.878787878787875,1539,768,90,107
2fb30a4e68e030ecee938822,AD2,sheet_metal,target_public_development,1,tiny_compact,1183,0.00026521428776400365,69.52433425160697,15.030303030303031,372,160,63,31
2fb30a4e68e030ecee938822,AD2,sheet_metal,target_public_development,2,thin_or_extended_small_area,2829,0.0006342275740358127,166.2589531680441,32.484848484848484,463,181,105,67
2fb30a4e68e030ecee938822,AD2,sheet_metal,target_public_development,3,tiny_compact,1426,0.00031969194788797063,83.80532598714417,30.060606060606062,3128,371,59,62
2fb30a4e68e030ecee938822,AD2,sheet_metal,target_public_development,4,tiny_compact,628,0.0001407900022956841,36.907254361799815,18.90909090909091,1816,424,135,39
2fb30a4e68e030ecee938822,AD2,sheet_metal,target_public_development,5,thin_or_extended_small_area,330,7.398200757575758e-05,19.393939393939394,39.75757575757576,1760,475,40,82
2fb30a4e68e030ecee938822,AD2,sheet_metal,target_public_development,6,tiny_compact,1192,0.0002672319788797062,70.0532598714417,22.78787878787879,3245,511,41,47
2fb30a4e68e030ecee938822,AD2,sheet_metal,target_public_development,7,thin_or_extended_small_area,876,0.00019638860192837466,51.48209366391185,82.42424242424242,1631,599,111,170
2fb30a4e68e030ecee938822,AD2,sheet_metal,target_public_development,8,thin_or_extended_small_area,3528,0.0007909349173553719,207.3388429752066,58.666666666666664,3311,606,84,121
2fb30a4e68e030ecee938822,AD2,sheet_metal,target_public_development,9,thin_or_extended_small_area,558,0.0001250968491735537,32.79338842975206,51.878787878787875,1539,768,90,107
eabb63072fa6ebe30133e8a0,AD2,sheet_metal,target_public_development,1,tiny_compact,1183,0.00026521428776400365,69.52433425160697,15.030303030303031,372,160,63,31
eabb63072fa6ebe30133e8a0,AD2,sheet_metal,target_public_development,2,thin_or_extended_small_area,2829,0.0006342275740358127,166.2589531680441,32.484848484848484,463,181,105,67
eabb63072fa6ebe30133e8a0,AD2,sheet_metal,target_public_development,3,tiny_compact,1426,0.00031969194788797063,83.80532598714417,30.060606060606062,3128,371,59,62
eabb63072fa6ebe30133e8a0,AD2,sheet_metal,target_public_development,4,tiny_compact,628,0.0001407900022956841,36.907254361799815,18.90909090909091,1816,424,135,39
eabb63072fa6ebe30133e8a0,AD2,sheet_metal,target_public_development,5,thin_or_extended_small_area,330,7.398200757575758e-05,19.393939393939394,39.75757575757576,1760,475,40,82
eabb63072fa6ebe30133e8a0,AD2,sheet_metal,target_public_development,6,tiny_compact,1192,0.0002672319788797062,70.0532598714417,22.78787878787879,3245,511,41,47
eabb63072fa6ebe30133e8a0,AD2,sheet_metal,target_public_development,7,thin_or_extended_small_area,876,0.00019638860192837466,51.48209366391185,82.42424242424242,1631,599,111,170
eabb63072fa6ebe30133e8a0,AD2,sheet_metal,target_public_development,8,thin_or_extended_small_area,3528,0.0007909349173553719,207.3388429752066,58.666666666666664,3311,606,84,121
eabb63072fa6ebe30133e8a0,AD2,sheet_metal,target_public_development,9,thin_or_extended_small_area,558,0.0001250968491735537,32.79338842975206,51.878787878787875,1539,768,90,107
789749265171dff481f175fd,AD2,sheet_metal,target_public_development,1,tiny_compact,1183,0.00026521428776400365,69.52433425160697,15.030303030303031,372,160,63,31
789749265171dff481f175fd,AD2,sheet_metal,target_public_development,2,thin_or_extended_small_area,2829,0.0006342275740358127,166.2589531680441,32.484848484848484,463,181,105,67
789749265171dff481f175fd,AD2,sheet_metal,target_public_development,3,tiny_compact,1426,0.00031969194788797063,83.80532598714417,30.060606060606062,3128,371,59,62
789749265171dff481f175fd,AD2,sheet_metal,target_public_development,4,tiny_compact,628,0.0001407900022956841,36.907254361799815,18.90909090909091,1816,424,135,39
789749265171dff481f175fd,AD2,sheet_metal,target_public_development,5,thin_or_extended_small_area,330,7.398200757575758e-05,19.393939393939394,39.75757575757576,1760,475,40,82
789749265171dff481f175fd,AD2,sheet_metal,target_public_development,6,tiny_compact,1192,0.0002672319788797062,70.0532598714417,22.78787878787879,3245,511,41,47
789749265171dff481f175fd,AD2,sheet_metal,target_public_development,7,thin_or_extended_small_area,876,0.00019638860192837466,51.48209366391185,82.42424242424242,1631,599,111,170
789749265171dff481f175fd,AD2,sheet_metal,target_public_development,8,thin_or_extended_small_area,3528,0.0007909349173553719,207.3388429752066,58.666666666666664,3311,606,84,121
789749265171dff481f175fd,AD2,sheet_metal,target_public_development,9,thin_or_extended_small_area,558,0.0001250968491735537,32.79338842975206,51.878787878787875,1539,768,90,107
6f755d2b326fa7ea7f77826a,AD2,sheet_metal,target_public_development,1,tiny_compact,1183,0.00026521428776400365,69.52433425160697,15.030303030303031,372,160,63,31
6f755d2b326fa7ea7f77826a,AD2,sheet_metal,target_public_development,2,thin_or_extended_small_area,2829,0.0006342275740358127,166.2589531680441,32.484848484848484,463,181,105,67
6f755d2b326fa7ea7f77826a,AD2,sheet_metal,target_public_development,3,tiny_compact,1426,0.00031969194788797063,83.80532598714417,30.060606060606062,3128,371,59,62
6f755d2b326fa7ea7f77826a,AD2,sheet_metal,target_public_development,4,tiny_compact,628,0.0001407900022956841,36.907254361799815,18.90909090909091,1816,424,135,39
6f755d2b326fa7ea7f77826a,AD2,sheet_metal,target_public_development,5,thin_or_extended_small_area,330,7.398200757575758e-05,19.393939393939394,39.75757575757576,1760,475,40,82
6f755d2b326fa7ea7f77826a,AD2,sheet_metal,target_public_development,6,tiny_compact,1192,0.0002672319788797062,70.0532598714417,22.78787878787879,3245,511,41,47
6f755d2b326fa7ea7f77826a,AD2,sheet_metal,target_public_development,7,thin_or_extended_small_area,876,0.00019638860192837466,51.48209366391185,82.42424242424242,1631,599,111,170
6f755d2b326fa7ea7f77826a,AD2,sheet_metal,target_public_development,8,thin_or_extended_small_area,3528,0.0007909349173553719,207.3388429752066,58.666666666666664,3311,606,84,121
6f755d2b326fa7ea7f77826a,AD2,sheet_metal,target_public_development,9,thin_or_extended_small_area,558,0.0001250968491735537,32.79338842975206,51.878787878787875,1539,768,90,107
4aaa50d3376c7c5e554b32e3,AD2,sheet_metal,target_public_development,1,tiny_compact,1183,0.00026521428776400365,69.52433425160697,15.030303030303031,372,160,63,31
4aaa50d3376c7c5e554b32e3,AD2,sheet_metal,target_public_development,2,thin_or_extended_small_area,2829,0.0006342275740358127,166.2589531680441,32.484848484848484,463,181,105,67
4aaa50d3376c7c5e554b32e3,AD2,sheet_metal,target_public_development,3,tiny_compact,1426,0.00031969194788797063,83.80532598714417,30.060606060606062,3128,371,59,62
4aaa50d3376c7c5e554b32e3,AD2,sheet_metal,target_public_development,4,tiny_compact,628,0.0001407900022956841,36.907254361799815,18.90909090909091,1816,424,135,39
4aaa50d3376c7c5e554b32e3,AD2,sheet_metal,target_public_development,5,thin_or_extended_small_area,330,7.398200757575758e-05,19.393939393939394,39.75757575757576,1760,475,40,82
4aaa50d3376c7c5e554b32e3,AD2,sheet_metal,target_public_development,6,tiny_compact,1192,0.0002672319788797062,70.0532598714417,22.78787878787879,3245,511,41,47
4aaa50d3376c7c5e554b32e3,AD2,sheet_metal,target_public_development,7,thin_or_extended_small_area,876,0.00019638860192837466,51.48209366391185,82.42424242424242,1631,599,111,170
4aaa50d3376c7c5e554b32e3,AD2,sheet_metal,target_public_development,8,thin_or_extended_small_area,3528,0.0007909349173553719,207.3388429752066,58.666666666666664,3311,606,84,121
4aaa50d3376c7c5e554b32e3,AD2,sheet_metal,target_public_development,9,thin_or_extended_small_area,558,0.0001250968491735537,32.79338842975206,51.878787878787875,1539,768,90,107
dfd2b02a52f83d8506065cad,AD2,sheet_metal,target_public_development,1,thin_or_extended_small_area,3133,0.0007023806961662075,184.1248852157943,402.42424242424244,3227,0,11,830
dfd2b02a52f83d8506065cad,AD2,sheet_metal,target_public_development,2,thin_or_extended_small_area,485,0.00010873113234618917,28.503213957759414,49.45454545454545,1250,433,97,102
dfd2b02a52f83d8506065cad,AD2,sheet_metal,target_public_development,3,thin_or_extended_small_area,2866,0.0006425225264003673,168.43342516069788,251.63636363636363,1346,537,484,519
dfd2b02a52f83d8506065cad,AD2,sheet_metal,target_public_development,4,thin_or_extended_small_area,780,0.00017486656336088155,45.84022038567493,103.27272727272727,3232,843,8,213
93a3d9413dc812113e800008,AD2,sheet_metal,target_public_development,1,thin_or_extended_small_area,3133,0.0007023806961662075,184.1248852157943,402.42424242424244,3227,0,11,830
93a3d9413dc812113e800008,AD2,sheet_metal,target_public_development,2,thin_or_extended_small_area,485,0.00010873113234618917,28.503213957759414,49.45454545454545,1250,433,97,102
93a3d9413dc812113e800008,AD2,sheet_metal,target_public_development,3,thin_or_extended_small_area,2866,0.0006425225264003673,168.43342516069788,251.63636363636363,1346,537,484,519
93a3d9413dc812113e800008,AD2,sheet_metal,target_public_development,4,thin_or_extended_small_area,780,0.00017486656336088155,45.84022038567493,103.27272727272727,3232,843,8,213
6c06ce0004bb77bf3286146a,AD2,sheet_metal,target_public_development,1,thin_or_extended_small_area,3033,0.0006799619059917355,178.2479338842975,402.42424242424244,3227,0,11,830
6c06ce0004bb77bf3286146a,AD2,sheet_metal,target_public_development,2,thin_or_extended_small_area,459,0.00010290224690082644,26.975206611570247,49.45454545454545,1251,433,96,102
6c06ce0004bb77bf3286146a,AD2,sheet_metal,target_public_development,3,thin_or_extended_small_area,2819,0.0006319856950183655,165.6712580348944,251.63636363636363,1346,537,484,519
6c06ce0004bb77bf3286146a,AD2,sheet_metal,target_public_development,4,thin_or_extended_small_area,780,0.00017486656336088155,45.84022038567493,103.27272727272727,3232,843,8,213
6814f9278c1876d88e5afc90,AD2,sheet_metal,target_public_development,1,thin_or_extended_small_area,3033,0.0006799619059917355,178.2479338842975,402.42424242424244,3227,0,11,830
6814f9278c1876d88e5afc90,AD2,sheet_metal,target_public_development,2,thin_or_extended_small_area,459,0.00010290224690082644,26.975206611570247,49.45454545454545,1251,433,96,102
6814f9278c1876d88e5afc90,AD2,sheet_metal,target_public_development,3,thin_or_extended_small_area,2819,0.0006319856950183655,165.6712580348944,251.63636363636363,1346,537,484,519
6814f9278c1876d88e5afc90,AD2,sheet_metal,target_public_development,4,thin_or_extended_small_area,780,0.00017486656336088155,45.84022038567493,103.27272727272727,3232,843,8,213
ed337729b3bcf5e03c94c73b,AD2,sheet_metal,target_public_development,1,thin_or_extended_small_area,3033,0.0006799619059917355,178.2479338842975,402.42424242424244,3227,0,11,830
ed337729b3bcf5e03c94c73b,AD2,sheet_metal,target_public_development,2,thin_or_extended_small_area,459,0.00010290224690082644,26.975206611570247,49.45454545454545,1251,433,96,102
ed337729b3bcf5e03c94c73b,AD2,sheet_metal,target_public_development,3,thin_or_extended_small_area,2819,0.0006319856950183655,165.6712580348944,251.63636363636363,1346,537,484,519
ed337729b3bcf5e03c94c73b,AD2,sheet_metal,target_public_development,4,thin_or_extended_small_area,780,0.00017486656336088155,45.84022038567493,103.27272727272727,3232,843,8,213
f3eabf0bbd39cbb92b1f95a0,AD2,sheet_metal,target_public_development,1,thin_or_extended_small_area,3133,0.0007023806961662075,184.1248852157943,402.42424242424244,3227,0,11,830
f3eabf0bbd39cbb92b1f95a0,AD2,sheet_metal,target_public_development,2,thin_or_extended_small_area,485,0.00010873113234618917,28.503213957759414,49.45454545454545,1250,433,97,102
f3eabf0bbd39cbb92b1f95a0,AD2,sheet_metal,target_public_development,3,thin_or_extended_small_area,2866,0.0006425225264003673,168.43342516069788,251.63636363636363,1346,537,484,519
f3eabf0bbd39cbb92b1f95a0,AD2,sheet_metal,target_public_development,4,thin_or_extended_small_area,780,0.00017486656336088155,45.84022038567493,103.27272727272727,3232,843,8,213
ec7ebd4b1b4487eef9515b9b,AD2,sheet_metal,target_public_development,1,tiny_compact,125,2.802348771808999e-05,7.3461891643709825,17.454545454545453,1500,19,12,36
ec7ebd4b1b4487eef9515b9b,AD2,sheet_metal,target_public_development,2,thin_or_extended_small_area,4298,0.0009635596016988062,252.59136822773186,347.6363636363636,1514,62,385,717
ec7ebd4b1b4487eef9515b9b,AD2,sheet_metal,target_public_development,3,larger,63974,0.014342196826216713,3759.720844811754,342.3030303030303,372,69,98,706
ec7ebd4b1b4487eef9515b9b,AD2,sheet_metal,target_public_development,4,thin_or_extended_small_area,3194,0.0007160561581726354,187.70982552800734,93.57575757575758,3129,486,117,193
ec7ebd4b1b4487eef9515b9b,AD2,sheet_metal,target_public_development,5,thin_or_extended_small_area,3343,0.0007494601555325987,196.46648301193756,130.42424242424244,1901,787,183,269
4a71b2ce5aaac7f706a95986,AD2,sheet_metal,target_public_development,1,tiny_compact,125,2.802348771808999e-05,7.3461891643709825,17.454545454545453,1500,19,12,36
4a71b2ce5aaac7f706a95986,AD2,sheet_metal,target_public_development,2,thin_or_extended_small_area,4298,0.0009635596016988062,252.59136822773186,347.6363636363636,1514,62,385,717
4a71b2ce5aaac7f706a95986,AD2,sheet_metal,target_public_development,3,larger,63974,0.014342196826216713,3759.720844811754,342.3030303030303,372,69,98,706
4a71b2ce5aaac7f706a95986,AD2,sheet_metal,target_public_development,4,thin_or_extended_small_area,3194,0.0007160561581726354,187.70982552800734,93.57575757575758,3129,486,117,193
4a71b2ce5aaac7f706a95986,AD2,sheet_metal,target_public_development,5,thin_or_extended_small_area,3343,0.0007494601555325987,196.46648301193756,130.42424242424244,1901,787,183,269
641a494d63ac094d521794ea,AD2,sheet_metal,target_public_development,1,tiny_compact,125,2.802348771808999e-05,7.3461891643709825,17.454545454545453,1500,19,12,36
641a494d63ac094d521794ea,AD2,sheet_metal,target_public_development,2,thin_or_extended_small_area,4298,0.0009635596016988062,252.59136822773186,347.6363636363636,1514,62,385,717
641a494d63ac094d521794ea,AD2,sheet_metal,target_public_development,3,larger,63974,0.014342196826216713,3759.720844811754,342.3030303030303,372,69,98,706
641a494d63ac094d521794ea,AD2,sheet_metal,target_public_development,4,thin_or_extended_small_area,3194,0.0007160561581726354,187.70982552800734,93.57575757575758,3129,486,117,193
641a494d63ac094d521794ea,AD2,sheet_metal,target_public_development,5,thin_or_extended_small_area,3343,0.0007494601555325987,196.46648301193756,130.42424242424244,1901,787,183,269
e78033eac4b6d95bb53b2188,AD2,sheet_metal,target_public_development,1,tiny_compact,125,2.802348771808999e-05,7.3461891643709825,17.454545454545453,1500,19,12,36
e78033eac4b6d95bb53b2188,AD2,sheet_metal,target_public_development,2,thin_or_extended_small_area,4298,0.0009635596016988062,252.59136822773186,347.6363636363636,1514,62,385,717
e78033eac4b6d95bb53b2188,AD2,sheet_metal,target_public_development,3,larger,63974,0.014342196826216713,3759.720844811754,342.3030303030303,372,69,98,706
e78033eac4b6d95bb53b2188,AD2,sheet_metal,target_public_development,4,thin_or_extended_small_area,3194,0.0007160561581726354,187.70982552800734,93.57575757575758,3129,486,117,193
e78033eac4b6d95bb53b2188,AD2,sheet_metal,target_public_development,5,thin_or_extended_small_area,3343,0.0007494601555325987,196.46648301193756,130.42424242424244,1901,787,183,269
38df0a73347a1b6bee3a41a7,AD2,sheet_metal,target_public_development,1,tiny_compact,125,2.802348771808999e-05,7.3461891643709825,17.454545454545453,1500,19,12,36
38df0a73347a1b6bee3a41a7,AD2,sheet_metal,target_public_development,2,thin_or_extended_small_area,4298,0.0009635596016988062,252.59136822773186,347.6363636363636,1514,62,385,717
38df0a73347a1b6bee3a41a7,AD2,sheet_metal,target_public_development,3,larger,63974,0.014342196826216713,3759.720844811754,342.3030303030303,372,69,98,706
38df0a73347a1b6bee3a41a7,AD2,sheet_metal,target_public_development,4,thin_or_extended_small_area,3194,0.0007160561581726354,187.70982552800734,93.57575757575758,3129,486,117,193
38df0a73347a1b6bee3a41a7,AD2,sheet_metal,target_public_development,5,thin_or_extended_small_area,3343,0.0007494601555325987,196.46648301193756,130.42424242424244,1901,787,183,269
8a85e0b98c1c5c056d7d0370,AD2,sheet_metal,target_public_development,1,tiny_compact,125,2.802348771808999e-05,7.3461891643709825,17.454545454545453,1500,19,12,36
8a85e0b98c1c5c056d7d0370,AD2,sheet_metal,target_public_development,2,thin_or_extended_small_area,4298,0.0009635596016988062,252.59136822773186,347.6363636363636,1514,62,385,717
8a85e0b98c1c5c056d7d0370,AD2,sheet_metal,target_public_development,3,larger,63974,0.014342196826216713,3759.720844811754,342.3030303030303,372,69,98,706
8a85e0b98c1c5c056d7d0370,AD2,sheet_metal,target_public_development,4,thin_or_extended_small_area,3194,0.0007160561581726354,187.70982552800734,93.57575757575758,3129,486,117,193
8a85e0b98c1c5c056d7d0370,AD2,sheet_metal,target_public_development,5,thin_or_extended_small_area,3343,0.0007494601555325987,196.46648301193756,130.42424242424244,1901,787,183,269
7c6d80e6f65fe11c95c0b21c,AD2,sheet_metal,target_public_development,1,thin_or_extended_small_area,454,0.00010178130739210284,26.681359044995407,69.81818181818181,952,0,6,144
7c6d80e6f65fe11c95c0b21c,AD2,sheet_metal,target_public_development,2,thin_or_extended_small_area,1308,0.00029323777548209364,76.87052341597796,123.15151515151516,949,148,12,254
7c6d80e6f65fe11c95c0b21c,AD2,sheet_metal,target_public_development,3,tiny_compact,903,0.0002024416752754821,53.06887052341598,17.939393939393938,2215,426,37,37
7c6d80e6f65fe11c95c0b21c,AD2,sheet_metal,target_public_development,4,tiny_compact,133,2.981699093204775e-05,7.816345270890725,16.96969696969697,3505,464,5,35
7c6d80e6f65fe11c95c0b21c,AD2,sheet_metal,target_public_development,5,thin_or_extended_small_area,2680,0.0006008235766758494,157.50229568411388,45.09090909090909,2259,474,65,93
7c6d80e6f65fe11c95c0b21c,AD2,sheet_metal,target_public_development,6,thin_or_extended_small_area,545,0.00012218240645087237,32.029384756657485,58.18181818181818,3366,483,11,120
7c6d80e6f65fe11c95c0b21c,AD2,sheet_metal,target_public_development,7,thin_or_extended_small_area,325,7.286106806703398e-05,19.100091827364555,38.78787878787879,3504,519,9,80
7c6d80e6f65fe11c95c0b21c,AD2,sheet_metal,target_public_development,8,thin_or_extended_small_area,523,0.00011725027261248852,30.73645546372819,52.36363636363637,3374,611,13,108
7c6d80e6f65fe11c95c0b21c,AD2,sheet_metal,target_public_development,9,tiny_compact,503,0.00011276651457759413,29.561065197428835,16.96969696969697,2378,626,24,35
7c6d80e6f65fe11c95c0b21c,AD2,sheet_metal,target_public_development,10,larger,5352,0.001199853650137741,314.534435261708,77.57575757575758,2385,665,135,160
7c6d80e6f65fe11c95c0b21c,AD2,sheet_metal,target_public_development,11,thin_or_extended_small_area,595,0.00013339180153810836,34.96786042240588,56.72727272727273,3381,726,11,117
7c6d80e6f65fe11c95c0b21c,AD2,sheet_metal,target_public_development,12,thin_or_extended_small_area,1293,0.00028987495695592284,75.98898071625344,94.54545454545455,3445,853,13,195
7c6d80e6f65fe11c95c0b21c,AD2,sheet_metal,target_public_development,13,thin_or_extended_small_area,818,0.0001833857036271809,48.07346189164371,67.87878787878788,3388,857,12,140
fa3337c909b0b54902122fbe,AD2,sheet_metal,target_public_development,1,thin_or_extended_small_area,454,0.00010178130739210284,26.681359044995407,69.81818181818181,952,0,6,144
fa3337c909b0b54902122fbe,AD2,sheet_metal,target_public_development,2,thin_or_extended_small_area,1308,0.00029323777548209364,76.87052341597796,123.15151515151516,949,148,12,254
fa3337c909b0b54902122fbe,AD2,sheet_metal,target_public_development,3,tiny_compact,903,0.0002024416752754821,53.06887052341598,17.939393939393938,2215,426,37,37
fa3337c909b0b54902122fbe,AD2,sheet_metal,target_public_development,4,tiny_compact,133,2.981699093204775e-05,7.816345270890725,16.96969696969697,3505,464,5,35
fa3337c909b0b54902122fbe,AD2,sheet_metal,target_public_development,5,thin_or_extended_small_area,2680,0.0006008235766758494,157.50229568411388,45.09090909090909,2259,474,65,93
fa3337c909b0b54902122fbe,AD2,sheet_metal,target_public_development,6,thin_or_extended_small_area,545,0.00012218240645087237,32.029384756657485,58.18181818181818,3366,483,11,120
fa3337c909b0b54902122fbe,AD2,sheet_metal,target_public_development,7,thin_or_extended_small_area,325,7.286106806703398e-05,19.100091827364555,38.78787878787879,3504,519,9,80
fa3337c909b0b54902122fbe,AD2,sheet_metal,target_public_development,8,thin_or_extended_small_area,523,0.00011725027261248852,30.73645546372819,52.36363636363637,3374,611,13,108
fa3337c909b0b54902122fbe,AD2,sheet_metal,target_public_development,9,tiny_compact,503,0.00011276651457759413,29.561065197428835,16.96969696969697,2378,626,24,35
fa3337c909b0b54902122fbe,AD2,sheet_metal,target_public_development,10,larger,5352,0.001199853650137741,314.534435261708,77.57575757575758,2385,665,135,160
fa3337c909b0b54902122fbe,AD2,sheet_metal,target_public_development,11,thin_or_extended_small_area,595,0.00013339180153810836,34.96786042240588,56.72727272727273,3381,726,11,117
fa3337c909b0b54902122fbe,AD2,sheet_metal,target_public_development,12,thin_or_extended_small_area,1293,0.00028987495695592284,75.98898071625344,94.54545454545455,3445,853,13,195
fa3337c909b0b54902122fbe,AD2,sheet_metal,target_public_development,13,thin_or_extended_small_area,818,0.0001833857036271809,48.07346189164371,67.87878787878788,3388,857,12,140
b53f0384a93a7965952cd8ad,AD2,sheet_metal,target_public_development,1,thin_or_extended_small_area,454,0.00010178130739210284,26.681359044995407,69.81818181818181,952,0,6,144
b53f0384a93a7965952cd8ad,AD2,sheet_metal,target_public_development,2,thin_or_extended_small_area,1308,0.00029323777548209364,76.87052341597796,123.15151515151516,949,148,12,254
b53f0384a93a7965952cd8ad,AD2,sheet_metal,target_public_development,3,tiny_compact,903,0.0002024416752754821,53.06887052341598,17.939393939393938,2215,426,37,37
b53f0384a93a7965952cd8ad,AD2,sheet_metal,target_public_development,4,tiny_compact,133,2.981699093204775e-05,7.816345270890725,16.96969696969697,3505,464,5,35
b53f0384a93a7965952cd8ad,AD2,sheet_metal,target_public_development,5,thin_or_extended_small_area,2680,0.0006008235766758494,157.50229568411388,45.09090909090909,2259,474,65,93
b53f0384a93a7965952cd8ad,AD2,sheet_metal,target_public_development,6,thin_or_extended_small_area,545,0.00012218240645087237,32.029384756657485,58.18181818181818,3366,483,11,120
b53f0384a93a7965952cd8ad,AD2,sheet_metal,target_public_development,7,thin_or_extended_small_area,325,7.286106806703398e-05,19.100091827364555,38.78787878787879,3504,519,9,80
b53f0384a93a7965952cd8ad,AD2,sheet_metal,target_public_development,8,thin_or_extended_small_area,523,0.00011725027261248852,30.73645546372819,52.36363636363637,3374,611,13,108
b53f0384a93a7965952cd8ad,AD2,sheet_metal,target_public_development,9,tiny_compact,503,0.00011276651457759413,29.561065197428835,16.96969696969697,2378,626,24,35
b53f0384a93a7965952cd8ad,AD2,sheet_metal,target_public_development,10,larger,5352,0.001199853650137741,314.534435261708,77.57575757575758,2385,665,135,160
b53f0384a93a7965952cd8ad,AD2,sheet_metal,target_public_development,11,thin_or_extended_small_area,595,0.00013339180153810836,34.96786042240588,56.72727272727273,3381,726,11,117
b53f0384a93a7965952cd8ad,AD2,sheet_metal,target_public_development,12,thin_or_extended_small_area,1293,0.00028987495695592284,75.98898071625344,94.54545454545455,3445,853,13,195
b53f0384a93a7965952cd8ad,AD2,sheet_metal,target_public_development,13,thin_or_extended_small_area,818,0.0001833857036271809,48.07346189164371,67.87878787878788,3388,857,12,140
6ee2e77d7dc4c33fa2fc09ca,AD2,sheet_metal,target_public_development,1,thin_or_extended_small_area,454,0.00010178130739210284,26.681359044995407,69.81818181818181,952,0,6,144
6ee2e77d7dc4c33fa2fc09ca,AD2,sheet_metal,target_public_development,2,thin_or_extended_small_area,1308,0.00029323777548209364,76.87052341597796,123.15151515151516,949,148,12,254
6ee2e77d7dc4c33fa2fc09ca,AD2,sheet_metal,target_public_development,3,tiny_compact,903,0.0002024416752754821,53.06887052341598,17.939393939393938,2215,426,37,37
6ee2e77d7dc4c33fa2fc09ca,AD2,sheet_metal,target_public_development,4,tiny_compact,133,2.981699093204775e-05,7.816345270890725,16.96969696969697,3505,464,5,35
6ee2e77d7dc4c33fa2fc09ca,AD2,sheet_metal,target_public_development,5,thin_or_extended_small_area,2680,0.0006008235766758494,157.50229568411388,45.09090909090909,2259,474,65,93
6ee2e77d7dc4c33fa2fc09ca,AD2,sheet_metal,target_public_development,6,thin_or_extended_small_area,545,0.00012218240645087237,32.029384756657485,58.18181818181818,3366,483,11,120
6ee2e77d7dc4c33fa2fc09ca,AD2,sheet_metal,target_public_development,7,thin_or_extended_small_area,325,7.286106806703398e-05,19.100091827364555,38.78787878787879,3504,519,9,80
6ee2e77d7dc4c33fa2fc09ca,AD2,sheet_metal,target_public_development,8,thin_or_extended_small_area,523,0.00011725027261248852,30.73645546372819,52.36363636363637,3374,611,13,108
6ee2e77d7dc4c33fa2fc09ca,AD2,sheet_metal,target_public_development,9,tiny_compact,503,0.00011276651457759413,29.561065197428835,16.96969696969697,2378,626,24,35
6ee2e77d7dc4c33fa2fc09ca,AD2,sheet_metal,target_public_development,10,larger,5352,0.001199853650137741,314.534435261708,77.57575757575758,2385,665,135,160
6ee2e77d7dc4c33fa2fc09ca,AD2,sheet_metal,target_public_development,11,thin_or_extended_small_area,595,0.00013339180153810836,34.96786042240588,56.72727272727273,3381,726,11,117
6ee2e77d7dc4c33fa2fc09ca,AD2,sheet_metal,target_public_development,12,thin_or_extended_small_area,1293,0.00028987495695592284,75.98898071625344,94.54545454545455,3445,853,13,195
6ee2e77d7dc4c33fa2fc09ca,AD2,sheet_metal,target_public_development,13,thin_or_extended_small_area,818,0.0001833857036271809,48.07346189164371,67.87878787878788,3388,857,12,140
7e078f6d03a4f522b7f43332,AD2,sheet_metal,target_public_development,1,thin_or_extended_small_area,454,0.00010178130739210284,26.681359044995407,69.81818181818181,952,0,6,144
7e078f6d03a4f522b7f43332,AD2,sheet_metal,target_public_development,2,thin_or_extended_small_area,1308,0.00029323777548209364,76.87052341597796,123.15151515151516,949,148,12,254
7e078f6d03a4f522b7f43332,AD2,sheet_metal,target_public_development,3,tiny_compact,903,0.0002024416752754821,53.06887052341598,17.939393939393938,2215,426,37,37
7e078f6d03a4f522b7f43332,AD2,sheet_metal,target_public_development,4,tiny_compact,133,2.981699093204775e-05,7.816345270890725,16.96969696969697,3505,464,5,35
7e078f6d03a4f522b7f43332,AD2,sheet_metal,target_public_development,5,thin_or_extended_small_area,2680,0.0006008235766758494,157.50229568411388,45.09090909090909,2259,474,65,93
7e078f6d03a4f522b7f43332,AD2,sheet_metal,target_public_development,6,thin_or_extended_small_area,545,0.00012218240645087237,32.029384756657485,58.18181818181818,3366,483,11,120
7e078f6d03a4f522b7f43332,AD2,sheet_metal,target_public_development,7,thin_or_extended_small_area,325,7.286106806703398e-05,19.100091827364555,38.78787878787879,3504,519,9,80
7e078f6d03a4f522b7f43332,AD2,sheet_metal,target_public_development,8,thin_or_extended_small_area,523,0.00011725027261248852,30.73645546372819,52.36363636363637,3374,611,13,108
7e078f6d03a4f522b7f43332,AD2,sheet_metal,target_public_development,9,tiny_compact,503,0.00011276651457759413,29.561065197428835,16.96969696969697,2378,626,24,35
7e078f6d03a4f522b7f43332,AD2,sheet_metal,target_public_development,10,larger,5352,0.001199853650137741,314.534435261708,77.57575757575758,2385,665,135,160
7e078f6d03a4f522b7f43332,AD2,sheet_metal,target_public_development,11,thin_or_extended_small_area,595,0.00013339180153810836,34.96786042240588,56.72727272727273,3381,726,11,117
7e078f6d03a4f522b7f43332,AD2,sheet_metal,target_public_development,12,thin_or_extended_small_area,1293,0.00028987495695592284,75.98898071625344,94.54545454545455,3445,853,13,195
7e078f6d03a4f522b7f43332,AD2,sheet_metal,target_public_development,13,thin_or_extended_small_area,818,0.0001833857036271809,48.07346189164371,67.87878787878788,3388,857,12,140
21da16822facbd11fd2d6d21,AD2,sheet_metal,target_public_development,1,thin_or_extended_small_area,454,0.00010178130739210284,26.681359044995407,69.81818181818181,952,0,6,144
21da16822facbd11fd2d6d21,AD2,sheet_metal,target_public_development,2,thin_or_extended_small_area,1308,0.00029323777548209364,76.87052341597796,123.15151515151516,949,148,12,254
21da16822facbd11fd2d6d21,AD2,sheet_metal,target_public_development,3,tiny_compact,903,0.0002024416752754821,53.06887052341598,17.939393939393938,2215,426,37,37
21da16822facbd11fd2d6d21,AD2,sheet_metal,target_public_development,4,tiny_compact,133,2.981699093204775e-05,7.816345270890725,16.96969696969697,3505,464,5,35
21da16822facbd11fd2d6d21,AD2,sheet_metal,target_public_development,5,thin_or_extended_small_area,2680,0.0006008235766758494,157.50229568411388,45.09090909090909,2259,474,65,93
21da16822facbd11fd2d6d21,AD2,sheet_metal,target_public_development,6,thin_or_extended_small_area,545,0.00012218240645087237,32.029384756657485,58.18181818181818,3366,483,11,120
21da16822facbd11fd2d6d21,AD2,sheet_metal,target_public_development,7,thin_or_extended_small_area,325,7.286106806703398e-05,19.100091827364555,38.78787878787879,3504,519,9,80
21da16822facbd11fd2d6d21,AD2,sheet_metal,target_public_development,8,thin_or_extended_small_area,523,0.00011725027261248852,30.73645546372819,52.36363636363637,3374,611,13,108
21da16822facbd11fd2d6d21,AD2,sheet_metal,target_public_development,9,tiny_compact,503,0.00011276651457759413,29.561065197428835,16.96969696969697,2378,626,24,35
21da16822facbd11fd2d6d21,AD2,sheet_metal,target_public_development,10,larger,5352,0.001199853650137741,314.534435261708,77.57575757575758,2385,665,135,160
21da16822facbd11fd2d6d21,AD2,sheet_metal,target_public_development,11,thin_or_extended_small_area,595,0.00013339180153810836,34.96786042240588,56.72727272727273,3381,726,11,117
21da16822facbd11fd2d6d21,AD2,sheet_metal,target_public_development,12,thin_or_extended_small_area,1293,0.00028987495695592284,75.98898071625344,94.54545454545455,3445,853,13,195
21da16822facbd11fd2d6d21,AD2,sheet_metal,target_public_development,13,thin_or_extended_small_area,818,0.0001833857036271809,48.07346189164371,67.87878787878788,3388,857,12,140
ec01a02c43014fc6730cb75b,AD2,sheet_metal,target_public_development,1,thin_or_extended_small_area,3696,0.0008285984848484849,217.21212121212122,187.15151515151516,943,297,204,386
ec01a02c43014fc6730cb75b,AD2,sheet_metal,target_public_development,2,tiny_compact,606,0.00013585786845730027,35.61432506887052,14.545454545454545,2391,675,27,30
c23aa34f9dbe6d0d9e4dad30,AD2,sheet_metal,target_public_development,1,thin_or_extended_small_area,3696,0.0008285984848484849,217.21212121212122,187.15151515151516,943,297,204,386
c23aa34f9dbe6d0d9e4dad30,AD2,sheet_metal,target_public_development,2,tiny_compact,606,0.00013585786845730027,35.61432506887052,14.545454545454545,2391,675,27,30
21bb5c570139e550e66e0a2b,AD2,sheet_metal,target_public_development,1,thin_or_extended_small_area,3696,0.0008285984848484849,217.21212121212122,187.15151515151516,943,297,204,386
21bb5c570139e550e66e0a2b,AD2,sheet_metal,target_public_development,2,tiny_compact,606,0.00013585786845730027,35.61432506887052,14.545454545454545,2391,675,27,30
e02f43ac9ec7500a9b06862b,AD2,sheet_metal,target_public_development,1,thin_or_extended_small_area,3696,0.0008285984848484849,217.21212121212122,187.15151515151516,943,297,204,386
e02f43ac9ec7500a9b06862b,AD2,sheet_metal,target_public_development,2,tiny_compact,606,0.00013585786845730027,35.61432506887052,14.545454545454545,2391,675,27,30
2570ec1ec199430f1832682b,AD2,sheet_metal,target_public_development,1,thin_or_extended_small_area,3696,0.0008285984848484849,217.21212121212122,187.15151515151516,943,297,204,386
2570ec1ec199430f1832682b,AD2,sheet_metal,target_public_development,2,tiny_compact,606,0.00013585786845730027,35.61432506887052,14.545454545454545,2391,675,27,30
2887db27ad9866db4505482a,AD2,sheet_metal,target_public_development,1,thin_or_extended_small_area,3696,0.0008285984848484849,217.21212121212122,187.15151515151516,943,297,204,386
2887db27ad9866db4505482a,AD2,sheet_metal,target_public_development,2,tiny_compact,606,0.00013585786845730027,35.61432506887052,14.545454545454545,2391,675,27,30
0462d03584442beb56ce3007,AD2,sheet_metal,target_public_development,1,larger,30645,0.006870238248966942,1800.9917355371902,315.6363636363636,305,40,91,651
727bf51b668ac1559060aedb,AD2,sheet_metal,target_public_development,1,larger,30645,0.006870238248966942,1800.9917355371902,315.6363636363636,305,40,91,651
c91a2ccc4c36c1cd4596db31,AD2,sheet_metal,target_public_development,1,larger,30645,0.006870238248966942,1800.9917355371902,315.6363636363636,305,40,91,651
91244915bef83cd9bcff29b6,AD2,sheet_metal,target_public_development,1,larger,30645,0.006870238248966942,1800.9917355371902,315.6363636363636,305,40,91,651
950746624ac5e3479399bce7,AD2,sheet_metal,target_public_development,1,larger,30645,0.006870238248966942,1800.9917355371902,315.6363636363636,305,40,91,651
3266f22024206b6054c84bb1,AD2,sheet_metal,target_public_development,1,larger,30645,0.006870238248966942,1800.9917355371902,315.6363636363636,305,40,91,651
8fa3f0ce6a26b99a42a3f21c,AD2,sheet_metal,target_public_development,1,thin_or_extended_small_area,1818,0.0004075736053719008,106.84297520661157,144.96969696969697,1074,0,83,299
8fa3f0ce6a26b99a42a3f21c,AD2,sheet_metal,target_public_development,2,tiny_compact,47,1.0536831382001836e-05,2.762167125803489,4.363636363636363,2380,387,8,9
8fa3f0ce6a26b99a42a3f21c,AD2,sheet_metal,target_public_development,3,tiny_compact,383,8.586396636822774e-05,22.50872359963269,26.666666666666668,2389,397,68,55
8fa3f0ce6a26b99a42a3f21c,AD2,sheet_metal,target_public_development,4,thin_or_extended_small_area,1373,0.00030780998909550047,80.69054178145088,116.84848484848484,2464,453,238,241
8fa3f0ce6a26b99a42a3f21c,AD2,sheet_metal,target_public_development,5,tiny_compact,188,4.214732552800734e-05,11.048668503213957,21.818181818181817,2704,696,42,45
be7ce52c0e4720ee15742b9c,AD2,sheet_metal,target_public_development,1,thin_or_extended_small_area,1818,0.0004075736053719008,106.84297520661157,144.96969696969697,1074,0,83,299
be7ce52c0e4720ee15742b9c,AD2,sheet_metal,target_public_development,2,tiny_compact,47,1.0536831382001836e-05,2.762167125803489,4.363636363636363,2380,387,8,9
be7ce52c0e4720ee15742b9c,AD2,sheet_metal,target_public_development,3,tiny_compact,383,8.586396636822774e-05,22.50872359963269,26.666666666666668,2389,397,68,55
be7ce52c0e4720ee15742b9c,AD2,sheet_metal,target_public_development,4,thin_or_extended_small_area,1373,0.00030780998909550047,80.69054178145088,116.84848484848484,2464,453,238,241
be7ce52c0e4720ee15742b9c,AD2,sheet_metal,target_public_development,5,tiny_compact,188,4.214732552800734e-05,11.048668503213957,21.818181818181817,2704,696,42,45
f46f3b110f5e9be69e7d08b8,AD2,sheet_metal,target_public_development,1,thin_or_extended_small_area,1818,0.0004075736053719008,106.84297520661157,144.96969696969697,1074,0,83,299
f46f3b110f5e9be69e7d08b8,AD2,sheet_metal,target_public_development,2,tiny_compact,47,1.0536831382001836e-05,2.762167125803489,4.363636363636363,2380,387,8,9
f46f3b110f5e9be69e7d08b8,AD2,sheet_metal,target_public_development,3,tiny_compact,383,8.586396636822774e-05,22.50872359963269,26.666666666666668,2389,397,68,55
f46f3b110f5e9be69e7d08b8,AD2,sheet_metal,target_public_development,4,thin_or_extended_small_area,1373,0.00030780998909550047,80.69054178145088,116.84848484848484,2464,453,238,241
f46f3b110f5e9be69e7d08b8,AD2,sheet_metal,target_public_development,5,tiny_compact,188,4.214732552800734e-05,11.048668503213957,21.818181818181817,2704,696,42,45
ec8f29a247365d62f0e7241f,AD2,sheet_metal,target_public_development,1,thin_or_extended_small_area,1818,0.0004075736053719008,106.84297520661157,144.96969696969697,1074,0,83,299
ec8f29a247365d62f0e7241f,AD2,sheet_metal,target_public_development,2,tiny_compact,47,1.0536831382001836e-05,2.762167125803489,4.363636363636363,2380,387,8,9
ec8f29a247365d62f0e7241f,AD2,sheet_metal,target_public_development,3,tiny_compact,383,8.586396636822774e-05,22.50872359963269,26.666666666666668,2389,397,68,55
ec8f29a247365d62f0e7241f,AD2,sheet_metal,target_public_development,4,thin_or_extended_small_area,1373,0.00030780998909550047,80.69054178145088,116.84848484848484,2464,453,238,241
ec8f29a247365d62f0e7241f,AD2,sheet_metal,target_public_development,5,tiny_compact,188,4.214732552800734e-05,11.048668503213957,21.818181818181817,2704,696,42,45
2b84d6f74ca188f729f9778c,AD2,sheet_metal,target_public_development,1,thin_or_extended_small_area,1818,0.0004075736053719008,106.84297520661157,144.96969696969697,1074,0,83,299
2b84d6f74ca188f729f9778c,AD2,sheet_metal,target_public_development,2,tiny_compact,47,1.0536831382001836e-05,2.762167125803489,4.363636363636363,2380,387,8,9
2b84d6f74ca188f729f9778c,AD2,sheet_metal,target_public_development,3,tiny_compact,383,8.586396636822774e-05,22.50872359963269,26.666666666666668,2389,397,68,55
2b84d6f74ca188f729f9778c,AD2,sheet_metal,target_public_development,4,thin_or_extended_small_area,1373,0.00030780998909550047,80.69054178145088,116.84848484848484,2464,453,238,241
2b84d6f74ca188f729f9778c,AD2,sheet_metal,target_public_development,5,tiny_compact,188,4.214732552800734e-05,11.048668503213957,21.818181818181817,2704,696,42,45
768e9726aefabec1bf5ff545,AD2,sheet_metal,target_public_development,1,thin_or_extended_small_area,1818,0.0004075736053719008,106.84297520661157,144.96969696969697,1074,0,83,299
768e9726aefabec1bf5ff545,AD2,sheet_metal,target_public_development,2,tiny_compact,47,1.0536831382001836e-05,2.762167125803489,4.363636363636363,2380,387,8,9
768e9726aefabec1bf5ff545,AD2,sheet_metal,target_public_development,3,tiny_compact,383,8.586396636822774e-05,22.50872359963269,26.666666666666668,2389,397,68,55
768e9726aefabec1bf5ff545,AD2,sheet_metal,target_public_development,4,thin_or_extended_small_area,1373,0.00030780998909550047,80.69054178145088,116.84848484848484,2464,453,238,241
768e9726aefabec1bf5ff545,AD2,sheet_metal,target_public_development,5,tiny_compact,188,4.214732552800734e-05,11.048668503213957,21.818181818181817,2704,696,42,45
2176e4198610008303c38afd,AD2,sheet_metal,target_public_development,1,thin_or_extended_small_area,3720,0.0008339789944903581,218.62258953168043,176.0,3283,0,266,363
2176e4198610008303c38afd,AD2,sheet_metal,target_public_development,2,thin_or_extended_small_area,1446,0.00032417570592286504,84.98071625344353,99.39393939393939,3110,183,73,205
2176e4198610008303c38afd,AD2,sheet_metal,target_public_development,3,thin_or_extended_small_area,1260,0.0002824767561983471,74.0495867768595,82.9090909090909,2504,219,118,171
2176e4198610008303c38afd,AD2,sheet_metal,target_public_development,4,thin_or_extended_small_area,742,0.0001663474230945822,43.606978879706155,39.75757575757576,2689,290,108,82
2176e4198610008303c38afd,AD2,sheet_metal,target_public_development,5,thin_or_extended_small_area,1017,0.00022799909607438016,59.768595041322314,107.15151515151516,2846,293,75,221
2176e4198610008303c38afd,AD2,sheet_metal,target_public_development,6,tiny_compact,7,1.5693153122130394e-06,0.411386593204775,3.393939393939394,3117,306,1,7
2176e4198610008303c38afd,AD2,sheet_metal,target_public_development,7,thin_or_extended_small_area,766,0.00017172793273645547,45.01744719926538,39.27272727272727,3192,327,109,81
2176e4198610008303c38afd,AD2,sheet_metal,target_public_development,8,tiny_compact,347,7.779320190541782e-05,20.39302112029385,13.090909090909092,2725,370,68,27
2176e4198610008303c38afd,AD2,sheet_metal,target_public_development,9,tiny_compact,417,9.34863550275482e-05,24.506887052341597,29.09090909090909,2726,372,74,60
2176e4198610008303c38afd,AD2,sheet_metal,target_public_development,10,thin_or_extended_small_area,353,7.913832931588614e-05,20.745638200183656,42.18181818181818,3068,404,38,87
2176e4198610008303c38afd,AD2,sheet_metal,target_public_development,11,thin_or_extended_small_area,914,0.00020490774219467401,53.715335169880625,33.93939393939394,2837,488,174,70
978700474dec6483eba5404a,AD2,sheet_metal,target_public_development,1,thin_or_extended_small_area,3720,0.0008339789944903581,218.62258953168043,176.0,3283,0,266,363
978700474dec6483eba5404a,AD2,sheet_metal,target_public_development,2,thin_or_extended_small_area,1446,0.00032417570592286504,84.98071625344353,99.39393939393939,3110,183,73,205
978700474dec6483eba5404a,AD2,sheet_metal,target_public_development,3,thin_or_extended_small_area,1260,0.0002824767561983471,74.0495867768595,82.9090909090909,2504,219,118,171
978700474dec6483eba5404a,AD2,sheet_metal,target_public_development,4,thin_or_extended_small_area,742,0.0001663474230945822,43.606978879706155,39.75757575757576,2689,290,108,82
978700474dec6483eba5404a,AD2,sheet_metal,target_public_development,5,thin_or_extended_small_area,1017,0.00022799909607438016,59.768595041322314,107.15151515151516,2846,293,75,221
978700474dec6483eba5404a,AD2,sheet_metal,target_public_development,6,tiny_compact,7,1.5693153122130394e-06,0.411386593204775,3.393939393939394,3117,306,1,7
978700474dec6483eba5404a,AD2,sheet_metal,target_public_development,7,thin_or_extended_small_area,766,0.00017172793273645547,45.01744719926538,39.27272727272727,3192,327,109,81
978700474dec6483eba5404a,AD2,sheet_metal,target_public_development,8,tiny_compact,347,7.779320190541782e-05,20.39302112029385,13.090909090909092,2725,370,68,27
978700474dec6483eba5404a,AD2,sheet_metal,target_public_development,9,tiny_compact,417,9.34863550275482e-05,24.506887052341597,29.09090909090909,2726,372,74,60
978700474dec6483eba5404a,AD2,sheet_metal,target_public_development,10,thin_or_extended_small_area,353,7.913832931588614e-05,20.745638200183656,42.18181818181818,3068,404,38,87
978700474dec6483eba5404a,AD2,sheet_metal,target_public_development,11,thin_or_extended_small_area,914,0.00020490774219467401,53.715335169880625,33.93939393939394,2837,488,174,70
72f6374e9230e57aff74f7c8,AD2,sheet_metal,target_public_development,1,thin_or_extended_small_area,3720,0.0008339789944903581,218.62258953168043,176.0,3283,0,266,363
72f6374e9230e57aff74f7c8,AD2,sheet_metal,target_public_development,2,thin_or_extended_small_area,1446,0.00032417570592286504,84.98071625344353,99.39393939393939,3110,183,73,205
72f6374e9230e57aff74f7c8,AD2,sheet_metal,target_public_development,3,thin_or_extended_small_area,1260,0.0002824767561983471,74.0495867768595,82.9090909090909,2504,219,118,171
72f6374e9230e57aff74f7c8,AD2,sheet_metal,target_public_development,4,thin_or_extended_small_area,742,0.0001663474230945822,43.606978879706155,39.75757575757576,2689,290,108,82
72f6374e9230e57aff74f7c8,AD2,sheet_metal,target_public_development,5,thin_or_extended_small_area,1017,0.00022799909607438016,59.768595041322314,107.15151515151516,2846,293,75,221
72f6374e9230e57aff74f7c8,AD2,sheet_metal,target_public_development,6,tiny_compact,7,1.5693153122130394e-06,0.411386593204775,3.393939393939394,3117,306,1,7
72f6374e9230e57aff74f7c8,AD2,sheet_metal,target_public_development,7,thin_or_extended_small_area,766,0.00017172793273645547,45.01744719926538,39.27272727272727,3192,327,109,81
72f6374e9230e57aff74f7c8,AD2,sheet_metal,target_public_development,8,tiny_compact,347,7.779320190541782e-05,20.39302112029385,13.090909090909092,2725,370,68,27
72f6374e9230e57aff74f7c8,AD2,sheet_metal,target_public_development,9,tiny_compact,417,9.34863550275482e-05,24.506887052341597,29.09090909090909,2726,372,74,60
72f6374e9230e57aff74f7c8,AD2,sheet_metal,target_public_development,10,thin_or_extended_small_area,353,7.913832931588614e-05,20.745638200183656,42.18181818181818,3068,404,38,87
72f6374e9230e57aff74f7c8,AD2,sheet_metal,target_public_development,11,thin_or_extended_small_area,914,0.00020490774219467401,53.715335169880625,33.93939393939394,2837,488,174,70
40103fa106f396228bd024e2,AD2,sheet_metal,target_public_development,1,thin_or_extended_small_area,3720,0.0008339789944903581,218.62258953168043,176.0,3283,0,266,363
40103fa106f396228bd024e2,AD2,sheet_metal,target_public_development,2,thin_or_extended_small_area,1446,0.00032417570592286504,84.98071625344353,99.39393939393939,3110,183,73,205
40103fa106f396228bd024e2,AD2,sheet_metal,target_public_development,3,thin_or_extended_small_area,1260,0.0002824767561983471,74.0495867768595,82.9090909090909,2504,219,118,171
40103fa106f396228bd024e2,AD2,sheet_metal,target_public_development,4,thin_or_extended_small_area,742,0.0001663474230945822,43.606978879706155,39.75757575757576,2689,290,108,82
40103fa106f396228bd024e2,AD2,sheet_metal,target_public_development,5,thin_or_extended_small_area,1017,0.00022799909607438016,59.768595041322314,107.15151515151516,2846,293,75,221
40103fa106f396228bd024e2,AD2,sheet_metal,target_public_development,6,tiny_compact,7,1.5693153122130394e-06,0.411386593204775,3.393939393939394,3117,306,1,7
40103fa106f396228bd024e2,AD2,sheet_metal,target_public_development,7,thin_or_extended_small_area,766,0.00017172793273645547,45.01744719926538,39.27272727272727,3192,327,109,81
40103fa106f396228bd024e2,AD2,sheet_metal,target_public_development,8,tiny_compact,347,7.779320190541782e-05,20.39302112029385,13.090909090909092,2725,370,68,27
40103fa106f396228bd024e2,AD2,sheet_metal,target_public_development,9,tiny_compact,417,9.34863550275482e-05,24.506887052341597,29.09090909090909,2726,372,74,60
40103fa106f396228bd024e2,AD2,sheet_metal,target_public_development,10,thin_or_extended_small_area,353,7.913832931588614e-05,20.745638200183656,42.18181818181818,3068,404,38,87
40103fa106f396228bd024e2,AD2,sheet_metal,target_public_development,11,thin_or_extended_small_area,914,0.00020490774219467401,53.715335169880625,33.93939393939394,2837,488,174,70
a5b8bcdbb4fc51deed3da6cc,AD2,sheet_metal,target_public_development,1,thin_or_extended_small_area,3720,0.0008339789944903581,218.62258953168043,176.0,3283,0,266,363
a5b8bcdbb4fc51deed3da6cc,AD2,sheet_metal,target_public_development,2,thin_or_extended_small_area,1446,0.00032417570592286504,84.98071625344353,99.39393939393939,3110,183,73,205
a5b8bcdbb4fc51deed3da6cc,AD2,sheet_metal,target_public_development,3,thin_or_extended_small_area,1260,0.0002824767561983471,74.0495867768595,82.9090909090909,2504,219,118,171
a5b8bcdbb4fc51deed3da6cc,AD2,sheet_metal,target_public_development,4,thin_or_extended_small_area,742,0.0001663474230945822,43.606978879706155,39.75757575757576,2689,290,108,82
a5b8bcdbb4fc51deed3da6cc,AD2,sheet_metal,target_public_development,5,thin_or_extended_small_area,1017,0.00022799909607438016,59.768595041322314,107.15151515151516,2846,293,75,221
a5b8bcdbb4fc51deed3da6cc,AD2,sheet_metal,target_public_development,6,tiny_compact,7,1.5693153122130394e-06,0.411386593204775,3.393939393939394,3117,306,1,7
a5b8bcdbb4fc51deed3da6cc,AD2,sheet_metal,target_public_development,7,thin_or_extended_small_area,766,0.00017172793273645547,45.01744719926538,39.27272727272727,3192,327,109,81
a5b8bcdbb4fc51deed3da6cc,AD2,sheet_metal,target_public_development,8,tiny_compact,347,7.779320190541782e-05,20.39302112029385,13.090909090909092,2725,370,68,27
a5b8bcdbb4fc51deed3da6cc,AD2,sheet_metal,target_public_development,9,tiny_compact,417,9.34863550275482e-05,24.506887052341597,29.09090909090909,2726,372,74,60
a5b8bcdbb4fc51deed3da6cc,AD2,sheet_metal,target_public_development,10,thin_or_extended_small_area,353,7.913832931588614e-05,20.745638200183656,42.18181818181818,3068,404,38,87
a5b8bcdbb4fc51deed3da6cc,AD2,sheet_metal,target_public_development,11,thin_or_extended_small_area,914,0.00020490774219467401,53.715335169880625,33.93939393939394,2837,488,174,70
8900dc2992416e68ebe0376d,AD2,sheet_metal,target_public_development,1,thin_or_extended_small_area,3720,0.0008339789944903581,218.62258953168043,176.0,3283,0,266,363
8900dc2992416e68ebe0376d,AD2,sheet_metal,target_public_development,2,thin_or_extended_small_area,1446,0.00032417570592286504,84.98071625344353,99.39393939393939,3110,183,73,205
8900dc2992416e68ebe0376d,AD2,sheet_metal,target_public_development,3,thin_or_extended_small_area,1260,0.0002824767561983471,74.0495867768595,82.9090909090909,2504,219,118,171
8900dc2992416e68ebe0376d,AD2,sheet_metal,target_public_development,4,thin_or_extended_small_area,742,0.0001663474230945822,43.606978879706155,39.75757575757576,2689,290,108,82
8900dc2992416e68ebe0376d,AD2,sheet_metal,target_public_development,5,thin_or_extended_small_area,1017,0.00022799909607438016,59.768595041322314,107.15151515151516,2846,293,75,221
8900dc2992416e68ebe0376d,AD2,sheet_metal,target_public_development,6,tiny_compact,7,1.5693153122130394e-06,0.411386593204775,3.393939393939394,3117,306,1,7
8900dc2992416e68ebe0376d,AD2,sheet_metal,target_public_development,7,thin_or_extended_small_area,766,0.00017172793273645547,45.01744719926538,39.27272727272727,3192,327,109,81
8900dc2992416e68ebe0376d,AD2,sheet_metal,target_public_development,8,tiny_compact,347,7.779320190541782e-05,20.39302112029385,13.090909090909092,2725,370,68,27
8900dc2992416e68ebe0376d,AD2,sheet_metal,target_public_development,9,tiny_compact,417,9.34863550275482e-05,24.506887052341597,29.09090909090909,2726,372,74,60
8900dc2992416e68ebe0376d,AD2,sheet_metal,target_public_development,10,thin_or_extended_small_area,353,7.913832931588614e-05,20.745638200183656,42.18181818181818,3068,404,38,87
8900dc2992416e68ebe0376d,AD2,sheet_metal,target_public_development,11,thin_or_extended_small_area,914,0.00020490774219467401,53.715335169880625,33.93939393939394,2837,488,174,70
156c09badc34dd8434c7f0cf,AD2,sheet_metal,target_public_development,1,thin_or_extended_small_area,807,0.000180919636707989,47.42699724517907,70.78787878787878,3276,0,9,146
156c09badc34dd8434c7f0cf,AD2,sheet_metal,target_public_development,2,thin_or_extended_small_area,899,0.0002015449236685032,52.833792470156105,125.57575757575758,3278,211,7,259
156c09badc34dd8434c7f0cf,AD2,sheet_metal,target_public_development,3,thin_or_extended_small_area,284,6.366936409550046e-05,16.69054178145087,44.121212121212125,1431,378,20,91
156c09badc34dd8434c7f0cf,AD2,sheet_metal,target_public_development,4,thin_or_extended_small_area,1010,0.00022642978076216713,59.35720844811754,167.27272727272728,3280,487,11,345
156c09badc34dd8434c7f0cf,AD2,sheet_metal,target_public_development,5,thin_or_extended_small_area,4460,0.000999878041781451,262.1120293847567,233.6969696969697,1405,516,615,482
156c09badc34dd8434c7f0cf,AD2,sheet_metal,target_public_development,6,thin_or_extended_small_area,560,0.00012554522497704317,32.910927456382005,93.57575757575758,3284,845,7,193
45e8c5a602c1e424a504c910,AD2,sheet_metal,target_public_development,1,thin_or_extended_small_area,807,0.000180919636707989,47.42699724517907,70.78787878787878,3276,0,9,146
45e8c5a602c1e424a504c910,AD2,sheet_metal,target_public_development,2,thin_or_extended_small_area,899,0.0002015449236685032,52.833792470156105,125.57575757575758,3278,211,7,259
45e8c5a602c1e424a504c910,AD2,sheet_metal,target_public_development,3,thin_or_extended_small_area,284,6.366936409550046e-05,16.69054178145087,44.121212121212125,1431,378,20,91
45e8c5a602c1e424a504c910,AD2,sheet_metal,target_public_development,4,thin_or_extended_small_area,1010,0.00022642978076216713,59.35720844811754,167.27272727272728,3280,487,11,345
45e8c5a602c1e424a504c910,AD2,sheet_metal,target_public_development,5,thin_or_extended_small_area,4460,0.000999878041781451,262.1120293847567,233.6969696969697,1405,516,615,482
45e8c5a602c1e424a504c910,AD2,sheet_metal,target_public_development,6,thin_or_extended_small_area,560,0.00012554522497704317,32.910927456382005,93.57575757575758,3284,845,7,193
527a328eb116aa0a8fc2bed0,AD2,sheet_metal,target_public_development,1,thin_or_extended_small_area,807,0.000180919636707989,47.42699724517907,70.78787878787878,3276,0,9,146
527a328eb116aa0a8fc2bed0,AD2,sheet_metal,target_public_development,2,thin_or_extended_small_area,899,0.0002015449236685032,52.833792470156105,125.57575757575758,3278,211,7,259
527a328eb116aa0a8fc2bed0,AD2,sheet_metal,target_public_development,3,thin_or_extended_small_area,284,6.366936409550046e-05,16.69054178145087,44.121212121212125,1431,378,20,91
527a328eb116aa0a8fc2bed0,AD2,sheet_metal,target_public_development,4,thin_or_extended_small_area,1010,0.00022642978076216713,59.35720844811754,167.27272727272728,3280,487,11,345
527a328eb116aa0a8fc2bed0,AD2,sheet_metal,target_public_development,5,thin_or_extended_small_area,4342,0.0009734238693755739,255.17722681359044,216.72727272727272,1405,551,615,447
527a328eb116aa0a8fc2bed0,AD2,sheet_metal,target_public_development,6,thin_or_extended_small_area,560,0.00012554522497704317,32.910927456382005,93.57575757575758,3284,845,7,193
d759b447af9929c3f8eb3a7a,AD2,sheet_metal,target_public_development,1,thin_or_extended_small_area,807,0.000180919636707989,47.42699724517907,70.78787878787878,3276,0,9,146
d759b447af9929c3f8eb3a7a,AD2,sheet_metal,target_public_development,2,thin_or_extended_small_area,899,0.0002015449236685032,52.833792470156105,125.57575757575758,3278,211,7,259
d759b447af9929c3f8eb3a7a,AD2,sheet_metal,target_public_development,3,thin_or_extended_small_area,284,6.366936409550046e-05,16.69054178145087,44.121212121212125,1431,378,20,91
d759b447af9929c3f8eb3a7a,AD2,sheet_metal,target_public_development,4,thin_or_extended_small_area,1010,0.00022642978076216713,59.35720844811754,167.27272727272728,3280,487,11,345
d759b447af9929c3f8eb3a7a,AD2,sheet_metal,target_public_development,5,thin_or_extended_small_area,4342,0.0009734238693755739,255.17722681359044,216.72727272727272,1405,551,615,447
d759b447af9929c3f8eb3a7a,AD2,sheet_metal,target_public_development,6,thin_or_extended_small_area,560,0.00012554522497704317,32.910927456382005,93.57575757575758,3284,845,7,193
76f163961fdef0974918d682,AD2,sheet_metal,target_public_development,1,thin_or_extended_small_area,807,0.000180919636707989,47.42699724517907,70.78787878787878,3276,0,9,146
76f163961fdef0974918d682,AD2,sheet_metal,target_public_development,2,thin_or_extended_small_area,899,0.0002015449236685032,52.833792470156105,125.57575757575758,3278,211,7,259
76f163961fdef0974918d682,AD2,sheet_metal,target_public_development,3,thin_or_extended_small_area,284,6.366936409550046e-05,16.69054178145087,44.121212121212125,1431,378,20,91
76f163961fdef0974918d682,AD2,sheet_metal,target_public_development,4,thin_or_extended_small_area,1010,0.00022642978076216713,59.35720844811754,167.27272727272728,3280,487,11,345
76f163961fdef0974918d682,AD2,sheet_metal,target_public_development,5,thin_or_extended_small_area,4342,0.0009734238693755739,255.17722681359044,216.72727272727272,1405,551,615,447
76f163961fdef0974918d682,AD2,sheet_metal,target_public_development,6,thin_or_extended_small_area,560,0.00012554522497704317,32.910927456382005,93.57575757575758,3284,845,7,193
8cc1c4aec512ab4ac0483892,AD2,sheet_metal,target_public_development,1,thin_or_extended_small_area,807,0.000180919636707989,47.42699724517907,70.78787878787878,3276,0,9,146
8cc1c4aec512ab4ac0483892,AD2,sheet_metal,target_public_development,2,thin_or_extended_small_area,899,0.0002015449236685032,52.833792470156105,125.57575757575758,3278,211,7,259
8cc1c4aec512ab4ac0483892,AD2,sheet_metal,target_public_development,3,thin_or_extended_small_area,284,6.366936409550046e-05,16.69054178145087,44.121212121212125,1431,378,20,91
8cc1c4aec512ab4ac0483892,AD2,sheet_metal,target_public_development,4,thin_or_extended_small_area,1010,0.00022642978076216713,59.35720844811754,167.27272727272728,3280,487,11,345
8cc1c4aec512ab4ac0483892,AD2,sheet_metal,target_public_development,5,thin_or_extended_small_area,4460,0.000999878041781451,262.1120293847567,233.6969696969697,1405,516,615,482
8cc1c4aec512ab4ac0483892,AD2,sheet_metal,target_public_development,6,thin_or_extended_small_area,560,0.00012554522497704317,32.910927456382005,93.57575757575758,3284,845,7,193
bea7cc81d7eb9e0a73113e0e,AD2,sheet_metal,target_public_development,1,tiny_compact,568,0.0001273387281910009,33.38108356290174,12.606060606060606,3365,439,29,26
636413381b27bf232dfc81dc,AD2,sheet_metal,target_public_development,1,tiny_compact,568,0.0001273387281910009,33.38108356290174,12.606060606060606,3365,439,29,26
78e4c61acc86b30fdfeec884,AD2,sheet_metal,target_public_development,1,tiny_compact,568,0.0001273387281910009,33.38108356290174,12.606060606060606,3365,439,29,26
790ff7e272777ab396a40774,AD2,sheet_metal,target_public_development,1,tiny_compact,568,0.0001273387281910009,33.38108356290174,12.606060606060606,3365,439,29,26
dc51891230c5f68f0d2b7798,AD2,sheet_metal,target_public_development,1,tiny_compact,568,0.0001273387281910009,33.38108356290174,12.606060606060606,3365,439,29,26
02dea521dfcb617029f8c08f,AD2,sheet_metal,target_public_development,1,tiny_compact,568,0.0001273387281910009,33.38108356290174,12.606060606060606,3365,439,29,26
2af3837478436db18f3ed55d,AD2,sheet_metal,target_public_development,1,tiny_compact,520,0.00011657770890725436,30.560146923783286,12.606060606060606,2879,848,25,26
35d6264bb9201cdc868cfc9a,AD2,sheet_metal,target_public_development,1,tiny_compact,520,0.00011657770890725436,30.560146923783286,12.606060606060606,2879,848,25,26
0465056ef7eb5a7a129b3dc5,AD2,sheet_metal,target_public_development,1,tiny_compact,520,0.00011657770890725436,30.560146923783286,12.606060606060606,2879,848,25,26
ca474e12007784f279eb1dbc,AD2,sheet_metal,target_public_development,1,tiny_compact,520,0.00011657770890725436,30.560146923783286,12.606060606060606,2879,848,25,26
f84bec0e51f18392c122405e,AD2,sheet_metal,target_public_development,1,tiny_compact,520,0.00011657770890725436,30.560146923783286,12.606060606060606,2879,848,25,26
298a39c8400f68e7e5705684,AD2,sheet_metal,target_public_development,1,tiny_compact,520,0.00011657770890725436,30.560146923783286,12.606060606060606,2879,848,25,26
c51c179f6bf4eed9b3321539,AD2,sheet_metal,target_public_development,1,larger,12146,0.002722986254591368,713.8145087235996,100.36363636363636,1538,195,123,207
c51c179f6bf4eed9b3321539,AD2,sheet_metal,target_public_development,2,larger,168272,0.03772454660238751,9889.263544536272,329.2121212121212,3431,377,498,679
c51c179f6bf4eed9b3321539,AD2,sheet_metal,target_public_development,3,thin_or_extended_small_area,3124,0.000700363005050505,183.59595959595958,249.21212121212122,1285,542,49,514
fbbb8d32911c261e65269e6a,AD2,sheet_metal,target_public_development,1,larger,12146,0.002722986254591368,713.8145087235996,100.36363636363636,1538,195,123,207
fbbb8d32911c261e65269e6a,AD2,sheet_metal,target_public_development,2,larger,168272,0.03772454660238751,9889.263544536272,329.2121212121212,3431,377,498,679
fbbb8d32911c261e65269e6a,AD2,sheet_metal,target_public_development,3,thin_or_extended_small_area,3124,0.000700363005050505,183.59595959595958,249.21212121212122,1285,542,49,514
ecef6defe9755b772f9b9f42,AD2,sheet_metal,target_public_development,1,larger,12146,0.002722986254591368,713.8145087235996,100.36363636363636,1538,195,123,207
ecef6defe9755b772f9b9f42,AD2,sheet_metal,target_public_development,2,larger,168272,0.03772454660238751,9889.263544536272,329.2121212121212,3431,377,498,679
ecef6defe9755b772f9b9f42,AD2,sheet_metal,target_public_development,3,thin_or_extended_small_area,3124,0.000700363005050505,183.59595959595958,249.21212121212122,1285,542,49,514
6345a21fe37be30d96fb9428,AD2,sheet_metal,target_public_development,1,larger,12146,0.002722986254591368,713.8145087235996,100.36363636363636,1538,195,123,207
6345a21fe37be30d96fb9428,AD2,sheet_metal,target_public_development,2,larger,168272,0.03772454660238751,9889.263544536272,329.2121212121212,3431,377,498,679
6345a21fe37be30d96fb9428,AD2,sheet_metal,target_public_development,3,thin_or_extended_small_area,3124,0.000700363005050505,183.59595959595958,249.21212121212122,1285,542,49,514
aaa9917f37d46dca1b537b31,AD2,sheet_metal,target_public_development,1,larger,12146,0.002722986254591368,713.8145087235996,100.36363636363636,1538,195,123,207
aaa9917f37d46dca1b537b31,AD2,sheet_metal,target_public_development,2,larger,168272,0.03772454660238751,9889.263544536272,329.2121212121212,3431,377,498,679
aaa9917f37d46dca1b537b31,AD2,sheet_metal,target_public_development,3,thin_or_extended_small_area,3124,0.000700363005050505,183.59595959595958,249.21212121212122,1285,542,49,514
e7462263ee482282944bbd73,AD2,sheet_metal,target_public_development,1,larger,12146,0.002722986254591368,713.8145087235996,100.36363636363636,1538,195,123,207
e7462263ee482282944bbd73,AD2,sheet_metal,target_public_development,2,larger,168272,0.03772454660238751,9889.263544536272,329.2121212121212,3431,377,498,679
e7462263ee482282944bbd73,AD2,sheet_metal,target_public_development,3,thin_or_extended_small_area,3124,0.000700363005050505,183.59595959595958,249.21212121212122,1285,542,49,514
91767fc5f036238461f81a96,AD2,sheet_metal,target_public_development,1,tiny_compact,548,0.00012285497015610653,32.20569329660239,11.151515151515152,3560,212,30,23
91767fc5f036238461f81a96,AD2,sheet_metal,target_public_development,2,tiny_compact,832,0.00018652433425160698,48.89623507805326,15.030303030303031,451,466,36,31
91767fc5f036238461f81a96,AD2,sheet_metal,target_public_development,3,tiny_compact,494,0.00011074882346189164,29.032139577594123,12.606060606060606,2156,519,24,26
91767fc5f036238461f81a96,AD2,sheet_metal,target_public_development,4,tiny_compact,611,0.00013697880796602387,35.90817263544536,13.575757575757576,2188,523,28,28
91767fc5f036238461f81a96,AD2,sheet_metal,target_public_development,5,tiny_compact,584,0.00013092573461891645,34.321395775941234,13.090909090909092,2154,551,30,27
91767fc5f036238461f81a96,AD2,sheet_metal,target_public_development,6,tiny_compact,534,0.00011971633953168044,31.38292011019284,14.545454545454545,1092,1006,24,30
873afdd0a95e806bdf5024e8,AD2,sheet_metal,target_public_development,1,tiny_compact,548,0.00012285497015610653,32.20569329660239,11.151515151515152,3560,212,30,23
873afdd0a95e806bdf5024e8,AD2,sheet_metal,target_public_development,2,tiny_compact,832,0.00018652433425160698,48.89623507805326,15.030303030303031,451,466,36,31
873afdd0a95e806bdf5024e8,AD2,sheet_metal,target_public_development,3,tiny_compact,494,0.00011074882346189164,29.032139577594123,12.606060606060606,2156,519,24,26
873afdd0a95e806bdf5024e8,AD2,sheet_metal,target_public_development,4,tiny_compact,611,0.00013697880796602387,35.90817263544536,13.575757575757576,2188,523,28,28
873afdd0a95e806bdf5024e8,AD2,sheet_metal,target_public_development,5,tiny_compact,584,0.00013092573461891645,34.321395775941234,13.090909090909092,2154,551,30,27
873afdd0a95e806bdf5024e8,AD2,sheet_metal,target_public_development,6,tiny_compact,534,0.00011971633953168044,31.38292011019284,14.545454545454545,1092,1006,24,30
0c64f2fa1ba68c7f9b62805f,AD2,sheet_metal,target_public_development,1,tiny_compact,548,0.00012285497015610653,32.20569329660239,11.151515151515152,3560,212,30,23
0c64f2fa1ba68c7f9b62805f,AD2,sheet_metal,target_public_development,2,tiny_compact,832,0.00018652433425160698,48.89623507805326,15.030303030303031,451,466,36,31
0c64f2fa1ba68c7f9b62805f,AD2,sheet_metal,target_public_development,3,tiny_compact,494,0.00011074882346189164,29.032139577594123,12.606060606060606,2156,519,24,26
0c64f2fa1ba68c7f9b62805f,AD2,sheet_metal,target_public_development,4,tiny_compact,572,0.0001282354797979798,33.61616161616162,13.575757575757576,2188,523,28,28
0c64f2fa1ba68c7f9b62805f,AD2,sheet_metal,target_public_development,5,tiny_compact,572,0.0001282354797979798,33.61616161616162,13.090909090909092,2154,551,30,27
0c64f2fa1ba68c7f9b62805f,AD2,sheet_metal,target_public_development,6,tiny_compact,534,0.00011971633953168044,31.38292011019284,14.545454545454545,1092,1006,24,30
5dd6d47fc527b6bd1048a5e0,AD2,sheet_metal,target_public_development,1,tiny_compact,548,0.00012285497015610653,32.20569329660239,11.151515151515152,3560,212,30,23
5dd6d47fc527b6bd1048a5e0,AD2,sheet_metal,target_public_development,2,tiny_compact,832,0.00018652433425160698,48.89623507805326,15.030303030303031,451,466,36,31
5dd6d47fc527b6bd1048a5e0,AD2,sheet_metal,target_public_development,3,tiny_compact,494,0.00011074882346189164,29.032139577594123,12.606060606060606,2156,519,24,26
5dd6d47fc527b6bd1048a5e0,AD2,sheet_metal,target_public_development,4,tiny_compact,572,0.0001282354797979798,33.61616161616162,13.575757575757576,2188,523,28,28
5dd6d47fc527b6bd1048a5e0,AD2,sheet_metal,target_public_development,5,tiny_compact,572,0.0001282354797979798,33.61616161616162,13.090909090909092,2154,551,30,27
5dd6d47fc527b6bd1048a5e0,AD2,sheet_metal,target_public_development,6,tiny_compact,534,0.00011971633953168044,31.38292011019284,14.545454545454545,1092,1006,24,30
d2e3e79e1c3f22f562208163,AD2,sheet_metal,target_public_development,1,tiny_compact,548,0.00012285497015610653,32.20569329660239,11.151515151515152,3560,212,30,23
d2e3e79e1c3f22f562208163,AD2,sheet_metal,target_public_development,2,tiny_compact,832,0.00018652433425160698,48.89623507805326,15.030303030303031,451,466,36,31
d2e3e79e1c3f22f562208163,AD2,sheet_metal,target_public_development,3,tiny_compact,494,0.00011074882346189164,29.032139577594123,12.606060606060606,2156,519,24,26
d2e3e79e1c3f22f562208163,AD2,sheet_metal,target_public_development,4,tiny_compact,572,0.0001282354797979798,33.61616161616162,13.575757575757576,2188,523,28,28
d2e3e79e1c3f22f562208163,AD2,sheet_metal,target_public_development,5,tiny_compact,572,0.0001282354797979798,33.61616161616162,13.090909090909092,2154,551,30,27
d2e3e79e1c3f22f562208163,AD2,sheet_metal,target_public_development,6,tiny_compact,534,0.00011971633953168044,31.38292011019284,14.545454545454545,1092,1006,24,30
cda504807d17084bd27ddb9e,AD2,sheet_metal,target_public_development,1,tiny_compact,548,0.00012285497015610653,32.20569329660239,11.151515151515152,3560,212,30,23
cda504807d17084bd27ddb9e,AD2,sheet_metal,target_public_development,2,tiny_compact,832,0.00018652433425160698,48.89623507805326,15.030303030303031,451,466,36,31
cda504807d17084bd27ddb9e,AD2,sheet_metal,target_public_development,3,tiny_compact,494,0.00011074882346189164,29.032139577594123,12.606060606060606,2156,519,24,26
cda504807d17084bd27ddb9e,AD2,sheet_metal,target_public_development,4,tiny_compact,611,0.00013697880796602387,35.90817263544536,13.575757575757576,2188,523,28,28
cda504807d17084bd27ddb9e,AD2,sheet_metal,target_public_development,5,tiny_compact,584,0.00013092573461891645,34.321395775941234,13.090909090909092,2154,551,30,27
cda504807d17084bd27ddb9e,AD2,sheet_metal,target_public_development,6,tiny_compact,534,0.00011971633953168044,31.38292011019284,14.545454545454545,1092,1006,24,30
b0f74afa216fab8cb3eb3ea9,AD2,vial,target_public_development,1,larger,28354,0.010659398496240601,2794.297359398496,91.62105263157895,613,1229,240,340
b0f74afa216fab8cb3eb3ea9,AD2,vial,target_public_development,2,tiny_compact,65,2.443609022556391e-05,6.405774436090225,3.5031578947368422,754,1282,7,13
b0f74afa216fab8cb3eb3ea9,AD2,vial,target_public_development,3,tiny_compact,140,5.2631578947368424e-05,13.797052631578948,5.928421052631579,706,1334,11,22
e57c9d7d25e1bc8373a8dbec,AD2,vial,target_public_development,1,larger,28435,0.01068984962406015,2802.279939849624,107.52,613,1170,223,399
e57c9d7d25e1bc8373a8dbec,AD2,vial,target_public_development,2,tiny_compact,119,4.473684210526316e-05,11.727494736842106,5.12,707,1336,10,19
f974fb1cee8ee3383fb1f2aa,AD2,vial,target_public_development,1,larger,28360,0.010661654135338346,2794.8886616541354,91.62105263157895,613,1229,240,340
f974fb1cee8ee3383fb1f2aa,AD2,vial,target_public_development,2,tiny_compact,65,2.443609022556391e-05,6.405774436090225,3.5031578947368422,754,1282,7,13
f974fb1cee8ee3383fb1f2aa,AD2,vial,target_public_development,3,tiny_compact,140,5.2631578947368424e-05,13.797052631578948,5.928421052631579,706,1334,11,22
2d925ec69a44caf8b8c49d2a,AD2,vial,target_public_development,1,larger,28360,0.010661654135338346,2794.8886616541354,91.62105263157895,613,1229,240,340
2d925ec69a44caf8b8c49d2a,AD2,vial,target_public_development,2,tiny_compact,65,2.443609022556391e-05,6.405774436090225,3.5031578947368422,754,1282,7,13
2d925ec69a44caf8b8c49d2a,AD2,vial,target_public_development,3,tiny_compact,140,5.2631578947368424e-05,13.797052631578948,5.928421052631579,706,1334,11,22
4210f14261589f73cc351627,AD2,vial,target_public_development,1,larger,28354,0.010659398496240601,2794.297359398496,91.62105263157895,613,1229,240,340
4210f14261589f73cc351627,AD2,vial,target_public_development,2,tiny_compact,65,2.443609022556391e-05,6.405774436090225,3.5031578947368422,754,1282,7,13
4210f14261589f73cc351627,AD2,vial,target_public_development,3,tiny_compact,140,5.2631578947368424e-05,13.797052631578948,5.928421052631579,706,1334,11,22
5e654463cec9c5410617249a,AD2,vial,target_public_development,1,larger,28354,0.010659398496240601,2794.297359398496,91.62105263157895,613,1229,240,340
5e654463cec9c5410617249a,AD2,vial,target_public_development,2,tiny_compact,65,2.443609022556391e-05,6.405774436090225,3.5031578947368422,754,1282,7,13
5e654463cec9c5410617249a,AD2,vial,target_public_development,3,tiny_compact,140,5.2631578947368424e-05,13.797052631578948,5.928421052631579,706,1334,11,22
4368a46c1df78640b7c5ba2d,AD2,vial,target_public_development,1,larger,27768,0.010439097744360902,2736.5468390977444,98.08842105263157,613,1205,245,364
4368a46c1df78640b7c5ba2d,AD2,vial,target_public_development,2,tiny_compact,77,2.894736842105263e-05,7.588378947368421,3.7726315789473683,753,1283,8,14
4368a46c1df78640b7c5ba2d,AD2,vial,target_public_development,3,tiny_compact,63,2.368421052631579e-05,6.208673684210527,3.5031578947368422,739,1316,7,13
4368a46c1df78640b7c5ba2d,AD2,vial,target_public_development,4,tiny_compact,55,2.067669172932331e-05,5.42027067669173,5.12,712,1336,5,19
af92f760794c2fe1f8e29066,AD2,vial,target_public_development,1,larger,22097,0.008307142857142857,2177.667657142857,88.86857142857143,580,1419,243,126
c57c21ac2a596017b12adf4f,AD2,vial,target_public_development,1,larger,22097,0.008307142857142857,2177.667657142857,88.86857142857143,580,1419,243,126
ab16ea141ffd570cc9aef9db,AD2,vial,target_public_development,1,larger,22097,0.008307142857142857,2177.667657142857,88.86857142857143,580,1419,243,126
5162442239d7cbe550815333,AD2,vial,target_public_development,1,larger,22097,0.008307142857142857,2177.667657142857,88.86857142857143,580,1419,243,126
23a75855fcd17d7ff38cd713,AD2,vial,target_public_development,1,larger,22097,0.008307142857142857,2177.667657142857,88.86857142857143,580,1419,243,126
93cdfad114c923566adb97f6,AD2,vial,target_public_development,1,larger,22097,0.008307142857142857,2177.667657142857,88.86857142857143,580,1419,243,126
236b5357662685a73021a3a6,AD2,vial,target_public_development,1,larger,22097,0.008307142857142857,2177.667657142857,88.86857142857143,580,1419,243,126
100f041e93322a67965ddcd7,AD2,vial,target_public_development,1,tiny_compact,280,0.00010526315789473685,27.594105263157896,9.508571428571429,724,1402,26,16
100f041e93322a67965ddcd7,AD2,vial,target_public_development,2,larger,22230,0.008357142857142856,2190.774857142857,74.24,602,1420,203,148
393fa49d814901fb3b57921b,AD2,vial,target_public_development,1,tiny_compact,280,0.00010526315789473685,27.594105263157896,9.508571428571429,724,1402,26,16
393fa49d814901fb3b57921b,AD2,vial,target_public_development,2,larger,22230,0.008357142857142856,2190.774857142857,74.24,602,1420,203,148
094070e454df1dc07f4c9e7e,AD2,vial,target_public_development,1,tiny_compact,280,0.00010526315789473685,27.594105263157896,9.508571428571429,724,1402,26,16
094070e454df1dc07f4c9e7e,AD2,vial,target_public_development,2,larger,22230,0.008357142857142856,2190.774857142857,74.24,602,1420,203,148
212a5aa24fd1af4de2722aed,AD2,vial,target_public_development,1,tiny_compact,280,0.00010526315789473685,27.594105263157896,9.508571428571429,724,1402,26,16
212a5aa24fd1af4de2722aed,AD2,vial,target_public_development,2,larger,22230,0.008357142857142856,2190.774857142857,74.24,602,1420,203,148
5485d8cc58bc644c9c5de1ef,AD2,vial,target_public_development,1,tiny_compact,280,0.00010526315789473685,27.594105263157896,9.508571428571429,724,1402,26,16
5485d8cc58bc644c9c5de1ef,AD2,vial,target_public_development,2,larger,22230,0.008357142857142856,2190.774857142857,74.24,602,1420,203,148
472d07a4e18ce4fbf68a561c,AD2,vial,target_public_development,1,tiny_compact,280,0.00010526315789473685,27.594105263157896,9.508571428571429,724,1402,26,16
472d07a4e18ce4fbf68a561c,AD2,vial,target_public_development,2,larger,22230,0.008357142857142856,2190.774857142857,74.24,602,1420,203,148
d02cc10c6d262a13a5babc6f,AD2,vial,target_public_development,1,tiny_compact,280,0.00010526315789473685,27.594105263157896,9.508571428571429,724,1402,26,16
d02cc10c6d262a13a5babc6f,AD2,vial,target_public_development,2,larger,22230,0.008357142857142856,2190.774857142857,74.24,602,1420,203,148
0fb19517f975ee2c743dea75,AD2,vial,target_public_development,1,larger,15954,0.005997744360902255,1572.2726977443608,75.7221052631579,530,360,113,281
0fb19517f975ee2c743dea75,AD2,vial,target_public_development,2,larger,17235,0.006479323308270677,1698.5157293233083,82.65142857142857,585,638,226,118
45a2ffeaa8d4dc8cd6468205,AD2,vial,target_public_development,1,larger,15896,0.00597593984962406,1566.5567759398496,75.7221052631579,530,361,113,281
45a2ffeaa8d4dc8cd6468205,AD2,vial,target_public_development,2,larger,17256,0.006487218045112782,1700.585287218045,83.01714285714286,584,639,227,118
6cb29e03c77299c1e0cd7546,AD2,vial,target_public_development,1,larger,15990,0.006011278195488722,1575.8205112781955,75.7221052631579,530,359,113,281
6cb29e03c77299c1e0cd7546,AD2,vial,target_public_development,2,larger,17337,0.006517669172932331,1708.567867669173,83.01714285714286,585,637,227,118
32a6db5684114ea33f29a208,AD2,vial,target_public_development,1,larger,15982,0.006008270676691729,1575.0321082706766,75.7221052631579,530,359,113,281
32a6db5684114ea33f29a208,AD2,vial,target_public_development,2,larger,17292,0.006500751879699248,1704.1331007518797,83.01714285714286,585,637,227,118
08d251edd13fcdd8e713f586,AD2,vial,target_public_development,1,larger,15955,0.00599812030075188,1572.3712481203008,75.7221052631579,530,360,113,281
08d251edd13fcdd8e713f586,AD2,vial,target_public_development,2,larger,17251,0.006485338345864662,1700.092535338346,82.65142857142857,587,638,226,118
8843c6650bc667eb577d416a,AD2,vial,target_public_development,1,larger,15937,0.005991353383458646,1570.5973413533834,75.7221052631579,530,361,113,281
8843c6650bc667eb577d416a,AD2,vial,target_public_development,2,larger,17284,0.006497744360902256,1703.344697744361,82.65142857142857,587,638,226,118
d3af413ccd8f1e1f5531c9c7,AD2,vial,target_public_development,1,larger,15961,0.006000375939849624,1572.9625503759398,75.7221052631579,530,359,113,281
d3af413ccd8f1e1f5531c9c7,AD2,vial,target_public_development,2,larger,17254,0.006486466165413534,1700.3881864661655,83.38285714285715,584,637,228,119
163f21cdd3b13dcc4ed289de,AD2,vial,target_public_development,1,larger,7337,0.0027582706766917293,723.0641082706767,48.27428571428572,597,1040,132,175
163f21cdd3b13dcc4ed289de,AD2,vial,target_public_development,2,larger,15558,0.005848872180451128,1533.2467488721804,62.78736842105263,669,1227,143,233
163f21cdd3b13dcc4ed289de,AD2,vial,target_public_development,3,tiny_compact,485,0.00018233082706766918,47.79693233082707,11.337142857142856,716,1388,31,32
d346c04047927ce3be5464f4,AD2,vial,target_public_development,1,larger,7337,0.0027582706766917293,723.0641082706767,48.27428571428572,597,1040,132,175
d346c04047927ce3be5464f4,AD2,vial,target_public_development,2,larger,15558,0.005848872180451128,1533.2467488721804,62.78736842105263,669,1227,143,233
d346c04047927ce3be5464f4,AD2,vial,target_public_development,3,tiny_compact,485,0.00018233082706766918,47.79693233082707,11.337142857142856,716,1388,31,32
a3250ee90882d4f7565a946b,AD2,vial,target_public_development,1,larger,7337,0.0027582706766917293,723.0641082706767,48.27428571428572,597,1040,132,175
a3250ee90882d4f7565a946b,AD2,vial,target_public_development,2,larger,15558,0.005848872180451128,1533.2467488721804,62.78736842105263,669,1227,143,233
a3250ee90882d4f7565a946b,AD2,vial,target_public_development,3,tiny_compact,485,0.00018233082706766918,47.79693233082707,11.337142857142856,716,1388,31,32
505b193495cc0414bc628044,AD2,vial,target_public_development,1,larger,7337,0.0027582706766917293,723.0641082706767,48.27428571428572,597,1040,132,175
505b193495cc0414bc628044,AD2,vial,target_public_development,2,larger,15558,0.005848872180451128,1533.2467488721804,62.78736842105263,669,1227,143,233
505b193495cc0414bc628044,AD2,vial,target_public_development,3,tiny_compact,485,0.00018233082706766918,47.79693233082707,11.337142857142856,716,1388,31,32
d283397b0a78058c7a339df8,AD2,vial,target_public_development,1,larger,7337,0.0027582706766917293,723.0641082706767,48.27428571428572,597,1040,132,175
d283397b0a78058c7a339df8,AD2,vial,target_public_development,2,larger,15558,0.005848872180451128,1533.2467488721804,62.78736842105263,669,1227,143,233
d283397b0a78058c7a339df8,AD2,vial,target_public_development,3,tiny_compact,485,0.00018233082706766918,47.79693233082707,11.337142857142856,716,1388,31,32
d1b8686ad4601d41cd464122,AD2,vial,target_public_development,1,larger,7337,0.0027582706766917293,723.0641082706767,48.27428571428572,597,1040,132,175
d1b8686ad4601d41cd464122,AD2,vial,target_public_development,2,larger,15558,0.005848872180451128,1533.2467488721804,62.78736842105263,669,1227,143,233
d1b8686ad4601d41cd464122,AD2,vial,target_public_development,3,tiny_compact,485,0.00018233082706766918,47.79693233082707,11.337142857142856,716,1388,31,32
4e204994de3f8a049e680efe,AD2,vial,target_public_development,1,larger,7337,0.0027582706766917293,723.0641082706767,48.27428571428572,597,1040,132,175
4e204994de3f8a049e680efe,AD2,vial,target_public_development,2,larger,15558,0.005848872180451128,1533.2467488721804,62.78736842105263,669,1227,143,233
4e204994de3f8a049e680efe,AD2,vial,target_public_development,3,tiny_compact,485,0.00018233082706766918,47.79693233082707,11.337142857142856,716,1388,31,32
bc4dc1223c28bd9f8676ffbb,AD2,vial,target_public_development,1,larger,115531,0.043432706766917295,11385.623482706767,196.7157894736842,616,365,298,730
948092a137c45739988d1670,AD2,vial,target_public_development,1,larger,115531,0.043432706766917295,11385.623482706767,196.7157894736842,616,365,298,730
5fa9afc184f8bfe730384a41,AD2,vial,target_public_development,1,larger,115531,0.043432706766917295,11385.623482706767,196.7157894736842,616,365,298,730
739e090bf2920a95bccad43c,AD2,vial,target_public_development,1,larger,115531,0.043432706766917295,11385.623482706767,196.7157894736842,616,365,298,730
2eda804c7dbf249ba6f8fee3,AD2,vial,target_public_development,1,larger,115531,0.043432706766917295,11385.623482706767,196.7157894736842,616,365,298,730
9e5b7d970e9952201221d79b,AD2,vial,target_public_development,1,larger,115531,0.043432706766917295,11385.623482706767,196.7157894736842,616,365,298,730
69e1e2c8109ec9641ef8e674,AD2,vial,target_public_development,1,larger,115531,0.043432706766917295,11385.623482706767,196.7157894736842,616,365,298,730
f9a5ba3c85652e0775e2f12c,AD2,vial,target_public_development,1,larger,14082,0.005293984962406015,1387.7863939849624,85.15368421052632,527,996,183,316
f9a5ba3c85652e0775e2f12c,AD2,vial,target_public_development,2,tiny_compact,524,0.0001969924812030075,51.6403969924812,8.777142857142858,593,1149,24,29
620719d7978366fde50f2fa8,AD2,vial,target_public_development,1,larger,14082,0.005293984962406015,1387.7863939849624,85.15368421052632,527,996,183,316
620719d7978366fde50f2fa8,AD2,vial,target_public_development,2,tiny_compact,524,0.0001969924812030075,51.6403969924812,8.777142857142858,593,1149,24,29
f4af84d8072f034fcbd1fb90,AD2,vial,target_public_development,1,larger,14082,0.005293984962406015,1387.7863939849624,85.15368421052632,527,996,183,316
f4af84d8072f034fcbd1fb90,AD2,vial,target_public_development,2,tiny_compact,524,0.0001969924812030075,51.6403969924812,8.777142857142858,593,1149,24,29
53b36875d3fd5edb96b02eed,AD2,vial,target_public_development,1,larger,14082,0.005293984962406015,1387.7863939849624,85.15368421052632,527,996,183,316
53b36875d3fd5edb96b02eed,AD2,vial,target_public_development,2,tiny_compact,524,0.0001969924812030075,51.6403969924812,8.777142857142858,593,1149,24,29
1720848d1bf41b2eb6beb7bb,AD2,vial,target_public_development,1,larger,14082,0.005293984962406015,1387.7863939849624,85.15368421052632,527,996,183,316
1720848d1bf41b2eb6beb7bb,AD2,vial,target_public_development,2,tiny_compact,524,0.0001969924812030075,51.6403969924812,8.777142857142858,593,1149,24,29
0ddda664e34d703e38ea685e,AD2,vial,target_public_development,1,larger,14082,0.005293984962406015,1387.7863939849624,85.15368421052632,527,996,183,316
0ddda664e34d703e38ea685e,AD2,vial,target_public_development,2,tiny_compact,524,0.0001969924812030075,51.6403969924812,8.777142857142858,593,1149,24,29
88060e63e76ca949dc970610,AD2,vial,target_public_development,1,larger,14082,0.005293984962406015,1387.7863939849624,85.15368421052632,527,996,183,316
88060e63e76ca949dc970610,AD2,vial,target_public_development,2,tiny_compact,524,0.0001969924812030075,51.6403969924812,8.777142857142858,593,1149,24,29
330563a8dd047ff0f385cac8,AD2,vial,target_public_development,1,larger,10602,0.003985714285714286,1044.8310857142858,50.10285714285714,761,649,137,122
330563a8dd047ff0f385cac8,AD2,vial,target_public_development,2,tiny_compact,1470,0.0005526315789473684,144.86905263157894,18.285714285714285,749,703,50,44
487fb961815dd230cf9d9efd,AD2,vial,target_public_development,1,larger,10602,0.003985714285714286,1044.8310857142858,50.10285714285714,761,649,137,122
487fb961815dd230cf9d9efd,AD2,vial,target_public_development,2,tiny_compact,1470,0.0005526315789473684,144.86905263157894,18.285714285714285,749,703,50,44
9179b2c64d09fd17c791545d,AD2,vial,target_public_development,1,larger,10575,0.003975563909774436,1042.1702255639098,50.10285714285714,761,651,137,121
9179b2c64d09fd17c791545d,AD2,vial,target_public_development,2,tiny_compact,1461,0.0005492481203007519,143.9820992481203,18.285714285714285,749,704,50,44
9a32f77392d1387bad6687be,AD2,vial,target_public_development,1,larger,10580,0.003977443609022556,1042.662977443609,50.10285714285714,760,647,137,122
9a32f77392d1387bad6687be,AD2,vial,target_public_development,2,tiny_compact,1439,0.0005409774436090226,141.8139909774436,18.285714285714285,749,701,50,44
85d4e2cbbb7467a2c84cf0eb,AD2,vial,target_public_development,1,larger,10607,0.003987593984962406,1045.323837593985,50.10285714285714,761,651,137,122
85d4e2cbbb7467a2c84cf0eb,AD2,vial,target_public_development,2,tiny_compact,1461,0.0005492481203007519,143.9820992481203,18.285714285714285,749,704,50,44
37726e828c5a58652587e655,AD2,vial,target_public_development,1,larger,10583,0.0039785714285714285,1042.9586285714286,50.10285714285714,761,650,137,121
37726e828c5a58652587e655,AD2,vial,target_public_development,2,tiny_compact,1461,0.0005492481203007519,143.9820992481203,18.285714285714285,749,703,50,44
9ed1281a703f8052c992344a,AD2,vial,target_public_development,1,larger,10629,0.003995864661654135,1047.4919458646616,50.10285714285714,761,647,137,122
9ed1281a703f8052c992344a,AD2,vial,target_public_development,2,tiny_compact,1470,0.0005526315789473684,144.86905263157894,18.285714285714285,749,702,50,44
adbc7959bdf6493a6609e536,AD2,vial,target_public_development,1,larger,344970,0.12968796992481202,33996.92318796992,296.42105263157896,490,684,419,1100
f299dd2174f70164c5878b71,AD2,vial,target_public_development,1,larger,344970,0.12968796992481202,33996.92318796992,296.42105263157896,490,684,419,1100
1eb7cf8c85b18f924fa51b8a,AD2,vial,target_public_development,1,larger,344970,0.12968796992481202,33996.92318796992,296.42105263157896,490,684,419,1100
e293294ad3c63518fc23cea3,AD2,vial,target_public_development,1,larger,344970,0.12968796992481202,33996.92318796992,296.42105263157896,490,684,419,1100
f4f56aed4474a41977befbad,AD2,vial,target_public_development,1,larger,344970,0.12968796992481202,33996.92318796992,296.42105263157896,490,684,419,1100
6ff40ba099543719f9f0a796,AD2,vial,target_public_development,1,larger,344970,0.12968796992481202,33996.92318796992,296.42105263157896,490,684,419,1100
79c0f261b5db67b050467286,AD2,vial,target_public_development,1,larger,344970,0.12968796992481202,33996.92318796992,296.42105263157896,490,684,419,1100
39b149c2faaa7b719114254c,AD2,vial,target_public_development,1,tiny_compact,884,0.00033233082706766916,87.11853233082707,19.67157894736842,786,618,24,73
39b149c2faaa7b719114254c,AD2,vial,target_public_development,2,larger,38502,0.014474436090225563,3794.38657443609,115.6042105263158,693,705,157,429
e9ce570ff402a4f8d79a72c4,AD2,vial,target_public_development,1,tiny_compact,884,0.00033233082706766916,87.11853233082707,19.67157894736842,786,618,24,73
e9ce570ff402a4f8d79a72c4,AD2,vial,target_public_development,2,larger,38502,0.014474436090225563,3794.38657443609,115.6042105263158,693,705,157,429
7f6aa1439991e87d0719a352,AD2,vial,target_public_development,1,tiny_compact,884,0.00033233082706766916,87.11853233082707,19.67157894736842,786,618,24,73
7f6aa1439991e87d0719a352,AD2,vial,target_public_development,2,larger,38502,0.014474436090225563,3794.38657443609,115.6042105263158,693,705,157,429
7f5ff35aac1712c0e870faf0,AD2,vial,target_public_development,1,tiny_compact,884,0.00033233082706766916,87.11853233082707,19.67157894736842,786,621,24,73
7f5ff35aac1712c0e870faf0,AD2,vial,target_public_development,2,larger,38454,0.014456390977443608,3789.6561563909772,115.6042105263158,693,708,157,429
40c2fb0abbac2d9b9e9df9d2,AD2,vial,target_public_development,1,tiny_compact,884,0.00033233082706766916,87.11853233082707,19.67157894736842,786,618,24,73
40c2fb0abbac2d9b9e9df9d2,AD2,vial,target_public_development,2,larger,38502,0.014474436090225563,3794.38657443609,115.6042105263158,693,705,157,429
251890f873978b8f6f7e85a4,AD2,vial,target_public_development,1,tiny_compact,884,0.00033233082706766916,87.11853233082707,19.67157894736842,786,621,24,73
251890f873978b8f6f7e85a4,AD2,vial,target_public_development,2,larger,38464,0.01446015037593985,3790.641660150376,115.6042105263158,693,708,157,429
f735c15b743190347d1a9afc,AD2,vial,target_public_development,1,tiny_compact,884,0.00033233082706766916,87.11853233082707,19.67157894736842,786,618,24,73
f735c15b743190347d1a9afc,AD2,vial,target_public_development,2,larger,38502,0.014474436090225563,3794.38657443609,115.6042105263158,693,705,157,429
f459eff606a2ef1da4de747a,AD2,vial,target_public_development,1,larger,10138,0.003811278195488722,999.1037112781955,50.46857142857143,561,670,138,106
9bcc01c1dcfaed96bff123d6,AD2,vial,target_public_development,1,larger,9921,0.0037296992481203007,977.7182796992481,49.73714285714286,561,670,136,103
27f8654179d453ee074b1419,AD2,vial,target_public_development,1,larger,10148,0.003815037593984962,1000.0892150375939,50.46857142857143,563,669,138,106
58213cc55d7086e0a352e165,AD2,vial,target_public_development,1,larger,10148,0.003815037593984962,1000.0892150375939,50.46857142857143,562,671,138,106
d3bc41e4507aa9f687b46656,AD2,vial,target_public_development,1,larger,10148,0.003815037593984962,1000.0892150375939,50.46857142857143,563,670,138,106
f5ea49f36698789f5bc95be7,AD2,vial,target_public_development,1,larger,10148,0.003815037593984962,1000.0892150375939,50.46857142857143,563,670,138,106
a6531679f751fd403a39f243,AD2,vial,target_public_development,1,larger,10076,0.00378796992481203,992.9935879699248,50.10285714285714,562,670,137,106
3b47ad8cb8a765b15660708a,AD2,vial,target_public_development,1,larger,5621,0.002113157894736842,553.9516631578947,36.93714285714286,591,1655,101,100
2797b1ae97bd4b76dad27d67,AD2,vial,target_public_development,1,larger,5621,0.002113157894736842,553.9516631578947,36.93714285714286,591,1655,101,100
bf91ce7a78453e37f4a6dd93,AD2,vial,target_public_development,1,larger,5621,0.002113157894736842,553.9516631578947,36.93714285714286,591,1655,101,100
55ba2cc4a7bffb8dad5837a4,AD2,vial,target_public_development,1,larger,5621,0.002113157894736842,553.9516631578947,36.93714285714286,591,1655,101,100
0fde969fcea44d171a3134b6,AD2,vial,target_public_development,1,larger,5621,0.002113157894736842,553.9516631578947,36.93714285714286,591,1655,101,100
66c6c4261bf3c7f068def984,AD2,vial,target_public_development,1,larger,5621,0.002113157894736842,553.9516631578947,36.93714285714286,591,1655,101,100
592d2b56993ffffdcb5e119c,AD2,vial,target_public_development,1,larger,5621,0.002113157894736842,553.9516631578947,36.93714285714286,591,1655,101,100
6ad4558b0674c92ce5c7d2c3,AD2,vial,target_public_development,1,larger,256944,0.09659548872180451,25321.927795488722,187.2842105263158,478,680,420,695
5e001a90fec6100a4eb18470,AD2,vial,target_public_development,1,larger,256944,0.09659548872180451,25321.927795488722,187.2842105263158,478,680,420,695
be9a6878846f34241fabaac9,AD2,vial,target_public_development,1,larger,256944,0.09659548872180451,25321.927795488722,187.2842105263158,478,680,420,695
290ce7a033eff6b15677490c,AD2,vial,target_public_development,1,larger,256944,0.09659548872180451,25321.927795488722,187.2842105263158,478,680,420,695
d8ed75ee3b974c38f1c0ec93,AD2,vial,target_public_development,1,larger,256308,0.09635639097744361,25259.24975639098,186.74526315789473,478,680,420,693
c44b109c3804771d799d928d,AD2,vial,target_public_development,1,larger,256308,0.09635639097744361,25259.24975639098,186.74526315789473,478,680,420,693
a815daf80e340ecbe79b37f1,AD2,vial,target_public_development,1,larger,256308,0.09635639097744361,25259.24975639098,186.74526315789473,478,680,420,693
0d1c69b90036cb625a001cf3,AD2,vial,target_public_development,1,larger,129434,0.048659398496240604,12755.769359398497,141.89714285714285,515,966,388,388
ff4da645d59de511e240236e,AD2,vial,target_public_development,1,larger,129434,0.048659398496240604,12755.769359398497,141.89714285714285,515,966,388,388
0d9fc52bfe65d4cffef5dac8,AD2,vial,target_public_development,1,larger,129434,0.048659398496240604,12755.769359398497,141.89714285714285,515,966,388,388
f45314a2de1f818f40ca3137,AD2,vial,target_public_development,1,larger,129434,0.048659398496240604,12755.769359398497,141.89714285714285,515,966,388,388
5fc9c9340ccc8e39447114e3,AD2,vial,target_public_development,1,larger,129434,0.048659398496240604,12755.769359398497,141.89714285714285,515,966,388,388
a3e900328d2e89f54a67f440,AD2,vial,target_public_development,1,larger,129434,0.048659398496240604,12755.769359398497,141.89714285714285,515,966,388,388
3c78615814c63382d9b3725b,AD2,vial,target_public_development,1,larger,129434,0.048659398496240604,12755.769359398497,141.89714285714285,515,966,388,388
8446ef8810e2f22ffae97270,AD2,vial,target_public_development,1,larger,61003,0.022933458646616542,6011.868583458647,272.0914285714286,322,95,744,118
8446ef8810e2f22ffae97270,AD2,vial,target_public_development,2,larger,10934,0.004110526315789473,1077.5498105263157,44.25142857142857,522,696,121,113
648fc6d48c352f86fc57518b,AD2,vial,target_public_development,1,larger,61003,0.022933458646616542,6011.868583458647,272.0914285714286,322,95,744,118
648fc6d48c352f86fc57518b,AD2,vial,target_public_development,2,larger,10934,0.004110526315789473,1077.5498105263157,44.25142857142857,522,696,121,113
1d87c1cb59279216c21281c3,AD2,vial,target_public_development,1,larger,61003,0.022933458646616542,6011.868583458647,272.0914285714286,322,95,744,118
1d87c1cb59279216c21281c3,AD2,vial,target_public_development,2,larger,10934,0.004110526315789473,1077.5498105263157,44.25142857142857,522,696,121,113
33474bed37f7f25d414dff09,AD2,vial,target_public_development,1,larger,61003,0.022933458646616542,6011.868583458647,272.0914285714286,322,95,744,118
33474bed37f7f25d414dff09,AD2,vial,target_public_development,2,larger,10934,0.004110526315789473,1077.5498105263157,44.25142857142857,522,696,121,113
7d329c0c342fa7b05abc495d,AD2,vial,target_public_development,1,larger,61003,0.022933458646616542,6011.868583458647,272.0914285714286,322,95,744,118
7d329c0c342fa7b05abc495d,AD2,vial,target_public_development,2,larger,10934,0.004110526315789473,1077.5498105263157,44.25142857142857,522,696,121,113
64a0546c0514860f888a899e,AD2,vial,target_public_development,1,larger,61003,0.022933458646616542,6011.868583458647,272.0914285714286,322,95,744,118
64a0546c0514860f888a899e,AD2,vial,target_public_development,2,larger,10934,0.004110526315789473,1077.5498105263157,44.25142857142857,522,696,121,113
ae12ab1102e60bd2ca7d480c,AD2,vial,target_public_development,1,larger,61003,0.022933458646616542,6011.868583458647,272.0914285714286,322,95,744,118
ae12ab1102e60bd2ca7d480c,AD2,vial,target_public_development,2,larger,10934,0.004110526315789473,1077.5498105263157,44.25142857142857,522,696,121,113
be19bf4ad8ddfed997bed113,AD2,wallplugs,target_public_development,1,larger,19884,0.003966088388480392,1039.686274509804,50.75,1296,330,126,203
4c8574d8113f77c6d357e8d4,AD2,wallplugs,target_public_development,1,larger,19884,0.003966088388480392,1039.686274509804,50.75,1296,330,126,203
08e4427ae0cc067c04f3eda6,AD2,wallplugs,target_public_development,1,larger,19884,0.003966088388480392,1039.686274509804,50.75,1296,330,126,203
928e0dc438d2c77a9eee84b3,AD2,wallplugs,target_public_development,1,larger,19884,0.003966088388480392,1039.686274509804,50.75,1296,330,126,203
b052fb65f8e9434db5d5b7db,AD2,wallplugs,target_public_development,1,larger,19884,0.003966088388480392,1039.686274509804,50.75,1296,330,126,203
2a396d6ed22585758352b596,AD2,wallplugs,target_public_development,1,larger,19884,0.003966088388480392,1039.686274509804,50.75,1296,330,126,203
26a833a5222447f73ccbd065,AD2,wallplugs,target_public_development,1,tiny_compact,1928,0.0003845613766339869,100.81045751633987,29.908496732026144,1411,628,143,105
427f245677d6b4fb86dd9e54,AD2,wallplugs,target_public_development,1,tiny_compact,1928,0.0003845613766339869,100.81045751633987,29.908496732026144,1411,628,143,105
2d85d8c4dac1cafe8e4dd2ad,AD2,wallplugs,target_public_development,1,tiny_compact,1928,0.0003845613766339869,100.81045751633987,29.908496732026144,1411,628,143,105
ae2141771a168e06cbe847d3,AD2,wallplugs,target_public_development,1,tiny_compact,1928,0.0003845613766339869,100.81045751633987,29.908496732026144,1411,628,143,105
11b148d42c005d72e801a1ae,AD2,wallplugs,target_public_development,1,tiny_compact,1928,0.0003845613766339869,100.81045751633987,29.908496732026144,1411,628,143,105
f6cc7ed1c1f6198c63afd6fb,AD2,wallplugs,target_public_development,1,tiny_compact,1928,0.0003845613766339869,100.81045751633987,29.908496732026144,1411,628,143,105
83d3730cf07c41f8bb05549b,AD2,wallplugs,target_public_development,1,tiny_compact,232,4.62750204248366e-05,12.130718954248366,16.73202614379085,641,647,80,8
7e162398c426e8fbdb69dd41,AD2,wallplugs,target_public_development,1,tiny_compact,232,4.62750204248366e-05,12.130718954248366,16.73202614379085,641,647,80,8
6310f6ae35b400b608ac09c7,AD2,wallplugs,target_public_development,1,tiny_compact,232,4.62750204248366e-05,12.130718954248366,16.73202614379085,641,647,80,8
48de4975a5e86042986800eb,AD2,wallplugs,target_public_development,1,tiny_compact,232,4.62750204248366e-05,12.130718954248366,16.73202614379085,641,647,80,8
cd98ce9c9c0febb3f9ad7a7e,AD2,wallplugs,target_public_development,1,tiny_compact,232,4.62750204248366e-05,12.130718954248366,16.73202614379085,641,647,80,8
7fd5f6063cab63563082f601,AD2,wallplugs,target_public_development,1,tiny_compact,232,4.62750204248366e-05,12.130718954248366,16.73202614379085,641,647,80,8
4295b77826d9fd2a34c0ab50,AD2,wallplugs,target_public_development,1,larger,7121,0.0014203638812295752,372.33986928104576,37.5,296,952,157,150
226de3b837b95db1b7db9ed6,AD2,wallplugs,target_public_development,1,larger,7121,0.0014203638812295752,372.33986928104576,37.5,296,952,157,150
5755bba14660a0bd41310834,AD2,wallplugs,target_public_development,1,larger,7066,0.00140939351000817,369.4640522875817,37.5,297,952,156,150
164349df6d5ea78c9fdf2e54,AD2,wallplugs,target_public_development,1,larger,7121,0.0014203638812295752,372.33986928104576,37.5,296,952,157,150
e42566d96660dcfb3f67b252,AD2,wallplugs,target_public_development,1,larger,7052,0.001406601051879085,368.73202614379085,37.5,296,952,157,150
996760dbf41e44efb1729df4,AD2,wallplugs,target_public_development,1,larger,7121,0.0014203638812295752,372.33986928104576,37.5,296,952,157,150
f7fa7c0c27b36f69f45d51c8,AD2,wallplugs,target_public_development,1,tiny_compact,562,0.00011209724775326797,29.38562091503268,12.339869281045752,675,1430,59,27
4c03cb7ad14cfd8f6acc98a4,AD2,wallplugs,target_public_development,1,tiny_compact,562,0.00011209724775326797,29.38562091503268,12.339869281045752,675,1430,59,27
e2950a2f615d3c258a9808d8,AD2,wallplugs,target_public_development,1,tiny_compact,631,0.00012586007710375816,32.99346405228758,12.967320261437909,675,1430,62,27
dcd1547197450f8ddbaf9112,AD2,wallplugs,target_public_development,1,tiny_compact,631,0.00012586007710375816,32.99346405228758,12.967320261437909,675,1430,62,27
95037d66a567c9ecc2ef10e1,AD2,wallplugs,target_public_development,1,tiny_compact,631,0.00012586007710375816,32.99346405228758,12.967320261437909,675,1430,62,27
08e5487b5c3a536f82fbf245,AD2,wallplugs,target_public_development,1,tiny_compact,562,0.00011209724775326797,29.38562091503268,12.339869281045752,675,1430,59,27
db5e316bdd5e3418a0e1f6f1,AD2,wallplugs,target_public_development,1,tiny_compact,1803,0.0003596287147671569,94.27450980392157,23.75,1261,865,56,95
6d646f6e65e7ce83df2a1fff,AD2,wallplugs,target_public_development,1,tiny_compact,1803,0.0003596287147671569,94.27450980392157,23.75,1261,865,56,95
ee581afb7d8befad88f22d21,AD2,wallplugs,target_public_development,1,tiny_compact,1803,0.0003596287147671569,94.27450980392157,23.75,1261,865,56,95
97e8efa04204897efdc00bcd,AD2,wallplugs,target_public_development,1,tiny_compact,1803,0.0003596287147671569,94.27450980392157,23.75,1261,865,56,95
5c614a22be069cd39ff9030f,AD2,wallplugs,target_public_development,1,tiny_compact,1803,0.0003596287147671569,94.27450980392157,23.75,1261,865,56,95
d16db263535a8f6ce803ae7e,AD2,wallplugs,target_public_development,1,tiny_compact,1803,0.0003596287147671569,94.27450980392157,23.75,1261,865,56,95
fa3056fb21546b699840d069,AD2,wallplugs,target_public_development,1,larger,15518,0.0030952403747957517,811.3986928104575,38.0,1097,1896,126,152
422711725ae2c4f2f810cb46,AD2,wallplugs,target_public_development,1,larger,15518,0.0030952403747957517,811.3986928104575,38.0,1097,1896,126,152
809825c3698c70f5ecb7ebba,AD2,wallplugs,target_public_development,1,larger,15518,0.0030952403747957517,811.3986928104575,38.0,1097,1896,126,152
8ba4930710a3df26f09fb664,AD2,wallplugs,target_public_development,1,larger,15518,0.0030952403747957517,811.3986928104575,38.0,1097,1896,126,152
0f9643ce1b6276d250034f74,AD2,wallplugs,target_public_development,1,larger,15518,0.0030952403747957517,811.3986928104575,38.0,1097,1896,126,152
5b80e6a97e747e6e1ea2cabd,AD2,wallplugs,target_public_development,1,larger,15518,0.0030952403747957517,811.3986928104575,38.0,1097,1896,126,152
9fb68d66761f8f21cdecec5d,AD2,wallplugs,target_public_development,1,tiny_compact,281,5.6048623876633984e-05,14.69281045751634,5.228758169934641,236,1203,25,20
c748e1f012ea9093af24bf6f,AD2,wallplugs,target_public_development,1,tiny_compact,281,5.6048623876633984e-05,14.69281045751634,5.228758169934641,236,1203,25,20
a6039ea3684437bb986353eb,AD2,wallplugs,target_public_development,1,tiny_compact,281,5.6048623876633984e-05,14.69281045751634,5.228758169934641,236,1203,25,20
8e5ff261a774af03aeb72d10,AD2,wallplugs,target_public_development,1,tiny_compact,281,5.6048623876633984e-05,14.69281045751634,5.228758169934641,236,1203,25,20
df74d859203b038ec93cfdb8,AD2,wallplugs,target_public_development,1,tiny_compact,281,5.6048623876633984e-05,14.69281045751634,5.228758169934641,236,1203,25,20
7fa5817c7913969caaa694c6,AD2,wallplugs,target_public_development,1,tiny_compact,281,5.6048623876633984e-05,14.69281045751634,5.228758169934641,236,1203,25,20
85a43db15ecc17b1173c905d,AD2,wallplugs,target_public_development,1,tiny_compact,1713,0.0003416771982230392,89.56862745098039,14.25,930,1518,47,57
d81d4f7ae35ed987d40b3b1a,AD2,wallplugs,target_public_development,1,tiny_compact,1713,0.0003416771982230392,89.56862745098039,14.25,930,1518,47,57
0434df538ddbd704668f4d47,AD2,wallplugs,target_public_development,1,tiny_compact,1723,0.00034367181117238565,90.09150326797386,14.25,930,1518,47,57
f6a4d3f5f47b2f4b0dcc08dc,AD2,wallplugs,target_public_development,1,tiny_compact,1852,0.00036940231821895424,96.83660130718954,13.25,930,1526,47,53
72320a7e5e2d7e37637b4d95,AD2,wallplugs,target_public_development,1,tiny_compact,1716,0.0003422755821078431,89.72549019607843,14.25,930,1518,47,57
155ecce1b13d895380e675a1,AD2,wallplugs,target_public_development,1,tiny_compact,1713,0.0003416771982230392,89.56862745098039,14.25,930,1518,47,57
628a3d6a88117a92cba8631b,AD2,wallplugs,target_public_development,1,tiny_compact,1279,0.00025511099622140524,66.87581699346406,12.25,1204,916,34,49
1cf300de9a1428fdacd0c48b,AD2,wallplugs,target_public_development,1,tiny_compact,1279,0.00025511099622140524,66.87581699346406,12.25,1204,916,34,49
80410be83f52a20df8abf58f,AD2,wallplugs,target_public_development,1,tiny_compact,1279,0.00025511099622140524,66.87581699346406,12.25,1204,916,34,49
2bad748e1d83dc2cbf285396,AD2,wallplugs,target_public_development,1,tiny_compact,1279,0.00025511099622140524,66.87581699346406,12.25,1204,916,34,49
a54badcce620589e5c34eb86,AD2,wallplugs,target_public_development,1,tiny_compact,1279,0.00025511099622140524,66.87581699346406,12.25,1204,916,34,49
82584a127b25406c01ba0054,AD2,wallplugs,target_public_development,1,tiny_compact,1279,0.00025511099622140524,66.87581699346406,12.25,1204,916,34,49
b2a3c60776477d58d5a39dc4,AD2,wallplugs,target_public_development,1,larger,69140,0.013790753931781046,3615.1633986928105,126.25,640,26,517,505
c1bc9713953d926fc96fa4a1,AD2,wallplugs,target_public_development,1,larger,69140,0.013790753931781046,3615.1633986928105,126.25,640,26,517,505
5c1942ead170baacb685ef34,AD2,wallplugs,target_public_development,1,larger,69140,0.013790753931781046,3615.1633986928105,126.25,640,26,517,505
03399c886db9191086e8730a,AD2,wallplugs,target_public_development,1,larger,69140,0.013790753931781046,3615.1633986928105,126.25,640,26,517,505
5aaa1e280726e851c22c2a5c,AD2,wallplugs,target_public_development,1,larger,69140,0.013790753931781046,3615.1633986928105,126.25,640,26,517,505
d3db763b172da458f3364304,AD2,wallplugs,target_public_development,1,larger,69140,0.013790753931781046,3615.1633986928105,126.25,640,26,517,505
c59ca1f3de392fd1e5df1f9e,AD2,wallplugs,target_public_development,1,tiny_compact,4546,0.0009067510467728758,237.69934640522877,23.0,706,1877,66,92
5db1e439db6083db7722f52d,AD2,wallplugs,target_public_development,1,tiny_compact,4546,0.0009067510467728758,237.69934640522877,23.0,706,1877,66,92
5413cca17562a22f08f82ae2,AD2,wallplugs,target_public_development,1,tiny_compact,4546,0.0009067510467728758,237.69934640522877,23.0,706,1877,66,92
2c53d3a27c637e4fa5bacdc9,AD2,wallplugs,target_public_development,1,tiny_compact,4546,0.0009067510467728758,237.69934640522877,23.0,706,1877,66,92
d6d807cd63791b4a89fbcc6a,AD2,wallplugs,target_public_development,1,tiny_compact,4546,0.0009067510467728758,237.69934640522877,23.0,706,1877,66,92
5ebab0fa9255b64e83b57c41,AD2,wallplugs,target_public_development,1,tiny_compact,4546,0.0009067510467728758,237.69934640522877,23.0,706,1877,66,92
0919808343b52a018f89cfe9,AD2,wallplugs,target_public_development,1,larger,73859,0.014732011782577614,3861.908496732026,126.74509803921569,151,392,606,282
c06b2fa6d900361d307e0754,AD2,wallplugs,target_public_development,1,larger,73859,0.014732011782577614,3861.908496732026,126.74509803921569,151,392,606,282
683fd7f28733a87ab0890e51,AD2,wallplugs,target_public_development,1,larger,73859,0.014732011782577614,3861.908496732026,126.74509803921569,151,392,606,282
15f3976084c53cd368326bd4,AD2,wallplugs,target_public_development,1,larger,73859,0.014732011782577614,3861.908496732026,126.74509803921569,151,392,606,282
21a2d212d125624322eee522,AD2,wallplugs,target_public_development,1,larger,73859,0.014732011782577614,3861.908496732026,126.74509803921569,151,392,606,282
7c5cca13e3749824e72709f4,AD2,wallplugs,target_public_development,1,larger,73859,0.014732011782577614,3861.908496732026,126.74509803921569,151,392,606,282
5a163e08e8f42b8225795ad6,AD2,wallplugs,target_public_development,1,tiny_compact,2550,0.0005086263020833334,133.33333333333334,18.75,829,1476,85,75
42a75a072b13dbff9c6a05f7,AD2,wallplugs,target_public_development,1,tiny_compact,2550,0.0005086263020833334,133.33333333333334,18.75,829,1476,85,75
309df5443925303d5ddc1b22,AD2,wallplugs,target_public_development,1,tiny_compact,2550,0.0005086263020833334,133.33333333333334,18.75,829,1476,85,75
625757a94e9fc1455eb9ebd9,AD2,wallplugs,target_public_development,1,tiny_compact,2550,0.0005086263020833334,133.33333333333334,18.75,829,1476,85,75
2c34e648e1ed9a0fee1664bc,AD2,wallplugs,target_public_development,1,tiny_compact,2550,0.0005086263020833334,133.33333333333334,18.75,829,1476,85,75
89dc09ccae3c15f0a7bbdd20,AD2,wallplugs,target_public_development,1,tiny_compact,2550,0.0005086263020833334,133.33333333333334,18.75,829,1476,85,75
a53258535b89e294bd4dda88,AD2,wallplugs,target_public_development,1,tiny_compact,1899,0.00037877699908088236,99.29411764705883,14.0,464,1745,64,56
6b854ff6e433341b68fcd621,AD2,wallplugs,target_public_development,1,tiny_compact,1899,0.00037877699908088236,99.29411764705883,14.0,464,1745,64,56
b173f7f53ad3037fea8d6f0b,AD2,wallplugs,target_public_development,1,tiny_compact,1899,0.00037877699908088236,99.29411764705883,14.0,464,1745,64,56
2e161d8d2e8b67072eb6b33b,AD2,wallplugs,target_public_development,1,tiny_compact,1899,0.00037877699908088236,99.29411764705883,14.0,464,1745,64,56
b79a0aa5808086d5f7ece281,AD2,wallplugs,target_public_development,1,tiny_compact,1899,0.00037877699908088236,99.29411764705883,14.0,464,1745,64,56
a533370cd733810995bc2f0a,AD2,wallplugs,target_public_development,1,tiny_compact,1899,0.00037877699908088236,99.29411764705883,14.0,464,1745,64,56
74fd03617cec0a81cfec2290,AD2,walnuts,target_public_development,1,larger,12406,0.0024745168249591504,648.6797385620915,38.0,734,1532,130,152
9791e068203166e694e4c3b9,AD2,walnuts,target_public_development,1,larger,12406,0.0024745168249591504,648.6797385620915,38.0,734,1532,130,152
048665ab0fdf52c047fa4224,AD2,walnuts,target_public_development,1,larger,12406,0.0024745168249591504,648.6797385620915,38.0,734,1532,130,152
f2f433247d21e232b167ff28,AD2,walnuts,target_public_development,1,larger,12406,0.0024745168249591504,648.6797385620915,38.0,734,1532,130,152
be64f8131592a806275a1de1,AD2,walnuts,target_public_development,1,larger,12406,0.0024745168249591504,648.6797385620915,38.0,734,1532,130,152
636e579f572106edb7927b9d,AD2,walnuts,target_public_development,1,larger,12406,0.0024745168249591504,648.6797385620915,38.0,734,1532,130,152
7b771ce9d28617d8ac1d5fd6,AD2,walnuts,target_public_development,1,larger,138991,0.02772332484426062,7267.503267973856,110.5,2007,714,440,442
7b771ce9d28617d8ac1d5fd6,AD2,walnuts,target_public_development,2,larger,7674,0.0015306659773284314,401.2549019607843,77.0,174,967,184,308
7b771ce9d28617d8ac1d5fd6,AD2,walnuts,target_public_development,3,tiny_compact,467,9.314842473447712e-05,24.41830065359477,6.25,1145,1899,28,25
fbc67fac12832cd373ec4870,AD2,walnuts,target_public_development,1,larger,138991,0.02772332484426062,7267.503267973856,110.5,2007,714,440,442
fbc67fac12832cd373ec4870,AD2,walnuts,target_public_development,2,larger,7674,0.0015306659773284314,401.2549019607843,77.0,174,967,184,308
fbc67fac12832cd373ec4870,AD2,walnuts,target_public_development,3,tiny_compact,467,9.314842473447712e-05,24.41830065359477,6.25,1145,1899,28,25
2f89a39d0ecb40e522730c61,AD2,walnuts,target_public_development,1,larger,138991,0.02772332484426062,7267.503267973856,110.5,2007,714,440,442
2f89a39d0ecb40e522730c61,AD2,walnuts,target_public_development,2,larger,7674,0.0015306659773284314,401.2549019607843,77.0,174,967,184,308
2f89a39d0ecb40e522730c61,AD2,walnuts,target_public_development,3,tiny_compact,467,9.314842473447712e-05,24.41830065359477,6.25,1145,1899,28,25
b631efa24f0ecaba7b2d6465,AD2,walnuts,target_public_development,1,larger,138991,0.02772332484426062,7267.503267973856,110.5,2007,714,440,442
b631efa24f0ecaba7b2d6465,AD2,walnuts,target_public_development,2,larger,7674,0.0015306659773284314,401.2549019607843,77.0,174,967,184,308
b631efa24f0ecaba7b2d6465,AD2,walnuts,target_public_development,3,tiny_compact,467,9.314842473447712e-05,24.41830065359477,6.25,1145,1899,28,25
eed7f22175e9ed8e82b08e4b,AD2,walnuts,target_public_development,1,larger,138991,0.02772332484426062,7267.503267973856,110.5,2007,714,440,442
eed7f22175e9ed8e82b08e4b,AD2,walnuts,target_public_development,2,larger,7674,0.0015306659773284314,401.2549019607843,77.0,174,967,184,308
eed7f22175e9ed8e82b08e4b,AD2,walnuts,target_public_development,3,tiny_compact,467,9.314842473447712e-05,24.41830065359477,6.25,1145,1899,28,25
88edaa4faae036ed1eb0ddd1,AD2,walnuts,target_public_development,1,larger,138991,0.02772332484426062,7267.503267973856,110.5,2007,714,440,442
88edaa4faae036ed1eb0ddd1,AD2,walnuts,target_public_development,2,larger,7674,0.0015306659773284314,401.2549019607843,77.0,174,967,184,308
88edaa4faae036ed1eb0ddd1,AD2,walnuts,target_public_development,3,tiny_compact,467,9.314842473447712e-05,24.41830065359477,6.25,1145,1899,28,25
ba5c7389415a278995082d13,AD2,walnuts,target_public_development,1,thin_or_extended_small_area,600,0.00011967677696078431,31.372549019607842,37.0,990,144,134,148
ba5c7389415a278995082d13,AD2,walnuts,target_public_development,2,larger,6826,0.0013615227992238561,356.91503267973854,32.83660130718954,1693,216,157,95
ba5c7389415a278995082d13,AD2,walnuts,target_public_development,3,larger,33086,0.006599376404207516,1729.986928104575,97.88235294117646,561,732,468,174
ba5c7389415a278995082d13,AD2,walnuts,target_public_development,4,tiny_compact,842,0.00016794641033496732,44.02614379084967,9.830065359477125,1986,903,47,29
ba5c7389415a278995082d13,AD2,walnuts,target_public_development,5,larger,11946,0.0023827646292892157,624.6274509803922,92.44444444444444,675,1263,442,148
ba5c7389415a278995082d13,AD2,walnuts,target_public_development,6,larger,5269,0.001050961563010621,275.5032679738562,70.25,87,1287,243,281
6dc52a97c5eab8a3ff816874,AD2,walnuts,target_public_development,1,thin_or_extended_small_area,600,0.00011967677696078431,31.372549019607842,37.0,990,144,134,148
6dc52a97c5eab8a3ff816874,AD2,walnuts,target_public_development,2,larger,6826,0.0013615227992238561,356.91503267973854,32.83660130718954,1693,216,157,95
6dc52a97c5eab8a3ff816874,AD2,walnuts,target_public_development,3,larger,33086,0.006599376404207516,1729.986928104575,97.88235294117646,561,732,468,174
6dc52a97c5eab8a3ff816874,AD2,walnuts,target_public_development,4,tiny_compact,842,0.00016794641033496732,44.02614379084967,9.830065359477125,1986,903,47,29
6dc52a97c5eab8a3ff816874,AD2,walnuts,target_public_development,5,larger,11946,0.0023827646292892157,624.6274509803922,92.44444444444444,675,1263,442,148
6dc52a97c5eab8a3ff816874,AD2,walnuts,target_public_development,6,larger,5269,0.001050961563010621,275.5032679738562,70.25,87,1287,243,281
0193bb86b5fec22fd573e76f,AD2,walnuts,target_public_development,1,thin_or_extended_small_area,600,0.00011967677696078431,31.372549019607842,37.0,990,144,134,148
0193bb86b5fec22fd573e76f,AD2,walnuts,target_public_development,2,larger,6826,0.0013615227992238561,356.91503267973854,32.83660130718954,1693,216,157,95
0193bb86b5fec22fd573e76f,AD2,walnuts,target_public_development,3,larger,33086,0.006599376404207516,1729.986928104575,97.88235294117646,561,732,468,174
0193bb86b5fec22fd573e76f,AD2,walnuts,target_public_development,4,tiny_compact,842,0.00016794641033496732,44.02614379084967,9.830065359477125,1986,903,47,29
0193bb86b5fec22fd573e76f,AD2,walnuts,target_public_development,5,larger,11946,0.0023827646292892157,624.6274509803922,92.44444444444444,675,1263,442,148
0193bb86b5fec22fd573e76f,AD2,walnuts,target_public_development,6,larger,5269,0.001050961563010621,275.5032679738562,70.25,87,1287,243,281
aa9058c5f87e170a5033cf0f,AD2,walnuts,target_public_development,1,thin_or_extended_small_area,600,0.00011967677696078431,31.372549019607842,37.0,990,144,134,148
aa9058c5f87e170a5033cf0f,AD2,walnuts,target_public_development,2,larger,6826,0.0013615227992238561,356.91503267973854,32.83660130718954,1693,216,157,95
aa9058c5f87e170a5033cf0f,AD2,walnuts,target_public_development,3,larger,33086,0.006599376404207516,1729.986928104575,97.88235294117646,561,732,468,174
aa9058c5f87e170a5033cf0f,AD2,walnuts,target_public_development,4,tiny_compact,842,0.00016794641033496732,44.02614379084967,9.830065359477125,1986,903,47,29
aa9058c5f87e170a5033cf0f,AD2,walnuts,target_public_development,5,larger,11946,0.0023827646292892157,624.6274509803922,92.44444444444444,675,1263,442,148
aa9058c5f87e170a5033cf0f,AD2,walnuts,target_public_development,6,larger,5269,0.001050961563010621,275.5032679738562,70.25,87,1287,243,281
62cff56df6b5260fc8049978,AD2,walnuts,target_public_development,1,thin_or_extended_small_area,600,0.00011967677696078431,31.372549019607842,37.0,990,144,134,148
62cff56df6b5260fc8049978,AD2,walnuts,target_public_development,2,larger,6826,0.0013615227992238561,356.91503267973854,32.83660130718954,1693,216,157,95
62cff56df6b5260fc8049978,AD2,walnuts,target_public_development,3,larger,33086,0.006599376404207516,1729.986928104575,97.88235294117646,561,732,468,174
62cff56df6b5260fc8049978,AD2,walnuts,target_public_development,4,tiny_compact,842,0.00016794641033496732,44.02614379084967,9.830065359477125,1986,903,47,29
62cff56df6b5260fc8049978,AD2,walnuts,target_public_development,5,larger,11946,0.0023827646292892157,624.6274509803922,92.44444444444444,675,1263,442,148
62cff56df6b5260fc8049978,AD2,walnuts,target_public_development,6,larger,5269,0.001050961563010621,275.5032679738562,70.25,87,1287,243,281
08cf4c6a2e1d5475f87430c3,AD2,walnuts,target_public_development,1,thin_or_extended_small_area,600,0.00011967677696078431,31.372549019607842,37.0,990,144,134,148
08cf4c6a2e1d5475f87430c3,AD2,walnuts,target_public_development,2,larger,6826,0.0013615227992238561,356.91503267973854,32.83660130718954,1693,216,157,95
08cf4c6a2e1d5475f87430c3,AD2,walnuts,target_public_development,3,larger,33086,0.006599376404207516,1729.986928104575,97.88235294117646,561,732,468,174
08cf4c6a2e1d5475f87430c3,AD2,walnuts,target_public_development,4,tiny_compact,842,0.00016794641033496732,44.02614379084967,9.830065359477125,1986,903,47,29
08cf4c6a2e1d5475f87430c3,AD2,walnuts,target_public_development,5,larger,11946,0.0023827646292892157,624.6274509803922,92.44444444444444,675,1263,442,148
08cf4c6a2e1d5475f87430c3,AD2,walnuts,target_public_development,6,larger,5269,0.001050961563010621,275.5032679738562,70.25,87,1287,243,281
0fe479a3417dbc12aa23f127,AD2,walnuts,target_public_development,1,tiny_compact,1340,0.0002672781352124183,70.06535947712419,12.339869281045752,1188,1094,59,38
fb35db647c911c3f0b9e7386,AD2,walnuts,target_public_development,1,tiny_compact,1340,0.0002672781352124183,70.06535947712419,12.339869281045752,1188,1094,59,38
8e259a248d6abc091918806a,AD2,walnuts,target_public_development,1,tiny_compact,1340,0.0002672781352124183,70.06535947712419,12.339869281045752,1188,1094,59,38
7fdc601e6b5c2e7d2bfed9bf,AD2,walnuts,target_public_development,1,tiny_compact,1340,0.0002672781352124183,70.06535947712419,12.339869281045752,1188,1094,59,38
1078f9684b1b73ad05b4a324,AD2,walnuts,target_public_development,1,tiny_compact,1340,0.0002672781352124183,70.06535947712419,12.339869281045752,1188,1094,59,38
cd23b933f830556b5a471c28,AD2,walnuts,target_public_development,1,tiny_compact,1340,0.0002672781352124183,70.06535947712419,12.339869281045752,1188,1094,59,38
e6783c6dd6985c4e19c48f2f,AD2,walnuts,target_public_development,1,larger,5786,0.00115408305249183,302.5359477124183,98.5,65,780,314,394
e6783c6dd6985c4e19c48f2f,AD2,walnuts,target_public_development,2,larger,222346,0.04434942108353758,11625.934640522875,137.5,195,1177,536,550
e6783c6dd6985c4e19c48f2f,AD2,walnuts,target_public_development,3,larger,76788,0.015316233915441176,4015.0588235294117,93.5,1536,1510,316,374
e6783c6dd6985c4e19c48f2f,AD2,walnuts,target_public_development,4,tiny_compact,3647,0.000727435342626634,190.69281045751634,21.96078431372549,1200,1706,105,68
d7b473f1baf62d6f7bcec85f,AD2,walnuts,target_public_development,1,larger,5786,0.00115408305249183,302.5359477124183,98.5,65,780,314,394
d7b473f1baf62d6f7bcec85f,AD2,walnuts,target_public_development,2,larger,222346,0.04434942108353758,11625.934640522875,137.5,195,1177,536,550
d7b473f1baf62d6f7bcec85f,AD2,walnuts,target_public_development,3,larger,76788,0.015316233915441176,4015.0588235294117,93.5,1536,1510,316,374
d7b473f1baf62d6f7bcec85f,AD2,walnuts,target_public_development,4,tiny_compact,3647,0.000727435342626634,190.69281045751634,21.96078431372549,1200,1706,105,68
191cced5aef0387a70c5b181,AD2,walnuts,target_public_development,1,larger,5786,0.00115408305249183,302.5359477124183,98.5,65,780,314,394
191cced5aef0387a70c5b181,AD2,walnuts,target_public_development,2,larger,222346,0.04434942108353758,11625.934640522875,137.5,195,1177,536,550
191cced5aef0387a70c5b181,AD2,walnuts,target_public_development,3,larger,76788,0.015316233915441176,4015.0588235294117,93.5,1536,1510,316,374
191cced5aef0387a70c5b181,AD2,walnuts,target_public_development,4,tiny_compact,3647,0.000727435342626634,190.69281045751634,21.96078431372549,1200,1706,105,68
50538760d75c29222a20abae,AD2,walnuts,target_public_development,1,larger,5786,0.00115408305249183,302.5359477124183,98.5,65,780,314,394
50538760d75c29222a20abae,AD2,walnuts,target_public_development,2,larger,222346,0.04434942108353758,11625.934640522875,137.5,195,1177,536,550
50538760d75c29222a20abae,AD2,walnuts,target_public_development,3,larger,76788,0.015316233915441176,4015.0588235294117,93.5,1536,1510,316,374
50538760d75c29222a20abae,AD2,walnuts,target_public_development,4,tiny_compact,3647,0.000727435342626634,190.69281045751634,21.96078431372549,1200,1706,105,68
d2d29a78526e2249190e11ad,AD2,walnuts,target_public_development,1,larger,5786,0.00115408305249183,302.5359477124183,98.5,65,780,314,394
d2d29a78526e2249190e11ad,AD2,walnuts,target_public_development,2,larger,222346,0.04434942108353758,11625.934640522875,137.5,195,1177,536,550
d2d29a78526e2249190e11ad,AD2,walnuts,target_public_development,3,larger,76788,0.015316233915441176,4015.0588235294117,93.5,1536,1510,316,374
d2d29a78526e2249190e11ad,AD2,walnuts,target_public_development,4,tiny_compact,3647,0.000727435342626634,190.69281045751634,21.96078431372549,1200,1706,105,68
1470840409d3be5a9d0ddf22,AD2,walnuts,target_public_development,1,larger,5786,0.00115408305249183,302.5359477124183,98.5,65,780,314,394
1470840409d3be5a9d0ddf22,AD2,walnuts,target_public_development,2,larger,222346,0.04434942108353758,11625.934640522875,137.5,195,1177,536,550
1470840409d3be5a9d0ddf22,AD2,walnuts,target_public_development,3,larger,76788,0.015316233915441176,4015.0588235294117,93.5,1536,1510,316,374
1470840409d3be5a9d0ddf22,AD2,walnuts,target_public_development,4,tiny_compact,3647,0.000727435342626634,190.69281045751634,21.96078431372549,1200,1706,105,68
aefc01a945702f096ecdb0b5,AD2,walnuts,target_public_development,1,thin_or_extended_small_area,1971,0.0003931382123161765,103.05882352941177,45.0,194,1408,26,180
252e4a7b906ddee68c8a1c14,AD2,walnuts,target_public_development,1,thin_or_extended_small_area,1971,0.0003931382123161765,103.05882352941177,45.0,194,1408,26,180
f3c0d9526a007b3faba3442e,AD2,walnuts,target_public_development,1,thin_or_extended_small_area,1971,0.0003931382123161765,103.05882352941177,45.0,194,1408,26,180
f5880d601ec8e2cfcf6406d7,AD2,walnuts,target_public_development,1,thin_or_extended_small_area,1971,0.0003931382123161765,103.05882352941177,45.0,194,1408,26,180
e7fdeb9bedf7c52e1d249039,AD2,walnuts,target_public_development,1,thin_or_extended_small_area,1971,0.0003931382123161765,103.05882352941177,45.0,194,1408,26,180
07bded3e454c5d9bb99ce740,AD2,walnuts,target_public_development,1,thin_or_extended_small_area,1971,0.0003931382123161765,103.05882352941177,45.0,194,1408,26,180
c77e96a596d4ab98d8be1eaa,AD2,walnuts,target_public_development,1,tiny_compact,820,0.00016355826184640522,42.87581699346405,9.830065359477125,1053,1083,47,28
c77e96a596d4ab98d8be1eaa,AD2,walnuts,target_public_development,2,larger,56312,0.011232064440359478,2944.418300653595,104.25,526,1380,224,417
6ff3241a4ec914b068129507,AD2,walnuts,target_public_development,1,tiny_compact,820,0.00016355826184640522,42.87581699346405,9.830065359477125,1053,1083,47,28
6ff3241a4ec914b068129507,AD2,walnuts,target_public_development,2,larger,56312,0.011232064440359478,2944.418300653595,104.25,526,1380,224,417
3d2a8eb6ed511aa316236acc,AD2,walnuts,target_public_development,1,tiny_compact,820,0.00016355826184640522,42.87581699346405,9.830065359477125,1053,1083,47,28
3d2a8eb6ed511aa316236acc,AD2,walnuts,target_public_development,2,larger,56312,0.011232064440359478,2944.418300653595,104.25,526,1380,224,417
618b2f5d58907fc78cbf8e80,AD2,walnuts,target_public_development,1,tiny_compact,820,0.00016355826184640522,42.87581699346405,9.830065359477125,1053,1083,47,28
618b2f5d58907fc78cbf8e80,AD2,walnuts,target_public_development,2,larger,56312,0.011232064440359478,2944.418300653595,104.25,526,1380,224,417
4d543e8699ebfe947211df0e,AD2,walnuts,target_public_development,1,tiny_compact,820,0.00016355826184640522,42.87581699346405,9.830065359477125,1053,1083,47,28
4d543e8699ebfe947211df0e,AD2,walnuts,target_public_development,2,larger,56312,0.011232064440359478,2944.418300653595,104.25,526,1380,224,417
9e1fb667b2d43bba2b82e9dd,AD2,walnuts,target_public_development,1,tiny_compact,820,0.00016355826184640522,42.87581699346405,9.830065359477125,1053,1083,47,28
9e1fb667b2d43bba2b82e9dd,AD2,walnuts,target_public_development,2,larger,56312,0.011232064440359478,2944.418300653595,104.25,526,1380,224,417
0fe6855e4bb71f89e0e36de0,AD2,walnuts,target_public_development,1,tiny_compact,1971,0.0003931382123161765,103.05882352941177,12.25,1413,652,58,49
0fe6855e4bb71f89e0e36de0,AD2,walnuts,target_public_development,2,larger,60480,0.01206341911764706,3162.3529411764707,71.25,1807,1217,275,285
0fe6855e4bb71f89e0e36de0,AD2,walnuts,target_public_development,3,larger,14095,0.002811406952103758,736.9934640522875,91.25,628,1421,301,365
a2ee9b421724428088cf4e21,AD2,walnuts,target_public_development,1,tiny_compact,1971,0.0003931382123161765,103.05882352941177,12.25,1413,652,58,49
a2ee9b421724428088cf4e21,AD2,walnuts,target_public_development,2,larger,60480,0.01206341911764706,3162.3529411764707,71.25,1807,1217,275,285
a2ee9b421724428088cf4e21,AD2,walnuts,target_public_development,3,larger,14095,0.002811406952103758,736.9934640522875,91.25,628,1421,301,365
c043f03bce0d90ead0ccf9e6,AD2,walnuts,target_public_development,1,tiny_compact,1971,0.0003931382123161765,103.05882352941177,12.25,1413,652,58,49
c043f03bce0d90ead0ccf9e6,AD2,walnuts,target_public_development,2,larger,60480,0.01206341911764706,3162.3529411764707,71.25,1807,1217,275,285
c043f03bce0d90ead0ccf9e6,AD2,walnuts,target_public_development,3,larger,14095,0.002811406952103758,736.9934640522875,91.25,628,1421,301,365
4d1cfccd7bc02a1e39a417e7,AD2,walnuts,target_public_development,1,tiny_compact,1971,0.0003931382123161765,103.05882352941177,12.25,1413,652,58,49
4d1cfccd7bc02a1e39a417e7,AD2,walnuts,target_public_development,2,larger,60480,0.01206341911764706,3162.3529411764707,71.25,1807,1217,275,285
4d1cfccd7bc02a1e39a417e7,AD2,walnuts,target_public_development,3,larger,14095,0.002811406952103758,736.9934640522875,91.25,628,1421,301,365
1cff42acfcec72e9eb86acec,AD2,walnuts,target_public_development,1,tiny_compact,1971,0.0003931382123161765,103.05882352941177,12.25,1413,652,58,49
1cff42acfcec72e9eb86acec,AD2,walnuts,target_public_development,2,larger,60480,0.01206341911764706,3162.3529411764707,71.25,1807,1217,275,285
1cff42acfcec72e9eb86acec,AD2,walnuts,target_public_development,3,larger,14095,0.002811406952103758,736.9934640522875,91.25,628,1421,301,365
0d4bb13664a1a94ec2c8b3e7,AD2,walnuts,target_public_development,1,tiny_compact,1971,0.0003931382123161765,103.05882352941177,12.25,1413,652,58,49
0d4bb13664a1a94ec2c8b3e7,AD2,walnuts,target_public_development,2,larger,60480,0.01206341911764706,3162.3529411764707,71.25,1807,1217,275,285
0d4bb13664a1a94ec2c8b3e7,AD2,walnuts,target_public_development,3,larger,14095,0.002811406952103758,736.9934640522875,91.25,628,1421,301,365
40cdb305a07a7200627f21a1,AD2,walnuts,target_public_development,1,larger,138581,0.027641545713337417,7246.065359477124,125.5,1526,337,465,502
40cdb305a07a7200627f21a1,AD2,walnuts,target_public_development,2,tiny_compact,242,4.8269633374183004e-05,12.65359477124183,4.5,832,1130,18,18
40cdb305a07a7200627f21a1,AD2,walnuts,target_public_development,3,larger,121802,0.024294784645629085,6368.732026143791,97.88235294117646,768,1524,468,367
40cdb305a07a7200627f21a1,AD2,walnuts,target_public_development,4,tiny_compact,456,9.095435049019608e-05,23.84313725490196,6.0,1989,1666,26,24
83e48b88ec002cc0245abb31,AD2,walnuts,target_public_development,1,larger,138581,0.027641545713337417,7246.065359477124,125.5,1526,337,465,502
83e48b88ec002cc0245abb31,AD2,walnuts,target_public_development,2,tiny_compact,242,4.8269633374183004e-05,12.65359477124183,4.5,832,1130,18,18
83e48b88ec002cc0245abb31,AD2,walnuts,target_public_development,3,larger,121802,0.024294784645629085,6368.732026143791,97.88235294117646,768,1524,468,367
83e48b88ec002cc0245abb31,AD2,walnuts,target_public_development,4,tiny_compact,456,9.095435049019608e-05,23.84313725490196,6.0,1989,1666,26,24
81ed98485aa75b9677e49aa5,AD2,walnuts,target_public_development,1,larger,138581,0.027641545713337417,7246.065359477124,125.5,1526,337,465,502
81ed98485aa75b9677e49aa5,AD2,walnuts,target_public_development,2,tiny_compact,242,4.8269633374183004e-05,12.65359477124183,4.5,832,1130,18,18
81ed98485aa75b9677e49aa5,AD2,walnuts,target_public_development,3,larger,121802,0.024294784645629085,6368.732026143791,97.88235294117646,768,1524,468,367
81ed98485aa75b9677e49aa5,AD2,walnuts,target_public_development,4,tiny_compact,456,9.095435049019608e-05,23.84313725490196,6.0,1989,1666,26,24
37ac9d7f19a43157f2335443,AD2,walnuts,target_public_development,1,larger,138581,0.027641545713337417,7246.065359477124,125.5,1526,337,465,502
37ac9d7f19a43157f2335443,AD2,walnuts,target_public_development,2,tiny_compact,242,4.8269633374183004e-05,12.65359477124183,4.5,832,1130,18,18
37ac9d7f19a43157f2335443,AD2,walnuts,target_public_development,3,larger,121802,0.024294784645629085,6368.732026143791,97.88235294117646,768,1524,468,367
37ac9d7f19a43157f2335443,AD2,walnuts,target_public_development,4,tiny_compact,456,9.095435049019608e-05,23.84313725490196,6.0,1989,1666,26,24
920a8045bf55932e2b4e63a8,AD2,walnuts,target_public_development,1,larger,138581,0.027641545713337417,7246.065359477124,125.5,1526,337,465,502
920a8045bf55932e2b4e63a8,AD2,walnuts,target_public_development,2,tiny_compact,242,4.8269633374183004e-05,12.65359477124183,4.5,832,1130,18,18
920a8045bf55932e2b4e63a8,AD2,walnuts,target_public_development,3,larger,121802,0.024294784645629085,6368.732026143791,97.88235294117646,768,1524,468,367
920a8045bf55932e2b4e63a8,AD2,walnuts,target_public_development,4,tiny_compact,456,9.095435049019608e-05,23.84313725490196,6.0,1989,1666,26,24
330199b3b5b77226f628ef3e,AD2,walnuts,target_public_development,1,larger,138581,0.027641545713337417,7246.065359477124,125.5,1526,337,465,502
330199b3b5b77226f628ef3e,AD2,walnuts,target_public_development,2,tiny_compact,242,4.8269633374183004e-05,12.65359477124183,4.5,832,1130,18,18
330199b3b5b77226f628ef3e,AD2,walnuts,target_public_development,3,larger,121802,0.024294784645629085,6368.732026143791,97.88235294117646,768,1524,468,367
330199b3b5b77226f628ef3e,AD2,walnuts,target_public_development,4,tiny_compact,456,9.095435049019608e-05,23.84313725490196,6.0,1989,1666,26,24
1eb3f1f4187f0e870bef05ea,AD2,walnuts,target_public_development,1,thin_or_extended_small_area,3481,0.0006943247676674837,182.01307189542484,65.75,1256,37,304,263
1eb3f1f4187f0e870bef05ea,AD2,walnuts,target_public_development,2,larger,80729,0.016102310878778593,4221.1241830065355,84.0,191,994,336,336
1eb3f1f4187f0e870bef05ea,AD2,walnuts,target_public_development,3,larger,5261,0.0010493658726511439,275.08496732026146,87.42483660130719,1609,1458,418,290
1eb3f1f4187f0e870bef05ea,AD2,walnuts,target_public_development,4,tiny_compact,1721,0.0003432728885825163,89.98692810457516,17.25,1363,1496,33,69
57861731fefb57fe765c66cf,AD2,walnuts,target_public_development,1,thin_or_extended_small_area,3481,0.0006943247676674837,182.01307189542484,65.75,1256,37,304,263
57861731fefb57fe765c66cf,AD2,walnuts,target_public_development,2,larger,80729,0.016102310878778593,4221.1241830065355,84.0,191,994,336,336
57861731fefb57fe765c66cf,AD2,walnuts,target_public_development,3,larger,5261,0.0010493658726511439,275.08496732026146,87.42483660130719,1609,1458,418,290
57861731fefb57fe765c66cf,AD2,walnuts,target_public_development,4,tiny_compact,1721,0.0003432728885825163,89.98692810457516,17.25,1363,1496,33,69
410740f9019b868328da79e9,AD2,walnuts,target_public_development,1,thin_or_extended_small_area,3481,0.0006943247676674837,182.01307189542484,65.75,1256,37,304,263
410740f9019b868328da79e9,AD2,walnuts,target_public_development,2,larger,80729,0.016102310878778593,4221.1241830065355,84.0,191,994,336,336
410740f9019b868328da79e9,AD2,walnuts,target_public_development,3,larger,5261,0.0010493658726511439,275.08496732026146,87.42483660130719,1609,1458,418,290
410740f9019b868328da79e9,AD2,walnuts,target_public_development,4,tiny_compact,1721,0.0003432728885825163,89.98692810457516,17.25,1363,1496,33,69
2090f93f282deea0d8b10f43,AD2,walnuts,target_public_development,1,thin_or_extended_small_area,3481,0.0006943247676674837,182.01307189542484,65.75,1256,37,304,263
2090f93f282deea0d8b10f43,AD2,walnuts,target_public_development,2,larger,80729,0.016102310878778593,4221.1241830065355,84.0,191,994,336,336
2090f93f282deea0d8b10f43,AD2,walnuts,target_public_development,3,larger,5261,0.0010493658726511439,275.08496732026146,87.42483660130719,1609,1458,418,290
2090f93f282deea0d8b10f43,AD2,walnuts,target_public_development,4,tiny_compact,1721,0.0003432728885825163,89.98692810457516,17.25,1363,1496,33,69
bbb3e36f117a51e330679167,AD2,walnuts,target_public_development,1,thin_or_extended_small_area,3481,0.0006943247676674837,182.01307189542484,65.75,1256,37,304,263
bbb3e36f117a51e330679167,AD2,walnuts,target_public_development,2,larger,80729,0.016102310878778593,4221.1241830065355,84.0,191,994,336,336
bbb3e36f117a51e330679167,AD2,walnuts,target_public_development,3,larger,5261,0.0010493658726511439,275.08496732026146,87.42483660130719,1609,1458,418,290
bbb3e36f117a51e330679167,AD2,walnuts,target_public_development,4,tiny_compact,1721,0.0003432728885825163,89.98692810457516,17.25,1363,1496,33,69
b0fa95493d0c9ac6d0aa6553,AD2,walnuts,target_public_development,1,thin_or_extended_small_area,3481,0.0006943247676674837,182.01307189542484,65.75,1256,37,304,263
b0fa95493d0c9ac6d0aa6553,AD2,walnuts,target_public_development,2,larger,80729,0.016102310878778593,4221.1241830065355,84.0,191,994,336,336
b0fa95493d0c9ac6d0aa6553,AD2,walnuts,target_public_development,3,larger,5261,0.0010493658726511439,275.08496732026146,87.42483660130719,1609,1458,418,290
b0fa95493d0c9ac6d0aa6553,AD2,walnuts,target_public_development,4,tiny_compact,1721,0.0003432728885825163,89.98692810457516,17.25,1363,1496,33,69
05c458e1a10e73f974175e94,AD2,walnuts,target_public_development,1,larger,10770,0.0021481981464460784,563.1372549019608,102.0,131,456,313,408
05c458e1a10e73f974175e94,AD2,walnuts,target_public_development,2,thin_or_extended_small_area,1049,0.0002092348983864379,54.849673202614376,59.75,475,503,43,239
05c458e1a10e73f974175e94,AD2,walnuts,target_public_development,3,larger,18957,0.0037811877680759805,991.2156862745098,87.5,39,1316,235,350
05c458e1a10e73f974175e94,AD2,walnuts,target_public_development,4,tiny_compact,405,8.078182444852941e-05,21.176470588235293,6.901960784313726,141,1463,33,26
05c458e1a10e73f974175e94,AD2,walnuts,target_public_development,5,tiny_compact,1001,0.00019966075622957516,52.33986928104575,10.03921568627451,176,1479,48,35
05c458e1a10e73f974175e94,AD2,walnuts,target_public_development,6,tiny_compact,719,0.00014341267105800654,37.59477124183007,10.75,263,1519,30,43
af2a59935e08f2d2539d3a9e,AD2,walnuts,target_public_development,1,larger,10770,0.0021481981464460784,563.1372549019608,102.0,131,456,313,408
af2a59935e08f2d2539d3a9e,AD2,walnuts,target_public_development,2,thin_or_extended_small_area,1049,0.0002092348983864379,54.849673202614376,59.75,475,503,43,239
af2a59935e08f2d2539d3a9e,AD2,walnuts,target_public_development,3,larger,18957,0.0037811877680759805,991.2156862745098,87.5,39,1316,235,350
af2a59935e08f2d2539d3a9e,AD2,walnuts,target_public_development,4,tiny_compact,405,8.078182444852941e-05,21.176470588235293,6.901960784313726,141,1463,33,26
af2a59935e08f2d2539d3a9e,AD2,walnuts,target_public_development,5,tiny_compact,1001,0.00019966075622957516,52.33986928104575,10.03921568627451,176,1479,48,35
af2a59935e08f2d2539d3a9e,AD2,walnuts,target_public_development,6,tiny_compact,719,0.00014341267105800654,37.59477124183007,10.75,263,1519,30,43
fd1f519a84011cc6de9f8517,AD2,walnuts,target_public_development,1,larger,10770,0.0021481981464460784,563.1372549019608,102.0,131,456,313,408
fd1f519a84011cc6de9f8517,AD2,walnuts,target_public_development,2,thin_or_extended_small_area,1049,0.0002092348983864379,54.849673202614376,59.75,475,503,43,239
fd1f519a84011cc6de9f8517,AD2,walnuts,target_public_development,3,larger,18957,0.0037811877680759805,991.2156862745098,87.5,39,1316,235,350
fd1f519a84011cc6de9f8517,AD2,walnuts,target_public_development,4,tiny_compact,405,8.078182444852941e-05,21.176470588235293,6.901960784313726,141,1463,33,26
fd1f519a84011cc6de9f8517,AD2,walnuts,target_public_development,5,tiny_compact,1001,0.00019966075622957516,52.33986928104575,10.03921568627451,176,1479,48,35
fd1f519a84011cc6de9f8517,AD2,walnuts,target_public_development,6,tiny_compact,719,0.00014341267105800654,37.59477124183007,10.75,263,1519,30,43
123da037e590fadd1c70ab9a,AD2,walnuts,target_public_development,1,larger,10770,0.0021481981464460784,563.1372549019608,102.0,131,456,313,408
123da037e590fadd1c70ab9a,AD2,walnuts,target_public_development,2,thin_or_extended_small_area,1049,0.0002092348983864379,54.849673202614376,59.75,475,503,43,239
123da037e590fadd1c70ab9a,AD2,walnuts,target_public_development,3,larger,18957,0.0037811877680759805,991.2156862745098,87.5,39,1316,235,350
123da037e590fadd1c70ab9a,AD2,walnuts,target_public_development,4,tiny_compact,405,8.078182444852941e-05,21.176470588235293,6.901960784313726,141,1463,33,26
123da037e590fadd1c70ab9a,AD2,walnuts,target_public_development,5,tiny_compact,1001,0.00019966075622957516,52.33986928104575,10.03921568627451,176,1479,48,35
123da037e590fadd1c70ab9a,AD2,walnuts,target_public_development,6,tiny_compact,719,0.00014341267105800654,37.59477124183007,10.75,263,1519,30,43
1eba65ee90e11d42b10138e4,AD2,walnuts,target_public_development,1,larger,10770,0.0021481981464460784,563.1372549019608,102.0,131,456,313,408
1eba65ee90e11d42b10138e4,AD2,walnuts,target_public_development,2,thin_or_extended_small_area,1049,0.0002092348983864379,54.849673202614376,59.75,475,503,43,239
1eba65ee90e11d42b10138e4,AD2,walnuts,target_public_development,3,larger,18957,0.0037811877680759805,991.2156862745098,87.5,39,1316,235,350
1eba65ee90e11d42b10138e4,AD2,walnuts,target_public_development,4,tiny_compact,405,8.078182444852941e-05,21.176470588235293,6.901960784313726,141,1463,33,26
1eba65ee90e11d42b10138e4,AD2,walnuts,target_public_development,5,tiny_compact,1001,0.00019966075622957516,52.33986928104575,10.03921568627451,176,1479,48,35
1eba65ee90e11d42b10138e4,AD2,walnuts,target_public_development,6,tiny_compact,719,0.00014341267105800654,37.59477124183007,10.75,263,1519,30,43
49443f964952008d48a6e40b,AD2,walnuts,target_public_development,1,larger,10770,0.0021481981464460784,563.1372549019608,102.0,131,456,313,408
49443f964952008d48a6e40b,AD2,walnuts,target_public_development,2,thin_or_extended_small_area,1049,0.0002092348983864379,54.849673202614376,59.75,475,503,43,239
49443f964952008d48a6e40b,AD2,walnuts,target_public_development,3,larger,18957,0.0037811877680759805,991.2156862745098,87.5,39,1316,235,350
49443f964952008d48a6e40b,AD2,walnuts,target_public_development,4,tiny_compact,405,8.078182444852941e-05,21.176470588235293,6.901960784313726,141,1463,33,26
49443f964952008d48a6e40b,AD2,walnuts,target_public_development,5,tiny_compact,1001,0.00019966075622957516,52.33986928104575,10.03921568627451,176,1479,48,35
49443f964952008d48a6e40b,AD2,walnuts,target_public_development,6,tiny_compact,719,0.00014341267105800654,37.59477124183007,10.75,263,1519,30,43
65e651c27e4e372573ce778c,AD2,walnuts,target_public_development,1,tiny_compact,902,0.00017991408803104576,47.16339869281046,27.18954248366013,387,335,130,65
65e651c27e4e372573ce778c,AD2,walnuts,target_public_development,2,tiny_compact,2141,0.00042704663245506536,111.94771241830065,29.5,255,348,100,118
65e651c27e4e372573ce778c,AD2,walnuts,target_public_development,3,larger,37587,0.007497151692708333,1965.3333333333333,67.75,1618,467,209,271
65e651c27e4e372573ce778c,AD2,walnuts,target_public_development,4,larger,12922,0.002577438853145425,675.6601307189543,71.11111111111111,327,533,340,240
65e651c27e4e372573ce778c,AD2,walnuts,target_public_development,5,larger,6552,0.0013068704044117646,342.5882352941176,22.75,1394,1352,104,91
65e651c27e4e372573ce778c,AD2,walnuts,target_public_development,6,tiny_compact,1201,0.00023955301521650326,62.79738562091503,11.75,765,1521,36,47
8ffe5091369e636fc7ba914e,AD2,walnuts,target_public_development,1,tiny_compact,902,0.00017991408803104576,47.16339869281046,27.18954248366013,387,335,130,65
8ffe5091369e636fc7ba914e,AD2,walnuts,target_public_development,2,tiny_compact,2141,0.00042704663245506536,111.94771241830065,29.5,255,348,100,118
8ffe5091369e636fc7ba914e,AD2,walnuts,target_public_development,3,larger,37587,0.007497151692708333,1965.3333333333333,67.75,1618,467,209,271
8ffe5091369e636fc7ba914e,AD2,walnuts,target_public_development,4,larger,12922,0.002577438853145425,675.6601307189543,71.11111111111111,327,533,340,240
8ffe5091369e636fc7ba914e,AD2,walnuts,target_public_development,5,larger,6552,0.0013068704044117646,342.5882352941176,22.75,1394,1352,104,91
8ffe5091369e636fc7ba914e,AD2,walnuts,target_public_development,6,tiny_compact,1201,0.00023955301521650326,62.79738562091503,11.75,765,1521,36,47
c97c07bb1b71722f649ecc10,AD2,walnuts,target_public_development,1,tiny_compact,902,0.00017991408803104576,47.16339869281046,27.18954248366013,387,335,130,65
c97c07bb1b71722f649ecc10,AD2,walnuts,target_public_development,2,tiny_compact,2141,0.00042704663245506536,111.94771241830065,29.5,255,348,100,118
c97c07bb1b71722f649ecc10,AD2,walnuts,target_public_development,3,larger,37587,0.007497151692708333,1965.3333333333333,67.75,1618,467,209,271
c97c07bb1b71722f649ecc10,AD2,walnuts,target_public_development,4,larger,12922,0.002577438853145425,675.6601307189543,71.11111111111111,327,533,340,240
c97c07bb1b71722f649ecc10,AD2,walnuts,target_public_development,5,larger,6552,0.0013068704044117646,342.5882352941176,22.75,1394,1352,104,91
c97c07bb1b71722f649ecc10,AD2,walnuts,target_public_development,6,tiny_compact,1201,0.00023955301521650326,62.79738562091503,11.75,765,1521,36,47
b287368b71ca9313ee9fdbbc,AD2,walnuts,target_public_development,1,tiny_compact,902,0.00017991408803104576,47.16339869281046,27.18954248366013,387,335,130,65
b287368b71ca9313ee9fdbbc,AD2,walnuts,target_public_development,2,tiny_compact,2141,0.00042704663245506536,111.94771241830065,29.5,255,348,100,118
b287368b71ca9313ee9fdbbc,AD2,walnuts,target_public_development,3,larger,37587,0.007497151692708333,1965.3333333333333,67.75,1618,467,209,271
b287368b71ca9313ee9fdbbc,AD2,walnuts,target_public_development,4,larger,12922,0.002577438853145425,675.6601307189543,71.11111111111111,327,533,340,240
b287368b71ca9313ee9fdbbc,AD2,walnuts,target_public_development,5,larger,6552,0.0013068704044117646,342.5882352941176,22.75,1394,1352,104,91
b287368b71ca9313ee9fdbbc,AD2,walnuts,target_public_development,6,tiny_compact,1201,0.00023955301521650326,62.79738562091503,11.75,765,1521,36,47
365258891adad809dd0a5a79,AD2,walnuts,target_public_development,1,tiny_compact,902,0.00017991408803104576,47.16339869281046,27.18954248366013,387,335,130,65
365258891adad809dd0a5a79,AD2,walnuts,target_public_development,2,tiny_compact,2141,0.00042704663245506536,111.94771241830065,29.5,255,348,100,118
365258891adad809dd0a5a79,AD2,walnuts,target_public_development,3,larger,37587,0.007497151692708333,1965.3333333333333,67.75,1618,467,209,271
365258891adad809dd0a5a79,AD2,walnuts,target_public_development,4,larger,12922,0.002577438853145425,675.6601307189543,71.11111111111111,327,533,340,240
365258891adad809dd0a5a79,AD2,walnuts,target_public_development,5,larger,6552,0.0013068704044117646,342.5882352941176,22.75,1394,1352,104,91
365258891adad809dd0a5a79,AD2,walnuts,target_public_development,6,tiny_compact,1201,0.00023955301521650326,62.79738562091503,11.75,765,1521,36,47
a498b58324ca344eeba9f2a0,AD2,walnuts,target_public_development,1,tiny_compact,902,0.00017991408803104576,47.16339869281046,27.18954248366013,387,335,130,65
a498b58324ca344eeba9f2a0,AD2,walnuts,target_public_development,2,tiny_compact,2141,0.00042704663245506536,111.94771241830065,29.5,255,348,100,118
a498b58324ca344eeba9f2a0,AD2,walnuts,target_public_development,3,larger,37587,0.007497151692708333,1965.3333333333333,67.75,1618,467,209,271
a498b58324ca344eeba9f2a0,AD2,walnuts,target_public_development,4,larger,12922,0.002577438853145425,675.6601307189543,71.11111111111111,327,533,340,240
a498b58324ca344eeba9f2a0,AD2,walnuts,target_public_development,5,larger,6552,0.0013068704044117646,342.5882352941176,22.75,1394,1352,104,91
a498b58324ca344eeba9f2a0,AD2,walnuts,target_public_development,6,tiny_compact,1201,0.00023955301521650326,62.79738562091503,11.75,765,1521,36,47
1ab447c8d88edb8ad7fc9775,AD2,walnuts,target_public_development,1,tiny_compact,1075,0.00021442089205473856,56.209150326797385,10.75,1788,1652,47,43
ca13b4ab2da886ac3b651940,AD2,walnuts,target_public_development,1,tiny_compact,1075,0.00021442089205473856,56.209150326797385,10.75,1788,1652,47,43
b5c078dd21a759cea468ae37,AD2,walnuts,target_public_development,1,tiny_compact,1075,0.00021442089205473856,56.209150326797385,10.75,1788,1652,47,43
63347430e8d03494af3fb95f,AD2,walnuts,target_public_development,1,tiny_compact,1075,0.00021442089205473856,56.209150326797385,10.75,1788,1652,47,43
1cc26a389981230062ba603a,AD2,walnuts,target_public_development,1,tiny_compact,1075,0.00021442089205473856,56.209150326797385,10.75,1788,1652,47,43
8691b837a5afe0a3f7f57a02,AD2,walnuts,target_public_development,1,tiny_compact,1075,0.00021442089205473856,56.209150326797385,10.75,1788,1652,47,43
5a6a32c68432347dbbb6d5f4,AD2,walnuts,target_public_development,1,larger,119115,0.023758832146139705,6228.235294117647,98.25,360,1228,431,393
b05ac42de6cb25d817b502d3,AD2,walnuts,target_public_development,1,larger,119115,0.023758832146139705,6228.235294117647,98.25,360,1228,431,393
ff4fd8f56918d445fed28e19,AD2,walnuts,target_public_development,1,larger,119115,0.023758832146139705,6228.235294117647,98.25,360,1228,431,393
f6bbd43cdf8fac90e26bcbd8,AD2,walnuts,target_public_development,1,larger,119115,0.023758832146139705,6228.235294117647,98.25,360,1228,431,393
35a96dfd23f1587f79417498,AD2,walnuts,target_public_development,1,larger,119115,0.023758832146139705,6228.235294117647,98.25,360,1228,431,393
b2ba7a0193cec5ed3b8b0f11,AD2,walnuts,target_public_development,1,larger,119115,0.023758832146139705,6228.235294117647,98.25,360,1228,431,393
b4de99a5d1285f24643e5c79,AD2,walnuts,target_public_development,1,larger,145714,0.02906430313010621,7619.032679738562,120.75,0,844,387,483
f436c5436ac314c0ecadea16,AD2,walnuts,target_public_development,1,larger,145714,0.02906430313010621,7619.032679738562,120.75,0,844,387,483
66756fc5b2f6730dfeee6c65,AD2,walnuts,target_public_development,1,larger,145714,0.02906430313010621,7619.032679738562,120.75,0,844,387,483
fc603efa32f75391bcab2e19,AD2,walnuts,target_public_development,1,larger,145714,0.02906430313010621,7619.032679738562,120.75,0,844,387,483
be9e84069f0538c1113cb0eb,AD2,walnuts,target_public_development,1,larger,145714,0.02906430313010621,7619.032679738562,120.75,0,844,387,483
fa1eea9c0201913e4f67ee3e,AD2,walnuts,target_public_development,1,larger,145714,0.02906430313010621,7619.032679738562,120.75,0,844,387,483
ab47a8d0b593686af515ade9,VisA,candle,source_development_holdout,1,tiny_compact,1425,0.0009501824350275253,249.0846242478556,26.301369863013697,232,272,54,60
8f3a88920755ec17b08f4033,VisA,candle,source_development_holdout,1,larger,3232,0.002155080442111552,564.9414074168907,31.90031152647975,791,923,80,60
d9bcc5633b86b6332d42dc42,VisA,candle,source_development_holdout,1,larger,3225,0.0021504128792728203,563.7178338240942,37.6986301369863,249,878,85,86
8f927bcc86db94e9be1ad4dd,VisA,candle,source_development_holdout,1,larger,1839,0.0012262354372039432,321.4502624503905,26.73972602739726,335,250,52,61
a9112c607ddd101d6418aa7f,VisA,candle,source_development_holdout,1,larger,4993,0.003329305893398199,872.7575641189775,46.9041095890411,990,272,83,107
80a9e056efbc5959cfb71d76,VisA,candle,source_development_holdout,1,tiny_compact,4,2.6671787649895447e-06,0.6991849101694192,1.1962616822429906,997,159,3,2
80a9e056efbc5959cfb71d76,VisA,candle,source_development_holdout,2,tiny_compact,13,8.66833098621602e-06,2.2723509580506125,2.392523364485981,785,234,6,4
80a9e056efbc5959cfb71d76,VisA,candle,source_development_holdout,3,tiny_compact,9,6.001152221226476e-06,1.5731660478811933,3.190031152647975,805,238,8,2
80a9e056efbc5959cfb71d76,VisA,candle,source_development_holdout,4,larger,2446,0.0016309798147911066,427.55157256859985,56.54794520547945,783,240,34,129
80a9e056efbc5959cfb71d76,VisA,candle,source_development_holdout,5,tiny_compact,8,5.334357529979089e-06,1.3983698203388384,1.5950155763239875,888,245,4,3
80a9e056efbc5959cfb71d76,VisA,candle,source_development_holdout,6,tiny_compact,4,2.6671787649895447e-06,0.6991849101694192,1.1962616822429906,803,246,3,2
80a9e056efbc5959cfb71d76,VisA,candle,source_development_holdout,7,tiny_compact,9,6.001152221226476e-06,1.5731660478811933,2.392523364485981,1002,323,6,2
80a9e056efbc5959cfb71d76,VisA,candle,source_development_holdout,8,tiny_compact,4,2.6671787649895447e-06,0.6991849101694192,0.8767123287671232,927,474,2,2
80a9e056efbc5959cfb71d76,VisA,candle,source_development_holdout,9,tiny_compact,5,3.333973456236931e-06,0.873981137711774,1.3150684931506849,917,479,2,3
80a9e056efbc5959cfb71d76,VisA,candle,source_development_holdout,10,tiny_compact,1,6.667946912473862e-07,0.1747962275423548,0.4383561643835616,926,478,1,1
80a9e056efbc5959cfb71d76,VisA,candle,source_development_holdout,11,tiny_compact,3,2.0003840737421585e-06,0.5243886826270644,0.8767123287671232,937,484,2,2
80a9e056efbc5959cfb71d76,VisA,candle,source_development_holdout,12,tiny_compact,1,6.667946912473862e-07,0.1747962275423548,0.4383561643835616,926,489,1,1
80a9e056efbc5959cfb71d76,VisA,candle,source_development_holdout,13,tiny_compact,21,1.400268851619511e-05,3.670720778389451,5.698630136986301,940,488,5,13
80a9e056efbc5959cfb71d76,VisA,candle,source_development_holdout,14,tiny_compact,4,2.6671787649895447e-06,0.6991849101694192,0.8767123287671232,924,498,2,2
80a9e056efbc5959cfb71d76,VisA,candle,source_development_holdout,15,tiny_compact,11,7.334741603721248e-06,1.922758502965903,1.5950155763239875,952,502,4,3
80a9e056efbc5959cfb71d76,VisA,candle,source_development_holdout,16,tiny_compact,2,1.3335893824947723e-06,0.3495924550847096,0.7975077881619937,943,510,2,1
a735a47cf34fc010bfb48855,VisA,candle,source_development_holdout,1,larger,5920,0.003947424572184526,1034.7936670507404,51.0404984423676,823,991,128,96
a735a47cf34fc010bfb48855,VisA,candle,source_development_holdout,2,tiny_compact,161,0.00010735394529082917,28.142192634319123,13.150684931506849,908,999,10,30
a735a47cf34fc010bfb48855,VisA,candle,source_development_holdout,3,tiny_compact,7,4.6675628387317036e-06,1.2235735927964837,1.5950155763239875,1013,1060,4,2
a735a47cf34fc010bfb48855,VisA,candle,source_development_holdout,4,tiny_compact,2,1.3335893824947723e-06,0.3495924550847096,0.8767123287671232,1006,1063,1,2
cdb66e6b154c64f38bdd3655,VisA,candle,source_development_holdout,1,larger,2585,0.0017236642768744931,451.84824819698713,31.102803738317757,322,248,78,63
937deb748bcb8d4db75d6577,VisA,candle,source_development_holdout,1,larger,2234,0.0014896193402466607,390.4947723296206,27.17808219178082,362,288,56,62
89359a70ff88d4af7d1d0038,VisA,candle,source_development_holdout,1,larger,4709,0.0031399362010839415,823.1154354969487,34.691588785046726,807,958,87,78
f74a61f2fb120b5eec42f95d,VisA,candle,source_development_holdout,1,larger,2307,0.0015382953527077199,403.2548969402125,34.691588785046726,286,95,87,52
f74a61f2fb120b5eec42f95d,VisA,candle,source_development_holdout,2,larger,2394,0.0015963064908462426,418.4621687363974,33.09657320872274,342,660,83,49
6e61d7dd6e997a7fdc6cd3a6,VisA,candle,source_development_holdout,1,larger,6583,0.004389509452481543,1150.6835659113217,74.96573208722741,881,984,188,89
dac420adaa0745b029dc1223,VisA,candle,source_development_holdout,1,larger,3321,0.0022144251696325696,580.4982716681603,38.136986301369866,754,386,72,87
564b87f329cefaaca090bb92,VisA,candle,source_development_holdout,1,tiny_compact,251,0.00016736546750309393,43.873853113131055,11.165109034267912,943,656,28,12
564b87f329cefaaca090bb92,VisA,candle,source_development_holdout,2,thin_or_extended_small_area,1244,0.0008294925959117484,217.44650706268936,47.78082191780822,741,889,49,109
28858dc685de10032ea5c704,VisA,candle,source_development_holdout,1,larger,2818,0.0018790274399351342,492.57576921435583,64.43835616438356,1077,302,64,147
8019ea1a39698cf472a4aba4,VisA,candle,source_development_holdout,1,larger,1736,0.0011575555840054625,303.44625101352796,32.43835616438356,446,133,57,74
2848f0f0cce91ec34d541f46,VisA,candle,source_development_holdout,1,tiny_compact,1066,0.0007108031408697137,186.33277856015022,30.246575342465754,446,138,45,69
a30e98e9f5a93b1da26f8e0e,VisA,candle,source_development_holdout,1,tiny_compact,48,3.2006145179874536e-05,8.39021892203303,5.260273972602739,919,178,8,12
a30e98e9f5a93b1da26f8e0e,VisA,candle,source_development_holdout,2,larger,2736,0.0018243502752528485,478.2424785558827,45.15068493150685,513,788,42,103
ee2d487eb8d7c1feaa80ee8c,VisA,candle,source_development_holdout,1,larger,3321,0.0022144251696325696,580.4982716681603,35.945205479452056,1027,401,82,82
d6724990c6bb9cbf1def5522,VisA,candle,source_development_holdout,1,larger,3024,0.002016387146332096,528.5837920880809,37.8816199376947,336,1009,95,49
d124a32220cef1434c09435c,VisA,candle,source_development_holdout,1,tiny_compact,415,0.00027671979686766526,72.54043443007724,20.33644859813084,208,131,51,34
23e908cb5ae2243950b9b570,VisA,candle,source_development_holdout,1,larger,2722,0.0018150151495753852,475.7953313702898,46.9041095890411,723,791,45,107
7a3fed57e7f8a98a82e5da5c,VisA,candle,source_development_holdout,1,larger,1501,0.0010008588315623267,262.36913754107456,32.43835616438356,160,725,43,74
7a3fed57e7f8a98a82e5da5c,VisA,candle,source_development_holdout,2,tiny_compact,446,0.0002973904322963342,77.95911748389024,13.58904109589041,147,856,22,31
7a3fed57e7f8a98a82e5da5c,VisA,candle,source_development_holdout,3,tiny_compact,22,1.4669483207442496e-05,3.845517005931806,4.821917808219178,542,931,3,11
f681e8e404a3867d86d046c0,VisA,candle,source_development_holdout,1,larger,3705,0.002470474331071566,647.6200230444246,58.218068535825545,971,428,146,91
2fbf2833d60163d0ef245a37,VisA,candle,source_development_holdout,1,larger,1830,0.0012202342849827166,319.87709640250927,35.06849315068493,517,764,40,80
7f9133a19d90ab1a00004736,VisA,candle,source_development_holdout,1,larger,2068,0.0013789314214995947,361.47859855758975,32.69781931464174,934,657,82,36
7e1ce1f0bf66cadff14a2b82,VisA,candle,source_development_holdout,1,larger,2858,0.0019056992275850297,499.56761831605,41.47040498442367,215,451,104,57
5522c3c673d05e27a999e37a,VisA,candle,source_development_holdout,1,thin_or_extended_small_area,372,0.00024804762514402763,65.02419664575598,33.09657320872274,813,107,83,34
5522c3c673d05e27a999e37a,VisA,candle,source_development_holdout,2,tiny_compact,1,6.667946912473862e-07,0.1747962275423548,0.4383561643835616,802,141,1,1
5522c3c673d05e27a999e37a,VisA,candle,source_development_holdout,3,tiny_compact,606,0.000404077582895916,105.92651389066701,26.301369863013697,754,143,50,60
9513012dbaab06c2529c56e0,VisA,candle,source_development_holdout,1,thin_or_extended_small_area,989,0.000659459949643665,172.8734690393889,38.679127725856695,257,107,97,19
cc2c3ce37c483eecd8d4939e,VisA,candle,source_development_holdout,1,tiny_compact,807,0.0005381033158366406,141.06055562668033,32.0,504,180,42,73
cc2c3ce37c483eecd8d4939e,VisA,candle,source_development_holdout,2,tiny_compact,564,0.0003760722058635258,98.5850723338881,22.794520547945204,720,859,15,52
cc2c3ce37c483eecd8d4939e,VisA,candle,source_development_holdout,3,tiny_compact,381,0.00025404877736525414,66.59736269363718,26.73972602739726,731,921,31,61
02bd8d596731ab3417010866,VisA,candle,source_development_holdout,1,larger,6755,0.004504198139376093,1180.7485170486066,126.24657534246575,913,863,42,288
f40690fcf046f10a039f7d32,VisA,candle,source_development_holdout,1,larger,2366,0.0015776362394913158,413.5678743652115,53.917808219178085,336,864,53,123
0337f49d30789e965adb6aa3,VisA,candle,source_development_holdout,1,tiny_compact,930,0.0006201190628600692,162.56049161438997,18.84931506849315,330,865,38,43
2c0793530b61ae702a523af3,VisA,candle,source_development_holdout,1,larger,2400,0.0016003072589937269,419.51094610165154,54.35616438356164,350,310,24,124
b9346d87212caa450aa83345,VisA,candle,source_development_holdout,1,thin_or_extended_small_area,1410,0.0009401805146588145,246.46268083472026,46.9041095890411,906,320,22,107
b9346d87212caa450aa83345,VisA,candle,source_development_holdout,2,larger,2292,0.001528293432339009,400.6329535270772,76.9595015576324,859,477,193,60
16371c78eea616c440a3b728,VisA,candle,source_development_holdout,1,larger,2230,0.001486952161481671,389.7955874194512,42.082191780821915,320,975,27,96
35668050020a627f0adc5472,VisA,candle,source_development_holdout,1,larger,1865,0.001243572099176375,325.9949643664917,33.31506849315068,891,303,43,76
add583dcc62a5788ebcdb480,VisA,candle,source_development_holdout,1,tiny_compact,1469,0.0009795214014424103,256.7756582597192,31.123287671232877,922,869,29,71
f0844f0c727e05164d32a48e,VisA,candle,source_development_holdout,1,larger,1949,0.0012995828532411555,340.6778474800495,59.178082191780824,927,886,18,135
44432f9b6735f9e80a62743b,VisA,candle,source_development_holdout,1,larger,3579,0.0023864581999743953,625.5956983740879,61.80821917808219,345,873,41,141
a34a253dc1080c944e5fff96,VisA,candle,source_development_holdout,1,tiny_compact,163,0.00010868753467332395,28.491785089403834,6.778816199376947,308,675,17,13
b01dcc3fd008f4514189617a,VisA,candle,source_development_holdout,1,tiny_compact,89,5.934472752101737e-05,15.556864251269577,4.785046728971962,1023,867,12,10
b01dcc3fd008f4514189617a,VisA,candle,source_development_holdout,2,tiny_compact,391,0.000260716724277728,68.34532496906073,10.520547945205479,166,886,22,24
1465cbb36ac902b4140e4c1d,VisA,candle,source_development_holdout,1,tiny_compact,187,0.00012469060726326122,32.68689455042035,7.4520547945205475,830,269,16,17
88468c2928079c2e11f2b47a,VisA,candle,source_development_holdout,1,tiny_compact,111,7.401421072845987e-05,19.402381257201384,5.183800623052959,1038,799,13,11
2b6509024bae3e6bccca7363,VisA,candle,source_development_holdout,1,tiny_compact,2,1.3335893824947723e-06,0.3495924550847096,0.8767123287671232,272,672,2,2
2b6509024bae3e6bccca7363,VisA,candle,source_development_holdout,2,tiny_compact,1,6.667946912473862e-07,0.1747962275423548,0.4383561643835616,267,675,1,1
2b6509024bae3e6bccca7363,VisA,candle,source_development_holdout,3,tiny_compact,1,6.667946912473862e-07,0.1747962275423548,0.4383561643835616,270,674,1,1
2b6509024bae3e6bccca7363,VisA,candle,source_development_holdout,4,tiny_compact,1,6.667946912473862e-07,0.1747962275423548,0.4383561643835616,264,676,1,1
2b6509024bae3e6bccca7363,VisA,candle,source_development_holdout,5,tiny_compact,9,6.001152221226476e-06,1.5731660478811933,3.9452054794520546,230,691,9,9
2b6509024bae3e6bccca7363,VisA,candle,source_development_holdout,6,tiny_compact,1,6.667946912473862e-07,0.1747962275423548,0.4383561643835616,228,700,1,1
2b6509024bae3e6bccca7363,VisA,candle,source_development_holdout,7,tiny_compact,1,6.667946912473862e-07,0.1747962275423548,0.4383561643835616,224,702,1,1
2b6509024bae3e6bccca7363,VisA,candle,source_development_holdout,8,tiny_compact,2,1.3335893824947723e-06,0.3495924550847096,0.8767123287671232,180,746,2,2
2b6509024bae3e6bccca7363,VisA,candle,source_development_holdout,9,tiny_compact,1,6.667946912473862e-07,0.1747962275423548,0.4383561643835616,179,749,1,1
2b6509024bae3e6bccca7363,VisA,candle,source_development_holdout,10,tiny_compact,2,1.3335893824947723e-06,0.3495924550847096,0.8767123287671232,177,751,2,2
2b6509024bae3e6bccca7363,VisA,candle,source_development_holdout,11,tiny_compact,3,2.0003840737421585e-06,0.5243886826270644,1.3150684931506849,173,756,3,3
2b6509024bae3e6bccca7363,VisA,candle,source_development_holdout,12,tiny_compact,3,2.0003840737421585e-06,0.5243886826270644,1.3150684931506849,170,760,3,3
2b6509024bae3e6bccca7363,VisA,candle,source_development_holdout,13,tiny_compact,53,3.5340118636111464e-05,9.264200059744804,3.588785046728972,186,847,9,7
2b6509024bae3e6bccca7363,VisA,candle,source_development_holdout,14,tiny_compact,26,1.733666197243204e-05,4.544701916101225,5.582554517133956,188,906,14,9
2b6509024bae3e6bccca7363,VisA,candle,source_development_holdout,15,tiny_compact,34,2.267101950241113e-05,5.943071736440063,7.177570093457944,369,938,18,15
9ad360eac4e01158c2e380a4,VisA,candle,source_development_holdout,1,tiny_compact,70,4.667562838731703e-05,12.235735927964836,5.183800623052959,957,217,13,8
d73bdd44d7fda01fe8275bc9,VisA,candle,source_development_holdout,1,tiny_compact,107,7.134703196347032e-05,18.703196347031962,6.136986301369863,263,764,13,14
ab9afeb16fd9a8853dee5274,VisA,candle,source_development_holdout,1,tiny_compact,52,3.467332394486408e-05,9.08940383220245,4.383561643835616,899,449,7,10
2b7947bcdf5eb1937e18cad7,VisA,candle,source_development_holdout,1,tiny_compact,54,3.600691332735885e-05,9.438996287287159,3.9452054794520546,981,710,8,9
668fafb002ba2bedb08a302a,VisA,candle,source_development_holdout,1,tiny_compact,42,2.800537703239022e-05,7.341441556778902,3.0684931506849313,442,715,7,7
668fafb002ba2bedb08a302a,VisA,candle,source_development_holdout,2,tiny_compact,88,5.8677932829769986e-05,15.382068023727223,4.785046728971962,470,760,12,10
be7a0a3a57e6b9b1acf92d0b,VisA,candle,source_development_holdout,1,tiny_compact,63,4.2008065548585326e-05,11.012162335168352,3.987538940809969,1020,839,10,9
be7a0a3a57e6b9b1acf92d0b,VisA,candle,source_development_holdout,2,larger,2698,0.001799012076985448,471.6002219092733,51.28767123287671,897,853,58,117
d4fed7dfb047418fbb3c000e,VisA,candle,source_development_holdout,1,tiny_compact,88,5.8677932829769986e-05,15.382068023727223,4.821917808219178,800,374,12,11
efee3baaddc2a0906e188def,VisA,candle,source_development_holdout,1,tiny_compact,98,6.534587974224385e-05,17.13003029915077,5.698630136986301,1089,363,14,13
efee3baaddc2a0906e188def,VisA,candle,source_development_holdout,2,tiny_compact,26,1.733666197243204e-05,4.544701916101225,2.791277258566978,742,366,7,5
fbcbceba9fd9123d01f3030e,VisA,candle,source_development_holdout,1,tiny_compact,110,7.334741603721248e-05,19.22758502965903,5.582554517133956,226,170,14,11
fbcbceba9fd9123d01f3030e,VisA,candle,source_development_holdout,2,tiny_compact,754,0.0005027631972005292,131.79635556693552,16.34890965732087,424,413,41,29
fbcbceba9fd9123d01f3030e,VisA,candle,source_development_holdout,3,thin_or_extended_small_area,586,0.0003907416890709683,102.43058933981992,35.48909657320872,325,516,89,16
fbcbceba9fd9123d01f3030e,VisA,candle,source_development_holdout,4,tiny_compact,236,0.00015736354713438315,41.251909699995736,11.56386292834891,327,964,29,25
b0080cf2c66a63e3093dff88,VisA,candle,source_development_holdout,1,tiny_compact,39,2.600499295864806e-05,6.8170528741518375,3.506849315068493,453,985,7,8
b0080cf2c66a63e3093dff88,VisA,candle,source_development_holdout,2,tiny_compact,23,1.5336277898689883e-05,4.020313233474161,3.190031152647975,415,992,8,4
2cfa0214b5f2d2f4cb9d4013,VisA,candle,source_development_holdout,1,tiny_compact,141,9.401805146588145e-05,24.646268083472027,7.013698630136986,1095,810,17,16
66dc8ad1e500ba364d4213d5,VisA,candle,source_development_holdout,1,tiny_compact,29,1.93370460461742e-05,5.069090598728289,4.383561643835616,526,187,5,10
66dc8ad1e500ba364d4213d5,VisA,candle,source_development_holdout,2,tiny_compact,15,1.0001920368710792e-05,2.621943413135322,1.7534246575342465,444,1003,4,4
8f0e247dce28bee97bc07c8b,VisA,candle,source_development_holdout,1,tiny_compact,151,0.0001006859983783553,26.394230358895573,9.968847352024921,1031,379,25,13
b55d0e80a1d91603885be041,VisA,candle,source_development_holdout,1,tiny_compact,37,2.467140357615329e-05,6.467460419067128,3.190031152647975,510,962,8,6
d998b10fcedcef4853cb56f1,VisA,candle,source_development_holdout,1,tiny_compact,30,2.0003840737421584e-05,5.243886826270644,2.392523364485981,984,742,6,5
25f27de6af83355048803af0,VisA,candle,source_development_holdout,1,larger,4459,0.002973237528272095,779.4163786113601,32.43835616438356,362,651,78,74
630dde95782ed7537300aa3e,VisA,candle,source_development_holdout,1,larger,7928,0.005286348312209277,1385.7844919557888,46.25545171339564,1013,932,116,101
2ae17c08f2618611a574a091,VisA,candle,source_development_holdout,1,larger,5799,0.0038667424145435924,1013.6433235181155,59.61643835616438,924,654,77,136
9566227abae86ed57cfee51a,VisA,candle,source_development_holdout,1,larger,10834,0.007224053684974182,1893.742329193872,69.78193146417445,762,132,175,109
3aaddddf417ac998f01f564f,VisA,candle,source_development_holdout,1,larger,6866,0.004578212350104554,1200.1508983058081,65.31506849315069,399,656,87,149
fbf5ba916f7105bc36044471,VisA,candle,source_development_holdout,1,larger,6580,0.004387509068407801,1150.1591772286945,47.78082191780822,238,650,115,109
164a61895f124d74a7c4405b,VisA,candle,source_development_holdout,1,larger,13415,0.008945050783083686,2344.89139248069,61.36986301369863,296,829,132,140
4cd51110d2020c2bfdf72e34,VisA,candle,source_development_holdout,1,larger,17811,0.011876280245807195,3113.2956087568814,77.35825545171339,900,167,194,131
1957eccd65cb87cda25c940f,VisA,candle,source_development_holdout,1,larger,22677,0.015120903213416977,3963.85405197798,87.72585669781931,365,120,220,176
a2ab71b18b170589f60cb9a1,VisA,candle,source_development_holdout,1,tiny_compact,661,0.00044075129091452226,115.54030640549652,15.551401869158878,288,125,39,26
a2ab71b18b170589f60cb9a1,VisA,candle,source_development_holdout,2,larger,9501,0.006335216361541416,1660.738957879913,67.94520547945206,162,213,92,155
bc57e888b248de105c8df944,VisA,candle,source_development_holdout,1,tiny_compact,13,8.66833098621602e-06,2.2723509580506125,3.0684931506849313,0,339,2,7
bc57e888b248de105c8df944,VisA,candle,source_development_holdout,2,tiny_compact,9,6.001152221226476e-06,1.5731660478811933,1.9937694704049844,810,690,5,3
bc57e888b248de105c8df944,VisA,candle,source_development_holdout,3,tiny_compact,224,0.00014936201083941451,39.15435496948748,10.520547945205479,836,704,14,24
bc57e888b248de105c8df944,VisA,candle,source_development_holdout,4,tiny_compact,19,1.2669099133700337e-05,3.321128323304741,2.392523364485981,792,708,6,5
bc57e888b248de105c8df944,VisA,candle,source_development_holdout,5,tiny_compact,119,7.934856825843895e-05,20.80075107754022,6.136986301369863,806,712,15,14
bc57e888b248de105c8df944,VisA,candle,source_development_holdout,6,tiny_compact,18,1.2002304442452952e-05,3.1463320957623866,2.6301369863013697,773,718,5,6
bc57e888b248de105c8df944,VisA,candle,source_development_holdout,7,tiny_compact,9,6.001152221226476e-06,1.5731660478811933,1.9937694704049844,772,731,5,4
bc57e888b248de105c8df944,VisA,candle,source_development_holdout,8,tiny_compact,8,5.334357529979089e-06,1.3983698203388384,1.9937694704049844,763,733,5,3
bc57e888b248de105c8df944,VisA,candle,source_development_holdout,9,tiny_compact,7,4.6675628387317036e-06,1.2235735927964837,2.191780821917808,761,738,3,5
bc57e888b248de105c8df944,VisA,candle,source_development_holdout,10,tiny_compact,4,2.6671787649895447e-06,0.6991849101694192,1.1962616822429906,786,738,3,2
bc57e888b248de105c8df944,VisA,candle,source_development_holdout,11,tiny_compact,5,3.333973456236931e-06,0.873981137711774,1.3150684931506849,772,740,2,3
bc57e888b248de105c8df944,VisA,candle,source_development_holdout,12,tiny_compact,120,8.001536294968634e-05,20.975547305082575,7.576323987538941,800,762,19,10
bc57e888b248de105c8df944,VisA,candle,source_development_holdout,13,tiny_compact,9,6.001152221226476e-06,1.5731660478811933,1.9937694704049844,823,764,5,2
bc57e888b248de105c8df944,VisA,candle,source_development_holdout,14,tiny_compact,9,6.001152221226476e-06,1.5731660478811933,2.191780821917808,828,770,5,5
bc57e888b248de105c8df944,VisA,candle,source_development_holdout,15,tiny_compact,436,0.00029072248538386037,76.21115520846669,14.465753424657533,735,776,29,33
bc57e888b248de105c8df944,VisA,candle,source_development_holdout,16,tiny_compact,5,3.333973456236931e-06,0.873981137711774,1.5950155763239875,831,779,4,2
bc57e888b248de105c8df944,VisA,candle,source_development_holdout,17,tiny_compact,467,0.00031139312081252934,81.62983826227969,18.741433021806852,754,781,47,33
bc57e888b248de105c8df944,VisA,candle,source_development_holdout,18,tiny_compact,3,2.0003840737421585e-06,0.5243886826270644,1.1962616822429906,827,782,3,1
bc57e888b248de105c8df944,VisA,candle,source_development_holdout,19,tiny_compact,6,4.000768147484317e-06,1.0487773652541288,1.3150684931506849,832,787,2,3
bc57e888b248de105c8df944,VisA,candle,source_development_holdout,20,tiny_compact,25,1.6669867281184653e-05,4.36990568855887,3.506849315068493,835,791,5,8
bc57e888b248de105c8df944,VisA,candle,source_development_holdout,21,tiny_compact,68,4.534203900482226e-05,11.886143472880127,5.698630136986301,819,796,13,13
bc57e888b248de105c8df944,VisA,candle,source_development_holdout,22,tiny_compact,11,7.334741603721248e-06,1.922758502965903,2.392523364485981,758,799,6,3
bc57e888b248de105c8df944,VisA,candle,source_development_holdout,23,tiny_compact,102,6.801305850723339e-05,17.82921520932019,5.582554517133956,772,808,14,11
bc57e888b248de105c8df944,VisA,candle,source_development_holdout,24,tiny_compact,38,2.5338198267400673e-05,6.642256646609482,4.386292834890965,829,812,11,7
bc57e888b248de105c8df944,VisA,candle,source_development_holdout,25,tiny_compact,3,2.0003840737421585e-06,0.5243886826270644,0.8767123287671232,849,813,2,2
bc57e888b248de105c8df944,VisA,candle,source_development_holdout,26,tiny_compact,3,2.0003840737421585e-06,0.5243886826270644,1.3150684931506849,847,814,2,3
bc57e888b248de105c8df944,VisA,candle,source_development_holdout,27,tiny_compact,1,6.667946912473862e-07,0.1747962275423548,0.4383561643835616,765,817,1,1
bc57e888b248de105c8df944,VisA,candle,source_development_holdout,28,tiny_compact,2,1.3335893824947723e-06,0.3495924550847096,0.7975077881619937,849,820,2,1
bc57e888b248de105c8df944,VisA,candle,source_development_holdout,29,tiny_compact,2,1.3335893824947723e-06,0.3495924550847096,0.7975077881619937,783,832,2,1
bc57e888b248de105c8df944,VisA,candle,source_development_holdout,30,tiny_compact,5,3.333973456236931e-06,0.873981137711774,1.7534246575342465,778,837,2,4
bc57e888b248de105c8df944,VisA,candle,source_development_holdout,31,tiny_compact,15,1.0001920368710792e-05,2.621943413135322,2.191780821917808,770,839,5,5
c53dd2043d1837cc96845432,VisA,candle,source_development_holdout,1,tiny_compact,26,1.733666197243204e-05,4.544701916101225,5.183800623052959,1085,225,13,6
c53dd2043d1837cc96845432,VisA,candle,source_development_holdout,2,tiny_compact,9,6.001152221226476e-06,1.5731660478811933,2.191780821917808,1121,225,3,5
c53dd2043d1837cc96845432,VisA,candle,source_development_holdout,3,tiny_compact,3,2.0003840737421585e-06,0.5243886826270644,0.8767123287671232,1039,230,2,2
c53dd2043d1837cc96845432,VisA,candle,source_development_holdout,4,tiny_compact,26,1.733666197243204e-05,4.544701916101225,3.506849315068493,1033,232,6,8
c53dd2043d1837cc96845432,VisA,candle,source_development_holdout,5,tiny_compact,12,8.001536294968634e-06,2.0975547305082576,3.0684931506849313,1114,236,6,7
c53dd2043d1837cc96845432,VisA,candle,source_development_holdout,6,tiny_compact,183,0.00012202342849827166,31.987709640250927,10.95890410958904,1088,238,19,25
c53dd2043d1837cc96845432,VisA,candle,source_development_holdout,7,tiny_compact,352,0.00023471173131907994,61.52827209490889,13.158878504672897,1070,261,33,28
c53dd2043d1837cc96845432,VisA,candle,source_development_holdout,8,tiny_compact,98,6.534587974224385e-05,17.13003029915077,7.4520547945205475,1088,261,9,17
c53dd2043d1837cc96845432,VisA,candle,source_development_holdout,9,tiny_compact,21,1.400268851619511e-05,3.670720778389451,2.6301369863013697,1130,269,6,6
c53dd2043d1837cc96845432,VisA,candle,source_development_holdout,10,tiny_compact,40,2.6671787649895447e-05,6.991849101694192,4.785046728971962,1027,281,12,7
c53dd2043d1837cc96845432,VisA,candle,source_development_holdout,11,tiny_compact,5,3.333973456236931e-06,0.873981137711774,1.7534246575342465,1129,304,2,4
c53dd2043d1837cc96845432,VisA,candle,source_development_holdout,12,tiny_compact,8,5.334357529979089e-06,1.3983698203388384,2.191780821917808,1098,307,3,5
c53dd2043d1837cc96845432,VisA,candle,source_development_holdout,13,tiny_compact,68,4.534203900482226e-05,11.886143472880127,7.013698630136986,1125,309,13,16
c53dd2043d1837cc96845432,VisA,candle,source_development_holdout,14,tiny_compact,6,4.000768147484317e-06,1.0487773652541288,1.3150684931506849,1076,337,3,3
c53dd2043d1837cc96845432,VisA,candle,source_development_holdout,15,tiny_compact,11,7.334741603721248e-06,1.922758502965903,1.7534246575342465,964,356,4,4
c53dd2043d1837cc96845432,VisA,candle,source_development_holdout,16,tiny_compact,9,6.001152221226476e-06,1.5731660478811933,1.9937694704049844,966,361,5,2
c53dd2043d1837cc96845432,VisA,candle,source_development_holdout,17,tiny_compact,14,9.335125677463407e-06,2.4471471855929674,2.392523364485981,1082,380,6,3
c53dd2043d1837cc96845432,VisA,candle,source_development_holdout,18,tiny_compact,8,5.334357529979089e-06,1.3983698203388384,1.7534246575342465,996,409,3,4
c53dd2043d1837cc96845432,VisA,candle,source_development_holdout,19,tiny_compact,7,4.6675628387317036e-06,1.2235735927964837,1.5950155763239875,1003,409,4,2
c53dd2043d1837cc96845432,VisA,candle,source_development_holdout,20,tiny_compact,6,4.000768147484317e-06,1.0487773652541288,1.9937694704049844,999,414,5,2
c53dd2043d1837cc96845432,VisA,candle,source_development_holdout,21,tiny_compact,1,6.667946912473862e-07,0.1747962275423548,0.4383561643835616,996,421,1,1
80cc2bdb921107826f71c3ff,VisA,candle,source_development_holdout,1,tiny_compact,6,4.000768147484317e-06,1.0487773652541288,1.7534246575342465,536,213,2,4
80cc2bdb921107826f71c3ff,VisA,candle,source_development_holdout,2,tiny_compact,20,1.3335893824947723e-05,3.495924550847096,2.6301369863013697,532,216,5,6
80cc2bdb921107826f71c3ff,VisA,candle,source_development_holdout,3,tiny_compact,12,8.001536294968634e-06,2.0975547305082576,2.191780821917808,533,225,4,5
80cc2bdb921107826f71c3ff,VisA,candle,source_development_holdout,4,tiny_compact,97,6.467908505099646e-05,16.955234071608416,11.835616438356164,533,227,14,27
80cc2bdb921107826f71c3ff,VisA,candle,source_development_holdout,5,tiny_compact,9,6.001152221226476e-06,1.5731660478811933,1.7534246575342465,509,246,3,4
80cc2bdb921107826f71c3ff,VisA,candle,source_development_holdout,6,tiny_compact,2,1.3335893824947723e-06,0.3495924550847096,0.8767123287671232,518,250,1,2
80cc2bdb921107826f71c3ff,VisA,candle,source_development_holdout,7,tiny_compact,11,7.334741603721248e-06,1.922758502965903,1.7534246575342465,534,250,4,4
80cc2bdb921107826f71c3ff,VisA,candle,source_development_holdout,8,tiny_compact,118,7.868177356719157e-05,20.625954849997868,8.32876712328767,539,256,15,19
80cc2bdb921107826f71c3ff,VisA,candle,source_development_holdout,9,tiny_compact,12,8.001536294968634e-06,2.0975547305082576,2.392523364485981,528,266,6,2
80cc2bdb921107826f71c3ff,VisA,candle,source_development_holdout,10,tiny_compact,15,1.0001920368710792e-05,2.621943413135322,2.6301369863013697,550,277,4,6
80cc2bdb921107826f71c3ff,VisA,candle,source_development_holdout,11,tiny_compact,5,3.333973456236931e-06,0.873981137711774,1.1962616822429906,505,278,3,2
80cc2bdb921107826f71c3ff,VisA,candle,source_development_holdout,12,tiny_compact,1,6.667946912473862e-07,0.1747962275423548,0.4383561643835616,524,288,1,1
80cc2bdb921107826f71c3ff,VisA,candle,source_development_holdout,13,tiny_compact,2,1.3335893824947723e-06,0.3495924550847096,0.7975077881619937,486,303,2,1
80cc2bdb921107826f71c3ff,VisA,candle,source_development_holdout,14,tiny_compact,11,7.334741603721248e-06,1.922758502965903,2.191780821917808,507,305,3,5
80cc2bdb921107826f71c3ff,VisA,candle,source_development_holdout,15,tiny_compact,222,0.00014802842145691974,38.80476251440277,9.171339563862928,481,311,23,19
80cc2bdb921107826f71c3ff,VisA,candle,source_development_holdout,16,tiny_compact,2,1.3335893824947723e-06,0.3495924550847096,0.8767123287671232,539,310,1,2
80cc2bdb921107826f71c3ff,VisA,candle,source_development_holdout,17,tiny_compact,34,2.267101950241113e-05,5.943071736440063,6.136986301369863,536,317,4,14
80cc2bdb921107826f71c3ff,VisA,candle,source_development_holdout,18,tiny_compact,9,6.001152221226476e-06,1.5731660478811933,1.7534246575342465,525,318,3,4
80cc2bdb921107826f71c3ff,VisA,candle,source_development_holdout,19,tiny_compact,6,4.000768147484317e-06,1.0487773652541288,1.1962616822429906,479,327,3,2
80cc2bdb921107826f71c3ff,VisA,candle,source_development_holdout,20,tiny_compact,58,3.86740920923484e-05,10.138181197456579,4.383561643835616,478,327,10,10
80cc2bdb921107826f71c3ff,VisA,candle,source_development_holdout,21,tiny_compact,8,5.334357529979089e-06,1.3983698203388384,1.5950155763239875,463,329,4,3
80cc2bdb921107826f71c3ff,VisA,candle,source_development_holdout,22,tiny_compact,183,0.00012202342849827166,31.987709640250927,9.171339563862928,519,329,23,20
80cc2bdb921107826f71c3ff,VisA,candle,source_development_holdout,23,tiny_compact,15,1.0001920368710792e-05,2.621943413135322,2.791277258566978,489,330,7,6
80cc2bdb921107826f71c3ff,VisA,candle,source_development_holdout,24,tiny_compact,7,4.6675628387317036e-06,1.2235735927964837,1.3150684931506849,545,331,3,3
80cc2bdb921107826f71c3ff,VisA,candle,source_development_holdout,25,tiny_compact,6,4.000768147484317e-06,1.0487773652541288,1.3150684931506849,514,334,2,3
80cc2bdb921107826f71c3ff,VisA,candle,source_development_holdout,26,tiny_compact,2,1.3335893824947723e-06,0.3495924550847096,0.7975077881619937,497,337,2,1
80cc2bdb921107826f71c3ff,VisA,candle,source_development_holdout,27,tiny_compact,3,2.0003840737421585e-06,0.5243886826270644,0.8767123287671232,544,339,2,2
80cc2bdb921107826f71c3ff,VisA,candle,source_development_holdout,28,tiny_compact,6,4.000768147484317e-06,1.0487773652541288,1.3150684931506849,487,340,3,3
80cc2bdb921107826f71c3ff,VisA,candle,source_development_holdout,29,tiny_compact,9,6.001152221226476e-06,1.5731660478811933,1.9937694704049844,511,343,5,3
80cc2bdb921107826f71c3ff,VisA,candle,source_development_holdout,30,tiny_compact,13,8.66833098621602e-06,2.2723509580506125,2.6301369863013697,507,348,3,6
80cc2bdb921107826f71c3ff,VisA,candle,source_development_holdout,31,tiny_compact,10,6.667946912473862e-06,1.747962275423548,1.7534246575342465,474,351,4,4
80cc2bdb921107826f71c3ff,VisA,candle,source_development_holdout,32,tiny_compact,6,4.000768147484317e-06,1.0487773652541288,1.1962616822429906,448,356,3,2
80cc2bdb921107826f71c3ff,VisA,candle,source_development_holdout,33,tiny_compact,11,7.334741603721248e-06,1.922758502965903,1.7534246575342465,478,357,4,4
80cc2bdb921107826f71c3ff,VisA,candle,source_development_holdout,34,tiny_compact,4,2.6671787649895447e-06,0.6991849101694192,1.3150684931506849,546,356,3,3
80cc2bdb921107826f71c3ff,VisA,candle,source_development_holdout,35,tiny_compact,231,0.0001540295736781462,40.377928562283955,13.150684931506849,460,359,17,30
80cc2bdb921107826f71c3ff,VisA,candle,source_development_holdout,36,tiny_compact,9,6.001152221226476e-06,1.5731660478811933,1.7534246575342465,470,360,4,4
80cc2bdb921107826f71c3ff,VisA,candle,source_development_holdout,37,tiny_compact,4,2.6671787649895447e-06,0.6991849101694192,0.8767123287671232,485,363,2,2
80cc2bdb921107826f71c3ff,VisA,candle,source_development_holdout,38,tiny_compact,5,3.333973456236931e-06,0.873981137711774,1.1962616822429906,494,367,3,2
80cc2bdb921107826f71c3ff,VisA,candle,source_development_holdout,39,tiny_compact,28,1.8670251354926814e-05,4.894294371185935,3.9452054794520546,478,395,7,9
80cc2bdb921107826f71c3ff,VisA,candle,source_development_holdout,40,tiny_compact,93,6.201190628600691e-05,16.256049161438995,9.205479452054794,470,397,7,21
80cc2bdb921107826f71c3ff,VisA,candle,source_development_holdout,41,tiny_compact,13,8.66833098621602e-06,2.2723509580506125,2.392523364485981,458,411,6,3
da7ccb5a11536704b9bf106b,VisA,candle,source_development_holdout,1,tiny_compact,7,4.6675628387317036e-06,1.2235735927964837,2.191780821917808,280,780,3,5
da7ccb5a11536704b9bf106b,VisA,candle,source_development_holdout,2,tiny_compact,12,8.001536294968634e-06,2.0975547305082576,1.7534246575342465,328,804,4,4
da7ccb5a11536704b9bf106b,VisA,candle,source_development_holdout,3,tiny_compact,3,2.0003840737421585e-06,0.5243886826270644,1.3150684931506849,334,808,1,3
da7ccb5a11536704b9bf106b,VisA,candle,source_development_holdout,4,tiny_compact,130,8.66833098621602e-05,22.723509580506125,10.520547945205479,266,811,24,24
da7ccb5a11536704b9bf106b,VisA,candle,source_development_holdout,5,tiny_compact,15,1.0001920368710792e-05,2.621943413135322,2.392523364485981,296,810,6,5
da7ccb5a11536704b9bf106b,VisA,candle,source_development_holdout,6,tiny_compact,3,2.0003840737421585e-06,0.5243886826270644,0.8767123287671232,290,816,2,2
da7ccb5a11536704b9bf106b,VisA,candle,source_development_holdout,7,tiny_compact,4,2.6671787649895447e-06,0.6991849101694192,1.1962616822429906,256,818,3,2
da7ccb5a11536704b9bf106b,VisA,candle,source_development_holdout,8,tiny_compact,1,6.667946912473862e-07,0.1747962275423548,0.4383561643835616,294,818,1,1
da7ccb5a11536704b9bf106b,VisA,candle,source_development_holdout,9,tiny_compact,2,1.3335893824947723e-06,0.3495924550847096,0.7975077881619937,329,818,2,1
da7ccb5a11536704b9bf106b,VisA,candle,source_development_holdout,10,tiny_compact,6,4.000768147484317e-06,1.0487773652541288,1.5950155763239875,261,820,4,3
da7ccb5a11536704b9bf106b,VisA,candle,source_development_holdout,11,tiny_compact,9,6.001152221226476e-06,1.5731660478811933,2.6301369863013697,293,822,2,6
da7ccb5a11536704b9bf106b,VisA,candle,source_development_holdout,12,tiny_compact,4,2.6671787649895447e-06,0.6991849101694192,0.8767123287671232,246,825,2,2
da7ccb5a11536704b9bf106b,VisA,candle,source_development_holdout,13,tiny_compact,1,6.667946912473862e-07,0.1747962275423548,0.4383561643835616,321,826,1,1
da7ccb5a11536704b9bf106b,VisA,candle,source_development_holdout,14,tiny_compact,5,3.333973456236931e-06,0.873981137711774,1.1962616822429906,265,828,3,2
da7ccb5a11536704b9bf106b,VisA,candle,source_development_holdout,15,tiny_compact,9,6.001152221226476e-06,1.5731660478811933,2.191780821917808,272,828,4,5
da7ccb5a11536704b9bf106b,VisA,candle,source_development_holdout,16,tiny_compact,5,3.333973456236931e-06,0.873981137711774,1.1962616822429906,309,832,3,2
da7ccb5a11536704b9bf106b,VisA,candle,source_development_holdout,17,tiny_compact,2,1.3335893824947723e-06,0.3495924550847096,0.8767123287671232,226,835,1,2
da7ccb5a11536704b9bf106b,VisA,candle,source_development_holdout,18,tiny_compact,3,2.0003840737421585e-06,0.5243886826270644,0.8767123287671232,219,836,2,2
da7ccb5a11536704b9bf106b,VisA,candle,source_development_holdout,19,tiny_compact,12,8.001536294968634e-06,2.0975547305082576,3.506849315068493,261,837,4,8
da7ccb5a11536704b9bf106b,VisA,candle,source_development_holdout,20,tiny_compact,38,2.5338198267400673e-05,6.642256646609482,4.821917808219178,275,837,7,11
da7ccb5a11536704b9bf106b,VisA,candle,source_development_holdout,21,tiny_compact,1,6.667946912473862e-07,0.1747962275423548,0.4383561643835616,309,837,1,1
da7ccb5a11536704b9bf106b,VisA,candle,source_development_holdout,22,tiny_compact,4,2.6671787649895447e-06,0.6991849101694192,1.3150684931506849,266,840,2,3
da7ccb5a11536704b9bf106b,VisA,candle,source_development_holdout,23,tiny_compact,10,6.667946912473862e-06,1.747962275423548,1.5950155763239875,221,842,4,3
da7ccb5a11536704b9bf106b,VisA,candle,source_development_holdout,24,tiny_compact,1,6.667946912473862e-07,0.1747962275423548,0.4383561643835616,231,845,1,1
da7ccb5a11536704b9bf106b,VisA,candle,source_development_holdout,25,tiny_compact,1,6.667946912473862e-07,0.1747962275423548,0.4383561643835616,291,844,1,1
da7ccb5a11536704b9bf106b,VisA,candle,source_development_holdout,26,tiny_compact,4,2.6671787649895447e-06,0.6991849101694192,1.1962616822429906,297,846,3,2
da7ccb5a11536704b9bf106b,VisA,candle,source_development_holdout,27,tiny_compact,20,1.3335893824947723e-05,3.495924550847096,2.6301369863013697,224,848,5,6
da7ccb5a11536704b9bf106b,VisA,candle,source_development_holdout,28,tiny_compact,2,1.3335893824947723e-06,0.3495924550847096,0.8767123287671232,231,848,1,2
da7ccb5a11536704b9bf106b,VisA,candle,source_development_holdout,29,tiny_compact,5,3.333973456236931e-06,0.873981137711774,1.5950155763239875,233,848,4,2
da7ccb5a11536704b9bf106b,VisA,candle,source_development_holdout,30,tiny_compact,1,6.667946912473862e-07,0.1747962275423548,0.4383561643835616,236,851,1,1
da7ccb5a11536704b9bf106b,VisA,candle,source_development_holdout,31,tiny_compact,5,3.333973456236931e-06,0.873981137711774,1.3150684931506849,281,851,2,3
da7ccb5a11536704b9bf106b,VisA,candle,source_development_holdout,32,tiny_compact,19,1.2669099133700337e-05,3.321128323304741,3.506849315068493,289,850,5,8
da7ccb5a11536704b9bf106b,VisA,candle,source_development_holdout,33,tiny_compact,5,3.333973456236931e-06,0.873981137711774,1.3150684931506849,278,855,3,3
da7ccb5a11536704b9bf106b,VisA,candle,source_development_holdout,34,tiny_compact,71,4.734242307856442e-05,12.410532155507191,7.4520547945205475,285,855,11,17
da7ccb5a11536704b9bf106b,VisA,candle,source_development_holdout,35,tiny_compact,2,1.3335893824947723e-06,0.3495924550847096,0.7975077881619937,285,857,2,1
da7ccb5a11536704b9bf106b,VisA,candle,source_development_holdout,36,tiny_compact,11,7.334741603721248e-06,1.922758502965903,2.191780821917808,297,858,3,5
da7ccb5a11536704b9bf106b,VisA,candle,source_development_holdout,37,tiny_compact,1,6.667946912473862e-07,0.1747962275423548,0.4383561643835616,278,862,1,1
da7ccb5a11536704b9bf106b,VisA,candle,source_development_holdout,38,tiny_compact,2,1.3335893824947723e-06,0.3495924550847096,0.7975077881619937,274,864,2,1
da7ccb5a11536704b9bf106b,VisA,candle,source_development_holdout,39,tiny_compact,4,2.6671787649895447e-06,0.6991849101694192,1.1962616822429906,295,867,3,2
fa040b119c0dda16630297c2,VisA,candle,source_development_holdout,1,tiny_compact,17,1.1335509751205565e-05,2.9715358682200317,2.191780821917808,392,115,4,5
fa040b119c0dda16630297c2,VisA,candle,source_development_holdout,2,tiny_compact,28,1.8670251354926814e-05,4.894294371185935,3.588785046728972,379,116,9,6
fa040b119c0dda16630297c2,VisA,candle,source_development_holdout,3,tiny_compact,3,2.0003840737421585e-06,0.5243886826270644,0.8767123287671232,377,119,2,2
fa040b119c0dda16630297c2,VisA,candle,source_development_holdout,4,tiny_compact,4,2.6671787649895447e-06,0.6991849101694192,1.1962616822429906,385,125,3,2
fa040b119c0dda16630297c2,VisA,candle,source_development_holdout,5,tiny_compact,2,1.3335893824947723e-06,0.3495924550847096,0.7975077881619937,290,182,2,1
fa040b119c0dda16630297c2,VisA,candle,source_development_holdout,6,tiny_compact,2,1.3335893824947723e-06,0.3495924550847096,0.8767123287671232,300,187,1,2
fa040b119c0dda16630297c2,VisA,candle,source_development_holdout,7,tiny_compact,69,4.600883369606964e-05,12.06093970042248,6.778816199376947,308,186,17,9
fa040b119c0dda16630297c2,VisA,candle,source_development_holdout,8,tiny_compact,13,8.66833098621602e-06,2.2723509580506125,3.0684931506849313,288,191,2,7
fa040b119c0dda16630297c2,VisA,candle,source_development_holdout,9,tiny_compact,4,2.6671787649895447e-06,0.6991849101694192,0.8767123287671232,301,192,2,2
fa040b119c0dda16630297c2,VisA,candle,source_development_holdout,10,tiny_compact,20,1.3335893824947723e-05,3.495924550847096,3.0684931506849313,314,204,4,7
fa040b119c0dda16630297c2,VisA,candle,source_development_holdout,11,tiny_compact,486,0.0003240622199462297,84.95096658558444,16.65753424657534,248,213,19,38
fa040b119c0dda16630297c2,VisA,candle,source_development_holdout,12,tiny_compact,863,0.0005754438185464943,150.8491443690522,26.73972602739726,292,217,27,61
fa040b119c0dda16630297c2,VisA,candle,source_development_holdout,13,tiny_compact,44,2.9338966414884993e-05,7.691034011863612,3.506849315068493,355,223,7,8
fa040b119c0dda16630297c2,VisA,candle,source_development_holdout,14,tiny_compact,8,5.334357529979089e-06,1.3983698203388384,1.5950155763239875,365,224,4,2
fa040b119c0dda16630297c2,VisA,candle,source_development_holdout,15,tiny_compact,4,2.6671787649895447e-06,0.6991849101694192,0.8767123287671232,323,226,2,2
fa040b119c0dda16630297c2,VisA,candle,source_development_holdout,16,tiny_compact,175,0.00011668907096829258,30.58933981991209,9.171339563862928,322,239,23,19
fa040b119c0dda16630297c2,VisA,candle,source_development_holdout,17,tiny_compact,34,2.267101950241113e-05,5.943071736440063,2.791277258566978,353,246,7,6
fa040b119c0dda16630297c2,VisA,candle,source_development_holdout,18,tiny_compact,196,0.0001306917594844877,34.26006059830154,9.171339563862928,267,249,23,11
fa040b119c0dda16630297c2,VisA,candle,source_development_holdout,19,tiny_compact,836,0.0005574403618828148,146.1296462254086,22.794520547945204,233,258,33,52
fa040b119c0dda16630297c2,VisA,candle,source_development_holdout,20,tiny_compact,131,8.73501045534076e-05,22.89830580804848,7.013698630136986,289,279,13,16
fa040b119c0dda16630297c2,VisA,candle,source_development_holdout,21,tiny_compact,21,1.400268851619511e-05,3.670720778389451,4.383561643835616,221,283,7,10
fa040b119c0dda16630297c2,VisA,candle,source_development_holdout,22,tiny_compact,3,2.0003840737421585e-06,0.5243886826270644,0.8767123287671232,276,286,2,2
fa040b119c0dda16630297c2,VisA,candle,source_development_holdout,23,tiny_compact,32,2.1337430119916357e-05,5.5934792813553535,6.136986301369863,229,292,3,14
fa040b119c0dda16630297c2,VisA,candle,source_development_holdout,24,tiny_compact,10,6.667946912473862e-06,1.747962275423548,1.5950155763239875,287,295,4,3
fa040b119c0dda16630297c2,VisA,candle,source_development_holdout,25,tiny_compact,14,9.335125677463407e-06,2.4471471855929674,2.191780821917808,216,298,3,5
fa040b119c0dda16630297c2,VisA,candle,source_development_holdout,26,tiny_compact,2,1.3335893824947723e-06,0.3495924550847096,0.7975077881619937,276,311,2,1
fa040b119c0dda16630297c2,VisA,candle,source_development_holdout,27,tiny_compact,149,9.935240899586054e-05,26.044637903810866,7.4520547945205475,300,317,13,17
fa040b119c0dda16630297c2,VisA,candle,source_development_holdout,28,tiny_compact,4,2.6671787649895447e-06,0.6991849101694192,0.8767123287671232,268,321,2,2
fa040b119c0dda16630297c2,VisA,candle,source_development_holdout,29,tiny_compact,3,2.0003840737421585e-06,0.5243886826270644,0.8767123287671232,285,325,2,2
fa040b119c0dda16630297c2,VisA,candle,source_development_holdout,30,tiny_compact,74,4.934280715230658e-05,12.934920838134255,5.260273972602739,260,384,9,12
fa040b119c0dda16630297c2,VisA,candle,source_development_holdout,31,tiny_compact,15,1.0001920368710792e-05,2.621943413135322,1.9937694704049844,212,390,5,4
fa040b119c0dda16630297c2,VisA,candle,source_development_holdout,32,tiny_compact,161,0.00010735394529082917,28.142192634319123,8.767123287671232,217,391,11,20
3d38231c78d6540e798da39e,VisA,candle,source_development_holdout,1,tiny_compact,45,3.0005761106132378e-05,7.865830239405966,4.785046728971962,892,788,12,10
3d38231c78d6540e798da39e,VisA,candle,source_development_holdout,2,tiny_compact,6,4.000768147484317e-06,1.0487773652541288,1.3150684931506849,894,793,3,3
3d38231c78d6540e798da39e,VisA,candle,source_development_holdout,3,tiny_compact,40,2.6671787649895447e-05,6.991849101694192,6.575342465753424,911,794,7,15
3d38231c78d6540e798da39e,VisA,candle,source_development_holdout,4,tiny_compact,8,5.334357529979089e-06,1.3983698203388384,1.9937694704049844,887,797,5,3
3d38231c78d6540e798da39e,VisA,candle,source_development_holdout,5,tiny_compact,17,1.1335509751205565e-05,2.9715358682200317,2.791277258566978,889,799,7,5
3d38231c78d6540e798da39e,VisA,candle,source_development_holdout,6,tiny_compact,5,3.333973456236931e-06,0.873981137711774,1.3150684931506849,909,799,2,3
3d38231c78d6540e798da39e,VisA,candle,source_development_holdout,7,tiny_compact,2,1.3335893824947723e-06,0.3495924550847096,0.7975077881619937,873,802,2,1
3d38231c78d6540e798da39e,VisA,candle,source_development_holdout,8,tiny_compact,46,3.0672555797379766e-05,8.040626466948321,4.386292834890965,899,803,11,10
3d38231c78d6540e798da39e,VisA,candle,source_development_holdout,9,tiny_compact,8,5.334357529979089e-06,1.3983698203388384,2.392523364485981,909,810,6,5
3d38231c78d6540e798da39e,VisA,candle,source_development_holdout,10,tiny_compact,4,2.6671787649895447e-06,0.6991849101694192,0.8767123287671232,877,813,2,2
3d38231c78d6540e798da39e,VisA,candle,source_development_holdout,11,tiny_compact,1,6.667946912473862e-07,0.1747962275423548,0.4383561643835616,870,815,1,1
3d38231c78d6540e798da39e,VisA,candle,source_development_holdout,12,tiny_compact,2,1.3335893824947723e-06,0.3495924550847096,0.7975077881619937,911,820,2,1
3d38231c78d6540e798da39e,VisA,candle,source_development_holdout,13,tiny_compact,21,1.400268851619511e-05,3.670720778389451,3.506849315068493,855,823,8,8
3d38231c78d6540e798da39e,VisA,candle,source_development_holdout,14,tiny_compact,9,6.001152221226476e-06,1.5731660478811933,2.6301369863013697,875,822,4,6
3d38231c78d6540e798da39e,VisA,candle,source_development_holdout,15,tiny_compact,2,1.3335893824947723e-06,0.3495924550847096,0.8767123287671232,863,826,1,2
3d38231c78d6540e798da39e,VisA,candle,source_development_holdout,16,tiny_compact,3,2.0003840737421585e-06,0.5243886826270644,0.8767123287671232,884,829,2,2
3d38231c78d6540e798da39e,VisA,candle,source_development_holdout,17,tiny_compact,20,1.3335893824947723e-05,3.495924550847096,3.190031152647975,916,828,8,6
3d38231c78d6540e798da39e,VisA,candle,source_development_holdout,18,tiny_compact,5,3.333973456236931e-06,0.873981137711774,1.3150684931506849,953,832,2,3
3d38231c78d6540e798da39e,VisA,candle,source_development_holdout,19,tiny_compact,2,1.3335893824947723e-06,0.3495924550847096,0.8767123287671232,962,833,1,2
3d38231c78d6540e798da39e,VisA,candle,source_development_holdout,20,tiny_compact,3,2.0003840737421585e-06,0.5243886826270644,0.8767123287671232,875,835,2,2
3d38231c78d6540e798da39e,VisA,candle,source_development_holdout,21,tiny_compact,4,2.6671787649895447e-06,0.6991849101694192,1.1962616822429906,963,835,3,2
3d38231c78d6540e798da39e,VisA,candle,source_development_holdout,22,tiny_compact,10,6.667946912473862e-06,1.747962275423548,1.7534246575342465,869,840,3,4
3d38231c78d6540e798da39e,VisA,candle,source_development_holdout,23,tiny_compact,1,6.667946912473862e-07,0.1747962275423548,0.4383561643835616,849,842,1,1
3d38231c78d6540e798da39e,VisA,candle,source_development_holdout,24,tiny_compact,14,9.335125677463407e-06,2.4471471855929674,2.191780821917808,852,843,5,5
3d38231c78d6540e798da39e,VisA,candle,source_development_holdout,25,tiny_compact,1,6.667946912473862e-07,0.1747962275423548,0.4383561643835616,958,843,1,1
3d38231c78d6540e798da39e,VisA,candle,source_development_holdout,26,tiny_compact,133,8.868369393590236e-05,23.247898263133187,12.712328767123287,856,852,15,29
3d38231c78d6540e798da39e,VisA,candle,source_development_holdout,27,tiny_compact,5,3.333973456236931e-06,0.873981137711774,1.1962616822429906,842,855,3,2
3d38231c78d6540e798da39e,VisA,candle,source_development_holdout,28,tiny_compact,2,1.3335893824947723e-06,0.3495924550847096,0.8767123287671232,871,856,1,2
3d38231c78d6540e798da39e,VisA,candle,source_development_holdout,29,tiny_compact,35,2.3337814193658515e-05,6.117867963982418,4.386292834890965,922,856,11,8
3d38231c78d6540e798da39e,VisA,candle,source_development_holdout,30,tiny_compact,2,1.3335893824947723e-06,0.3495924550847096,0.7975077881619937,872,863,2,1
3d38231c78d6540e798da39e,VisA,candle,source_development_holdout,31,tiny_compact,2,1.3335893824947723e-06,0.3495924550847096,0.7975077881619937,875,864,2,1
3d38231c78d6540e798da39e,VisA,candle,source_development_holdout,32,tiny_compact,7,4.6675628387317036e-06,1.2235735927964837,2.191780821917808,878,865,5,5
3d38231c78d6540e798da39e,VisA,candle,source_development_holdout,33,tiny_compact,2,1.3335893824947723e-06,0.3495924550847096,0.8767123287671232,929,866,1,2
3d38231c78d6540e798da39e,VisA,candle,source_development_holdout,34,tiny_compact,1,6.667946912473862e-07,0.1747962275423548,0.4383561643835616,840,868,1,1
3d38231c78d6540e798da39e,VisA,candle,source_development_holdout,35,tiny_compact,6,4.000768147484317e-06,1.0487773652541288,1.9937694704049844,912,868,5,4
3d38231c78d6540e798da39e,VisA,candle,source_development_holdout,36,tiny_compact,1,6.667946912473862e-07,0.1747962275423548,0.4383561643835616,856,870,1,1
3d38231c78d6540e798da39e,VisA,candle,source_development_holdout,37,tiny_compact,8,5.334357529979089e-06,1.3983698203388384,1.9937694704049844,875,871,5,4
3d38231c78d6540e798da39e,VisA,candle,source_development_holdout,38,tiny_compact,3,2.0003840737421585e-06,0.5243886826270644,0.8767123287671232,924,870,2,2
3d38231c78d6540e798da39e,VisA,candle,source_development_holdout,39,tiny_compact,4,2.6671787649895447e-06,0.6991849101694192,0.8767123287671232,855,872,2,2
3d38231c78d6540e798da39e,VisA,candle,source_development_holdout,40,tiny_compact,51,3.4006529253616694e-05,8.914607604660095,3.987538940809969,909,873,10,9
3d38231c78d6540e798da39e,VisA,candle,source_development_holdout,41,tiny_compact,3,2.0003840737421585e-06,0.5243886826270644,0.8767123287671232,929,873,2,2
3d38231c78d6540e798da39e,VisA,candle,source_development_holdout,42,tiny_compact,54,3.600691332735885e-05,9.438996287287159,6.778816199376947,842,875,17,11
3d38231c78d6540e798da39e,VisA,candle,source_development_holdout,43,tiny_compact,41,2.733858234114283e-05,7.166645329236546,3.987538940809969,828,877,10,8
3d38231c78d6540e798da39e,VisA,candle,source_development_holdout,44,tiny_compact,2,1.3335893824947723e-06,0.3495924550847096,0.7975077881619937,878,881,2,1
3d38231c78d6540e798da39e,VisA,candle,source_development_holdout,45,tiny_compact,2,1.3335893824947723e-06,0.3495924550847096,0.7975077881619937,886,880,2,1
3d38231c78d6540e798da39e,VisA,candle,source_development_holdout,46,tiny_compact,3,2.0003840737421585e-06,0.5243886826270644,1.3150684931506849,881,882,1,3
3d38231c78d6540e798da39e,VisA,candle,source_development_holdout,47,tiny_compact,8,5.334357529979089e-06,1.3983698203388384,1.3150684931506849,833,884,3,3
3d38231c78d6540e798da39e,VisA,candle,source_development_holdout,48,tiny_compact,43,2.8672171723637605e-05,7.516237784321256,7.890410958904109,856,884,14,18
3d38231c78d6540e798da39e,VisA,candle,source_development_holdout,49,tiny_compact,1,6.667946912473862e-07,0.1747962275423548,0.4383561643835616,908,885,1,1
3d38231c78d6540e798da39e,VisA,candle,source_development_holdout,50,tiny_compact,5,3.333973456236931e-06,0.873981137711774,1.1962616822429906,837,886,3,2
3d38231c78d6540e798da39e,VisA,candle,source_development_holdout,51,tiny_compact,4,2.6671787649895447e-06,0.6991849101694192,1.3150684931506849,881,887,2,3
3d38231c78d6540e798da39e,VisA,candle,source_development_holdout,52,tiny_compact,2,1.3335893824947723e-06,0.3495924550847096,0.7975077881619937,909,887,2,1
3d38231c78d6540e798da39e,VisA,candle,source_development_holdout,53,tiny_compact,8,5.334357529979089e-06,1.3983698203388384,1.5950155763239875,831,889,4,3
3d38231c78d6540e798da39e,VisA,candle,source_development_holdout,54,tiny_compact,9,6.001152221226476e-06,1.5731660478811933,1.7534246575342465,846,889,4,4
3d38231c78d6540e798da39e,VisA,candle,source_development_holdout,55,tiny_compact,5,3.333973456236931e-06,0.873981137711774,1.1962616822429906,869,889,3,2
3d38231c78d6540e798da39e,VisA,candle,source_development_holdout,56,tiny_compact,2,1.3335893824947723e-06,0.3495924550847096,0.7975077881619937,873,889,2,1
3d38231c78d6540e798da39e,VisA,candle,source_development_holdout,57,tiny_compact,3,2.0003840737421585e-06,0.5243886826270644,0.8767123287671232,875,891,2,2
ab2efb527cf824d54854ead1,VisA,candle,source_development_holdout,1,tiny_compact,32,2.1337430119916357e-05,5.5934792813553535,5.698630136986301,397,766,6,13
ab2efb527cf824d54854ead1,VisA,candle,source_development_holdout,2,tiny_compact,43,2.8672171723637605e-05,7.516237784321256,5.981308411214953,365,769,15,9
ab2efb527cf824d54854ead1,VisA,candle,source_development_holdout,3,tiny_compact,18,1.2002304442452952e-05,3.1463320957623866,2.6301369863013697,388,768,4,6
ab2efb527cf824d54854ead1,VisA,candle,source_development_holdout,4,tiny_compact,4,2.6671787649895447e-06,0.6991849101694192,0.8767123287671232,413,771,2,2
ab2efb527cf824d54854ead1,VisA,candle,source_development_holdout,5,tiny_compact,5,3.333973456236931e-06,0.873981137711774,1.1962616822429906,273,774,3,2
ab2efb527cf824d54854ead1,VisA,candle,source_development_holdout,6,tiny_compact,1,6.667946912473862e-07,0.1747962275423548,0.4383561643835616,415,775,1,1
ab2efb527cf824d54854ead1,VisA,candle,source_development_holdout,7,tiny_compact,4,2.6671787649895447e-06,0.6991849101694192,1.3150684931506849,359,776,2,3
ab2efb527cf824d54854ead1,VisA,candle,source_development_holdout,8,tiny_compact,69,4.600883369606964e-05,12.06093970042248,6.136986301369863,372,776,10,14
ab2efb527cf824d54854ead1,VisA,candle,source_development_holdout,9,tiny_compact,8,5.334357529979089e-06,1.3983698203388384,1.3150684931506849,367,781,3,3
ab2efb527cf824d54854ead1,VisA,candle,source_development_holdout,10,tiny_compact,2,1.3335893824947723e-06,0.3495924550847096,0.7975077881619937,349,782,2,1
ab2efb527cf824d54854ead1,VisA,candle,source_development_holdout,11,tiny_compact,2,1.3335893824947723e-06,0.3495924550847096,0.7975077881619937,341,787,2,1
ab2efb527cf824d54854ead1,VisA,candle,source_development_holdout,12,tiny_compact,1,6.667946912473862e-07,0.1747962275423548,0.4383561643835616,362,787,1,1
ab2efb527cf824d54854ead1,VisA,candle,source_development_holdout,13,tiny_compact,1,6.667946912473862e-07,0.1747962275423548,0.4383561643835616,329,789,1,1
ab2efb527cf824d54854ead1,VisA,candle,source_development_holdout,14,tiny_compact,1,6.667946912473862e-07,0.1747962275423548,0.4383561643835616,342,789,1,1
ab2efb527cf824d54854ead1,VisA,candle,source_development_holdout,15,tiny_compact,7,4.6675628387317036e-06,1.2235735927964837,1.5950155763239875,393,789,4,2
ab2efb527cf824d54854ead1,VisA,candle,source_development_holdout,16,tiny_compact,10,6.667946912473862e-06,1.747962275423548,1.7534246575342465,278,790,4,4
ab2efb527cf824d54854ead1,VisA,candle,source_development_holdout,17,tiny_compact,88,5.8677932829769986e-05,15.382068023727223,7.177570093457944,290,791,18,12
ab2efb527cf824d54854ead1,VisA,candle,source_development_holdout,18,tiny_compact,1,6.667946912473862e-07,0.1747962275423548,0.4383561643835616,314,793,1,1
ab2efb527cf824d54854ead1,VisA,candle,source_development_holdout,19,tiny_compact,3,2.0003840737421585e-06,0.5243886826270644,1.1962616822429906,342,792,3,1
ab2efb527cf824d54854ead1,VisA,candle,source_development_holdout,20,tiny_compact,17,1.1335509751205565e-05,2.9715358682200317,1.9937694704049844,310,795,5,4
ab2efb527cf824d54854ead1,VisA,candle,source_development_holdout,21,tiny_compact,1,6.667946912473862e-07,0.1747962275423548,0.4383561643835616,332,795,1,1
ab2efb527cf824d54854ead1,VisA,candle,source_development_holdout,22,tiny_compact,6,4.000768147484317e-06,1.0487773652541288,1.5950155763239875,334,795,4,2
ab2efb527cf824d54854ead1,VisA,candle,source_development_holdout,23,tiny_compact,16,1.0668715059958179e-05,2.7967396406776768,2.6301369863013697,363,795,6,6
ab2efb527cf824d54854ead1,VisA,candle,source_development_holdout,24,tiny_compact,6,4.000768147484317e-06,1.0487773652541288,1.1962616822429906,370,795,3,2
ab2efb527cf824d54854ead1,VisA,candle,source_development_holdout,25,tiny_compact,3,2.0003840737421585e-06,0.5243886826270644,1.3150684931506849,411,796,1,3
ab2efb527cf824d54854ead1,VisA,candle,source_development_holdout,26,tiny_compact,3,2.0003840737421585e-06,0.5243886826270644,0.8767123287671232,357,798,2,2
ab2efb527cf824d54854ead1,VisA,candle,source_development_holdout,27,tiny_compact,35,2.3337814193658515e-05,6.117867963982418,3.588785046728972,298,801,9,8
ab2efb527cf824d54854ead1,VisA,candle,source_development_holdout,28,tiny_compact,1,6.667946912473862e-07,0.1747962275423548,0.4383561643835616,371,800,1,1
ab2efb527cf824d54854ead1,VisA,candle,source_development_holdout,29,tiny_compact,6,4.000768147484317e-06,1.0487773652541288,1.3150684931506849,399,800,2,3
ab2efb527cf824d54854ead1,VisA,candle,source_development_holdout,30,tiny_compact,4,2.6671787649895447e-06,0.6991849101694192,0.8767123287671232,296,802,2,2
ab2efb527cf824d54854ead1,VisA,candle,source_development_holdout,31,tiny_compact,136,9.068407800964452e-05,23.772286945760253,10.082191780821917,323,803,14,23
ab2efb527cf824d54854ead1,VisA,candle,source_development_holdout,32,tiny_compact,2,1.3335893824947723e-06,0.3495924550847096,0.7975077881619937,274,805,2,1
ab2efb527cf824d54854ead1,VisA,candle,source_development_holdout,33,tiny_compact,6,4.000768147484317e-06,1.0487773652541288,1.7534246575342465,294,804,2,4
ab2efb527cf824d54854ead1,VisA,candle,source_development_holdout,34,tiny_compact,2,1.3335893824947723e-06,0.3495924550847096,0.8767123287671232,350,804,1,2
ab2efb527cf824d54854ead1,VisA,candle,source_development_holdout,35,tiny_compact,2,1.3335893824947723e-06,0.3495924550847096,0.7975077881619937,278,807,2,1
ab2efb527cf824d54854ead1,VisA,candle,source_development_holdout,36,tiny_compact,2,1.3335893824947723e-06,0.3495924550847096,0.8767123287671232,309,806,1,2
ab2efb527cf824d54854ead1,VisA,candle,source_development_holdout,37,tiny_compact,1,6.667946912473862e-07,0.1747962275423548,0.4383561643835616,314,806,1,1
ab2efb527cf824d54854ead1,VisA,candle,source_development_holdout,38,tiny_compact,122,8.134895233218111e-05,21.325139760167286,7.013698630136986,371,806,12,16
ab2efb527cf824d54854ead1,VisA,candle,source_development_holdout,39,tiny_compact,1,6.667946912473862e-07,0.1747962275423548,0.4383561643835616,399,806,1,1
ab2efb527cf824d54854ead1,VisA,candle,source_development_holdout,40,tiny_compact,1,6.667946912473862e-07,0.1747962275423548,0.4383561643835616,401,806,1,1
ab2efb527cf824d54854ead1,VisA,candle,source_development_holdout,41,tiny_compact,8,5.334357529979089e-06,1.3983698203388384,1.3150684931506849,289,809,3,3
ab2efb527cf824d54854ead1,VisA,candle,source_development_holdout,42,tiny_compact,3,2.0003840737421585e-06,0.5243886826270644,0.8767123287671232,268,811,2,2
ab2efb527cf824d54854ead1,VisA,candle,source_development_holdout,43,tiny_compact,8,5.334357529979089e-06,1.3983698203388384,1.3150684931506849,297,811,3,3
ab2efb527cf824d54854ead1,VisA,candle,source_development_holdout,44,tiny_compact,1,6.667946912473862e-07,0.1747962275423548,0.4383561643835616,306,811,1,1
ab2efb527cf824d54854ead1,VisA,candle,source_development_holdout,45,tiny_compact,3,2.0003840737421585e-06,0.5243886826270644,1.3150684931506849,333,810,2,3
ab2efb527cf824d54854ead1,VisA,candle,source_development_holdout,46,tiny_compact,4,2.6671787649895447e-06,0.6991849101694192,0.8767123287671232,365,811,2,2
ab2efb527cf824d54854ead1,VisA,candle,source_development_holdout,47,tiny_compact,5,3.333973456236931e-06,0.873981137711774,1.3150684931506849,292,813,2,3
ab2efb527cf824d54854ead1,VisA,candle,source_development_holdout,48,tiny_compact,39,2.600499295864806e-05,6.8170528741518375,4.386292834890965,386,813,11,8
ab2efb527cf824d54854ead1,VisA,candle,source_development_holdout,49,tiny_compact,12,8.001536294968634e-06,2.0975547305082576,1.9937694704049844,300,819,5,3
ab2efb527cf824d54854ead1,VisA,candle,source_development_holdout,50,tiny_compact,1,6.667946912473862e-07,0.1747962275423548,0.4383561643835616,263,820,1,1
ab2efb527cf824d54854ead1,VisA,candle,source_development_holdout,51,tiny_compact,1,6.667946912473862e-07,0.1747962275423548,0.4383561643835616,270,820,1,1
ab2efb527cf824d54854ead1,VisA,candle,source_development_holdout,52,tiny_compact,115,7.668138949344941e-05,20.1015661673708,7.890410958904109,275,820,11,18
ab2efb527cf824d54854ead1,VisA,candle,source_development_holdout,53,tiny_compact,1,6.667946912473862e-07,0.1747962275423548,0.4383561643835616,294,822,1,1
ab2efb527cf824d54854ead1,VisA,candle,source_development_holdout,54,tiny_compact,33,2.2004224811163742e-05,5.768275508897708,3.9452054794520546,296,823,7,9
ab2efb527cf824d54854ead1,VisA,candle,source_development_holdout,55,tiny_compact,6,4.000768147484317e-06,1.0487773652541288,1.7534246575342465,319,823,3,4
ab2efb527cf824d54854ead1,VisA,candle,source_development_holdout,56,tiny_compact,10,6.667946912473862e-06,1.747962275423548,1.5950155763239875,367,824,4,3
ab2efb527cf824d54854ead1,VisA,candle,source_development_holdout,57,tiny_compact,22,1.4669483207442496e-05,3.845517005931806,2.6301369863013697,372,825,5,6
ab2efb527cf824d54854ead1,VisA,candle,source_development_holdout,58,tiny_compact,11,7.334741603721248e-06,1.922758502965903,2.191780821917808,267,827,3,5
ab2efb527cf824d54854ead1,VisA,candle,source_development_holdout,59,tiny_compact,3,2.0003840737421585e-06,0.5243886826270644,0.8767123287671232,339,830,2,2
ab2efb527cf824d54854ead1,VisA,candle,source_development_holdout,60,tiny_compact,2,1.3335893824947723e-06,0.3495924550847096,0.8767123287671232,332,832,1,2
ab2efb527cf824d54854ead1,VisA,candle,source_development_holdout,61,tiny_compact,1,6.667946912473862e-07,0.1747962275423548,0.4383561643835616,334,832,1,1
ab2efb527cf824d54854ead1,VisA,candle,source_development_holdout,62,tiny_compact,4,2.6671787649895447e-06,0.6991849101694192,0.8767123287671232,376,832,2,2
ab2efb527cf824d54854ead1,VisA,candle,source_development_holdout,63,tiny_compact,3,2.0003840737421585e-06,0.5243886826270644,1.3150684931506849,380,832,1,3
ab2efb527cf824d54854ead1,VisA,candle,source_development_holdout,64,tiny_compact,2,1.3335893824947723e-06,0.3495924550847096,0.8767123287671232,283,835,1,2
ab2efb527cf824d54854ead1,VisA,candle,source_development_holdout,65,tiny_compact,2,1.3335893824947723e-06,0.3495924550847096,0.7975077881619937,334,835,2,1
ab2efb527cf824d54854ead1,VisA,candle,source_development_holdout,66,tiny_compact,2,1.3335893824947723e-06,0.3495924550847096,0.8767123287671232,293,836,2,2
ab2efb527cf824d54854ead1,VisA,candle,source_development_holdout,67,tiny_compact,12,8.001536294968634e-06,2.0975547305082576,1.7534246575342465,494,910,4,4
04c7bc4c4d076ed304e64942,VisA,candle,source_development_holdout,1,tiny_compact,1,6.667946912473862e-07,0.1747962275423548,0.4383561643835616,1043,740,1,1
04c7bc4c4d076ed304e64942,VisA,candle,source_development_holdout,2,tiny_compact,21,1.400268851619511e-05,3.670720778389451,2.6301369863013697,1019,742,4,6
04c7bc4c4d076ed304e64942,VisA,candle,source_development_holdout,3,tiny_compact,9,6.001152221226476e-06,1.5731660478811933,2.191780821917808,1043,743,3,5
04c7bc4c4d076ed304e64942,VisA,candle,source_development_holdout,4,tiny_compact,3,2.0003840737421585e-06,0.5243886826270644,1.3150684931506849,1049,743,1,3
04c7bc4c4d076ed304e64942,VisA,candle,source_development_holdout,5,tiny_compact,14,9.335125677463407e-06,2.4471471855929674,2.191780821917808,962,745,4,5
04c7bc4c4d076ed304e64942,VisA,candle,source_development_holdout,6,tiny_compact,7,4.6675628387317036e-06,1.2235735927964837,1.3150684931506849,978,749,3,3
04c7bc4c4d076ed304e64942,VisA,candle,source_development_holdout,7,tiny_compact,20,1.3335893824947723e-05,3.495924550847096,2.6301369863013697,953,751,5,6
04c7bc4c4d076ed304e64942,VisA,candle,source_development_holdout,8,tiny_compact,4,2.6671787649895447e-06,0.6991849101694192,0.8767123287671232,962,752,2,2
04c7bc4c4d076ed304e64942,VisA,candle,source_development_holdout,9,tiny_compact,4,2.6671787649895447e-06,0.6991849101694192,1.3150684931506849,964,755,2,3
04c7bc4c4d076ed304e64942,VisA,candle,source_development_holdout,10,tiny_compact,27,1.8003456663679426e-05,4.7194981436435794,2.791277258566978,1028,755,7,6
04c7bc4c4d076ed304e64942,VisA,candle,source_development_holdout,11,tiny_compact,13,8.66833098621602e-06,2.2723509580506125,2.191780821917808,1077,754,3,5
04c7bc4c4d076ed304e64942,VisA,candle,source_development_holdout,12,tiny_compact,10,6.667946912473862e-06,1.747962275423548,1.9937694704049844,958,756,5,4
04c7bc4c4d076ed304e64942,VisA,candle,source_development_holdout,13,tiny_compact,13,8.66833098621602e-06,2.2723509580506125,2.392523364485981,967,757,6,4
04c7bc4c4d076ed304e64942,VisA,candle,source_development_holdout,14,tiny_compact,21,1.400268851619511e-05,3.670720778389451,3.588785046728972,962,760,9,4
04c7bc4c4d076ed304e64942,VisA,candle,source_development_holdout,15,tiny_compact,5,3.333973456236931e-06,0.873981137711774,1.3150684931506849,979,760,3,3
04c7bc4c4d076ed304e64942,VisA,candle,source_development_holdout,16,tiny_compact,12,8.001536294968634e-06,2.0975547305082576,1.9937694704049844,1036,761,5,3
04c7bc4c4d076ed304e64942,VisA,candle,source_development_holdout,17,tiny_compact,1,6.667946912473862e-07,0.1747962275423548,0.4383561643835616,955,762,1,1
04c7bc4c4d076ed304e64942,VisA,candle,source_development_holdout,18,tiny_compact,6,4.000768147484317e-06,1.0487773652541288,1.3150684931506849,1014,763,3,3
04c7bc4c4d076ed304e64942,VisA,candle,source_development_holdout,19,tiny_compact,26,1.733666197243204e-05,4.544701916101225,4.383561643835616,832,773,6,10
04c7bc4c4d076ed304e64942,VisA,candle,source_development_holdout,20,tiny_compact,1,6.667946912473862e-07,0.1747962275423548,0.4383561643835616,839,777,1,1
04c7bc4c4d076ed304e64942,VisA,candle,source_development_holdout,21,tiny_compact,2,1.3335893824947723e-06,0.3495924550847096,0.7975077881619937,1000,778,2,1
04c7bc4c4d076ed304e64942,VisA,candle,source_development_holdout,22,tiny_compact,10,6.667946912473862e-06,1.747962275423548,1.7534246575342465,826,780,4,4
04c7bc4c4d076ed304e64942,VisA,candle,source_development_holdout,23,tiny_compact,19,1.2669099133700337e-05,3.321128323304741,2.392523364485981,814,783,6,5
04c7bc4c4d076ed304e64942,VisA,candle,source_development_holdout,24,tiny_compact,6,4.000768147484317e-06,1.0487773652541288,1.3150684931506849,824,785,2,3
04c7bc4c4d076ed304e64942,VisA,candle,source_development_holdout,25,tiny_compact,42,2.800537703239022e-05,7.341441556778902,4.821917808219178,982,786,10,11
04c7bc4c4d076ed304e64942,VisA,candle,source_development_holdout,26,tiny_compact,3,2.0003840737421585e-06,0.5243886826270644,0.8767123287671232,1001,787,2,2
04c7bc4c4d076ed304e64942,VisA,candle,source_development_holdout,27,tiny_compact,4,2.6671787649895447e-06,0.6991849101694192,0.8767123287671232,992,789,2,2
04c7bc4c4d076ed304e64942,VisA,candle,source_development_holdout,28,tiny_compact,29,1.93370460461742e-05,5.069090598728289,3.588785046728972,995,788,9,7
04c7bc4c4d076ed304e64942,VisA,candle,source_development_holdout,29,tiny_compact,83,5.534395937353305e-05,14.508086886015448,6.778816199376947,1005,789,17,13
04c7bc4c4d076ed304e64942,VisA,candle,source_development_holdout,30,tiny_compact,2,1.3335893824947723e-06,0.3495924550847096,0.8767123287671232,967,790,1,2
04c7bc4c4d076ed304e64942,VisA,candle,source_development_holdout,31,tiny_compact,1,6.667946912473862e-07,0.1747962275423548,0.4383561643835616,974,793,1,1
04c7bc4c4d076ed304e64942,VisA,candle,source_development_holdout,32,tiny_compact,2,1.3335893824947723e-06,0.3495924550847096,0.7975077881619937,1079,794,2,1
04c7bc4c4d076ed304e64942,VisA,candle,source_development_holdout,33,tiny_compact,2,1.3335893824947723e-06,0.3495924550847096,0.7975077881619937,1086,794,2,1
04c7bc4c4d076ed304e64942,VisA,candle,source_development_holdout,34,tiny_compact,2,1.3335893824947723e-06,0.3495924550847096,0.7975077881619937,1096,794,2,1
04c7bc4c4d076ed304e64942,VisA,candle,source_development_holdout,35,tiny_compact,2,1.3335893824947723e-06,0.3495924550847096,0.7975077881619937,979,796,2,1
04c7bc4c4d076ed304e64942,VisA,candle,source_development_holdout,36,tiny_compact,38,2.5338198267400673e-05,6.642256646609482,4.386292834890965,1001,797,11,7
04c7bc4c4d076ed304e64942,VisA,candle,source_development_holdout,37,tiny_compact,9,6.001152221226476e-06,1.5731660478811933,1.3150684931506849,1090,796,3,3
04c7bc4c4d076ed304e64942,VisA,candle,source_development_holdout,38,tiny_compact,91,6.0678316903512144e-05,15.906456706354287,6.38006230529595,949,799,16,11
04c7bc4c4d076ed304e64942,VisA,candle,source_development_holdout,39,tiny_compact,8,5.334357529979089e-06,1.3983698203388384,1.5950155763239875,981,799,4,3
04c7bc4c4d076ed304e64942,VisA,candle,source_development_holdout,40,tiny_compact,1,6.667946912473862e-07,0.1747962275423548,0.4383561643835616,1069,799,1,1
04c7bc4c4d076ed304e64942,VisA,candle,source_development_holdout,41,tiny_compact,64,4.2674860239832714e-05,11.186958562710707,5.698630136986301,995,801,11,13
04c7bc4c4d076ed304e64942,VisA,candle,source_development_holdout,42,tiny_compact,9,6.001152221226476e-06,1.5731660478811933,1.7534246575342465,965,807,3,4
04c7bc4c4d076ed304e64942,VisA,candle,source_development_holdout,43,tiny_compact,2,1.3335893824947723e-06,0.3495924550847096,0.8767123287671232,978,807,1,2
04c7bc4c4d076ed304e64942,VisA,candle,source_development_holdout,44,tiny_compact,18,1.2002304442452952e-05,3.1463320957623866,2.6301369863013697,954,810,5,6
04c7bc4c4d076ed304e64942,VisA,candle,source_development_holdout,45,tiny_compact,56,3.734050270985363e-05,9.78858874237187,6.575342465753424,990,810,9,15
04c7bc4c4d076ed304e64942,VisA,candle,source_development_holdout,46,tiny_compact,58,3.86740920923484e-05,10.138181197456579,3.9452054794520546,1009,810,9,9
04c7bc4c4d076ed304e64942,VisA,candle,source_development_holdout,47,tiny_compact,5,3.333973456236931e-06,0.873981137711774,1.3150684931506849,976,812,2,3
04c7bc4c4d076ed304e64942,VisA,candle,source_development_holdout,48,tiny_compact,35,2.3337814193658515e-05,6.117867963982418,3.588785046728972,979,814,9,7
04c7bc4c4d076ed304e64942,VisA,candle,source_development_holdout,49,tiny_compact,2,1.3335893824947723e-06,0.3495924550847096,0.7975077881619937,1000,815,2,1
04c7bc4c4d076ed304e64942,VisA,candle,source_development_holdout,50,tiny_compact,2,1.3335893824947723e-06,0.3495924550847096,0.8767123287671232,963,816,1,2
04c7bc4c4d076ed304e64942,VisA,candle,source_development_holdout,51,tiny_compact,55,3.667370801860624e-05,9.613792514829514,4.383561643835616,1013,818,10,10
04c7bc4c4d076ed304e64942,VisA,candle,source_development_holdout,52,tiny_compact,17,1.1335509751205565e-05,2.9715358682200317,2.6301369863013697,1009,821,4,6
04c7bc4c4d076ed304e64942,VisA,candle,source_development_holdout,53,tiny_compact,8,5.334357529979089e-06,1.3983698203388384,1.5950155763239875,955,824,4,3
04c7bc4c4d076ed304e64942,VisA,candle,source_development_holdout,54,tiny_compact,2,1.3335893824947723e-06,0.3495924550847096,0.8767123287671232,976,825,1,2
04c7bc4c4d076ed304e64942,VisA,candle,source_development_holdout,55,tiny_compact,6,4.000768147484317e-06,1.0487773652541288,1.3150684931506849,952,827,3,3
04c7bc4c4d076ed304e64942,VisA,candle,source_development_holdout,56,tiny_compact,37,2.467140357615329e-05,6.467460419067128,3.506849315068493,984,826,8,8
04c7bc4c4d076ed304e64942,VisA,candle,source_development_holdout,57,tiny_compact,7,4.6675628387317036e-06,1.2235735927964837,1.7534246575342465,1000,828,3,4
04c7bc4c4d076ed304e64942,VisA,candle,source_development_holdout,58,tiny_compact,5,3.333973456236931e-06,0.873981137711774,1.3150684931506849,956,830,2,3
04c7bc4c4d076ed304e64942,VisA,candle,source_development_holdout,59,tiny_compact,22,1.4669483207442496e-05,3.845517005931806,2.392523364485981,971,831,6,5
04c7bc4c4d076ed304e64942,VisA,candle,source_development_holdout,60,tiny_compact,16,1.0668715059958179e-05,2.7967396406776768,2.6301369863013697,993,830,6,6
04c7bc4c4d076ed304e64942,VisA,candle,source_development_holdout,61,tiny_compact,2,1.3335893824947723e-06,0.3495924550847096,0.8767123287671232,983,833,1,2
04c7bc4c4d076ed304e64942,VisA,candle,source_development_holdout,62,tiny_compact,6,4.000768147484317e-06,1.0487773652541288,1.3150684931506849,1014,833,3,3
04c7bc4c4d076ed304e64942,VisA,candle,source_development_holdout,63,tiny_compact,1,6.667946912473862e-07,0.1747962275423548,0.4383561643835616,989,836,1,1
04c7bc4c4d076ed304e64942,VisA,candle,source_development_holdout,64,tiny_compact,6,4.000768147484317e-06,1.0487773652541288,1.3150684931506849,1009,836,3,3
04c7bc4c4d076ed304e64942,VisA,candle,source_development_holdout,65,tiny_compact,32,2.1337430119916357e-05,5.5934792813553535,3.506849315068493,967,838,8,8
04c7bc4c4d076ed304e64942,VisA,candle,source_development_holdout,66,tiny_compact,4,2.6671787649895447e-06,0.6991849101694192,1.3150684931506849,1013,839,2,3
04c7bc4c4d076ed304e64942,VisA,candle,source_development_holdout,67,tiny_compact,4,2.6671787649895447e-06,0.6991849101694192,1.5950155763239875,984,841,4,1
04c7bc4c4d076ed304e64942,VisA,candle,source_development_holdout,68,tiny_compact,6,4.000768147484317e-06,1.0487773652541288,1.5950155763239875,993,840,4,2
04c7bc4c4d076ed304e64942,VisA,candle,source_development_holdout,69,tiny_compact,183,0.00012202342849827166,31.987709640250927,8.767123287671232,983,845,16,20
04c7bc4c4d076ed304e64942,VisA,candle,source_development_holdout,70,tiny_compact,2,1.3335893824947723e-06,0.3495924550847096,0.7975077881619937,997,847,2,1
04c7bc4c4d076ed304e64942,VisA,candle,source_development_holdout,71,tiny_compact,20,1.3335893824947723e-05,3.495924550847096,2.191780821917808,1011,852,5,5
04c7bc4c4d076ed304e64942,VisA,candle,source_development_holdout,72,tiny_compact,4,2.6671787649895447e-06,0.6991849101694192,0.8767123287671232,990,863,2,2
04c7bc4c4d076ed304e64942,VisA,candle,source_development_holdout,73,tiny_compact,15,1.0001920368710792e-05,2.621943413135322,2.392523364485981,921,878,6,5
04c7bc4c4d076ed304e64942,VisA,candle,source_development_holdout,74,tiny_compact,8,5.334357529979089e-06,1.3983698203388384,1.5950155763239875,931,887,4,3
04c7bc4c4d076ed304e64942,VisA,candle,source_development_holdout,75,tiny_compact,5,3.333973456236931e-06,0.873981137711774,1.5950155763239875,925,888,4,2
04c7bc4c4d076ed304e64942,VisA,candle,source_development_holdout,76,tiny_compact,2,1.3335893824947723e-06,0.3495924550847096,0.8767123287671232,935,890,1,2
04c7bc4c4d076ed304e64942,VisA,candle,source_development_holdout,77,tiny_compact,17,1.1335509751205565e-05,2.9715358682200317,3.9452054794520546,926,893,5,9
04c7bc4c4d076ed304e64942,VisA,candle,source_development_holdout,78,tiny_compact,9,6.001152221226476e-06,1.5731660478811933,1.7534246575342465,932,898,4,4
04c7bc4c4d076ed304e64942,VisA,candle,source_development_holdout,79,tiny_compact,4,2.6671787649895447e-06,0.6991849101694192,0.8767123287671232,924,903,2,2
04c7bc4c4d076ed304e64942,VisA,candle,source_development_holdout,80,tiny_compact,5,3.333973456236931e-06,0.873981137711774,1.3150684931506849,936,905,2,3
04c7bc4c4d076ed304e64942,VisA,candle,source_development_holdout,81,tiny_compact,1,6.667946912473862e-07,0.1747962275423548,0.4383561643835616,922,908,1,1
04c7bc4c4d076ed304e64942,VisA,candle,source_development_holdout,82,tiny_compact,6,4.000768147484317e-06,1.0487773652541288,1.3150684931506849,930,908,3,3
04c7bc4c4d076ed304e64942,VisA,candle,source_development_holdout,83,tiny_compact,11,7.334741603721248e-06,1.922758502965903,2.191780821917808,929,912,3,5
04c7bc4c4d076ed304e64942,VisA,candle,source_development_holdout,84,tiny_compact,4,2.6671787649895447e-06,0.6991849101694192,1.1962616822429906,919,919,3,2
04c7bc4c4d076ed304e64942,VisA,candle,source_development_holdout,85,tiny_compact,1,6.667946912473862e-07,0.1747962275423548,0.4383561643835616,928,918,1,1
04c7bc4c4d076ed304e64942,VisA,candle,source_development_holdout,86,tiny_compact,3,2.0003840737421585e-06,0.5243886826270644,1.3150684931506849,924,924,1,3
04c7bc4c4d076ed304e64942,VisA,candle,source_development_holdout,87,tiny_compact,1,6.667946912473862e-07,0.1747962275423548,0.4383561643835616,927,924,1,1
04c7bc4c4d076ed304e64942,VisA,candle,source_development_holdout,88,tiny_compact,1,6.667946912473862e-07,0.1747962275423548,0.4383561643835616,930,924,1,1
04c7bc4c4d076ed304e64942,VisA,candle,source_development_holdout,89,tiny_compact,1,6.667946912473862e-07,0.1747962275423548,0.4383561643835616,934,924,1,1
04c7bc4c4d076ed304e64942,VisA,candle,source_development_holdout,90,tiny_compact,5,3.333973456236931e-06,0.873981137711774,1.3150684931506849,931,926,3,3
04c7bc4c4d076ed304e64942,VisA,candle,source_development_holdout,91,tiny_compact,17,1.1335509751205565e-05,2.9715358682200317,2.191780821917808,925,929,5,5
04c7bc4c4d076ed304e64942,VisA,candle,source_development_holdout,92,tiny_compact,1,6.667946912473862e-07,0.1747962275423548,0.4383561643835616,932,932,1,1
04c7bc4c4d076ed304e64942,VisA,candle,source_development_holdout,93,tiny_compact,4,2.6671787649895447e-06,0.6991849101694192,1.1962616822429906,926,939,3,2
04c7bc4c4d076ed304e64942,VisA,candle,source_development_holdout,94,tiny_compact,3,2.0003840737421585e-06,0.5243886826270644,1.1962616822429906,930,944,3,2
04c7bc4c4d076ed304e64942,VisA,candle,source_development_holdout,95,tiny_compact,12,8.001536294968634e-06,2.0975547305082576,1.7534246575342465,1070,1000,4,4
e73dca61276a3f2c907d2512,VisA,candle,source_development_holdout,1,tiny_compact,47,3.133935048862715e-05,8.215422694490675,5.260273972602739,937,171,10,12
e73dca61276a3f2c907d2512,VisA,candle,source_development_holdout,2,tiny_compact,26,1.733666197243204e-05,4.544701916101225,4.383561643835616,1044,173,6,10
e73dca61276a3f2c907d2512,VisA,candle,source_development_holdout,3,tiny_compact,889,0.0005927804805189263,155.39384628515342,29.906542056074766,935,176,75,39
e73dca61276a3f2c907d2512,VisA,candle,source_development_holdout,4,tiny_compact,12,8.001536294968634e-06,2.0975547305082576,1.9937694704049844,1040,186,5,4
e73dca61276a3f2c907d2512,VisA,candle,source_development_holdout,5,tiny_compact,5,3.333973456236931e-06,0.873981137711774,1.3150684931506849,976,198,3,3
e73dca61276a3f2c907d2512,VisA,candle,source_development_holdout,6,tiny_compact,11,7.334741603721248e-06,1.922758502965903,2.392523364485981,1008,201,6,3
e73dca61276a3f2c907d2512,VisA,candle,source_development_holdout,7,tiny_compact,20,1.3335893824947723e-05,3.495924550847096,2.791277258566978,954,204,7,6
e73dca61276a3f2c907d2512,VisA,candle,source_development_holdout,8,tiny_compact,35,2.3337814193658515e-05,6.117867963982418,3.9452054794520546,975,209,7,9
e73dca61276a3f2c907d2512,VisA,candle,source_development_holdout,9,tiny_compact,7,4.6675628387317036e-06,1.2235735927964837,1.7534246575342465,985,209,2,4
e73dca61276a3f2c907d2512,VisA,candle,source_development_holdout,10,tiny_compact,4,2.6671787649895447e-06,0.6991849101694192,0.8767123287671232,963,210,2,2
e73dca61276a3f2c907d2512,VisA,candle,source_development_holdout,11,tiny_compact,4,2.6671787649895447e-06,0.6991849101694192,1.1962616822429906,957,212,3,2
e73dca61276a3f2c907d2512,VisA,candle,source_development_holdout,12,tiny_compact,7,4.6675628387317036e-06,1.2235735927964837,1.9937694704049844,983,218,5,2
e73dca61276a3f2c907d2512,VisA,candle,source_development_holdout,13,tiny_compact,22,1.4669483207442496e-05,3.845517005931806,2.6301369863013697,978,225,5,6
e73dca61276a3f2c907d2512,VisA,candle,source_development_holdout,14,tiny_compact,15,1.0001920368710792e-05,2.621943413135322,2.191780821917808,985,224,5,5
e73dca61276a3f2c907d2512,VisA,candle,source_development_holdout,15,tiny_compact,8,5.334357529979089e-06,1.3983698203388384,1.5950155763239875,972,230,4,3
311730124e71844f46e71f0e,VisA,candle,source_development_holdout,1,tiny_compact,13,8.66833098621602e-06,2.2723509580506125,2.791277258566978,983,680,7,2
311730124e71844f46e71f0e,VisA,candle,source_development_holdout,2,tiny_compact,2,1.3335893824947723e-06,0.3495924550847096,0.7975077881619937,1047,710,2,1
311730124e71844f46e71f0e,VisA,candle,source_development_holdout,3,tiny_compact,2,1.3335893824947723e-06,0.3495924550847096,0.7975077881619937,938,724,2,1
311730124e71844f46e71f0e,VisA,candle,source_development_holdout,4,tiny_compact,169,0.00011268830282080827,29.540562454657962,7.177570093457944,901,733,18,15
311730124e71844f46e71f0e,VisA,candle,source_development_holdout,5,tiny_compact,4,2.6671787649895447e-06,0.6991849101694192,0.8767123287671232,1012,739,2,2
311730124e71844f46e71f0e,VisA,candle,source_development_holdout,6,tiny_compact,2,1.3335893824947723e-06,0.3495924550847096,0.7975077881619937,1010,743,2,1
311730124e71844f46e71f0e,VisA,candle,source_development_holdout,7,tiny_compact,1,6.667946912473862e-07,0.1747962275423548,0.4383561643835616,926,744,1,1
311730124e71844f46e71f0e,VisA,candle,source_development_holdout,8,tiny_compact,2,1.3335893824947723e-06,0.3495924550847096,0.8767123287671232,1006,749,2,2
311730124e71844f46e71f0e,VisA,candle,source_development_holdout,9,tiny_compact,6,4.000768147484317e-06,1.0487773652541288,1.3150684931506849,881,773,3,3
311730124e71844f46e71f0e,VisA,candle,source_development_holdout,10,tiny_compact,244,0.00016269790466436223,42.65027952033457,11.397260273972602,892,772,16,26
311730124e71844f46e71f0e,VisA,candle,source_development_holdout,11,tiny_compact,360,0.00024004608884905902,62.92664191524773,17.534246575342465,905,776,22,40
311730124e71844f46e71f0e,VisA,candle,source_development_holdout,12,tiny_compact,1033,0.0006887989160585499,180.5645030512525,22.794520547945204,854,786,54,52
311730124e71844f46e71f0e,VisA,candle,source_development_holdout,13,tiny_compact,92,6.134511159475953e-05,16.081252933896643,6.575342465753424,844,788,12,15
311730124e71844f46e71f0e,VisA,candle,source_development_holdout,14,tiny_compact,1,6.667946912473862e-07,0.1747962275423548,0.4383561643835616,891,788,1,1
311730124e71844f46e71f0e,VisA,candle,source_development_holdout,15,tiny_compact,20,1.3335893824947723e-05,3.495924550847096,2.791277258566978,929,796,7,5
311730124e71844f46e71f0e,VisA,candle,source_development_holdout,16,tiny_compact,1,6.667946912473862e-07,0.1747962275423548,0.4383561643835616,869,802,1,1
311730124e71844f46e71f0e,VisA,candle,source_development_holdout,17,tiny_compact,2,1.3335893824947723e-06,0.3495924550847096,0.7975077881619937,936,806,2,1
311730124e71844f46e71f0e,VisA,candle,source_development_holdout,18,tiny_compact,116,7.73481841846968e-05,20.276362394913157,9.205479452054794,921,815,12,21
311730124e71844f46e71f0e,VisA,candle,source_development_holdout,19,tiny_compact,3,2.0003840737421585e-06,0.5243886826270644,1.3150684931506849,881,818,1,3
311730124e71844f46e71f0e,VisA,candle,source_development_holdout,20,tiny_compact,6,4.000768147484317e-06,1.0487773652541288,1.7534246575342465,874,820,2,4
311730124e71844f46e71f0e,VisA,candle,source_development_holdout,21,tiny_compact,2,1.3335893824947723e-06,0.3495924550847096,0.7975077881619937,911,820,2,1
311730124e71844f46e71f0e,VisA,candle,source_development_holdout,22,tiny_compact,1,6.667946912473862e-07,0.1747962275423548,0.4383561643835616,875,827,1,1
311730124e71844f46e71f0e,VisA,candle,source_development_holdout,23,tiny_compact,8,5.334357529979089e-06,1.3983698203388384,1.3150684931506849,951,829,3,3
311730124e71844f46e71f0e,VisA,candle,source_development_holdout,24,tiny_compact,12,8.001536294968634e-06,2.0975547305082576,2.191780821917808,945,832,3,5
311730124e71844f46e71f0e,VisA,candle,source_development_holdout,25,tiny_compact,7,4.6675628387317036e-06,1.2235735927964837,2.191780821917808,929,837,3,5
311730124e71844f46e71f0e,VisA,candle,source_development_holdout,26,tiny_compact,5,3.333973456236931e-06,0.873981137711774,1.1962616822429906,888,839,3,2
311730124e71844f46e71f0e,VisA,candle,source_development_holdout,27,tiny_compact,27,1.8003456663679426e-05,4.7194981436435794,3.190031152647975,922,840,8,6
311730124e71844f46e71f0e,VisA,candle,source_development_holdout,28,tiny_compact,10,6.667946912473862e-06,1.747962275423548,2.392523364485981,940,840,6,5
311730124e71844f46e71f0e,VisA,candle,source_development_holdout,29,tiny_compact,29,1.93370460461742e-05,5.069090598728289,3.9452054794520546,922,848,8,9
311730124e71844f46e71f0e,VisA,candle,source_development_holdout,30,tiny_compact,20,1.3335893824947723e-05,3.495924550847096,2.191780821917808,907,853,5,5
311730124e71844f46e71f0e,VisA,candle,source_development_holdout,31,tiny_compact,2,1.3335893824947723e-06,0.3495924550847096,0.8767123287671232,916,862,1,2
311730124e71844f46e71f0e,VisA,candle,source_development_holdout,32,tiny_compact,29,1.93370460461742e-05,5.069090598728289,4.821917808219178,870,882,6,11
311730124e71844f46e71f0e,VisA,candle,source_development_holdout,33,tiny_compact,6,4.000768147484317e-06,1.0487773652541288,1.3150684931506849,878,884,2,3
4c34d07b1a724a2306c8048e,VisA,candle,source_development_holdout,1,thin_or_extended_small_area,790,0.0005267678060854351,138.0890197584603,35.50684931506849,339,736,37,81
4c34d07b1a724a2306c8048e,VisA,candle,source_development_holdout,2,tiny_compact,1,6.667946912473862e-07,0.1747962275423548,0.4383561643835616,370,751,1,1
4c34d07b1a724a2306c8048e,VisA,candle,source_development_holdout,3,tiny_compact,4,2.6671787649895447e-06,0.6991849101694192,0.8767123287671232,379,762,2,2
4c34d07b1a724a2306c8048e,VisA,candle,source_development_holdout,4,tiny_compact,8,5.334357529979089e-06,1.3983698203388384,1.3150684931506849,324,766,3,3
4c34d07b1a724a2306c8048e,VisA,candle,source_development_holdout,5,tiny_compact,5,3.333973456236931e-06,0.873981137711774,1.5950155763239875,349,780,4,2
4c34d07b1a724a2306c8048e,VisA,candle,source_development_holdout,6,tiny_compact,10,6.667946912473862e-06,1.747962275423548,2.6301369863013697,364,780,5,6
4c34d07b1a724a2306c8048e,VisA,candle,source_development_holdout,7,tiny_compact,6,4.000768147484317e-06,1.0487773652541288,1.3150684931506849,373,780,3,3
4c34d07b1a724a2306c8048e,VisA,candle,source_development_holdout,8,tiny_compact,25,1.6669867281184653e-05,4.36990568855887,3.9452054794520546,325,785,9,9
4c34d07b1a724a2306c8048e,VisA,candle,source_development_holdout,9,tiny_compact,12,8.001536294968634e-06,2.0975547305082576,2.392523364485981,371,785,6,4
4c34d07b1a724a2306c8048e,VisA,candle,source_development_holdout,10,tiny_compact,34,2.267101950241113e-05,5.943071736440063,4.386292834890965,335,797,11,6
4c34d07b1a724a2306c8048e,VisA,candle,source_development_holdout,11,tiny_compact,42,2.800537703239022e-05,7.341441556778902,4.383561643835616,365,796,7,10
4c34d07b1a724a2306c8048e,VisA,candle,source_development_holdout,12,tiny_compact,19,1.2669099133700337e-05,3.321128323304741,2.6301369863013697,270,798,5,6
4c34d07b1a724a2306c8048e,VisA,candle,source_development_holdout,13,tiny_compact,10,6.667946912473862e-06,1.747962275423548,1.7534246575342465,303,801,3,4
4c34d07b1a724a2306c8048e,VisA,candle,source_development_holdout,14,tiny_compact,26,1.733666197243204e-05,4.544701916101225,3.0684931506849313,537,803,5,7
4c34d07b1a724a2306c8048e,VisA,candle,source_development_holdout,15,tiny_compact,18,1.2002304442452952e-05,3.1463320957623866,2.791277258566978,342,819,7,4
4c34d07b1a724a2306c8048e,VisA,candle,source_development_holdout,16,tiny_compact,147,9.801881961336577e-05,25.695045448726155,8.767123287671232,319,821,15,20
4c34d07b1a724a2306c8048e,VisA,candle,source_development_holdout,17,tiny_compact,7,4.6675628387317036e-06,1.2235735927964837,1.7534246575342465,269,828,3,4
4c34d07b1a724a2306c8048e,VisA,candle,source_development_holdout,18,tiny_compact,7,4.6675628387317036e-06,1.2235735927964837,1.3150684931506849,314,830,3,3
4c34d07b1a724a2306c8048e,VisA,candle,source_development_holdout,19,tiny_compact,109,7.268062134596509e-05,19.052788802116673,5.260273972602739,332,839,13,12
c8182918e7c3a2c4de94070d,VisA,candle,source_development_holdout,1,tiny_compact,10,6.667946912473862e-06,1.747962275423548,1.9937694704049844,366,189,5,4
c8182918e7c3a2c4de94070d,VisA,candle,source_development_holdout,2,tiny_compact,13,8.66833098621602e-06,2.2723509580506125,1.9937694704049844,446,191,5,4
c8182918e7c3a2c4de94070d,VisA,candle,source_development_holdout,3,tiny_compact,10,6.667946912473862e-06,1.747962275423548,2.191780821917808,446,196,3,5
c8182918e7c3a2c4de94070d,VisA,candle,source_development_holdout,4,tiny_compact,4,2.6671787649895447e-06,0.6991849101694192,0.8767123287671232,303,223,2,2
c8182918e7c3a2c4de94070d,VisA,candle,source_development_holdout,5,tiny_compact,660,0.00044008449622327486,115.36551017795416,21.133956386292834,299,230,53,31
c8182918e7c3a2c4de94070d,VisA,candle,source_development_holdout,6,tiny_compact,701,0.0004674230785644177,122.53215550719071,19.14018691588785,346,230,48,34
c8182918e7c3a2c4de94070d,VisA,candle,source_development_holdout,7,tiny_compact,11,7.334741603721248e-06,1.922758502965903,1.7534246575342465,327,235,4,4
c8182918e7c3a2c4de94070d,VisA,candle,source_development_holdout,8,tiny_compact,10,6.667946912473862e-06,1.747962275423548,1.9937694704049844,336,237,5,4
c8182918e7c3a2c4de94070d,VisA,candle,source_development_holdout,9,tiny_compact,287,0.00019137007638799983,50.16651730465583,9.643835616438356,393,242,23,22
c8182918e7c3a2c4de94070d,VisA,candle,source_development_holdout,10,tiny_compact,6,4.000768147484317e-06,1.0487773652541288,1.3150684931506849,419,245,3,3
c8182918e7c3a2c4de94070d,VisA,candle,source_development_holdout,11,tiny_compact,641,0.00042741539708957455,112.04438185464943,23.12772585669782,330,260,58,24
c8182918e7c3a2c4de94070d,VisA,candle,source_development_holdout,12,tiny_compact,11,7.334741603721248e-06,1.922758502965903,2.191780821917808,274,264,4,5
c8182918e7c3a2c4de94070d,VisA,candle,source_development_holdout,13,tiny_compact,8,5.334357529979089e-06,1.3983698203388384,1.5950155763239875,402,270,4,2
c8182918e7c3a2c4de94070d,VisA,candle,source_development_holdout,14,tiny_compact,141,9.401805146588145e-05,24.646268083472027,20.164383561643834,147,280,5,46
c8182918e7c3a2c4de94070d,VisA,candle,source_development_holdout,15,tiny_compact,11,7.334741603721248e-06,1.922758502965903,1.9937694704049844,383,280,5,3
c8182918e7c3a2c4de94070d,VisA,candle,source_development_holdout,16,tiny_compact,10,6.667946912473862e-06,1.747962275423548,1.9937694704049844,393,282,5,3
c8182918e7c3a2c4de94070d,VisA,candle,source_development_holdout,17,tiny_compact,141,9.401805146588145e-05,24.646268083472027,8.32876712328767,360,286,15,19
c8182918e7c3a2c4de94070d,VisA,candle,source_development_holdout,18,tiny_compact,27,1.8003456663679426e-05,4.7194981436435794,3.506849315068493,353,288,7,8
c8182918e7c3a2c4de94070d,VisA,candle,source_development_holdout,19,tiny_compact,8,5.334357529979089e-06,1.3983698203388384,1.3150684931506849,397,288,3,3
c8182918e7c3a2c4de94070d,VisA,candle,source_development_holdout,20,tiny_compact,18,1.2002304442452952e-05,3.1463320957623866,2.191780821917808,407,294,4,5
c8182918e7c3a2c4de94070d,VisA,candle,source_development_holdout,21,tiny_compact,354,0.0002360453207015747,61.877864549993596,12.7601246105919,371,300,32,24
c8182918e7c3a2c4de94070d,VisA,candle,source_development_holdout,22,tiny_compact,6,4.000768147484317e-06,1.0487773652541288,1.1962616822429906,402,312,3,2
3b705eaea187dc69831b6022,VisA,candle,source_development_holdout,1,tiny_compact,28,1.8670251354926814e-05,4.894294371185935,3.190031152647975,887,663,8,6
3b705eaea187dc69831b6022,VisA,candle,source_development_holdout,2,tiny_compact,5,3.333973456236931e-06,0.873981137711774,1.1962616822429906,873,668,3,2
3b705eaea187dc69831b6022,VisA,candle,source_development_holdout,3,tiny_compact,8,5.334357529979089e-06,1.3983698203388384,1.5950155763239875,878,669,4,3
3b705eaea187dc69831b6022,VisA,candle,source_development_holdout,4,tiny_compact,322,0.00021470789058165835,56.284385268638246,11.56386292834891,881,671,29,19
3b705eaea187dc69831b6022,VisA,candle,source_development_holdout,5,tiny_compact,194,0.00012935817010199292,33.91046814321683,18.342679127725855,254,673,46,18
3b705eaea187dc69831b6022,VisA,candle,source_development_holdout,6,tiny_compact,36,2.4004608884905904e-05,6.292664191524773,4.383561643835616,854,672,9,10
3b705eaea187dc69831b6022,VisA,candle,source_development_holdout,7,tiny_compact,387,0.00025804954551273844,67.6461400588913,14.027397260273972,824,686,20,32
3b705eaea187dc69831b6022,VisA,candle,source_development_holdout,8,tiny_compact,13,8.66833098621602e-06,2.2723509580506125,2.392523364485981,854,688,6,3
3b705eaea187dc69831b6022,VisA,candle,source_development_holdout,9,tiny_compact,1,6.667946912473862e-07,0.1747962275423548,0.4383561643835616,859,697,1,1
3b705eaea187dc69831b6022,VisA,candle,source_development_holdout,10,tiny_compact,2,1.3335893824947723e-06,0.3495924550847096,0.7975077881619937,807,711,2,1
3b705eaea187dc69831b6022,VisA,candle,source_development_holdout,11,tiny_compact,93,6.201190628600691e-05,16.256049161438995,5.698630136986301,890,713,13,13
3b705eaea187dc69831b6022,VisA,candle,source_development_holdout,12,tiny_compact,1,6.667946912473862e-07,0.1747962275423548,0.4383561643835616,793,717,1,1
3b705eaea187dc69831b6022,VisA,candle,source_development_holdout,13,tiny_compact,183,0.00012202342849827166,31.987709640250927,9.570093457943925,847,729,24,13
3b705eaea187dc69831b6022,VisA,candle,source_development_holdout,14,tiny_compact,43,2.8672171723637605e-05,7.516237784321256,3.9452054794520546,824,750,7,9
3b705eaea187dc69831b6022,VisA,candle,source_development_holdout,15,tiny_compact,2,1.3335893824947723e-06,0.3495924550847096,0.7975077881619937,786,755,2,1
3b705eaea187dc69831b6022,VisA,candle,source_development_holdout,16,tiny_compact,17,1.1335509751205565e-05,2.9715358682200317,2.392523364485981,796,754,6,5
3b705eaea187dc69831b6022,VisA,candle,source_development_holdout,17,tiny_compact,13,8.66833098621602e-06,2.2723509580506125,1.7534246575342465,783,756,4,4
3b705eaea187dc69831b6022,VisA,candle,source_development_holdout,18,tiny_compact,19,1.2669099133700337e-05,3.321128323304741,2.6301369863013697,780,760,5,6
3b705eaea187dc69831b6022,VisA,candle,source_development_holdout,19,tiny_compact,3,2.0003840737421585e-06,0.5243886826270644,0.8767123287671232,807,767,2,2
3b705eaea187dc69831b6022,VisA,candle,source_development_holdout,20,tiny_compact,3,2.0003840737421585e-06,0.5243886826270644,1.3150684931506849,767,768,1,3
3b705eaea187dc69831b6022,VisA,candle,source_development_holdout,21,tiny_compact,13,8.66833098621602e-06,2.2723509580506125,2.392523364485981,832,768,6,3
3b705eaea187dc69831b6022,VisA,candle,source_development_holdout,22,tiny_compact,6,4.000768147484317e-06,1.0487773652541288,1.5950155763239875,765,773,4,2
3b705eaea187dc69831b6022,VisA,candle,source_development_holdout,23,tiny_compact,5,3.333973456236931e-06,0.873981137711774,1.3150684931506849,806,772,3,3
3b705eaea187dc69831b6022,VisA,candle,source_development_holdout,24,tiny_compact,3,2.0003840737421585e-06,0.5243886826270644,0.8767123287671232,779,774,2,2
3b705eaea187dc69831b6022,VisA,candle,source_development_holdout,25,tiny_compact,3,2.0003840737421585e-06,0.5243886826270644,1.1962616822429906,775,812,3,1
3b705eaea187dc69831b6022,VisA,candle,source_development_holdout,26,tiny_compact,15,1.0001920368710792e-05,2.621943413135322,2.6301369863013697,761,839,3,6
5a58f0b785aa7f090ae7826b,VisA,candle,source_development_holdout,1,tiny_compact,527,0.0003514008022873725,92.11761191482098,20.602739726027398,427,135,37,47
5a58f0b785aa7f090ae7826b,VisA,candle,source_development_holdout,2,tiny_compact,2,1.3335893824947723e-06,0.3495924550847096,0.7975077881619937,418,142,2,1
5a58f0b785aa7f090ae7826b,VisA,candle,source_development_holdout,3,tiny_compact,23,1.5336277898689883e-05,4.020313233474161,3.506849315068493,421,148,5,8
5a58f0b785aa7f090ae7826b,VisA,candle,source_development_holdout,4,tiny_compact,10,6.667946912473862e-06,1.747962275423548,1.7534246575342465,422,161,4,4
5a58f0b785aa7f090ae7826b,VisA,candle,source_development_holdout,5,tiny_compact,35,2.3337814193658515e-05,6.117867963982418,7.013698630136986,478,174,8,16
5a58f0b785aa7f090ae7826b,VisA,candle,source_development_holdout,6,tiny_compact,45,3.0005761106132378e-05,7.865830239405966,3.9452054794520546,483,182,9,9
5a58f0b785aa7f090ae7826b,VisA,candle,source_development_holdout,7,tiny_compact,12,8.001536294968634e-06,2.0975547305082576,1.9937694704049844,467,187,5,4
5a58f0b785aa7f090ae7826b,VisA,candle,source_development_holdout,8,tiny_compact,43,2.8672171723637605e-05,7.516237784321256,4.821917808219178,466,193,9,11
5a58f0b785aa7f090ae7826b,VisA,candle,source_development_holdout,9,tiny_compact,5,3.333973456236931e-06,0.873981137711774,1.7534246575342465,490,193,2,4
5a58f0b785aa7f090ae7826b,VisA,candle,source_development_holdout,10,tiny_compact,4,2.6671787649895447e-06,0.6991849101694192,0.8767123287671232,494,193,2,2
5a58f0b785aa7f090ae7826b,VisA,candle,source_development_holdout,11,tiny_compact,11,7.334741603721248e-06,1.922758502965903,2.392523364485981,432,195,6,5
5a58f0b785aa7f090ae7826b,VisA,candle,source_development_holdout,12,tiny_compact,11,7.334741603721248e-06,1.922758502965903,1.9937694704049844,478,195,5,3
5a58f0b785aa7f090ae7826b,VisA,candle,source_development_holdout,13,tiny_compact,76,5.067639653480135e-05,13.284513293218964,4.821917808219178,495,197,12,11
5a58f0b785aa7f090ae7826b,VisA,candle,source_development_holdout,14,tiny_compact,11,7.334741603721248e-06,1.922758502965903,1.9937694704049844,471,205,5,4
5a58f0b785aa7f090ae7826b,VisA,candle,source_development_holdout,15,tiny_compact,3,2.0003840737421585e-06,0.5243886826270644,1.1962616822429906,416,207,3,1
5a58f0b785aa7f090ae7826b,VisA,candle,source_development_holdout,16,tiny_compact,24,1.6003072589937268e-05,4.195109461016515,2.6301369863013697,456,206,6,6
5a58f0b785aa7f090ae7826b,VisA,candle,source_development_holdout,17,tiny_compact,16,1.0668715059958179e-05,2.7967396406776768,2.392523364485981,465,208,6,5
5a58f0b785aa7f090ae7826b,VisA,candle,source_development_holdout,18,tiny_compact,15,1.0001920368710792e-05,2.621943413135322,2.191780821917808,453,211,4,5
5a58f0b785aa7f090ae7826b,VisA,candle,source_development_holdout,19,tiny_compact,4,2.6671787649895447e-06,0.6991849101694192,1.1962616822429906,475,211,3,2
5a58f0b785aa7f090ae7826b,VisA,candle,source_development_holdout,20,tiny_compact,15,1.0001920368710792e-05,2.621943413135322,3.0684931506849313,466,214,4,7
5a58f0b785aa7f090ae7826b,VisA,candle,source_development_holdout,21,tiny_compact,15,1.0001920368710792e-05,2.621943413135322,2.191780821917808,393,218,5,5
5a58f0b785aa7f090ae7826b,VisA,candle,source_development_holdout,22,tiny_compact,221,0.00014736162676567234,38.62996628686041,9.205479452054794,504,219,23,21
5a58f0b785aa7f090ae7826b,VisA,candle,source_development_holdout,23,tiny_compact,10,6.667946912473862e-06,1.747962275423548,1.9937694704049844,465,224,5,3
5a58f0b785aa7f090ae7826b,VisA,candle,source_development_holdout,24,tiny_compact,6,4.000768147484317e-06,1.0487773652541288,1.7534246575342465,458,228,3,4
5a58f0b785aa7f090ae7826b,VisA,candle,source_development_holdout,25,tiny_compact,2,1.3335893824947723e-06,0.3495924550847096,0.7975077881619937,456,233,2,1
5a58f0b785aa7f090ae7826b,VisA,candle,source_development_holdout,26,tiny_compact,13,8.66833098621602e-06,2.2723509580506125,3.0684931506849313,467,232,6,7
5a58f0b785aa7f090ae7826b,VisA,candle,source_development_holdout,27,tiny_compact,29,1.93370460461742e-05,5.069090598728289,3.0684931506849313,490,234,7,7
5a58f0b785aa7f090ae7826b,VisA,candle,source_development_holdout,28,tiny_compact,1,6.667946912473862e-07,0.1747962275423548,0.4383561643835616,459,238,1,1
5a58f0b785aa7f090ae7826b,VisA,candle,source_development_holdout,29,tiny_compact,3,2.0003840737421585e-06,0.5243886826270644,1.1962616822429906,463,239,3,2
5a58f0b785aa7f090ae7826b,VisA,candle,source_development_holdout,30,tiny_compact,20,1.3335893824947723e-05,3.495924550847096,3.0684931506849313,393,241,4,7
5a58f0b785aa7f090ae7826b,VisA,candle,source_development_holdout,31,tiny_compact,3,2.0003840737421585e-06,0.5243886826270644,1.1962616822429906,467,243,3,1
5a58f0b785aa7f090ae7826b,VisA,candle,source_development_holdout,32,tiny_compact,7,4.6675628387317036e-06,1.2235735927964837,1.7534246575342465,531,258,3,4
5a58f0b785aa7f090ae7826b,VisA,candle,source_development_holdout,33,tiny_compact,1,6.667946912473862e-07,0.1747962275423548,0.4383561643835616,527,262,1,1
5a58f0b785aa7f090ae7826b,VisA,candle,source_development_holdout,34,tiny_compact,2,1.3335893824947723e-06,0.3495924550847096,0.8767123287671232,533,263,2,2
5a58f0b785aa7f090ae7826b,VisA,candle,source_development_holdout,35,tiny_compact,84,5.601075406478044e-05,14.682883113557804,6.136986301369863,538,284,11,14
5a58f0b785aa7f090ae7826b,VisA,candle,source_development_holdout,36,tiny_compact,32,2.1337430119916357e-05,5.5934792813553535,3.987538940809969,544,310,10,6
433fea52c6a7370fa6aeb8f5,VisA,candle,source_development_holdout,1,tiny_compact,3,2.0003840737421585e-06,0.5243886826270644,0.8767123287671232,935,673,2,2
433fea52c6a7370fa6aeb8f5,VisA,candle,source_development_holdout,2,tiny_compact,2,1.3335893824947723e-06,0.3495924550847096,0.7975077881619937,950,702,2,1
433fea52c6a7370fa6aeb8f5,VisA,candle,source_development_holdout,3,tiny_compact,6,4.000768147484317e-06,1.0487773652541288,1.5950155763239875,950,705,4,3
433fea52c6a7370fa6aeb8f5,VisA,candle,source_development_holdout,4,tiny_compact,12,8.001536294968634e-06,2.0975547305082576,2.6301369863013697,953,710,4,6
433fea52c6a7370fa6aeb8f5,VisA,candle,source_development_holdout,5,tiny_compact,17,1.1335509751205565e-05,2.9715358682200317,2.392523364485981,966,710,6,5
433fea52c6a7370fa6aeb8f5,VisA,candle,source_development_holdout,6,tiny_compact,122,8.134895233218111e-05,21.325139760167286,7.890410958904109,965,713,17,18
433fea52c6a7370fa6aeb8f5,VisA,candle,source_development_holdout,7,tiny_compact,4,2.6671787649895447e-06,0.6991849101694192,0.8767123287671232,957,716,2,2
433fea52c6a7370fa6aeb8f5,VisA,candle,source_development_holdout,8,tiny_compact,1,6.667946912473862e-07,0.1747962275423548,0.4383561643835616,965,716,1,1
433fea52c6a7370fa6aeb8f5,VisA,candle,source_development_holdout,9,tiny_compact,3,2.0003840737421585e-06,0.5243886826270644,0.8767123287671232,981,721,2,2
433fea52c6a7370fa6aeb8f5,VisA,candle,source_development_holdout,10,tiny_compact,35,2.3337814193658515e-05,6.117867963982418,4.386292834890965,1003,722,11,10
433fea52c6a7370fa6aeb8f5,VisA,candle,source_development_holdout,11,tiny_compact,80,5.334357529979089e-05,13.983698203388384,7.013698630136986,1012,735,13,16
433fea52c6a7370fa6aeb8f5,VisA,candle,source_development_holdout,12,tiny_compact,4,2.6671787649895447e-06,0.6991849101694192,0.8767123287671232,959,737,2,2
433fea52c6a7370fa6aeb8f5,VisA,candle,source_development_holdout,13,tiny_compact,3,2.0003840737421585e-06,0.5243886826270644,0.8767123287671232,971,737,2,2
433fea52c6a7370fa6aeb8f5,VisA,candle,source_development_holdout,14,tiny_compact,7,4.6675628387317036e-06,1.2235735927964837,2.191780821917808,1006,738,5,5
433fea52c6a7370fa6aeb8f5,VisA,candle,source_development_holdout,15,tiny_compact,186,0.00012402381257201381,32.51209832287799,9.643835616438356,975,742,16,22
433fea52c6a7370fa6aeb8f5,VisA,candle,source_development_holdout,16,tiny_compact,2,1.3335893824947723e-06,0.3495924550847096,0.8767123287671232,1003,743,1,2
433fea52c6a7370fa6aeb8f5,VisA,candle,source_development_holdout,17,tiny_compact,1,6.667946912473862e-07,0.1747962275423548,0.4383561643835616,976,744,1,1
433fea52c6a7370fa6aeb8f5,VisA,candle,source_development_holdout,18,tiny_compact,2,1.3335893824947723e-06,0.3495924550847096,0.7975077881619937,1004,747,2,1
433fea52c6a7370fa6aeb8f5,VisA,candle,source_development_holdout,19,tiny_compact,1,6.667946912473862e-07,0.1747962275423548,0.4383561643835616,1006,749,1,1
433fea52c6a7370fa6aeb8f5,VisA,candle,source_development_holdout,20,tiny_compact,2,1.3335893824947723e-06,0.3495924550847096,0.8767123287671232,1014,748,1,2
433fea52c6a7370fa6aeb8f5,VisA,candle,source_development_holdout,21,tiny_compact,770,0.0005134319122604874,134.5930952076132,21.931464174454828,995,749,55,39
433fea52c6a7370fa6aeb8f5,VisA,candle,source_development_holdout,22,tiny_compact,1,6.667946912473862e-07,0.1747962275423548,0.4383561643835616,996,751,1,1
433fea52c6a7370fa6aeb8f5,VisA,candle,source_development_holdout,23,tiny_compact,7,4.6675628387317036e-06,1.2235735927964837,1.5950155763239875,1038,750,4,3
433fea52c6a7370fa6aeb8f5,VisA,candle,source_development_holdout,24,tiny_compact,4,2.6671787649895447e-06,0.6991849101694192,1.3150684931506849,1006,752,2,3
433fea52c6a7370fa6aeb8f5,VisA,candle,source_development_holdout,25,tiny_compact,1,6.667946912473862e-07,0.1747962275423548,0.4383561643835616,1012,752,1,1
433fea52c6a7370fa6aeb8f5,VisA,candle,source_development_holdout,26,tiny_compact,2,1.3335893824947723e-06,0.3495924550847096,0.7975077881619937,1014,753,2,1
433fea52c6a7370fa6aeb8f5,VisA,candle,source_development_holdout,27,tiny_compact,4,2.6671787649895447e-06,0.6991849101694192,1.3150684931506849,1021,753,2,3
433fea52c6a7370fa6aeb8f5,VisA,candle,source_development_holdout,28,tiny_compact,3,2.0003840737421585e-06,0.5243886826270644,0.8767123287671232,1034,754,2,2
433fea52c6a7370fa6aeb8f5,VisA,candle,source_development_holdout,29,tiny_compact,5,3.333973456236931e-06,0.873981137711774,1.1962616822429906,1039,760,3,2
ed4350a04f216387973bdd6b,VisA,candle,source_development_holdout,1,larger,7973,0.00531635407331541,1393.6503221951948,63.56164383561644,996,903,87,145
9c2e67c110da9dcd1c003b6b,VisA,candle,source_development_holdout,1,larger,10835,0.007224720479665429,1893.9171254214143,68.82191780821918,800,103,101,157
5b7a35f2be4da81e6f199877,VisA,candle,source_development_holdout,1,larger,4058,0.002705852857081893,709.3230913668758,38.136986301369866,344,832,68,87
7c25547c8e25f6647a888898,VisA,candle,source_development_holdout,1,larger,12626,0.008418949771689497,2206.9771689497716,75.3644859813084,186,663,189,132
7c25547c8e25f6647a888898,VisA,candle,source_development_holdout,2,tiny_compact,82,5.467716468228566e-05,14.333290658473093,10.766355140186915,405,668,27,8
7c25547c8e25f6647a888898,VisA,candle,source_development_holdout,3,tiny_compact,342,0.00022804378440660606,59.78030981948534,12.361370716510903,452,673,31,27
3b04f439dbfad1e077c3e306,VisA,candle,source_development_holdout,1,larger,8359,0.005573736824136901,1461.1216660265438,84.93457943925233,820,386,213,103
3b04f439dbfad1e077c3e306,VisA,candle,source_development_holdout,2,larger,3648,0.0024324670336704646,637.6566380745103,55.67123287671233,1088,801,54,127
b43b95de4d0c97a22829d9ef,VisA,candle,source_development_holdout,1,larger,6956,0.004638223872316818,1215.88255878462,76.27397260273973,425,774,125,174
b43b95de4d0c97a22829d9ef,VisA,candle,source_development_holdout,2,tiny_compact,3,2.0003840737421585e-06,0.5243886826270644,1.3150684931506849,485,950,3,3
b43b95de4d0c97a22829d9ef,VisA,candle,source_development_holdout,3,tiny_compact,1,6.667946912473862e-07,0.1747962275423548,0.4383561643835616,489,953,1,1
b43b95de4d0c97a22829d9ef,VisA,candle,source_development_holdout,4,tiny_compact,1,6.667946912473862e-07,0.1747962275423548,0.4383561643835616,496,959,1,1
b43b95de4d0c97a22829d9ef,VisA,candle,source_development_holdout,5,tiny_compact,1,6.667946912473862e-07,0.1747962275423548,0.4383561643835616,499,962,1,1
b43b95de4d0c97a22829d9ef,VisA,candle,source_development_holdout,6,tiny_compact,1,6.667946912473862e-07,0.1747962275423548,0.4383561643835616,501,965,1,1
b43b95de4d0c97a22829d9ef,VisA,candle,source_development_holdout,7,tiny_compact,2,1.3335893824947723e-06,0.3495924550847096,0.8767123287671232,506,969,2,2
b43b95de4d0c97a22829d9ef,VisA,candle,source_development_holdout,8,tiny_compact,2,1.3335893824947723e-06,0.3495924550847096,0.8767123287671232,509,972,2,2
b43b95de4d0c97a22829d9ef,VisA,candle,source_development_holdout,9,tiny_compact,1,6.667946912473862e-07,0.1747962275423548,0.4383561643835616,514,976,1,1
76192909eb93b254c213e39b,VisA,candle,source_development_holdout,1,larger,21517,0.014347421371570008,3761.0904280288482,87.23287671232876,257,861,174,199
15d1b4999c94ed929aba6f73,VisA,candle,source_development_holdout,1,larger,4436,0.002957901250373405,775.3960653778859,36.38356164383562,915,256,85,83
15d1b4999c94ed929aba6f73,VisA,candle,source_development_holdout,2,tiny_compact,18,1.2002304442452952e-05,3.1463320957623866,2.392523364485981,967,371,6,5
1ba5359ad13a8a9089d50cb2,VisA,candle,source_development_holdout,1,tiny_compact,1406,0.000937513335893825,245.76349592455085,21.47945205479452,1032,224,44,49
1ba5359ad13a8a9089d50cb2,VisA,candle,source_development_holdout,2,larger,2327,0.0015516312465326677,406.75082149105964,26.73972602739726,1072,310,57,61
127520589c1faaae9b19ec3c,VisA,candle,source_development_holdout,1,larger,20344,0.013565271198736824,3556.054453121666,94.24657534246575,150,737,142,215
611be7471202b6452d9c2538,VisA,candle,source_development_holdout,1,larger,3573,0.0023824574318269108,624.5469210088337,39.013698630136986,791,137,66,89
e24a04266cc632803bbc3009,VisA,candle,source_development_holdout,1,larger,3223,0.0021490792898903256,563.3682413690095,44.66043613707165,308,690,112,82
bd259225d453ef914c123ac0,VisA,candle,source_development_holdout,1,larger,23411,0.015610330516792557,4092.154482994068,99.94520547945206,716,670,204,228
bfeb102980f53b94cff860a9,VisA,candle,source_development_holdout,1,larger,18387,0.01226035398796569,3213.978235821278,88.5233644859813,909,91,222,181
b963dc480a8a941790b51b9c,VisA,candle,source_development_holdout,1,larger,5189,0.003459997652882687,907.0176247172791,40.32876712328767,311,658,78,92
b963dc480a8a941790b51b9c,VisA,candle,source_development_holdout,2,tiny_compact,404,0.000269385055263944,70.61767592711134,11.165109034267912,447,677,28,25
f101fd3229a85499e4a69947,VisA,capsules,source_fit,1,tiny_compact,837,0.000558,146.276352,16.384,525,239,34,32
718484fc3c551eb152d8c2b4,VisA,capsules,source_fit,1,tiny_compact,1067,0.0007113333333333333,186.47176533333334,18.432,476,691,37,36
85945f69dd67b5684f68a99b,VisA,capsules,source_fit,1,larger,2065,0.0013766666666666667,360.88490666666667,24.064,593,515,55,47
a258cc393006a1a04bbbe20f,VisA,capsules,source_fit,1,larger,2472,0.001648,432.013312,27.648,815,821,60,54
906bc6e642b1cf0750840cd7,VisA,capsules,source_fit,1,tiny_compact,1187,0.0007913333333333333,207.44328533333334,19.456,858,285,41,38
ed4da152dc4341d6f32eed14,VisA,capsules,source_fit,1,tiny_compact,842,0.0005613333333333333,147.15016533333332,16.384,609,153,34,32
fc3ae0173aab74bb4fc58582,VisA,capsules,source_fit,1,larger,2357,0.0015713333333333334,411.91560533333336,27.136,749,489,57,53
0d3deca4b0e32e2057cae97f,VisA,capsules,source_fit,1,tiny_compact,861,0.000574,150.470656,14.336,818,417,41,28
8704aeb2018ef5778370ecfb,VisA,capsules,source_fit,1,tiny_compact,911,0.0006073333333333333,159.20878933333333,18.432,767,286,34,36
50f75b7d2a73acc1a847da2e,VisA,capsules,source_fit,1,larger,2242,0.0014946666666666667,391.8178986666667,26.624,780,188,52,52
19ac65f02264b423eb5c985f,VisA,capsules,source_fit,1,larger,2647,0.0017646666666666668,462.5967786666667,28.16,810,416,61,55
740a5ee8c5f4192bf3babfd2,VisA,capsules,source_fit,1,larger,2716,0.0018106666666666666,474.65540266666665,29.696,898,299,59,58
126ea6ab4ad2ded6c054b50d,VisA,capsules,source_fit,1,larger,1987,0.0013246666666666667,347.2534186666667,25.6,695,491,52,50
9b6a68e10e1ef898048e3c49,VisA,capsules,source_fit,1,larger,2080,0.0013866666666666667,363.5063466666667,26.624,1028,427,54,52
bf3f8db49f5ecd2ddea8928d,VisA,capsules,source_fit,1,larger,1703,0.0011353333333333332,297.6208213333333,23.552,402,434,51,46
0230568537d49a20054718fc,VisA,capsules,source_fit,1,larger,1900,0.0012666666666666666,332.04906666666665,25.088,399,474,49,49
63040d0286b32baf387aef98,VisA,capsules,source_fit,1,larger,1935,0.00129,338.16576,26.112,466,309,49,51
3fe04fe0823a2d706add53c0,VisA,capsules,source_fit,1,larger,2951,0.0019673333333333335,515.7246293333334,30.72,728,309,62,60
5b527561d5fe5bb2dcac2cd6,VisA,capsules,source_fit,1,larger,3847,0.0025646666666666665,672.3119786666666,34.816,887,239,70,68
7d83ef8609fe05e220983875,VisA,capsules,source_fit,1,larger,2088,0.001392,364.904448,26.624,544,190,51,52
42aeac834a78b48dab8e0b27,VisA,capsules,source_fit,1,larger,2895,0.00193,505.93792,31.744,502,548,60,62
09dc9cfb0f5f0c6e5358d145,VisA,capsules,source_fit,1,tiny_compact,1040,0.0006933333333333333,181.75317333333334,18.944,1041,647,36,37
35ed1b29dc27265ecc7a2bb5,VisA,capsules,source_fit,1,tiny_compact,1282,0.0008546666666666667,224.04573866666667,19.456,587,536,41,38
45dd9375e0018b2b01b0ca8e,VisA,capsules,source_fit,1,tiny_compact,767,0.0005113333333333334,134.04296533333334,14.336,982,514,34,28
43c3e7b030bf71e4a1e156d7,VisA,capsules,source_fit,1,tiny_compact,1016,0.0006773333333333333,177.55886933333332,17.408,922,667,38,34
c36619b63c9043eed4c5849b,VisA,capsules,source_fit,1,larger,2028,0.001352,354.418688,25.6,203,470,52,50
c36619b63c9043eed4c5849b,VisA,capsules,source_fit,2,tiny_compact,189,0.000126,33.030144,8.192,250,549,16,16
c36619b63c9043eed4c5849b,VisA,capsules,source_fit,3,tiny_compact,74,4.933333333333333e-05,12.932437333333333,5.12,703,637,10,10
6d5929d061d0833f7db7f212,VisA,capsules,source_fit,1,larger,2046,0.001364,357.564416,27.136,501,346,52,53
25af3dad41b1dd1d352cfeb9,VisA,capsules,source_fit,1,tiny_compact,400,0.0002666666666666667,69.90506666666667,11.264,647,644,24,22
b55514a565c6afe55eec2519,VisA,capsules,source_fit,1,larger,2235,0.00149,390.59456,27.136,512,433,54,53
42e847a39519793337b1bcc3,VisA,capsules,source_fit,1,tiny_compact,600,0.0004,104.8576,14.336,896,444,29,28
721f15c7da361dff53afdf8c,VisA,capsules,source_fit,1,tiny_compact,185,0.00012333333333333334,32.331093333333335,8.192,367,196,17,16
c2901b191e7526e7a08e1eea,VisA,capsules,source_fit,1,tiny_compact,154,0.00010266666666666666,26.913450666666666,6.656,924,611,16,13
62b5760cd361553de8da2449,VisA,capsules,source_fit,1,tiny_compact,253,0.00016866666666666666,44.214954666666664,10.752,522,534,17,21
81bcf0781bf56862fae25e1a,VisA,capsules,source_fit,1,tiny_compact,208,0.00013866666666666666,36.350634666666664,7.68,795,612,18,15
55ad57b3e25e9cd7d640dbfe,VisA,capsules,source_fit,1,tiny_compact,168,0.000112,29.360128,6.656,637,636,17,13
9ffaa14ec0fab9931f2cb5c3,VisA,capsules,source_fit,1,tiny_compact,160,0.00010666666666666667,27.962026666666667,7.168,329,136,17,14
98aea145bbef2f2f060d0a8b,VisA,capsules,source_fit,1,tiny_compact,334,0.00022266666666666667,58.37073066666667,11.776,279,780,23,23
98aea145bbef2f2f060d0a8b,VisA,capsules,source_fit,2,tiny_compact,13,8.666666666666666e-06,2.2719146666666665,2.048,308,797,5,4
3b66f59f9c5ac43c885e27ed,VisA,capsules,source_fit,1,tiny_compact,193,0.00012866666666666666,33.729194666666665,8.192,393,296,18,16
80c79373680ca72bd693d783,VisA,capsules,source_fit,1,tiny_compact,118,7.866666666666666e-05,20.621994666666666,6.144,409,80,14,12
30f48754fa679c36708dda03,VisA,capsules,source_fit,1,tiny_compact,209,0.00013933333333333332,36.52539733333333,8.704,211,195,17,17
7de613b617ed3cbafbc6b3c9,VisA,capsules,source_fit,1,tiny_compact,138,9.2e-05,24.117248,7.168,1220,343,16,14
71af10410082da9596ced49b,VisA,capsules,source_fit,1,tiny_compact,208,0.00013866666666666666,36.350634666666664,9.216,597,387,15,18
e29e79ba3e27a55803f6acea,VisA,capsules,source_fit,1,tiny_compact,236,0.00015733333333333333,41.24398933333333,10.752,1104,458,16,21
804fa77a446eb0413bbb56f8,VisA,capsules,source_fit,1,tiny_compact,263,0.00017533333333333333,45.96258133333333,9.216,446,760,20,18
346c5897461de3a44f7daf03,VisA,capsules,source_fit,1,tiny_compact,171,0.000114,29.884416,8.192,434,567,13,16
05b91854e3218bb7fff74ab9,VisA,capsules,source_fit,1,larger,8696,0.005797333333333333,1519.7361493333333,64.0,697,324,108,125
efaa48865bd8733baeea305f,VisA,capsules,source_fit,1,larger,6417,0.004278,1121.452032,49.664,986,770,104,97
fa8b1a5066d24b182917e091,VisA,capsules,source_fit,1,larger,6274,0.004182666666666667,1096.4609706666668,64.0,764,280,119,125
fa8b1a5066d24b182917e091,VisA,capsules,source_fit,2,tiny_compact,161,0.00010733333333333333,28.136789333333333,7.168,851,368,13,14
fa8b1a5066d24b182917e091,VisA,capsules,source_fit,3,larger,3571,0.0023806666666666668,624.0774826666667,34.816,839,382,66,68
1aea693e1f4615c67d9117cd,VisA,capsules,source_fit,1,larger,8081,0.005387333333333333,1412.2571093333333,59.392,897,475,169,116
1aea693e1f4615c67d9117cd,VisA,capsules,source_fit,2,larger,4697,0.003131333333333333,820.8602453333333,37.888,1034,498,82,74
074325c08472083d737fcba6,VisA,capsules,source_fit,1,larger,7774,0.005182666666666667,1358.6049706666668,92.16,956,388,100,180
074325c08472083d737fcba6,VisA,capsules,source_fit,2,larger,5298,0.003532,925.892608,45.056,1038,430,75,88
2a7e6ad0e13612f0c7fcb2d0,VisA,capsules,source_fit,1,larger,2619,0.001746,457.703424,60.416,813,609,72,118
2a7e6ad0e13612f0c7fcb2d0,VisA,capsules,source_fit,2,larger,3345,0.00223,584.58112,34.304,876,645,65,67
fdc91d030e27f69309e2cc82,VisA,capsules,source_fit,1,larger,3444,0.002296,601.882624,31.402666666666665,838,187,92,61
fdc91d030e27f69309e2cc82,VisA,capsules,source_fit,2,larger,3239,0.0021593333333333334,566.0562773333334,32.768,849,254,65,64
c6a064efd1864d8a74744a35,VisA,capsules,source_fit,1,larger,8033,0.0053553333333333335,1403.8685013333334,64.512,842,272,127,126
c6a064efd1864d8a74744a35,VisA,capsules,source_fit,2,larger,5524,0.0036826666666666666,965.3889706666666,42.496,783,277,90,83
edb69f8b12ecaa270a8cd4f2,VisA,capsules,source_fit,1,larger,4235,0.0028233333333333335,740.1198933333334,47.616,705,349,64,93
edb69f8b12ecaa270a8cd4f2,VisA,capsules,source_fit,2,larger,3386,0.0022573333333333334,591.7463893333334,34.816,627,379,64,68
367825824fbf202a48c58ab2,VisA,capsules,source_fit,1,larger,4592,0.0030613333333333334,802.5101653333334,58.368,775,386,90,114
367825824fbf202a48c58ab2,VisA,capsules,source_fit,2,tiny_compact,94,6.266666666666667e-05,16.427690666666667,10.752,672,394,13,21
367825824fbf202a48c58ab2,VisA,capsules,source_fit,3,larger,4861,0.003240666666666667,849.5213226666667,43.008,730,415,82,84
367825824fbf202a48c58ab2,VisA,capsules,source_fit,4,tiny_compact,111,7.4e-05,19.398656,6.144,810,484,12,12
367825824fbf202a48c58ab2,VisA,capsules,source_fit,5,tiny_compact,61,4.066666666666667e-05,10.660522666666667,4.608,839,525,9,9
7c1b1c4c5673ab73918750cb,VisA,capsules,source_fit,1,larger,4238,0.0028253333333333333,740.6441813333333,55.296,614,566,61,108
7c1b1c4c5673ab73918750cb,VisA,capsules,source_fit,2,larger,3913,0.0026086666666666667,683.8463146666667,39.424,532,577,65,77
49d11e476e0c779cef4550b9,VisA,capsules,source_fit,1,larger,24137,0.016091333333333332,4218.246485333333,96.768,315,267,210,189
39e7cd68f53b712ca8b8f1df,VisA,capsules,source_fit,1,larger,28667,0.019111333333333334,5009.921365333334,116.736,324,141,178,228
928c5a36a36da37b5f9d1f90,VisA,capsules,source_fit,1,larger,6146,0.004097333333333333,1074.0913493333333,52.736,68,445,74,103
928c5a36a36da37b5f9d1f90,VisA,capsules,source_fit,2,larger,7762,0.005174666666666667,1356.5078186666667,56.832,141,459,97,111
d579527da6cfe5dbe0a1e2ca,VisA,capsules,source_fit,1,larger,26828,0.017885333333333333,4688.532821333333,121.344,1049,113,185,237
8eb64ff5814eafd0aa3f1144,VisA,capsules,source_fit,1,larger,5120,0.0034133333333333333,894.7848533333333,45.056,712,249,94,88
8eb64ff5814eafd0aa3f1144,VisA,capsules,source_fit,2,larger,5384,0.0035893333333333333,940.9221973333333,38.4,687,311,92,75
f4204410b976824fb49a7187,VisA,capsules,source_fit,1,larger,5462,0.0036413333333333332,954.5536853333333,44.032,212,195,87,86
f4204410b976824fb49a7187,VisA,capsules,source_fit,2,larger,4809,0.003206,840.433664,51.2,234,237,100,100
c6422a5d81dfc9f98364e959,VisA,capsules,source_fit,1,larger,6805,0.004536666666666666,1189.2599466666666,39.936,312,75,107,78
c6422a5d81dfc9f98364e959,VisA,capsules,source_fit,2,larger,6724,0.004482666666666667,1175.1041706666667,55.296,297,150,162,71
8a082ff8154b35e3ddade297,VisA,capsules,source_fit,1,larger,9196,0.006130666666666667,1607.1174826666668,112.128,119,317,167,219
38e48d375151c434affdea91,VisA,capsules,source_fit,1,larger,16354,0.010902666666666666,2858.0686506666666,115.2,362,151,148,225
cd0b7ac8eb7457bdf41f885a,VisA,capsules,source_fit,1,larger,21299,0.014199333333333333,3722.270037333333,81.23733333333334,443,736,238,111
ec5a449b5eefaff119825918,VisA,capsules,source_fit,1,larger,20264,0.013509333333333333,3541.3906773333333,93.184,220,39,207,182
0e3e18366515ae2514a8e77d,VisA,capsules,source_fit,1,larger,22897,0.015264666666666666,4001.5407786666665,99.328,840,17,199,194
d0eb64421295aa0bcc678ab8,VisA,capsules,source_fit,1,larger,25095,0.01673,4385.66912,114.176,259,50,172,223
77defa5063eedec887997eb2,VisA,capsules,source_fit,1,larger,24853,0.016568666666666666,4343.376554666666,88.064,846,20,216,172
7668cac7cf3127b106685eca,VisA,capsules,source_fit,1,larger,24796,0.016530666666666666,4333.415082666666,87.552,1043,113,226,171
1e834e3ec0a0f99cc61db643,VisA,capsules,source_fit,1,larger,24670,0.016446666666666665,4311.394986666666,115.712,276,169,161,226
0b38ea5bd86c4923a78bc374,VisA,capsules,source_fit,1,larger,25576,0.017050666666666665,4469.729962666666,82.432,142,118,233,161
8413c67bf75249480fff74f6,VisA,capsules,source_fit,1,larger,23786,0.015857333333333334,4156.904789333334,76.8,324,66,225,144
3c74e62c8d3924662e67cd75,VisA,capsules,source_fit,1,larger,26070,0.01738,4556.06272,89.088,497,135,221,174
ccf5db34214f8a47bd3d9d28,VisA,capsules,source_fit,1,larger,24146,0.016097333333333335,4219.819349333334,79.53066666666666,951,790,233,135
c57e44b3346aa5e39fc1f089,VisA,capsules,source_fit,1,larger,23923,0.015948666666666667,4180.847274666667,105.984,749,187,181,207
747508bd75973f9def4f00a9,VisA,capsules,source_fit,1,larger,24082,0.016054666666666665,4208.634538666666,108.544,1081,67,177,212
ed855d61c593ddac773b16e3,VisA,capsules,source_fit,1,larger,26786,0.017857333333333333,4681.192789333333,128.512,396,345,132,251
9c14550990169152bef6e22a,VisA,capsules,source_fit,1,larger,24953,0.016635333333333332,4360.852821333333,90.624,112,119,213,177
1231df93803c72ad88984451,VisA,capsules,source_fit,1,larger,23786,0.015857333333333334,4156.904789333334,84.48,583,91,224,165
6f06d90ad80841cb588a5caf,VisA,capsules,source_fit,1,larger,23119,0.015412666666666667,4040.3380906666666,122.368,211,141,151,239
6f89fb3b1474729f2e89063a,VisA,capsules,source_fit,1,larger,22966,0.015310666666666667,4013.5994026666667,115.712,1292,322,148,226
690c94ddc3eb0acc0d7ac268,VisA,capsules,source_fit,1,larger,24961,0.016640666666666668,4362.250922666667,111.616,156,113,176,218
63d72d4c3d76aa492c2db741,VisA,capsules,source_fit,1,larger,24121,0.016080666666666667,4215.450282666667,110.08,56,135,176,215
2dcba40fe36bbfa17f56a50c,VisA,capsules,source_fit,1,larger,7144,0.004762666666666667,1248.5044906666667,71.68,216,745,156,140
2dcba40fe36bbfa17f56a50c,VisA,capsules,source_fit,2,tiny_compact,21,1.4e-05,3.670016,2.7306666666666666,282,781,8,5
2dcba40fe36bbfa17f56a50c,VisA,capsules,source_fit,3,tiny_compact,3,2e-06,0.524288,1.024,301,784,2,2
2dcba40fe36bbfa17f56a50c,VisA,capsules,source_fit,4,tiny_compact,10,6.666666666666667e-06,1.7476266666666667,2.048,271,830,4,4
5eaa195ea317cabd8658d9e5,VisA,capsules,source_fit,1,tiny_compact,732,0.000488,127.926272,27.136,223,214,25,53
5eaa195ea317cabd8658d9e5,VisA,capsules,source_fit,2,tiny_compact,267,0.000178,46.661632,12.8,232,273,28,25
ec4e2218a0ba582042b6b5bb,VisA,capsules,source_fit,1,tiny_compact,184,0.00012266666666666668,32.15633066666667,24.064,670,404,16,47
ec4e2218a0ba582042b6b5bb,VisA,capsules,source_fit,2,tiny_compact,67,4.4666666666666664e-05,11.709098666666666,8.192,686,415,6,16
ec4e2218a0ba582042b6b5bb,VisA,capsules,source_fit,3,tiny_compact,160,0.00010666666666666667,27.962026666666667,19.968,689,416,9,39
ec4e2218a0ba582042b6b5bb,VisA,capsules,source_fit,4,tiny_compact,29,1.9333333333333333e-05,5.068117333333333,6.656,705,421,4,13
ec4e2218a0ba582042b6b5bb,VisA,capsules,source_fit,5,tiny_compact,49,3.266666666666666e-05,8.563370666666666,6.656,715,423,8,13
ec4e2218a0ba582042b6b5bb,VisA,capsules,source_fit,6,tiny_compact,5,3.3333333333333333e-06,0.8738133333333333,1.536,699,434,2,3
ec4e2218a0ba582042b6b5bb,VisA,capsules,source_fit,7,tiny_compact,13,8.666666666666666e-06,2.2719146666666665,3.584,714,437,4,7
ec4e2218a0ba582042b6b5bb,VisA,capsules,source_fit,8,tiny_compact,5,3.3333333333333333e-06,0.8738133333333333,1.024,700,438,3,2
ec4e2218a0ba582042b6b5bb,VisA,capsules,source_fit,9,tiny_compact,4,2.666666666666667e-06,0.6990506666666667,1.024,711,445,2,2
ec4e2218a0ba582042b6b5bb,VisA,capsules,source_fit,10,tiny_compact,6,4e-06,1.048576,1.536,723,445,3,3
ec4e2218a0ba582042b6b5bb,VisA,capsules,source_fit,11,tiny_compact,5,3.3333333333333333e-06,0.8738133333333333,1.536,740,451,2,3
37d915e603b9ccdd2eab691d,VisA,capsules,source_fit,1,thin_or_extended_small_area,1297,0.0008646666666666667,226.66717866666667,36.352,473,377,46,71
37d915e603b9ccdd2eab691d,VisA,capsules,source_fit,2,tiny_compact,50,3.3333333333333335e-05,8.738133333333334,6.656,471,383,8,13
3d1ac6166461c3ade74fcc1a,VisA,capsules,source_fit,1,tiny_compact,728,0.00048533333333333333,127.22722133333333,26.624,691,548,38,52
3d1ac6166461c3ade74fcc1a,VisA,capsules,source_fit,2,tiny_compact,78,5.2e-05,13.631488,4.778666666666667,679,584,14,9
8464956cf1c5d0f0c6546da1,VisA,capsules,source_fit,1,tiny_compact,2,1.3333333333333334e-06,0.34952533333333335,1.024,678,400,1,2
8464956cf1c5d0f0c6546da1,VisA,capsules,source_fit,2,tiny_compact,431,0.00028733333333333334,75.32270933333334,15.872,642,403,38,31
8464956cf1c5d0f0c6546da1,VisA,capsules,source_fit,3,tiny_compact,133,8.866666666666666e-05,23.243434666666666,13.653333333333334,1008,864,40,17
a1ee847507401a76c6f0e428,VisA,capsules,source_fit,1,tiny_compact,792,0.000528,138.412032,28.16,570,791,69,55
a1ee847507401a76c6f0e428,VisA,capsules,source_fit,2,tiny_compact,6,4e-06,1.048576,1.536,574,848,3,3
9d8aa15592ea05df0ee5d4d6,VisA,capsules,source_fit,1,tiny_compact,439,0.00029266666666666666,76.72081066666667,22.528,284,499,35,44
50f664187194dfa448be093d,VisA,capsules,source_fit,1,thin_or_extended_small_area,705,0.00047,123.20768,35.328,414,390,17,69
50f664187194dfa448be093d,VisA,capsules,source_fit,2,tiny_compact,260,0.00017333333333333334,45.438293333333334,11.264,338,728,16,22
1105707fa54824973b85fcd2,VisA,capsules,source_fit,1,tiny_compact,52,3.4666666666666665e-05,9.087658666666666,9.728,957,121,10,19
1105707fa54824973b85fcd2,VisA,capsules,source_fit,2,tiny_compact,33,2.2e-05,5.767168,8.192,963,122,12,16
1105707fa54824973b85fcd2,VisA,capsules,source_fit,3,tiny_compact,22,1.4666666666666666e-05,3.8447786666666666,5.632,968,134,6,11
1105707fa54824973b85fcd2,VisA,capsules,source_fit,4,tiny_compact,326,0.00021733333333333332,56.97262933333333,14.336,937,149,27,28
1105707fa54824973b85fcd2,VisA,capsules,source_fit,5,tiny_compact,135,9e-05,23.59296,9.728,953,160,17,19
e290027671c01f76b8bcf690,VisA,capsules,source_fit,1,thin_or_extended_small_area,1186,0.0007906666666666666,207.26852266666666,33.792,268,662,39,66
e290027671c01f76b8bcf690,VisA,capsules,source_fit,2,tiny_compact,49,3.266666666666666e-05,8.563370666666666,13.824,305,670,5,27
64587f67aef7ad1557251435,VisA,capsules,source_fit,1,larger,1610,0.0010733333333333333,281.3678933333333,36.352,535,363,35,71
a41ee7bc6d532342670c3c50,VisA,capsules,source_fit,1,tiny_compact,1187,0.0007913333333333333,207.44328533333334,31.744,846,500,36,62
a41ee7bc6d532342670c3c50,VisA,capsules,source_fit,2,tiny_compact,132,8.8e-05,23.068672,13.312,846,505,9,26
a41ee7bc6d532342670c3c50,VisA,capsules,source_fit,3,tiny_compact,40,2.6666666666666667e-05,6.990506666666667,5.12,924,506,15,6
a41ee7bc6d532342670c3c50,VisA,capsules,source_fit,4,tiny_compact,15,1e-05,2.62144,3.072,919,515,6,6
a41ee7bc6d532342670c3c50,VisA,capsules,source_fit,5,tiny_compact,21,1.4e-05,3.670016,4.096,927,520,7,8
a41ee7bc6d532342670c3c50,VisA,capsules,source_fit,6,tiny_compact,10,6.666666666666667e-06,1.7476266666666667,2.56,938,520,2,5
a41ee7bc6d532342670c3c50,VisA,capsules,source_fit,7,tiny_compact,13,8.666666666666666e-06,2.2719146666666665,2.56,938,535,3,5
a41ee7bc6d532342670c3c50,VisA,capsules,source_fit,8,tiny_compact,15,1e-05,2.62144,2.7306666666666666,919,540,8,3
a41ee7bc6d532342670c3c50,VisA,capsules,source_fit,9,tiny_compact,25,1.6666666666666667e-05,4.369066666666667,3.072,890,547,9,5
a2f26a5fbd8b77618e5176d2,VisA,capsules,source_fit,1,tiny_compact,1370,0.0009133333333333334,239.42485333333335,19.797333333333334,701,483,58,31
c8c14f6187a0f1c4e341d7e2,VisA,capsules,source_fit,1,tiny_compact,24,1.6e-05,4.194304,3.072,1181,387,6,6
c8c14f6187a0f1c4e341d7e2,VisA,capsules,source_fit,2,larger,1815,0.00121,317.19424,35.328,1137,391,63,69
c8c14f6187a0f1c4e341d7e2,VisA,capsules,source_fit,3,tiny_compact,40,2.6666666666666667e-05,6.990506666666667,4.437333333333333,1137,392,13,8
c8c14f6187a0f1c4e341d7e2,VisA,capsules,source_fit,4,tiny_compact,114,7.6e-05,19.922944,9.216,1184,428,17,18
dbda893cc54d6d998dc446f1,VisA,cashew,source_validation,1,larger,1688,0.0011266673074253248,295.34907463770435,24.5149136577708,508,748,61,41
dbda893cc54d6d998dc446f1,VisA,cashew,source_validation,2,larger,1991,0.0013289067589359134,348.3649334144961,75.5541601255887,607,850,188,19
1fca1737a5e8d04c32fba8e8,VisA,cashew,source_validation,1,larger,1690,0.0011280022212966818,295.69901429959737,36.57142857142857,567,751,91,37
538a5282e0c96eb75a33f44b,VisA,cashew,source_validation,1,thin_or_extended_small_area,1358,0.0009064065186514166,237.60903042535696,63.09576138147567,804,400,157,39
538a5282e0c96eb75a33f44b,VisA,cashew,source_validation,2,larger,4886,0.0032611945877252,854.9025940046348,52.64678178963893,539,770,131,63
7579c5a47e5d9627c0d61fbd,VisA,cashew,source_validation,1,larger,2203,0.0014704076292997577,385.4585375751557,31.346938775510203,446,678,62,72
ad17782eaf707946a982c3c7,VisA,cashew,source_validation,1,larger,2330,0.0015551746601309283,407.6797061053621,28.73469387755102,421,688,71,66
e7cedae458e2d977b5a0c3cd,VisA,cashew,source_validation,1,larger,2823,0.0018842309294204338,493.9398327619902,39.61904761904762,803,421,53,91
72fea2b8553e59ab6da351be,VisA,cashew,source_validation,1,tiny_compact,1449,0.000967145099798161,253.53128504148913,23.510204081632654,987,404,41,54
72fea2b8553e59ab6da351be,VisA,cashew,source_validation,2,larger,1896,0.001265498350046455,331.7427994745779,39.61904761904762,435,443,32,91
72fea2b8553e59ab6da351be,VisA,cashew,source_validation,3,tiny_compact,258,0.00017220388940505558,45.14221638419889,10.884353741496598,450,535,16,25
f9d9af57400f66220a34f637,VisA,cashew,source_validation,1,tiny_compact,1079,0.0007201860335971123,188.79244759128142,20.027210884353742,526,715,35,46
8a98798bbed2c0fd8e08c0d7,VisA,cashew,source_validation,1,tiny_compact,1034,0.0006901504714915793,180.91880519868857,28.73469387755102,787,447,22,66
6353f0b207ea6944bca761d9,VisA,cashew,source_validation,1,larger,3242,0.0021638953854697294,567.2521919285767,48.326530612244895,931,494,62,111
6353f0b207ea6944bca761d9,VisA,cashew,source_validation,2,tiny_compact,26,1.735388032764126e-05,4.5492156046091905,2.6122448979591835,931,532,6,6
85bd8e436424d830033b21a4,VisA,cashew,source_validation,1,larger,2238,0.0014937686220485055,391.5824816582834,28.299319727891156,649,554,50,65
411aa1c900988878136abefd,VisA,cashew,source_validation,1,larger,3444,0.0022987216864767887,602.5960977797713,34.82993197278912,638,534,58,80
411aa1c900988878136abefd,VisA,cashew,source_validation,2,larger,3142,0.0020971496919018786,549.7552088339261,33.95918367346939,547,562,78,78
bfa40cbea241ce4ceaa8f82f,VisA,cashew,source_validation,1,larger,5157,0.003442075417294076,902.3194181911383,45.714285714285715,932,600,86,105
8e16249e4d7cf431bd380dca,VisA,cashew,source_validation,1,larger,3474,0.0023187453945471437,607.8451927081665,46.61852433281005,761,826,116,51
e4e4c93e7b5c12bae85dd5d4,VisA,cashew,source_validation,1,larger,3375,0.0022526671579149713,590.5231794444622,47.89115646258504,890,647,62,110
7dde5d02c50b180c47c1a3d4,VisA,cashew,source_validation,1,larger,2461,0.0016426115187048132,430.60075395935456,33.3563579277865,800,340,83,41
9304f27355b04912b3245760,VisA,cashew,source_validation,1,larger,3566,0.0023801514326295668,623.9424171552452,33.75824175824176,565,744,84,63
5119be18347f740e34b065a2,VisA,cashew,source_validation,1,larger,2728,0.0018208225205309752,477.317698822072,32.95447409733124,846,673,82,58
6f9e634022de64ca561ca183,VisA,cashew,source_validation,1,larger,2830,0.0018889031279701834,495.16462157861577,40.99215070643642,796,408,102,59
6f9e634022de64ca561ca183,VisA,cashew,source_validation,2,larger,1866,0.0012454746419760998,326.4937045461827,34.82993197278912,334,497,52,80
4068276a6ac8d654ac1d5df2,VisA,cashew,source_validation,1,larger,3526,0.002353453155202426,616.9436239173848,40.925170068027214,378,470,63,94
22bf68b10aef9749882a4dfe,VisA,cashew,source_validation,1,larger,1875,0.0012514817543972062,328.0684330247012,26.122448979591837,902,702,50,60
add19460de66698aca7bf015,VisA,cashew,source_validation,1,larger,4667,0.0031150215188116065,816.5842010273498,39.61904761904762,587,514,92,91
fe8ed26e05c408e11a9b70ab,VisA,cashew,source_validation,1,larger,5925,0.003954682343895172,1036.696248358056,45.27891156462585,390,342,108,104
205e0b1a7a93178f6b42bee9,VisA,cashew,source_validation,1,larger,4242,0.0028313523211482396,742.2220228750841,38.982731554160125,759,465,97,76
1bc4a12c41328e22e24ed83b,VisA,cashew,source_validation,1,larger,3273,0.002184586550475763,572.6762566879185,48.326530612244895,403,575,74,111
7f8cdc27651c7e75619bfbe4,VisA,cashew,source_validation,1,larger,2073,0.0013836382276615513,362.7124595521097,27.328100470957615,794,378,68,44
e536952d5769122adf6a4f40,VisA,cashew,source_validation,1,tiny_compact,950,0.0006340840888945845,166.22133939918197,17.85034013605442,621,551,39,41
ee5b00d62ec57d3927f84f56,VisA,cashew,source_validation,1,larger,1528,0.0010198741977167634,267.3539016862632,22.505494505494507,743,732,56,39
4b113e77d75a66a4a9b92342,VisA,cashew,source_validation,1,tiny_compact,1054,0.0007034996102051495,184.41820181761872,23.94557823129252,937,365,38,55
c9bafba371c2d8b1b3cc5d12,VisA,cashew,source_validation,1,larger,1524,0.0010172043699740493,266.6540223624772,24.91679748822606,412,460,62,33
27effd8e1cf24c2a7ff0a200,VisA,cashew,source_validation,1,tiny_compact,862,0.0005753478785548757,150.82399427588933,22.907378335949765,930,500,57,33
27effd8e1cf24c2a7ff0a200,VisA,cashew,source_validation,2,tiny_compact,117,7.809246147438568e-05,20.47147022074136,6.965986394557823,688,553,12,16
27effd8e1cf24c2a7ff0a200,VisA,cashew,source_validation,3,tiny_compact,971,0.0006481006845438333,169.89570584905863,18.486656200941916,877,553,46,28
d4d5c47af532576b348a5ebf,VisA,cashew,source_validation,1,tiny_compact,199,0.0001328239302000235,34.81899635835496,6.832025117739404,479,425,17,15
d4d5c47af532576b348a5ebf,VisA,cashew,source_validation,2,tiny_compact,1152,0.0007689103899016436,201.56524525037645,23.71114599686028,559,586,59,31
83cb64eac67e14ea3f243a8f,VisA,cashew,source_validation,1,larger,13537,0.00903536453827999,2368.56660152287,75.15227629513343,456,664,187,132
ffc319baed47c4ac460ee579,VisA,cashew,source_validation,1,larger,12478,0.008328527643396448,2183.2735505505184,74.34850863422292,564,663,185,139
d102687a66daf3c817844090,VisA,cashew,source_validation,1,larger,9805,0.006544415254327791,1715.5791924305045,51.84301412872841,550,518,129,117
8f59176e42569bcbd2986379,VisA,cashew,source_validation,1,larger,10039,0.0067006001772765625,1756.5221328719872,57.06750392464678,675,615,142,110
00bb69b97e4fb3be8e1bb095,VisA,cashew,source_validation,1,larger,14623,0.009760222770426851,2558.5838379307766,64.0,438,498,147,147
37165ec33c568323cf4b101a,VisA,cashew,source_validation,1,larger,7525,0.005022613440980788,1316.6479778724677,50.50340136054422,768,541,109,116
37165ec33c568323cf4b101a,VisA,cashew,source_validation,2,tiny_compact,355,0.00023694721216587105,62.1142899860101,13.496598639455783,798,722,18,31
140d2904b822ec2bc4949ad9,VisA,cashew,source_validation,1,tiny_compact,1320,0.0008810431550956333,230.96017684938968,20.027210884353742,638,665,44,46
c3a49673335eb86ad9183e24,VisA,cashew,source_validation,1,larger,2155,0.0014383696963871891,377.0599856897233,23.510204081632654,810,564,52,54
2308db987d42256521fd6a3d,VisA,cashew,source_validation,1,tiny_compact,1423,0.0009497912194705197,248.98206943687993,20.897959183673468,822,651,48,48
d47fdeb4ee11ad5662f38c63,VisA,cashew,source_validation,1,larger,6810,0.004545381731970654,1191.544548745715,47.02040816326531,603,590,117,92
ec49f72f6e3aee4222900e6a,VisA,cashew,source_validation,1,tiny_compact,320,0.0002135862194171232,55.990345902882346,9.578231292517007,958,518,21,22
ec49f72f6e3aee4222900e6a,VisA,cashew,source_validation,2,tiny_compact,1289,0.0008603519900895994,225.53611209004794,18.888540031397174,799,552,47,42
c37641ccf15e6ff71b33b4cb,VisA,cashew,source_validation,1,tiny_compact,579,0.00038645756575785733,101.30753211802775,13.931972789115646,551,600,27,32
a467b1288157bbb3013d8f8a,VisA,cashew,source_validation,1,tiny_compact,1041,0.000694822670041329,182.14359401531414,19.156462585034014,818,667,46,44
4bfb631e057edbd1b1fbc454,VisA,cashew,source_validation,1,tiny_compact,955,0.000637421373572977,167.0961885539145,23.07482993197279,428,419,31,53
0e3251fb1896fd4c3a5a2670,VisA,cashew,source_validation,1,larger,2798,0.0018675445060284711,489.56558698832754,33.75824175824176,404,618,84,68
0e3251fb1896fd4c3a5a2670,VisA,cashew,source_validation,2,tiny_compact,89,5.940366727538739e-05,15.572314954239152,5.626373626373627,940,624,14,9
54de2f0679cdf5222bf2b47b,VisA,cashew,source_validation,1,larger,2996,0.001999700979292816,524.209613515736,26.524332810047095,678,759,66,59
54de2f0679cdf5222bf2b47b,VisA,cashew,source_validation,2,tiny_compact,29,1.935625113467679e-05,5.074125097448713,4.01883830455259,669,800,10,5
6e70d42541d34113e7c80d64,VisA,cashew,source_validation,1,larger,3061,0.002043085680111919,535.5826525272589,36.136054421768705,381,471,52,83
df54b67f7dd10f66bf4a784f,VisA,cashew,source_validation,1,tiny_compact,1136,0.0007582310789307874,198.76572795523234,24.113029827315543,467,642,60,26
7271e58c1f6dcc27da8be0e2,VisA,cashew,source_validation,1,tiny_compact,456,0.0003043603626694006,79.78624291160735,17.85034013605442,933,674,21,41
7271e58c1f6dcc27da8be0e2,VisA,cashew,source_validation,2,tiny_compact,557,0.0003717735131729301,97.45819583720458,16.108843537414966,899,676,28,37
375185b386e7023808749ac0,VisA,cashew,source_validation,1,larger,1990,0.0013282393020002349,348.18996358354957,25.25170068027211,770,589,53,58
baeea786a09892dfa0340bfb,VisA,cashew,source_validation,1,tiny_compact,1353,0.0009030692339730241,236.73418127062442,23.309262166405023,497,601,58,36
baeea786a09892dfa0340bfb,VisA,cashew,source_validation,2,tiny_compact,2,1.33491387135702e-06,0.3499396618930147,0.8707482993197279,550,634,1,2
e7cbce5c566a94df22447ef5,VisA,cashew,source_validation,1,tiny_compact,851,0.000568005852262412,148.89932613547774,23.07482993197279,779,537,33,53
659f078c5e39bc068079b028,VisA,cashew,source_validation,1,thin_or_extended_small_area,1374,0.0009170858296222728,240.40854772050108,34.394557823129254,538,439,28,79
3904625837f92270b91a3cc4,VisA,cashew,source_validation,1,tiny_compact,55,3.6710131462318054e-05,9.623340702057904,4.35374149659864,789,490,8,10
3904625837f92270b91a3cc4,VisA,cashew,source_validation,2,tiny_compact,42,2.8033191298497423e-05,7.348732899753308,5.626373626373627,772,799,14,4
c6ae62ce191877d0c18b2f70,VisA,cashew,source_validation,1,larger,2375,0.0015852102222364613,415.5533484979549,26.524332810047095,872,430,66,58
d2db796ba6026d0875167e68,VisA,cashew,source_validation,1,tiny_compact,131,8.74368585738848e-05,22.92104785399246,7.836734693877551,441,493,13,18
825287c092c98c035cba3279,VisA,cashew,source_validation,1,tiny_compact,1008,0.0006727965911639381,176.3695895940794,22.639455782312925,814,448,37,52
825287c092c98c035cba3279,VisA,cashew,source_validation,2,tiny_compact,8,5.33965548542808e-06,1.3997586475720587,3.4829931972789114,718,810,5,8
825287c092c98c035cba3279,VisA,cashew,source_validation,3,tiny_compact,5,3.33728467839255e-06,0.8748491547325367,2.009419152276295,730,817,5,1
825287c092c98c035cba3279,VisA,cashew,source_validation,4,tiny_compact,1,6.6745693567851e-07,0.17496983094650734,0.43537414965986393,738,816,1,1
825287c092c98c035cba3279,VisA,cashew,source_validation,5,tiny_compact,7,4.6721985497495704e-06,1.2247888166255514,2.411302982731554,716,818,6,2
825287c092c98c035cba3279,VisA,cashew,source_validation,6,tiny_compact,5,3.33728467839255e-06,0.8748491547325367,2.009419152276295,724,818,5,1
461d7ee726c191d89677944e,VisA,cashew,source_validation,1,tiny_compact,1009,0.0006734640480996167,176.5445594250259,20.49607535321821,825,360,51,34
5c2e8b5e80ca6875a61dbd0a,VisA,cashew,source_validation,1,larger,2730,0.0018221574344023323,477.667638483965,30.141287284144425,801,461,75,50
5c2e8b5e80ca6875a61dbd0a,VisA,cashew,source_validation,2,tiny_compact,283,0.00018889031279701834,49.516462157861575,10.448979591836734,602,475,14,24
5c2e8b5e80ca6875a61dbd0a,VisA,cashew,source_validation,3,tiny_compact,69,4.605452856181719e-05,12.072918335309005,4.822605965463108,448,503,12,11
d7df4a2b68fb3f9ad9bf0632,VisA,cashew,source_validation,1,tiny_compact,22,1.468405258492722e-05,3.8493362808231613,3.0476190476190474,779,568,5,7
d7df4a2b68fb3f9ad9bf0632,VisA,cashew,source_validation,2,tiny_compact,34,2.269353581306934e-05,5.948974252181249,3.6169544740973314,781,575,9,6
d7df4a2b68fb3f9ad9bf0632,VisA,cashew,source_validation,3,tiny_compact,219,0.0001461730689135937,38.31839297728511,7.401360544217687,646,653,16,17
d7df4a2b68fb3f9ad9bf0632,VisA,cashew,source_validation,4,tiny_compact,169,0.00011280022212966819,29.56990142995974,6.965986394557823,688,689,16,16
aa254c5f45dbb8eb7d5b4f86,VisA,cashew,source_validation,1,tiny_compact,224,0.00014951035359198625,39.193242132017645,6.965986394557823,854,523,17,16
aa254c5f45dbb8eb7d5b4f86,VisA,cashew,source_validation,2,tiny_compact,88,5.873621033970888e-05,15.397345123292645,6.430141287284145,532,537,16,12
82a4680a7e1144295cc31cb2,VisA,cashew,source_validation,1,tiny_compact,126,8.409957389549227e-05,22.046198699259925,6.832025117739404,637,627,17,13
caee2124d7d7403ff534e571,VisA,cashew,source_validation,1,tiny_compact,185,0.00012347953310052435,32.369418725103856,6.530612244897959,467,621,16,15
caee2124d7d7403ff534e571,VisA,cashew,source_validation,2,tiny_compact,71,4.7389442433174213e-05,12.422857997202021,5.224489795918367,515,754,13,9
491eb2822a9738f7e2fdd625,VisA,cashew,source_validation,1,tiny_compact,195,0.00013015410245730946,34.11911703456893,7.836734693877551,882,589,17,18
491eb2822a9738f7e2fdd625,VisA,cashew,source_validation,2,tiny_compact,232,0.00015485000907741433,40.5930007795897,7.836734693877551,778,651,17,18
1f059309b9010edf5938cb5e,VisA,cashew,source_validation,1,tiny_compact,161,0.00010746056664424012,28.170142782387682,7.836734693877551,490,549,16,18
1f059309b9010edf5938cb5e,VisA,cashew,source_validation,2,tiny_compact,151,0.00010078599728745502,26.420444472922608,6.965986394557823,412,581,13,16
52717e1d70ec3483647e9f4f,VisA,cashew,source_validation,1,tiny_compact,121,8.076228921709972e-05,21.171349544527388,5.626373626373627,435,613,14,12
0681c40cd5573f05d97c2d7f,VisA,cashew,source_validation,1,tiny_compact,181,0.00012080970535781032,31.669539401317827,6.965986394557823,852,580,16,16
0681c40cd5573f05d97c2d7f,VisA,cashew,source_validation,2,tiny_compact,105,7.008297824624356e-05,18.37183224938327,6.965986394557823,646,648,16,16
0681c40cd5573f05d97c2d7f,VisA,cashew,source_validation,3,tiny_compact,1,6.6745693567851e-07,0.17496983094650734,0.43537414965986393,658,650,1,1
d7562f154a039b9cb037d700,VisA,cashew,source_validation,1,tiny_compact,68,4.538707162613868e-05,11.897948504362498,5.224489795918367,784,578,13,10
d7562f154a039b9cb037d700,VisA,cashew,source_validation,2,tiny_compact,152,0.00010145345422313352,26.595414303869113,7.836734693877551,660,674,15,18
4cefeaf687486a537c3ef760,VisA,cashew,source_validation,1,tiny_compact,179,0.0001194747914864533,31.319599739424813,7.233908948194663,861,727,18,15
99767e65133fab9d27272b83,VisA,cashew,source_validation,1,tiny_compact,169,0.00011280022212966819,29.56990142995974,7.836734693877551,694,618,17,18
99767e65133fab9d27272b83,VisA,cashew,source_validation,2,tiny_compact,193,0.00012881918858595242,33.76917737267591,7.401360544217687,826,640,14,17
44ffe7dba665e6f41f4c9a62,VisA,cashew,source_validation,1,tiny_compact,141,9.411142793066991e-05,24.670746163457533,6.028257456828886,793,570,15,13
44ffe7dba665e6f41f4c9a62,VisA,cashew,source_validation,2,tiny_compact,162,0.00010812802357991862,28.345112613334187,7.401360544217687,637,615,13,17
44ffe7dba665e6f41f4c9a62,VisA,cashew,source_validation,3,tiny_compact,142,9.477888486634843e-05,24.845715994404042,6.430141287284145,719,683,16,13
3c1917e729daa7d3bd4c2e6c,VisA,cashew,source_validation,1,tiny_compact,59,3.937995920503209e-05,10.323220025843932,4.789115646258503,434,405,8,11
3c1917e729daa7d3bd4c2e6c,VisA,cashew,source_validation,2,tiny_compact,182,0.00012147716229348882,31.844509232264333,6.832025117739404,560,644,17,15
03c6538ff8044a32980bae8f,VisA,cashew,source_validation,1,tiny_compact,103,6.874806437488654e-05,18.021892587490257,5.224489795918367,842,569,13,12
03c6538ff8044a32980bae8f,VisA,cashew,source_validation,2,tiny_compact,129,8.610194470252779e-05,22.571108192099445,6.028257456828886,461,604,15,13
03c6538ff8044a32980bae8f,VisA,cashew,source_validation,3,tiny_compact,181,0.00012080970535781032,31.669539401317827,6.530612244897959,660,686,14,15
b5067b257b192b1707b224cb,VisA,cashew,source_validation,1,tiny_compact,101,6.74131505035295e-05,17.67195292559724,6.095238095238095,686,574,11,14
b5067b257b192b1707b224cb,VisA,cashew,source_validation,2,tiny_compact,199,0.0001328239302000235,34.81899635835496,7.401360544217687,580,610,16,17
b5067b257b192b1707b224cb,VisA,cashew,source_validation,3,tiny_compact,117,7.809246147438568e-05,20.47147022074136,5.626373626373627,824,614,14,12
359ce67c42828fde7b24aabc,VisA,cashew,source_validation,1,tiny_compact,157,0.00010479073890152607,27.47026345860165,6.530612244897959,643,515,16,15
359ce67c42828fde7b24aabc,VisA,cashew,source_validation,2,tiny_compact,904,0.000603381069853373,158.17272717564262,21.768707482993197,660,721,29,50
f04e9dad27415fdc7e6079a1,VisA,cashew,source_validation,1,tiny_compact,142,9.477888486634843e-05,24.845715994404042,6.028257456828886,764,568,15,13
f04e9dad27415fdc7e6079a1,VisA,cashew,source_validation,2,tiny_compact,179,0.0001194747914864533,31.319599739424813,6.965986394557823,477,583,16,16
f04e9dad27415fdc7e6079a1,VisA,cashew,source_validation,3,tiny_compact,125,8.343211695981375e-05,21.871228868313416,6.095238095238095,657,611,15,14
3c62fd7f46b8de64cee5687f,VisA,cashew,source_validation,1,tiny_compact,362,0.00024161941071562063,63.339078802635655,24.113029827315543,832,575,60,19
b58f07063665ea2bf20bbf77,VisA,cashew,source_validation,1,larger,2236,0.0014924337081771485,391.2325419963904,93.63893249607536,707,674,233,76
04499a54b7db9c55b7403fb7,VisA,cashew,source_validation,1,larger,1993,0.0013302416728072704,348.7148730763891,45.41287284144427,814,615,113,41
786e3415453022d8ff31ac3e,VisA,cashew,source_validation,1,larger,2321,0.0015491675477098217,406.1049776268435,69.22448979591837,476,545,49,159
0449fa75a103b21fcaa8d5ae,VisA,cashew,source_validation,1,larger,3006,0.002006375548649601,525.959311825201,74.8843537414966,564,600,81,172
20e0ba99993580839ec7d10c,VisA,cashew,source_validation,1,larger,1894,0.001264163436175098,331.3928598126849,66.31083202511773,680,532,165,44
20e0ba99993580839ec7d10c,VisA,cashew,source_validation,2,larger,2788,0.001860869936671686,487.81588867886245,61.086342229199374,650,556,152,84
4ed1682650e60fc90ba815c8,VisA,cashew,source_validation,1,larger,2209,0.0014744123709138285,386.50835656083467,80.77864992150707,744,619,201,99
4ed1682650e60fc90ba815c8,VisA,cashew,source_validation,2,tiny_compact,1,6.6745693567851e-07,0.17496983094650734,0.43537414965986393,740,719,1,1
4ed1682650e60fc90ba815c8,VisA,cashew,source_validation,3,tiny_compact,1,6.6745693567851e-07,0.17496983094650734,0.43537414965986393,742,718,1,1
4ed1682650e60fc90ba815c8,VisA,cashew,source_validation,4,tiny_compact,1,6.6745693567851e-07,0.17496983094650734,0.43537414965986393,738,720,1,1
105640f34633543091913ec9,VisA,cashew,source_validation,1,larger,1598,0.001066596183214259,279.6017898525187,115.7425431711146,545,738,288,44
e3cc8b4f0b2ea31708ddcd7d,VisA,cashew,source_validation,1,larger,3337,0.002227303794359188,583.874325868495,86.40502354788069,553,787,215,44
7541f2527c1af0a2054170ec,VisA,cashew,source_validation,1,larger,1625,0.0010846175204775787,284.3259752880744,54.42176870748299,514,555,57,125
7541f2527c1af0a2054170ec,VisA,cashew,source_validation,2,thin_or_extended_small_area,795,0.0005306282638644155,139.10101560247332,42.2312925170068,623,581,26,97
c60dd4d2e61eb5c350e3e0cb,VisA,cashew,source_validation,1,larger,2977,0.001987019297514924,520.8851867277523,66.17687074829932,882,633,99,152
3d2362f1d154d4e53d413a42,VisA,cashew,source_validation,1,larger,5976,0.003988722647614776,1045.6197097363279,72.33908948194663,732,508,180,102
3d2362f1d154d4e53d413a42,VisA,cashew,source_validation,2,tiny_compact,58,3.871250226935358e-05,10.148250194897425,19.156462585034014,874,509,25,44
cfa0d8c20570d10e5efc7f63,VisA,cashew,source_validation,1,larger,3807,0.0025410085541280876,666.1101464133534,75.95604395604396,396,528,189,98
9e06799b178ca9f7fce52add,VisA,cashew,source_validation,1,thin_or_extended_small_area,919,0.0006133929238885507,160.79727463984023,40.590266875981165,871,574,101,52
32065f01befb47840ffbb10e,VisA,cashew,source_validation,1,larger,5890,0.003931321351146424,1030.5723042749282,122.34013605442176,511,442,104,281
32065f01befb47840ffbb10e,VisA,cashew,source_validation,2,thin_or_extended_small_area,993,0.0006627847371287604,173.74504212988177,45.81475667189953,732,785,114,36
21a651a7c2428b1d71a82407,VisA,cashew,source_validation,1,larger,2511,0.0016759843654887386,439.3492455066799,75.75510204081633,531,585,63,174
e0913a5a9591f115018022a9,VisA,cashew,source_validation,1,larger,478781,0.31956569912109273,83772.23063039973,388.6216640502355,211,184,967,650
bc01772894f2a1b9e6580af3,VisA,cashew,source_validation,1,larger,342751,0.228771532160745,59971.08452674634,355.265306122449,283,221,884,661
7e0c6821b6a6c48101d0a574,VisA,cashew,source_validation,1,larger,333751,0.2227644197396384,58396.35604822777,290.5620094191523,245,280,723,667
f7a207a5dd270e194eab27c7,VisA,cashew,source_validation,1,larger,406113,0.27106293851920676,71057.52295517894,395.7551020408163,378,58,665,909
3e039509cc2dbdd0924b0cea,VisA,cashew,source_validation,1,larger,328457,0.21923090272215637,57470.06576319696,307.3741496598639,403,196,671,706
0b12c84fb0f37ec286fc0b0a,VisA,cashew,source_validation,1,larger,382146,0.25506599814179987,66864.02101688398,347.86394557823127,284,85,672,799
83ea52edfb4329b3c3776f42,VisA,chewinggum,source_fit,1,thin_or_extended_small_area,178,0.00011863850979367563,31.100373511353304,32.51520572450805,474,481,24,71
83ea52edfb4329b3c3776f42,VisA,chewinggum,source_fit,2,tiny_compact,195,0.00012996915398745364,34.070633902887046,27.85096870342772,589,554,73,44
83ea52edfb4329b3c3776f42,VisA,chewinggum,source_fit,3,larger,15687,0.010455518556929156,2740.8514565876367,111.74239713774597,367,565,218,244
a5f89ec211748982c4996b06,VisA,chewinggum,source_fit,1,larger,14859,0.009903649533843968,2596.182303399993,95.38002980625932,340,469,250,116
fc6e887528a8307b0920d255,VisA,chewinggum,source_fit,1,thin_or_extended_small_area,538,0.0003585815633089747,94.00000533206786,108.53667262969589,481,472,19,237
fc6e887528a8307b0920d255,VisA,chewinggum,source_fit,2,larger,9980,0.0066517546502296784,1743.7175710298088,116.77996422182468,365,595,205,255
f90c7ef05315e1fbbd3fa860,VisA,chewinggum,source_fit,1,larger,7185,0.004788863443076176,1255.3718184217612,63.71385991058122,552,773,167,87
4a67af721b0f452ae820ab9e,VisA,chewinggum,source_fit,1,larger,19073,0.01271231627693694,3332.457438101357,135.43964232488824,475,494,355,154
bccc338c2696bbd76ac7532f,VisA,chewinggum,source_fit,1,larger,19964,0.013306175334387306,3488.134026857626,72.48882265275708,518,417,190,145
550d24c52247875e84fee4c5,VisA,chewinggum,source_fit,1,larger,24727,0.016480755234091107,4320.331100085579,164.40787119856887,424,501,259,359
550d24c52247875e84fee4c5,VisA,chewinggum,source_fit,2,thin_or_extended_small_area,580,0.0003865749195524262,101.33829571115122,66.38450074515649,282,520,174,38
3de82da3ee7f68761919ff55,VisA,chewinggum,source_fit,1,larger,17878,0.011915838640962545,3123.6656046964854,99.95827123695976,511,712,262,194
3de82da3ee7f68761919ff55,VisA,chewinggum,source_fit,2,tiny_compact,681,0.00045389227623310736,118.9851368608517,17.86046511627907,1072,865,43,39
06b0186aca1c70e236744d28,VisA,chewinggum,source_fit,1,thin_or_extended_small_area,108,7.198291605458972e-05,18.869889546214367,37.55277280858676,447,618,17,82
06b0186aca1c70e236744d28,VisA,chewinggum,source_fit,2,tiny_compact,12,7.998101783843302e-06,2.0966543940238185,5.495527728085867,549,709,1,12
06b0186aca1c70e236744d28,VisA,chewinggum,source_fit,3,tiny_compact,58,3.865749195524262e-05,10.133829571115122,21.06618962432916,432,717,14,46
06b0186aca1c70e236744d28,VisA,chewinggum,source_fit,4,tiny_compact,43,2.8659864725438496e-05,7.513011578585349,14.196779964221825,365,721,12,31
06b0186aca1c70e236744d28,VisA,chewinggum,source_fit,5,larger,19561,0.013037572416146568,3417.721383458326,133.150521609538,250,732,349,134
316a2b9030ceb3d732e954e9,VisA,chewinggum,source_fit,1,larger,9225,0.006148540746329538,1611.8030654058105,105.78890876565295,467,478,224,231
316a2b9030ceb3d732e954e9,VisA,chewinggum,source_fit,2,thin_or_extended_small_area,657,0.00043789607266542073,114.79182807280405,72.48882265275708,331,533,190,92
316a2b9030ceb3d732e954e9,VisA,chewinggum,source_fit,3,thin_or_extended_small_area,754,0.0005025473954181541,131.73978442449658,109.4962742175857,648,670,287,20
57c2ecd0a96379ea0c7060fd,VisA,chewinggum,source_fit,1,larger,16867,0.011241998565673747,2947.0224719999787,107.20715350223547,536,440,281,136
bc2f79cdb92b2ba2a7899fb5,VisA,chewinggum,source_fit,1,larger,3057,0.002037516429434081,534.1227068775677,32.04769001490313,905,458,84,58
bc2f79cdb92b2ba2a7899fb5,VisA,chewinggum,source_fit,2,thin_or_extended_small_area,217,0.00014463234059116636,37.914500291930715,39.38461538461539,537,471,12,86
bc2f79cdb92b2ba2a7899fb5,VisA,chewinggum,source_fit,3,larger,38077,0.02537864346861678,6652.859113437077,111.74239713774597,461,558,278,244
ae4d8b7bd0627a96a5d5eaec,VisA,chewinggum,source_fit,1,larger,19968,0.013308841368315253,3488.832911655634,145.3591654247392,615,503,381,164
ae4d8b7bd0627a96a5d5eaec,VisA,chewinggum,source_fit,2,thin_or_extended_small_area,1129,0.0007524880761632573,197.26023423774092,73.6333830104322,423,665,193,80
f64396309a7f0ebc28e5d4d2,VisA,chewinggum,source_fit,1,larger,10688,0.007123642655476434,1867.4201802772143,81.26378539493294,784,703,213,153
f64396309a7f0ebc28e5d4d2,VisA,chewinggum,source_fit,2,tiny_compact,78,5.198766159498146e-05,13.62825356115482,12.59016393442623,935,793,33,9
23d7a1f983cb6af4c2c9d031,VisA,chewinggum,source_fit,1,larger,20870,0.013910032019067474,3646.431433606424,175.85688729874775,702,451,249,384
1426282f6fdb9fcf4076b880,VisA,chewinggum,source_fit,1,larger,47862,0.03190042896485901,8362.506050564,138.49180327868854,295,442,363,271
058fdc068c35a2b940e25fab,VisA,chewinggum,source_fit,1,larger,13794,0.009193818000527874,2410.104225930379,75.15946348733235,544,429,197,102
6dee22a05f1671109ed92efd,VisA,chewinggum,source_fit,1,larger,23250,0.015496322206196397,4062.267888421148,111.78539493293592,429,695,293,161
14071f493f44fe45e4e06ab9,VisA,chewinggum,source_fit,1,tiny_compact,113,7.531545846452442e-05,19.74349554372429,15.570661896243292,563,510,31,34
14071f493f44fe45e4e06ab9,VisA,chewinggum,source_fit,2,larger,19729,0.013149545841120373,3447.074544974659,98.91949910554561,369,548,220,216
14071f493f44fe45e4e06ab9,VisA,chewinggum,source_fit,3,tiny_compact,258,0.00017195918835263098,45.078069471512094,31.141323792486585,308,620,59,68
a9cad478be6c540796456358,VisA,chewinggum,source_fit,1,tiny_compact,186,0.00012397057764957116,32.49814310736918,16.023845007451566,268,419,42,18
a9cad478be6c540796456358,VisA,chewinggum,source_fit,2,thin_or_extended_small_area,452,0.0003012618338580977,78.97398217489716,55.871198568872984,544,480,124,122
a9cad478be6c540796456358,VisA,chewinggum,source_fit,3,larger,19781,0.013184204282183695,3456.1600473487624,119.41579731743666,295,600,313,243
7dcfeac546baef5e8aaa8fb8,VisA,chewinggum,source_fit,1,larger,14934,0.009953637669992988,2609.286393362642,72.87034277198211,582,675,191,133
c518af4299fef196c70923cb,VisA,chewinggum,source_fit,1,tiny_compact,555,0.0003699122075027527,96.9702657236016,21.98211091234347,271,457,48,48
c518af4299fef196c70923cb,VisA,chewinggum,source_fit,2,larger,26152,0.0174305298209225,4569.308809375908,159.8282647584973,744,462,264,349
d24de2d56bf3392292afe0e5,VisA,chewinggum,source_fit,1,larger,6816,0.004542921813222995,1190.8996958055288,74.01490312965723,268,756,194,100
4ce8caa4d5fb35894db6152c,VisA,chewinggum,source_fit,1,larger,6600,0.004398955981113816,1153.1599167131,57.22801788375559,500,806,150,72
cd39f903e1e4c42b6e6a850f,VisA,chewinggum,source_fit,1,larger,8767,0.0058432798615795185,1531.7807560339013,60.661698956780924,746,731,159,113
e12271f726d719bb5ae25d4a,VisA,chewinggum,source_fit,1,larger,4010,0.0026726990127676365,700.6320100029593,42.590339892665476,901,759,99,93
961217d6e90800dc2dd6d640,VisA,chewinggum,source_fit,1,larger,5292,0.0035271628866748958,924.6245877645039,73.25186289120715,310,791,192,64
11378845b801961ca81f4c3f,VisA,chewinggum,source_fit,1,larger,3369,0.0022454670758140067,588.635721122187,61.82468694096601,266,836,50,135
f1f82d74d86d7fe2c2a2991b,VisA,chewinggum,source_fit,1,tiny_compact,704,0.000469221971318807,123.00372444939734,19.839046199701937,260,435,52,27
f1f82d74d86d7fe2c2a2991b,VisA,chewinggum,source_fit,2,tiny_compact,91,6.06522718608117e-05,15.899629154680623,5.037567084078712,252,457,12,11
f1f82d74d86d7fe2c2a2991b,VisA,chewinggum,source_fit,3,tiny_compact,1117,0.0007444899743794139,195.1635798437171,25.18783542039356,938,796,58,55
acc95f7dd191a50935c60f0e,VisA,chewinggum,source_fit,1,larger,2692,0.0017942408335088471,470.3494690593432,29.30948121645796,1047,751,69,64
2c8daa2c454cf275b65d181e,VisA,chewinggum,source_fit,1,larger,9942,0.006626427327914175,1737.0781654487334,76.02146690518784,324,465,116,166
f2ef6adff4305d98747705d9,VisA,chewinggum,source_fit,1,larger,2989,0.0019921938526589688,522.2416653114327,38.92665474060823,275,420,84,85
db132f55d3695ef283792e72,VisA,chewinggum,source_fit,1,tiny_compact,3,1.9995254459608254e-06,0.5241635985059546,1.1445603576751118,955,445,3,1
db132f55d3695ef283792e72,VisA,chewinggum,source_fit,2,tiny_compact,1476,0.000983766519412726,257.88849046492965,30.22540250447227,963,445,65,66
db132f55d3695ef283792e72,VisA,chewinggum,source_fit,3,larger,1678,0.0011184012327740882,293.1821727643306,31.59928443649374,262,457,70,69
db132f55d3695ef283792e72,VisA,chewinggum,source_fit,4,tiny_compact,1,6.665084819869418e-07,0.17472119950198486,0.45796064400715564,1013,493,1,1
db132f55d3695ef283792e72,VisA,chewinggum,source_fit,5,tiny_compact,2,1.3330169639738835e-06,0.34944239900396973,0.9159212880143113,1028,512,1,2
db132f55d3695ef283792e72,VisA,chewinggum,source_fit,6,thin_or_extended_small_area,755,0.000503213903900141,131.91450562399856,84.7227191413238,264,592,14,185
db132f55d3695ef283792e72,VisA,chewinggum,source_fit,7,larger,2053,0.0013683419135191914,358.7026225775749,32.51520572450805,263,807,80,71
349a6a13625d07784818747e,VisA,chewinggum,source_fit,1,tiny_compact,538,0.0003585815633089747,94.00000533206786,18.318425760286225,972,755,47,40
349a6a13625d07784818747e,VisA,chewinggum,source_fit,2,tiny_compact,611,0.0004072366824940214,106.75465289571275,17.168405365126677,263,789,45,28
01c91be7ff0cb9e3f109b773,VisA,chewinggum,source_fit,1,tiny_compact,1390,0.000926446789961849,242.86246730775895,24.035767511177347,980,338,63,52
01c91be7ff0cb9e3f109b773,VisA,chewinggum,source_fit,2,tiny_compact,1395,0.0009297793323717838,243.7360733052689,29.767441860465116,280,353,75,65
0ca74c4813d20d80df7541b2,VisA,chewinggum,source_fit,1,tiny_compact,1228,0.0008184724158799645,214.5576329884374,24.271914132379248,236,436,46,53
0ca74c4813d20d80df7541b2,VisA,chewinggum,source_fit,2,larger,2563,0.0017082612393325316,447.8104343235872,33.43112701252236,921,802,82,73
0de49ef61d0bd6bccf204ccc,VisA,chewinggum,source_fit,1,larger,7259,0.00483818507074321,1268.301187184908,51.749552772808585,292,469,118,113
0de49ef61d0bd6bccf204ccc,VisA,chewinggum,source_fit,2,tiny_compact,1,6.665084819869418e-07,0.17472119950198486,0.45796064400715564,294,580,1,1
5ecd4be6a68581edcdb39434,VisA,chewinggum,source_fit,1,larger,2494,0.0016622721540754328,435.75467155795025,31.284649776453055,306,804,82,63
de60294a69c40673294f5c8f,VisA,chewinggum,source_fit,1,larger,2773,0.0018482280205497895,484.501886219004,34.80500894454383,307,470,54,76
de60294a69c40673294f5c8f,VisA,chewinggum,source_fit,2,tiny_compact,278,0.00018528935799236982,48.572493461551794,27.935599284436492,1004,597,60,61
de60294a69c40673294f5c8f,VisA,chewinggum,source_fit,3,thin_or_extended_small_area,256,0.0001706261713886571,44.728627072508125,39.67809239940387,957,691,104,25
de60294a69c40673294f5c8f,VisA,chewinggum,source_fit,4,larger,6545,0.004362298014604533,1143.5502507404908,63.65652951699463,944,736,110,139
a9e5455f49085fb182da81e8,VisA,chewinggum,source_fit,1,larger,3241,0.0021601539901196782,566.2714075859329,38.01073345259392,325,705,92,83
a9e5455f49085fb182da81e8,VisA,chewinggum,source_fit,2,larger,4491,0.0029932895926033554,784.672906963414,50.742175856929954,980,707,133,95
628d52de4893ab48b55425e2,VisA,chewinggum,source_fit,1,larger,19981,0.013317505978581083,3491.1042872491594,79.73770491803279,557,579,209,153
8fb92549b3e43959f6eb17fc,VisA,chewinggum,source_fit,1,thin_or_extended_small_area,919,0.0006125212949459995,160.56878234232408,33.43112701252236,307,413,53,73
8fb92549b3e43959f6eb17fc,VisA,chewinggum,source_fit,2,larger,14874,0.009913647161073772,2598.803121392523,69.81818181818181,560,571,183,139
0656dd5366d7e40d22f6acab,VisA,chewinggum,source_fit,1,tiny_compact,859,0.000572530786026783,150.085510372205,19.692307692307693,224,389,49,43
0656dd5366d7e40d22f6acab,VisA,chewinggum,source_fit,2,larger,19475,0.012980252686695691,3402.6953603011552,69.61001788908766,422,600,182,152
0656dd5366d7e40d22f6acab,VisA,chewinggum,source_fit,3,larger,5818,0.003877746348200027,1016.5279387025479,49.97913561847988,277,638,131,77
55ffe1213acac57a90248c8a,VisA,chewinggum,source_fit,1,larger,28652,0.019096801025889856,5006.1118081308705,106.82563338301043,686,552,280,176
5adeb3e51cd2592ede1e6f48,VisA,chewinggum,source_fit,1,thin_or_extended_small_area,629,0.0004192338351697864,109.89963448674848,32.05724508050089,1025,420,36,70
5adeb3e51cd2592ede1e6f48,VisA,chewinggum,source_fit,2,tiny_compact,1063,0.000708498516352119,185.7286350706099,18.318425760286225,355,428,43,40
5adeb3e51cd2592ede1e6f48,VisA,chewinggum,source_fit,3,tiny_compact,267,0.00017795776469051346,46.65056026702996,9.61717352415027,304,435,21,21
5adeb3e51cd2592ede1e6f48,VisA,chewinggum,source_fit,4,larger,47644,0.03175513011578585,8324.416829072567,174.35469448584203,374,591,457,185
6eb4bac5e25cf94ca96e504a,VisA,chewinggum,source_fit,1,tiny_compact,939,0.0006258514645857383,164.0632063323638,16.94454382826476,1009,438,42,37
6eb4bac5e25cf94ca96e504a,VisA,chewinggum,source_fit,2,larger,26728,0.01781443870654698,4669.948220289051,113.69299552906111,564,542,298,166
6b489d8ce783a4e5cfab852e,VisA,chewinggum,source_fit,1,tiny_compact,756,0.000503880412382128,132.08922682350055,19.692307692307693,297,472,34,43
6b489d8ce783a4e5cfab852e,VisA,chewinggum,source_fit,2,larger,14803,0.0098663250588527,2586.397916227882,78.76923076923077,602,588,202,172
da706121f003b105e2a4388a,VisA,chewinggum,source_fit,1,larger,15198,0.010129595909237541,2655.412790031166,77.8301043219076,561,579,204,124
0a215adeb5b013c30c68fd0e,VisA,chewinggum,source_fit,1,larger,2177,0.0014509889652855722,380.36805131582105,36.1788908765653,221,490,53,79
0a215adeb5b013c30c68fd0e,VisA,chewinggum,source_fit,2,larger,14199,0.009463753935732587,2480.8663117286833,76.30402384500745,544,653,200,123
f8841723d4d2a206066c55af,VisA,chewinggum,source_fit,1,larger,28573,0.019044146855812887,4992.3088333702135,114.83755588673621,565,600,301,164
8b4a3ccfd4132686b42fbcb9,VisA,chewinggum,source_fit,1,larger,32481,0.021648862003417854,5675.11928102397,156.8047690014903,385,566,411,160
594811ad03538d5f3e534da8,VisA,chewinggum,source_fit,1,thin_or_extended_small_area,193,0.00012863613702347975,33.72119150388308,35.72093023255814,415,473,7,78
594811ad03538d5f3e534da8,VisA,chewinggum,source_fit,2,larger,32654,0.021764167970801596,5705.346048537814,114.83755588673621,297,565,301,197
0d13d83973f60d6578a512be,VisA,chewinggum,source_fit,1,larger,39723,0.026475716429967287,6940.450207817345,128.19076005961253,494,580,336,185
b05d167600b68cfe85542e05,VisA,chewinggum,source_fit,1,larger,8130,0.0054187139585538365,1420.483351951137,83.80679785330948,976,471,83,183
b05d167600b68cfe85542e05,VisA,chewinggum,source_fit,2,larger,27518,0.018340980407316663,4807.977967895619,111.02235469448584,768,585,291,194
b05d167600b68cfe85542e05,VisA,chewinggum,source_fit,3,larger,5857,0.003903740178997518,1023.3420654831253,73.2737030411449,703,620,95,160
b05d167600b68cfe85542e05,VisA,chewinggum,source_fit,4,tiny_compact,165,0.0001099738995278454,28.828997917827504,10.075134168157424,998,778,20,22
71510b5258e73094aff46487,VisA,chewinggum,source_fit,1,larger,5291,0.003526496378192909,924.4498665650019,54.17585692995529,604,664,142,93
714ddb5f39389254f52215cb,VisA,chewinggum,source_fit,1,tiny_compact,372,0.0002479411552991423,64.99628621473836,13.353204172876303,259,414,35,28
714ddb5f39389254f52215cb,VisA,chewinggum,source_fit,2,larger,16789,0.011190010904078765,2933.394218438824,94.61698956780924,613,543,248,143
714ddb5f39389254f52215cb,VisA,chewinggum,source_fit,3,tiny_compact,153,0.0001019757977440021,26.732343523803685,24.271914132379248,593,581,21,53
a6604db46904f300e84025c6,VisA,chewinggum,source_fit,1,larger,17171,0.011444617144197778,3000.137716648582,76.479427549195,448,545,155,167
760e3fb40a3440d60bbcaffa,VisA,chewinggum,source_fit,1,larger,9715,0.0064751299025031395,1697.416453161783,81.97495527728086,603,483,189,179
c6aeb6255ff59209d6664c5b,VisA,chewinggum,source_fit,1,larger,39181,0.026114468832730366,6845.751317687269,136.2026825633383,331,501,357,162
066a3dca9607bb33aaa4780b,VisA,chewinggum,source_fit,1,thin_or_extended_small_area,337,0.00022461335842959937,58.8810442321689,48.45305514157973,390,571,127,64
066a3dca9607bb33aaa4780b,VisA,chewinggum,source_fit,2,larger,14969,0.009976965466862532,2615.4016353452116,76.02146690518784,498,595,157,166
28ab490ec39dbee5492f45e3,VisA,chewinggum,source_fit,1,tiny_compact,678,0.0004518927507871465,118.46097326234573,29.30948121645796,278,423,49,64
28ab490ec39dbee5492f45e3,VisA,chewinggum,source_fit,2,tiny_compact,309,0.000205951120933965,53.98885064611332,10.301043219076005,626,596,27,15
28ab490ec39dbee5492f45e3,VisA,chewinggum,source_fit,3,larger,13334,0.008887224098813882,2329.732474159466,133.53204172876303,289,631,350,98
28ab490ec39dbee5492f45e3,VisA,chewinggum,source_fit,4,tiny_compact,273,0.0001819568155824351,47.69888746404187,11.064083457526081,781,672,29,17
95c759c74a2bc4da6fb0233c,VisA,chewinggum,source_fit,1,larger,22377,0.014914460301421796,3909.7362812559154,102.62891207153503,458,558,269,176
95c759c74a2bc4da6fb0233c,VisA,chewinggum,source_fit,2,thin_or_extended_small_area,418,0.00027860054547054167,73.03346139182968,61.04321907600596,293,627,160,14
9682ae478ce44793fcb0d7ed,VisA,chewinggum,source_fit,1,larger,34050,0.022694613811655367,5949.2568430425845,90.21824686940965,671,559,217,197
bd8f7b7c687a57c6cf11cf1c,VisA,chewinggum,source_fit,1,larger,8696,0.005795957759358446,1519.3755508692605,52.665474060822895,276,414,129,115
bd8f7b7c687a57c6cf11cf1c,VisA,chewinggum,source_fit,2,larger,21981,0.014650522942554967,3840.5466862531293,94.33989266547407,532,511,202,206
546ff008627482c4c8df8e5e,VisA,chewinggum,source_fit,1,larger,17909,0.01193650040390414,3129.081961881047,114.45603576751118,508,623,300,125
546ff008627482c4c8df8e5e,VisA,chewinggum,source_fit,2,thin_or_extended_small_area,408,0.00027193546065067223,71.28624939680982,45.0193740685544,385,666,118,9
546ff008627482c4c8df8e5e,VisA,chewinggum,source_fit,3,tiny_compact,1297,0.0008644615011370634,226.61339575407436,21.06618962432916,862,683,39,46
bbb87f02316bdcdb3ec20877,VisA,chewinggum,source_fit,1,larger,2248,0.001498311067506645,392.77325648046195,76.479427549195,577,542,159,167
bbb87f02316bdcdb3ec20877,VisA,chewinggum,source_fit,2,thin_or_extended_small_area,677,0.0004512262423051596,118.28625206284376,54.49731663685152,860,654,100,119
bbb87f02316bdcdb3ec20877,VisA,chewinggum,source_fit,3,tiny_compact,570,0.0003799098347325568,99.59108371613137,16.405365126676603,318,919,43,34
7d09d6313d3bb04b55659b4b,VisA,chewinggum,source_fit,1,tiny_compact,81,5.398718704094228e-05,14.152417159660773,5.495527728085867,407,632,11,12
7d09d6313d3bb04b55659b4b,VisA,chewinggum,source_fit,2,larger,2370,0.001579625102309052,414.0892428197041,122.08643815201192,375,646,320,23
7d09d6313d3bb04b55659b4b,VisA,chewinggum,source_fit,3,thin_or_extended_small_area,368,0.00024527512137119455,64.29740141673042,41.967213114754095,395,743,110,12
aa6df5c1695f18acce21dd6e,VisA,chewinggum,source_fit,1,thin_or_extended_small_area,693,0.00046189037801695065,121.08179125487551,56.7871198568873,644,599,44,124
2f3f1dded7b308e1144f5993,VisA,chewinggum,source_fit,1,thin_or_extended_small_area,814,0.0005425379043373706,142.22305639461567,55.41323792486583,929,589,71,121
2f3f1dded7b308e1144f5993,VisA,chewinggum,source_fit,2,tiny_compact,2,1.3330169639738835e-06,0.34944239900396973,0.9159212880143113,927,711,2,2
2f3f1dded7b308e1144f5993,VisA,chewinggum,source_fit,3,tiny_compact,3,1.9995254459608254e-06,0.5241635985059546,0.9159212880143113,925,714,2,2
2f3f1dded7b308e1144f5993,VisA,chewinggum,source_fit,4,tiny_compact,2,1.3330169639738835e-06,0.34944239900396973,0.9159212880143113,922,718,2,2
2f3f1dded7b308e1144f5993,VisA,chewinggum,source_fit,5,tiny_compact,5,3.3325424099347088e-06,0.8736059975099243,2.289803220035778,917,721,4,5
2f3f1dded7b308e1144f5993,VisA,chewinggum,source_fit,6,tiny_compact,4,2.666033927947767e-06,0.6988847980079395,1.8318425760286225,906,730,4,4
2f3f1dded7b308e1144f5993,VisA,chewinggum,source_fit,7,tiny_compact,2,1.3330169639738835e-06,0.34944239900396973,0.9159212880143113,904,735,2,2
2f3f1dded7b308e1144f5993,VisA,chewinggum,source_fit,8,tiny_compact,3,1.9995254459608254e-06,0.5241635985059546,1.3738819320214668,900,738,3,3
2f3f1dded7b308e1144f5993,VisA,chewinggum,source_fit,9,tiny_compact,3,1.9995254459608254e-06,0.5241635985059546,1.3738819320214668,896,743,3,3
2f3f1dded7b308e1144f5993,VisA,chewinggum,source_fit,10,tiny_compact,8,5.332067855895534e-06,1.397769596015879,3.2057245080500896,888,748,7,7
2f3f1dded7b308e1144f5993,VisA,chewinggum,source_fit,11,tiny_compact,1,6.665084819869418e-07,0.17472119950198486,0.45796064400715564,886,756,1,1
2f3f1dded7b308e1144f5993,VisA,chewinggum,source_fit,12,tiny_compact,6,3.999050891921651e-06,1.0483271970119092,2.7477638640429336,881,758,5,6
2f3f1dded7b308e1144f5993,VisA,chewinggum,source_fit,13,tiny_compact,7,4.6655593739085925e-06,1.223048396513894,2.7477638640429336,875,765,5,6
2f3f1dded7b308e1144f5993,VisA,chewinggum,source_fit,14,tiny_compact,5,3.3325424099347088e-06,0.8736059975099243,2.289803220035778,870,772,5,5
2f3f1dded7b308e1144f5993,VisA,chewinggum,source_fit,15,tiny_compact,1,6.665084819869418e-07,0.17472119950198486,0.45796064400715564,868,778,1,1
2f3f1dded7b308e1144f5993,VisA,chewinggum,source_fit,16,tiny_compact,7,4.6655593739085925e-06,1.223048396513894,3.2057245080500896,860,781,5,7
2f3f1dded7b308e1144f5993,VisA,chewinggum,source_fit,17,tiny_compact,1,6.665084819869418e-07,0.17472119950198486,0.45796064400715564,866,780,1,1
2f3f1dded7b308e1144f5993,VisA,chewinggum,source_fit,18,tiny_compact,2,1.3330169639738835e-06,0.34944239900396973,0.9159212880143113,856,790,1,2
2f3f1dded7b308e1144f5993,VisA,chewinggum,source_fit,19,tiny_compact,4,2.666033927947767e-06,0.6988847980079395,1.8318425760286225,853,793,2,4
2f3f1dded7b308e1144f5993,VisA,chewinggum,source_fit,20,tiny_compact,1,6.665084819869418e-07,0.17472119950198486,0.45796064400715564,852,798,1,1
2f3f1dded7b308e1144f5993,VisA,chewinggum,source_fit,21,tiny_compact,3,1.9995254459608254e-06,0.5241635985059546,0.9159212880143113,850,800,2,2
2f3f1dded7b308e1144f5993,VisA,chewinggum,source_fit,22,tiny_compact,4,2.666033927947767e-06,0.6988847980079395,1.8318425760286225,847,803,3,4
2f3f1dded7b308e1144f5993,VisA,chewinggum,source_fit,23,tiny_compact,3,1.9995254459608254e-06,0.5241635985059546,0.9159212880143113,845,808,2,2
2f3f1dded7b308e1144f5993,VisA,chewinggum,source_fit,24,tiny_compact,1,6.665084819869418e-07,0.17472119950198486,0.45796064400715564,844,811,1,1
2f3f1dded7b308e1144f5993,VisA,chewinggum,source_fit,25,tiny_compact,283,0.0001886219004023045,49.44609945906171,26.10375670840787,736,812,38,57
2f3f1dded7b308e1144f5993,VisA,chewinggum,source_fit,26,tiny_compact,5,3.3325424099347088e-06,0.8736059975099243,2.289803220035778,839,814,4,5
2f3f1dded7b308e1144f5993,VisA,chewinggum,source_fit,27,tiny_compact,1,6.665084819869418e-07,0.17472119950198486,0.45796064400715564,838,820,1,1
2f3f1dded7b308e1144f5993,VisA,chewinggum,source_fit,28,tiny_compact,1,6.665084819869418e-07,0.17472119950198486,0.45796064400715564,837,823,1,1
2f3f1dded7b308e1144f5993,VisA,chewinggum,source_fit,29,tiny_compact,9,5.998576337882476e-06,1.5724907955178637,3.2057245080500896,829,825,8,7
2f3f1dded7b308e1144f5993,VisA,chewinggum,source_fit,30,tiny_compact,1,6.665084819869418e-07,0.17472119950198486,0.45796064400715564,826,833,1,1
2f3f1dded7b308e1144f5993,VisA,chewinggum,source_fit,31,tiny_compact,2,1.3330169639738835e-06,0.34944239900396973,0.9159212880143113,823,836,2,2
2f3f1dded7b308e1144f5993,VisA,chewinggum,source_fit,32,tiny_compact,1,6.665084819869418e-07,0.17472119950198486,0.45796064400715564,822,839,1,1
a6c99a156fd2b092f486ab36,VisA,chewinggum,source_fit,1,larger,1751,0.001167056351959135,305.9368203279755,55.871198568872984,669,503,61,122
a6c99a156fd2b092f486ab36,VisA,chewinggum,source_fit,2,tiny_compact,1,6.665084819869418e-07,0.17472119950198486,0.45796064400715564,730,521,1,1
a6c99a156fd2b092f486ab36,VisA,chewinggum,source_fit,3,tiny_compact,285,0.0001899549173662784,49.79554185806568,28.851520572450806,459,523,19,63
a6c99a156fd2b092f486ab36,VisA,chewinggum,source_fit,4,thin_or_extended_small_area,864,0.0005758633284367177,150.95911636971493,48.071535022354695,402,567,126,47
a6c99a156fd2b092f486ab36,VisA,chewinggum,source_fit,5,tiny_compact,1,6.665084819869418e-07,0.17472119950198486,0.45796064400715564,530,566,1,1
c1c358dc514e6c44ee209df1,VisA,chewinggum,source_fit,1,tiny_compact,138,9.197817051419797e-05,24.111525531273912,23.355992844364938,550,601,29,51
c1c358dc514e6c44ee209df1,VisA,chewinggum,source_fit,2,thin_or_extended_small_area,356,0.00023727701958735126,62.20074702270661,65.48837209302326,457,642,53,143
4db38eca7671a54c08d8a241,VisA,chewinggum,source_fit,1,thin_or_extended_small_area,1085,0.0007231617029558318,189.57250145965358,50.37567084078712,840,639,90,110
4db38eca7671a54c08d8a241,VisA,chewinggum,source_fit,2,thin_or_extended_small_area,698,0.00046522292042688537,121.95539725238544,45.796064400715565,599,704,75,100
b91c2b36915f8ed62dfefe3b,VisA,chewinggum,source_fit,1,thin_or_extended_small_area,349,0.00023261146021344268,60.97769862619272,64.57245080500894,759,565,31,141
b91c2b36915f8ed62dfefe3b,VisA,chewinggum,source_fit,2,tiny_compact,157,0.00010464183167194986,27.431228321811624,28.851520572450806,509,607,20,63
3a714fadba9884c8fdd58c13,VisA,chewinggum,source_fit,1,thin_or_extended_small_area,229,0.00015263044237500965,40.01115468595453,35.26296958855098,709,659,53,77
3a714fadba9884c8fdd58c13,VisA,chewinggum,source_fit,2,thin_or_extended_small_area,1080,0.0007198291605458971,188.69889546214364,34.34704830053667,832,679,69,75
3a714fadba9884c8fdd58c13,VisA,chewinggum,source_fit,3,tiny_compact,66,4.3989559811138155e-05,11.531599167131,15.570661896243292,731,710,22,34
3a714fadba9884c8fdd58c13,VisA,chewinggum,source_fit,4,tiny_compact,1,6.665084819869418e-07,0.17472119950198486,0.45796064400715564,707,737,1,1
3a714fadba9884c8fdd58c13,VisA,chewinggum,source_fit,5,tiny_compact,1,6.665084819869418e-07,0.17472119950198486,0.45796064400715564,730,745,1,1
7d923ff020fdfd9fd54a3b58,VisA,chewinggum,source_fit,1,larger,1909,0.001272364692113072,333.54276984928913,49.001788908765654,485,459,102,107
7d923ff020fdfd9fd54a3b58,VisA,chewinggum,source_fit,2,thin_or_extended_small_area,334,0.00022261383298363856,58.356880633662946,37.09481216457961,789,637,53,81
058136b0d5e25024c80f75ca,VisA,chewinggum,source_fit,1,larger,1949,0.0012990250313925495,340.5316178293685,22.5096870342772,323,822,59,45
7eafb47d721a03d0036f76f9,VisA,chewinggum,source_fit,1,larger,4491,0.0029932895926033554,784.672906963414,33.88908765652952,415,588,84,74
fa38428ed8c89036246b6862,VisA,chewinggum,source_fit,1,larger,3724,0.0024820775869193712,650.6617469453917,33.88908765652952,758,687,77,74
bb8826192d94b0b3d45ab97e,VisA,chewinggum,source_fit,1,larger,3550,0.002366105111053643,620.2602582320462,29.37704918032787,403,541,77,60
a868ec24a48bd959b6736005,VisA,chewinggum,source_fit,1,larger,5034,0.0033552036983222648,879.5465182929918,34.71833084947839,789,481,91,74
c874b101e22e7a655bb3d46c,VisA,chewinggum,source_fit,1,larger,4016,0.002676698063659558,701.6803371999712,61.806259314456035,326,584,162,84
c874b101e22e7a655bb3d46c,VisA,chewinggum,source_fit,2,tiny_compact,3,1.9995254459608254e-06,0.5241635985059546,0.9159212880143113,1174,863,2,2
c874b101e22e7a655bb3d46c,VisA,chewinggum,source_fit,3,tiny_compact,1305,0.000869793568992959,228.01116535009024,19.4575260804769,993,884,51,40
1efee72500fad7320b5be130,VisA,chewinggum,source_fit,1,thin_or_extended_small_area,493,0.00032858868161956227,86.13755135447853,47.627906976744185,342,605,13,104
1efee72500fad7320b5be130,VisA,chewinggum,source_fit,2,larger,2237,0.0014909794742047886,390.8513232859401,25.18783542039356,589,680,58,55
6ccd23e541128fabb48b58f5,VisA,chewinggum,source_fit,1,larger,2944,0.0019622009709695564,514.3792113338434,31.59928443649374,387,583,59,69
de5dd2d41b4cbbc5fcf362a9,VisA,chewinggum,source_fit,1,larger,3837,0.0025573930453838957,670.405242489116,33.43112701252236,831,579,69,73
71a1f49ea0dfd82d2e66a6fd,VisA,chewinggum,source_fit,1,larger,3010,0.0020061905307806947,525.9108105009744,28.851520572450806,638,556,65,63
ed40ad1222413fa954e7d598,VisA,chewinggum,source_fit,1,larger,4034,0.002688695216335323,704.8253187910069,33.43112701252236,938,587,80,73
ed40ad1222413fa954e7d598,VisA,chewinggum,source_fit,2,tiny_compact,853,0.0005685317351348613,149.0371831751931,22.128166915052162,1010,823,58,45
16586200efa0c514159f57b9,VisA,chewinggum,source_fit,1,tiny_compact,978,0.000651845295383229,170.8773331129412,26.10375670840787,1015,405,51,57
16586200efa0c514159f57b9,VisA,chewinggum,source_fit,2,larger,1925,0.001283028827824863,336.3383090413209,22.5096870342772,852,727,59,44
907f1f919b76044071c3b3f4,VisA,chewinggum,source_fit,1,larger,3514,0.002342110805702113,613.9702950499748,33.19225037257824,687,620,87,63
fe2294ea97d7e7dd86903869,VisA,chewinggum,source_fit,1,larger,4051,0.002700025860529101,707.7955791825407,32.05724508050089,620,653,77,70
d0a5fa27d6e1dc450a56749e,VisA,chewinggum,source_fit,1,larger,2702,0.0018009059183287167,472.0966810543631,28.995529061102832,592,790,76,49
678f6a5b1c4cb06377ba65ff,VisA,chewinggum,source_fit,1,larger,3182,0.0021208299896824487,555.9628568153158,28.614008941877795,755,723,75,59
75cfb13a0d50b224590bae09,VisA,chewinggum,source_fit,1,tiny_compact,520,0.0003465844106332097,90.85502374103213,22.898032200357783,1011,449,27,50
75cfb13a0d50b224590bae09,VisA,chewinggum,source_fit,2,larger,4363,0.002907976506909027,762.30859342716,32.51520572450805,929,659,81,71
75cfb13a0d50b224590bae09,VisA,chewinggum,source_fit,3,tiny_compact,394,0.00026260434190285504,68.84015260378203,13.738819320214668,282,821,23,30
d6bddf44995bd449ba0c2466,VisA,chewinggum,source_fit,1,larger,4374,0.002915308100210883,764.2305266216817,40.44113263785395,351,764,106,58
c5b93025a1692c44cd687858,VisA,chewinggum,source_fit,1,tiny_compact,126,8.398006873035467e-05,22.014871137250093,16.486583184257604,968,588,40,36
c5b93025a1692c44cd687858,VisA,chewinggum,source_fit,2,larger,3332,0.00222080626198049,582.1710367406135,27.087928464977644,769,616,71,59
c5b93025a1692c44cd687858,VisA,chewinggum,source_fit,3,tiny_compact,232,0.0001546299678209705,40.53531828446049,28.39355992844365,968,693,63,62
c5b93025a1692c44cd687858,VisA,chewinggum,source_fit,4,tiny_compact,45,2.999288168941238e-05,7.862453977589319,9.159212880143112,854,803,4,20
c5b93025a1692c44cd687858,VisA,chewinggum,source_fit,5,tiny_compact,181,0.00012063803523963646,31.62453710985926,30.683363148479426,838,827,10,67
96fa156262347f370ab71a7b,VisA,chewinggum,source_fit,1,larger,3077,0.00205084659907382,537.6171308676074,27.935599284436492,801,557,69,61
1da7d41a6310e559ae3be57e,VisA,chewinggum,source_fit,1,larger,2818,0.0018782209022392019,492.36434019659333,27.477638640429337,868,641,66,60
25e539f58ee72a7486474724,VisA,chewinggum,source_fit,1,larger,5739,0.003825092178123059,1002.7249639418911,46.25402504472272,917,474,84,101
48069a8a6bd662ffe1e95f65,VisA,chewinggum,source_fit,1,larger,8369,0.005578009485748716,1462.2417186321113,45.796064400715565,472,744,114,100
badc60789706fd22253c8c7d,VisA,chewinggum,source_fit,1,larger,8262,0.005506693078176113,1443.546550285399,46.16393442622951,333,600,121,91
f34461e5d329aaa195f61e70,VisA,chewinggum,source_fit,1,larger,4877,0.0032505618666503148,852.1152899711801,38.152011922503725,565,760,100,71
ea02790de71c63f77a669219,VisA,fryum,source_fit,1,tiny_compact,265,0.00017666666666666666,46.312106666666665,10.752,720,613,24,21
ea02790de71c63f77a669219,VisA,fryum,source_fit,2,tiny_compact,976,0.0006506666666666667,170.56836266666667,20.48,629,619,60,37
ea02790de71c63f77a669219,VisA,fryum,source_fit,3,larger,3663,0.002442,640.155648,59.904,715,620,60,117
ea02790de71c63f77a669219,VisA,fryum,source_fit,4,tiny_compact,68,4.5333333333333335e-05,11.883861333333334,4.437333333333333,865,652,13,7
2bbd3ec51e301a81e9e62ea5,VisA,fryum,source_fit,1,larger,36873,0.024582,6444.023808,125.44,620,465,330,245
2bbd3ec51e301a81e9e62ea5,VisA,fryum,source_fit,2,larger,10779,0.007186,1883.766784,83.456,911,566,128,163
70a994ee33a5a5f98d1a906c,VisA,fryum,source_fit,1,tiny_compact,834,0.000556,145.752064,25.088,657,338,25,49
70a994ee33a5a5f98d1a906c,VisA,fryum,source_fit,2,larger,14699,0.009799333333333334,2568.8364373333334,132.608,575,426,136,259
fe17b3bb7e6d91bf855be45a,VisA,fryum,source_fit,1,larger,5438,0.0036253333333333333,950.3593813333333,48.64,868,439,77,95
fe17b3bb7e6d91bf855be45a,VisA,fryum,source_fit,2,tiny_compact,498,0.000332,87.031808,23.552,861,584,27,46
fe17b3bb7e6d91bf855be45a,VisA,fryum,source_fit,3,tiny_compact,1418,0.0009453333333333333,247.81346133333332,31.744,841,593,34,62
fe17b3bb7e6d91bf855be45a,VisA,fryum,source_fit,4,tiny_compact,593,0.0003953333333333333,103.63426133333333,18.944,810,616,27,37
66794ed65d542169dff2c7dd,VisA,fryum,source_fit,1,tiny_compact,688,0.0004586666666666667,120.23671466666667,19.456,878,559,57,22
66794ed65d542169dff2c7dd,VisA,fryum,source_fit,2,tiny_compact,324,0.000216,56.623104,10.24,780,572,28,20
66794ed65d542169dff2c7dd,VisA,fryum,source_fit,3,larger,2469,0.001646,431.489024,38.4,771,613,68,75
3d13dece78f48cf7fa45ca33,VisA,fryum,source_fit,1,larger,1630,0.0010866666666666668,284.8631466666667,63.488,490,378,38,124
3d13dece78f48cf7fa45ca33,VisA,fryum,source_fit,2,tiny_compact,638,0.00042533333333333334,111.49858133333333,19.456,741,413,23,38
3d13dece78f48cf7fa45ca33,VisA,fryum,source_fit,3,larger,6093,0.004062,1064.828928,44.032,622,422,127,86
3d13dece78f48cf7fa45ca33,VisA,fryum,source_fit,4,larger,2857,0.0019046666666666667,499.2969386666667,37.376,520,425,60,73
3d13dece78f48cf7fa45ca33,VisA,fryum,source_fit,5,larger,7575,0.00505,1323.8272,63.488,485,507,108,124
7b79b85be79dbd15a7ef0bce,VisA,fryum,source_fit,1,larger,12971,0.008647333333333333,2266.8465493333333,94.208,759,223,95,184
7b79b85be79dbd15a7ef0bce,VisA,fryum,source_fit,2,larger,1733,0.0011553333333333333,302.8637013333333,32.08533333333333,873,277,94,56
7b79b85be79dbd15a7ef0bce,VisA,fryum,source_fit,3,tiny_compact,1316,0.0008773333333333334,229.98766933333334,25.6,655,362,62,50
a0f1a3cc0818e0e5eb11e7e0,VisA,fryum,source_fit,1,larger,8793,0.005862,1536.688128,120.832,822,222,229,236
a0f1a3cc0818e0e5eb11e7e0,VisA,fryum,source_fit,2,larger,2734,0.0018226666666666667,477.80113066666667,29.696,876,336,77,58
a0f1a3cc0818e0e5eb11e7e0,VisA,fryum,source_fit,3,larger,1820,0.0012133333333333334,318.06805333333335,27.136,694,338,49,53
a0f1a3cc0818e0e5eb11e7e0,VisA,fryum,source_fit,4,larger,1698,0.001132,296.747008,29.696,975,405,38,58
a0f1a3cc0818e0e5eb11e7e0,VisA,fryum,source_fit,5,tiny_compact,384,0.000256,67.108864,14.336,860,425,21,28
0dc73ea3b7f6abcbf1a04e2d,VisA,fryum,source_fit,1,tiny_compact,235,0.00015666666666666666,41.069226666666665,10.752,864,425,24,21
0dc73ea3b7f6abcbf1a04e2d,VisA,fryum,source_fit,2,larger,9906,0.006604,1731.198976,101.376,939,447,120,198
80e711df3b1e427366c7b265,VisA,fryum,source_fit,1,tiny_compact,937,0.0006246666666666667,163.75261866666668,18.432,882,432,34,36
80e711df3b1e427366c7b265,VisA,fryum,source_fit,2,tiny_compact,1263,0.000842,220.725248,20.992,866,550,41,41
80e711df3b1e427366c7b265,VisA,fryum,source_fit,3,larger,3297,0.002198,576.192512,40.96,938,595,65,80
80e711df3b1e427366c7b265,VisA,fryum,source_fit,4,tiny_compact,600,0.0004,104.8576,12.288,863,596,36,23
80e711df3b1e427366c7b265,VisA,fryum,source_fit,5,larger,8089,0.005392666666666666,1413.6552106666666,54.272,873,667,133,106
af89a3fc93367d11c2b90e46,VisA,fryum,source_fit,1,tiny_compact,1,6.666666666666667e-07,0.17476266666666668,0.512,491,334,1,1
af89a3fc93367d11c2b90e46,VisA,fryum,source_fit,2,tiny_compact,1,6.666666666666667e-07,0.17476266666666668,0.512,490,336,1,1
af89a3fc93367d11c2b90e46,VisA,fryum,source_fit,3,larger,3146,0.0020973333333333334,549.8033493333334,116.224,433,338,57,227
3f1ab61fe56559b5322f63dc,VisA,fryum,source_fit,1,larger,3963,0.002642,692.584448,39.936,467,504,77,78
3f616e47db6081139aa9591a,VisA,fryum,source_fit,1,larger,2120,0.0014133333333333333,370.4968533333333,53.76,494,417,67,105
3f616e47db6081139aa9591a,VisA,fryum,source_fit,2,tiny_compact,99,6.6e-05,17.301504,14.848,494,485,9,29
3f616e47db6081139aa9591a,VisA,fryum,source_fit,3,tiny_compact,2,1.3333333333333334e-06,0.34952533333333335,1.024,497,514,1,2
3f616e47db6081139aa9591a,VisA,fryum,source_fit,4,tiny_compact,7,4.666666666666666e-06,1.2233386666666666,3.072,497,517,3,6
3f616e47db6081139aa9591a,VisA,fryum,source_fit,5,tiny_compact,1,6.666666666666667e-07,0.17476266666666668,0.512,499,525,1,1
3f616e47db6081139aa9591a,VisA,fryum,source_fit,6,thin_or_extended_small_area,1025,0.0006833333333333333,179.13173333333333,48.128,971,587,54,94
3155f2ae7b4e017f3e4e86f1,VisA,fryum,source_fit,1,tiny_compact,729,0.000486,127.401984,29.184,835,736,83,57
436d87387232af5c8e6b4e54,VisA,fryum,source_fit,1,larger,3958,0.0026386666666666668,691.7106346666667,75.264,995,424,70,147
92680a1824ed9434e44ccf98,VisA,fryum,source_fit,1,thin_or_extended_small_area,999,0.000666,174.587904,36.864,528,260,66,72
51e720649157b6d8b3828bf7,VisA,fryum,source_fit,1,larger,1979,0.0013193333333333334,345.85531733333335,26.112,1013,500,62,51
0991fdba5270f68770239306,VisA,fryum,source_fit,1,larger,8050,0.005366666666666666,1406.8394666666666,130.56,926,252,142,255
0991fdba5270f68770239306,VisA,fryum,source_fit,2,tiny_compact,94,6.266666666666667e-05,16.427690666666667,9.216,968,338,12,18
0991fdba5270f68770239306,VisA,fryum,source_fit,3,tiny_compact,33,2.2e-05,5.767168,7.168,1060,468,6,14
da625f2507c8f5821a0fb44f,VisA,fryum,source_fit,1,larger,5492,0.0036613333333333333,959.7965653333333,81.57866666666666,486,680,239,149
7a2a31fbbd8f0df55dc8617b,VisA,fryum,source_fit,1,larger,2341,0.0015606666666666666,409.11940266666664,62.976,424,431,37,123
a173dd6ce470aa641462ae9e,VisA,fryum,source_fit,1,tiny_compact,345,0.00023,60.29312,11.946666666666667,608,431,35,16
707a80fdfed85fafe655c101,VisA,fryum,source_fit,1,tiny_compact,6,4e-06,1.048576,1.536,472,559,3,3
707a80fdfed85fafe655c101,VisA,fryum,source_fit,2,tiny_compact,635,0.00042333333333333334,110.97429333333334,23.552,477,562,26,46
f547d01d4f8f187c7a38cfd7,VisA,fryum,source_fit,1,tiny_compact,8,5.333333333333334e-06,1.3981013333333334,1.536,621,337,4,3
f547d01d4f8f187c7a38cfd7,VisA,fryum,source_fit,2,tiny_compact,152,0.00010133333333333333,26.563925333333334,7.68,721,400,20,15
f547d01d4f8f187c7a38cfd7,VisA,fryum,source_fit,3,tiny_compact,128,8.533333333333334e-05,22.369621333333335,8.192,696,411,24,12
f547d01d4f8f187c7a38cfd7,VisA,fryum,source_fit,4,tiny_compact,21,1.4e-05,3.670016,3.584,1010,665,4,7
affc226aa78a52c4a9e5f55d,VisA,fryum,source_fit,1,tiny_compact,404,0.00026933333333333334,70.60411733333333,12.8,676,452,32,25
affc226aa78a52c4a9e5f55d,VisA,fryum,source_fit,2,tiny_compact,162,0.000108,28.311552,10.752,660,480,18,21
11a192dfa2971876b4b07756,VisA,fryum,source_fit,1,tiny_compact,258,0.000172,45.088768,14.336,705,468,14,28
f9d8f08a7f6b5e7422431cf4,VisA,fryum,source_fit,1,tiny_compact,313,0.00020866666666666668,54.70071466666667,22.016,624,454,38,43
e977d01059e3d0cd388b1029,VisA,fryum,source_fit,1,tiny_compact,273,0.000182,47.710208,17.92,817,451,20,35
e977d01059e3d0cd388b1029,VisA,fryum,source_fit,2,tiny_compact,1,6.666666666666667e-07,0.17476266666666668,0.512,669,597,1,1
b8f197ee8c7dea0ba265d809,VisA,fryum,source_fit,1,tiny_compact,483,0.000322,84.410368,14.848,724,496,26,29
b8f197ee8c7dea0ba265d809,VisA,fryum,source_fit,2,tiny_compact,41,2.7333333333333335e-05,7.165269333333334,3.072,542,523,8,6
e1923bf3529e43dab3ed7a36,VisA,fryum,source_fit,1,tiny_compact,1,6.666666666666667e-07,0.17476266666666668,0.512,668,291,1,1
e1923bf3529e43dab3ed7a36,VisA,fryum,source_fit,2,tiny_compact,95,6.333333333333333e-05,16.602453333333333,7.68,907,292,9,15
0fdaf1bb08e3c9e6bdb2479d,VisA,fryum,source_fit,1,tiny_compact,612,0.000408,106.954752,16.896,641,540,44,33
f3738daf5812e9a050851a6b,VisA,fryum,source_fit,1,tiny_compact,5,3.3333333333333333e-06,0.8738133333333333,1.536,601,286,4,3
f3738daf5812e9a050851a6b,VisA,fryum,source_fit,2,tiny_compact,214,0.00014266666666666667,37.39921066666667,9.216,680,430,17,18
232aebca13c2a3b682c8b7ff,VisA,fryum,source_fit,1,tiny_compact,166,0.00011066666666666667,29.010602666666667,10.752,625,374,11,21
bf4604877c2cfdcdbd8c029c,VisA,fryum,source_fit,1,tiny_compact,99,6.6e-05,17.301504,5.632,713,275,11,11
2659ffa91556eeb0ae66d2a3,VisA,fryum,source_fit,1,tiny_compact,158,0.00010533333333333334,27.612501333333334,9.216,1042,479,13,18
1e408470abc1d14f529400cf,VisA,fryum,source_fit,1,tiny_compact,110,7.333333333333333e-05,19.223893333333333,6.144,833,749,12,12
d2227a3a0a5ded10b84aa59f,VisA,fryum,source_fit,1,tiny_compact,373,0.0002486666666666667,65.18647466666667,10.24,565,333,27,20
eea7ab4a971c68837368d286,VisA,fryum,source_fit,1,tiny_compact,119,7.933333333333333e-05,20.796757333333332,6.144,785,510,14,12
68972805f6af0e593581611e,VisA,fryum,source_fit,1,tiny_compact,18,1.2e-05,3.145728,2.048,544,263,6,4
68972805f6af0e593581611e,VisA,fryum,source_fit,2,tiny_compact,87,5.8e-05,15.204352,7.168,671,534,13,14
34bfd09d3c9568afa40da658,VisA,fryum,source_fit,1,tiny_compact,90,6e-05,15.72864,5.461333333333333,1023,438,16,10
ddec27e78f9f74f3e2195d7b,VisA,fryum,source_fit,1,tiny_compact,222,0.000148,38.797312,9.728,704,547,18,19
c081952d49fb8a38e8ea14c0,VisA,fryum,source_fit,1,larger,220642,0.14709466666666668,38559.98429866667,324.096,453,192,565,633
cf120c6cf7e688ef95928891,VisA,fryum,source_fit,1,larger,302786,0.20185733333333333,52915.68878933333,294.912,367,170,691,576
162aa2d55827363b0db982d3,VisA,fryum,source_fit,1,larger,237362,0.15824133333333334,41482.01608533334,328.192,484,267,569,641
c3d104097bd1c0951b4d0e40,VisA,fryum,source_fit,1,larger,212429,0.14161933333333335,37124.65851733334,312.32,515,222,610,610
c3d104097bd1c0951b4d0e40,VisA,fryum,source_fit,2,tiny_compact,33,2.2e-05,5.767168,3.584,850,359,7,7
8a3117f44d61e250231d0e6d,VisA,fryum,source_fit,1,larger,289857,0.193238,50656.182272,365.568,128,79,903,714
b86aaa95e050983aa8e7257b,VisA,fryum,source_fit,1,larger,199078,0.13271866666666668,34791.40215466667,306.688,487,142,591,599
05e7d385d49a93944ed7d660,VisA,fryum,source_fit,1,tiny_compact,1,6.666666666666667e-07,0.17476266666666668,0.512,671,181,1,1
05e7d385d49a93944ed7d660,VisA,fryum,source_fit,2,larger,240743,0.16049533333333332,42072.88866133333,311.296,397,180,620,608
d6ce54cb0cacacb1fac75ba2,VisA,fryum,source_fit,1,larger,290921,0.19394733333333333,50842.12974933333,339.968,381,165,663,664
9bcd6e833b236cbc795dd8f5,VisA,fryum,source_fit,1,larger,253263,0.168842,44260.917248,322.56,451,203,661,630
9bcd6e833b236cbc795dd8f5,VisA,fryum,source_fit,2,tiny_compact,1,6.666666666666667e-07,0.17476266666666668,0.512,470,607,1,1
9bcd6e833b236cbc795dd8f5,VisA,fryum,source_fit,3,tiny_compact,1,6.666666666666667e-07,0.17476266666666668,0.512,476,627,1,1
9bcd6e833b236cbc795dd8f5,VisA,fryum,source_fit,4,tiny_compact,2,1.3333333333333334e-06,0.34952533333333335,1.024,548,735,2,2
9bcd6e833b236cbc795dd8f5,VisA,fryum,source_fit,5,tiny_compact,2,1.3333333333333334e-06,0.34952533333333335,1.024,551,737,2,2
9bcd6e833b236cbc795dd8f5,VisA,fryum,source_fit,6,tiny_compact,1,6.666666666666667e-07,0.17476266666666668,0.512,556,741,1,1
9bcd6e833b236cbc795dd8f5,VisA,fryum,source_fit,7,tiny_compact,1,6.666666666666667e-07,0.17476266666666668,0.512,567,749,1,1
9bcd6e833b236cbc795dd8f5,VisA,fryum,source_fit,8,tiny_compact,1,6.666666666666667e-07,0.17476266666666668,0.512,572,752,1,1
9bcd6e833b236cbc795dd8f5,VisA,fryum,source_fit,9,tiny_compact,1,6.666666666666667e-07,0.17476266666666668,0.512,577,755,1,1
96e455da889c6a6022d6b24b,VisA,fryum,source_fit,1,larger,239633,0.15975533333333333,41878.90210133333,317.44,407,131,642,620
983e626043ee09675b8a9bac,VisA,fryum,source_fit,1,larger,309398,0.20626533333333333,54071.21954133333,346.112,431,150,775,676
983e626043ee09675b8a9bac,VisA,fryum,source_fit,2,tiny_compact,1,6.666666666666667e-07,0.17476266666666668,0.512,1004,389,1,1
983e626043ee09675b8a9bac,VisA,fryum,source_fit,3,tiny_compact,1,6.666666666666667e-07,0.17476266666666668,0.512,445,634,1,1
983e626043ee09675b8a9bac,VisA,fryum,source_fit,4,tiny_compact,1,6.666666666666667e-07,0.17476266666666668,0.512,977,722,1,1
983e626043ee09675b8a9bac,VisA,fryum,source_fit,5,tiny_compact,1,6.666666666666667e-07,0.17476266666666668,0.512,590,774,1,1
983e626043ee09675b8a9bac,VisA,fryum,source_fit,6,tiny_compact,1,6.666666666666667e-07,0.17476266666666668,0.512,595,777,1,1
983e626043ee09675b8a9bac,VisA,fryum,source_fit,7,tiny_compact,2,1.3333333333333334e-06,0.34952533333333335,0.6826666666666666,795,824,2,1
eaebca4cccfbf87f3708bf9a,VisA,fryum,source_fit,1,larger,191017,0.12734466666666666,33382.640298666665,308.736,453,242,555,603
936780b8fbb9114eb6559c17,VisA,fryum,source_fit,1,larger,212374,0.14158266666666666,37115.046570666666,295.936,468,165,584,578
936780b8fbb9114eb6559c17,VisA,fryum,source_fit,2,tiny_compact,1,6.666666666666667e-07,0.17476266666666668,0.512,848,266,1,1
936780b8fbb9114eb6559c17,VisA,fryum,source_fit,3,tiny_compact,1,6.666666666666667e-07,0.17476266666666668,0.512,752,296,1,1
936780b8fbb9114eb6559c17,VisA,fryum,source_fit,4,tiny_compact,1,6.666666666666667e-07,0.17476266666666668,0.512,663,401,1,1
8c73db972249d627ce5cc42d,VisA,fryum,source_fit,1,larger,211770,0.14118,37009.48992,329.728,436,170,597,644
8c73db972249d627ce5cc42d,VisA,fryum,source_fit,2,tiny_compact,1,6.666666666666667e-07,0.17476266666666668,0.512,815,699,1,1
9a233808680ccbe66eed60fd,VisA,fryum,source_fit,1,larger,198467,0.13231133333333334,34684.622165333334,315.392,491,223,537,616
9a233808680ccbe66eed60fd,VisA,fryum,source_fit,2,tiny_compact,3,2e-06,0.524288,1.536,792,404,1,3
9a233808680ccbe66eed60fd,VisA,fryum,source_fit,3,tiny_compact,1,6.666666666666667e-07,0.17476266666666668,0.512,627,650,1,1
9a233808680ccbe66eed60fd,VisA,fryum,source_fit,4,tiny_compact,1,6.666666666666667e-07,0.17476266666666668,0.512,794,683,1,1
e20ded403e7b3f4022f9eb66,VisA,fryum,source_fit,1,larger,237585,0.15839,41520.98816,293.376,424,183,664,573
76ae63a58d116bcef0b90bb7,VisA,fryum,source_fit,1,larger,231082,0.15405466666666667,40384.50653866667,310.784,388,199,638,607
76ae63a58d116bcef0b90bb7,VisA,fryum,source_fit,2,tiny_compact,2,1.3333333333333334e-06,0.34952533333333335,1.024,553,633,2,2
76ae63a58d116bcef0b90bb7,VisA,fryum,source_fit,3,tiny_compact,2,1.3333333333333334e-06,0.34952533333333335,1.024,544,645,2,2
76ae63a58d116bcef0b90bb7,VisA,fryum,source_fit,4,tiny_compact,1,6.666666666666667e-07,0.17476266666666668,0.512,540,651,1,1
2f9c70e940c5c4abd5608c63,VisA,fryum,source_fit,1,larger,208331,0.13888733333333333,36408.481109333334,291.328,421,207,589,569
8777878505d769902e372e93,VisA,fryum,source_fit,1,larger,278351,0.18556733333333333,48645.36302933333,343.04,441,151,652,670
713a892fbe15f9c59edffe30,VisA,fryum,source_fit,1,larger,306947,0.20463133333333333,53642.87624533333,407.04,476,153,632,795
7d64493def194919d5bbdfcb,VisA,fryum,source_fit,1,larger,2784,0.001856,486.539264,44.544,882,536,69,87
7d64493def194919d5bbdfcb,VisA,fryum,source_fit,2,tiny_compact,1,6.666666666666667e-07,0.17476266666666668,0.512,948,581,1,1
42f250bd04d6cb63ef16c4d1,VisA,fryum,source_fit,1,tiny_compact,530,0.0003533333333333333,92.62421333333333,17.92,901,542,45,35
42f250bd04d6cb63ef16c4d1,VisA,fryum,source_fit,2,tiny_compact,141,9.4e-05,24.641536,9.728,919,606,20,19
48f113c2ead423d88638113c,VisA,fryum,source_fit,1,larger,2105,0.0014033333333333333,367.8754133333333,35.328,714,303,89,69
e9808288b354bbd6915aa556,VisA,fryum,source_fit,1,larger,3474,0.002316,607.125504,47.616,573,379,81,93
d45de799c69ef8b198c8b57e,VisA,fryum,source_fit,1,larger,2552,0.0017013333333333333,445.99432533333334,30.72,789,323,90,55
731d88a997a147686f6da045,VisA,fryum,source_fit,1,tiny_compact,1080,0.00072,188.74368,19.456,886,453,57,34
731d88a997a147686f6da045,VisA,fryum,source_fit,2,tiny_compact,13,8.666666666666666e-06,2.2719146666666665,2.56,680,670,5,5
8158fb697f286afef8136831,VisA,fryum,source_fit,1,tiny_compact,1,6.666666666666667e-07,0.17476266666666668,0.512,531,270,1,1
8158fb697f286afef8136831,VisA,fryum,source_fit,2,larger,3418,0.0022786666666666667,597.3387946666667,37.888,847,527,84,74
f7dd88eae08a372459563c8e,VisA,fryum,source_fit,1,larger,6521,0.004347333333333333,1139.6273493333333,46.08,780,432,112,90
a307dc7bbe40b873d7ec1a1b,VisA,fryum,source_fit,1,larger,6370,0.004246666666666667,1113.2381866666667,49.664,730,599,96,97
75cd49382fc73712226d88a5,VisA,fryum,source_fit,1,larger,4340,0.0028933333333333333,758.4699733333333,39.424,869,442,87,77
75cd49382fc73712226d88a5,VisA,fryum,source_fit,2,tiny_compact,15,1e-05,2.62144,2.048,959,503,5,4
75cd49382fc73712226d88a5,VisA,fryum,source_fit,3,tiny_compact,9,6e-06,1.572864,2.56,990,552,3,5
75cd49382fc73712226d88a5,VisA,fryum,source_fit,4,tiny_compact,86,5.7333333333333336e-05,15.029589333333334,10.752,989,557,19,21
cf1dff7c1f54fed52392a5af,VisA,fryum,source_fit,1,larger,6096,0.004064,1065.353216,40.96,705,576,120,76
c75ae74b9c782ad4d76052db,VisA,fryum,source_fit,1,larger,5625,0.00375,983.04,48.64,769,317,123,95
81f47bf243d5be7b46a06904,VisA,fryum,source_fit,1,larger,5002,0.0033346666666666668,874.1628586666667,63.488,589,299,106,124
331edf617fbde0bfb7ff3460,VisA,fryum,source_fit,1,larger,5583,0.003722,975.699968,45.056,751,455,91,88
353de009f49fc1c9357fcd65,VisA,fryum,source_fit,1,larger,7118,0.004745333333333333,1243.9606613333333,51.712,773,365,105,101
daa4b281797800bcf13aac29,VisA,fryum,source_fit,1,larger,8876,0.0059173333333333335,1551.1934293333334,54.272,841,415,117,106
0ce7b5f90467de3134ed6800,VisA,fryum,source_fit,1,larger,12032,0.008021333333333333,2102.7444053333334,65.536,762,572,130,128
3532bae072497217ef8de7cb,VisA,fryum,source_fit,1,larger,2889,0.001926,504.889344,40.448,747,518,48,79
7af56bdfdd3960808ce41cae,VisA,fryum,source_fit,1,larger,3873,0.002582,676.855808,55.808,803,528,94,109
78bec2dc1371a65962c51669,VisA,fryum,source_fit,1,larger,3396,0.002264,593.494016,49.152,778,619,56,96
5b2fab7a0e399dec855935ef,VisA,fryum,source_fit,1,tiny_compact,137,9.133333333333334e-05,23.942485333333334,8.192,570,293,16,16
5b2fab7a0e399dec855935ef,VisA,fryum,source_fit,2,tiny_compact,7,4.666666666666666e-06,1.2233386666666666,1.536,588,340,3,3
5b2fab7a0e399dec855935ef,VisA,fryum,source_fit,3,tiny_compact,77,5.133333333333333e-05,13.456725333333333,10.24,545,360,11,20
5b2fab7a0e399dec855935ef,VisA,fryum,source_fit,4,tiny_compact,7,4.666666666666666e-06,1.2233386666666666,1.536,600,364,3,3
5b2fab7a0e399dec855935ef,VisA,fryum,source_fit,5,tiny_compact,11,7.333333333333333e-06,1.9223893333333333,1.7066666666666668,524,371,5,3
5b2fab7a0e399dec855935ef,VisA,fryum,source_fit,6,tiny_compact,14,9.333333333333333e-06,2.446677333333333,2.56,488,407,4,5
5b2fab7a0e399dec855935ef,VisA,fryum,source_fit,7,tiny_compact,36,2.4e-05,6.291456,4.096,771,429,7,8
5b2fab7a0e399dec855935ef,VisA,fryum,source_fit,8,tiny_compact,15,1e-05,2.62144,2.048,502,433,5,4
5b2fab7a0e399dec855935ef,VisA,fryum,source_fit,9,tiny_compact,10,6.666666666666667e-06,1.7476266666666667,2.048,499,444,4,4
5b2fab7a0e399dec855935ef,VisA,fryum,source_fit,10,tiny_compact,10,6.666666666666667e-06,1.7476266666666667,2.048,480,456,4,4
5b2fab7a0e399dec855935ef,VisA,fryum,source_fit,11,tiny_compact,37,2.4666666666666665e-05,6.466218666666666,3.072,492,476,8,6
5b2fab7a0e399dec855935ef,VisA,fryum,source_fit,12,tiny_compact,12,8e-06,2.097152,2.56,467,484,3,5
5b2fab7a0e399dec855935ef,VisA,fryum,source_fit,13,tiny_compact,13,8.666666666666666e-06,2.2719146666666665,2.048,462,493,4,4
5b2fab7a0e399dec855935ef,VisA,fryum,source_fit,14,tiny_compact,26,1.7333333333333332e-05,4.543829333333333,3.072,526,509,6,6
5b2fab7a0e399dec855935ef,VisA,fryum,source_fit,15,tiny_compact,25,1.6666666666666667e-05,4.369066666666667,2.56,486,522,6,5
5b2fab7a0e399dec855935ef,VisA,fryum,source_fit,16,tiny_compact,18,1.2e-05,3.145728,2.3893333333333335,833,540,7,4
5b2fab7a0e399dec855935ef,VisA,fryum,source_fit,17,tiny_compact,57,3.8e-05,9.961472,4.608,847,548,13,9
5b2fab7a0e399dec855935ef,VisA,fryum,source_fit,18,tiny_compact,18,1.2e-05,3.145728,2.56,724,551,5,5
5b2fab7a0e399dec855935ef,VisA,fryum,source_fit,19,tiny_compact,12,8e-06,2.097152,2.048,517,557,4,4
5b2fab7a0e399dec855935ef,VisA,fryum,source_fit,20,tiny_compact,33,2.2e-05,5.767168,3.072,515,563,6,6
5b2fab7a0e399dec855935ef,VisA,fryum,source_fit,21,tiny_compact,12,8e-06,2.097152,2.048,744,569,5,4
5b2fab7a0e399dec855935ef,VisA,fryum,source_fit,22,tiny_compact,11,7.333333333333333e-06,1.9223893333333333,2.048,717,577,3,4
5b2fab7a0e399dec855935ef,VisA,fryum,source_fit,23,tiny_compact,10,6.666666666666667e-06,1.7476266666666667,2.048,737,576,4,4
5b2fab7a0e399dec855935ef,VisA,fryum,source_fit,24,tiny_compact,22,1.4666666666666666e-05,3.8447786666666666,4.096,529,580,5,8
5b2fab7a0e399dec855935ef,VisA,fryum,source_fit,25,tiny_compact,50,3.3333333333333335e-05,8.738133333333334,4.096,805,583,12,7
5b2fab7a0e399dec855935ef,VisA,fryum,source_fit,26,tiny_compact,18,1.2e-05,3.145728,2.048,697,597,5,4
5b2fab7a0e399dec855935ef,VisA,fryum,source_fit,27,tiny_compact,15,1e-05,2.62144,3.072,783,598,5,6
5b2fab7a0e399dec855935ef,VisA,fryum,source_fit,28,tiny_compact,58,3.866666666666667e-05,10.136234666666667,7.168,794,599,8,14
5b2fab7a0e399dec855935ef,VisA,fryum,source_fit,29,tiny_compact,14,9.333333333333333e-06,2.446677333333333,2.56,682,611,5,5
5b2fab7a0e399dec855935ef,VisA,fryum,source_fit,30,tiny_compact,34,2.2666666666666668e-05,5.941930666666667,3.584,664,619,6,7
5b2fab7a0e399dec855935ef,VisA,fryum,source_fit,31,tiny_compact,6,4e-06,1.048576,1.536,791,626,2,3
5b2fab7a0e399dec855935ef,VisA,fryum,source_fit,32,tiny_compact,22,1.4666666666666666e-05,3.8447786666666666,3.584,572,663,4,7
5b2fab7a0e399dec855935ef,VisA,fryum,source_fit,33,tiny_compact,8,5.333333333333334e-06,1.3981013333333334,1.536,592,667,3,3
5b2fab7a0e399dec855935ef,VisA,fryum,source_fit,34,tiny_compact,6,4e-06,1.048576,1.024,584,677,3,2
75b27c6c6e52d134a67b971e,VisA,fryum,source_fit,1,tiny_compact,10,6.666666666666667e-06,1.7476266666666667,2.048,897,257,5,4
75b27c6c6e52d134a67b971e,VisA,fryum,source_fit,2,tiny_compact,20,1.3333333333333333e-05,3.4952533333333333,3.072,930,285,5,6
75b27c6c6e52d134a67b971e,VisA,fryum,source_fit,3,tiny_compact,38,2.5333333333333334e-05,6.640981333333333,4.608,914,290,10,9
75b27c6c6e52d134a67b971e,VisA,fryum,source_fit,4,tiny_compact,3,2e-06,0.524288,1.024,904,297,2,2
75b27c6c6e52d134a67b971e,VisA,fryum,source_fit,5,tiny_compact,3,2e-06,0.524288,1.024,907,298,3,1
75b27c6c6e52d134a67b971e,VisA,fryum,source_fit,6,tiny_compact,3,2e-06,0.524288,1.024,975,346,2,2
75b27c6c6e52d134a67b971e,VisA,fryum,source_fit,7,tiny_compact,18,1.2e-05,3.145728,2.56,1032,355,6,5
75b27c6c6e52d134a67b971e,VisA,fryum,source_fit,8,tiny_compact,20,1.3333333333333333e-05,3.4952533333333333,3.072,1025,356,7,6
75b27c6c6e52d134a67b971e,VisA,fryum,source_fit,9,tiny_compact,22,1.4666666666666666e-05,3.8447786666666666,5.632,1029,364,9,11
75b27c6c6e52d134a67b971e,VisA,fryum,source_fit,10,tiny_compact,9,6e-06,1.572864,3.072,1018,366,2,6
75b27c6c6e52d134a67b971e,VisA,fryum,source_fit,11,tiny_compact,4,2.666666666666667e-06,0.6990506666666667,1.536,1016,372,2,3
75b27c6c6e52d134a67b971e,VisA,fryum,source_fit,12,tiny_compact,3,2e-06,0.524288,1.024,1019,377,3,1
75b27c6c6e52d134a67b971e,VisA,fryum,source_fit,13,tiny_compact,2,1.3333333333333334e-06,0.34952533333333335,1.024,1023,378,1,2
75b27c6c6e52d134a67b971e,VisA,fryum,source_fit,14,tiny_compact,17,1.1333333333333334e-05,2.9709653333333335,3.072,1024,379,5,6
75b27c6c6e52d134a67b971e,VisA,fryum,source_fit,15,tiny_compact,4,2.666666666666667e-06,0.6990506666666667,2.048,1031,378,1,4
75b27c6c6e52d134a67b971e,VisA,fryum,source_fit,16,tiny_compact,5,3.3333333333333333e-06,0.8738133333333333,1.536,824,645,3,3
75b27c6c6e52d134a67b971e,VisA,fryum,source_fit,17,tiny_compact,6,4e-06,1.048576,1.536,828,649,2,3
75b27c6c6e52d134a67b971e,VisA,fryum,source_fit,18,tiny_compact,9,6e-06,1.572864,2.56,814,652,3,5
75b27c6c6e52d134a67b971e,VisA,fryum,source_fit,19,tiny_compact,4,2.666666666666667e-06,0.6990506666666667,1.024,832,652,2,2
75b27c6c6e52d134a67b971e,VisA,fryum,source_fit,20,tiny_compact,16,1.0666666666666667e-05,2.796202666666667,2.048,823,654,6,4
75b27c6c6e52d134a67b971e,VisA,fryum,source_fit,21,tiny_compact,1,6.666666666666667e-07,0.17476266666666668,0.512,813,656,1,1
75b27c6c6e52d134a67b971e,VisA,fryum,source_fit,22,tiny_compact,8,5.333333333333334e-06,1.3981013333333334,1.536,818,660,3,3
75b27c6c6e52d134a67b971e,VisA,fryum,source_fit,23,tiny_compact,72,4.8e-05,12.582912,16.896,664,665,6,33
75b27c6c6e52d134a67b971e,VisA,fryum,source_fit,24,tiny_compact,1,6.666666666666667e-07,0.17476266666666668,0.512,825,668,1,1
75b27c6c6e52d134a67b971e,VisA,fryum,source_fit,25,tiny_compact,4,2.666666666666667e-06,0.6990506666666667,1.536,828,669,2,3
75b27c6c6e52d134a67b971e,VisA,fryum,source_fit,26,tiny_compact,1,6.666666666666667e-07,0.17476266666666668,0.512,826,671,1,1
75b27c6c6e52d134a67b971e,VisA,fryum,source_fit,27,tiny_compact,80,5.333333333333333e-05,13.981013333333333,18.944,689,673,6,37
75b27c6c6e52d134a67b971e,VisA,fryum,source_fit,28,tiny_compact,102,6.8e-05,17.825792,19.456,714,683,15,38
75b27c6c6e52d134a67b971e,VisA,fryum,source_fit,29,tiny_compact,113,7.533333333333334e-05,19.748181333333335,22.528,722,683,24,44
75b27c6c6e52d134a67b971e,VisA,fryum,source_fit,30,tiny_compact,14,9.333333333333333e-06,2.446677333333333,2.048,792,708,5,4
75b27c6c6e52d134a67b971e,VisA,fryum,source_fit,31,tiny_compact,6,4e-06,1.048576,1.536,823,710,2,3
75b27c6c6e52d134a67b971e,VisA,fryum,source_fit,32,tiny_compact,10,6.666666666666667e-06,1.7476266666666667,1.536,779,714,4,3
75b27c6c6e52d134a67b971e,VisA,fryum,source_fit,33,tiny_compact,5,3.3333333333333333e-06,0.8738133333333333,1.536,784,716,2,3
75b27c6c6e52d134a67b971e,VisA,fryum,source_fit,34,tiny_compact,14,9.333333333333333e-06,2.446677333333333,2.048,662,719,5,4
75b27c6c6e52d134a67b971e,VisA,fryum,source_fit,35,tiny_compact,2,1.3333333333333334e-06,0.34952533333333335,1.024,672,718,1,2
75b27c6c6e52d134a67b971e,VisA,fryum,source_fit,36,tiny_compact,3,2e-06,0.524288,1.024,675,721,2,2
75b27c6c6e52d134a67b971e,VisA,fryum,source_fit,37,tiny_compact,10,6.666666666666667e-06,1.7476266666666667,2.048,705,720,3,4
75b27c6c6e52d134a67b971e,VisA,fryum,source_fit,38,tiny_compact,4,2.666666666666667e-06,0.6990506666666667,1.024,761,720,3,2
75b27c6c6e52d134a67b971e,VisA,fryum,source_fit,39,tiny_compact,3,2e-06,0.524288,1.024,712,723,3,1
75b27c6c6e52d134a67b971e,VisA,fryum,source_fit,40,tiny_compact,6,4e-06,1.048576,1.536,684,726,2,3
75b27c6c6e52d134a67b971e,VisA,fryum,source_fit,41,tiny_compact,14,9.333333333333333e-06,2.446677333333333,2.048,837,727,4,4
75b27c6c6e52d134a67b971e,VisA,fryum,source_fit,42,tiny_compact,15,1e-05,2.62144,2.048,668,729,5,4
75b27c6c6e52d134a67b971e,VisA,fryum,source_fit,43,tiny_compact,7,4.666666666666666e-06,1.2233386666666666,1.536,835,734,3,3
75b27c6c6e52d134a67b971e,VisA,fryum,source_fit,44,tiny_compact,6,4e-06,1.048576,1.024,635,737,3,2
75b27c6c6e52d134a67b971e,VisA,fryum,source_fit,45,tiny_compact,196,0.00013066666666666665,34.25348266666666,7.68,643,736,20,15
75b27c6c6e52d134a67b971e,VisA,fryum,source_fit,46,tiny_compact,9,6e-06,1.572864,2.048,672,737,3,4
75b27c6c6e52d134a67b971e,VisA,fryum,source_fit,47,tiny_compact,4,2.666666666666667e-06,0.6990506666666667,1.536,838,737,2,3
75b27c6c6e52d134a67b971e,VisA,fryum,source_fit,48,tiny_compact,5,3.3333333333333333e-06,0.8738133333333333,1.536,640,738,2,3
75b27c6c6e52d134a67b971e,VisA,fryum,source_fit,49,tiny_compact,6,4e-06,1.048576,1.3653333333333333,702,741,4,2
75b27c6c6e52d134a67b971e,VisA,fryum,source_fit,50,tiny_compact,2,1.3333333333333334e-06,0.34952533333333335,1.024,623,742,1,2
75b27c6c6e52d134a67b971e,VisA,fryum,source_fit,51,tiny_compact,32,2.1333333333333335e-05,5.592405333333334,4.096,630,742,12,6
75b27c6c6e52d134a67b971e,VisA,fryum,source_fit,52,tiny_compact,4,2.666666666666667e-06,0.6990506666666667,1.536,839,742,2,3
75b27c6c6e52d134a67b971e,VisA,fryum,source_fit,53,tiny_compact,9,6e-06,1.572864,1.536,705,744,3,3
75b27c6c6e52d134a67b971e,VisA,fryum,source_fit,54,tiny_compact,2,1.3333333333333334e-06,0.34952533333333335,1.024,701,748,1,2
75b27c6c6e52d134a67b971e,VisA,fryum,source_fit,55,tiny_compact,9,6e-06,1.572864,2.048,703,751,4,4
75b27c6c6e52d134a67b971e,VisA,fryum,source_fit,56,tiny_compact,8,5.333333333333334e-06,1.3981013333333334,1.7066666666666668,644,752,5,2
75b27c6c6e52d134a67b971e,VisA,fryum,source_fit,57,tiny_compact,2,1.3333333333333334e-06,0.34952533333333335,1.024,698,752,1,2
75b27c6c6e52d134a67b971e,VisA,fryum,source_fit,58,tiny_compact,10,6.666666666666667e-06,1.7476266666666667,1.536,718,752,4,3
75b27c6c6e52d134a67b971e,VisA,fryum,source_fit,59,tiny_compact,31,2.0666666666666666e-05,5.417642666666667,3.584,835,753,7,7
75b27c6c6e52d134a67b971e,VisA,fryum,source_fit,60,tiny_compact,4,2.666666666666667e-06,0.6990506666666667,1.024,806,756,2,2
75b27c6c6e52d134a67b971e,VisA,fryum,source_fit,61,tiny_compact,2,1.3333333333333334e-06,0.34952533333333335,1.024,709,758,1,2
0567f015e56225dc7b608691,VisA,fryum,source_fit,1,tiny_compact,45,3e-05,7.86432,3.072,631,266,9,6
0567f015e56225dc7b608691,VisA,fryum,source_fit,2,tiny_compact,151,0.00010066666666666667,26.389162666666667,8.704,776,332,14,17
0567f015e56225dc7b608691,VisA,fryum,source_fit,3,tiny_compact,1,6.666666666666667e-07,0.17476266666666668,0.512,504,386,1,1
0567f015e56225dc7b608691,VisA,fryum,source_fit,4,tiny_compact,54,3.6e-05,9.437184,5.632,756,395,8,11
0567f015e56225dc7b608691,VisA,fryum,source_fit,5,tiny_compact,132,8.8e-05,23.068672,8.704,859,405,15,17
0567f015e56225dc7b608691,VisA,fryum,source_fit,6,tiny_compact,6,4e-06,1.048576,1.536,903,407,2,3
0567f015e56225dc7b608691,VisA,fryum,source_fit,7,tiny_compact,17,1.1333333333333334e-05,2.9709653333333335,2.048,783,413,5,4
0567f015e56225dc7b608691,VisA,fryum,source_fit,8,tiny_compact,22,1.4666666666666666e-05,3.8447786666666666,3.584,909,416,4,7
0567f015e56225dc7b608691,VisA,fryum,source_fit,9,tiny_compact,94,6.266666666666667e-05,16.427690666666667,6.144,702,427,12,12
0567f015e56225dc7b608691,VisA,fryum,source_fit,10,tiny_compact,39,2.6e-05,6.815744,5.12,846,431,8,10
0567f015e56225dc7b608691,VisA,fryum,source_fit,11,tiny_compact,13,8.666666666666666e-06,2.2719146666666665,2.048,857,456,5,4
0567f015e56225dc7b608691,VisA,fryum,source_fit,12,tiny_compact,101,6.733333333333333e-05,17.651029333333334,20.992,987,480,9,41
0567f015e56225dc7b608691,VisA,fryum,source_fit,13,tiny_compact,96,6.4e-05,16.777216,6.656,812,492,12,13
0567f015e56225dc7b608691,VisA,fryum,source_fit,14,tiny_compact,4,2.666666666666667e-06,0.6990506666666667,1.024,1000,492,2,2
0567f015e56225dc7b608691,VisA,fryum,source_fit,15,larger,1862,0.0012413333333333334,325.40808533333336,24.576,727,512,72,44
0567f015e56225dc7b608691,VisA,fryum,source_fit,16,tiny_compact,19,1.2666666666666667e-05,3.3204906666666667,3.584,985,523,5,7
0567f015e56225dc7b608691,VisA,fryum,source_fit,17,tiny_compact,47,3.1333333333333334e-05,8.213845333333333,5.632,976,557,6,11
0567f015e56225dc7b608691,VisA,fryum,source_fit,18,tiny_compact,62,4.133333333333333e-05,10.835285333333333,4.096,725,564,10,8
0567f015e56225dc7b608691,VisA,fryum,source_fit,19,tiny_compact,30,2e-05,5.24288,3.072,966,590,9,6
0567f015e56225dc7b608691,VisA,fryum,source_fit,20,tiny_compact,24,1.6e-05,4.194304,3.072,594,736,6,6
0567f015e56225dc7b608691,VisA,fryum,source_fit,21,tiny_compact,10,6.666666666666667e-06,1.7476266666666667,1.536,637,760,4,3
d4ec56d92b5bc3454049717e,VisA,fryum,source_fit,1,tiny_compact,493,0.00032866666666666667,86.15799466666667,12.8,560,341,29,25
d4ec56d92b5bc3454049717e,VisA,fryum,source_fit,2,tiny_compact,33,2.2e-05,5.767168,3.072,555,361,7,6
d4ec56d92b5bc3454049717e,VisA,fryum,source_fit,3,tiny_compact,12,8e-06,2.097152,2.56,535,378,3,5
d4ec56d92b5bc3454049717e,VisA,fryum,source_fit,4,tiny_compact,46,3.066666666666667e-05,8.039082666666667,4.608,538,381,8,9
d4ec56d92b5bc3454049717e,VisA,fryum,source_fit,5,tiny_compact,16,1.0666666666666667e-05,2.796202666666667,2.048,548,382,5,4
d4ec56d92b5bc3454049717e,VisA,fryum,source_fit,6,tiny_compact,14,9.333333333333333e-06,2.446677333333333,1.7066666666666668,519,386,5,3
d4ec56d92b5bc3454049717e,VisA,fryum,source_fit,7,tiny_compact,84,5.6e-05,14.680064,5.12,529,390,10,10
d4ec56d92b5bc3454049717e,VisA,fryum,source_fit,8,tiny_compact,4,2.666666666666667e-06,0.6990506666666667,1.024,525,401,2,2
d4ec56d92b5bc3454049717e,VisA,fryum,source_fit,9,tiny_compact,35,2.3333333333333332e-05,6.116693333333333,3.584,552,454,10,7
d4ec56d92b5bc3454049717e,VisA,fryum,source_fit,10,tiny_compact,28,1.8666666666666665e-05,4.893354666666666,4.096,559,461,7,8
d4ec56d92b5bc3454049717e,VisA,fryum,source_fit,11,tiny_compact,110,7.333333333333333e-05,19.223893333333333,12.288,545,467,13,24
d4ec56d92b5bc3454049717e,VisA,fryum,source_fit,12,tiny_compact,10,6.666666666666667e-06,1.7476266666666667,2.048,533,469,3,4
d4ec56d92b5bc3454049717e,VisA,fryum,source_fit,13,tiny_compact,15,1e-05,2.62144,2.048,567,472,5,4
d4ec56d92b5bc3454049717e,VisA,fryum,source_fit,14,tiny_compact,21,1.4e-05,3.670016,4.096,529,487,5,8
d4ec56d92b5bc3454049717e,VisA,fryum,source_fit,15,tiny_compact,42,2.8e-05,7.340032,4.096,590,486,8,8
d4ec56d92b5bc3454049717e,VisA,fryum,source_fit,16,tiny_compact,16,1.0666666666666667e-05,2.796202666666667,2.56,638,489,4,5
d4ec56d92b5bc3454049717e,VisA,fryum,source_fit,17,tiny_compact,60,4e-05,10.48576,4.608,517,497,11,9
d4ec56d92b5bc3454049717e,VisA,fryum,source_fit,18,tiny_compact,31,2.0666666666666666e-05,5.417642666666667,3.072,638,503,7,6
d4ec56d92b5bc3454049717e,VisA,fryum,source_fit,19,tiny_compact,113,7.533333333333334e-05,19.748181333333335,16.042666666666666,600,509,47,13
d4ec56d92b5bc3454049717e,VisA,fryum,source_fit,20,tiny_compact,28,1.8666666666666665e-05,4.893354666666666,2.56,657,516,7,5
d4ec56d92b5bc3454049717e,VisA,fryum,source_fit,21,tiny_compact,22,1.4666666666666666e-05,3.8447786666666666,3.072,479,518,5,6
d4ec56d92b5bc3454049717e,VisA,fryum,source_fit,22,tiny_compact,308,0.00020533333333333333,53.82690133333333,13.824,527,540,18,27
d4ec56d92b5bc3454049717e,VisA,fryum,source_fit,23,tiny_compact,45,3e-05,7.86432,4.608,519,556,8,9
7c4a79c3d182c14dd86bf5e9,VisA,fryum,source_fit,1,tiny_compact,52,3.4666666666666665e-05,9.087658666666666,7.168,651,408,6,14
7c4a79c3d182c14dd86bf5e9,VisA,fryum,source_fit,2,tiny_compact,12,8e-06,2.097152,2.048,777,422,4,4
7c4a79c3d182c14dd86bf5e9,VisA,fryum,source_fit,3,tiny_compact,21,1.4e-05,3.670016,2.56,654,429,5,5
7c4a79c3d182c14dd86bf5e9,VisA,fryum,source_fit,4,tiny_compact,21,1.4e-05,3.670016,2.56,753,432,6,5
7c4a79c3d182c14dd86bf5e9,VisA,fryum,source_fit,5,tiny_compact,18,1.2e-05,3.145728,2.048,794,433,6,4
7c4a79c3d182c14dd86bf5e9,VisA,fryum,source_fit,6,tiny_compact,14,9.333333333333333e-06,2.446677333333333,2.048,745,434,5,4
7c4a79c3d182c14dd86bf5e9,VisA,fryum,source_fit,7,tiny_compact,14,9.333333333333333e-06,2.446677333333333,2.048,656,443,5,4
7c4a79c3d182c14dd86bf5e9,VisA,fryum,source_fit,8,tiny_compact,8,5.333333333333334e-06,1.3981013333333334,2.048,776,445,3,4
7c4a79c3d182c14dd86bf5e9,VisA,fryum,source_fit,9,tiny_compact,133,8.866666666666666e-05,23.243434666666666,7.168,655,449,17,14
7c4a79c3d182c14dd86bf5e9,VisA,fryum,source_fit,10,tiny_compact,81,5.4e-05,14.155776,6.144,734,451,9,12
7c4a79c3d182c14dd86bf5e9,VisA,fryum,source_fit,11,tiny_compact,18,1.2e-05,3.145728,2.048,745,451,6,4
7c4a79c3d182c14dd86bf5e9,VisA,fryum,source_fit,12,tiny_compact,74,4.933333333333333e-05,12.932437333333333,5.12,683,460,14,10
7c4a79c3d182c14dd86bf5e9,VisA,fryum,source_fit,13,tiny_compact,35,2.3333333333333332e-05,6.116693333333333,4.096,671,467,6,8
7c4a79c3d182c14dd86bf5e9,VisA,fryum,source_fit,14,tiny_compact,49,3.266666666666666e-05,8.563370666666666,3.7546666666666666,746,466,11,5
7c4a79c3d182c14dd86bf5e9,VisA,fryum,source_fit,15,tiny_compact,259,0.00017266666666666667,45.26353066666667,10.24,763,481,24,20
7c4a79c3d182c14dd86bf5e9,VisA,fryum,source_fit,16,tiny_compact,29,1.9333333333333333e-05,5.068117333333333,3.584,811,488,10,7
7c4a79c3d182c14dd86bf5e9,VisA,fryum,source_fit,17,tiny_compact,193,0.00012866666666666666,33.729194666666665,9.728,689,492,23,19
7c4a79c3d182c14dd86bf5e9,VisA,fryum,source_fit,18,tiny_compact,15,1e-05,2.62144,1.7066666666666668,826,497,5,3
7c4a79c3d182c14dd86bf5e9,VisA,fryum,source_fit,19,tiny_compact,81,5.4e-05,14.155776,8.704,767,508,12,17
7c4a79c3d182c14dd86bf5e9,VisA,fryum,source_fit,20,tiny_compact,43,2.8666666666666668e-05,7.514794666666667,4.437333333333333,820,512,13,5
7c4a79c3d182c14dd86bf5e9,VisA,fryum,source_fit,21,tiny_compact,23,1.5333333333333334e-05,4.019541333333334,2.3893333333333335,663,516,7,4
7c4a79c3d182c14dd86bf5e9,VisA,fryum,source_fit,22,tiny_compact,208,0.00013866666666666666,36.350634666666664,11.776,798,517,19,23
7c4a79c3d182c14dd86bf5e9,VisA,fryum,source_fit,23,tiny_compact,29,1.9333333333333333e-05,5.068117333333333,4.096,743,527,7,8
7c4a79c3d182c14dd86bf5e9,VisA,fryum,source_fit,24,tiny_compact,27,1.8e-05,4.718592,4.096,788,540,5,8
7c4a79c3d182c14dd86bf5e9,VisA,fryum,source_fit,25,tiny_compact,21,1.4e-05,3.670016,2.56,757,547,6,5
7c4a79c3d182c14dd86bf5e9,VisA,fryum,source_fit,26,tiny_compact,18,1.2e-05,3.145728,2.56,676,551,5,5
7c4a79c3d182c14dd86bf5e9,VisA,fryum,source_fit,27,tiny_compact,29,1.9333333333333333e-05,5.068117333333333,3.072,800,551,8,6
7c4a79c3d182c14dd86bf5e9,VisA,fryum,source_fit,28,tiny_compact,18,1.2e-05,3.145728,2.048,569,555,6,4
7c4a79c3d182c14dd86bf5e9,VisA,fryum,source_fit,29,tiny_compact,42,2.8e-05,7.340032,5.12,785,562,7,10
7c4a79c3d182c14dd86bf5e9,VisA,fryum,source_fit,30,tiny_compact,19,1.2666666666666667e-05,3.3204906666666667,3.072,743,565,4,6
7c4a79c3d182c14dd86bf5e9,VisA,fryum,source_fit,31,tiny_compact,32,2.1333333333333335e-05,5.592405333333334,3.072,755,565,9,6
7c4a79c3d182c14dd86bf5e9,VisA,fryum,source_fit,32,tiny_compact,19,1.2666666666666667e-05,3.3204906666666667,2.56,769,566,5,5
e6b2601125b73e982bd8a6d1,VisA,fryum,source_fit,1,tiny_compact,54,3.6e-05,9.437184,4.096,632,245,10,8
e6b2601125b73e982bd8a6d1,VisA,fryum,source_fit,2,tiny_compact,193,0.00012866666666666666,33.729194666666665,12.288,592,246,36,14
e6b2601125b73e982bd8a6d1,VisA,fryum,source_fit,3,tiny_compact,15,1e-05,2.62144,2.048,693,303,5,4
e6b2601125b73e982bd8a6d1,VisA,fryum,source_fit,4,tiny_compact,2,1.3333333333333334e-06,0.34952533333333335,1.024,1022,545,1,2
e6b2601125b73e982bd8a6d1,VisA,fryum,source_fit,5,tiny_compact,2,1.3333333333333334e-06,0.34952533333333335,0.6826666666666666,991,546,2,1
e6b2601125b73e982bd8a6d1,VisA,fryum,source_fit,6,tiny_compact,5,3.3333333333333333e-06,0.8738133333333333,1.024,1029,548,3,2
e6b2601125b73e982bd8a6d1,VisA,fryum,source_fit,7,tiny_compact,3,2e-06,0.524288,1.024,989,553,3,1
e6b2601125b73e982bd8a6d1,VisA,fryum,source_fit,8,tiny_compact,11,7.333333333333333e-06,1.9223893333333333,2.048,977,556,4,4
e6b2601125b73e982bd8a6d1,VisA,fryum,source_fit,9,tiny_compact,6,4e-06,1.048576,1.536,993,556,2,3
e6b2601125b73e982bd8a6d1,VisA,fryum,source_fit,10,tiny_compact,124,8.266666666666667e-05,21.670570666666666,7.168,1006,558,17,14
e6b2601125b73e982bd8a6d1,VisA,fryum,source_fit,11,tiny_compact,1,6.666666666666667e-07,0.17476266666666668,0.512,970,561,1,1
e6b2601125b73e982bd8a6d1,VisA,fryum,source_fit,12,tiny_compact,15,1e-05,2.62144,3.584,1026,560,7,7
e6b2601125b73e982bd8a6d1,VisA,fryum,source_fit,13,tiny_compact,2,1.3333333333333334e-06,0.34952533333333335,0.6826666666666666,969,564,2,1
e6b2601125b73e982bd8a6d1,VisA,fryum,source_fit,14,tiny_compact,7,4.666666666666666e-06,1.2233386666666666,2.048,984,564,2,4
e6b2601125b73e982bd8a6d1,VisA,fryum,source_fit,15,tiny_compact,13,8.666666666666666e-06,2.2719146666666665,2.048,987,567,6,3
e6b2601125b73e982bd8a6d1,VisA,fryum,source_fit,16,tiny_compact,16,1.0666666666666667e-05,2.796202666666667,2.56,1002,567,6,5
e6b2601125b73e982bd8a6d1,VisA,fryum,source_fit,17,tiny_compact,2,1.3333333333333334e-06,0.34952533333333335,0.6826666666666666,979,570,2,1
e6b2601125b73e982bd8a6d1,VisA,fryum,source_fit,18,tiny_compact,2,1.3333333333333334e-06,0.34952533333333335,0.6826666666666666,995,571,2,1
e6b2601125b73e982bd8a6d1,VisA,fryum,source_fit,19,tiny_compact,3,2e-06,0.524288,1.024,1031,593,2,2
e6b2601125b73e982bd8a6d1,VisA,fryum,source_fit,20,tiny_compact,32,2.1333333333333335e-05,5.592405333333334,4.608,1013,611,6,9
e6b2601125b73e982bd8a6d1,VisA,fryum,source_fit,21,tiny_compact,4,2.666666666666667e-06,0.6990506666666667,1.536,1006,635,2,3
e6b2601125b73e982bd8a6d1,VisA,fryum,source_fit,22,tiny_compact,3,2e-06,0.524288,1.024,980,644,2,2
abccf93ccdf1ddd69aec4953,VisA,fryum,source_fit,1,tiny_compact,8,5.333333333333334e-06,1.3981013333333334,1.536,776,300,3,3
abccf93ccdf1ddd69aec4953,VisA,fryum,source_fit,2,tiny_compact,4,2.666666666666667e-06,0.6990506666666667,1.024,822,309,2,2
abccf93ccdf1ddd69aec4953,VisA,fryum,source_fit,3,tiny_compact,6,4e-06,1.048576,3.072,907,320,1,6
abccf93ccdf1ddd69aec4953,VisA,fryum,source_fit,4,tiny_compact,3,2e-06,0.524288,1.024,779,326,2,2
abccf93ccdf1ddd69aec4953,VisA,fryum,source_fit,5,tiny_compact,3,2e-06,0.524288,1.024,791,326,2,2
abccf93ccdf1ddd69aec4953,VisA,fryum,source_fit,6,tiny_compact,9,6e-06,1.572864,3.072,830,330,3,6
abccf93ccdf1ddd69aec4953,VisA,fryum,source_fit,7,tiny_compact,6,4e-06,1.048576,1.7066666666666668,811,335,5,2
abccf93ccdf1ddd69aec4953,VisA,fryum,source_fit,8,tiny_compact,4,2.666666666666667e-06,0.6990506666666667,1.024,805,337,3,2
abccf93ccdf1ddd69aec4953,VisA,fryum,source_fit,9,tiny_compact,1,6.666666666666667e-07,0.17476266666666668,0.512,836,341,1,1
abccf93ccdf1ddd69aec4953,VisA,fryum,source_fit,10,larger,1737,0.001158,303.562752,29.013333333333332,815,342,85,43
abccf93ccdf1ddd69aec4953,VisA,fryum,source_fit,11,tiny_compact,13,8.666666666666666e-06,2.2719146666666665,2.7306666666666666,813,344,8,3
abccf93ccdf1ddd69aec4953,VisA,fryum,source_fit,12,tiny_compact,13,8.666666666666666e-06,2.2719146666666665,4.608,876,345,4,9
abccf93ccdf1ddd69aec4953,VisA,fryum,source_fit,13,tiny_compact,46,3.066666666666667e-05,8.039082666666667,4.608,881,345,10,9
abccf93ccdf1ddd69aec4953,VisA,fryum,source_fit,14,tiny_compact,9,6e-06,1.572864,1.536,808,347,4,3
abccf93ccdf1ddd69aec4953,VisA,fryum,source_fit,15,tiny_compact,7,4.666666666666666e-06,1.2233386666666666,1.536,858,346,3,3
abccf93ccdf1ddd69aec4953,VisA,fryum,source_fit,16,tiny_compact,5,3.3333333333333333e-06,0.8738133333333333,1.536,870,347,2,3
abccf93ccdf1ddd69aec4953,VisA,fryum,source_fit,17,tiny_compact,4,2.666666666666667e-06,0.6990506666666667,1.024,893,347,2,2
abccf93ccdf1ddd69aec4953,VisA,fryum,source_fit,18,tiny_compact,3,2e-06,0.524288,1.024,862,350,2,2
abccf93ccdf1ddd69aec4953,VisA,fryum,source_fit,19,tiny_compact,3,2e-06,0.524288,1.024,898,358,3,1
abccf93ccdf1ddd69aec4953,VisA,fryum,source_fit,20,tiny_compact,15,1e-05,2.62144,3.072,888,377,4,6
abccf93ccdf1ddd69aec4953,VisA,fryum,source_fit,21,tiny_compact,30,2e-05,5.24288,4.608,893,381,10,9
abccf93ccdf1ddd69aec4953,VisA,fryum,source_fit,22,tiny_compact,6,4e-06,1.048576,1.024,691,394,3,2
abccf93ccdf1ddd69aec4953,VisA,fryum,source_fit,23,tiny_compact,2,1.3333333333333334e-06,0.34952533333333335,0.6826666666666666,688,400,2,1
abccf93ccdf1ddd69aec4953,VisA,fryum,source_fit,24,tiny_compact,1,6.666666666666667e-07,0.17476266666666668,0.512,687,406,1,1
abccf93ccdf1ddd69aec4953,VisA,fryum,source_fit,25,tiny_compact,4,2.666666666666667e-06,0.6990506666666667,1.024,692,412,3,2
abccf93ccdf1ddd69aec4953,VisA,fryum,source_fit,26,tiny_compact,12,8e-06,2.097152,3.584,688,414,4,7
abccf93ccdf1ddd69aec4953,VisA,fryum,source_fit,27,tiny_compact,10,6.666666666666667e-06,1.7476266666666667,2.56,694,417,6,5
abccf93ccdf1ddd69aec4953,VisA,fryum,source_fit,28,tiny_compact,3,2e-06,0.524288,1.024,702,421,2,2
abccf93ccdf1ddd69aec4953,VisA,fryum,source_fit,29,tiny_compact,7,4.666666666666666e-06,1.2233386666666666,2.56,681,425,3,5
abccf93ccdf1ddd69aec4953,VisA,fryum,source_fit,30,tiny_compact,4,2.666666666666667e-06,0.6990506666666667,1.024,687,432,2,2
abccf93ccdf1ddd69aec4953,VisA,fryum,source_fit,31,tiny_compact,6,4e-06,1.048576,1.536,684,438,3,3
abccf93ccdf1ddd69aec4953,VisA,fryum,source_fit,32,tiny_compact,14,9.333333333333333e-06,2.446677333333333,2.048,679,446,4,4
abccf93ccdf1ddd69aec4953,VisA,fryum,source_fit,33,tiny_compact,6,4e-06,1.048576,1.536,693,452,3,3
abccf93ccdf1ddd69aec4953,VisA,fryum,source_fit,34,tiny_compact,3,2e-06,0.524288,1.536,771,472,1,3
abccf93ccdf1ddd69aec4953,VisA,fryum,source_fit,35,tiny_compact,4,2.666666666666667e-06,0.6990506666666667,1.024,769,487,2,2
abccf93ccdf1ddd69aec4953,VisA,fryum,source_fit,36,tiny_compact,54,3.6e-05,9.437184,5.12,746,490,9,10
abccf93ccdf1ddd69aec4953,VisA,fryum,source_fit,37,tiny_compact,6,4e-06,1.048576,1.536,756,490,2,3
abccf93ccdf1ddd69aec4953,VisA,fryum,source_fit,38,tiny_compact,11,7.333333333333333e-06,1.9223893333333333,2.048,714,496,3,4
abccf93ccdf1ddd69aec4953,VisA,fryum,source_fit,39,tiny_compact,12,8e-06,2.097152,2.048,718,497,3,4
abccf93ccdf1ddd69aec4953,VisA,fryum,source_fit,40,tiny_compact,20,1.3333333333333333e-05,3.4952533333333333,4.608,791,498,4,9
abccf93ccdf1ddd69aec4953,VisA,fryum,source_fit,41,tiny_compact,13,8.666666666666666e-06,2.2719146666666665,2.56,803,498,3,5
abccf93ccdf1ddd69aec4953,VisA,fryum,source_fit,42,tiny_compact,32,2.1333333333333335e-05,5.592405333333334,3.072,763,503,9,5
abccf93ccdf1ddd69aec4953,VisA,fryum,source_fit,43,tiny_compact,9,6e-06,1.572864,2.048,783,506,6,3
abccf93ccdf1ddd69aec4953,VisA,fryum,source_fit,44,tiny_compact,44,2.9333333333333333e-05,7.689557333333333,5.12,771,508,7,10
abccf93ccdf1ddd69aec4953,VisA,fryum,source_fit,45,tiny_compact,278,0.00018533333333333333,48.58402133333333,12.288,787,514,16,24
abccf93ccdf1ddd69aec4953,VisA,fryum,source_fit,46,tiny_compact,5,3.3333333333333333e-06,0.8738133333333333,1.024,788,540,3,2
abccf93ccdf1ddd69aec4953,VisA,fryum,source_fit,47,tiny_compact,65,4.3333333333333334e-05,11.359573333333334,5.632,777,551,12,11
abccf93ccdf1ddd69aec4953,VisA,fryum,source_fit,48,tiny_compact,11,7.333333333333333e-06,1.9223893333333333,2.56,774,562,4,5
abccf93ccdf1ddd69aec4953,VisA,fryum,source_fit,49,tiny_compact,7,4.666666666666666e-06,1.2233386666666666,1.536,810,564,3,3
abccf93ccdf1ddd69aec4953,VisA,fryum,source_fit,50,tiny_compact,19,1.2666666666666667e-05,3.3204906666666667,3.072,755,575,6,6
abccf93ccdf1ddd69aec4953,VisA,fryum,source_fit,51,tiny_compact,15,1e-05,2.62144,3.072,783,581,5,6
4fcabf5d56be189db9f6ef7d,VisA,fryum,source_fit,1,tiny_compact,28,1.8666666666666665e-05,4.893354666666666,3.072,813,479,7,6
4fcabf5d56be189db9f6ef7d,VisA,fryum,source_fit,2,tiny_compact,143,9.533333333333334e-05,24.991061333333334,7.168,800,489,16,14
4fcabf5d56be189db9f6ef7d,VisA,fryum,source_fit,3,tiny_compact,80,5.333333333333333e-05,13.981013333333333,5.632,822,492,9,11
4fcabf5d56be189db9f6ef7d,VisA,fryum,source_fit,4,tiny_compact,29,1.9333333333333333e-05,5.068117333333333,3.072,813,530,6,6
4fcabf5d56be189db9f6ef7d,VisA,fryum,source_fit,5,tiny_compact,5,3.3333333333333333e-06,0.8738133333333333,1.536,1136,530,3,3
e7ef16aed3002dad8595e1a8,VisA,fryum,source_fit,1,tiny_compact,181,0.00012066666666666667,31.632042666666667,10.752,804,447,13,21
e7ef16aed3002dad8595e1a8,VisA,fryum,source_fit,2,tiny_compact,44,2.9333333333333333e-05,7.689557333333333,5.12,705,451,8,10
e7ef16aed3002dad8595e1a8,VisA,fryum,source_fit,3,tiny_compact,85,5.6666666666666664e-05,14.854826666666666,11.776,818,455,9,23
e7ef16aed3002dad8595e1a8,VisA,fryum,source_fit,4,tiny_compact,16,1.0666666666666667e-05,2.796202666666667,2.56,704,464,5,5
e7ef16aed3002dad8595e1a8,VisA,fryum,source_fit,5,tiny_compact,24,1.6e-05,4.194304,3.072,832,472,6,6
e7ef16aed3002dad8595e1a8,VisA,fryum,source_fit,6,tiny_compact,28,1.8666666666666665e-05,4.893354666666666,3.072,709,482,8,6
e7ef16aed3002dad8595e1a8,VisA,fryum,source_fit,7,tiny_compact,16,1.0666666666666667e-05,2.796202666666667,3.072,698,494,5,6
e7ef16aed3002dad8595e1a8,VisA,fryum,source_fit,8,tiny_compact,25,1.6666666666666667e-05,4.369066666666667,3.584,693,500,5,7
e7ef16aed3002dad8595e1a8,VisA,fryum,source_fit,9,tiny_compact,15,1e-05,2.62144,2.048,701,506,5,4
e7ef16aed3002dad8595e1a8,VisA,fryum,source_fit,10,tiny_compact,25,1.6666666666666667e-05,4.369066666666667,4.608,801,509,6,9
e7ef16aed3002dad8595e1a8,VisA,fryum,source_fit,11,tiny_compact,141,9.4e-05,24.641536,10.752,732,553,17,21
e7ef16aed3002dad8595e1a8,VisA,fryum,source_fit,12,tiny_compact,27,1.8e-05,4.718592,3.584,753,560,5,7
e7ef16aed3002dad8595e1a8,VisA,fryum,source_fit,13,tiny_compact,13,8.666666666666666e-06,2.2719146666666665,2.56,747,574,5,5
e155f540bc071f756a015d82,VisA,fryum,source_fit,1,tiny_compact,29,1.9333333333333333e-05,5.068117333333333,3.584,819,486,6,7
e155f540bc071f756a015d82,VisA,fryum,source_fit,2,tiny_compact,8,5.333333333333334e-06,1.3981013333333334,1.536,705,498,3,3
e155f540bc071f756a015d82,VisA,fryum,source_fit,3,tiny_compact,6,4e-06,1.048576,1.3653333333333333,710,498,4,2
e155f540bc071f756a015d82,VisA,fryum,source_fit,4,tiny_compact,37,2.4666666666666665e-05,6.466218666666666,3.584,804,500,8,7
e155f540bc071f756a015d82,VisA,fryum,source_fit,5,tiny_compact,159,0.000106,27.787264,7.68,788,506,16,15
e155f540bc071f756a015d82,VisA,fryum,source_fit,6,tiny_compact,7,4.666666666666666e-06,1.2233386666666666,1.536,674,517,3,3
e155f540bc071f756a015d82,VisA,fryum,source_fit,7,tiny_compact,3,2e-06,0.524288,1.024,661,518,2,2
e155f540bc071f756a015d82,VisA,fryum,source_fit,8,tiny_compact,928,0.0006186666666666667,162.17975466666667,18.944,741,518,44,37
e155f540bc071f756a015d82,VisA,fryum,source_fit,9,tiny_compact,7,4.666666666666666e-06,1.2233386666666666,1.536,818,519,3,3
e155f540bc071f756a015d82,VisA,fryum,source_fit,10,tiny_compact,17,1.1333333333333334e-05,2.9709653333333335,2.56,807,520,7,5
e155f540bc071f756a015d82,VisA,fryum,source_fit,11,tiny_compact,138,9.2e-05,24.117248,8.704,640,523,14,17
e155f540bc071f756a015d82,VisA,fryum,source_fit,12,tiny_compact,4,2.666666666666667e-06,0.6990506666666667,1.024,658,523,2,2
e155f540bc071f756a015d82,VisA,fryum,source_fit,13,tiny_compact,14,9.333333333333333e-06,2.446677333333333,2.048,803,525,4,4
e155f540bc071f756a015d82,VisA,fryum,source_fit,14,tiny_compact,26,1.7333333333333332e-05,4.543829333333333,3.584,659,527,5,7
e155f540bc071f756a015d82,VisA,fryum,source_fit,15,tiny_compact,72,4.8e-05,12.582912,5.461333333333333,786,531,16,9
e155f540bc071f756a015d82,VisA,fryum,source_fit,16,tiny_compact,28,1.8666666666666665e-05,4.893354666666666,3.072,782,538,6,6
e155f540bc071f756a015d82,VisA,fryum,source_fit,17,tiny_compact,15,1e-05,2.62144,2.048,748,547,4,4
e155f540bc071f756a015d82,VisA,fryum,source_fit,18,tiny_compact,22,1.4666666666666666e-05,3.8447786666666666,3.072,652,549,5,6
e155f540bc071f756a015d82,VisA,fryum,source_fit,19,tiny_compact,12,8e-06,2.097152,1.7066666666666668,838,550,5,3
e155f540bc071f756a015d82,VisA,fryum,source_fit,20,tiny_compact,13,8.666666666666666e-06,2.2719146666666665,2.56,746,555,3,5
e155f540bc071f756a015d82,VisA,fryum,source_fit,21,tiny_compact,7,4.666666666666666e-06,1.2233386666666666,1.3653333333333333,839,555,4,2
e155f540bc071f756a015d82,VisA,fryum,source_fit,22,tiny_compact,14,9.333333333333333e-06,2.446677333333333,2.56,677,556,4,5
e155f540bc071f756a015d82,VisA,fryum,source_fit,23,tiny_compact,9,6e-06,1.572864,1.536,684,557,3,3
e155f540bc071f756a015d82,VisA,fryum,source_fit,24,tiny_compact,8,5.333333333333334e-06,1.3981013333333334,2.048,725,563,3,4
e155f540bc071f756a015d82,VisA,fryum,source_fit,25,tiny_compact,10,6.666666666666667e-06,1.7476266666666667,2.048,799,565,3,4
e155f540bc071f756a015d82,VisA,fryum,source_fit,26,tiny_compact,22,1.4666666666666666e-05,3.8447786666666666,3.072,826,566,6,6
e155f540bc071f756a015d82,VisA,fryum,source_fit,27,tiny_compact,11,7.333333333333333e-06,1.9223893333333333,2.048,718,571,3,4
e155f540bc071f756a015d82,VisA,fryum,source_fit,28,tiny_compact,12,8e-06,2.097152,2.048,820,571,4,4
e155f540bc071f756a015d82,VisA,fryum,source_fit,29,tiny_compact,9,6e-06,1.572864,2.048,744,574,3,4
e155f540bc071f756a015d82,VisA,fryum,source_fit,30,tiny_compact,16,1.0666666666666667e-05,2.796202666666667,2.048,804,574,5,4
e155f540bc071f756a015d82,VisA,fryum,source_fit,31,tiny_compact,245,0.00016333333333333334,42.816853333333334,9.728,793,578,25,19
e155f540bc071f756a015d82,VisA,fryum,source_fit,32,tiny_compact,5,3.3333333333333333e-06,0.8738133333333333,1.536,811,578,2,3
e155f540bc071f756a015d82,VisA,fryum,source_fit,33,tiny_compact,6,4e-06,1.048576,1.024,718,581,3,2
e155f540bc071f756a015d82,VisA,fryum,source_fit,34,tiny_compact,14,9.333333333333333e-06,2.446677333333333,2.048,726,582,4,4
e155f540bc071f756a015d82,VisA,fryum,source_fit,35,tiny_compact,39,2.6e-05,6.815744,3.584,781,585,7,7
e155f540bc071f756a015d82,VisA,fryum,source_fit,36,tiny_compact,26,1.7333333333333332e-05,4.543829333333333,3.072,775,599,6,6
e155f540bc071f756a015d82,VisA,fryum,source_fit,37,tiny_compact,12,8e-06,2.097152,2.048,775,607,3,4
e155f540bc071f756a015d82,VisA,fryum,source_fit,38,tiny_compact,21,1.4e-05,3.670016,2.56,754,634,5,5
b02417ed927c24517ea53019,VisA,fryum,source_fit,1,tiny_compact,435,0.00029,76.02176,25.258666666666667,478,568,74,36
5d5db8e43375cbdd66727f4c,VisA,fryum,source_fit,1,tiny_compact,584,0.00038933333333333333,102.06139733333333,20.82133333333333,504,592,61,40
c09fe3ad04c8af091445e1e8,VisA,fryum,source_fit,1,tiny_compact,65,4.3333333333333334e-05,11.359573333333334,8.533333333333333,668,230,25,8
c09fe3ad04c8af091445e1e8,VisA,fryum,source_fit,2,tiny_compact,115,7.666666666666667e-05,20.097706666666667,9.216,692,230,27,8
c09fe3ad04c8af091445e1e8,VisA,fryum,source_fit,3,tiny_compact,138,9.2e-05,24.117248,17.408,722,230,25,34
c09fe3ad04c8af091445e1e8,VisA,fryum,source_fit,4,tiny_compact,400,0.0002666666666666667,69.90506666666667,18.432,708,267,35,36
c09fe3ad04c8af091445e1e8,VisA,fryum,source_fit,5,tiny_compact,73,4.8666666666666666e-05,12.757674666666666,7.68,737,270,13,15
be287c3d130dbab9e49c5e01,VisA,fryum,source_fit,1,tiny_compact,83,5.5333333333333334e-05,14.505301333333334,11.776,604,322,7,23
be287c3d130dbab9e49c5e01,VisA,fryum,source_fit,2,tiny_compact,92,6.133333333333334e-05,16.078165333333335,7.850666666666666,629,364,23,15
be287c3d130dbab9e49c5e01,VisA,fryum,source_fit,3,tiny_compact,124,8.266666666666667e-05,21.670570666666666,14.848,682,364,13,29
be287c3d130dbab9e49c5e01,VisA,fryum,source_fit,4,tiny_compact,530,0.0003533333333333333,92.62421333333333,19.456,643,375,43,38
be287c3d130dbab9e49c5e01,VisA,fryum,source_fit,5,tiny_compact,140,9.333333333333333e-05,24.466773333333332,11.776,696,398,21,23
be287c3d130dbab9e49c5e01,VisA,fryum,source_fit,6,tiny_compact,109,7.266666666666667e-05,19.049130666666667,13.824,677,411,15,27
be287c3d130dbab9e49c5e01,VisA,fryum,source_fit,7,tiny_compact,334,0.00022266666666666667,58.37073066666667,13.312,622,490,25,26
be287c3d130dbab9e49c5e01,VisA,fryum,source_fit,8,tiny_compact,118,7.866666666666666e-05,20.621994666666666,8.704,507,495,12,17
be287c3d130dbab9e49c5e01,VisA,fryum,source_fit,9,tiny_compact,293,0.00019533333333333333,51.20546133333333,26.624,578,499,17,52
be287c3d130dbab9e49c5e01,VisA,fryum,source_fit,10,thin_or_extended_small_area,769,0.0005126666666666667,134.39249066666667,49.664,472,505,18,97
be287c3d130dbab9e49c5e01,VisA,fryum,source_fit,11,tiny_compact,531,0.000354,92.798976,14.848,593,522,39,29
be287c3d130dbab9e49c5e01,VisA,fryum,source_fit,12,tiny_compact,251,0.00016733333333333333,43.86542933333333,11.776,706,522,27,23
be287c3d130dbab9e49c5e01,VisA,fryum,source_fit,13,tiny_compact,12,8e-06,2.097152,3.072,732,546,9,3
be287c3d130dbab9e49c5e01,VisA,fryum,source_fit,14,tiny_compact,30,2e-05,5.24288,3.072,600,554,8,6
be287c3d130dbab9e49c5e01,VisA,fryum,source_fit,15,tiny_compact,49,3.266666666666666e-05,8.563370666666666,5.802666666666667,511,602,17,10
d45d40f0cfe3ec168b544349,VisA,fryum,source_fit,1,tiny_compact,1,6.666666666666667e-07,0.17476266666666668,0.512,1100,507,1,1
d45d40f0cfe3ec168b544349,VisA,fryum,source_fit,2,tiny_compact,246,0.000164,42.991616,9.216,895,562,27,16
d45d40f0cfe3ec168b544349,VisA,fryum,source_fit,3,tiny_compact,558,0.000372,97.517568,15.872,780,628,36,31
d45d40f0cfe3ec168b544349,VisA,fryum,source_fit,4,tiny_compact,218,0.00014533333333333333,38.09826133333333,16.896,764,642,15,33
2b0ddfa999dd7cd84c31ef1b,VisA,fryum,source_fit,1,tiny_compact,419,0.0002793333333333333,73.22555733333333,20.48,1023,445,26,40
2b0ddfa999dd7cd84c31ef1b,VisA,fryum,source_fit,2,tiny_compact,69,4.6e-05,12.058624,7.68,1049,450,11,15
2b0ddfa999dd7cd84c31ef1b,VisA,fryum,source_fit,3,tiny_compact,6,4e-06,1.048576,1.536,1022,455,2,3
2b0ddfa999dd7cd84c31ef1b,VisA,fryum,source_fit,4,tiny_compact,10,6.666666666666667e-06,1.7476266666666667,2.048,1047,457,4,4
2b0ddfa999dd7cd84c31ef1b,VisA,fryum,source_fit,5,tiny_compact,81,5.4e-05,14.155776,8.704,1038,475,17,17
2b0ddfa999dd7cd84c31ef1b,VisA,fryum,source_fit,6,tiny_compact,8,5.333333333333334e-06,1.3981013333333334,2.048,1038,477,6,3
2b0ddfa999dd7cd84c31ef1b,VisA,fryum,source_fit,7,tiny_compact,91,6.0666666666666666e-05,15.903402666666667,13.824,1039,485,16,27
2b0ddfa999dd7cd84c31ef1b,VisA,fryum,source_fit,8,tiny_compact,6,4e-06,1.048576,2.048,1030,486,3,4
2b0ddfa999dd7cd84c31ef1b,VisA,fryum,source_fit,9,tiny_compact,234,0.000156,40.894464,14.336,970,549,27,28
2b0ddfa999dd7cd84c31ef1b,VisA,fryum,source_fit,10,tiny_compact,8,5.333333333333334e-06,1.3981013333333334,1.536,1022,550,4,3
2b0ddfa999dd7cd84c31ef1b,VisA,fryum,source_fit,11,tiny_compact,243,0.000162,42.467328,10.24,940,555,25,20
2b0ddfa999dd7cd84c31ef1b,VisA,fryum,source_fit,12,tiny_compact,176,0.00011733333333333333,30.758229333333333,11.776,1003,554,20,23
2b0ddfa999dd7cd84c31ef1b,VisA,fryum,source_fit,13,tiny_compact,5,3.3333333333333333e-06,0.8738133333333333,1.024,967,567,3,2
2b0ddfa999dd7cd84c31ef1b,VisA,fryum,source_fit,14,tiny_compact,11,7.333333333333333e-06,1.9223893333333333,1.536,926,570,4,3
2b0ddfa999dd7cd84c31ef1b,VisA,fryum,source_fit,15,tiny_compact,6,4e-06,1.048576,1.536,953,571,3,3
2b0ddfa999dd7cd84c31ef1b,VisA,fryum,source_fit,16,tiny_compact,13,8.666666666666666e-06,2.2719146666666665,3.584,959,571,6,7
2b0ddfa999dd7cd84c31ef1b,VisA,fryum,source_fit,17,tiny_compact,381,0.000254,66.584576,18.432,1024,570,34,36
2b0ddfa999dd7cd84c31ef1b,VisA,fryum,source_fit,18,tiny_compact,3,2e-06,0.524288,1.024,935,573,2,2
2b0ddfa999dd7cd84c31ef1b,VisA,fryum,source_fit,19,tiny_compact,32,2.1333333333333335e-05,5.592405333333334,5.632,1031,572,11,11
2b0ddfa999dd7cd84c31ef1b,VisA,fryum,source_fit,20,tiny_compact,7,4.666666666666666e-06,1.2233386666666666,1.536,963,581,3,3
2b0ddfa999dd7cd84c31ef1b,VisA,fryum,source_fit,21,tiny_compact,9,6e-06,1.572864,2.56,1024,585,4,5
2b0ddfa999dd7cd84c31ef1b,VisA,fryum,source_fit,22,tiny_compact,121,8.066666666666667e-05,21.146282666666668,12.8,1051,595,12,25
2b0ddfa999dd7cd84c31ef1b,VisA,fryum,source_fit,23,tiny_compact,1,6.666666666666667e-07,0.17476266666666668,0.512,1034,605,1,1
2b0ddfa999dd7cd84c31ef1b,VisA,fryum,source_fit,24,tiny_compact,13,8.666666666666666e-06,2.2719146666666665,3.072,1027,607,7,6
2b0ddfa999dd7cd84c31ef1b,VisA,fryum,source_fit,25,tiny_compact,1,6.666666666666667e-07,0.17476266666666668,0.512,1025,613,1,1
2b0ddfa999dd7cd84c31ef1b,VisA,fryum,source_fit,26,tiny_compact,45,3e-05,7.86432,9.728,1035,639,11,19
2b0ddfa999dd7cd84c31ef1b,VisA,fryum,source_fit,27,tiny_compact,10,6.666666666666667e-06,1.7476266666666667,3.072,1027,650,4,6
2b0ddfa999dd7cd84c31ef1b,VisA,fryum,source_fit,28,tiny_compact,48,3.2e-05,8.388608,9.216,1026,661,9,18
2b0ddfa999dd7cd84c31ef1b,VisA,fryum,source_fit,29,tiny_compact,4,2.666666666666667e-06,0.6990506666666667,1.024,1028,663,2,2
e13aaf7261b73fb3560ccb8a,VisA,fryum,source_fit,1,tiny_compact,39,2.6e-05,6.815744,5.632,724,758,7,11
e13aaf7261b73fb3560ccb8a,VisA,fryum,source_fit,2,tiny_compact,134,8.933333333333333e-05,23.41819733333333,7.68,755,761,16,15
44b07ba50ec832f94c291ff2,VisA,fryum,source_fit,1,tiny_compact,4,2.666666666666667e-06,0.6990506666666667,1.024,509,466,3,2
44b07ba50ec832f94c291ff2,VisA,fryum,source_fit,2,tiny_compact,14,9.333333333333333e-06,2.446677333333333,3.584,497,473,4,7
44b07ba50ec832f94c291ff2,VisA,fryum,source_fit,3,tiny_compact,21,1.4e-05,3.670016,3.584,461,578,5,7
44b07ba50ec832f94c291ff2,VisA,fryum,source_fit,4,tiny_compact,36,2.4e-05,6.291456,3.584,481,589,8,7
44b07ba50ec832f94c291ff2,VisA,fryum,source_fit,5,tiny_compact,109,7.266666666666667e-05,19.049130666666667,9.216,664,596,12,18
44b07ba50ec832f94c291ff2,VisA,fryum,source_fit,6,tiny_compact,58,3.866666666666667e-05,10.136234666666667,6.656,655,599,7,13
44b07ba50ec832f94c291ff2,VisA,fryum,source_fit,7,tiny_compact,36,2.4e-05,6.291456,4.096,494,603,6,8
44b07ba50ec832f94c291ff2,VisA,fryum,source_fit,8,tiny_compact,12,8e-06,2.097152,1.7066666666666668,485,604,5,3
44b07ba50ec832f94c291ff2,VisA,fryum,source_fit,9,tiny_compact,156,0.000104,27.262976,9.216,482,619,25,18
44b07ba50ec832f94c291ff2,VisA,fryum,source_fit,10,tiny_compact,18,1.2e-05,3.145728,2.56,644,629,5,5
44b07ba50ec832f94c291ff2,VisA,fryum,source_fit,11,tiny_compact,10,6.666666666666667e-06,1.7476266666666667,2.048,600,685,3,4
46c4a50ff056ee2902a26b38,VisA,fryum,source_fit,1,tiny_compact,123,8.2e-05,21.495808,6.485333333333333,488,427,19,12
46c4a50ff056ee2902a26b38,VisA,fryum,source_fit,2,tiny_compact,255,0.00017,44.56448,16.72533333333333,510,440,49,14
46c4a50ff056ee2902a26b38,VisA,fryum,source_fit,3,tiny_compact,36,2.4e-05,6.291456,5.12,482,453,8,10
46c4a50ff056ee2902a26b38,VisA,fryum,source_fit,4,tiny_compact,32,2.1333333333333335e-05,5.592405333333334,4.096,447,475,6,8
46c4a50ff056ee2902a26b38,VisA,fryum,source_fit,5,tiny_compact,42,2.8e-05,7.340032,5.12,452,497,5,10
46c4a50ff056ee2902a26b38,VisA,fryum,source_fit,6,tiny_compact,111,7.4e-05,19.398656,11.776,479,510,23,23
46c4a50ff056ee2902a26b38,VisA,fryum,source_fit,7,tiny_compact,17,1.1333333333333334e-05,2.9709653333333335,3.072,472,513,6,6
46c4a50ff056ee2902a26b38,VisA,fryum,source_fit,8,tiny_compact,20,1.3333333333333333e-05,3.4952533333333333,3.072,490,532,6,6
46c4a50ff056ee2902a26b38,VisA,fryum,source_fit,9,tiny_compact,22,1.4666666666666666e-05,3.8447786666666666,3.072,495,542,7,6
46c4a50ff056ee2902a26b38,VisA,fryum,source_fit,10,tiny_compact,40,2.6666666666666667e-05,6.990506666666667,4.096,492,548,11,8
46c4a50ff056ee2902a26b38,VisA,fryum,source_fit,11,tiny_compact,95,6.333333333333333e-05,16.602453333333333,10.922666666666666,466,562,32,8
46c4a50ff056ee2902a26b38,VisA,fryum,source_fit,12,larger,1871,0.0012473333333333334,326.98094933333334,35.84,584,635,73,70
6a83f42612ccc8d8c1801a32,VisA,fryum,source_fit,1,tiny_compact,126,8.4e-05,22.020096,9.216,488,343,18,18
6a83f42612ccc8d8c1801a32,VisA,fryum,source_fit,2,tiny_compact,26,1.7333333333333332e-05,4.543829333333333,3.584,481,344,7,7
6a83f42612ccc8d8c1801a32,VisA,fryum,source_fit,3,tiny_compact,20,1.3333333333333333e-05,3.4952533333333333,2.56,478,357,5,5
6a83f42612ccc8d8c1801a32,VisA,fryum,source_fit,4,tiny_compact,54,3.6e-05,9.437184,4.608,470,373,13,9
6a83f42612ccc8d8c1801a32,VisA,fryum,source_fit,5,tiny_compact,22,1.4666666666666666e-05,3.8447786666666666,2.56,487,372,6,5
6a83f42612ccc8d8c1801a32,VisA,fryum,source_fit,6,tiny_compact,20,1.3333333333333333e-05,3.4952533333333333,3.584,466,375,4,7
6a83f42612ccc8d8c1801a32,VisA,fryum,source_fit,7,tiny_compact,43,2.8666666666666668e-05,7.514794666666667,4.096,484,379,9,8
6a83f42612ccc8d8c1801a32,VisA,fryum,source_fit,8,tiny_compact,65,4.3333333333333334e-05,11.359573333333334,5.12,481,393,11,10
6a83f42612ccc8d8c1801a32,VisA,fryum,source_fit,9,tiny_compact,9,6e-06,1.572864,2.56,470,398,3,5
6a83f42612ccc8d8c1801a32,VisA,fryum,source_fit,10,tiny_compact,18,1.2e-05,3.145728,3.072,457,400,5,6
6a83f42612ccc8d8c1801a32,VisA,fryum,source_fit,11,tiny_compact,40,2.6666666666666667e-05,6.990506666666667,4.096,468,405,6,8
6a83f42612ccc8d8c1801a32,VisA,fryum,source_fit,12,tiny_compact,85,5.6666666666666664e-05,14.854826666666666,7.168,457,417,14,14
6a83f42612ccc8d8c1801a32,VisA,fryum,source_fit,13,tiny_compact,13,8.666666666666666e-06,2.2719146666666665,3.072,457,446,3,6
259c3149bfd2e3b96010f6bd,VisA,macaroni1,source_fit,1,tiny_compact,1020,0.00068,178.25792,18.432,873,563,49,36
51085c0dde6572394f925b75,VisA,macaroni1,source_fit,1,tiny_compact,765,0.00051,133.69344,16.384,359,566,38,32
9be5a91d9e1c43972f2cbb9f,VisA,macaroni1,source_fit,1,thin_or_extended_small_area,1473,0.000982,257.425408,32.768,353,164,39,64
8c2143fdd3b3980b2d19b468,VisA,macaroni1,source_fit,1,tiny_compact,518,0.00034533333333333334,90.52706133333334,14.848,1104,587,41,29
2345d287749147fc1d326ea3,VisA,macaroni1,source_fit,1,tiny_compact,303,0.000202,52.953088,12.8,1153,162,22,25
251140b68bcbff57a5e06fec,VisA,macaroni1,source_fit,1,tiny_compact,663,0.000442,115.867648,22.016,879,585,33,43
0f35d2c299de03a383e80afe,VisA,macaroni1,source_fit,1,tiny_compact,1259,0.0008393333333333333,220.02619733333333,27.648,354,284,36,54
0f35d2c299de03a383e80afe,VisA,macaroni1,source_fit,2,tiny_compact,115,7.666666666666667e-05,20.097706666666667,11.776,365,339,9,23
0f35d2c299de03a383e80afe,VisA,macaroni1,source_fit,3,tiny_compact,11,7.333333333333333e-06,1.9223893333333333,2.048,376,351,3,4
10d3e03993e06518157e65fc,VisA,macaroni1,source_fit,1,larger,4260,0.00284,744.48896,32.256,327,602,93,63
78f5e80e155e6e49e3262332,VisA,macaroni1,source_fit,1,tiny_compact,748,0.0004986666666666667,130.72247466666667,18.944,421,167,37,37
53eca411b8cb199d728dcd82,VisA,macaroni1,source_fit,1,tiny_compact,321,0.000214,56.098816,11.946666666666667,647,598,35,17
53eca411b8cb199d728dcd82,VisA,macaroni1,source_fit,2,larger,2990,0.0019933333333333335,522.5403733333334,45.056,576,633,69,88
53eca411b8cb199d728dcd82,VisA,macaroni1,source_fit,3,tiny_compact,68,4.5333333333333335e-05,11.883861333333334,6.144,637,634,10,12
41931e192be7cce3b45b2940,VisA,macaroni1,source_fit,1,larger,3514,0.0023426666666666665,614.1160106666666,35.84,846,629,81,70
6cc0a6b7e23183b3cb8e719c,VisA,macaroni1,source_fit,1,tiny_compact,786,0.000524,137.363456,16.896,402,577,41,33
6cc0a6b7e23183b3cb8e719c,VisA,macaroni1,source_fit,2,tiny_compact,456,0.000304,79.691776,15.36,642,592,36,30
6a6f17ea1be5882b16aed7f7,VisA,macaroni1,source_fit,1,larger,2344,0.0015626666666666666,409.64369066666666,29.184,385,604,70,57
29e7714a876f73909eaf12fb,VisA,macaroni1,source_fit,1,larger,7184,0.004789333333333333,1255.4949973333332,55.808,1068,578,157,109
1da88bfbc807996365e990b0,VisA,macaroni1,source_fit,1,larger,2041,0.0013606666666666667,356.6906026666667,24.576,1098,194,70,48
13295077e692b776977e90f1,VisA,macaroni1,source_fit,1,tiny_compact,806,0.0005373333333333333,140.85870933333334,22.016,384,188,39,43
13295077e692b776977e90f1,VisA,macaroni1,source_fit,2,tiny_compact,40,2.6666666666666667e-05,6.990506666666667,5.12,426,201,6,10
13295077e692b776977e90f1,VisA,macaroni1,source_fit,3,tiny_compact,42,2.8e-05,7.340032,7.68,423,219,5,15
ba6523958ae850d02b5b3d0a,VisA,macaroni1,source_fit,1,tiny_compact,1157,0.0007713333333333333,202.20040533333332,19.968,365,226,53,39
c421503b61809f1136f3a315,VisA,macaroni1,source_fit,1,tiny_compact,1127,0.0007513333333333333,196.95752533333334,17.92,390,195,51,35
271f58cf3f9e2c3f6c6cb1d5,VisA,macaroni1,source_fit,1,larger,4766,0.0031773333333333332,832.9188693333333,40.96,861,618,96,80
9f508efba2b34d78c14ebf4b,VisA,macaroni1,source_fit,1,tiny_compact,75,5e-05,13.1072,7.168,883,218,10,14
9f508efba2b34d78c14ebf4b,VisA,macaroni1,source_fit,2,tiny_compact,380,0.00025333333333333333,66.40981333333333,19.456,882,234,17,38
25f3f4cadc2dde03d0bacab4,VisA,macaroni1,source_fit,1,larger,2139,0.001426,373.817344,57.856,1163,586,45,113
e92a3be4f89c01fdecf3c13f,VisA,macaroni1,source_fit,1,tiny_compact,1131,0.000754,197.656576,31.232,420,157,38,61
e92a3be4f89c01fdecf3c13f,VisA,macaroni1,source_fit,2,tiny_compact,9,6e-06,1.572864,1.536,580,391,3,3
95d4e2804290b11c11db41b7,VisA,macaroni1,source_fit,1,thin_or_extended_small_area,661,0.0004406666666666667,115.51812266666667,77.824,415,614,47,152
654501aee741251968ca0c14,VisA,macaroni1,source_fit,1,tiny_compact,305,0.00020333333333333333,53.30261333333333,12.8,410,268,18,25
df88bf7e9bb033178fb41335,VisA,macaroni1,source_fit,1,tiny_compact,471,0.000314,82.313216,13.312,1013,265,25,26
623e70869370a4627f59c678,VisA,macaroni1,source_fit,1,tiny_compact,500,0.0003333333333333333,87.38133333333333,11.605333333333334,1054,346,34,21
584c4d4b937541e3e8fc4467,VisA,macaroni1,source_fit,1,tiny_compact,309,0.000206,54.001664,10.24,439,681,28,20
067ddfed88952e43c12bc42a,VisA,macaroni1,source_fit,1,tiny_compact,487,0.0003246666666666667,85.10941866666667,14.336,554,345,26,28
067ddfed88952e43c12bc42a,VisA,macaroni1,source_fit,2,tiny_compact,303,0.000202,52.953088,12.288,1120,627,17,24
bd48310a6a7abe1c8bc80fba,VisA,macaroni1,source_fit,1,tiny_compact,180,0.00012,31.45728,7.68,1092,335,18,15
bd48310a6a7abe1c8bc80fba,VisA,macaroni1,source_fit,2,tiny_compact,192,0.000128,33.554432,8.704,945,624,18,17
ff8d68cda19e242035f7a986,VisA,macaroni1,source_fit,1,tiny_compact,393,0.000262,68.681728,10.752,993,335,24,21
c8551eaef4dfb2c931d4c605,VisA,macaroni1,source_fit,1,tiny_compact,296,0.00019733333333333332,51.72974933333333,10.752,1146,668,25,21
d96aae817b19c7a8723b8caf,VisA,macaroni1,source_fit,1,tiny_compact,390,0.00026,68.15744,14.336,495,334,21,28
d96aae817b19c7a8723b8caf,VisA,macaroni1,source_fit,2,tiny_compact,186,0.000124,32.505856,10.752,950,669,17,21
969ed4892a21b13adc0de64a,VisA,macaroni1,source_fit,1,tiny_compact,299,0.00019933333333333334,52.254037333333336,9.728,580,643,23,19
ebd7680b63278eca4ab27673,VisA,macaroni1,source_fit,1,tiny_compact,418,0.00027866666666666665,73.05079466666666,13.312,474,700,25,26
e1f6891848736d49bcf75c60,VisA,macaroni1,source_fit,1,tiny_compact,224,0.00014933333333333332,39.14683733333333,10.752,923,712,20,21
fc302ffa90bc1fac6118d74c,VisA,macaroni1,source_fit,1,tiny_compact,10,6.666666666666667e-06,1.7476266666666667,2.048,1089,363,4,4
fc302ffa90bc1fac6118d74c,VisA,macaroni1,source_fit,2,tiny_compact,201,0.000134,35.127296,7.168,1090,365,21,14
e5babd47840b5fb47ed26fc9,VisA,macaroni1,source_fit,1,tiny_compact,20,1.3333333333333333e-05,3.4952533333333333,4.096,495,244,4,8
e5babd47840b5fb47ed26fc9,VisA,macaroni1,source_fit,2,tiny_compact,178,0.00011866666666666667,31.10775466666667,8.704,919,266,16,17
e5babd47840b5fb47ed26fc9,VisA,macaroni1,source_fit,3,tiny_compact,22,1.4666666666666666e-05,3.8447786666666666,3.4133333333333336,551,295,10,3
e5babd47840b5fb47ed26fc9,VisA,macaroni1,source_fit,4,tiny_compact,387,0.000258,67.633152,11.605333333333334,517,315,34,19
985d85bec4b4efa1c7c68607,VisA,macaroni1,source_fit,1,tiny_compact,531,0.000354,92.798976,12.288,497,704,36,19
78285238f65b7c9fa932013a,VisA,macaroni1,source_fit,1,thin_or_extended_small_area,1154,0.0007693333333333333,201.67611733333334,32.256,988,727,47,63
78285238f65b7c9fa932013a,VisA,macaroni1,source_fit,2,tiny_compact,37,2.4666666666666665e-05,6.466218666666666,7.168,1035,747,10,14
78285238f65b7c9fa932013a,VisA,macaroni1,source_fit,3,tiny_compact,2,1.3333333333333334e-06,0.34952533333333335,1.024,1025,764,1,2
78285238f65b7c9fa932013a,VisA,macaroni1,source_fit,4,tiny_compact,9,6e-06,1.572864,3.072,1042,768,4,6
78285238f65b7c9fa932013a,VisA,macaroni1,source_fit,5,tiny_compact,46,3.066666666666667e-05,8.039082666666667,4.096,1043,775,12,8
78285238f65b7c9fa932013a,VisA,macaroni1,source_fit,6,tiny_compact,2,1.3333333333333334e-06,0.34952533333333335,1.024,1011,776,1,2
78285238f65b7c9fa932013a,VisA,macaroni1,source_fit,7,tiny_compact,3,2e-06,0.524288,1.024,1008,779,2,2
78285238f65b7c9fa932013a,VisA,macaroni1,source_fit,8,tiny_compact,14,9.333333333333333e-06,2.446677333333333,5.12,1011,781,3,10
78285238f65b7c9fa932013a,VisA,macaroni1,source_fit,9,tiny_compact,2,1.3333333333333334e-06,0.34952533333333335,1.024,1041,780,1,2
78285238f65b7c9fa932013a,VisA,macaroni1,source_fit,10,tiny_compact,4,2.666666666666667e-06,0.6990506666666667,1.024,1003,784,2,2
78285238f65b7c9fa932013a,VisA,macaroni1,source_fit,11,tiny_compact,6,4e-06,1.048576,1.3653333333333333,1031,784,4,2
78285238f65b7c9fa932013a,VisA,macaroni1,source_fit,12,tiny_compact,15,1e-05,2.62144,2.048,1027,789,5,4
78285238f65b7c9fa932013a,VisA,macaroni1,source_fit,13,tiny_compact,1,6.666666666666667e-07,0.17476266666666668,0.512,1042,789,1,1
78285238f65b7c9fa932013a,VisA,macaroni1,source_fit,14,tiny_compact,2,1.3333333333333334e-06,0.34952533333333335,1.024,1014,792,1,2
98b83d9bb42ef3e610d8f55c,VisA,macaroni1,source_fit,1,tiny_compact,677,0.0004513333333333333,118.31432533333333,31.232,465,347,34,61
98b83d9bb42ef3e610d8f55c,VisA,macaroni1,source_fit,2,tiny_compact,35,2.3333333333333332e-05,6.116693333333333,5.632,457,351,6,11
98b83d9bb42ef3e610d8f55c,VisA,macaroni1,source_fit,3,tiny_compact,108,7.2e-05,18.874368,19.456,441,353,18,38
98b83d9bb42ef3e610d8f55c,VisA,macaroni1,source_fit,4,tiny_compact,68,4.5333333333333335e-05,11.883861333333334,17.408,458,364,14,34
98b83d9bb42ef3e610d8f55c,VisA,macaroni1,source_fit,5,tiny_compact,15,1e-05,2.62144,2.048,430,369,4,4
98b83d9bb42ef3e610d8f55c,VisA,macaroni1,source_fit,6,tiny_compact,44,2.9333333333333333e-05,7.689557333333333,11.776,455,371,8,23
98b83d9bb42ef3e610d8f55c,VisA,macaroni1,source_fit,7,tiny_compact,50,3.3333333333333335e-05,8.738133333333334,4.608,430,374,9,9
98b83d9bb42ef3e610d8f55c,VisA,macaroni1,source_fit,8,tiny_compact,94,6.266666666666667e-05,16.427690666666667,7.168,476,394,10,14
ce696f2bf7f8b1de7e417355,VisA,macaroni1,source_fit,1,tiny_compact,43,2.8666666666666668e-05,7.514794666666667,6.656,1005,317,7,13
ce696f2bf7f8b1de7e417355,VisA,macaroni1,source_fit,2,tiny_compact,172,0.00011466666666666667,30.059178666666668,14.848,972,319,16,29
ce696f2bf7f8b1de7e417355,VisA,macaroni1,source_fit,3,thin_or_extended_small_area,1196,0.0007973333333333334,209.01614933333335,32.768,990,332,43,64
ce696f2bf7f8b1de7e417355,VisA,macaroni1,source_fit,4,tiny_compact,17,1.1333333333333334e-05,2.9709653333333335,3.072,972,337,4,6
ce696f2bf7f8b1de7e417355,VisA,macaroni1,source_fit,5,tiny_compact,20,1.3333333333333333e-05,3.4952533333333333,4.096,1040,354,3,8
ce696f2bf7f8b1de7e417355,VisA,macaroni1,source_fit,6,tiny_compact,206,0.00013733333333333333,36.00110933333333,14.848,984,363,24,29
ce696f2bf7f8b1de7e417355,VisA,macaroni1,source_fit,7,tiny_compact,25,1.6666666666666667e-05,4.369066666666667,4.096,1049,375,6,8
4ffd9e26024323e77bcc20d1,VisA,macaroni1,source_fit,1,tiny_compact,30,2e-05,5.24288,4.608,512,685,7,9
4ffd9e26024323e77bcc20d1,VisA,macaroni1,source_fit,2,tiny_compact,19,1.2666666666666667e-05,3.3204906666666667,2.048,522,692,5,4
4ffd9e26024323e77bcc20d1,VisA,macaroni1,source_fit,3,larger,1660,0.0011066666666666666,290.10602666666665,31.232,496,699,77,61
4ffd9e26024323e77bcc20d1,VisA,macaroni1,source_fit,4,tiny_compact,1,6.666666666666667e-07,0.17476266666666668,0.512,526,700,1,1
4ffd9e26024323e77bcc20d1,VisA,macaroni1,source_fit,5,tiny_compact,128,8.533333333333334e-05,22.369621333333335,19.456,562,701,28,38
4ffd9e26024323e77bcc20d1,VisA,macaroni1,source_fit,6,tiny_compact,18,1.2e-05,3.145728,2.048,547,717,6,4
4ffd9e26024323e77bcc20d1,VisA,macaroni1,source_fit,7,tiny_compact,31,2.0666666666666666e-05,5.417642666666667,6.144,474,722,9,12
4ffd9e26024323e77bcc20d1,VisA,macaroni1,source_fit,8,tiny_compact,18,1.2e-05,3.145728,4.096,590,727,5,8
4ffd9e26024323e77bcc20d1,VisA,macaroni1,source_fit,9,tiny_compact,20,1.3333333333333333e-05,3.4952533333333333,2.56,565,737,5,5
4ffd9e26024323e77bcc20d1,VisA,macaroni1,source_fit,10,tiny_compact,83,5.5333333333333334e-05,14.505301333333334,8.704,571,736,13,17
4ffd9e26024323e77bcc20d1,VisA,macaroni1,source_fit,11,tiny_compact,16,1.0666666666666667e-05,2.796202666666667,2.3893333333333335,559,745,7,4
4ffd9e26024323e77bcc20d1,VisA,macaroni1,source_fit,12,tiny_compact,24,1.6e-05,4.194304,3.072,490,746,6,6
4ffd9e26024323e77bcc20d1,VisA,macaroni1,source_fit,13,tiny_compact,8,5.333333333333334e-06,1.3981013333333334,1.536,578,755,3,3
cb801eb202924f8a85d48e26,VisA,macaroni1,source_fit,1,tiny_compact,654,0.000436,114.294784,20.992,930,333,49,41
cb801eb202924f8a85d48e26,VisA,macaroni1,source_fit,2,tiny_compact,21,1.4e-05,3.670016,4.608,455,339,4,9
cb801eb202924f8a85d48e26,VisA,macaroni1,source_fit,3,tiny_compact,77,5.133333333333333e-05,13.456725333333333,10.752,915,342,19,21
cb801eb202924f8a85d48e26,VisA,macaroni1,source_fit,4,tiny_compact,20,1.3333333333333333e-05,3.4952533333333333,4.096,975,349,6,8
cb801eb202924f8a85d48e26,VisA,macaroni1,source_fit,5,tiny_compact,145,9.666666666666667e-05,25.340586666666667,10.752,442,353,18,21
cb801eb202924f8a85d48e26,VisA,macaroni1,source_fit,6,tiny_compact,7,4.666666666666666e-06,1.2233386666666666,1.3653333333333333,458,352,4,2
cb801eb202924f8a85d48e26,VisA,macaroni1,source_fit,7,tiny_compact,334,0.00022266666666666667,58.37073066666667,12.8,459,359,37,25
cb801eb202924f8a85d48e26,VisA,macaroni1,source_fit,8,tiny_compact,34,2.2666666666666668e-05,5.941930666666667,4.096,933,359,8,8
cb801eb202924f8a85d48e26,VisA,macaroni1,source_fit,9,tiny_compact,47,3.1333333333333334e-05,8.213845333333333,5.12,928,365,12,10
cb801eb202924f8a85d48e26,VisA,macaroni1,source_fit,10,tiny_compact,23,1.5333333333333334e-05,4.019541333333334,4.096,500,371,12,4
cb801eb202924f8a85d48e26,VisA,macaroni1,source_fit,11,tiny_compact,17,1.1333333333333334e-05,2.9709653333333335,2.56,920,372,4,5
cb801eb202924f8a85d48e26,VisA,macaroni1,source_fit,12,tiny_compact,36,2.4e-05,6.291456,5.12,914,376,6,10
cb801eb202924f8a85d48e26,VisA,macaroni1,source_fit,13,tiny_compact,54,3.6e-05,9.437184,6.656,934,377,10,13
cb801eb202924f8a85d48e26,VisA,macaroni1,source_fit,14,tiny_compact,27,1.8e-05,4.718592,7.68,984,378,7,15
cb801eb202924f8a85d48e26,VisA,macaroni1,source_fit,15,tiny_compact,43,2.8666666666666668e-05,7.514794666666667,5.12,469,380,6,10
cb801eb202924f8a85d48e26,VisA,macaroni1,source_fit,16,tiny_compact,22,1.4666666666666666e-05,3.8447786666666666,3.584,925,380,5,7
cb801eb202924f8a85d48e26,VisA,macaroni1,source_fit,17,tiny_compact,51,3.4e-05,8.912896,4.608,439,383,9,9
cb801eb202924f8a85d48e26,VisA,macaroni1,source_fit,18,tiny_compact,20,1.3333333333333333e-05,3.4952533333333333,3.584,933,383,5,7
cb801eb202924f8a85d48e26,VisA,macaroni1,source_fit,19,tiny_compact,68,4.5333333333333335e-05,11.883861333333334,7.68,971,385,11,15
cb801eb202924f8a85d48e26,VisA,macaroni1,source_fit,20,tiny_compact,17,1.1333333333333334e-05,2.9709653333333335,2.56,471,392,4,5
40de7bc67bc4efe486eb4fa8,VisA,macaroni1,source_fit,1,larger,1641,0.001094,286.785536,48.64,898,682,113,95
40de7bc67bc4efe486eb4fa8,VisA,macaroni1,source_fit,2,tiny_compact,15,1e-05,2.62144,4.096,984,741,5,8
40de7bc67bc4efe486eb4fa8,VisA,macaroni1,source_fit,3,tiny_compact,29,1.9333333333333333e-05,5.068117333333333,4.096,982,752,7,8
a9fa9d0cf2c594cfa408e420,VisA,macaroni1,source_fit,1,tiny_compact,51,3.4e-05,8.912896,4.608,1021,245,11,9
a9fa9d0cf2c594cfa408e420,VisA,macaroni1,source_fit,2,larger,1582,0.0010546666666666666,276.47453866666666,28.16,1017,252,65,55
a9fa9d0cf2c594cfa408e420,VisA,macaroni1,source_fit,3,tiny_compact,9,6e-06,1.572864,2.048,1025,258,3,4
a9fa9d0cf2c594cfa408e420,VisA,macaroni1,source_fit,4,tiny_compact,115,7.666666666666667e-05,20.097706666666667,6.485333333333333,980,285,19,10
a9fa9d0cf2c594cfa408e420,VisA,macaroni1,source_fit,5,tiny_compact,36,2.4e-05,6.291456,4.096,1052,297,11,8
4e0ded510d62c7ba61cb9f50,VisA,macaroni1,source_fit,1,larger,1566,0.001044,273.678336,30.208,444,318,75,59
4e0ded510d62c7ba61cb9f50,VisA,macaroni1,source_fit,2,tiny_compact,226,0.00015066666666666668,39.49636266666667,20.992,437,331,28,41
4e0ded510d62c7ba61cb9f50,VisA,macaroni1,source_fit,3,tiny_compact,22,1.4666666666666666e-05,3.8447786666666666,4.608,525,348,5,9
4e0ded510d62c7ba61cb9f50,VisA,macaroni1,source_fit,4,tiny_compact,124,8.266666666666667e-05,21.670570666666666,10.24,477,369,25,20
4e0ded510d62c7ba61cb9f50,VisA,macaroni1,source_fit,5,tiny_compact,6,4e-06,1.048576,1.024,498,369,3,2
4e0ded510d62c7ba61cb9f50,VisA,macaroni1,source_fit,6,tiny_compact,4,2.666666666666667e-06,0.6990506666666667,1.024,502,369,3,2
4e0ded510d62c7ba61cb9f50,VisA,macaroni1,source_fit,7,tiny_compact,64,4.266666666666667e-05,11.184810666666667,7.168,466,371,9,14
4e0ded510d62c7ba61cb9f50,VisA,macaroni1,source_fit,8,tiny_compact,9,6e-06,1.572864,1.536,500,372,4,3
4e0ded510d62c7ba61cb9f50,VisA,macaroni1,source_fit,9,tiny_compact,13,8.666666666666666e-06,2.2719146666666665,2.56,489,377,3,5
4e0ded510d62c7ba61cb9f50,VisA,macaroni1,source_fit,10,tiny_compact,80,5.333333333333333e-05,13.981013333333333,8.192,516,376,11,16
4e0ded510d62c7ba61cb9f50,VisA,macaroni1,source_fit,11,tiny_compact,14,9.333333333333333e-06,2.446677333333333,2.048,509,381,6,4
4e0ded510d62c7ba61cb9f50,VisA,macaroni1,source_fit,12,tiny_compact,25,1.6666666666666667e-05,4.369066666666667,3.4133333333333336,505,385,10,6
d8895294a23c7168af5aa474,VisA,macaroni1,source_fit,1,larger,1775,0.0011833333333333333,310.20373333333333,60.416,509,650,35,118
d8895294a23c7168af5aa474,VisA,macaroni1,source_fit,2,tiny_compact,81,5.4e-05,14.155776,12.970666666666666,448,668,38,21
d8895294a23c7168af5aa474,VisA,macaroni1,source_fit,3,tiny_compact,150,0.0001,26.2144,8.533333333333333,482,686,25,14
d8895294a23c7168af5aa474,VisA,macaroni1,source_fit,4,tiny_compact,613,0.00040866666666666666,107.12951466666667,17.749333333333333,546,697,52,30
d8895294a23c7168af5aa474,VisA,macaroni1,source_fit,5,tiny_compact,163,0.00010866666666666666,28.486314666666665,13.824,475,701,34,27
d8895294a23c7168af5aa474,VisA,macaroni1,source_fit,6,tiny_compact,39,2.6e-05,6.815744,5.632,460,707,7,11
d8895294a23c7168af5aa474,VisA,macaroni1,source_fit,7,tiny_compact,48,3.2e-05,8.388608,7.68,492,720,12,15
d8895294a23c7168af5aa474,VisA,macaroni1,source_fit,8,tiny_compact,35,2.3333333333333332e-05,6.116693333333333,3.584,500,735,6,7
d8895294a23c7168af5aa474,VisA,macaroni1,source_fit,9,tiny_compact,46,3.066666666666667e-05,8.039082666666667,4.096,546,735,9,8
d8895294a23c7168af5aa474,VisA,macaroni1,source_fit,10,tiny_compact,33,2.2e-05,5.767168,6.144,526,743,7,12
d8895294a23c7168af5aa474,VisA,macaroni1,source_fit,11,tiny_compact,9,6e-06,1.572864,1.536,545,745,3,3
d8895294a23c7168af5aa474,VisA,macaroni1,source_fit,12,tiny_compact,13,8.666666666666666e-06,2.2719146666666665,2.56,519,764,4,5
d8895294a23c7168af5aa474,VisA,macaroni1,source_fit,13,tiny_compact,18,1.2e-05,3.145728,3.072,524,764,5,6
b7f407f081d3c4a18a659b99,VisA,macaroni1,source_fit,1,larger,1797,0.001198,314.048512,48.128,1046,252,64,94
b7f407f081d3c4a18a659b99,VisA,macaroni1,source_fit,2,tiny_compact,140,9.333333333333333e-05,24.466773333333332,8.533333333333333,1097,272,25,12
b7f407f081d3c4a18a659b99,VisA,macaroni1,source_fit,3,tiny_compact,63,4.2e-05,11.010048,4.608,1109,297,10,9
b7f407f081d3c4a18a659b99,VisA,macaroni1,source_fit,4,tiny_compact,23,1.5333333333333334e-05,4.019541333333334,3.584,1045,298,5,7
b7f407f081d3c4a18a659b99,VisA,macaroni1,source_fit,5,tiny_compact,6,4e-06,1.048576,1.536,1110,308,2,3
b7f407f081d3c4a18a659b99,VisA,macaroni1,source_fit,6,tiny_compact,68,4.5333333333333335e-05,11.883861333333334,10.752,1066,324,10,21
b7f407f081d3c4a18a659b99,VisA,macaroni1,source_fit,7,tiny_compact,45,3e-05,7.86432,5.632,1096,325,11,11
d3ca4706e5369328cc9988c8,VisA,macaroni1,source_fit,1,tiny_compact,496,0.00033066666666666666,86.68228266666667,14.848,1057,683,25,29
6fce8600bc3038b0e9240de1,VisA,macaroni1,source_fit,1,tiny_compact,472,0.00031466666666666665,82.48797866666666,16.384,363,645,21,32
14c183f1381f0b21cf8a2106,VisA,macaroni1,source_fit,1,tiny_compact,812,0.0005413333333333333,141.90728533333333,18.944,366,632,35,37
99684aada658938377885f6f,VisA,macaroni1,source_fit,1,tiny_compact,1024,0.0006826666666666667,178.95697066666668,21.504,887,231,43,42
f51af20dafe318b44789c933,VisA,macaroni1,source_fit,1,tiny_compact,1075,0.0007166666666666667,187.86986666666667,19.797333333333334,1016,339,58,31
dbb50a366a8b491693704c54,VisA,macaroni1,source_fit,1,tiny_compact,1244,0.0008293333333333333,217.40475733333332,21.162666666666667,344,204,62,33
f033b99711b2346d705e4972,VisA,macaroni1,source_fit,1,thin_or_extended_small_area,1114,0.0007426666666666666,194.68561066666666,33.28,892,610,31,65
7d1c867164af3b9437402cb4,VisA,macaroni1,source_fit,1,tiny_compact,627,0.000418,109.576192,15.36,1066,220,30,30
7d1c867164af3b9437402cb4,VisA,macaroni1,source_fit,2,tiny_compact,27,1.8e-05,4.718592,3.584,1037,239,6,7
7d1c867164af3b9437402cb4,VisA,macaroni1,source_fit,3,tiny_compact,19,1.2666666666666667e-05,3.3204906666666667,2.56,1160,258,4,5
2fc54af7eb831978d6c0c25e,VisA,macaroni1,source_fit,1,tiny_compact,1206,0.000804,210.763776,20.138666666666666,957,272,59,29
c26f9c46fe963265e51e7d9c,VisA,macaroni1,source_fit,1,tiny_compact,463,0.00030866666666666667,80.91511466666667,11.264,512,774,33,17
0e433b70c0668ca3dd3dd1ae,VisA,macaroni1,source_fit,1,larger,1748,0.0011653333333333333,305.48514133333333,31.744,1086,656,50,62
16181216c45b3f0bfba3307b,VisA,macaroni1,source_fit,1,tiny_compact,989,0.0006593333333333334,172.84027733333335,23.552,1122,654,32,46
c565b413df23a0ebcfbc6a7c,VisA,macaroni1,source_fit,1,tiny_compact,1248,0.000832,218.103808,26.624,427,717,59,52
a1fc30499cc531de35f8d50e,VisA,macaroni1,source_fit,1,tiny_compact,570,0.00038,99.61472,13.312,590,744,32,26
b17630256afb67385ea21ce9,VisA,macaroni1,source_fit,1,tiny_compact,758,0.0005053333333333333,132.47010133333333,26.112,1118,265,44,51
e24af5bcea5b127faf12cb40,VisA,macaroni1,source_fit,1,tiny_compact,1114,0.0007426666666666666,194.68561066666666,23.893333333333334,952,334,70,24
e65ae977eb1fcd92a6bd63ce,VisA,macaroni1,source_fit,1,tiny_compact,698,0.00046533333333333333,121.98434133333333,14.848,1005,288,32,29
638abd854a72e1f7d01f8b49,VisA,macaroni1,source_fit,1,tiny_compact,1297,0.0008646666666666667,226.66717866666667,24.576,981,778,72,29
fe0f59551edb0f27d3946825,VisA,macaroni1,source_fit,1,tiny_compact,1201,0.0008006666666666666,209.88996266666666,29.184,545,195,42,57
f35da06699298c8dccfa5b4b,VisA,macaroni1,source_fit,1,tiny_compact,59,3.933333333333333e-05,10.310997333333333,4.608,344,198,12,9
f35da06699298c8dccfa5b4b,VisA,macaroni1,source_fit,2,tiny_compact,107,7.133333333333334e-05,18.699605333333334,7.68,369,199,21,15
f35da06699298c8dccfa5b4b,VisA,macaroni1,source_fit,3,tiny_compact,880,0.0005866666666666667,153.79114666666666,24.576,567,202,47,48
f35da06699298c8dccfa5b4b,VisA,macaroni1,source_fit,4,tiny_compact,232,0.00015466666666666667,40.54493866666667,14.848,345,207,14,29
f35da06699298c8dccfa5b4b,VisA,macaroni1,source_fit,5,tiny_compact,162,0.000108,28.311552,10.752,613,216,12,21
f35da06699298c8dccfa5b4b,VisA,macaroni1,source_fit,6,tiny_compact,16,1.0666666666666667e-05,2.796202666666667,2.7306666666666666,594,327,8,3
f35da06699298c8dccfa5b4b,VisA,macaroni1,source_fit,7,tiny_compact,217,0.00014466666666666667,37.92349866666667,14.677333333333333,578,328,43,23
f35da06699298c8dccfa5b4b,VisA,macaroni1,source_fit,8,tiny_compact,13,8.666666666666666e-06,2.2719146666666665,2.048,585,330,6,4
f35da06699298c8dccfa5b4b,VisA,macaroni1,source_fit,9,tiny_compact,105,7e-05,18.35008,7.168,563,332,21,14
5e269e1aef429fb78dd6a9f4,VisA,macaroni1,source_fit,1,tiny_compact,1006,0.0006706666666666666,175.81124266666666,23.552,1005,330,69,26
2803f7fccd0d5162a7a3db22,VisA,macaroni1,source_fit,1,tiny_compact,679,0.00045266666666666665,118.66385066666666,12.8,1014,303,37,25
c6a5c6a7893471795272c2e8,VisA,macaroni1,source_fit,1,tiny_compact,502,0.00033466666666666665,87.73085866666666,20.992,342,201,25,41
c6a5c6a7893471795272c2e8,VisA,macaroni1,source_fit,2,tiny_compact,1,6.666666666666667e-07,0.17476266666666668,0.512,357,243,1,1
c6a5c6a7893471795272c2e8,VisA,macaroni1,source_fit,3,tiny_compact,2,1.3333333333333334e-06,0.34952533333333335,1.024,358,245,1,2
c6a5c6a7893471795272c2e8,VisA,macaroni1,source_fit,4,tiny_compact,1,6.666666666666667e-07,0.17476266666666668,0.512,359,249,1,1
c6a5c6a7893471795272c2e8,VisA,macaroni1,source_fit,5,tiny_compact,4,2.666666666666667e-06,0.6990506666666667,2.048,360,251,2,4
c6a5c6a7893471795272c2e8,VisA,macaroni1,source_fit,6,tiny_compact,1,6.666666666666667e-07,0.17476266666666668,0.512,362,256,1,1
c6a5c6a7893471795272c2e8,VisA,macaroni1,source_fit,7,tiny_compact,2,1.3333333333333334e-06,0.34952533333333335,1.024,363,258,1,2
c6a5c6a7893471795272c2e8,VisA,macaroni1,source_fit,8,tiny_compact,2,1.3333333333333334e-06,0.34952533333333335,1.024,364,261,1,2
c6a5c6a7893471795272c2e8,VisA,macaroni1,source_fit,9,tiny_compact,4,2.666666666666667e-06,0.6990506666666667,2.048,384,260,4,4
c6a5c6a7893471795272c2e8,VisA,macaroni1,source_fit,10,tiny_compact,2,1.3333333333333334e-06,0.34952533333333335,1.024,365,264,2,2
c6a5c6a7893471795272c2e8,VisA,macaroni1,source_fit,11,tiny_compact,2,1.3333333333333334e-06,0.34952533333333335,1.024,381,264,2,2
c6a5c6a7893471795272c2e8,VisA,macaroni1,source_fit,12,tiny_compact,5,3.3333333333333333e-06,0.8738133333333333,2.048,367,267,5,4
c6a5c6a7893471795272c2e8,VisA,macaroni1,source_fit,13,tiny_compact,1,6.666666666666667e-07,0.17476266666666668,0.512,378,267,1,1
c6a5c6a7893471795272c2e8,VisA,macaroni1,source_fit,14,tiny_compact,1,6.666666666666667e-07,0.17476266666666668,0.512,374,269,1,1
c6a5c6a7893471795272c2e8,VisA,macaroni1,source_fit,15,tiny_compact,1,6.666666666666667e-07,0.17476266666666668,0.512,376,268,1,1
c290d272e54b12aa5b4c6cf8,VisA,macaroni1,source_fit,1,tiny_compact,77,5.133333333333333e-05,13.456725333333333,15.872,374,612,22,31
c290d272e54b12aa5b4c6cf8,VisA,macaroni1,source_fit,2,thin_or_extended_small_area,191,0.00012733333333333333,33.37966933333333,34.13333333333333,418,692,100,49
de1e2110de9d0d2285f2af2f,VisA,macaroni1,source_fit,1,thin_or_extended_small_area,191,0.00012733333333333333,33.37966933333333,73.728,386,620,77,144
de1e2110de9d0d2285f2af2f,VisA,macaroni1,source_fit,2,thin_or_extended_small_area,512,0.00034133333333333335,89.47848533333334,73.728,463,628,204,144
b32933441242293194c28408,VisA,macaroni1,source_fit,1,tiny_compact,607,0.00040466666666666667,106.08093866666667,25.6,906,622,32,50
b32933441242293194c28408,VisA,macaroni1,source_fit,2,tiny_compact,11,7.333333333333333e-06,1.9223893333333333,5.632,925,673,5,11
b32933441242293194c28408,VisA,macaroni1,source_fit,3,tiny_compact,14,9.333333333333333e-06,2.446677333333333,7.168,930,685,7,14
b32933441242293194c28408,VisA,macaroni1,source_fit,4,tiny_compact,2,1.3333333333333334e-06,0.34952533333333335,1.024,936,703,1,2
b32933441242293194c28408,VisA,macaroni1,source_fit,5,tiny_compact,1,6.666666666666667e-07,0.17476266666666668,0.512,935,706,1,1
b32933441242293194c28408,VisA,macaroni1,source_fit,6,tiny_compact,14,9.333333333333333e-06,2.446677333333333,6.656,936,708,10,13
b32933441242293194c28408,VisA,macaroni1,source_fit,7,tiny_compact,2,1.3333333333333334e-06,0.34952533333333335,1.024,946,722,1,2
b32933441242293194c28408,VisA,macaroni1,source_fit,8,tiny_compact,4,2.666666666666667e-06,0.6990506666666667,2.048,947,725,1,4
b32933441242293194c28408,VisA,macaroni1,source_fit,9,tiny_compact,30,2e-05,5.24288,13.312,948,730,20,26
b32933441242293194c28408,VisA,macaroni1,source_fit,10,tiny_compact,24,1.6e-05,4.194304,10.24,965,757,16,20
b32933441242293194c28408,VisA,macaroni1,source_fit,11,tiny_compact,2,1.3333333333333334e-06,0.34952533333333335,1.024,981,778,1,2
b32933441242293194c28408,VisA,macaroni1,source_fit,12,tiny_compact,17,1.1333333333333334e-05,2.9709653333333335,5.12,981,783,13,10
b32933441242293194c28408,VisA,macaroni1,source_fit,13,tiny_compact,1,6.666666666666667e-07,0.17476266666666668,0.512,994,794,1,1
b6642c6bb684eb9e7880574e,VisA,macaroni1,source_fit,1,thin_or_extended_small_area,251,0.00016733333333333333,43.86542933333333,59.904,406,607,28,117
b6642c6bb684eb9e7880574e,VisA,macaroni1,source_fit,2,tiny_compact,44,2.9333333333333333e-05,7.689557333333333,9.728,429,617,10,19
b6642c6bb684eb9e7880574e,VisA,macaroni1,source_fit,3,thin_or_extended_small_area,428,0.00028533333333333335,74.79842133333334,78.848,436,626,62,154
e2025032a865176e25e58206,VisA,macaroni1,source_fit,1,thin_or_extended_small_area,92,6.133333333333334e-05,16.078165333333335,38.4,889,646,9,75
e2025032a865176e25e58206,VisA,macaroni1,source_fit,2,tiny_compact,35,2.3333333333333332e-05,6.116693333333333,8.192,874,728,24,15
2905db12308a3447e25ef517,VisA,macaroni1,source_fit,1,thin_or_extended_small_area,98,6.533333333333333e-05,17.12674133333333,44.544,905,604,7,87
2905db12308a3447e25ef517,VisA,macaroni1,source_fit,2,tiny_compact,1,6.666666666666667e-07,0.17476266666666668,0.512,907,692,1,1
2905db12308a3447e25ef517,VisA,macaroni1,source_fit,3,tiny_compact,2,1.3333333333333334e-06,0.34952533333333335,1.024,877,694,2,2
2905db12308a3447e25ef517,VisA,macaroni1,source_fit,4,tiny_compact,7,4.666666666666666e-06,1.2233386666666666,3.072,905,694,2,6
2905db12308a3447e25ef517,VisA,macaroni1,source_fit,5,tiny_compact,8,5.333333333333334e-06,1.3981013333333334,2.56,880,696,7,5
2905db12308a3447e25ef517,VisA,macaroni1,source_fit,6,tiny_compact,1,6.666666666666667e-07,0.17476266666666668,0.512,888,701,1,1
2905db12308a3447e25ef517,VisA,macaroni1,source_fit,7,tiny_compact,5,3.3333333333333333e-06,0.8738133333333333,2.048,902,700,2,4
2905db12308a3447e25ef517,VisA,macaroni1,source_fit,8,tiny_compact,3,2e-06,0.524288,1.024,891,702,3,1
2905db12308a3447e25ef517,VisA,macaroni1,source_fit,9,tiny_compact,9,6e-06,1.572864,2.048,895,703,6,4
2905db12308a3447e25ef517,VisA,macaroni1,source_fit,10,tiny_compact,2,1.3333333333333334e-06,0.34952533333333335,0.6826666666666666,893,707,2,1
63063328f8c10b1f7f826f03,VisA,macaroni1,source_fit,1,thin_or_extended_small_area,234,0.000156,40.894464,74.752,440,640,41,146
bd8c82f8bbbd108306a3bfb5,VisA,macaroni1,source_fit,1,thin_or_extended_small_area,380,0.00025333333333333333,66.40981333333333,79.36,1070,614,68,155
bd8c82f8bbbd108306a3bfb5,VisA,macaroni1,source_fit,2,tiny_compact,18,1.2e-05,3.145728,4.608,1080,691,8,9
bd8c82f8bbbd108306a3bfb5,VisA,macaroni1,source_fit,3,thin_or_extended_small_area,132,8.8e-05,23.068672,34.816,879,696,102,19
bd8c82f8bbbd108306a3bfb5,VisA,macaroni1,source_fit,4,tiny_compact,72,4.8e-05,12.582912,11.946666666666667,957,715,35,4
bd8c82f8bbbd108306a3bfb5,VisA,macaroni1,source_fit,5,tiny_compact,11,7.333333333333333e-06,1.9223893333333333,2.048,1098,767,6,2
67b394201437c775a3f8cf6d,VisA,macaroni1,source_fit,1,tiny_compact,18,1.2e-05,3.145728,9.216,917,222,3,18
67b394201437c775a3f8cf6d,VisA,macaroni1,source_fit,2,thin_or_extended_small_area,633,0.000422,110.624768,77.312,910,226,218,151
0b3d289359dc893c12d78013,VisA,macaroni1,source_fit,1,thin_or_extended_small_area,1134,0.000756,198.180864,60.416,922,232,89,118
0b3d289359dc893c12d78013,VisA,macaroni1,source_fit,2,tiny_compact,2,1.3333333333333334e-06,0.34952533333333335,0.6826666666666666,936,254,2,1
0b3d289359dc893c12d78013,VisA,macaroni1,source_fit,3,tiny_compact,13,8.666666666666666e-06,2.2719146666666665,3.4133333333333336,1015,342,10,2
4bfdfe23349cc38a681dc6ea,VisA,macaroni1,source_fit,1,tiny_compact,24,1.6e-05,4.194304,11.264,604,606,9,22
4bfdfe23349cc38a681dc6ea,VisA,macaroni1,source_fit,2,thin_or_extended_small_area,195,0.00013,34.07872,73.216,540,631,78,143
6deecf099081e1f744af9a3e,VisA,macaroni1,source_fit,1,thin_or_extended_small_area,181,0.00012066666666666667,31.632042666666667,74.752,891,654,66,146
11a8694ae92e988093708a31,VisA,macaroni1,source_fit,1,tiny_compact,15,1e-05,2.62144,6.656,900,616,6,13
11a8694ae92e988093708a31,VisA,macaroni1,source_fit,2,tiny_compact,69,4.6e-05,12.058624,25.6,908,624,16,50
11a8694ae92e988093708a31,VisA,macaroni1,source_fit,3,tiny_compact,14,9.333333333333333e-06,2.446677333333333,7.168,902,630,3,14
11a8694ae92e988093708a31,VisA,macaroni1,source_fit,4,tiny_compact,6,4e-06,1.048576,3.072,905,645,1,6
11a8694ae92e988093708a31,VisA,macaroni1,source_fit,5,tiny_compact,7,4.666666666666666e-06,1.2233386666666666,3.584,906,652,2,7
11a8694ae92e988093708a31,VisA,macaroni1,source_fit,6,tiny_compact,12,8e-06,2.097152,6.144,914,675,7,12
11a8694ae92e988093708a31,VisA,macaroni1,source_fit,7,tiny_compact,1,6.666666666666667e-07,0.17476266666666668,0.512,921,688,1,1
11a8694ae92e988093708a31,VisA,macaroni1,source_fit,8,tiny_compact,2,1.3333333333333334e-06,0.34952533333333335,1.024,922,690,1,2
11a8694ae92e988093708a31,VisA,macaroni1,source_fit,9,tiny_compact,6,4e-06,1.048576,3.072,923,693,4,6
11a8694ae92e988093708a31,VisA,macaroni1,source_fit,10,tiny_compact,2,1.3333333333333334e-06,0.34952533333333335,1.024,927,700,1,2
11a8694ae92e988093708a31,VisA,macaroni1,source_fit,11,tiny_compact,3,2e-06,0.524288,1.536,928,703,2,3
11a8694ae92e988093708a31,VisA,macaroni1,source_fit,12,tiny_compact,6,4e-06,1.048576,3.072,930,707,2,6
11a8694ae92e988093708a31,VisA,macaroni1,source_fit,13,tiny_compact,4,2.666666666666667e-06,0.6990506666666667,2.048,932,714,2,4
11a8694ae92e988093708a31,VisA,macaroni1,source_fit,14,tiny_compact,5,3.3333333333333333e-06,0.8738133333333333,2.56,934,719,2,5
11a8694ae92e988093708a31,VisA,macaroni1,source_fit,15,tiny_compact,22,1.4666666666666666e-05,3.8447786666666666,11.264,936,725,12,22
11a8694ae92e988093708a31,VisA,macaroni1,source_fit,16,tiny_compact,5,3.3333333333333333e-06,0.8738133333333333,2.56,948,748,1,5
11a8694ae92e988093708a31,VisA,macaroni1,source_fit,17,tiny_compact,2,1.3333333333333334e-06,0.34952533333333335,0.6826666666666666,947,754,2,1
ac1c53cb6301e55ec304a394,VisA,macaroni1,source_fit,1,thin_or_extended_small_area,186,0.000124,32.505856,45.73866666666667,454,732,134,61
ac1c53cb6301e55ec304a394,VisA,macaroni1,source_fit,2,tiny_compact,28,1.8666666666666665e-05,4.893354666666666,9.216,426,784,27,9
009ae6d6a7cf15f60e00275e,VisA,macaroni1,source_fit,1,tiny_compact,73,4.8666666666666666e-05,12.757674666666666,5.461333333333333,863,283,16,10
009ae6d6a7cf15f60e00275e,VisA,macaroni1,source_fit,2,tiny_compact,71,4.7333333333333336e-05,12.408149333333334,7.168,887,295,7,14
009ae6d6a7cf15f60e00275e,VisA,macaroni1,source_fit,3,tiny_compact,10,6.666666666666667e-06,1.7476266666666667,2.048,880,296,5,4
009ae6d6a7cf15f60e00275e,VisA,macaroni1,source_fit,4,tiny_compact,412,0.00027466666666666666,72.00221866666666,17.92,908,297,34,35
009ae6d6a7cf15f60e00275e,VisA,macaroni1,source_fit,5,tiny_compact,27,1.8e-05,4.718592,2.7306666666666666,945,297,8,4
009ae6d6a7cf15f60e00275e,VisA,macaroni1,source_fit,6,tiny_compact,15,1e-05,2.62144,2.048,936,298,6,3
009ae6d6a7cf15f60e00275e,VisA,macaroni1,source_fit,7,tiny_compact,37,2.4666666666666665e-05,6.466218666666666,4.096,895,303,11,8
009ae6d6a7cf15f60e00275e,VisA,macaroni1,source_fit,8,tiny_compact,9,6e-06,1.572864,2.048,932,304,3,4
009ae6d6a7cf15f60e00275e,VisA,macaroni1,source_fit,9,tiny_compact,8,5.333333333333334e-06,1.3981013333333334,1.536,907,308,3,3
009ae6d6a7cf15f60e00275e,VisA,macaroni1,source_fit,10,tiny_compact,60,4e-05,10.48576,6.144,890,313,18,5
009ae6d6a7cf15f60e00275e,VisA,macaroni1,source_fit,11,tiny_compact,3,2e-06,0.524288,1.024,933,312,2,2
009ae6d6a7cf15f60e00275e,VisA,macaroni1,source_fit,12,tiny_compact,23,1.5333333333333334e-05,4.019541333333334,3.4133333333333336,873,316,10,4
009ae6d6a7cf15f60e00275e,VisA,macaroni1,source_fit,13,tiny_compact,62,4.133333333333333e-05,10.835285333333333,5.461333333333333,947,324,16,7
f60a118233ac31406d15c996,VisA,macaroni1,source_fit,1,thin_or_extended_small_area,1074,0.000716,187.695104,71.68,437,596,75,140
f60a118233ac31406d15c996,VisA,macaroni1,source_fit,2,tiny_compact,119,7.933333333333333e-05,20.796757333333332,13.312,438,639,19,26
f60a118233ac31406d15c996,VisA,macaroni1,source_fit,3,tiny_compact,81,5.4e-05,14.155776,8.192,511,721,10,16
5129989f8e81fb6a8abbd966,VisA,macaroni1,source_fit,1,thin_or_extended_small_area,536,0.0003573333333333333,93.67278933333333,48.128,1017,364,141,42
5129989f8e81fb6a8abbd966,VisA,macaroni1,source_fit,2,tiny_compact,61,4.066666666666667e-05,10.660522666666667,4.096,984,404,12,8
5129989f8e81fb6a8abbd966,VisA,macaroni1,source_fit,3,tiny_compact,17,1.1333333333333334e-05,2.9709653333333335,2.56,1000,407,4,5
5ba9be9dce43d728a9f9989d,VisA,macaroni1,source_fit,1,tiny_compact,165,0.00011,28.83584,8.533333333333333,1009,385,25,14
5ba9be9dce43d728a9f9989d,VisA,macaroni1,source_fit,2,tiny_compact,128,8.533333333333334e-05,22.369621333333335,8.192,982,400,24,13
5ba9be9dce43d728a9f9989d,VisA,macaroni1,source_fit,3,tiny_compact,52,3.4666666666666665e-05,9.087658666666666,4.778666666666667,962,414,14,9
5ba9be9dce43d728a9f9989d,VisA,macaroni1,source_fit,4,tiny_compact,17,1.1333333333333334e-05,2.9709653333333335,2.048,952,423,6,4
5ba9be9dce43d728a9f9989d,VisA,macaroni1,source_fit,5,tiny_compact,33,2.2e-05,5.767168,5.12,959,422,15,4
5ba9be9dce43d728a9f9989d,VisA,macaroni1,source_fit,6,tiny_compact,18,1.2e-05,3.145728,2.048,944,429,5,4
d22f9c55dedb39fc3784ba9c,VisA,macaroni1,source_fit,1,tiny_compact,106,7.066666666666667e-05,18.524842666666668,16.384,1146,651,15,32
d22f9c55dedb39fc3784ba9c,VisA,macaroni1,source_fit,2,tiny_compact,49,3.266666666666666e-05,8.563370666666666,9.216,1140,678,11,18
d22f9c55dedb39fc3784ba9c,VisA,macaroni1,source_fit,3,tiny_compact,4,2.666666666666667e-06,0.6990506666666667,1.536,1157,684,3,3
d22f9c55dedb39fc3784ba9c,VisA,macaroni1,source_fit,4,tiny_compact,203,0.00013533333333333333,35.47682133333333,16.384,1157,686,14,32
d22f9c55dedb39fc3784ba9c,VisA,macaroni1,source_fit,5,tiny_compact,34,2.2666666666666668e-05,5.941930666666667,5.632,1149,709,7,11
d22f9c55dedb39fc3784ba9c,VisA,macaroni1,source_fit,6,tiny_compact,29,1.9333333333333333e-05,5.068117333333333,5.632,1159,722,4,11
d87c34803bde260541762a13,VisA,macaroni1,source_fit,1,tiny_compact,2,1.3333333333333334e-06,0.34952533333333335,0.6826666666666666,441,337,2,1
d87c34803bde260541762a13,VisA,macaroni1,source_fit,2,thin_or_extended_small_area,802,0.0005346666666666667,140.15965866666667,57.00266666666667,444,338,167,48
d87c34803bde260541762a13,VisA,macaroni1,source_fit,3,tiny_compact,5,3.3333333333333333e-06,0.8738133333333333,1.536,567,388,3,3
fc763410d8b93160846ffc72,VisA,macaroni1,source_fit,1,thin_or_extended_small_area,358,0.00023866666666666668,62.56503466666667,35.84,973,745,105,22
fc763410d8b93160846ffc72,VisA,macaroni1,source_fit,2,tiny_compact,97,6.466666666666666e-05,16.951978666666665,9.557333333333334,948,767,28,9
fc763410d8b93160846ffc72,VisA,macaroni1,source_fit,3,tiny_compact,7,4.666666666666666e-06,1.2233386666666666,2.048,919,770,6,2
fc763410d8b93160846ffc72,VisA,macaroni1,source_fit,4,tiny_compact,14,9.333333333333333e-06,2.446677333333333,3.7546666666666666,975,773,11,3
fc763410d8b93160846ffc72,VisA,macaroni1,source_fit,5,tiny_compact,5,3.3333333333333333e-06,0.8738133333333333,1.3653333333333333,987,774,4,2
b3520e891492cf0620a45437,VisA,macaroni1,source_fit,1,tiny_compact,194,0.00012933333333333332,33.90395733333333,13.824,1058,338,13,27
b3520e891492cf0620a45437,VisA,macaroni1,source_fit,2,tiny_compact,426,0.000284,74.448896,30.72,1066,350,35,60
b3520e891492cf0620a45437,VisA,macaroni1,source_fit,3,tiny_compact,206,0.00013733333333333333,36.00110933333333,22.528,1034,367,26,44
b3520e891492cf0620a45437,VisA,macaroni1,source_fit,4,tiny_compact,35,2.3333333333333332e-05,6.116693333333333,5.12,1020,413,6,10
b3520e891492cf0620a45437,VisA,macaroni1,source_fit,5,tiny_compact,59,3.933333333333333e-05,10.310997333333333,7.168,1049,413,13,14
b3520e891492cf0620a45437,VisA,macaroni1,source_fit,6,tiny_compact,19,1.2666666666666667e-05,3.3204906666666667,2.048,1049,430,6,4
158c1a24504aa99270a9ace6,VisA,macaroni1,source_fit,1,tiny_compact,61,4.066666666666667e-05,10.660522666666667,5.632,1198,328,13,11
158c1a24504aa99270a9ace6,VisA,macaroni1,source_fit,2,thin_or_extended_small_area,782,0.0005213333333333333,136.66440533333332,40.96,1096,341,90,80
158c1a24504aa99270a9ace6,VisA,macaroni1,source_fit,3,tiny_compact,18,1.2e-05,3.145728,3.072,1188,341,5,6
158c1a24504aa99270a9ace6,VisA,macaroni1,source_fit,4,tiny_compact,34,2.2666666666666668e-05,5.941930666666667,4.608,1134,353,7,9
158c1a24504aa99270a9ace6,VisA,macaroni1,source_fit,5,tiny_compact,22,1.4666666666666666e-05,3.8447786666666666,3.072,1143,359,9,6
124a3ce41aebda69a518a35e,VisA,macaroni1,source_fit,1,tiny_compact,147,9.8e-05,25.690112,9.728,1155,264,14,19
124a3ce41aebda69a518a35e,VisA,macaroni1,source_fit,2,tiny_compact,202,0.00013466666666666667,35.30205866666667,13.312,1167,290,21,26
124a3ce41aebda69a518a35e,VisA,macaroni1,source_fit,3,tiny_compact,52,3.4666666666666665e-05,9.087658666666666,6.656,1190,311,12,13
124a3ce41aebda69a518a35e,VisA,macaroni1,source_fit,4,tiny_compact,8,5.333333333333334e-06,1.3981013333333334,1.536,1174,314,3,3
124a3ce41aebda69a518a35e,VisA,macaroni1,source_fit,5,tiny_compact,46,3.066666666666667e-05,8.039082666666667,6.656,1186,317,8,13
124a3ce41aebda69a518a35e,VisA,macaroni1,source_fit,6,tiny_compact,55,3.6666666666666666e-05,9.611946666666666,6.656,1192,335,8,13
6dbf6a1c2a242638f234b770,VisA,macaroni1,source_fit,1,tiny_compact,164,0.00010933333333333334,28.661077333333335,7.68,448,655,19,15
6dbf6a1c2a242638f234b770,VisA,macaroni1,source_fit,2,tiny_compact,24,1.6e-05,4.194304,3.584,427,665,10,7
6dbf6a1c2a242638f234b770,VisA,macaroni1,source_fit,3,tiny_compact,44,2.9333333333333333e-05,7.689557333333333,4.096,434,668,11,8
6dbf6a1c2a242638f234b770,VisA,macaroni1,source_fit,4,tiny_compact,6,4e-06,1.048576,1.7066666666666668,414,675,5,2
6dbf6a1c2a242638f234b770,VisA,macaroni1,source_fit,5,tiny_compact,41,2.7333333333333335e-05,7.165269333333334,4.096,424,675,9,8
6dbf6a1c2a242638f234b770,VisA,macaroni1,source_fit,6,tiny_compact,32,2.1333333333333335e-05,5.592405333333334,4.096,376,681,12,7
6dbf6a1c2a242638f234b770,VisA,macaroni1,source_fit,7,tiny_compact,22,1.4666666666666666e-05,3.8447786666666666,3.4133333333333336,401,680,10,6
502de3d0a3b80d5fe9a20206,VisA,macaroni1,source_fit,1,thin_or_extended_small_area,882,0.000588,154.140672,46.42133333333334,917,289,136,26
502de3d0a3b80d5fe9a20206,VisA,macaroni1,source_fit,2,tiny_compact,12,8e-06,2.097152,2.048,947,288,4,4
502de3d0a3b80d5fe9a20206,VisA,macaroni1,source_fit,3,thin_or_extended_small_area,834,0.000556,145.752064,40.27733333333333,919,299,118,32
5d7adaa1a43aa8239aaae18a,VisA,macaroni1,source_fit,1,tiny_compact,1,6.666666666666667e-07,0.17476266666666668,0.512,394,704,1,1
5d7adaa1a43aa8239aaae18a,VisA,macaroni1,source_fit,2,tiny_compact,1,6.666666666666667e-07,0.17476266666666668,0.512,396,705,1,1
5d7adaa1a43aa8239aaae18a,VisA,macaroni1,source_fit,3,tiny_compact,72,4.8e-05,12.582912,6.144,394,706,18,8
5d7adaa1a43aa8239aaae18a,VisA,macaroni1,source_fit,4,tiny_compact,550,0.00036666666666666667,96.11946666666667,28.672,421,715,84,23
5d7adaa1a43aa8239aaae18a,VisA,macaroni1,source_fit,5,tiny_compact,91,6.0666666666666666e-05,15.903402666666667,11.605333333333334,481,720,34,7
8686cee89c231ee9ac208eed,VisA,macaroni1,source_fit,1,tiny_compact,7,4.666666666666666e-06,1.2233386666666666,2.56,1128,627,3,5
8686cee89c231ee9ac208eed,VisA,macaroni1,source_fit,2,tiny_compact,7,4.666666666666666e-06,1.2233386666666666,3.072,1130,630,4,6
8686cee89c231ee9ac208eed,VisA,macaroni1,source_fit,3,tiny_compact,1,6.666666666666667e-07,0.17476266666666668,0.512,1123,639,1,1
8686cee89c231ee9ac208eed,VisA,macaroni1,source_fit,4,tiny_compact,4,2.666666666666667e-06,0.6990506666666667,2.048,1118,645,3,4
8686cee89c231ee9ac208eed,VisA,macaroni1,source_fit,5,tiny_compact,560,0.0003733333333333333,97.86709333333333,30.208,1080,650,38,59
8686cee89c231ee9ac208eed,VisA,macaroni1,source_fit,6,tiny_compact,1,6.666666666666667e-07,0.17476266666666668,0.512,1118,654,1,1
8686cee89c231ee9ac208eed,VisA,macaroni1,source_fit,7,tiny_compact,10,6.666666666666667e-06,1.7476266666666667,3.584,1070,703,3,7
8686cee89c231ee9ac208eed,VisA,macaroni1,source_fit,8,tiny_compact,219,0.000146,38.273024,11.776,1069,716,17,23
8686cee89c231ee9ac208eed,VisA,macaroni1,source_fit,9,tiny_compact,9,6e-06,1.572864,2.048,1096,719,3,4
704a758c54b5f09596f8244a,VisA,macaroni1,source_fit,1,tiny_compact,2,1.3333333333333334e-06,0.34952533333333335,0.6826666666666666,1032,280,2,1
704a758c54b5f09596f8244a,VisA,macaroni1,source_fit,2,tiny_compact,2,1.3333333333333334e-06,0.34952533333333335,0.6826666666666666,1029,282,2,1
704a758c54b5f09596f8244a,VisA,macaroni1,source_fit,3,tiny_compact,14,9.333333333333333e-06,2.446677333333333,2.56,1014,284,6,5
704a758c54b5f09596f8244a,VisA,macaroni1,source_fit,4,tiny_compact,3,2e-06,0.524288,1.024,1004,288,2,2
704a758c54b5f09596f8244a,VisA,macaroni1,source_fit,5,tiny_compact,4,2.666666666666667e-06,0.6990506666666667,1.024,1020,288,3,2
704a758c54b5f09596f8244a,VisA,macaroni1,source_fit,6,tiny_compact,3,2e-06,0.524288,1.024,1017,302,2,2
704a758c54b5f09596f8244a,VisA,macaroni1,source_fit,7,tiny_compact,3,2e-06,0.524288,1.536,1002,305,3,3
704a758c54b5f09596f8244a,VisA,macaroni1,source_fit,8,tiny_compact,2,1.3333333333333334e-06,0.34952533333333335,1.024,1037,304,1,2
704a758c54b5f09596f8244a,VisA,macaroni1,source_fit,9,tiny_compact,8,5.333333333333334e-06,1.3981013333333334,2.048,988,308,6,2
704a758c54b5f09596f8244a,VisA,macaroni1,source_fit,10,tiny_compact,1,6.666666666666667e-07,0.17476266666666668,0.512,991,315,1,1
704a758c54b5f09596f8244a,VisA,macaroni1,source_fit,11,tiny_compact,2,1.3333333333333334e-06,0.34952533333333335,0.6826666666666666,988,321,2,1
704a758c54b5f09596f8244a,VisA,macaroni1,source_fit,12,tiny_compact,14,9.333333333333333e-06,2.446677333333333,3.7546666666666666,979,322,11,4
704a758c54b5f09596f8244a,VisA,macaroni1,source_fit,13,tiny_compact,46,3.066666666666667e-05,8.039082666666667,8.704,1011,323,15,17
704a758c54b5f09596f8244a,VisA,macaroni1,source_fit,14,tiny_compact,17,1.1333333333333334e-05,2.9709653333333335,4.096,991,324,8,8
704a758c54b5f09596f8244a,VisA,macaroni1,source_fit,15,tiny_compact,6,4e-06,1.048576,3.072,989,327,3,6
704a758c54b5f09596f8244a,VisA,macaroni1,source_fit,16,tiny_compact,4,2.666666666666667e-06,0.6990506666666667,1.024,1000,328,3,2
704a758c54b5f09596f8244a,VisA,macaroni1,source_fit,17,tiny_compact,41,2.7333333333333335e-05,7.165269333333334,8.704,1006,328,12,17
704a758c54b5f09596f8244a,VisA,macaroni1,source_fit,18,tiny_compact,7,4.666666666666666e-06,1.2233386666666666,2.56,1043,332,3,5
704a758c54b5f09596f8244a,VisA,macaroni1,source_fit,19,tiny_compact,4,2.666666666666667e-06,0.6990506666666667,1.024,1010,335,2,2
704a758c54b5f09596f8244a,VisA,macaroni1,source_fit,20,tiny_compact,4,2.666666666666667e-06,0.6990506666666667,2.048,1020,334,3,4
704a758c54b5f09596f8244a,VisA,macaroni1,source_fit,21,tiny_compact,5,3.3333333333333333e-06,0.8738133333333333,1.536,995,336,3,3
704a758c54b5f09596f8244a,VisA,macaroni1,source_fit,22,tiny_compact,1,6.666666666666667e-07,0.17476266666666668,0.512,1013,337,1,1
704a758c54b5f09596f8244a,VisA,macaroni1,source_fit,23,tiny_compact,10,6.666666666666667e-06,1.7476266666666667,2.56,993,343,5,5
704a758c54b5f09596f8244a,VisA,macaroni1,source_fit,24,tiny_compact,1,6.666666666666667e-07,0.17476266666666668,0.512,1001,343,1,1
704a758c54b5f09596f8244a,VisA,macaroni1,source_fit,25,tiny_compact,691,0.0004606666666666667,120.76100266666667,26.624,1004,343,28,52
704a758c54b5f09596f8244a,VisA,macaroni1,source_fit,26,tiny_compact,18,1.2e-05,3.145728,2.56,1030,343,5,5
704a758c54b5f09596f8244a,VisA,macaroni1,source_fit,27,tiny_compact,52,3.4666666666666665e-05,9.087658666666666,5.12,1015,345,12,10
704a758c54b5f09596f8244a,VisA,macaroni1,source_fit,28,tiny_compact,13,8.666666666666666e-06,2.2719146666666665,4.096,984,348,3,8
704a758c54b5f09596f8244a,VisA,macaroni1,source_fit,29,tiny_compact,143,9.533333333333334e-05,24.991061333333334,10.24,990,349,13,20
704a758c54b5f09596f8244a,VisA,macaroni1,source_fit,30,tiny_compact,13,8.666666666666666e-06,2.2719146666666665,3.584,1039,350,3,7
704a758c54b5f09596f8244a,VisA,macaroni1,source_fit,31,tiny_compact,21,1.4e-05,3.670016,3.584,1047,350,6,7
704a758c54b5f09596f8244a,VisA,macaroni1,source_fit,32,tiny_compact,16,1.0666666666666667e-05,2.796202666666667,3.072,1084,351,6,6
704a758c54b5f09596f8244a,VisA,macaroni1,source_fit,33,tiny_compact,6,4e-06,1.048576,1.3653333333333333,1026,356,4,2
704a758c54b5f09596f8244a,VisA,macaroni1,source_fit,34,tiny_compact,15,1e-05,2.62144,3.072,1028,361,4,6
704a758c54b5f09596f8244a,VisA,macaroni1,source_fit,35,tiny_compact,1,6.666666666666667e-07,0.17476266666666668,0.512,1036,362,1,1
704a758c54b5f09596f8244a,VisA,macaroni1,source_fit,36,tiny_compact,2,1.3333333333333334e-06,0.34952533333333335,0.6826666666666666,982,365,2,1
704a758c54b5f09596f8244a,VisA,macaroni1,source_fit,37,tiny_compact,5,3.3333333333333333e-06,0.8738133333333333,1.536,1050,368,2,3
704a758c54b5f09596f8244a,VisA,macaroni1,source_fit,38,tiny_compact,8,5.333333333333334e-06,1.3981013333333334,1.536,1037,371,4,3
704a758c54b5f09596f8244a,VisA,macaroni1,source_fit,39,tiny_compact,2,1.3333333333333334e-06,0.34952533333333335,0.6826666666666666,993,373,2,1
704a758c54b5f09596f8244a,VisA,macaroni1,source_fit,40,tiny_compact,11,7.333333333333333e-06,1.9223893333333333,3.584,991,375,2,7
704a758c54b5f09596f8244a,VisA,macaroni1,source_fit,41,tiny_compact,100,6.666666666666667e-05,17.476266666666668,7.168,1033,375,11,14
704a758c54b5f09596f8244a,VisA,macaroni1,source_fit,42,tiny_compact,4,2.666666666666667e-06,0.6990506666666667,1.536,981,376,2,3
704a758c54b5f09596f8244a,VisA,macaroni1,source_fit,43,tiny_compact,55,3.6666666666666666e-05,9.611946666666666,8.704,993,377,9,17
704a758c54b5f09596f8244a,VisA,macaroni1,source_fit,44,tiny_compact,3,2e-06,0.524288,1.536,1004,376,2,3
704a758c54b5f09596f8244a,VisA,macaroni1,source_fit,45,tiny_compact,3,2e-06,0.524288,1.024,1008,376,2,2
704a758c54b5f09596f8244a,VisA,macaroni1,source_fit,46,tiny_compact,2,1.3333333333333334e-06,0.34952533333333335,0.6826666666666666,979,382,2,1
704a758c54b5f09596f8244a,VisA,macaroni1,source_fit,47,tiny_compact,8,5.333333333333334e-06,1.3981013333333334,1.536,982,384,4,3
704a758c54b5f09596f8244a,VisA,macaroni1,source_fit,48,tiny_compact,8,5.333333333333334e-06,1.3981013333333334,2.048,1027,396,5,4
704a758c54b5f09596f8244a,VisA,macaroni1,source_fit,49,tiny_compact,4,2.666666666666667e-06,0.6990506666666667,1.024,998,398,3,2
704a758c54b5f09596f8244a,VisA,macaroni1,source_fit,50,tiny_compact,3,2e-06,0.524288,1.024,1017,398,2,2
704a758c54b5f09596f8244a,VisA,macaroni1,source_fit,51,tiny_compact,5,3.3333333333333333e-06,0.8738133333333333,1.024,1006,401,3,2
704a758c54b5f09596f8244a,VisA,macaroni1,source_fit,52,tiny_compact,3,2e-06,0.524288,1.024,1021,400,2,2
704a758c54b5f09596f8244a,VisA,macaroni1,source_fit,53,tiny_compact,11,7.333333333333333e-06,1.9223893333333333,2.56,1022,403,3,5
704a758c54b5f09596f8244a,VisA,macaroni1,source_fit,54,tiny_compact,20,1.3333333333333333e-05,3.4952533333333333,5.12,1000,404,5,10
704a758c54b5f09596f8244a,VisA,macaroni1,source_fit,55,tiny_compact,2,1.3333333333333334e-06,0.34952533333333335,0.6826666666666666,1010,404,2,1
704a758c54b5f09596f8244a,VisA,macaroni1,source_fit,56,tiny_compact,29,1.9333333333333333e-05,5.068117333333333,6.144,1017,404,9,12
6c43f4bb8134d5daccdba116,VisA,macaroni2,source_fit,1,tiny_compact,1046,0.0006973333333333333,182.80174933333333,25.6,342,240,46,50
169f7ea77a6f29b7261b88e9,VisA,macaroni2,source_fit,1,tiny_compact,131,8.733333333333333e-05,22.893909333333333,12.288,812,700,22,24
169f7ea77a6f29b7261b88e9,VisA,macaroni2,source_fit,2,tiny_compact,462,0.000308,80.740352,16.384,839,706,30,32
169f7ea77a6f29b7261b88e9,VisA,macaroni2,source_fit,3,tiny_compact,5,3.3333333333333333e-06,0.8738133333333333,1.536,832,717,2,3
169f7ea77a6f29b7261b88e9,VisA,macaroni2,source_fit,4,tiny_compact,3,2e-06,0.524288,1.536,866,731,1,3
169f7ea77a6f29b7261b88e9,VisA,macaroni2,source_fit,5,tiny_compact,39,2.6e-05,6.815744,3.584,860,734,9,7
169f7ea77a6f29b7261b88e9,VisA,macaroni2,source_fit,6,tiny_compact,27,1.8e-05,4.718592,3.584,844,740,7,7
169f7ea77a6f29b7261b88e9,VisA,macaroni2,source_fit,7,tiny_compact,78,5.2e-05,13.631488,14.848,841,747,31,29
169f7ea77a6f29b7261b88e9,VisA,macaroni2,source_fit,8,tiny_compact,6,4e-06,1.048576,2.048,850,753,3,4
a4ad1746927a2d08c40f7b23,VisA,macaroni2,source_fit,1,tiny_compact,5,3.3333333333333333e-06,0.8738133333333333,1.536,301,645,2,3
a4ad1746927a2d08c40f7b23,VisA,macaroni2,source_fit,2,tiny_compact,1103,0.0007353333333333333,192.76322133333332,28.672,266,647,49,56
a4ad1746927a2d08c40f7b23,VisA,macaroni2,source_fit,3,tiny_compact,4,2.666666666666667e-06,0.6990506666666667,1.024,298,653,2,2
a4ad1746927a2d08c40f7b23,VisA,macaroni2,source_fit,4,tiny_compact,27,1.8e-05,4.718592,4.096,283,654,8,8
a4ad1746927a2d08c40f7b23,VisA,macaroni2,source_fit,5,tiny_compact,2,1.3333333333333334e-06,0.34952533333333335,1.024,258,667,1,2
a4ad1746927a2d08c40f7b23,VisA,macaroni2,source_fit,6,tiny_compact,6,4e-06,1.048576,1.536,258,673,3,3
f1974de0999ddbae2228d155,VisA,macaroni2,source_fit,1,tiny_compact,284,0.00018933333333333335,49.63259733333334,11.946666666666667,902,344,35,18
f1974de0999ddbae2228d155,VisA,macaroni2,source_fit,2,tiny_compact,14,9.333333333333333e-06,2.446677333333333,2.56,898,347,4,5
f1974de0999ddbae2228d155,VisA,macaroni2,source_fit,3,tiny_compact,39,2.6e-05,6.815744,3.7546666666666666,936,359,11,7
f1974de0999ddbae2228d155,VisA,macaroni2,source_fit,4,tiny_compact,25,1.6666666666666667e-05,4.369066666666667,3.584,938,367,8,7
f1974de0999ddbae2228d155,VisA,macaroni2,source_fit,5,tiny_compact,3,2e-06,0.524288,1.024,937,375,2,2
0822b68a9a064a98dd389a74,VisA,macaroni2,source_fit,1,tiny_compact,1400,0.0009333333333333333,244.66773333333333,20.48,858,576,47,40
56f5ac5c6ad735dba1cd3bb8,VisA,macaroni2,source_fit,1,tiny_compact,791,0.0005273333333333333,138.23726933333333,18.432,942,724,54,32
56f5ac5c6ad735dba1cd3bb8,VisA,macaroni2,source_fit,2,tiny_compact,15,1e-05,2.62144,4.096,977,746,4,8
56f5ac5c6ad735dba1cd3bb8,VisA,macaroni2,source_fit,3,tiny_compact,12,8e-06,2.097152,3.072,984,758,9,4
57a3f07a9f8ab3e2fb963fa5,VisA,macaroni2,source_fit,1,tiny_compact,647,0.0004313333333333333,113.07144533333333,25.088,949,222,31,49
57a3f07a9f8ab3e2fb963fa5,VisA,macaroni2,source_fit,2,tiny_compact,130,8.666666666666667e-05,22.719146666666667,7.168,934,228,17,14
57a3f07a9f8ab3e2fb963fa5,VisA,macaroni2,source_fit,3,tiny_compact,22,1.4666666666666666e-05,3.8447786666666666,3.584,956,274,8,7
519fe0e89bba0403a2a1022d,VisA,macaroni2,source_fit,1,tiny_compact,15,1e-05,2.62144,2.56,1169,600,4,5
519fe0e89bba0403a2a1022d,VisA,macaroni2,source_fit,2,tiny_compact,531,0.000354,92.798976,16.72533333333333,1143,604,49,30
519fe0e89bba0403a2a1022d,VisA,macaroni2,source_fit,3,tiny_compact,54,3.6e-05,9.437184,8.192,1191,604,5,16
519fe0e89bba0403a2a1022d,VisA,macaroni2,source_fit,4,tiny_compact,11,7.333333333333333e-06,1.9223893333333333,2.3893333333333335,1156,637,7,3
9fe1a7a0cd53409fd91c9cb5,VisA,macaroni2,source_fit,1,tiny_compact,620,0.0004133333333333333,108.35285333333333,19.968,675,649,39,39
9fe1a7a0cd53409fd91c9cb5,VisA,macaroni2,source_fit,2,tiny_compact,8,5.333333333333334e-06,1.3981013333333334,1.536,706,664,4,3
9fe1a7a0cd53409fd91c9cb5,VisA,macaroni2,source_fit,3,tiny_compact,25,1.6666666666666667e-05,4.369066666666667,3.072,666,684,6,6
9fe1a7a0cd53409fd91c9cb5,VisA,macaroni2,source_fit,4,tiny_compact,24,1.6e-05,4.194304,3.072,696,685,6,6
9fe1a7a0cd53409fd91c9cb5,VisA,macaroni2,source_fit,5,tiny_compact,8,5.333333333333334e-06,1.3981013333333334,1.536,680,695,4,3
b615744a82c716e79d04f34d,VisA,macaroni2,source_fit,1,tiny_compact,1117,0.0007446666666666667,195.20989866666667,23.04,375,636,50,45
b615744a82c716e79d04f34d,VisA,macaroni2,source_fit,2,tiny_compact,39,2.6e-05,6.815744,6.656,426,652,9,13
b615744a82c716e79d04f34d,VisA,macaroni2,source_fit,3,tiny_compact,14,9.333333333333333e-06,2.446677333333333,2.7306666666666666,375,654,8,4
b615744a82c716e79d04f34d,VisA,macaroni2,source_fit,4,tiny_compact,15,1e-05,2.62144,2.048,394,673,5,4
b615744a82c716e79d04f34d,VisA,macaroni2,source_fit,5,tiny_compact,9,6e-06,1.572864,2.048,389,679,6,2
d0dce877e6cda5e371822352,VisA,macaroni2,source_fit,1,tiny_compact,599,0.00039933333333333335,104.68283733333334,15.872,765,366,26,31
fd40c99a12d76a57de528883,VisA,macaroni2,source_fit,1,tiny_compact,823,0.0005486666666666667,143.82967466666668,16.384,178,315,48,23
b93330f8ec0ec06fd567db25,VisA,macaroni2,source_fit,1,tiny_compact,429,0.000286,74.973184,11.776,849,350,23,23
912ee1c771818f300df8bf39,VisA,macaroni2,source_fit,1,tiny_compact,533,0.0003553333333333333,93.14850133333333,16.384,691,460,25,32
b215ef7749e71b9cb6e4e9fb,VisA,macaroni2,source_fit,1,tiny_compact,568,0.0003786666666666667,99.26519466666667,16.896,924,596,23,33
9da86506405268facfc8f498,VisA,macaroni2,source_fit,1,tiny_compact,508,0.00033866666666666664,88.77943466666666,13.824,259,196,27,27
26d6fd632bf434a131f6ec4e,VisA,macaroni2,source_fit,1,tiny_compact,566,0.0003773333333333333,98.91566933333333,14.336,189,468,28,28
38adb42e111febc3aaefacba,VisA,macaroni2,source_fit,1,tiny_compact,693,0.000462,121.110528,14.336,763,382,42,23
a347c980a564f328aebde63b,VisA,macaroni2,source_fit,1,tiny_compact,461,0.00030733333333333334,80.56558933333334,18.432,1277,721,20,36
74889680237c02d94022f094,VisA,macaroni2,source_fit,1,tiny_compact,904,0.0006026666666666667,157.98545066666668,17.066666666666666,1231,816,50,26
e3d133714c0f05814f496648,VisA,macaroni2,source_fit,1,tiny_compact,709,0.00047266666666666665,123.90673066666666,17.408,1178,248,39,34
37adcf1d496e402eae667b36,VisA,macaroni2,source_fit,1,tiny_compact,483,0.000322,84.410368,13.312,786,148,25,26
77480b68d94b0c9f9f2bd72e,VisA,macaroni2,source_fit,1,tiny_compact,620,0.0004133333333333333,108.35285333333333,14.848,1287,605,30,29
b715236e21705c0f16885250,VisA,macaroni2,source_fit,1,tiny_compact,512,0.00034133333333333335,89.47848533333334,17.408,1217,673,24,34
3f4645ae574aa13ac1a18dd6,VisA,macaroni2,source_fit,1,tiny_compact,513,0.000342,89.653248,11.776,1163,359,30,23
2ca215e8e7ea31fa3a35a3cc,VisA,macaroni2,source_fit,1,tiny_compact,661,0.0004406666666666667,115.51812266666667,13.824,305,817,36,27
260dc45bbc85f7b24f7f267c,VisA,macaroni2,source_fit,1,tiny_compact,346,0.00023066666666666667,60.46788266666667,16.384,1107,562,22,32
398c22d13c653f57cd601bfe,VisA,macaroni2,source_fit,1,tiny_compact,316,0.00021066666666666667,55.22500266666667,12.288,153,416,20,24
e2b654828a5193f8b616f3bb,VisA,macaroni2,source_fit,1,tiny_compact,342,0.000228,59.768832,16.384,1225,737,15,32
1dea0ee12acb9c510e2cdd46,VisA,macaroni2,source_fit,1,tiny_compact,536,0.0003573333333333333,93.67278933333333,12.8,1280,743,33,25
89ddb9c1cd38234b74750970,VisA,macaroni2,source_fit,1,tiny_compact,257,0.00017133333333333334,44.914005333333336,8.704,375,293,20,17
d79c739cfd0c7a8ddad5bb2b,VisA,macaroni2,source_fit,1,tiny_compact,301,0.00020066666666666667,52.60356266666667,11.776,1083,580,19,23
a9a764ece6fb7ca57e54752f,VisA,macaroni2,source_fit,1,tiny_compact,209,0.00013933333333333332,36.52539733333333,8.704,1115,204,16,17
a5e0aa291b7e878eb282bd94,VisA,macaroni2,source_fit,1,tiny_compact,263,0.00017533333333333333,45.96258133333333,10.24,315,284,20,20
d4191d1b56f640d6a801911e,VisA,macaroni2,source_fit,1,tiny_compact,192,0.000128,33.554432,7.509333333333333,912,707,22,13
7e8ffcd62777541ce5d7dcfe,VisA,macaroni2,source_fit,1,tiny_compact,352,0.00023466666666666666,61.516458666666665,11.776,323,678,24,23
14947f4fbed997508681936b,VisA,macaroni2,source_fit,1,tiny_compact,437,0.00029133333333333333,76.37128533333333,12.288,706,282,24,24
576ecdd2034b836ce755cc5a,VisA,macaroni2,source_fit,1,tiny_compact,350,0.00023333333333333333,61.16693333333333,10.752,1188,574,23,21
8248cbd34f6cce2df014846e,VisA,macaroni2,source_fit,1,tiny_compact,289,0.00019266666666666667,50.50641066666667,8.704,1170,190,24,17
a05c6cd02e90eae80a4d2f1c,VisA,macaroni2,source_fit,1,tiny_compact,259,0.00017266666666666667,45.26353066666667,8.192,282,428,22,16
f1d17364deb292c99d749920,VisA,macaroni2,source_fit,1,tiny_compact,301,0.00020066666666666667,52.60356266666667,12.288,1030,200,19,24
b7e61b03528d51c88838e31c,VisA,macaroni2,source_fit,1,tiny_compact,471,0.000314,82.313216,15.872,1062,205,25,31
21b2c0a524a8bfb810c613c6,VisA,macaroni2,source_fit,1,tiny_compact,1263,0.000842,220.725248,19.456,1018,779,56,38
f85176278608d1dceff94b4b,VisA,macaroni2,source_fit,1,tiny_compact,822,0.000548,143.654912,16.384,1004,397,40,32
d8767d99c1d4860e49c078b3,VisA,macaroni2,source_fit,1,tiny_compact,136,9.066666666666667e-05,23.767722666666668,7.68,1232,302,13,15
0d589de7718ba1b4532880ec,VisA,macaroni2,source_fit,1,tiny_compact,254,0.00016933333333333332,44.38971733333333,9.728,1004,783,27,19
8911db1dabb5828791f3bdb1,VisA,macaroni2,source_fit,1,larger,1514,0.0010093333333333334,264.59067733333336,47.616,1112,394,63,93
bbac3c92a49a7df39fd013a2,VisA,macaroni2,source_fit,1,tiny_compact,788,0.0005253333333333334,137.71298133333335,23.04,692,424,41,45
b2bfc2ce945399e86fa4d118,VisA,macaroni2,source_fit,1,larger,2810,0.0018733333333333334,491.08309333333335,29.696,768,628,87,52
d535fdc73b7a40b73f50cba8,VisA,macaroni2,source_fit,1,larger,2614,0.0017426666666666667,456.82961066666667,40.448,302,337,53,79
0d393af7221ca9197c2c5d73,VisA,macaroni2,source_fit,1,tiny_compact,871,0.0005806666666666666,152.21828266666665,20.48,1026,143,49,40
379fa23ea1bb36eb6d0acb95,VisA,macaroni2,source_fit,1,tiny_compact,395,0.00026333333333333336,69.03125333333334,14.848,1309,395,28,29
b86929d14e198629e6ab27c3,VisA,macaroni2,source_fit,1,larger,1817,0.0012113333333333334,317.54376533333334,31.232,211,392,56,61
65d42137359fa24e0df540b1,VisA,macaroni2,source_fit,1,tiny_compact,1104,0.000736,192.937984,23.552,1016,347,44,46
26eec54b18e8cba99626757c,VisA,macaroni2,source_fit,1,larger,2854,0.0019026666666666667,498.77265066666666,35.328,302,730,73,69
243cf774d89a3f3be1a370ad,VisA,macaroni2,source_fit,1,tiny_compact,1395,0.00093,243.79392,24.064,737,167,49,47
b0850a01724998d12c702626,VisA,macaroni2,source_fit,1,tiny_compact,1254,0.000836,219.152384,24.576,867,289,44,48
3428f8693b2e18ca84800e9d,VisA,macaroni2,source_fit,1,larger,1698,0.001132,296.747008,29.696,890,564,50,58
d2aa4f8570cfabc3225ef991,VisA,macaroni2,source_fit,1,larger,2000,0.0013333333333333333,349.5253333333333,29.184,272,384,60,57
eae40d57f118ed32069bdd26,VisA,macaroni2,source_fit,1,tiny_compact,1114,0.0007426666666666666,194.68561066666666,21.504,856,407,45,42
74d31bb9848465744b6b502a,VisA,macaroni2,source_fit,1,larger,1514,0.0010093333333333334,264.59067733333336,26.112,302,515,62,51
6e71b0a437d17eba07a7a7a4,VisA,macaroni2,source_fit,1,larger,2458,0.0016386666666666667,429.5666346666667,53.248,1141,715,69,104
6e71b0a437d17eba07a7a7a4,VisA,macaroni2,source_fit,2,tiny_compact,186,0.000124,32.505856,9.216,1152,791,25,18
6e71b0a437d17eba07a7a7a4,VisA,macaroni2,source_fit,3,tiny_compact,31,2.0666666666666666e-05,5.417642666666667,3.072,1152,812,9,5
22fea48efc706041289e9a7b,VisA,macaroni2,source_fit,1,larger,1563,0.001042,273.154048,30.72,562,350,42,60
22fea48efc706041289e9a7b,VisA,macaroni2,source_fit,2,tiny_compact,1,6.666666666666667e-07,0.17476266666666668,0.512,547,426,1,1
15fe0ec6952569c6d987e369,VisA,macaroni2,source_fit,1,tiny_compact,1027,0.0006846666666666666,179.48125866666666,22.016,966,694,42,43
6e319946b7cb0bbef87a6245,VisA,macaroni2,source_fit,1,tiny_compact,989,0.0006593333333333334,172.84027733333335,19.968,613,404,44,39
bca9e17fdbb4da05ef608bb9,VisA,macaroni2,source_fit,1,tiny_compact,935,0.0006233333333333334,163.40309333333335,23.04,1044,508,43,45
bca9e17fdbb4da05ef608bb9,VisA,macaroni2,source_fit,2,tiny_compact,1,6.666666666666667e-07,0.17476266666666668,0.512,1048,552,1,1
cc1ee3abeee827425ec2c456,VisA,macaroni2,source_fit,1,larger,1763,0.0011753333333333334,308.10658133333334,32.256,297,438,52,63
6008113371fb50d467d8cf5c,VisA,macaroni2,source_fit,1,tiny_compact,6,4e-06,1.048576,2.048,1194,683,6,1
6008113371fb50d467d8cf5c,VisA,macaroni2,source_fit,2,tiny_compact,2,1.3333333333333334e-06,0.34952533333333335,0.6826666666666666,1173,685,2,1
6008113371fb50d467d8cf5c,VisA,macaroni2,source_fit,3,tiny_compact,2,1.3333333333333334e-06,0.34952533333333335,1.024,1201,684,2,2
6008113371fb50d467d8cf5c,VisA,macaroni2,source_fit,4,tiny_compact,1,6.666666666666667e-07,0.17476266666666668,0.512,1177,686,1,1
6008113371fb50d467d8cf5c,VisA,macaroni2,source_fit,5,tiny_compact,2,1.3333333333333334e-06,0.34952533333333335,1.024,1205,688,2,2
6008113371fb50d467d8cf5c,VisA,macaroni2,source_fit,6,tiny_compact,2,1.3333333333333334e-06,0.34952533333333335,1.024,1207,691,2,2
6008113371fb50d467d8cf5c,VisA,macaroni2,source_fit,7,tiny_compact,1,6.666666666666667e-07,0.17476266666666668,0.512,1190,692,1,1
6008113371fb50d467d8cf5c,VisA,macaroni2,source_fit,8,tiny_compact,1,6.666666666666667e-07,0.17476266666666668,0.512,1192,693,1,1
6008113371fb50d467d8cf5c,VisA,macaroni2,source_fit,9,tiny_compact,2,1.3333333333333334e-06,0.34952533333333335,1.024,1194,694,2,2
6008113371fb50d467d8cf5c,VisA,macaroni2,source_fit,10,tiny_compact,10,6.666666666666667e-06,1.7476266666666667,5.12,1211,694,10,10
6008113371fb50d467d8cf5c,VisA,macaroni2,source_fit,11,tiny_compact,1,6.666666666666667e-07,0.17476266666666668,0.512,1197,696,1,1
6008113371fb50d467d8cf5c,VisA,macaroni2,source_fit,12,tiny_compact,1,6.666666666666667e-07,0.17476266666666668,0.512,1201,699,1,1
6008113371fb50d467d8cf5c,VisA,macaroni2,source_fit,13,tiny_compact,2,1.3333333333333334e-06,0.34952533333333335,1.024,1203,700,2,2
6008113371fb50d467d8cf5c,VisA,macaroni2,source_fit,14,tiny_compact,3,2e-06,0.524288,1.024,1206,702,3,2
6008113371fb50d467d8cf5c,VisA,macaroni2,source_fit,15,tiny_compact,1,6.666666666666667e-07,0.17476266666666668,0.512,1210,704,1,1
6008113371fb50d467d8cf5c,VisA,macaroni2,source_fit,16,tiny_compact,1,6.666666666666667e-07,0.17476266666666668,0.512,1212,705,1,1
6008113371fb50d467d8cf5c,VisA,macaroni2,source_fit,17,tiny_compact,4,2.666666666666667e-06,0.6990506666666667,2.048,1221,705,3,4
6008113371fb50d467d8cf5c,VisA,macaroni2,source_fit,18,tiny_compact,2,1.3333333333333334e-06,0.34952533333333335,0.6826666666666666,1215,706,2,1
6008113371fb50d467d8cf5c,VisA,macaroni2,source_fit,19,tiny_compact,2,1.3333333333333334e-06,0.34952533333333335,0.6826666666666666,1219,707,2,1
6008113371fb50d467d8cf5c,VisA,macaroni2,source_fit,20,tiny_compact,2,1.3333333333333334e-06,0.34952533333333335,1.024,1224,709,2,2
6008113371fb50d467d8cf5c,VisA,macaroni2,source_fit,21,tiny_compact,2,1.3333333333333334e-06,0.34952533333333335,1.024,1227,713,2,2
6008113371fb50d467d8cf5c,VisA,macaroni2,source_fit,22,tiny_compact,1,6.666666666666667e-07,0.17476266666666668,0.512,1229,716,1,1
6008113371fb50d467d8cf5c,VisA,macaroni2,source_fit,23,tiny_compact,49,3.266666666666666e-05,8.563370666666666,7.68,1230,718,14,15
6008113371fb50d467d8cf5c,VisA,macaroni2,source_fit,24,tiny_compact,1233,0.000822,215.482368,26.624,1102,788,40,52
66283ca0969bbb84dc6cfe06,VisA,macaroni2,source_fit,1,larger,2210,0.0014733333333333334,386.22549333333336,41.472,746,200,54,81
3ca20c2162a9adab9d240819,VisA,macaroni2,source_fit,1,tiny_compact,332,0.00022133333333333334,58.021205333333334,13.312,263,431,28,26
a68e74f6c39286379bdb618b,VisA,macaroni2,source_fit,1,thin_or_extended_small_area,1272,0.000848,222.298112,50.176,944,238,70,98
2d9695a99f4fdfb5f7fe0814,VisA,macaroni2,source_fit,1,thin_or_extended_small_area,1486,0.0009906666666666666,259.69732266666665,82.60266666666666,401,616,242,131
21cbc2dafd0b25d4fa7f8cd9,VisA,macaroni2,source_fit,1,tiny_compact,1,6.666666666666667e-07,0.17476266666666668,0.512,309,335,1,1
21cbc2dafd0b25d4fa7f8cd9,VisA,macaroni2,source_fit,2,tiny_compact,9,6e-06,1.572864,3.072,314,334,9,1
21cbc2dafd0b25d4fa7f8cd9,VisA,macaroni2,source_fit,3,tiny_compact,1,6.666666666666667e-07,0.17476266666666668,0.512,326,335,1,1
21cbc2dafd0b25d4fa7f8cd9,VisA,macaroni2,source_fit,4,tiny_compact,2,1.3333333333333334e-06,0.34952533333333335,0.6826666666666666,304,337,2,1
21cbc2dafd0b25d4fa7f8cd9,VisA,macaroni2,source_fit,5,tiny_compact,1,6.666666666666667e-07,0.17476266666666668,0.512,307,336,1,1
21cbc2dafd0b25d4fa7f8cd9,VisA,macaroni2,source_fit,6,tiny_compact,2,1.3333333333333334e-06,0.34952533333333335,1.024,328,336,2,2
21cbc2dafd0b25d4fa7f8cd9,VisA,macaroni2,source_fit,7,tiny_compact,12,8e-06,2.097152,4.096,287,339,12,1
21cbc2dafd0b25d4fa7f8cd9,VisA,macaroni2,source_fit,8,tiny_compact,2,1.3333333333333334e-06,0.34952533333333335,0.6826666666666666,300,338,2,1
21cbc2dafd0b25d4fa7f8cd9,VisA,macaroni2,source_fit,9,tiny_compact,3,2e-06,0.524288,1.024,331,338,3,1
21cbc2dafd0b25d4fa7f8cd9,VisA,macaroni2,source_fit,10,tiny_compact,5,3.3333333333333333e-06,0.8738133333333333,1.7066666666666668,336,339,5,1
21cbc2dafd0b25d4fa7f8cd9,VisA,macaroni2,source_fit,11,tiny_compact,2,1.3333333333333334e-06,0.34952533333333335,0.6826666666666666,282,341,2,1
21cbc2dafd0b25d4fa7f8cd9,VisA,macaroni2,source_fit,12,tiny_compact,1,6.666666666666667e-07,0.17476266666666668,0.512,285,340,1,1
21cbc2dafd0b25d4fa7f8cd9,VisA,macaroni2,source_fit,13,tiny_compact,2,1.3333333333333334e-06,0.34952533333333335,0.6826666666666666,342,340,2,1
21cbc2dafd0b25d4fa7f8cd9,VisA,macaroni2,source_fit,14,tiny_compact,3,2e-06,0.524288,1.024,345,341,3,1
21cbc2dafd0b25d4fa7f8cd9,VisA,macaroni2,source_fit,15,tiny_compact,2,1.3333333333333334e-06,0.34952533333333335,1.024,279,342,2,2
21cbc2dafd0b25d4fa7f8cd9,VisA,macaroni2,source_fit,16,tiny_compact,1,6.666666666666667e-07,0.17476266666666668,0.512,349,342,1,1
21cbc2dafd0b25d4fa7f8cd9,VisA,macaroni2,source_fit,17,tiny_compact,1,6.666666666666667e-07,0.17476266666666668,0.512,351,343,1,1
21cbc2dafd0b25d4fa7f8cd9,VisA,macaroni2,source_fit,18,tiny_compact,1,6.666666666666667e-07,0.17476266666666668,0.512,276,345,1,1
21cbc2dafd0b25d4fa7f8cd9,VisA,macaroni2,source_fit,19,tiny_compact,5,3.3333333333333333e-06,0.8738133333333333,2.56,353,344,5,5
21cbc2dafd0b25d4fa7f8cd9,VisA,macaroni2,source_fit,20,tiny_compact,2,1.3333333333333334e-06,0.34952533333333335,1.024,271,347,2,2
21cbc2dafd0b25d4fa7f8cd9,VisA,macaroni2,source_fit,21,tiny_compact,1,6.666666666666667e-07,0.17476266666666668,0.512,274,346,1,1
21cbc2dafd0b25d4fa7f8cd9,VisA,macaroni2,source_fit,22,tiny_compact,7,4.666666666666666e-06,1.2233386666666666,2.56,263,349,7,5
21cbc2dafd0b25d4fa7f8cd9,VisA,macaroni2,source_fit,23,tiny_compact,3,2e-06,0.524288,1.024,359,349,3,2
21cbc2dafd0b25d4fa7f8cd9,VisA,macaroni2,source_fit,24,tiny_compact,6,4e-06,1.048576,2.048,363,351,6,3
21cbc2dafd0b25d4fa7f8cd9,VisA,macaroni2,source_fit,25,tiny_compact,1,6.666666666666667e-07,0.17476266666666668,0.512,257,355,1,1
21cbc2dafd0b25d4fa7f8cd9,VisA,macaroni2,source_fit,26,tiny_compact,2,1.3333333333333334e-06,0.34952533333333335,0.6826666666666666,260,354,2,1
21cbc2dafd0b25d4fa7f8cd9,VisA,macaroni2,source_fit,27,tiny_compact,1,6.666666666666667e-07,0.17476266666666668,0.512,370,354,1,1
21cbc2dafd0b25d4fa7f8cd9,VisA,macaroni2,source_fit,28,tiny_compact,4,2.666666666666667e-06,0.6990506666666667,2.048,372,355,4,4
21cbc2dafd0b25d4fa7f8cd9,VisA,macaroni2,source_fit,29,tiny_compact,3,2e-06,0.524288,1.024,251,357,3,2
21cbc2dafd0b25d4fa7f8cd9,VisA,macaroni2,source_fit,30,tiny_compact,1,6.666666666666667e-07,0.17476266666666668,0.512,255,356,1,1
21cbc2dafd0b25d4fa7f8cd9,VisA,macaroni2,source_fit,31,tiny_compact,10,6.666666666666667e-06,1.7476266666666667,3.4133333333333336,239,358,10,2
21cbc2dafd0b25d4fa7f8cd9,VisA,macaroni2,source_fit,32,tiny_compact,4,2.666666666666667e-06,0.6990506666666667,2.048,239,364,1,4
21cbc2dafd0b25d4fa7f8cd9,VisA,macaroni2,source_fit,33,tiny_compact,2,1.3333333333333334e-06,0.34952533333333335,1.024,240,371,1,2
21cbc2dafd0b25d4fa7f8cd9,VisA,macaroni2,source_fit,34,tiny_compact,1,6.666666666666667e-07,0.17476266666666668,0.512,241,374,1,1
21cbc2dafd0b25d4fa7f8cd9,VisA,macaroni2,source_fit,35,tiny_compact,1,6.666666666666667e-07,0.17476266666666668,0.512,242,376,1,1
21cbc2dafd0b25d4fa7f8cd9,VisA,macaroni2,source_fit,36,tiny_compact,2,1.3333333333333334e-06,0.34952533333333335,1.024,243,378,2,2
21cbc2dafd0b25d4fa7f8cd9,VisA,macaroni2,source_fit,37,tiny_compact,3,2e-06,0.524288,1.536,345,408,2,3
21cbc2dafd0b25d4fa7f8cd9,VisA,macaroni2,source_fit,38,tiny_compact,1,6.666666666666667e-07,0.17476266666666668,0.512,258,411,1,1
21cbc2dafd0b25d4fa7f8cd9,VisA,macaroni2,source_fit,39,tiny_compact,5,3.3333333333333333e-06,0.8738133333333333,1.7066666666666668,264,411,5,1
21cbc2dafd0b25d4fa7f8cd9,VisA,macaroni2,source_fit,40,tiny_compact,3,2e-06,0.524288,1.024,272,410,3,1
21cbc2dafd0b25d4fa7f8cd9,VisA,macaroni2,source_fit,41,tiny_compact,2,1.3333333333333334e-06,0.34952533333333335,0.6826666666666666,278,410,2,1
21cbc2dafd0b25d4fa7f8cd9,VisA,macaroni2,source_fit,42,tiny_compact,3,2e-06,0.524288,1.024,282,411,3,2
21cbc2dafd0b25d4fa7f8cd9,VisA,macaroni2,source_fit,43,tiny_compact,7,4.666666666666666e-06,1.2233386666666666,2.3893333333333335,318,410,7,3
21cbc2dafd0b25d4fa7f8cd9,VisA,macaroni2,source_fit,44,tiny_compact,14,9.333333333333333e-06,2.446677333333333,4.437333333333333,329,411,13,3
21cbc2dafd0b25d4fa7f8cd9,VisA,macaroni2,source_fit,45,tiny_compact,1,6.666666666666667e-07,0.17476266666666668,0.512,343,411,1,1
21cbc2dafd0b25d4fa7f8cd9,VisA,macaroni2,source_fit,46,tiny_compact,1,6.666666666666667e-07,0.17476266666666668,0.512,256,412,1,1
21cbc2dafd0b25d4fa7f8cd9,VisA,macaroni2,source_fit,47,tiny_compact,1,6.666666666666667e-07,0.17476266666666668,0.512,288,413,1,1
21cbc2dafd0b25d4fa7f8cd9,VisA,macaroni2,source_fit,48,tiny_compact,13,8.666666666666666e-06,2.2719146666666665,4.437333333333333,290,413,13,1
21cbc2dafd0b25d4fa7f8cd9,VisA,macaroni2,source_fit,49,tiny_compact,8,5.333333333333334e-06,1.3981013333333334,2.7306666666666666,304,412,8,1
21cbc2dafd0b25d4fa7f8cd9,VisA,macaroni2,source_fit,50,tiny_compact,1,6.666666666666667e-07,0.17476266666666668,0.512,254,414,1,1
21cbc2dafd0b25d4fa7f8cd9,VisA,macaroni2,source_fit,51,tiny_compact,2,1.3333333333333334e-06,0.34952533333333335,0.6826666666666666,326,414,2,1
de66bcee40cc4031e5eaa38a,VisA,macaroni2,source_fit,1,thin_or_extended_small_area,409,0.00027266666666666666,71.47793066666667,113.664,1098,215,165,222
9d5b78927cb437cce31ee393,VisA,macaroni2,source_fit,1,thin_or_extended_small_area,216,0.000144,37.748736,47.104,423,667,57,92
9d5b78927cb437cce31ee393,VisA,macaroni2,source_fit,2,tiny_compact,1,6.666666666666667e-07,0.17476266666666668,0.512,421,759,1,1
9d5b78927cb437cce31ee393,VisA,macaroni2,source_fit,3,tiny_compact,1,6.666666666666667e-07,0.17476266666666668,0.512,417,761,1,1
9d5b78927cb437cce31ee393,VisA,macaroni2,source_fit,4,tiny_compact,1,6.666666666666667e-07,0.17476266666666668,0.512,419,760,1,1
9d5b78927cb437cce31ee393,VisA,macaroni2,source_fit,5,tiny_compact,10,6.666666666666667e-06,1.7476266666666667,3.4133333333333336,404,763,10,6
9d5b78927cb437cce31ee393,VisA,macaroni2,source_fit,6,tiny_compact,1,6.666666666666667e-07,0.17476266666666668,0.512,415,762,1,1
9d5b78927cb437cce31ee393,VisA,macaroni2,source_fit,7,tiny_compact,9,6e-06,1.572864,2.7306666666666666,395,769,8,4
9d5b78927cb437cce31ee393,VisA,macaroni2,source_fit,8,tiny_compact,6,4e-06,1.048576,2.048,388,773,6,1
9d5b78927cb437cce31ee393,VisA,macaroni2,source_fit,9,tiny_compact,47,3.1333333333333334e-05,8.213845333333333,11.264,354,774,33,22
9d5b78927cb437cce31ee393,VisA,macaroni2,source_fit,10,tiny_compact,8,5.333333333333334e-06,1.3981013333333334,2.7306666666666666,325,795,8,3
9d5b78927cb437cce31ee393,VisA,macaroni2,source_fit,11,tiny_compact,5,3.3333333333333333e-06,0.8738133333333333,2.048,337,795,5,4
9d5b78927cb437cce31ee393,VisA,macaroni2,source_fit,12,tiny_compact,12,8e-06,2.097152,3.4133333333333336,343,796,10,5
abd2cc4c976920cbddc44c3d,VisA,macaroni2,source_fit,1,thin_or_extended_small_area,574,0.0003826666666666667,100.31377066666667,62.12266666666667,731,163,182,32
5d05d063e9d61804665f67a7,VisA,macaroni2,source_fit,1,thin_or_extended_small_area,127,8.466666666666666e-05,22.194858666666665,33.792,206,312,90,66
5d05d063e9d61804665f67a7,VisA,macaroni2,source_fit,2,tiny_compact,68,4.5333333333333335e-05,11.883861333333334,18.773333333333333,298,378,55,24
a182f91d4187d68dae715f40,VisA,macaroni2,source_fit,1,tiny_compact,6,4e-06,1.048576,2.048,431,155,6,1
a182f91d4187d68dae715f40,VisA,macaroni2,source_fit,2,tiny_compact,3,2e-06,0.524288,1.024,425,156,3,1
a182f91d4187d68dae715f40,VisA,macaroni2,source_fit,3,tiny_compact,9,6e-06,1.572864,3.072,397,165,9,3
a182f91d4187d68dae715f40,VisA,macaroni2,source_fit,4,tiny_compact,6,4e-06,1.048576,2.048,407,164,6,1
a182f91d4187d68dae715f40,VisA,macaroni2,source_fit,5,tiny_compact,4,2.666666666666667e-06,0.6990506666666667,2.048,414,164,3,4
a182f91d4187d68dae715f40,VisA,macaroni2,source_fit,6,tiny_compact,10,6.666666666666667e-06,1.7476266666666667,3.4133333333333336,386,168,10,4
a182f91d4187d68dae715f40,VisA,macaroni2,source_fit,7,tiny_compact,17,1.1333333333333334e-05,2.9709653333333335,5.802666666666667,365,173,17,8
a182f91d4187d68dae715f40,VisA,macaroni2,source_fit,8,tiny_compact,2,1.3333333333333334e-06,0.34952533333333335,0.6826666666666666,383,172,2,1
a182f91d4187d68dae715f40,VisA,macaroni2,source_fit,9,tiny_compact,54,3.6e-05,9.437184,23.04,321,181,43,45
a182f91d4187d68dae715f40,VisA,macaroni2,source_fit,10,tiny_compact,38,2.5333333333333334e-05,6.640981333333333,12.288,289,227,32,24
a182f91d4187d68dae715f40,VisA,macaroni2,source_fit,11,tiny_compact,8,5.333333333333334e-06,1.3981013333333334,2.7306666666666666,280,251,8,4
a182f91d4187d68dae715f40,VisA,macaroni2,source_fit,12,tiny_compact,5,3.3333333333333333e-06,0.8738133333333333,1.3653333333333333,275,255,4,2
a182f91d4187d68dae715f40,VisA,macaroni2,source_fit,13,tiny_compact,15,1e-05,2.62144,4.608,262,257,12,9
a182f91d4187d68dae715f40,VisA,macaroni2,source_fit,14,tiny_compact,9,6e-06,1.572864,3.072,252,266,9,3
a182f91d4187d68dae715f40,VisA,macaroni2,source_fit,15,tiny_compact,8,5.333333333333334e-06,1.3981013333333334,2.7306666666666666,310,381,8,1
a182f91d4187d68dae715f40,VisA,macaroni2,source_fit,16,tiny_compact,14,9.333333333333333e-06,2.446677333333333,4.778666666666667,320,380,14,2
a182f91d4187d68dae715f40,VisA,macaroni2,source_fit,17,tiny_compact,11,7.333333333333333e-06,1.9223893333333333,3.7546666666666666,336,382,11,1
a182f91d4187d68dae715f40,VisA,macaroni2,source_fit,18,tiny_compact,12,8e-06,2.097152,4.096,361,383,12,3
a182f91d4187d68dae715f40,VisA,macaroni2,source_fit,19,tiny_compact,11,7.333333333333333e-06,1.9223893333333333,3.7546666666666666,375,386,11,2
a182f91d4187d68dae715f40,VisA,macaroni2,source_fit,20,tiny_compact,15,1e-05,2.62144,5.12,397,387,15,2
a182f91d4187d68dae715f40,VisA,macaroni2,source_fit,21,tiny_compact,5,3.3333333333333333e-06,0.8738133333333333,2.56,413,389,4,5
a182f91d4187d68dae715f40,VisA,macaroni2,source_fit,22,larger,1608,0.001072,281.018368,36.181333333333335,281,758,106,65
b4eb10027246cf9f94854690,VisA,macaroni2,source_fit,1,thin_or_extended_small_area,221,0.00014733333333333333,38.62254933333333,59.392,1175,605,124,116
b4eb10027246cf9f94854690,VisA,macaroni2,source_fit,2,tiny_compact,17,1.1333333333333334e-05,2.9709653333333335,5.12,1159,610,15,10
dd4edc1e6dd864bcb8fa34b5,VisA,macaroni2,source_fit,1,tiny_compact,177,0.000118,30.932992,31.744,855,347,51,62
dd4edc1e6dd864bcb8fa34b5,VisA,macaroni2,source_fit,2,thin_or_extended_small_area,214,0.00014266666666666667,37.39921066666667,34.474666666666664,898,362,101,28
dd4edc1e6dd864bcb8fa34b5,VisA,macaroni2,source_fit,3,tiny_compact,146,9.733333333333333e-05,25.515349333333333,15.872,911,378,40,31
bf7f49ab37ec49e2b3ec1cb7,VisA,macaroni2,source_fit,1,thin_or_extended_small_area,697,0.00046466666666666667,121.80957866666667,70.144,885,614,197,137
5e7411eabc11c44764966a52,VisA,macaroni2,source_fit,1,thin_or_extended_small_area,170,0.00011333333333333333,29.709653333333332,63.488,1079,142,52,124
930961ee952b2753e5c2f2e4,VisA,macaroni2,source_fit,1,tiny_compact,27,1.8e-05,4.718592,7.168,876,212,6,14
930961ee952b2753e5c2f2e4,VisA,macaroni2,source_fit,2,thin_or_extended_small_area,174,0.000116,30.408704,43.52,872,228,49,85
626d3cf021255d3a68499679,VisA,macaroni2,source_fit,1,larger,1543,0.0010286666666666667,269.65879466666667,122.368,260,167,100,239
626d3cf021255d3a68499679,VisA,macaroni2,source_fit,2,tiny_compact,27,1.8e-05,4.718592,7.168,355,310,5,14
626d3cf021255d3a68499679,VisA,macaroni2,source_fit,3,tiny_compact,30,2e-05,5.24288,6.144,349,328,4,12
626d3cf021255d3a68499679,VisA,macaroni2,source_fit,4,tiny_compact,38,2.5333333333333334e-05,6.640981333333333,4.096,314,380,7,8
626d3cf021255d3a68499679,VisA,macaroni2,source_fit,5,tiny_compact,11,7.333333333333333e-06,1.9223893333333333,3.072,311,385,3,6
652031ff416a3dde1a8e50d7,VisA,macaroni2,source_fit,1,thin_or_extended_small_area,439,0.00029266666666666666,76.72081066666667,75.264,1177,616,57,147
88d8ef3400369b5d4bfedaea,VisA,macaroni2,source_fit,1,tiny_compact,47,3.1333333333333334e-05,8.213845333333333,6.144,1139,609,11,12
88d8ef3400369b5d4bfedaea,VisA,macaroni2,source_fit,2,tiny_compact,124,8.266666666666667e-05,21.670570666666666,14.336,1133,620,12,28
88d8ef3400369b5d4bfedaea,VisA,macaroni2,source_fit,3,tiny_compact,297,0.000198,51.904512,24.064,1159,628,49,47
88d8ef3400369b5d4bfedaea,VisA,macaroni2,source_fit,4,tiny_compact,92,6.133333333333334e-05,16.078165333333335,8.192,1148,648,13,16
88d8ef3400369b5d4bfedaea,VisA,macaroni2,source_fit,5,tiny_compact,315,0.00021,55.05024,19.968,1159,666,35,39
88d8ef3400369b5d4bfedaea,VisA,macaroni2,source_fit,6,tiny_compact,114,7.6e-05,19.922944,14.336,1192,706,15,28
88d8ef3400369b5d4bfedaea,VisA,macaroni2,source_fit,7,tiny_compact,14,9.333333333333333e-06,2.446677333333333,3.072,1208,742,3,6
80456b01901cdc1d20ba82c8,VisA,macaroni2,source_fit,1,tiny_compact,34,2.2666666666666668e-05,5.941930666666667,7.68,316,607,6,15
80456b01901cdc1d20ba82c8,VisA,macaroni2,source_fit,2,thin_or_extended_small_area,339,0.000226,59.244544,33.792,299,632,42,66
80456b01901cdc1d20ba82c8,VisA,macaroni2,source_fit,3,tiny_compact,269,0.00017933333333333335,47.01115733333334,24.576,324,633,24,48
80456b01901cdc1d20ba82c8,VisA,macaroni2,source_fit,4,tiny_compact,110,7.333333333333333e-05,19.223893333333333,15.36,349,705,13,30
c0a76fcded4285964ed51841,VisA,macaroni2,source_fit,1,tiny_compact,85,5.6666666666666664e-05,14.854826666666666,7.68,810,204,7,15
c0a76fcded4285964ed51841,VisA,macaroni2,source_fit,2,tiny_compact,190,0.00012666666666666666,33.204906666666666,16.896,811,227,12,33
c0a76fcded4285964ed51841,VisA,macaroni2,source_fit,3,tiny_compact,166,0.00011066666666666667,29.010602666666667,8.192,777,232,17,16
c0a76fcded4285964ed51841,VisA,macaroni2,source_fit,4,tiny_compact,162,0.000108,28.311552,13.824,792,260,15,27
c0a76fcded4285964ed51841,VisA,macaroni2,source_fit,5,tiny_compact,26,1.7333333333333332e-05,4.543829333333333,4.096,820,269,4,8
c0a76fcded4285964ed51841,VisA,macaroni2,source_fit,6,tiny_compact,86,5.7333333333333336e-05,15.029589333333334,10.24,807,289,10,20
c0a76fcded4285964ed51841,VisA,macaroni2,source_fit,7,tiny_compact,15,1e-05,2.62144,2.048,816,314,4,4
c0a76fcded4285964ed51841,VisA,macaroni2,source_fit,8,tiny_compact,41,2.7333333333333335e-05,7.165269333333334,6.656,817,320,5,13
c0a76fcded4285964ed51841,VisA,macaroni2,source_fit,9,tiny_compact,14,9.333333333333333e-06,2.446677333333333,2.56,820,334,4,5
4b036904c7b811b28bb4fa44,VisA,macaroni2,source_fit,1,tiny_compact,344,0.00022933333333333334,60.118357333333336,27.648,295,216,51,54
4b036904c7b811b28bb4fa44,VisA,macaroni2,source_fit,2,tiny_compact,169,0.00011266666666666666,29.534890666666666,19.968,321,254,29,39
4b036904c7b811b28bb4fa44,VisA,macaroni2,source_fit,3,tiny_compact,117,7.8e-05,20.447232,11.264,348,265,26,22
4b036904c7b811b28bb4fa44,VisA,macaroni2,source_fit,4,tiny_compact,101,6.733333333333333e-05,17.651029333333334,10.24,375,287,24,20
4b036904c7b811b28bb4fa44,VisA,macaroni2,source_fit,5,tiny_compact,89,5.933333333333334e-05,15.553877333333334,11.776,350,296,16,23
4b036904c7b811b28bb4fa44,VisA,macaroni2,source_fit,6,tiny_compact,18,1.2e-05,3.145728,2.56,408,314,7,5
4b036904c7b811b28bb4fa44,VisA,macaroni2,source_fit,7,tiny_compact,22,1.4666666666666666e-05,3.8447786666666666,3.072,380,328,5,6
ceaee2e842571126fc9e9988,VisA,macaroni2,source_fit,1,tiny_compact,25,1.6666666666666667e-05,4.369066666666667,5.632,1188,233,6,11
ceaee2e842571126fc9e9988,VisA,macaroni2,source_fit,2,tiny_compact,65,4.3333333333333334e-05,11.359573333333334,9.728,1174,251,11,19
ceaee2e842571126fc9e9988,VisA,macaroni2,source_fit,3,tiny_compact,24,1.6e-05,4.194304,5.632,1196,255,6,11
ceaee2e842571126fc9e9988,VisA,macaroni2,source_fit,4,tiny_compact,3,2e-06,0.524288,1.024,1193,257,2,2
ceaee2e842571126fc9e9988,VisA,macaroni2,source_fit,5,tiny_compact,8,5.333333333333334e-06,1.3981013333333334,1.536,1168,258,4,3
ceaee2e842571126fc9e9988,VisA,macaroni2,source_fit,6,tiny_compact,69,4.6e-05,12.058624,14.848,1159,262,16,29
ceaee2e842571126fc9e9988,VisA,macaroni2,source_fit,7,tiny_compact,6,4e-06,1.048576,2.048,1191,274,2,4
ceaee2e842571126fc9e9988,VisA,macaroni2,source_fit,8,tiny_compact,31,2.0666666666666666e-05,5.417642666666667,6.144,1186,280,5,12
ceaee2e842571126fc9e9988,VisA,macaroni2,source_fit,9,tiny_compact,10,6.666666666666667e-06,1.7476266666666667,1.7066666666666668,1139,283,5,3
ceaee2e842571126fc9e9988,VisA,macaroni2,source_fit,10,tiny_compact,19,1.2666666666666667e-05,3.3204906666666667,3.072,1164,285,5,6
ceaee2e842571126fc9e9988,VisA,macaroni2,source_fit,11,tiny_compact,8,5.333333333333334e-06,1.3981013333333334,1.536,1153,287,4,3
ceaee2e842571126fc9e9988,VisA,macaroni2,source_fit,12,tiny_compact,129,8.6e-05,22.544384,13.312,1134,289,18,26
ceaee2e842571126fc9e9988,VisA,macaroni2,source_fit,13,tiny_compact,17,1.1333333333333334e-05,2.9709653333333335,3.584,1176,288,4,7
ceaee2e842571126fc9e9988,VisA,macaroni2,source_fit,14,tiny_compact,31,2.0666666666666666e-05,5.417642666666667,3.072,1160,302,8,6
ceaee2e842571126fc9e9988,VisA,macaroni2,source_fit,15,tiny_compact,15,1e-05,2.62144,2.048,1171,303,5,4
ceaee2e842571126fc9e9988,VisA,macaroni2,source_fit,16,tiny_compact,4,2.666666666666667e-06,0.6990506666666667,1.024,1157,307,2,2
ceaee2e842571126fc9e9988,VisA,macaroni2,source_fit,17,tiny_compact,11,7.333333333333333e-06,1.9223893333333333,3.072,1146,311,6,6
ceaee2e842571126fc9e9988,VisA,macaroni2,source_fit,18,tiny_compact,72,4.8e-05,12.582912,7.68,1151,313,11,15
ceaee2e842571126fc9e9988,VisA,macaroni2,source_fit,19,tiny_compact,84,5.6e-05,14.680064,9.728,1127,318,11,19
ceaee2e842571126fc9e9988,VisA,macaroni2,source_fit,20,tiny_compact,5,3.3333333333333333e-06,0.8738133333333333,1.536,1142,321,2,3
ceaee2e842571126fc9e9988,VisA,macaroni2,source_fit,21,tiny_compact,32,2.1333333333333335e-05,5.592405333333334,5.12,1141,332,9,10
ceaee2e842571126fc9e9988,VisA,macaroni2,source_fit,22,tiny_compact,16,1.0666666666666667e-05,2.796202666666667,3.584,1133,342,4,7
ceaee2e842571126fc9e9988,VisA,macaroni2,source_fit,23,tiny_compact,17,1.1333333333333334e-05,2.9709653333333335,2.56,1132,358,5,5
8ce78565de343dad369b1098,VisA,macaroni2,source_fit,1,tiny_compact,94,6.266666666666667e-05,16.427690666666667,8.704,1007,276,22,17
8ce78565de343dad369b1098,VisA,macaroni2,source_fit,2,thin_or_extended_small_area,1238,0.0008253333333333333,216.35618133333332,46.42133333333334,1034,287,136,49
8ce78565de343dad369b1098,VisA,macaroni2,source_fit,3,tiny_compact,237,0.000158,41.418752,10.752,1017,296,23,21
8ce78565de343dad369b1098,VisA,macaroni2,source_fit,4,tiny_compact,61,4.066666666666667e-05,10.660522666666667,9.557333333333334,1047,336,28,6
8ce78565de343dad369b1098,VisA,macaroni2,source_fit,5,tiny_compact,12,8e-06,2.097152,2.048,1079,344,4,4
8ce78565de343dad369b1098,VisA,macaroni2,source_fit,6,tiny_compact,62,4.133333333333333e-05,10.835285333333333,6.485333333333333,1037,347,19,7
8ce78565de343dad369b1098,VisA,macaroni2,source_fit,7,tiny_compact,8,5.333333333333334e-06,1.3981013333333334,1.536,1042,354,4,3
da459dabcb47161c978b77d5,VisA,macaroni2,source_fit,1,thin_or_extended_small_area,950,0.0006333333333333333,166.02453333333332,48.81066666666667,818,246,143,92
da459dabcb47161c978b77d5,VisA,macaroni2,source_fit,2,tiny_compact,62,4.133333333333333e-05,10.835285333333333,5.802666666666667,899,276,17,10
da459dabcb47161c978b77d5,VisA,macaroni2,source_fit,3,tiny_compact,13,8.666666666666666e-06,2.2719146666666665,2.56,820,293,3,5
da459dabcb47161c978b77d5,VisA,macaroni2,source_fit,4,tiny_compact,12,8e-06,2.097152,2.048,876,297,5,4
da459dabcb47161c978b77d5,VisA,macaroni2,source_fit,5,tiny_compact,53,3.5333333333333336e-05,9.262421333333334,9.557333333333334,893,298,28,12
da459dabcb47161c978b77d5,VisA,macaroni2,source_fit,6,tiny_compact,67,4.4666666666666664e-05,11.709098666666666,6.144,799,301,18,11
da459dabcb47161c978b77d5,VisA,macaroni2,source_fit,7,tiny_compact,52,3.4666666666666665e-05,9.087658666666666,5.12,820,304,15,5
da459dabcb47161c978b77d5,VisA,macaroni2,source_fit,8,tiny_compact,5,3.3333333333333333e-06,0.8738133333333333,1.024,861,311,3,2
da459dabcb47161c978b77d5,VisA,macaroni2,source_fit,9,tiny_compact,276,0.000184,48.234496,13.994666666666667,836,313,41,20
da459dabcb47161c978b77d5,VisA,macaroni2,source_fit,10,tiny_compact,36,2.4e-05,6.291456,4.096,881,318,7,8
da459dabcb47161c978b77d5,VisA,macaroni2,source_fit,11,tiny_compact,15,1e-05,2.62144,2.3893333333333335,873,327,7,3
da459dabcb47161c978b77d5,VisA,macaroni2,source_fit,12,tiny_compact,6,4e-06,1.048576,2.048,826,333,6,1
da459dabcb47161c978b77d5,VisA,macaroni2,source_fit,13,tiny_compact,15,1e-05,2.62144,2.7306666666666666,828,335,8,2
8055987a8be0ec738d12db2d,VisA,macaroni2,source_fit,1,tiny_compact,17,1.1333333333333334e-05,2.9709653333333335,5.632,354,273,4,11
8055987a8be0ec738d12db2d,VisA,macaroni2,source_fit,2,tiny_compact,4,2.666666666666667e-06,0.6990506666666667,2.048,358,285,2,4
8055987a8be0ec738d12db2d,VisA,macaroni2,source_fit,3,tiny_compact,60,4e-05,10.48576,8.192,353,289,14,16
8055987a8be0ec738d12db2d,VisA,macaroni2,source_fit,4,tiny_compact,6,4e-06,1.048576,2.56,360,291,3,5
8055987a8be0ec738d12db2d,VisA,macaroni2,source_fit,5,tiny_compact,260,0.00017333333333333334,45.438293333333334,27.136,363,308,44,53
8055987a8be0ec738d12db2d,VisA,macaroni2,source_fit,6,tiny_compact,7,4.666666666666666e-06,1.2233386666666666,2.048,386,341,3,4
8055987a8be0ec738d12db2d,VisA,macaroni2,source_fit,7,tiny_compact,37,2.4666666666666665e-05,6.466218666666666,6.656,384,350,6,13
8055987a8be0ec738d12db2d,VisA,macaroni2,source_fit,8,tiny_compact,20,1.3333333333333333e-05,3.4952533333333333,2.56,392,355,6,5
8055987a8be0ec738d12db2d,VisA,macaroni2,source_fit,9,tiny_compact,56,3.733333333333333e-05,9.786709333333333,8.704,397,362,12,17
8055987a8be0ec738d12db2d,VisA,macaroni2,source_fit,10,tiny_compact,21,1.4e-05,3.670016,3.072,408,367,7,6
8055987a8be0ec738d12db2d,VisA,macaroni2,source_fit,11,tiny_compact,47,3.1333333333333334e-05,8.213845333333333,7.68,395,372,8,15
8055987a8be0ec738d12db2d,VisA,macaroni2,source_fit,12,tiny_compact,35,2.3333333333333332e-05,6.116693333333333,3.072,417,378,8,6
7b1a21bf83ad6a88ead37086,VisA,macaroni2,source_fit,1,tiny_compact,82,5.466666666666667e-05,14.330538666666667,9.728,1084,610,13,19
7b1a21bf83ad6a88ead37086,VisA,macaroni2,source_fit,2,thin_or_extended_small_area,622,0.00041466666666666664,108.70237866666666,35.328,1016,628,72,69
7b1a21bf83ad6a88ead37086,VisA,macaroni2,source_fit,3,tiny_compact,30,2e-05,5.24288,2.7306666666666666,1099,641,8,5
7b1a21bf83ad6a88ead37086,VisA,macaroni2,source_fit,4,tiny_compact,80,5.333333333333333e-05,13.981013333333333,9.728,1045,654,13,19
7b1a21bf83ad6a88ead37086,VisA,macaroni2,source_fit,5,tiny_compact,9,6e-06,1.572864,1.536,1078,669,4,3
7b1a21bf83ad6a88ead37086,VisA,macaroni2,source_fit,6,tiny_compact,10,6.666666666666667e-06,1.7476266666666667,2.048,1017,685,4,4
7b1a21bf83ad6a88ead37086,VisA,macaroni2,source_fit,7,tiny_compact,5,3.3333333333333333e-06,0.8738133333333333,1.024,1023,684,3,2
7b1a21bf83ad6a88ead37086,VisA,macaroni2,source_fit,8,tiny_compact,92,6.133333333333334e-05,16.078165333333335,10.752,999,698,18,21
a4ea2f7f8f34bb57d9bb8dba,VisA,macaroni2,source_fit,1,tiny_compact,217,0.00014466666666666667,37.92349866666667,22.016,451,602,30,43
a4ea2f7f8f34bb57d9bb8dba,VisA,macaroni2,source_fit,2,tiny_compact,13,8.666666666666666e-06,2.2719146666666665,3.072,466,625,4,6
a4ea2f7f8f34bb57d9bb8dba,VisA,macaroni2,source_fit,3,tiny_compact,7,4.666666666666666e-06,1.2233386666666666,1.536,508,633,3,3
a4ea2f7f8f34bb57d9bb8dba,VisA,macaroni2,source_fit,4,tiny_compact,249,0.000166,43.515904,19.968,471,642,30,39
a4ea2f7f8f34bb57d9bb8dba,VisA,macaroni2,source_fit,5,tiny_compact,95,6.333333333333333e-05,16.602453333333333,7.68,438,651,15,15
a4ea2f7f8f34bb57d9bb8dba,VisA,macaroni2,source_fit,6,tiny_compact,13,8.666666666666666e-06,2.2719146666666665,3.584,466,651,5,7
a4ea2f7f8f34bb57d9bb8dba,VisA,macaroni2,source_fit,7,tiny_compact,27,1.8e-05,4.718592,6.656,432,669,9,13
a4ea2f7f8f34bb57d9bb8dba,VisA,macaroni2,source_fit,8,tiny_compact,323,0.00021533333333333333,56.44834133333333,29.184,404,683,67,57
a4ea2f7f8f34bb57d9bb8dba,VisA,macaroni2,source_fit,9,tiny_compact,9,6e-06,1.572864,1.536,414,701,3,3
a4ea2f7f8f34bb57d9bb8dba,VisA,macaroni2,source_fit,10,tiny_compact,113,7.533333333333334e-05,19.748181333333335,10.24,419,704,15,20
9297e2a5561e5cc51211a8a4,VisA,macaroni2,source_fit,1,tiny_compact,68,4.5333333333333335e-05,11.883861333333334,6.144,339,164,18,9
9297e2a5561e5cc51211a8a4,VisA,macaroni2,source_fit,2,tiny_compact,83,5.5333333333333334e-05,14.505301333333334,4.778666666666667,366,176,14,9
9297e2a5561e5cc51211a8a4,VisA,macaroni2,source_fit,3,tiny_compact,247,0.00016466666666666667,43.16637866666667,11.946666666666667,303,180,35,22
9297e2a5561e5cc51211a8a4,VisA,macaroni2,source_fit,4,tiny_compact,218,0.00014533333333333333,38.09826133333333,13.653333333333334,322,190,40,24
9297e2a5561e5cc51211a8a4,VisA,macaroni2,source_fit,5,tiny_compact,50,3.3333333333333335e-05,8.738133333333334,6.144,305,202,10,12
9297e2a5561e5cc51211a8a4,VisA,macaroni2,source_fit,6,tiny_compact,69,4.6e-05,12.058624,7.68,306,209,14,15
9297e2a5561e5cc51211a8a4,VisA,macaroni2,source_fit,7,tiny_compact,120,8e-05,20.97152,10.752,273,215,26,21
9297e2a5561e5cc51211a8a4,VisA,macaroni2,source_fit,8,tiny_compact,180,0.00012,31.45728,16.896,280,221,27,33
699733d5d2d16aff08b0199d,VisA,macaroni2,source_fit,1,tiny_compact,50,3.3333333333333335e-05,8.738133333333334,6.144,1177,728,11,12
699733d5d2d16aff08b0199d,VisA,macaroni2,source_fit,2,thin_or_extended_small_area,451,0.0003006666666666667,78.81796266666667,39.936,1171,741,19,78
699733d5d2d16aff08b0199d,VisA,macaroni2,source_fit,3,tiny_compact,17,1.1333333333333334e-05,2.9709653333333335,4.096,1187,771,6,8
699733d5d2d16aff08b0199d,VisA,macaroni2,source_fit,4,tiny_compact,13,8.666666666666666e-06,2.2719146666666665,2.048,1151,805,4,4
699733d5d2d16aff08b0199d,VisA,macaroni2,source_fit,5,tiny_compact,17,1.1333333333333334e-05,2.9709653333333335,2.048,1157,806,6,4
699733d5d2d16aff08b0199d,VisA,macaroni2,source_fit,6,tiny_compact,15,1e-05,2.62144,2.3893333333333335,1156,810,7,4
699733d5d2d16aff08b0199d,VisA,macaroni2,source_fit,7,tiny_compact,83,5.5333333333333334e-05,14.505301333333334,6.656,1177,819,13,13
699733d5d2d16aff08b0199d,VisA,macaroni2,source_fit,8,tiny_compact,3,2e-06,0.524288,1.536,1170,822,2,3
699733d5d2d16aff08b0199d,VisA,macaroni2,source_fit,9,tiny_compact,8,5.333333333333334e-06,1.3981013333333334,1.536,1168,829,3,3
699733d5d2d16aff08b0199d,VisA,macaroni2,source_fit,10,tiny_compact,17,1.1333333333333334e-05,2.9709653333333335,3.072,1164,834,9,4
699733d5d2d16aff08b0199d,VisA,macaroni2,source_fit,11,tiny_compact,25,1.6666666666666667e-05,4.369066666666667,4.096,1182,835,5,8
699733d5d2d16aff08b0199d,VisA,macaroni2,source_fit,12,tiny_compact,1,6.666666666666667e-07,0.17476266666666668,0.512,1171,839,1,1
699733d5d2d16aff08b0199d,VisA,macaroni2,source_fit,13,tiny_compact,10,6.666666666666667e-06,1.7476266666666667,2.048,1166,841,6,2
699733d5d2d16aff08b0199d,VisA,macaroni2,source_fit,14,tiny_compact,32,2.1333333333333335e-05,5.592405333333334,4.608,1184,846,5,9
28485adba20bcc1631a8d377,VisA,macaroni2,source_fit,1,tiny_compact,5,3.3333333333333333e-06,0.8738133333333333,1.536,1077,661,2,3
28485adba20bcc1631a8d377,VisA,macaroni2,source_fit,2,tiny_compact,27,1.8e-05,4.718592,3.4133333333333336,1077,668,10,5
28485adba20bcc1631a8d377,VisA,macaroni2,source_fit,3,tiny_compact,41,2.7333333333333335e-05,7.165269333333334,3.584,950,674,7,7
28485adba20bcc1631a8d377,VisA,macaroni2,source_fit,4,tiny_compact,20,1.3333333333333333e-05,3.4952533333333333,2.7306666666666666,1090,680,8,5
28485adba20bcc1631a8d377,VisA,macaroni2,source_fit,5,tiny_compact,183,0.000122,31.981568,18.432,912,683,54,10
28485adba20bcc1631a8d377,VisA,macaroni2,source_fit,6,tiny_compact,22,1.4666666666666666e-05,3.8447786666666666,2.56,1027,683,6,5
28485adba20bcc1631a8d377,VisA,macaroni2,source_fit,7,tiny_compact,377,0.00025133333333333333,65.88552533333333,25.6,1032,685,75,16
28485adba20bcc1631a8d377,VisA,macaroni2,source_fit,8,tiny_compact,435,0.00029,76.02176,25.258666666666667,968,686,74,20
28485adba20bcc1631a8d377,VisA,macaroni2,source_fit,9,tiny_compact,7,4.666666666666666e-06,1.2233386666666666,1.3653333333333333,1100,686,4,2
28485adba20bcc1631a8d377,VisA,macaroni2,source_fit,10,tiny_compact,56,3.733333333333333e-05,9.786709333333333,6.485333333333333,1091,695,19,5
310376fc298561257b2f6ac1,VisA,macaroni2,source_fit,1,thin_or_extended_small_area,866,0.0005773333333333333,151.34446933333334,51.2,373,542,22,100
310376fc298561257b2f6ac1,VisA,macaroni2,source_fit,2,tiny_compact,11,7.333333333333333e-06,1.9223893333333333,2.048,380,643,3,4
9bfbaa8b3543a070404c6402,VisA,macaroni2,source_fit,1,tiny_compact,93,6.2e-05,16.252928,15.36,1233,688,14,30
9bfbaa8b3543a070404c6402,VisA,macaroni2,source_fit,2,tiny_compact,16,1.0666666666666667e-05,2.796202666666667,2.56,1253,709,4,5
9bfbaa8b3543a070404c6402,VisA,macaroni2,source_fit,3,tiny_compact,19,1.2666666666666667e-05,3.3204906666666667,3.072,1245,719,5,6
9bfbaa8b3543a070404c6402,VisA,macaroni2,source_fit,4,tiny_compact,9,6e-06,1.572864,2.048,1241,721,3,4
9bfbaa8b3543a070404c6402,VisA,macaroni2,source_fit,5,tiny_compact,67,4.4666666666666664e-05,11.709098666666666,11.264,1241,739,8,22
9bfbaa8b3543a070404c6402,VisA,macaroni2,source_fit,6,thin_or_extended_small_area,412,0.00027466666666666666,72.00221866666666,38.912,1248,738,30,76
9bfbaa8b3543a070404c6402,VisA,macaroni2,source_fit,7,tiny_compact,35,2.3333333333333332e-05,6.116693333333333,5.12,1272,772,4,10
9bfbaa8b3543a070404c6402,VisA,macaroni2,source_fit,8,tiny_compact,6,4e-06,1.048576,1.024,1267,777,3,2
9bfbaa8b3543a070404c6402,VisA,macaroni2,source_fit,9,tiny_compact,10,6.666666666666667e-06,1.7476266666666667,1.536,1267,783,4,3
9bfbaa8b3543a070404c6402,VisA,macaroni2,source_fit,10,tiny_compact,26,1.7333333333333332e-05,4.543829333333333,4.608,1284,819,4,9
e627b7117defb3cdfbc53291,VisA,pcb1,source_development_holdout,1,larger,1524,0.0010144580238038183,265.93408419202814,48.80747663551402,537,755,38,102
3a8bf07b45d07dbde32c82d7,VisA,pcb1,source_development_holdout,1,larger,1687,0.001122959767819581,294.3771653752962,62.68411214953271,646,752,41,131
6016a0b692e7aea96d304bed,VisA,pcb1,source_development_holdout,1,larger,1702,0.0011329445908885162,296.9946268338792,42.10841121495327,634,755,98,88
b3c5e4b55365dfe49bbfc529,VisA,pcb1,source_development_holdout,1,larger,1618,0.001077029581702479,282.33684266581463,37.8018691588785,797,753,102,79
9bb458c7f0a120e60f0f5780,VisA,pcb1,source_development_holdout,1,thin_or_extended_small_area,1109,0.0007382112522299439,193.5176505045664,36.36635514018692,475,762,39,76
9bb458c7f0a120e60f0f5780,VisA,pcb1,source_development_holdout,2,thin_or_extended_small_area,1092,0.0007268951194184839,190.55119418483903,33.97383177570094,514,762,49,71
bd5ea3af2c9e7796fc4885b2,VisA,pcb1,source_development_holdout,1,larger,2792,0.0018585084005644753,487.1968261575738,55.506542056074764,723,749,119,116
635fa95eba6aeafd2fbc4b1b,VisA,pcb1,source_development_holdout,1,larger,1512,0.00100647016534867,263.84011502516177,48.32897196261682,639,750,32,101
635fa95eba6aeafd2fbc4b1b,VisA,pcb1,source_development_holdout,2,thin_or_extended_small_area,1334,0.0008879835982639721,232.7795723833107,44.97943925233645,509,752,35,94
1a691e974afca341bb5607c6,VisA,pcb1,source_development_holdout,1,thin_or_extended_small_area,1395,0.0009285885454109753,243.42391564821472,44.50093457943925,528,753,62,93
1a691e974afca341bb5607c6,VisA,pcb1,source_development_holdout,2,thin_or_extended_small_area,1370,0.0009119471736294166,239.06147988390978,47.850467289719624,700,752,63,100
76b6c61f2186903165b99fd7,VisA,pcb1,source_development_holdout,1,larger,3739,0.0024888835636499187,652.4458929094443,63.162616822429904,555,753,102,132
562e3709953ca4e6e4b2876d,VisA,pcb1,source_development_holdout,1,larger,4769,0.003174508081050137,832.1782463988071,54.07102803738318,616,758,138,113
9edccd3149b8c7ecf98d85b0,VisA,pcb1,source_development_holdout,1,larger,1750,0.0011648960247091088,305.3705035013446,59.81308411214953,587,744,63,125
9edccd3149b8c7ecf98d85b0,VisA,pcb1,source_development_holdout,2,larger,3403,0.0022652235269057697,593.8147562371861,62.68411214953271,635,744,100,131
8ad961d56efb06cc9e822f11,VisA,pcb1,source_development_holdout,1,larger,3890,0.002589397449210533,678.795004925846,62.68411214953271,652,766,83,131
c415f04e8f8cc4ea36be7511,VisA,pcb1,source_development_holdout,1,larger,1793,0.0011935191841733897,312.8738930159491,60.77009345794392,585,744,53,127
c415f04e8f8cc4ea36be7511,VisA,pcb1,source_development_holdout,2,larger,1919,0.0012773916979524455,334.8605692680459,61.248598130841124,699,745,44,128
6c3010fedf8b5c28e9914b8f,VisA,pcb1,source_development_holdout,1,thin_or_extended_small_area,1237,0.0008234150757515244,215.8533216178076,37.8018691588785,610,744,31,79
6c3010fedf8b5c28e9914b8f,VisA,pcb1,source_development_holdout,2,thin_or_extended_small_area,1296,0.0008626887131560029,226.14867002156723,41.62990654205608,658,744,19,87
6c3010fedf8b5c28e9914b8f,VisA,pcb1,source_development_holdout,3,thin_or_extended_small_area,1176,0.0007828101286045211,205.20897835290359,42.10841121495327,714,745,19,88
6c3010fedf8b5c28e9914b8f,VisA,pcb1,source_development_holdout,4,larger,1951,0.0012986926538328407,340.4444870463562,55.985046728971966,777,745,79,117
5a72ee44d10a570b1fd8bb25,VisA,pcb1,source_development_holdout,1,thin_or_extended_small_area,1449,0.0009645339084591421,252.84677689911334,49.76448598130841,763,755,82,104
5a72ee44d10a570b1fd8bb25,VisA,pcb1,source_development_holdout,2,larger,1569,0.0010444124930106238,273.786468567777,49.76448598130841,553,757,83,104
5a72ee44d10a570b1fd8bb25,VisA,pcb1,source_development_holdout,3,larger,1618,0.001077029581702479,282.33684266581463,52.63551401869159,515,760,72,110
d178bd5629b190173e283933,VisA,pcb1,source_development_holdout,1,larger,2392,0.0015922464520595361,417.39785392869504,37.56125356125356,644,692,103,36
4aa0507748155ccd41c16e7b,VisA,pcb1,source_development_holdout,1,larger,3542,0.0023577495540112363,618.0698990867215,44.49002849002849,601,824,122,61
88214944719c4af8d3143df7,VisA,pcb1,source_development_holdout,1,larger,2948,0.0019623505604814016,514.4184253268365,41.20797720797721,659,691,113,36
d36616000cd05d03f27f9267,VisA,pcb1,source_development_holdout,1,larger,2331,0.0015516415049125329,406.753510663791,37.1965811965812,636,697,102,41
c4ac42eb5ee0a4789bf270c7,VisA,pcb1,source_development_holdout,1,larger,3042,0.0020249221183800624,530.8211838006231,33.914529914529915,555,692,93,61
c4ac42eb5ee0a4789bf270c7,VisA,pcb1,source_development_holdout,2,tiny_compact,114,7.588465532390765e-05,19.892707085230448,6.699065420560748,1128,707,17,14
c4ac42eb5ee0a4789bf270c7,VisA,pcb1,source_development_holdout,3,tiny_compact,115,7.655031019517001e-05,20.067204515802647,10.048598130841121,1095,715,14,21
c4ac42eb5ee0a4789bf270c7,VisA,pcb1,source_development_holdout,4,tiny_compact,599,0.0003987272678861464,104.52396091274596,16.774928774928775,1050,729,46,29
c4ac42eb5ee0a4789bf270c7,VisA,pcb1,source_development_holdout,5,tiny_compact,180,0.00011981787682722263,31.409537502995448,6.199430199430199,735,742,17,12
cd76c7f3317d58ab297a3951,VisA,pcb1,source_development_holdout,1,larger,3404,0.0022658891817770323,593.9892536677584,32.09116809116809,601,699,88,56
cd76c7f3317d58ab297a3951,VisA,pcb1,source_development_holdout,2,tiny_compact,1502,0.0009998136166360465,262.09514071943977,20.57570093457944,750,700,47,43
cd76c7f3317d58ab297a3951,VisA,pcb1,source_development_holdout,3,tiny_compact,344,0.00022898527571424767,60.02711611683574,12.441121495327103,714,707,21,26
cd76c7f3317d58ab297a3951,VisA,pcb1,source_development_holdout,4,tiny_compact,29,1.9303991266608088e-05,5.060425486593711,3.8280373831775703,687,708,6,8
cd76c7f3317d58ab297a3951,VisA,pcb1,source_development_holdout,5,tiny_compact,689,0.0004586362062997577,120.22872966424369,28.710280373831775,669,830,20,60
cd76c7f3317d58ab297a3951,VisA,pcb1,source_development_holdout,6,tiny_compact,300,0.00019969646137870436,52.349229171659076,20.097196261682242,615,833,16,42
af0b57367f305eb2a17d8514,VisA,pcb1,source_development_holdout,1,larger,2556,0.0017014138509465612,446.01543254253534,64.91168091168092,654,868,178,44
af0b57367f305eb2a17d8514,VisA,pcb1,source_development_holdout,2,tiny_compact,70,4.659584098836435e-05,12.214820140053785,5.105413105413105,808,869,14,9
af0b57367f305eb2a17d8514,VisA,pcb1,source_development_holdout,3,tiny_compact,1,6.656548712623479e-07,0.17449743057219694,0.4785046728971963,738,881,1,1
6a3a02b2881c1317d6944352,VisA,pcb1,source_development_holdout,1,larger,3140,0.0020901562957637725,547.9219319966984,43.03133903133903,626,703,118,39
76a42f157de24284ad441e6a,VisA,pcb1,source_development_holdout,1,larger,1518,0.0010104640945762442,264.88709960859495,32.45584045584046,688,858,89,29
76a42f157de24284ad441e6a,VisA,pcb1,source_development_holdout,2,tiny_compact,174,0.00011582394759964853,30.362552919562265,10.048598130841121,647,871,15,21
50228ea6895579d622003f6f,VisA,pcb1,source_development_holdout,1,larger,2485,0.0016541523550869346,433.6261149719094,38.655270655270655,698,697,106,44
dbe0623545dce8b3b6d109c2,VisA,pcb1,source_development_holdout,1,larger,2146,0.0014284953537289987,374.47148600793463,26.62108262108262,574,698,73,47
39c5197be54ded8547348437,VisA,pcb1,source_development_holdout,1,larger,2271,0.001511702212636792,396.2836648294592,29.173789173789174,639,692,80,52
b10423a934a65fe8029be8b3,VisA,pcb1,source_development_holdout,1,tiny_compact,445,0.00029621641771174483,77.65135660462764,17.504273504273506,573,629,48,17
b10423a934a65fe8029be8b3,VisA,pcb1,source_development_holdout,2,tiny_compact,10,6.656548712623479e-06,1.7449743057219693,1.4586894586894588,568,636,4,3
b10423a934a65fe8029be8b3,VisA,pcb1,source_development_holdout,3,tiny_compact,4,2.6626194850493917e-06,0.6979897222887878,0.9570093457943926,563,639,2,2
b10423a934a65fe8029be8b3,VisA,pcb1,source_development_holdout,4,tiny_compact,51,3.394839843437974e-05,8.899368959182043,5.742056074766355,613,643,11,12
b10423a934a65fe8029be8b3,VisA,pcb1,source_development_holdout,5,tiny_compact,4,2.6626194850493917e-06,0.6979897222887878,0.9570093457943926,625,643,2,2
b10423a934a65fe8029be8b3,VisA,pcb1,source_development_holdout,6,tiny_compact,31,2.0635301009132785e-05,5.409420347738105,2.8710280373831774,551,649,7,6
b10423a934a65fe8029be8b3,VisA,pcb1,source_development_holdout,7,tiny_compact,85,5.658066405729957e-05,14.832281598636738,6.928774928774929,625,650,19,13
b10423a934a65fe8029be8b3,VisA,pcb1,source_development_holdout,8,tiny_compact,14,9.319168197672871e-06,2.442964028010757,2.392523364485981,547,656,4,5
b10423a934a65fe8029be8b3,VisA,pcb1,source_development_holdout,9,tiny_compact,14,9.319168197672871e-06,2.442964028010757,1.9140186915887851,554,657,4,4
b10423a934a65fe8029be8b3,VisA,pcb1,source_development_holdout,10,tiny_compact,20,1.3313097425246958e-05,3.4899486114439386,2.392523364485981,663,662,5,5
b10423a934a65fe8029be8b3,VisA,pcb1,source_development_holdout,11,tiny_compact,8,5.3252389700987835e-06,1.3959794445775755,1.9140186915887851,671,662,3,4
b10423a934a65fe8029be8b3,VisA,pcb1,source_development_holdout,12,tiny_compact,193,0.00012847139015363315,33.67800410043401,10.21082621082621,537,664,28,15
b10423a934a65fe8029be8b3,VisA,pcb1,source_development_holdout,13,tiny_compact,64,4.260191176079027e-05,11.167835556620604,4.011396011396012,663,668,11,8
b10423a934a65fe8029be8b3,VisA,pcb1,source_development_holdout,14,tiny_compact,502,0.00033415874537369867,87.59771014724286,21.054205607476636,489,683,42,44
b10423a934a65fe8029be8b3,VisA,pcb1,source_development_holdout,15,tiny_compact,21,1.3978752296509305e-05,3.6644460420161353,2.392523364485981,662,682,5,5
b10423a934a65fe8029be8b3,VisA,pcb1,source_development_holdout,16,tiny_compact,22,1.4644407167771654e-05,3.8389434725883325,3.349532710280374,534,685,9,7
b10423a934a65fe8029be8b3,VisA,pcb1,source_development_holdout,17,tiny_compact,40,2.6626194850493917e-05,6.979897222887877,3.8280373831775703,652,684,7,8
b10423a934a65fe8029be8b3,VisA,pcb1,source_development_holdout,18,tiny_compact,26,1.7307026652821045e-05,4.53693319487712,2.8710280373831774,533,693,5,6
b10423a934a65fe8029be8b3,VisA,pcb1,source_development_holdout,19,larger,2115,0.0014078600527198657,369.0620656601965,25.527065527065528,581,694,70,51
b10423a934a65fe8029be8b3,VisA,pcb1,source_development_holdout,20,tiny_compact,8,5.3252389700987835e-06,1.3959794445775755,1.4355140186915887,502,722,3,3
b10423a934a65fe8029be8b3,VisA,pcb1,source_development_holdout,21,tiny_compact,10,6.656548712623479e-06,1.7449743057219693,1.9140186915887851,482,725,3,4
b10423a934a65fe8029be8b3,VisA,pcb1,source_development_holdout,22,tiny_compact,12,7.987858455148174e-06,2.093969166866363,1.4586894586894588,496,727,4,3
b10423a934a65fe8029be8b3,VisA,pcb1,source_development_holdout,23,tiny_compact,1,6.656548712623479e-07,0.17449743057219694,0.4785046728971963,473,728,1,1
b10423a934a65fe8029be8b3,VisA,pcb1,source_development_holdout,24,tiny_compact,49,3.2617088691855045e-05,8.550374098037649,4.3760683760683765,467,728,12,9
b10423a934a65fe8029be8b3,VisA,pcb1,source_development_holdout,25,tiny_compact,12,7.987858455148174e-06,2.093969166866363,1.9140186915887851,481,731,4,4
529b697585bca5778aab04c4,VisA,pcb1,source_development_holdout,1,tiny_compact,588,0.00039140506430226056,102.60448917645179,18.18317757009346,589,826,26,38
529b697585bca5778aab04c4,VisA,pcb1,source_development_holdout,2,larger,1518,0.0010104640945762442,264.88709960859495,29.53846153846154,634,838,81,36
52c0fe23ccdac65dc7944451,VisA,pcb1,source_development_holdout,1,larger,2569,0.0017100673642729718,448.2838991399739,32.09116809116809,589,679,88,57
52c0fe23ccdac65dc7944451,VisA,pcb1,source_development_holdout,2,tiny_compact,85,5.658066405729957e-05,14.832281598636738,4.3760683760683765,579,683,12,9
90be51adb35b52806ba0d167,VisA,pcb1,source_development_holdout,1,larger,2661,0.0017713076124291078,464.33766275261604,37.8018691588785,639,814,78,79
90be51adb35b52806ba0d167,VisA,pcb1,source_development_holdout,2,tiny_compact,88,5.8577628671086616e-05,15.35577389035333,5.742056074766355,739,873,12,12
422a9abdea5f8a6bac79fde4,VisA,pcb1,source_development_holdout,1,tiny_compact,393,0.0002616023644061027,68.5774902148734,22.01121495327103,628,799,14,46
422a9abdea5f8a6bac79fde4,VisA,pcb1,source_development_holdout,2,tiny_compact,155,0.00010317650504566393,27.047101738690525,12.9196261682243,687,800,10,27
422a9abdea5f8a6bac79fde4,VisA,pcb1,source_development_holdout,3,tiny_compact,126,8.387251377905584e-05,21.986676252096814,9.570093457943925,729,800,11,20
422a9abdea5f8a6bac79fde4,VisA,pcb1,source_development_holdout,4,larger,2041,0.001358601592246452,356.1492557978539,37.32336448598131,564,806,81,78
422a9abdea5f8a6bac79fde4,VisA,pcb1,source_development_holdout,5,tiny_compact,540,0.0003594536304816679,94.22861250898634,27.274766355140187,681,825,15,57
422a9abdea5f8a6bac79fde4,VisA,pcb1,source_development_holdout,6,tiny_compact,122,8.120989429400644e-05,21.288686529808025,8.613084112149533,731,829,15,18
422a9abdea5f8a6bac79fde4,VisA,pcb1,source_development_holdout,7,tiny_compact,32,2.1300955880395134e-05,5.583917778310302,4.3065420560747665,733,849,5,9
df6255da319f5f5a957fca34,VisA,pcb1,source_development_holdout,1,larger,2908,0.0019357243656309077,507.43852810394867,35.88785046728972,676,815,73,75
6be096202c2f5627f69df8cb,VisA,pcb1,source_development_holdout,1,larger,2393,0.0015929121069307986,417.57235135926726,26.62108262108262,634,705,73,48
3072ce20cf90f5e99440e6bc,VisA,pcb1,source_development_holdout,1,larger,4049,0.0026952365737412465,706.5400963868253,47.407407407407405,610,677,130,50
f2bf98b580ac49811aac941d,VisA,pcb1,source_development_holdout,1,larger,2451,0.0016315200894640148,427.6932023324547,30.267806267806268,587,683,83,46
4fed9d166ca54ae4e2cbdd5e,VisA,pcb1,source_development_holdout,1,larger,2981,0.001984317171233059,520.1768405357191,29.53846153846154,636,693,81,59
48ae52448a5b6943103b118e,VisA,pcb1,source_development_holdout,1,tiny_compact,253,0.00016841068242937402,44.14784993476582,9.570093457943925,509,654,19,20
48ae52448a5b6943103b118e,VisA,pcb1,source_development_holdout,2,tiny_compact,123,8.187554916526879e-05,21.46318396038022,10.527102803738318,461,680,11,22
48ae52448a5b6943103b118e,VisA,pcb1,source_development_holdout,3,tiny_compact,1017,0.0006769710040738078,177.46388689192426,30.267806267806268,638,709,83,29
48ae52448a5b6943103b118e,VisA,pcb1,source_development_holdout,4,tiny_compact,29,1.9303991266608088e-05,5.060425486593711,2.5527065527065527,832,708,7,5
48ae52448a5b6943103b118e,VisA,pcb1,source_development_holdout,5,tiny_compact,48,3.1951433820592696e-05,8.375876667465452,3.349532710280374,846,711,8,7
48ae52448a5b6943103b118e,VisA,pcb1,source_development_holdout,6,tiny_compact,41,2.7291849721756265e-05,7.154394653460074,3.8280373831775703,814,722,8,8
48ae52448a5b6943103b118e,VisA,pcb1,source_development_holdout,7,tiny_compact,150,9.984823068935218e-05,26.174614585829538,9.846153846153847,452,727,27,8
4bdd749184a92487f374f3ab,VisA,pcb1,source_development_holdout,1,larger,2517,0.0016754533109673297,439.2100327502197,32.538317757009345,565,815,88,68
842cbf0745e696a8e10da9a2,VisA,pcb1,source_development_holdout,1,tiny_compact,78,5.1921079958463136e-05,13.61079958463136,4.7407407407407405,640,800,13,8
842cbf0745e696a8e10da9a2,VisA,pcb1,source_development_holdout,2,tiny_compact,78,5.1921079958463136e-05,13.61079958463136,4.3065420560747665,588,810,11,9
842cbf0745e696a8e10da9a2,VisA,pcb1,source_development_holdout,3,tiny_compact,44,2.9288814335543308e-05,7.677886945176665,6.220560747663551,641,810,8,13
842cbf0745e696a8e10da9a2,VisA,pcb1,source_development_holdout,4,tiny_compact,17,1.1316132811459914e-05,2.9664563197273477,2.392523364485981,694,812,5,5
842cbf0745e696a8e10da9a2,VisA,pcb1,source_development_holdout,5,tiny_compact,13,8.653513326410523e-06,2.26846659743856,1.9140186915887851,637,816,4,4
842cbf0745e696a8e10da9a2,VisA,pcb1,source_development_holdout,6,larger,3021,0.002010943366083553,527.1567377586069,34.45233644859813,578,818,75,72
842cbf0745e696a8e10da9a2,VisA,pcb1,source_development_holdout,7,tiny_compact,64,4.260191176079027e-05,11.167835556620604,5.742056074766355,635,826,9,12
842cbf0745e696a8e10da9a2,VisA,pcb1,source_development_holdout,8,tiny_compact,30,1.9969646137870437e-05,5.234922917165908,3.349532710280374,690,827,5,7
842cbf0745e696a8e10da9a2,VisA,pcb1,source_development_holdout,9,tiny_compact,17,1.1316132811459914e-05,2.9664563197273477,2.5527065527065527,691,834,7,5
842cbf0745e696a8e10da9a2,VisA,pcb1,source_development_holdout,10,tiny_compact,116,7.721596506643235e-05,20.241701946374842,6.199430199430199,688,850,17,9
842cbf0745e696a8e10da9a2,VisA,pcb1,source_development_holdout,11,tiny_compact,48,3.1951433820592696e-05,8.375876667465452,5.263551401869159,690,861,8,11
842cbf0745e696a8e10da9a2,VisA,pcb1,source_development_holdout,12,tiny_compact,8,5.3252389700987835e-06,1.3959794445775755,1.4355140186915887,702,861,3,3
84796433e41b95aa753bf782,VisA,pcb1,source_development_holdout,1,tiny_compact,99,6.589983225497244e-05,17.275245626647497,6.699065420560748,646,333,12,14
84796433e41b95aa753bf782,VisA,pcb1,source_development_holdout,2,tiny_compact,126,8.387251377905584e-05,21.986676252096814,6.928774928774929,682,333,19,11
84796433e41b95aa753bf782,VisA,pcb1,source_development_holdout,3,tiny_compact,208,0.00013845621322256836,36.29546555901696,12.034188034188034,703,333,33,12
84796433e41b95aa753bf782,VisA,pcb1,source_development_holdout,4,tiny_compact,34,2.2632265622919828e-05,5.932912639454695,5.834757834757835,752,334,16,10
84796433e41b95aa753bf782,VisA,pcb1,source_development_holdout,5,larger,15988,0.010642490081742418,2789.8649199882843,81.68660968660969,568,348,224,74
84796433e41b95aa753bf782,VisA,pcb1,source_development_holdout,6,larger,57992,0.03860265729424608,10119.454993742844,128.7177570093458,828,363,274,269
d05061981f58affed931bdbd,VisA,pcb1,source_development_holdout,1,larger,95837,0.06379436589716964,16723.310253747637,166.5196261682243,233,358,350,348
d05061981f58affed931bdbd,VisA,pcb1,source_development_holdout,2,larger,59183,0.03939545224591953,10327.28143355433,130.15327102803738,836,362,277,272
23f9a42b155f330ad983066b,VisA,pcb1,source_development_holdout,1,larger,15523,0.010332960566605426,2708.723614772213,80.22792022792022,570,363,220,72
d244dab5ed65b8c4fabe3bd3,VisA,pcb1,source_development_holdout,1,larger,95789,0.06376241446334904,16714.93437708017,166.9981308411215,783,361,351,349
d244dab5ed65b8c4fabe3bd3,VisA,pcb1,source_development_holdout,2,larger,95389,0.0634961525148441,16645.13540485129,166.9981308411215,239,369,350,349
3dab225ec30eb8d5cbdec634,VisA,pcb1,source_development_holdout,1,larger,59579,0.03965905157493942,10396.38241606092,132.54579439252336,257,356,275,277
3dab225ec30eb8d5cbdec634,VisA,pcb1,source_development_holdout,2,larger,59066,0.03931757062598184,10306.865234177383,131.11028037383178,824,365,277,274
3ef2a58bb9f86d4d6fba6aa6,VisA,pcb1,source_development_holdout,1,larger,59108,0.03934552813057486,10314.194126261416,130.63177570093458,821,367,284,273
3ef2a58bb9f86d4d6fba6aa6,VisA,pcb1,source_development_holdout,2,larger,59476,0.0395904891231994,10378.409180711984,133.50280373831777,269,370,280,279
a7b0d374a67a0a9b5daee1c9,VisA,pcb1,source_development_holdout,1,larger,95116,0.06331442873498948,16597.49760630508,166.5196261682243,226,366,348,348
5f832185524985ca3f0e92d9,VisA,pcb1,source_development_holdout,1,larger,2769,0.0018431983385254413,483.1833852544133,62.68411214953271,641,747,23,131
1d3eb297e517f209f1d7d84c,VisA,pcb1,source_development_holdout,1,larger,1631,0.0010856830950288893,284.60530926325316,60.77009345794392,754,749,23,127
2c951b1265924f7382f5e6b3,VisA,pcb1,source_development_holdout,1,larger,2607,0.0017353622493809409,454.91480150171736,65.07663551401869,580,743,20,136
2c951b1265924f7382f5e6b3,VisA,pcb1,source_development_holdout,2,larger,2571,0.0017113986740154965,448.6328940011183,63.641121495327106,686,742,22,133
2c951b1265924f7382f5e6b3,VisA,pcb1,source_development_holdout,3,larger,2694,0.0017932742231807652,470.0960779614985,62.205607476635514,737,743,24,130
2c951b1265924f7382f5e6b3,VisA,pcb1,source_development_holdout,4,larger,2587,0.001722049151955694,451.4248528902734,64.1196261682243,633,744,22,134
96d29042e067ef2b0e292923,VisA,pcb1,source_development_holdout,1,larger,95936,0.0638602657294246,16740.585499374283,166.9981308411215,265,363,350,349
01a83a014fad55e405a3e709,VisA,pcb1,source_development_holdout,1,tiny_compact,32,2.1300955880395134e-05,5.583917778310302,3.8280373831775703,578,706,5,8
01a83a014fad55e405a3e709,VisA,pcb1,source_development_holdout,2,tiny_compact,26,1.7307026652821045e-05,4.53693319487712,2.392523364485981,577,719,6,5
01a83a014fad55e405a3e709,VisA,pcb1,source_development_holdout,3,tiny_compact,20,1.3313097425246958e-05,3.4899486114439386,2.392523364485981,574,727,5,5
01a83a014fad55e405a3e709,VisA,pcb1,source_development_holdout,4,larger,2175,0.0014477993449956068,379.53191149452834,63.641121495327106,648,743,18,133
01a83a014fad55e405a3e709,VisA,pcb1,source_development_holdout,5,larger,2082,0.0013858934419682084,363.303650451314,62.68411214953271,701,743,17,131
6c029ad079d487365496de90,VisA,pcb1,source_development_holdout,1,larger,2384,0.0015869212130894374,416.0018744841175,65.55514018691589,675,745,23,137
c62ede3434899c46ab3c060b,VisA,pcb1,source_development_holdout,1,thin_or_extended_small_area,450,0.00029954469206805657,78.52384375748862,32.538317757009345,1147,331,14,68
c62ede3434899c46ab3c060b,VisA,pcb1,source_development_holdout,2,tiny_compact,109,7.255638096759592e-05,19.020219932369464,13.398130841121496,1141,384,17,28
c62ede3434899c46ab3c060b,VisA,pcb1,source_development_holdout,3,tiny_compact,1,6.656548712623479e-07,0.17449743057219694,0.4785046728971963,939,393,1,1
c62ede3434899c46ab3c060b,VisA,pcb1,source_development_holdout,4,tiny_compact,149,9.918257581808984e-05,26.000117155257342,10.048598130841121,1133,399,16,21
c62ede3434899c46ab3c060b,VisA,pcb1,source_development_holdout,5,larger,26060,0.017346965945096788,4547.403040711452,87.08785046728973,880,406,179,182
c62ede3434899c46ab3c060b,VisA,pcb1,source_development_holdout,6,tiny_compact,1264,0.0008413877572756078,220.56475224325692,27.274766355140187,571,672,48,57
374ea579413f7ebcbcf16d3c,VisA,pcb1,source_development_holdout,1,larger,59252,0.03944138243203664,10339.321756263813,130.63177570093458,839,368,279,273
fdc9ef93a38479ccb01d0720,VisA,pcb1,source_development_holdout,1,larger,58847,0.03917179220917539,10268.650296882073,130.63177570093458,250,369,276,273
ae88f967f93fdad6f994fcae,VisA,pcb1,source_development_holdout,1,larger,29268,0.019482386772106397,5107.190797987059,94.26542056074766,840,399,195,197
9ee551b136ab48c842ab8213,VisA,pcb1,source_development_holdout,1,larger,1806,0.0012021726974998004,315.14235961338767,60.77009345794392,582,745,16,127
9ee551b136ab48c842ab8213,VisA,pcb1,source_development_holdout,2,larger,1767,0.0011762121575205687,308.33695982107196,62.68411214953271,636,745,18,131
b9d7dae8a5c5fcbebbb0a494,VisA,pcb1,source_development_holdout,1,larger,1805,0.001201507042628538,314.96786218281545,62.205607476635514,603,750,14,130
5b86366603ab17a8469074b2,VisA,pcb1,source_development_holdout,1,larger,79992,0.05324706446201773,13958.398466331177,151.207476635514,804,363,320,316
8a19c172453e419aab8e520d,VisA,pcb1,source_development_holdout,1,tiny_compact,1395,0.0009285885454109753,243.42391564821472,19.618691588785047,645,601,44,41
8be118bc14a8534c33f3d714,VisA,pcb1,source_development_holdout,1,larger,1621,0.001079026546316266,282.8603349575312,21.53271028037383,538,349,50,45
f8d31cce26e9ee33e673a259,VisA,pcb1,source_development_holdout,1,tiny_compact,22,1.4644407167771654e-05,3.8389434725883325,2.392523364485981,596,512,5,5
f8d31cce26e9ee33e673a259,VisA,pcb1,source_development_holdout,2,tiny_compact,12,7.987858455148174e-06,2.093969166866363,1.9140186915887851,604,518,4,4
f8d31cce26e9ee33e673a259,VisA,pcb1,source_development_holdout,3,tiny_compact,19,1.264744255398461e-05,3.3154511808717415,2.392523364485981,640,519,5,5
f8d31cce26e9ee33e673a259,VisA,pcb1,source_development_holdout,4,tiny_compact,39,2.5960539979231568e-05,6.80539979231568,4.3065420560747665,585,523,6,9
f8d31cce26e9ee33e673a259,VisA,pcb1,source_development_holdout,5,tiny_compact,92,6.124024815613601e-05,16.05376361264212,10.048598130841121,617,527,8,21
f8d31cce26e9ee33e673a259,VisA,pcb1,source_development_holdout,6,tiny_compact,20,1.3313097425246958e-05,3.4899486114439386,2.8710280373831774,580,535,4,6
f8d31cce26e9ee33e673a259,VisA,pcb1,source_development_holdout,7,larger,1642,0.0010930052986127753,286.5247809995474,24.882242990654206,570,546,46,52
f8d31cce26e9ee33e673a259,VisA,pcb1,source_development_holdout,8,tiny_compact,21,1.3978752296509305e-05,3.6644460420161353,2.392523364485981,641,547,6,5
7b2bbe00b4d165b6e192aef2,VisA,pcb1,source_development_holdout,1,tiny_compact,299,0.00019903080650744202,52.17473174108688,19.327635327635328,601,418,53,9
7b2bbe00b4d165b6e192aef2,VisA,pcb1,source_development_holdout,2,larger,2620,0.0017440157627073515,457.18326809915595,33.495327102803735,635,453,66,70
8c0ead322ee64bc3d0700295,VisA,pcb1,source_development_holdout,1,larger,2102,0.0013992065393934553,366.79359906275795,26.317757009345794,653,519,61,55
8c0ead322ee64bc3d0700295,VisA,pcb1,source_development_holdout,2,tiny_compact,119,7.92129296802194e-05,20.765194238091436,10.048598130841121,723,543,13,21
8c0ead322ee64bc3d0700295,VisA,pcb1,source_development_holdout,3,tiny_compact,930,0.0006190590302739836,162.28261043214314,15.68091168091168,599,687,43,29
04c892b9392b4664c9714d83,VisA,pcb1,source_development_holdout,1,tiny_compact,167,0.0001111643635008121,29.141070905556887,10.527102803738318,566,817,12,22
04c892b9392b4664c9714d83,VisA,pcb1,source_development_holdout,2,tiny_compact,933,0.0006210559948877706,162.80610272385974,18.18317757009346,605,820,37,38
04c892b9392b4664c9714d83,VisA,pcb1,source_development_holdout,3,tiny_compact,50,3.328274356311739e-05,8.724871528609846,4.785046728971962,563,871,8,10
494233199c4bb5688f9e6a0c,VisA,pcb1,source_development_holdout,1,larger,1756,0.001168889953936683,306.4174880847778,31.581308411214952,671,647,46,66
494233199c4bb5688f9e6a0c,VisA,pcb1,source_development_holdout,2,larger,1565,0.0010417498735255744,273.08847884548817,20.57570093457944,718,696,52,43
65cffa9bb35f0e26103179b1,VisA,pcb1,source_development_holdout,1,larger,1798,0.0011968474585297014,313.74638016881005,21.53271028037383,253,700,52,45
65cffa9bb35f0e26103179b1,VisA,pcb1,source_development_holdout,2,tiny_compact,353,0.0002349761695556088,61.597592991985515,12.763532763532764,632,709,35,16
a7816abdfded36a3b8a8d38b,VisA,pcb1,source_development_holdout,1,larger,1654,0.0011009931570679233,288.6187501664137,27.274766355140187,565,768,48,57
a7816abdfded36a3b8a8d38b,VisA,pcb1,source_development_holdout,2,tiny_compact,37,2.462923023670687e-05,6.456404931171286,7.177570093457944,626,773,4,15
a7816abdfded36a3b8a8d38b,VisA,pcb1,source_development_holdout,3,tiny_compact,42,2.795750459301861e-05,7.328892084032271,6.699065420560748,626,800,4,14
a7816abdfded36a3b8a8d38b,VisA,pcb1,source_development_holdout,4,tiny_compact,38,2.529488510796922e-05,6.630902361743483,6.220560747663551,681,814,5,13
a7816abdfded36a3b8a8d38b,VisA,pcb1,source_development_holdout,5,tiny_compact,383,0.00025494581569347925,66.83251590915143,12.9196261682243,731,847,19,27
baa4d638140bceaf22b6a72c,VisA,pcb1,source_development_holdout,1,larger,4373,0.0029109087520302473,763.0772638922172,44.12535612535613,670,337,121,74
baa4d638140bceaf22b6a72c,VisA,pcb1,source_development_holdout,2,thin_or_extended_small_area,1201,0.0007994515003860799,209.57141411720852,45.21937321937322,618,460,124,23
baa4d638140bceaf22b6a72c,VisA,pcb1,source_development_holdout,3,tiny_compact,232,0.0001544319301328647,40.483403892749685,10.048598130841121,719,660,20,21
bcb8634e535bdd0ef7b0d2c3,VisA,pcb1,source_development_holdout,1,larger,2975,0.001980323242005485,519.1298559522859,32.82051282051282,612,318,90,55
88df36a01535eb14c196767d,VisA,pcb1,source_development_holdout,1,larger,6665,0.004436589716963549,1163.0253747636925,60.77009345794392,565,466,133,127
88df36a01535eb14c196767d,VisA,pcb1,source_development_holdout,2,tiny_compact,85,5.658066405729957e-05,14.832281598636738,5.742056074766355,563,545,15,12
88df36a01535eb14c196767d,VisA,pcb1,source_development_holdout,3,tiny_compact,12,7.987858455148174e-06,2.093969166866363,1.9140186915887851,640,548,4,4
88df36a01535eb14c196767d,VisA,pcb1,source_development_holdout,4,tiny_compact,86,5.724631892856192e-05,15.006779029208936,5.834757834757835,579,556,16,12
88df36a01535eb14c196767d,VisA,pcb1,source_development_holdout,5,tiny_compact,65,4.326756663205262e-05,11.342332987192801,4.3760683760683765,618,556,12,8
88df36a01535eb14c196767d,VisA,pcb1,source_development_holdout,6,tiny_compact,9,5.990893841361131e-06,1.5704768751497724,1.9140186915887851,644,556,3,4
88df36a01535eb14c196767d,VisA,pcb1,source_development_holdout,7,tiny_compact,58,3.8607982533216176e-05,10.120850973187421,4.785046728971962,570,559,8,10
88df36a01535eb14c196767d,VisA,pcb1,source_development_holdout,8,tiny_compact,14,9.319168197672871e-06,2.442964028010757,2.392523364485981,644,573,3,5
88df36a01535eb14c196767d,VisA,pcb1,source_development_holdout,9,tiny_compact,90,5.990893841361131e-05,15.704768751497724,6.699065420560748,578,575,10,14
88df36a01535eb14c196767d,VisA,pcb1,source_development_holdout,10,tiny_compact,106,7.055941635380888e-05,18.496727640652875,7.177570093457944,609,578,11,15
88df36a01535eb14c196767d,VisA,pcb1,source_development_holdout,11,tiny_compact,66,4.393322150331496e-05,11.516830417764996,5.263551401869159,645,579,8,11
88df36a01535eb14c196767d,VisA,pcb1,source_development_holdout,12,tiny_compact,8,5.3252389700987835e-06,1.3959794445775755,2.392523364485981,591,583,2,5
88df36a01535eb14c196767d,VisA,pcb1,source_development_holdout,13,tiny_compact,2,1.3313097425246959e-06,0.3489948611443939,0.9570093457943926,602,586,1,2
88df36a01535eb14c196767d,VisA,pcb1,source_development_holdout,14,tiny_compact,20,1.3313097425246958e-05,3.4899486114439386,3.349532710280374,653,586,6,7
88df36a01535eb14c196767d,VisA,pcb1,source_development_holdout,15,tiny_compact,236,0.0001570945496179141,41.18139361503847,12.9196261682243,582,591,13,27
88df36a01535eb14c196767d,VisA,pcb1,source_development_holdout,16,tiny_compact,187,0.00012447746092605905,32.63101951700082,9.116809116809117,639,593,25,12
88df36a01535eb14c196767d,VisA,pcb1,source_development_holdout,17,tiny_compact,14,9.319168197672871e-06,2.442964028010757,2.392523364485981,605,599,4,5
88df36a01535eb14c196767d,VisA,pcb1,source_development_holdout,18,tiny_compact,50,3.328274356311739e-05,8.724871528609846,5.263551401869159,607,606,8,11
88df36a01535eb14c196767d,VisA,pcb1,source_development_holdout,19,tiny_compact,12,7.987858455148174e-06,2.093969166866363,2.8710280373831774,595,613,3,6
88df36a01535eb14c196767d,VisA,pcb1,source_development_holdout,20,tiny_compact,45,2.9954469206805657e-05,7.852384375748862,3.8280373831775703,541,615,8,8
88df36a01535eb14c196767d,VisA,pcb1,source_development_holdout,21,tiny_compact,17,1.1316132811459914e-05,2.9664563197273477,2.392523364485981,599,614,5,5
69ee6908ed17d05a195326d6,VisA,pcb1,source_development_holdout,1,tiny_compact,224,0.00014910669116276594,39.087424448172115,9.09158878504673,693,692,18,19
69ee6908ed17d05a195326d6,VisA,pcb1,source_development_holdout,2,tiny_compact,1136,0.0007561839337540272,198.22908113001571,19.14018691588785,730,807,51,40
0602bbc2de6433225c631535,VisA,pcb1,source_development_holdout,1,larger,2806,0.0018678275687621481,489.63979018558456,40.11396011396011,681,318,110,52
0602bbc2de6433225c631535,VisA,pcb1,source_development_holdout,2,tiny_compact,95,6.323721276992305e-05,16.577255904358708,5.834757834757835,626,329,16,11
0602bbc2de6433225c631535,VisA,pcb1,source_development_holdout,3,tiny_compact,63,4.193625688952792e-05,10.993338126048407,4.011396011396012,642,335,11,8
0602bbc2de6433225c631535,VisA,pcb1,source_development_holdout,4,tiny_compact,44,2.9288814335543308e-05,7.677886945176665,6.699065420560748,673,337,7,14
0602bbc2de6433225c631535,VisA,pcb1,source_development_holdout,5,tiny_compact,47,3.1285778949330354e-05,8.201379236893256,4.3065420560747665,662,340,7,9
0602bbc2de6433225c631535,VisA,pcb1,source_development_holdout,6,tiny_compact,74,4.925846047341374e-05,12.912809862342572,7.177570093457944,643,353,13,15
0602bbc2de6433225c631535,VisA,pcb1,source_development_holdout,7,tiny_compact,30,1.9969646137870437e-05,5.234922917165908,3.349532710280374,638,355,6,7
0602bbc2de6433225c631535,VisA,pcb1,source_development_holdout,8,tiny_compact,135,8.986340762041697e-05,23.557153127246586,6.220560747663551,569,821,13,13
8663dc42040eee78d0739f78,VisA,pcb1,source_development_holdout,1,larger,2438,0.0016228665761376041,425.4247357350161,26.985754985754987,684,329,74,47
8663dc42040eee78d0739f78,VisA,pcb1,source_development_holdout,2,tiny_compact,27,1.7972681524083394e-05,4.711430625449317,3.349532710280374,730,776,5,7
8663dc42040eee78d0739f78,VisA,pcb1,source_development_holdout,3,tiny_compact,55,3.661101791942914e-05,9.597358681470832,7.6560747663551405,746,779,8,16
8663dc42040eee78d0739f78,VisA,pcb1,source_development_holdout,4,tiny_compact,48,3.1951433820592696e-05,8.375876667465452,7.177570093457944,680,789,4,15
8663dc42040eee78d0739f78,VisA,pcb1,source_development_holdout,5,tiny_compact,58,3.8607982533216176e-05,10.120850973187421,5.263551401869159,690,811,7,11
8663dc42040eee78d0739f78,VisA,pcb1,source_development_holdout,6,tiny_compact,89,5.9243283542348965e-05,15.530271320925527,6.699065420560748,681,823,13,14
1912e7e3197ae3b58cf6d6d8,VisA,pcb1,source_development_holdout,1,tiny_compact,96,6.390286764118539e-05,16.751753334930903,6.564102564102564,502,668,18,10
1912e7e3197ae3b58cf6d6d8,VisA,pcb1,source_development_holdout,2,tiny_compact,152,0.00010117954043187688,26.523609446973932,7.6560747663551405,508,682,20,16
1912e7e3197ae3b58cf6d6d8,VisA,pcb1,source_development_holdout,3,tiny_compact,1323,0.0008806613946800863,230.86010064701654,22.60968660968661,738,700,62,45
1912e7e3197ae3b58cf6d6d8,VisA,pcb1,source_development_holdout,4,tiny_compact,296,0.00019703384189365496,51.65123944937029,9.116809116809117,772,705,25,18
f6f9cbebb8ba45b8c42b58c3,VisA,pcb1,source_development_holdout,1,larger,1604,0.001067710413504806,279.8938786378039,26.796261682242992,542,698,59,56
1f3ea9d7cd96153a56bc5fd3,VisA,pcb1,source_development_holdout,1,larger,7762,0.005166813110738344,1354.4490561013924,85.6980056980057,864,573,235,82
b7d6be412991b8875483fd9d,VisA,pcb1,source_development_holdout,1,tiny_compact,123,8.187554916526879e-05,21.46318396038022,6.699065420560748,348,327,13,14
b7d6be412991b8875483fd9d,VisA,pcb1,source_development_holdout,2,larger,1505,0.0010018105812498335,262.61863301115636,21.88034188034188,352,331,60,44
fabb976489bbb5dcb38fc0f5,VisA,pcb1,source_development_holdout,1,larger,1932,0.0012860452112788562,337.12903586548447,24.433048433048434,536,320,67,51
fabb976489bbb5dcb38fc0f5,VisA,pcb1,source_development_holdout,2,tiny_compact,28,1.8638336395345743e-05,4.885928056021514,3.646723646723647,533,327,10,4
6fd668f7feb0390bd1144115,VisA,pcb1,source_development_holdout,1,tiny_compact,338,0.0002249913464866736,58.98013153340256,19.14018691588785,739,781,14,40
6fd668f7feb0390bd1144115,VisA,pcb1,source_development_holdout,2,larger,1647,0.001096333572969087,287.39726815240834,33.01682242990654,612,806,45,69
6fd668f7feb0390bd1144115,VisA,pcb1,source_development_holdout,3,tiny_compact,722,0.0004806028170514152,125.98714487312618,28.710280373831775,681,814,21,60
90ea34a359c519167346cf51,VisA,pcb1,source_development_holdout,1,larger,6373,0.004242218494554943,1112.072125036611,49.23076923076923,668,340,135,62
1d4ee84e7ce290fe11f558e6,VisA,pcb1,source_development_holdout,1,thin_or_extended_small_area,1225,0.0008154272172963762,213.75935245094124,36.84485981308411,559,201,25,77
1d4ee84e7ce290fe11f558e6,VisA,pcb1,source_development_holdout,2,larger,1794,0.0011941848390446522,313.0483904465213,26.256410256410255,529,340,72,34
50898a82c14d334f089ba557,VisA,pcb1,source_development_holdout,1,tiny_compact,1167,0.00077681923476316,203.6385014777538,30.145794392523364,679,173,27,63
50898a82c14d334f089ba557,VisA,pcb1,source_development_holdout,2,tiny_compact,406,0.00027025587773251325,70.84595681231195,18.661682242990654,730,178,17,39
3680c24978c1d42b2a37599c,VisA,pcb1,source_development_holdout,1,thin_or_extended_small_area,911,0.0006064115877199989,158.9671592512714,37.8018691588785,736,171,23,79
3680c24978c1d42b2a37599c,VisA,pcb1,source_development_holdout,2,larger,1779,0.001184200015975717,310.43092898793833,26.796261682242992,725,312,71,56
3680c24978c1d42b2a37599c,VisA,pcb1,source_development_holdout,3,thin_or_extended_small_area,329,0.00021900045264531246,57.40965465825279,38.655270655270655,294,338,106,19
3680c24978c1d42b2a37599c,VisA,pcb1,source_development_holdout,4,tiny_compact,178,0.00011848656708469793,31.060542641851054,6.928774928774929,456,369,19,14
3680c24978c1d42b2a37599c,VisA,pcb1,source_development_holdout,5,tiny_compact,215,0.0001431157973214048,37.51694757302234,9.09158878504673,451,385,23,19
71cc4b3b7db056e9c9c0e4cf,VisA,pcb1,source_development_holdout,1,larger,2281,0.0015183587613494156,398.0286391351812,69.28774928774929,495,628,190,48
71cc4b3b7db056e9c9c0e4cf,VisA,pcb1,source_development_holdout,2,tiny_compact,1,6.656548712623479e-07,0.17449743057219694,0.4785046728971963,670,680,1,1
75ab2d0d05101c31bd2b6306,VisA,pcb1,source_development_holdout,1,larger,4149,0.0027618020608674815,723.9898394440451,91.87289719626168,543,392,164,192
f5be8c821d0e2b33f0067ae5,VisA,pcb1,source_development_holdout,1,tiny_compact,69,4.5930186117102005e-05,12.040322709481588,7.177570093457944,712,614,8,15
f5be8c821d0e2b33f0067ae5,VisA,pcb1,source_development_holdout,2,tiny_compact,68,4.5264531245839656e-05,11.86582527890939,5.742056074766355,719,615,13,12
f5be8c821d0e2b33f0067ae5,VisA,pcb1,source_development_holdout,3,tiny_compact,423,0.00028157201054397315,73.8124131320393,30.624299065420562,701,629,65,64
f5be8c821d0e2b33f0067ae5,VisA,pcb1,source_development_holdout,4,larger,1768,0.001176877812391831,308.5114572516442,61.248598130841124,718,629,123,128
a51198ecdfd31320f770ef6d,VisA,pcb1,source_development_holdout,1,larger,1567,0.0010430811832680992,273.4374737066326,58.34757834757835,622,446,160,98
a51198ecdfd31320f770ef6d,VisA,pcb1,source_development_holdout,2,tiny_compact,20,1.3313097425246958e-05,3.4899486114439386,4.785046728971962,673,494,8,10
a51198ecdfd31320f770ef6d,VisA,pcb1,source_development_holdout,3,thin_or_extended_small_area,1160,0.0007721596506643235,202.41701946374843,44.85470085470085,630,504,123,53
a51198ecdfd31320f770ef6d,VisA,pcb1,source_development_holdout,4,tiny_compact,168,0.00011183001837207444,29.315568336129083,15.316239316239317,647,522,42,18
a51198ecdfd31320f770ef6d,VisA,pcb1,source_development_holdout,5,thin_or_extended_small_area,534,0.0003554597012540938,93.18162792555316,39.38461538461539,655,541,108,30
684f34e6e9fc7364eaf50826,VisA,pcb1,source_development_holdout,1,thin_or_extended_small_area,1139,0.0007581808983678143,198.7525734217323,36.1025641025641,410,605,99,66
684f34e6e9fc7364eaf50826,VisA,pcb1,source_development_holdout,2,larger,4295,0.0028589876720717844,749.4664643075859,94.81481481481481,410,620,260,100
684f34e6e9fc7364eaf50826,VisA,pcb1,source_development_holdout,3,tiny_compact,99,6.589983225497244e-05,17.275245626647497,6.928774928774929,505,683,19,13
684f34e6e9fc7364eaf50826,VisA,pcb1,source_development_holdout,4,tiny_compact,33,2.196661075165748e-05,5.758415208882498,2.9173789173789175,493,698,8,6
6a559f080171b70ceb05a76d,VisA,pcb1,source_development_holdout,1,larger,3842,0.0025574460153899407,670.4191282583806,45.93644859813084,582,577,125,96
6a559f080171b70ceb05a76d,VisA,pcb1,source_development_holdout,2,tiny_compact,1,6.656548712623479e-07,0.17449743057219694,0.4785046728971963,660,604,1,1
6a559f080171b70ceb05a76d,VisA,pcb1,source_development_holdout,3,tiny_compact,1,6.656548712623479e-07,0.17449743057219694,0.4785046728971963,594,606,1,1
6a559f080171b70ceb05a76d,VisA,pcb1,source_development_holdout,4,tiny_compact,16,1.0650477940197567e-05,2.791958889155151,3.8280373831775703,706,649,4,8
f0c3fba61a2efd6739f3d64b,VisA,pcb1,source_development_holdout,1,larger,4866,0.003239076603562585,849.1044971643103,103.2022792022792,190,648,283,111
f0c3fba61a2efd6739f3d64b,VisA,pcb1,source_development_holdout,2,thin_or_extended_small_area,566,0.00037676065713448893,98.76554570386347,49.285981308411216,178,656,97,103
f0c3fba61a2efd6739f3d64b,VisA,pcb1,source_development_holdout,3,tiny_compact,17,1.1316132811459914e-05,2.9664563197273477,1.9140186915887851,284,755,5,4
f0c3fba61a2efd6739f3d64b,VisA,pcb1,source_development_holdout,4,tiny_compact,13,8.653513326410523e-06,2.26846659743856,2.1880341880341883,305,755,6,3
f0c3fba61a2efd6739f3d64b,VisA,pcb1,source_development_holdout,5,tiny_compact,14,9.319168197672871e-06,2.442964028010757,2.1880341880341883,318,755,6,3
43b1e7fcfe515f7fccfef929,VisA,pcb1,source_development_holdout,1,larger,4274,0.002845008919775275,745.8020182655697,81.82429906542056,585,498,126,171
43b1e7fcfe515f7fccfef929,VisA,pcb1,source_development_holdout,2,thin_or_extended_small_area,391,0.00026027105466357804,68.228495353729,38.7588785046729,671,512,48,81
43b1e7fcfe515f7fccfef929,VisA,pcb1,source_development_holdout,3,thin_or_extended_small_area,736,0.0004899219852490881,128.43010890113695,66.03364485981308,546,540,76,138
43b1e7fcfe515f7fccfef929,VisA,pcb1,source_development_holdout,4,tiny_compact,142,9.45229917192534e-05,24.778635141251964,12.441121495327103,565,550,21,26
43b1e7fcfe515f7fccfef929,VisA,pcb1,source_development_holdout,5,thin_or_extended_small_area,1259,0.000838059482919296,219.69226509039592,62.205607476635514,619,566,121,130
43b1e7fcfe515f7fccfef929,VisA,pcb1,source_development_holdout,6,tiny_compact,242,0.0001610884788454882,42.22837819847166,19.14018691588785,533,578,31,40
0c33699be9e9a16d7c17ce77,VisA,pcb1,source_development_holdout,1,thin_or_extended_small_area,935,0.0006223873046302952,163.1550975850041,59.81308411214953,586,529,134,125
0c33699be9e9a16d7c17ce77,VisA,pcb1,source_development_holdout,2,thin_or_extended_small_area,1335,0.0008886492531352345,232.9540698138829,62.72364672364672,567,560,172,115
0c33699be9e9a16d7c17ce77,VisA,pcb1,source_development_holdout,3,thin_or_extended_small_area,511,0.0003401496392150598,89.16818702239263,32.538317757009345,556,593,88,68
0c33699be9e9a16d7c17ce77,VisA,pcb1,source_development_holdout,4,tiny_compact,104,6.922810661128418e-05,18.14773277950848,8.613084112149533,664,661,17,18
eba74f816c6d5107132eca7e,VisA,pcb1,source_development_holdout,1,larger,2043,0.0013599329019889767,356.4982506589983,42.586915887850466,652,582,103,89
eba74f816c6d5107132eca7e,VisA,pcb1,source_development_holdout,2,thin_or_extended_small_area,976,0.0006496791543520516,170.3094922384642,41.15140186915888,574,584,106,86
eba74f816c6d5107132eca7e,VisA,pcb1,source_development_holdout,3,tiny_compact,39,2.5960539979231568e-05,6.80539979231568,4.011396011396012,678,666,11,8
eba74f816c6d5107132eca7e,VisA,pcb1,source_development_holdout,4,tiny_compact,104,6.922810661128418e-05,18.14773277950848,6.699065420560748,763,668,11,14
eba74f816c6d5107132eca7e,VisA,pcb1,source_development_holdout,5,tiny_compact,495,0.0003294991612748622,86.37622813323748,30.145794392523364,770,683,45,63
6cfc6e55e1a48e120ca08f74,VisA,pcb1,source_development_holdout,1,larger,2106,0.0014018691588785046,367.4915887850467,56.15954415954416,713,645,154,107
b3987a6e76637494d22b6173,VisA,pcb1,source_development_holdout,1,larger,2655,0.0017673136832015337,463.29067816918285,36.831908831908834,457,338,101,54
32cf4b2e165e3206846aaf60,VisA,pcb1,source_development_holdout,1,tiny_compact,364,0.00024229837313949465,63.517064728279685,13.876635514018691,701,340,32,29
32cf4b2e165e3206846aaf60,VisA,pcb1,source_development_holdout,2,tiny_compact,190,0.0001264744255398461,33.154511808717416,11.66951566951567,657,375,32,12
32cf4b2e165e3206846aaf60,VisA,pcb1,source_development_holdout,3,tiny_compact,1,6.656548712623479e-07,0.17449743057219694,0.4785046728971963,655,387,1,1
32cf4b2e165e3206846aaf60,VisA,pcb1,source_development_holdout,4,tiny_compact,134,8.919775274915461e-05,23.382655696674387,9.09158878504673,532,457,14,19
32cf4b2e165e3206846aaf60,VisA,pcb1,source_development_holdout,5,larger,1931,0.0012853795564075937,336.95453843491225,60.9002849002849,583,456,167,28
32cf4b2e165e3206846aaf60,VisA,pcb1,source_development_holdout,6,tiny_compact,44,2.9288814335543308e-05,7.677886945176665,6.199430199430199,649,475,17,5
32cf4b2e165e3206846aaf60,VisA,pcb1,source_development_holdout,7,tiny_compact,2,1.3313097425246959e-06,0.3489948611443939,0.7293447293447294,706,475,2,1
32cf4b2e165e3206846aaf60,VisA,pcb1,source_development_holdout,8,tiny_compact,2,1.3313097425246959e-06,0.3489948611443939,0.7293447293447294,711,474,2,1
32cf4b2e165e3206846aaf60,VisA,pcb1,source_development_holdout,9,tiny_compact,78,5.1921079958463136e-05,13.61079958463136,11.66951566951567,662,477,32,5
32cf4b2e165e3206846aaf60,VisA,pcb1,source_development_holdout,10,tiny_compact,3,1.9969646137870435e-06,0.5234922917165907,1.0940170940170941,696,477,3,1
32cf4b2e165e3206846aaf60,VisA,pcb1,source_development_holdout,11,tiny_compact,2,1.3313097425246959e-06,0.3489948611443939,0.7293447293447294,701,476,2,1
32cf4b2e165e3206846aaf60,VisA,pcb1,source_development_holdout,12,tiny_compact,229,0.00015243496551907768,39.9599116010331,10.527102803738318,685,660,20,22
32cf4b2e165e3206846aaf60,VisA,pcb1,source_development_holdout,13,tiny_compact,65,4.326756663205262e-05,11.342332987192801,7.6581196581196584,493,696,21,15
410c85cbd877dc37da9438a0,VisA,pcb1,source_development_holdout,1,tiny_compact,31,2.0635301009132785e-05,5.409420347738105,3.8280373831775703,571,604,10,8
410c85cbd877dc37da9438a0,VisA,pcb1,source_development_holdout,2,larger,2776,0.0018478579226242778,484.4048672684187,63.81766381766382,554,612,175,36
4d7ad789330c4ea70ea3ae32,VisA,pcb1,source_development_holdout,1,tiny_compact,147,9.785126607556514e-05,25.651122294112948,7.177570093457944,565,551,16,15
4d7ad789330c4ea70ea3ae32,VisA,pcb1,source_development_holdout,2,larger,3271,0.00217735708389914,570.7810954016561,55.794871794871796,555,563,153,98
785ab307e32681ec6061b1ad,VisA,pcb2,source_fit,1,larger,1853,0.0012334584764491306,323.3437388502809,67.94766355140187,538,232,39,142
628387340d1a6acdb1c9cfb8,VisA,pcb2,source_fit,1,larger,2348,0.0015629576377239928,409.71996698351836,61.248598130841124,727,233,117,128
628387340d1a6acdb1c9cfb8,VisA,pcb2,source_fit,2,tiny_compact,396,0.0002635993290198898,69.10098250658999,14.833644859813084,375,391,18,31
483f148fc75c8678fab89bb4,VisA,pcb2,source_fit,1,larger,2760,0.0018372074446840801,481.6129083792635,57.899065420560746,766,250,135,121
235b228ca68afd7f5ba618d2,VisA,pcb2,source_fit,1,larger,1837,0.001222807998508933,320.55177996112576,57.899065420560746,550,249,41,121
235b228ca68afd7f5ba618d2,VisA,pcb2,source_fit,2,larger,1732,0.0011529142370263865,302.22954975104506,55.506542056074764,591,254,54,116
75a5838a6d051b79a9684558,VisA,pcb2,source_fit,1,larger,4398,0.002927550123811806,767.4396996565221,75.12523364485982,684,205,152,157
75a5838a6d051b79a9684558,VisA,pcb2,source_fit,2,tiny_compact,1,6.656548712623479e-07,0.17449743057219694,0.4785046728971963,695,328,1,1
75a5838a6d051b79a9684558,VisA,pcb2,source_fit,3,tiny_compact,1,6.656548712623479e-07,0.17449743057219694,0.4785046728971963,697,329,1,1
e6cc72556acfea6bdc4af38a,VisA,pcb2,source_fit,1,larger,2235,0.0014877386372713476,390.00175732886015,69.38317757009345,697,214,32,145
e6cc72556acfea6bdc4af38a,VisA,pcb2,source_fit,2,larger,2264,0.0015070426285379557,395.06218281545387,64.59813084112149,564,220,41,135
f3f49db511a77f3f8bae01fa,VisA,pcb2,source_fit,1,larger,2354,0.0015669515669515669,410.76695156695155,68.90467289719626,688,221,74,144
f3f49db511a77f3f8bae01fa,VisA,pcb2,source_fit,2,tiny_compact,194,0.0001291370450248955,33.852501531006205,13.398130841121496,519,228,14,28
f3f49db511a77f3f8bae01fa,VisA,pcb2,source_fit,3,larger,1768,0.001176877812391831,308.5114572516442,55.985046728971966,544,248,52,117
f3f49db511a77f3f8bae01fa,VisA,pcb2,source_fit,4,tiny_compact,81,5.391804457225018e-05,14.134291876347952,5.834757834757835,525,693,16,8
f3f49db511a77f3f8bae01fa,VisA,pcb2,source_fit,5,tiny_compact,188,0.00012514311579732142,32.805516947573025,8.613084112149533,597,716,20,18
9cc4e91c8188d17a460ae54d,VisA,pcb2,source_fit,1,larger,4959,0.003300982506589983,865.3327582075245,81.34579439252336,598,191,127,170
34b654a1dca527cd5f37709f,VisA,pcb2,source_fit,1,larger,6749,0.004492504726149586,1177.6831589317571,73.68971962616823,638,193,158,154
49bb6414f376f55f9dfed75a,VisA,pcb2,source_fit,1,larger,2657,0.0017686449929440583,463.63967303032723,88.5233644859813,685,348,31,185
49bb6414f376f55f9dfed75a,VisA,pcb2,source_fit,2,larger,2720,0.0018105812498335862,474.63301115637563,89.0018691588785,737,348,23,186
8fac390667fd5e96d54f7365,VisA,pcb2,source_fit,1,larger,2651,0.0017646510637164842,462.59268844689404,89.0018691588785,721,354,17,186
8fac390667fd5e96d54f7365,VisA,pcb2,source_fit,2,tiny_compact,325,0.00021633783316026307,56.711664935964,11.66951566951567,543,723,32,16
8fac390667fd5e96d54f7365,VisA,pcb2,source_fit,3,tiny_compact,96,6.390286764118539e-05,16.751753334930903,5.263551401869159,670,731,13,11
a15cc8af2dae04ebbcd5c355,VisA,pcb2,source_fit,1,larger,10525,0.007006017520036212,1836.5854567723727,105.27102803738318,597,345,101,220
a15cc8af2dae04ebbcd5c355,VisA,pcb2,source_fit,2,larger,5929,0.003946667731714461,1034.5952658625556,106.70654205607477,702,344,61,223
a15cc8af2dae04ebbcd5c355,VisA,pcb2,source_fit,3,larger,5425,0.003611177676598237,946.6485608541683,103.3570093457944,542,347,51,216
2c6d7c05b7b6a314e07d03bc,VisA,pcb2,source_fit,1,larger,3079,0.0020495513486167693,537.2775887317944,89.48037383177571,727,358,37,187
45835dece90eca01ae528c98,VisA,pcb2,source_fit,1,larger,2542,0.0016920946827488883,443.5724685145246,55.506542056074764,462,234,126,116
45835dece90eca01ae528c98,VisA,pcb2,source_fit,2,larger,2573,0.001712729983758021,448.9818888622627,53.592523364485984,508,243,134,112
45835dece90eca01ae528c98,VisA,pcb2,source_fit,3,larger,2522,0.0016787815853236414,440.08251990308065,51.2,561,248,135,107
45835dece90eca01ae528c98,VisA,pcb2,source_fit,4,larger,2604,0.001733365284767154,454.3913092100008,49.96011396011396,614,255,137,104
be1b9150631085938abac877,VisA,pcb2,source_fit,1,larger,2577,0.0017153926032430706,449.6798785845515,87.56635514018691,607,350,17,183
be1b9150631085938abac877,VisA,pcb2,source_fit,2,larger,2535,0.0016874350986500518,442.3509865005192,87.08785046728973,659,351,18,182
1da24f7dc6e05ac42a2e436a,VisA,pcb2,source_fit,1,larger,5018,0.003340256143994462,875.6281066112842,51.2,926,574,117,107
1da24f7dc6e05ac42a2e436a,VisA,pcb2,source_fit,2,tiny_compact,1071,0.0007129163671219746,186.8867481428229,29.66728971962617,1125,576,34,62
b0dbfa0887ba168b245c9f5b,VisA,pcb2,source_fit,1,larger,3759,0.002502196661075166,655.9358415208883,48.86609686609687,628,682,134,52
320c443c643128d0f13cbd13,VisA,pcb2,source_fit,1,larger,4648,0.003093963841627393,811.0640572995713,45.21937321937322,821,409,124,51
64922825f529b3488defd830,VisA,pcb2,source_fit,1,tiny_compact,982,0.0006536730835796257,171.3564768218974,18.18317757009346,812,485,40,38
64922825f529b3488defd830,VisA,pcb2,source_fit,2,larger,2867,0.0019084325159091514,500.2841334504886,48.80747663551402,818,573,60,102
44e8a317d17ba03d731c70e9,VisA,pcb2,source_fit,1,larger,6632,0.004414623106211891,1157.26695955481,60.535612535612536,550,561,166,105
44e8a317d17ba03d731c70e9,VisA,pcb2,source_fit,2,tiny_compact,264,0.00017573288601325983,46.067321671059986,9.116809116809117,715,587,25,18
44e8a317d17ba03d731c70e9,VisA,pcb2,source_fit,3,tiny_compact,105,6.989376148254652e-05,18.322230210080676,7.6560747663551405,736,610,12,16
d8de5fa5354169f39de7d6d0,VisA,pcb2,source_fit,1,larger,3275,0.0021800197033841895,571.479085123945,42.10841121495327,661,522,70,88
58896642a6f3987d7f1143f5,VisA,pcb2,source_fit,1,larger,4245,0.0028257049285086667,740.7415927789759,39.237383177570095,651,303,81,82
58896642a6f3987d7f1143f5,VisA,pcb2,source_fit,2,tiny_compact,36,2.3963575365444525e-05,6.28190750059909,3.282051282051282,711,307,9,5
58896642a6f3987d7f1143f5,VisA,pcb2,source_fit,3,tiny_compact,1235,0.0008220837660089996,215.5043267566632,21.054205607476636,735,342,57,44
58896642a6f3987d7f1143f5,VisA,pcb2,source_fit,4,tiny_compact,367,0.0002442953377532817,64.04055701999627,9.570093457943925,602,516,25,20
58896642a6f3987d7f1143f5,VisA,pcb2,source_fit,5,tiny_compact,36,2.3963575365444525e-05,6.28190750059909,3.349532710280374,975,522,8,7
e26b913937c2f4a11d007da4,VisA,pcb2,source_fit,1,larger,2948,0.0019623505604814016,514.4184253268365,32.45584045584046,755,496,89,55
2727cab027a82fb59ff47289,VisA,pcb2,source_fit,1,larger,1513,0.0010071358202199323,264.0146124557339,31.581308411214952,192,586,48,66
2727cab027a82fb59ff47289,VisA,pcb2,source_fit,2,tiny_compact,34,2.2632265622919828e-05,5.932912639454695,4.3065420560747665,214,594,6,9
2727cab027a82fb59ff47289,VisA,pcb2,source_fit,3,larger,3231,0.002150730889048646,563.8011981787682,37.56125356125356,247,631,103,44
6fdb7f891ca8919f0898fcd1,VisA,pcb2,source_fit,1,larger,5573,0.003709694597545065,972.4741805788535,59.33457943925234,471,522,101,124
6fdb7f891ca8919f0898fcd1,VisA,pcb2,source_fit,2,tiny_compact,222,0.00014777538142024123,38.73842958702772,12.398860398860398,537,656,34,24
6fdb7f891ca8919f0898fcd1,VisA,pcb2,source_fit,3,tiny_compact,209,0.0001391218680938307,36.469962989589156,8.022792022792023,574,701,22,16
73fc18451c00b691448763c1,VisA,pcb2,source_fit,1,tiny_compact,408,0.00027158718747503794,71.19495167345634,20.42165242165242,652,508,56,41
73fc18451c00b691448763c1,VisA,pcb2,source_fit,2,larger,6107,0.004065154298799159,1065.6558085044067,74.75783475783476,958,525,205,70
faf71a290ac9d8c0d6bf4424,VisA,pcb2,source_fit,1,larger,2169,0.0014438054157680327,378.48492691109516,38.7588785046729,701,197,93,81
faf71a290ac9d8c0d6bf4424,VisA,pcb2,source_fit,2,tiny_compact,334,0.0002223287270016242,58.282141811113775,22.01121495327103,776,287,18,46
faf71a290ac9d8c0d6bf4424,VisA,pcb2,source_fit,3,tiny_compact,495,0.0003294991612748622,86.37622813323748,14.951566951566951,731,548,41,30
faf71a290ac9d8c0d6bf4424,VisA,pcb2,source_fit,4,tiny_compact,1081,0.0007195729158345981,188.63172244854488,28.444444444444443,716,581,78,23
b19543d0edfdd53b19e85ff8,VisA,pcb2,source_fit,1,larger,4976,0.0033122986394014432,868.2992145272519,54.07102803738318,580,256,132,113
592c6eaa6aadd46ac503d739,VisA,pcb2,source_fit,1,larger,9204,0.00612668743509865,1606.0743509865006,68.92307692307692,982,556,189,104
592c6eaa6aadd46ac503d739,VisA,pcb2,source_fit,2,tiny_compact,49,3.2617088691855045e-05,8.550374098037649,4.3065420560747665,1026,634,8,9
017154c854febdf67bcc4cd3,VisA,pcb2,source_fit,1,larger,4885,0.0032517240461165694,852.419948345182,62.205607476635514,254,434,92,130
fc0211f53eb8a3eb1fa5941b,VisA,pcb2,source_fit,1,larger,2001,0.0013319753973959582,349.16935857496605,34.643874643874646,689,295,95,44
fc0211f53eb8a3eb1fa5941b,VisA,pcb2,source_fit,2,tiny_compact,179,0.00011915222195596027,31.23504007242325,12.9196261682243,710,344,13,27
fc0211f53eb8a3eb1fa5941b,VisA,pcb2,source_fit,3,tiny_compact,561,0.0003734323827781772,97.89305855100248,16.774928774928775,733,354,46,22
467b73b06b77bb4318220828,VisA,pcb2,source_fit,1,tiny_compact,266,0.00017706419575578455,46.416316532204384,9.116809116809117,509,398,25,17
467b73b06b77bb4318220828,VisA,pcb2,source_fit,2,larger,2884,0.0019197486487206113,503.2505897702159,37.8018691588785,484,440,47,79
467b73b06b77bb4318220828,VisA,pcb2,source_fit,3,tiny_compact,119,7.92129296802194e-05,20.765194238091436,6.699065420560748,589,504,14,14
467b73b06b77bb4318220828,VisA,pcb2,source_fit,4,tiny_compact,27,1.7972681524083394e-05,4.711430625449317,3.349532710280374,591,538,6,7
cc08af32cf19a56d899bcf9a,VisA,pcb2,source_fit,1,larger,2211,0.0014717629203610512,385.8138189951274,29.66728971962617,726,580,56,62
cc08af32cf19a56d899bcf9a,VisA,pcb2,source_fit,2,tiny_compact,186,0.0001238118060547967,32.45652208642863,9.116809116809117,932,672,25,10
c7ae6b358d344ed02f059979,VisA,pcb2,source_fit,1,tiny_compact,140,9.31916819767287e-05,24.42964028010757,17.86894586894587,1085,424,49,37
c7ae6b358d344ed02f059979,VisA,pcb2,source_fit,2,larger,3800,0.002529488510796922,663.0902361743483,56.942056074766356,846,483,63,119
d5d38247b3750584b90e5c29,VisA,pcb2,source_fit,1,larger,2666,0.0017746358867854195,465.210149905477,32.09116809116809,627,246,88,67
d5d38247b3750584b90e5c29,VisA,pcb2,source_fit,2,tiny_compact,394,0.0002622680192773651,68.7519876454456,12.441121495327103,743,278,24,26
d5d38247b3750584b90e5c29,VisA,pcb2,source_fit,3,tiny_compact,305,0.0002030247357350161,53.22171632452006,13.876635514018691,637,463,23,29
2ea061e8a06eade2f04c6203,VisA,pcb2,source_fit,1,larger,2918,0.001942380914343531,509.1835024096706,33.01682242990654,438,529,72,69
ea80968873d9da594441c2d7,VisA,pcb2,source_fit,1,larger,1829,0.0012174827595388344,319.1558005165482,31.581308411214952,784,404,51,66
ea80968873d9da594441c2d7,VisA,pcb2,source_fit,2,tiny_compact,721,0.0004799371621801528,125.81264744255398,15.790654205607476,806,479,36,33
ba63aa941366b93f0ebaeca2,VisA,pcb2,source_fit,1,larger,3612,0.0024043453949996007,630.2847192267753,39.01994301994302,975,569,107,54
ba63aa941366b93f0ebaeca2,VisA,pcb2,source_fit,2,tiny_compact,300,0.00019969646137870436,52.349229171659076,9.570093457943925,949,582,21,20
ba63aa941366b93f0ebaeca2,VisA,pcb2,source_fit,3,thin_or_extended_small_area,308,0.00020502170034880315,53.74520861623665,40.67289719626168,577,590,13,85
ba63aa941366b93f0ebaeca2,VisA,pcb2,source_fit,4,tiny_compact,220,0.00014644407167771655,38.389434725883326,22.489719626168224,634,590,12,47
ba63aa941366b93f0ebaeca2,VisA,pcb2,source_fit,5,thin_or_extended_small_area,305,0.0002030247357350161,53.22171632452006,40.67289719626168,738,591,14,85
ba63aa941366b93f0ebaeca2,VisA,pcb2,source_fit,6,tiny_compact,193,0.00012847139015363315,33.67800410043401,22.01121495327103,687,594,12,46
05a260a03941e14c4b7fa404,VisA,pcb2,source_fit,1,tiny_compact,1,6.656548712623479e-07,0.17449743057219694,0.4785046728971963,416,457,1,1
05a260a03941e14c4b7fa404,VisA,pcb2,source_fit,2,larger,3274,0.002179354048512927,571.3045876933727,56.46355140186916,833,508,51,118
05a260a03941e14c4b7fa404,VisA,pcb2,source_fit,3,tiny_compact,617,0.00041070905556886867,107.66491466304551,14.355140186915888,845,628,33,30
40288d3216a8b6e9f3ff6f84,VisA,pcb2,source_fit,1,larger,3544,0.0023590808637537607,618.4188939478659,45.94871794871795,635,457,126,49
40288d3216a8b6e9f3ff6f84,VisA,pcb2,source_fit,2,tiny_compact,612,0.00040738078121255693,106.79242751018452,14.833644859813084,598,465,26,31
23604140fec2eef8bd39e1b5,VisA,pcb2,source_fit,1,tiny_compact,1033,0.0006876214820140053,180.25584578107942,25.8392523364486,684,440,22,54
23604140fec2eef8bd39e1b5,VisA,pcb2,source_fit,2,larger,17049,0.011348749900151769,2975.0066938253854,79.43177570093458,620,440,201,166
23604140fec2eef8bd39e1b5,VisA,pcb2,source_fit,3,tiny_compact,939,0.0006250499241153447,163.85308730729292,22.01121495327103,630,446,24,46
23604140fec2eef8bd39e1b5,VisA,pcb2,source_fit,4,tiny_compact,849,0.0005651409857017333,148.14831855579519,22.489719626168224,660,446,19,47
23604140fec2eef8bd39e1b5,VisA,pcb2,source_fit,5,tiny_compact,1007,0.0006703144553611843,175.7189125862023,25.3607476635514,658,557,21,53
23604140fec2eef8bd39e1b5,VisA,pcb2,source_fit,6,tiny_compact,938,0.0006243842692440823,163.6785898767207,23.446728971962617,630,558,22,49
23604140fec2eef8bd39e1b5,VisA,pcb2,source_fit,7,tiny_compact,921,0.0006130681364326224,160.71213355699336,23.446728971962617,711,558,22,49
23604140fec2eef8bd39e1b5,VisA,pcb2,source_fit,8,tiny_compact,904,0.0006017520036211625,157.74567723726602,22.96822429906542,737,558,22,48
23604140fec2eef8bd39e1b5,VisA,pcb2,source_fit,9,tiny_compact,878,0.0005844449769683414,153.2087440423889,22.96822429906542,767,558,21,48
23604140fec2eef8bd39e1b5,VisA,pcb2,source_fit,10,tiny_compact,991,0.0006596639774209868,172.92695369704717,24.882242990654206,793,558,22,52
bd71e15273755fea66216dfa,VisA,pcb2,source_fit,1,larger,26320,0.017520036211624998,4592.7723726602235,79.43177570093458,166,440,204,166
feb3e41656025da3bc354582,VisA,pcb2,source_fit,1,larger,27607,0.01837673403093964,4817.350565806641,108.14205607476636,168,429,163,226
feb3e41656025da3bc354582,VisA,pcb2,source_fit,2,tiny_compact,683,0.0004546422770721836,119.1817450808105,14.586894586894587,282,442,40,19
55f1898177a830b5e12abe3d,VisA,pcb2,source_fit,1,larger,3157,0.0021014724285752322,550.8883883164257,29.18878504672897,565,334,54,61
55f1898177a830b5e12abe3d,VisA,pcb2,source_fit,2,larger,2914,0.0019397182948584818,508.48551268738186,28.710280373831775,620,334,50,60
55f1898177a830b5e12abe3d,VisA,pcb2,source_fit,3,larger,2882,0.0019184173389780867,502.90159490907155,28.23177570093458,672,334,50,59
55f1898177a830b5e12abe3d,VisA,pcb2,source_fit,4,larger,2858,0.0019024416220677902,498.7136565753388,27.274766355140187,729,334,51,57
55f1898177a830b5e12abe3d,VisA,pcb2,source_fit,5,tiny_compact,557,0.0003707697632931278,97.19506882871369,30.267806267806268,919,392,83,12
55f1898177a830b5e12abe3d,VisA,pcb2,source_fit,6,tiny_compact,700,0.0004659584098836435,122.14820140053784,21.15099715099715,736,396,58,29
55f1898177a830b5e12abe3d,VisA,pcb2,source_fit,7,tiny_compact,199,0.00013246531938120723,34.72498868386719,8.134579439252336,616,400,21,17
55f1898177a830b5e12abe3d,VisA,pcb2,source_fit,8,tiny_compact,53,3.527970817690444e-05,9.248363820326437,4.011396011396012,659,401,11,6
55f1898177a830b5e12abe3d,VisA,pcb2,source_fit,9,tiny_compact,114,7.588465532390765e-05,19.892707085230448,7.177570093457944,630,414,11,15
55f1898177a830b5e12abe3d,VisA,pcb2,source_fit,10,tiny_compact,141,9.385733684799105e-05,24.604137710679765,8.022792022792023,645,427,22,12
0396aae0e8543b910447f326,VisA,pcb2,source_fit,1,larger,29046,0.01933461139068616,5068.452368400032,108.14205607476636,200,424,164,226
0396aae0e8543b910447f326,VisA,pcb2,source_fit,2,larger,23080,0.01536331442873499,4027.400697606305,78.47476635514019,960,450,195,164
0396aae0e8543b910447f326,VisA,pcb2,source_fit,3,tiny_compact,881,0.0005864419415821285,153.7322363341055,20.57570093457944,964,459,24,43
0396aae0e8543b910447f326,VisA,pcb2,source_fit,4,tiny_compact,1,6.656548712623479e-07,0.17449743057219694,0.4785046728971963,201,522,1,1
0396aae0e8543b910447f326,VisA,pcb2,source_fit,5,tiny_compact,756,0.000503235082674335,131.92005751258088,20.57570093457944,965,566,21,43
0396aae0e8543b910447f326,VisA,pcb2,source_fit,6,tiny_compact,1,6.656548712623479e-07,0.17449743057219694,0.4785046728971963,200,608,1,1
d0055a1c157529b0573e9797,VisA,pcb2,source_fit,1,tiny_compact,722,0.0004806028170514152,125.98714487312618,12.398860398860398,486,394,34,22
d0055a1c157529b0573e9797,VisA,pcb2,source_fit,2,tiny_compact,728,0.0004845967462789893,127.03412945655937,13.492877492877493,814,398,37,20
d0055a1c157529b0573e9797,VisA,pcb2,source_fit,3,tiny_compact,693,0.0004612988257848071,120.92671938653247,12.034188034188034,487,441,33,21
d0055a1c157529b0573e9797,VisA,pcb2,source_fit,4,tiny_compact,741,0.0004932502596053998,129.30259605399792,13.857549857549857,815,444,38,20
d0055a1c157529b0573e9797,VisA,pcb2,source_fit,5,tiny_compact,770,0.0005125542508720079,134.36302154059163,13.128205128205128,487,487,36,22
d0055a1c157529b0573e9797,VisA,pcb2,source_fit,6,tiny_compact,839,0.0005584844369891099,146.40334425007322,14.222222222222221,814,489,39,22
d0055a1c157529b0573e9797,VisA,pcb2,source_fit,7,tiny_compact,779,0.000518545144713369,135.9334984157414,13.492877492877493,486,531,37,22
d0055a1c157529b0573e9797,VisA,pcb2,source_fit,8,tiny_compact,746,0.0004965785339617116,130.17508320685891,13.492877492877493,815,535,37,21
d0055a1c157529b0573e9797,VisA,pcb2,source_fit,9,tiny_compact,819,0.0005451713395638629,142.91339563862928,14.222222222222221,483,579,39,21
d0055a1c157529b0573e9797,VisA,pcb2,source_fit,10,tiny_compact,745,0.0004959128790904491,130.0005857762867,13.857549857549857,813,581,38,21
d0055a1c157529b0573e9797,VisA,pcb2,source_fit,11,tiny_compact,877,0.0005837793220970791,153.0342466118167,14.951566951566951,483,623,41,22
d0055a1c157529b0573e9797,VisA,pcb2,source_fit,12,tiny_compact,758,0.0005045663924168597,132.26905237372526,13.128205128205128,815,626,36,22
11474c54f7e82004a4d08d3d,VisA,pcb2,source_fit,1,larger,18900,0.012580877066858375,3298.001437814522,77.99626168224299,617,447,198,163
11474c54f7e82004a4d08d3d,VisA,pcb2,source_fit,2,tiny_compact,801,0.0005331895518811407,139.77244188832975,24.882242990654206,243,449,16,52
11474c54f7e82004a4d08d3d,VisA,pcb2,source_fit,3,tiny_compact,859,0.0005717975344143568,149.89329286151715,23.446728971962617,267,449,19,49
11474c54f7e82004a4d08d3d,VisA,pcb2,source_fit,4,tiny_compact,920,0.0006124024815613601,160.53763612642118,24.40373831775701,296,448,20,51
11474c54f7e82004a4d08d3d,VisA,pcb2,source_fit,5,tiny_compact,885,0.0005891045610671779,154.43022605639428,24.882242990654206,352,448,18,52
11474c54f7e82004a4d08d3d,VisA,pcb2,source_fit,6,tiny_compact,918,0.0006110711718188353,160.18864126527677,24.40373831775701,653,448,19,51
11474c54f7e82004a4d08d3d,VisA,pcb2,source_fit,7,tiny_compact,918,0.0006110711718188353,160.18864126527677,24.882242990654206,680,448,19,52
11474c54f7e82004a4d08d3d,VisA,pcb2,source_fit,8,tiny_compact,939,0.0006250499241153447,163.85308730729292,23.925233644859812,322,450,21,50
11474c54f7e82004a4d08d3d,VisA,pcb2,source_fit,9,tiny_compact,888,0.0005911015256809649,154.95371834811087,23.446728971962617,733,451,21,49
11474c54f7e82004a4d08d3d,VisA,pcb2,source_fit,10,tiny_compact,884,0.0005884389061959156,154.2557286258221,23.925233644859812,377,453,20,50
11474c54f7e82004a4d08d3d,VisA,pcb2,source_fit,11,tiny_compact,751,0.0004999068083180232,131.04757035971988,22.01121495327103,628,453,17,46
11474c54f7e82004a4d08d3d,VisA,pcb2,source_fit,12,tiny_compact,854,0.0005684692600580451,149.02080570865618,22.96822429906542,761,453,20,48
11474c54f7e82004a4d08d3d,VisA,pcb2,source_fit,13,tiny_compact,806,0.0005365178262374524,140.64492904119072,22.489719626168224,787,453,19,47
11474c54f7e82004a4d08d3d,VisA,pcb2,source_fit,14,tiny_compact,693,0.0004612988257848071,120.92671938653247,18.661682242990654,405,458,19,39
11474c54f7e82004a4d08d3d,VisA,pcb2,source_fit,15,larger,12802,0.008521713661900578,2233.916106185265,70.38176638176638,235,503,193,108
11474c54f7e82004a4d08d3d,VisA,pcb2,source_fit,16,tiny_compact,951,0.0006330377825704928,165.94705647415927,23.446728971962617,320,561,21,49
11474c54f7e82004a4d08d3d,VisA,pcb2,source_fit,17,tiny_compact,745,0.0004959128790904491,130.0005857762867,21.53271028037383,296,562,17,45
11474c54f7e82004a4d08d3d,VisA,pcb2,source_fit,18,tiny_compact,814,0.0005418430652075512,142.0409084857683,24.40373831775701,349,562,18,51
11474c54f7e82004a4d08d3d,VisA,pcb2,source_fit,19,tiny_compact,780,0.0005192107995846313,136.1079958463136,22.96822429906542,376,562,19,48
11474c54f7e82004a4d08d3d,VisA,pcb2,source_fit,20,tiny_compact,719,0.00047860585243762814,125.46365258140959,19.618691588785047,403,565,21,41
e96e226b798c2f75f8be448b,VisA,pcb2,source_fit,1,tiny_compact,345,0.00022965093058551002,60.20161354740794,11.005607476635515,540,622,15,23
e96e226b798c2f75f8be448b,VisA,pcb2,source_fit,2,tiny_compact,320,0.00021300955880395133,55.83917778310302,10.527102803738318,869,622,15,22
e96e226b798c2f75f8be448b,VisA,pcb2,source_fit,3,tiny_compact,308,0.00020502170034880315,53.74520861623665,10.527102803738318,541,666,14,22
e96e226b798c2f75f8be448b,VisA,pcb2,source_fit,4,tiny_compact,315,0.0002096812844476396,54.966690630242034,10.048598130841121,870,667,15,21
843bca24abf251865e56ed56,VisA,pcb2,source_fit,1,larger,4992,0.0033229491173416407,871.0911734164071,98.57196261682243,553,146,30,206
843bca24abf251865e56ed56,VisA,pcb2,source_fit,2,larger,3807,0.0025341480948957583,664.3117181883537,97.61495327102804,613,146,22,204
843bca24abf251865e56ed56,VisA,pcb2,source_fit,3,larger,3518,0.00234177383710094,613.8819607529888,97.61495327102804,673,149,22,204
843bca24abf251865e56ed56,VisA,pcb2,source_fit,4,larger,3938,0.002621348883031126,687.1708815933115,97.61495327102804,728,148,23,204
843bca24abf251865e56ed56,VisA,pcb2,source_fit,5,tiny_compact,173,0.00011515829272838619,30.18805548899007,22.489719626168224,579,585,9,47
843bca24abf251865e56ed56,VisA,pcb2,source_fit,6,tiny_compact,63,4.193625688952792e-05,10.993338126048407,6.220560747663551,634,585,7,13
843bca24abf251865e56ed56,VisA,pcb2,source_fit,7,thin_or_extended_small_area,372,0.0002476236121095934,64.91304417285725,38.7588785046729,685,598,9,81
843bca24abf251865e56ed56,VisA,pcb2,source_fit,8,tiny_compact,87,5.791197379982427e-05,15.181276459781133,11.962616822429906,633,600,7,25
843bca24abf251865e56ed56,VisA,pcb2,source_fit,9,thin_or_extended_small_area,364,0.00024229837313949465,63.517064728279685,42.10841121495327,739,603,8,88
843bca24abf251865e56ed56,VisA,pcb2,source_fit,10,tiny_compact,77,5.125542508720079e-05,13.436302154059163,10.048598130841121,635,635,5,21
843bca24abf251865e56ed56,VisA,pcb2,source_fit,11,tiny_compact,134,8.919775274915461e-05,23.382655696674387,20.097196261682242,740,707,5,42
c838acdc59364f0ae0139747,VisA,pcb2,source_fit,1,larger,2508,0.0016694624171259686,437.6395558750699,77.5177570093458,656,198,17,162
c838acdc59364f0ae0139747,VisA,pcb2,source_fit,2,larger,2620,0.0017440157627073515,457.18326809915595,76.5607476635514,709,199,18,160
9a426de3fe539d30129fb6e1,VisA,pcb2,source_fit,1,larger,2390,0.0015909151423170115,417.04885906755067,83.73831775700934,581,178,16,175
50b92309c855312aa506352e,VisA,pcb2,source_fit,1,tiny_compact,823,0.0005478339590489123,143.61138536091806,14.586894586894587,487,490,40,21
50b92309c855312aa506352e,VisA,pcb2,source_fit,2,tiny_compact,760,0.0005058977021593844,132.61804723486966,14.586894586894587,812,490,40,20
50b92309c855312aa506352e,VisA,pcb2,source_fit,3,tiny_compact,840,0.0005591500918603722,146.5778416806454,14.951566951566951,489,535,41,21
50b92309c855312aa506352e,VisA,pcb2,source_fit,4,tiny_compact,784,0.0005218734190696807,136.80598556860238,16.045584045584047,808,537,44,18
b883a7338b6052eac5107f56,VisA,pcb2,source_fit,1,larger,3676,0.002446947306760391,641.452554783396,98.09345794392523,569,141,22,205
b883a7338b6052eac5107f56,VisA,pcb2,source_fit,2,larger,3445,0.0022931810314987884,601.1436483212184,94.26542056074766,627,147,24,197
b883a7338b6052eac5107f56,VisA,pcb2,source_fit,3,larger,4277,0.002847005884389062,746.3255105572863,95.22242990654206,741,149,27,199
b883a7338b6052eac5107f56,VisA,pcb2,source_fit,4,larger,3799,0.00252882285592566,662.9157387437762,89.9588785046729,683,156,25,188
e4861796e2e4468e0112e833,VisA,pcb2,source_fit,1,tiny_compact,596,0.00039673030327235935,104.00046862102937,12.763532763532764,824,476,35,18
e4861796e2e4468e0112e833,VisA,pcb2,source_fit,2,tiny_compact,543,0.00036145059509545493,94.75210480070294,12.763532763532764,477,480,35,16
cd68690ce790f663ed5457f7,VisA,pcb2,source_fit,1,larger,2698,0.0017959368426658147,470.7940676837873,84.21682242990654,532,179,16,176
cd68690ce790f663ed5457f7,VisA,pcb2,source_fit,2,larger,3115,0.002073514923982214,543.5594962323935,85.17383177570093,585,179,23,178
cd68690ce790f663ed5457f7,VisA,pcb2,source_fit,3,larger,2441,0.0016248635407513912,425.9482280267327,84.21682242990654,644,179,19,176
2fa5078aab210427dc187c96,VisA,pcb2,source_fit,1,tiny_compact,424,0.0002822376654152355,73.9869105626115,11.48411214953271,831,381,18,24
2fa5078aab210427dc187c96,VisA,pcb2,source_fit,2,tiny_compact,1248,0.0008307372793354102,217.77279335410176,22.245014245014247,809,430,61,21
d343c2a2cbca687849a3010d,VisA,pcb2,source_fit,1,tiny_compact,601,0.0004000585776286711,104.87295577389035,11.005607476635515,482,579,27,23
d343c2a2cbca687849a3010d,VisA,pcb2,source_fit,2,tiny_compact,608,0.0004047181617275075,106.09443778789573,10.575498575498575,482,628,29,22
a3f3d4706393e7fb6290639a,VisA,pcb2,source_fit,1,tiny_compact,1334,0.0008879835982639721,232.7795723833107,16.774928774928775,486,457,46,29
a3f3d4706393e7fb6290639a,VisA,pcb2,source_fit,2,tiny_compact,994,0.0006616609420347738,173.45044598876373,13.857549857549857,484,553,38,27
f19f9dd394dcf709d33a91a1,VisA,pcb2,source_fit,1,tiny_compact,816,0.0005431743749500759,142.3899033469127,17.70467289719626,601,332,37,37
f19f9dd394dcf709d33a91a1,VisA,pcb2,source_fit,2,tiny_compact,1,6.656548712623479e-07,0.17449743057219694,0.4785046728971963,628,368,1,1
2a6f82efe4a992edee519e90,VisA,pcb2,source_fit,1,larger,2745,0.001827222621615145,478.9954469206806,88.5233644859813,720,162,17,185
2a6f82efe4a992edee519e90,VisA,pcb2,source_fit,2,larger,2867,0.0019084325159091514,500.2841334504886,85.65233644859813,548,164,21,179
9dcd7b88aa145c9956d55e28,VisA,pcb2,source_fit,1,larger,1747,0.0011628990600953217,304.847011209628,22.489719626168224,537,529,56,47
9dcd7b88aa145c9956d55e28,VisA,pcb2,source_fit,2,tiny_compact,249,0.00016574806294432462,43.449860212477034,11.48411214953271,621,567,26,24
f645c03fd2cdd71d8649824d,VisA,pcb2,source_fit,1,larger,1912,0.0012727321138536092,333.63908725404053,34.45233644859813,590,178,54,72
f645c03fd2cdd71d8649824d,VisA,pcb2,source_fit,2,tiny_compact,336,0.00022366003674414888,58.631136672258165,14.355140186915888,669,180,16,30
f645c03fd2cdd71d8649824d,VisA,pcb2,source_fit,3,tiny_compact,451,0.0003002103469393189,78.69834118806081,14.355140186915888,660,213,24,30
d5ba7127f32231a9ea444738,VisA,pcb2,source_fit,1,larger,2181,0.0014517932742231807,380.5788960779615,27.274766355140187,288,594,68,57
1396120765feff59f1681771,VisA,pcb2,source_fit,1,larger,2375,0.0015809303192480762,414.4313976089677,24.40373831775701,872,658,66,51
1396120765feff59f1681771,VisA,pcb2,source_fit,2,tiny_compact,187,0.00012447746092605905,32.63101951700082,7.177570093457944,806,738,19,15
14865019f5e6980bbff89391,VisA,pcb2,source_fit,1,larger,2148,0.0014298266634715233,374.820480869079,26.317757009345794,1031,324,72,55
14865019f5e6980bbff89391,VisA,pcb2,source_fit,2,larger,1968,0.0013100087866443006,343.41094336608353,37.32336448598131,973,376,55,78
8b68baa11ed86b3af31e169e,VisA,pcb2,source_fit,1,larger,3668,0.002441622067790292,640.0565753388183,46.893457943925235,900,624,79,98
6027ce71478d7b3c6f712726,VisA,pcb2,source_fit,1,tiny_compact,671,0.00044665441861703545,117.08777591394414,25.3607476635514,636,411,17,53
6027ce71478d7b3c6f712726,VisA,pcb2,source_fit,2,larger,2520,0.0016774502755811168,439.7335250419363,45.93644859813084,230,502,44,96
6027ce71478d7b3c6f712726,VisA,pcb2,source_fit,3,tiny_compact,75,4.992411534467609e-05,13.087307292914769,8.134579439252336,217,592,10,17
6027ce71478d7b3c6f712726,VisA,pcb2,source_fit,4,tiny_compact,140,9.31916819767287e-05,24.42964028010757,8.134579439252336,220,623,15,17
96643ba666ef12f988aa091b,VisA,pcb2,source_fit,1,larger,2064,0.001373911654285486,360.16269670101445,27.753271028037382,760,343,57,58
844ad8281954962a34a5bf8c,VisA,pcb2,source_fit,1,tiny_compact,82,5.458369944351253e-05,14.308789306920149,13.398130841121496,547,212,5,28
844ad8281954962a34a5bf8c,VisA,pcb2,source_fit,2,tiny_compact,468,0.00031152647975077883,81.66479750778817,13.398130841121496,514,672,29,28
844ad8281954962a34a5bf8c,VisA,pcb2,source_fit,3,larger,1959,0.0013040178928029396,341.8404664909338,38.2803738317757,525,684,53,80
844ad8281954962a34a5bf8c,VisA,pcb2,source_fit,4,tiny_compact,40,2.6626194850493917e-05,6.979897222887877,3.8280373831775703,639,701,8,8
844ad8281954962a34a5bf8c,VisA,pcb2,source_fit,5,tiny_compact,84,5.591500918603722e-05,14.657784168064541,5.742056074766355,639,721,12,12
3a12002344b707eeebd29c0b,VisA,pcb2,source_fit,1,larger,2254,0.0015003860798253321,393.31720850973187,33.495327102803735,376,385,48,70
96557f21d6aa5ae880a4458f,VisA,pcb2,source_fit,1,larger,2338,0.0015563010890113694,407.9749926777964,37.32336448598131,538,678,53,78
96557f21d6aa5ae880a4458f,VisA,pcb2,source_fit,2,tiny_compact,4,2.6626194850493917e-06,0.6979897222887878,1.4355140186915887,544,695,2,3
42ee2d6c129abdc1c0309610,VisA,pcb2,source_fit,1,larger,2028,0.0013499480789200416,353.8807892004154,65.07663551401869,645,176,29,136
42ee2d6c129abdc1c0309610,VisA,pcb2,source_fit,2,thin_or_extended_small_area,1244,0.0008280746598503608,217.07480363181298,45.93644859813084,697,179,29,96
42ee2d6c129abdc1c0309610,VisA,pcb2,source_fit,3,tiny_compact,13,8.653513326410523e-06,2.26846659743856,1.9140186915887851,649,182,4,4
42ee2d6c129abdc1c0309610,VisA,pcb2,source_fit,4,tiny_compact,99,6.589983225497244e-05,17.275245626647497,5.47008547008547,603,189,15,9
42ee2d6c129abdc1c0309610,VisA,pcb2,source_fit,5,tiny_compact,20,1.3313097425246958e-05,3.4899486114439386,2.392523364485981,649,190,5,5
42ee2d6c129abdc1c0309610,VisA,pcb2,source_fit,6,tiny_compact,20,1.3313097425246958e-05,3.4899486114439386,2.392523364485981,648,202,5,5
42ee2d6c129abdc1c0309610,VisA,pcb2,source_fit,7,tiny_compact,21,1.3978752296509305e-05,3.6644460420161353,2.392523364485981,647,216,5,5
42ee2d6c129abdc1c0309610,VisA,pcb2,source_fit,8,tiny_compact,11,7.322203583885827e-06,1.9194717362941662,1.4586894586894588,648,228,4,3
42ee2d6c129abdc1c0309610,VisA,pcb2,source_fit,9,tiny_compact,8,5.3252389700987835e-06,1.3959794445775755,1.4355140186915887,648,232,3,3
42ee2d6c129abdc1c0309610,VisA,pcb2,source_fit,10,tiny_compact,447,0.0002975477274542695,78.00035146577203,11.005607476635515,653,347,26,23
580fe2e2970cd28c647aca81,VisA,pcb2,source_fit,1,larger,2720,0.0018105812498335862,474.63301115637563,28.710280373831775,717,321,73,60
ade09ecec40f2c9d7e7a559e,VisA,pcb2,source_fit,1,tiny_compact,1411,0.0009392390233511729,246.21587453736987,21.515669515669515,551,693,59,42
3756ebdbf929ed787cce6dfc,VisA,pcb2,source_fit,1,larger,5537,0.0036857310221796204,966.1922730782544,47.77207977207977,1006,501,131,74
c75d1316fd33a72b0af4c5e4,VisA,pcb2,source_fit,1,larger,5780,0.0038474851558963708,1008.5951487072982,77.5177570093458,212,419,96,162
c75d1316fd33a72b0af4c5e4,VisA,pcb2,source_fit,2,tiny_compact,44,2.9288814335543308e-05,7.677886945176665,4.3065420560747665,296,483,9,9
c75d1316fd33a72b0af4c5e4,VisA,pcb2,source_fit,3,tiny_compact,15,9.984823068935218e-06,2.617461458582954,2.1880341880341883,278,574,6,4
f5b0f44066263eac6e77f054,VisA,pcb2,source_fit,1,tiny_compact,82,5.458369944351253e-05,14.308789306920149,5.263551401869159,685,521,13,11
f5b0f44066263eac6e77f054,VisA,pcb2,source_fit,2,larger,1895,0.0012614159810421493,330.6726309343132,23.925233644859812,679,525,64,50
f5b0f44066263eac6e77f054,VisA,pcb2,source_fit,3,tiny_compact,64,4.260191176079027e-05,11.167835556620604,10.048598130841121,738,533,5,21
f5b0f44066263eac6e77f054,VisA,pcb2,source_fit,4,tiny_compact,17,1.1316132811459914e-05,2.9664563197273477,2.392523364485981,685,538,4,5
6074e88848b9c71cf3e3e076,VisA,pcb2,source_fit,1,tiny_compact,967,0.0006436882605106904,168.73901536331442,16.269158878504673,491,483,44,34
6074e88848b9c71cf3e3e076,VisA,pcb2,source_fit,2,larger,1925,0.0012813856271800196,335.90755385147907,43.54392523364486,573,503,47,91
6074e88848b9c71cf3e3e076,VisA,pcb2,source_fit,3,tiny_compact,76,5.058977021593844e-05,13.261804723486966,4.785046728971962,607,504,9,10
6074e88848b9c71cf3e3e076,VisA,pcb2,source_fit,4,tiny_compact,5,3.3282743563117396e-06,0.8724871528609847,1.0940170940170941,613,517,3,2
6074e88848b9c71cf3e3e076,VisA,pcb2,source_fit,5,tiny_compact,17,1.1316132811459914e-05,2.9664563197273477,2.392523364485981,614,522,4,5
6074e88848b9c71cf3e3e076,VisA,pcb2,source_fit,6,tiny_compact,15,9.984823068935218e-06,2.617461458582954,1.9140186915887851,612,529,5,4
6074e88848b9c71cf3e3e076,VisA,pcb2,source_fit,7,tiny_compact,116,7.721596506643235e-05,20.241701946374842,8.022792022792023,642,534,22,10
6074e88848b9c71cf3e3e076,VisA,pcb2,source_fit,8,tiny_compact,10,6.656548712623479e-06,1.7449743057219693,1.9140186915887851,613,550,3,4
6074e88848b9c71cf3e3e076,VisA,pcb2,source_fit,9,tiny_compact,121,8.05442394227441e-05,21.11418909923583,8.134579439252336,548,555,13,17
6074e88848b9c71cf3e3e076,VisA,pcb2,source_fit,10,tiny_compact,4,2.6626194850493917e-06,0.6979897222887878,0.9570093457943926,614,555,2,2
6074e88848b9c71cf3e3e076,VisA,pcb2,source_fit,11,tiny_compact,614,0.0004087120909550816,107.14142237132891,28.23177570093458,550,589,31,59
6f83b8bb8a22fbd61cb75ad4,VisA,pcb2,source_fit,1,larger,3674,0.002445615997017866,641.1035599222515,40.67289719626168,713,672,89,85
aadfd2dcc350943f2416b2dd,VisA,pcb2,source_fit,1,tiny_compact,28,1.8638336395345743e-05,4.885928056021514,4.3065420560747665,749,240,4,9
aadfd2dcc350943f2416b2dd,VisA,pcb2,source_fit,2,tiny_compact,58,3.8607982533216176e-05,10.120850973187421,7.6560747663551405,692,253,5,16
aadfd2dcc350943f2416b2dd,VisA,pcb2,source_fit,3,tiny_compact,32,2.1300955880395134e-05,5.583917778310302,4.785046728971962,692,282,4,10
aadfd2dcc350943f2416b2dd,VisA,pcb2,source_fit,4,larger,3607,0.002401017120643289,629.4122320739143,42.3019943019943,598,686,116,60
d9b148f21cbbcaf360fd45b1,VisA,pcb2,source_fit,1,larger,2411,0.0016048938946135209,420.7133051095668,29.903133903133902,530,338,82,53
d9fc0603ee4f26815a3e863a,VisA,pcb2,source_fit,1,larger,2688,0.001789280293953191,469.0490933780653,45.93644859813084,942,361,45,96
d9fc0603ee4f26815a3e863a,VisA,pcb2,source_fit,2,tiny_compact,162,0.00010783608914450036,28.268583752695903,12.441121495327103,1000,391,20,26
d9fc0603ee4f26815a3e863a,VisA,pcb2,source_fit,3,tiny_compact,463,0.0003081982053944671,80.79231035492718,16.045584045584047,1022,446,44,17
d9fc0603ee4f26815a3e863a,VisA,pcb2,source_fit,4,tiny_compact,567,0.00037742631200575125,98.94004313443565,15.790654205607476,1087,556,26,33
e12cc7f03dd0bec2c8be0d63,VisA,pcb2,source_fit,1,thin_or_extended_small_area,1337,0.0008899805628777591,233.3030646750273,44.02242990654206,709,691,60,92
27be79a2c4dff4ebb32b823e,VisA,pcb2,source_fit,1,larger,1790,0.0011915222195596027,312.3504007242325,33.01682242990654,558,287,46,69
5554622b54ec46458487fccd,VisA,pcb2,source_fit,1,tiny_compact,715,0.00047594323295257877,124.76566285912081,19.14018691588785,235,285,33,40
5554622b54ec46458487fccd,VisA,pcb2,source_fit,2,tiny_compact,151,0.00010051388556061454,26.349112016401737,10.048598130841121,276,293,13,21
5554622b54ec46458487fccd,VisA,pcb2,source_fit,3,larger,2780,0.001850520542109327,485.10285699070744,57.899065420560746,243,382,51,121
5554622b54ec46458487fccd,VisA,pcb2,source_fit,4,tiny_compact,560,0.0003727667279069148,97.71856112043028,25.8392523364486,268,473,23,54
5554622b54ec46458487fccd,VisA,pcb2,source_fit,5,tiny_compact,43,2.862315946428096e-05,7.503389514604468,6.699065420560748,251,500,5,14
5554622b54ec46458487fccd,VisA,pcb2,source_fit,6,larger,1962,0.0013060148574167267,342.3639587826504,34.45233644859813,227,513,47,72
11f01d17018e97dc327c1871,VisA,pcb2,source_fit,1,tiny_compact,57,3.794232766195383e-05,9.946353542615224,7.6560747663551405,613,633,6,16
11f01d17018e97dc327c1871,VisA,pcb2,source_fit,2,larger,3598,0.0023950262268019277,627.8417551987645,86.42735042735043,369,644,237,74
11f01d17018e97dc327c1871,VisA,pcb2,source_fit,3,thin_or_extended_small_area,544,0.00036211624996671725,94.92660223127513,33.914529914529915,493,668,93,26
52d274d86324a2d347948688,VisA,pcb2,source_fit,1,larger,4333,0.0028842825571797535,756.0973666693293,81.32193732193733,861,327,223,107
52d274d86324a2d347948688,VisA,pcb2,source_fit,2,tiny_compact,248,0.00016508240807306228,43.27536278190484,11.48411214953271,876,352,31,24
52d274d86324a2d347948688,VisA,pcb2,source_fit,3,thin_or_extended_small_area,1068,0.0007109194025081875,186.36325585110632,49.23076923076923,912,377,135,73
734f3cec9eec135b130266c0,VisA,pcb2,source_fit,1,thin_or_extended_small_area,711,0.00047328061346752935,124.06767313683201,41.572649572649574,934,317,114,69
734f3cec9eec135b130266c0,VisA,pcb2,source_fit,2,thin_or_extended_small_area,902,0.0006004206938786378,157.39668237612162,45.21937321937322,952,318,124,85
734f3cec9eec135b130266c0,VisA,pcb2,source_fit,3,larger,2000,0.0013313097425246957,348.99486114439384,64.1196261682243,953,318,152,134
734f3cec9eec135b130266c0,VisA,pcb2,source_fit,4,tiny_compact,31,2.0635301009132785e-05,5.409420347738105,3.349532710280374,923,386,9,7
0034b5c2e42b8d83e6fcf6d9,VisA,pcb2,source_fit,1,larger,5778,0.0038461538461538464,1008.2461538461539,99.19088319088318,144,327,272,67
0cfdad5173e59da7138f0989,VisA,pcb2,source_fit,1,larger,2581,0.0017180552227281198,450.37786830684024,64.18233618233619,191,658,176,99
0cfdad5173e59da7138f0989,VisA,pcb2,source_fit,2,tiny_compact,45,2.9954469206805657e-05,7.852384375748862,4.3065420560747665,186,675,11,9
0cfdad5173e59da7138f0989,VisA,pcb2,source_fit,3,thin_or_extended_small_area,795,0.0005291956226535666,138.72545730489657,36.1025641025641,202,676,99,65
0cfdad5173e59da7138f0989,VisA,pcb2,source_fit,4,thin_or_extended_small_area,1168,0.0007774848896344224,203.81299890832602,39.38461538461539,180,686,108,73
d2289d206bd04eca591264a1,VisA,pcb2,source_fit,1,larger,4086,0.0027198658039779534,712.9965013179966,74.75783475783476,749,657,205,79
d04fb07abcc9f87fd3b69169,VisA,pcb2,source_fit,1,larger,3213,0.0021387491013659236,560.6602444284687,65.07663551401869,936,328,177,136
d04fb07abcc9f87fd3b69169,VisA,pcb2,source_fit,2,tiny_compact,21,1.3978752296509305e-05,3.6644460420161353,3.349532710280374,925,335,8,7
d04fb07abcc9f87fd3b69169,VisA,pcb2,source_fit,3,tiny_compact,152,0.00010117954043187688,26.523609446973932,13.398130841121496,938,346,34,28
d04fb07abcc9f87fd3b69169,VisA,pcb2,source_fit,4,tiny_compact,24,1.5975716910296348e-05,4.187938333732726,3.349532710280374,1023,367,6,7
d04fb07abcc9f87fd3b69169,VisA,pcb2,source_fit,5,tiny_compact,86,5.724631892856192e-05,15.006779029208936,6.220560747663551,1037,380,14,13
d04fb07abcc9f87fd3b69169,VisA,pcb2,source_fit,6,tiny_compact,249,0.00016574806294432462,43.449860212477034,20.42165242165242,1053,380,56,39
d04fb07abcc9f87fd3b69169,VisA,pcb2,source_fit,7,tiny_compact,67,4.459887637457731e-05,11.691327848337194,5.263551401869159,1007,408,11,11
d04fb07abcc9f87fd3b69169,VisA,pcb2,source_fit,8,tiny_compact,236,0.0001570945496179141,41.18139361503847,13.128205128205128,1078,411,36,26
1ac6ad7feff9327f8055eead,VisA,pcb2,source_fit,1,larger,2396,0.0015949090715445856,418.09584365098385,77.5177570093458,522,602,30,162
1ac6ad7feff9327f8055eead,VisA,pcb2,source_fit,2,larger,2946,0.0019610192507388768,514.0694304656921,74.16822429906541,626,608,40,155
1ac6ad7feff9327f8055eead,VisA,pcb2,source_fit,3,thin_or_extended_small_area,551,0.00036677583406555367,96.1480842452805,35.40934579439252,603,612,14,74
1ac6ad7feff9327f8055eead,VisA,pcb2,source_fit,4,tiny_compact,298,0.00019836515163617968,52.000234310514685,27.753271028037382,621,630,7,58
1ac6ad7feff9327f8055eead,VisA,pcb2,source_fit,5,tiny_compact,583,0.0003880767899459488,101.73200202359081,31.102803738317757,673,634,11,65
1ac6ad7feff9327f8055eead,VisA,pcb2,source_fit,6,tiny_compact,51,3.394839843437974e-05,8.899368959182043,5.742056074766355,628,688,5,12
1ac6ad7feff9327f8055eead,VisA,pcb2,source_fit,7,tiny_compact,387,0.0002576084351785286,67.5305056314402,30.624299065420562,674,698,14,64
1ac6ad7feff9327f8055eead,VisA,pcb2,source_fit,8,tiny_compact,158,0.00010517346965945097,27.570594030407115,11.48411214953271,560,718,16,24
117bc18a710b4e277abb6a6f,VisA,pcb2,source_fit,1,tiny_compact,12,7.987858455148174e-06,2.093969166866363,2.392523364485981,800,642,3,5
117bc18a710b4e277abb6a6f,VisA,pcb2,source_fit,2,thin_or_extended_small_area,1393,0.0009272572356684506,243.0749207870703,52.63551401869159,818,642,36,110
117bc18a710b4e277abb6a6f,VisA,pcb2,source_fit,3,tiny_compact,4,2.6626194850493917e-06,0.6979897222887878,1.4355140186915887,811,644,2,3
117bc18a710b4e277abb6a6f,VisA,pcb2,source_fit,4,thin_or_extended_small_area,1264,0.0008413877572756078,220.56475224325692,47.37196261682243,805,653,26,99
117bc18a710b4e277abb6a6f,VisA,pcb2,source_fit,5,thin_or_extended_small_area,784,0.0005218734190696807,136.80598556860238,46.41495327102804,781,655,20,97
117bc18a710b4e277abb6a6f,VisA,pcb2,source_fit,6,tiny_compact,145,9.651995633304044e-05,25.302127432968554,16.747663551401867,847,714,5,35
f05ab3c24065985287fcdc4d,VisA,pcb2,source_fit,1,tiny_compact,213,0.0001417844875788801,37.167952711877945,14.833644859813084,541,578,34,31
f05ab3c24065985287fcdc4d,VisA,pcb2,source_fit,2,larger,2405,0.0016008999653859468,419.66632052613363,63.162616822429904,541,599,143,132
f05ab3c24065985287fcdc4d,VisA,pcb2,source_fit,3,tiny_compact,77,5.125542508720079e-05,13.436302154059163,6.699065420560748,593,628,18,14
f05ab3c24065985287fcdc4d,VisA,pcb2,source_fit,4,thin_or_extended_small_area,895,0.0005957611097798013,156.17520036211624,48.32897196261682,512,661,123,101
f05ab3c24065985287fcdc4d,VisA,pcb2,source_fit,5,thin_or_extended_small_area,1397,0.0009299198551535001,243.77291050935912,49.23076923076923,477,667,135,95
f05ab3c24065985287fcdc4d,VisA,pcb2,source_fit,6,tiny_compact,497,0.0003308304710173869,86.72522299438187,23.446728971962617,684,710,51,49
f05ab3c24065985287fcdc4d,VisA,pcb2,source_fit,7,tiny_compact,62,4.127060201826557e-05,10.81884069547621,6.699065420560748,685,727,11,14
76c30b6fb52eb38e507d2dc5,VisA,pcb2,source_fit,1,larger,5701,0.003794898421066645,994.8098516920946,110.13105413105413,541,619,302,71
76c30b6fb52eb38e507d2dc5,VisA,pcb2,source_fit,2,tiny_compact,60,3.993929227574087e-05,10.469845834331815,4.3760683760683765,678,620,12,7
76c30b6fb52eb38e507d2dc5,VisA,pcb2,source_fit,3,thin_or_extended_small_area,728,0.0004845967462789893,127.03412945655937,43.76068376068376,517,649,120,17
76c30b6fb52eb38e507d2dc5,VisA,pcb2,source_fit,4,tiny_compact,92,6.124024815613601e-05,16.05376361264212,8.752136752136753,802,657,24,11
eeb0f9de2bffec5cced2a0ff,VisA,pcb2,source_fit,1,tiny_compact,431,0.00028689724951407193,75.20839257661687,20.57570093457944,971,586,21,43
eeb0f9de2bffec5cced2a0ff,VisA,pcb2,source_fit,2,tiny_compact,453,0.0003015416566818436,79.04733604920521,12.398860398860398,327,618,34,23
eeb0f9de2bffec5cced2a0ff,VisA,pcb2,source_fit,3,larger,1549,0.001031099395585377,270.29651995633304,22.01121495327103,932,630,51,46
eeb0f9de2bffec5cced2a0ff,VisA,pcb2,source_fit,4,larger,3703,0.002464919988284474,646.1639854088452,95.17948717948718,349,676,261,44
372ae5bdec2320a7643a9f3a,VisA,pcb2,source_fit,1,larger,3989,0.002655297281465506,696.0702505524936,92.99145299145299,569,400,255,43
b11dc48e6859c0e3757254f8,VisA,pcb2,source_fit,1,larger,6695,0.004456559363101419,1168.2602976808585,93.35612535612536,531,412,256,46
044cd9bc7b24ef53e8aae994,VisA,pcb2,source_fit,1,larger,3991,0.0026566285912080303,696.4192454136379,59.33457943925234,338,457,122,124
7975583be402b6b3e95c4253,VisA,pcb3,source_fit,1,larger,3187,0.00212534677763551,557.1469056764831,77.33333333333333,332,418,125,145
7975583be402b6b3e95c4253,VisA,pcb3,source_fit,2,larger,2932,0.0019552923602219377,512.5681604780196,57.36235595390525,445,482,175,20
6273ff3d99faff748cb73ccf,VisA,pcb3,source_fit,1,larger,24949,0.01663799082373026,4361.549466495945,133.86666666666667,922,539,156,251
e219ccecbb0fa925b4ee168c,VisA,pcb3,source_fit,1,tiny_compact,10,6.66880068288519e-06,1.7481860862142553,3.2778489116517284,608,449,10,1
e219ccecbb0fa925b4ee168c,VisA,pcb3,source_fit,2,tiny_compact,1,6.66880068288519e-07,0.17481860862142554,0.5333333333333333,619,448,1,1
e219ccecbb0fa925b4ee168c,VisA,pcb3,source_fit,3,larger,3017,0.002011977166026462,527.4277422108408,64.57362355953906,427,450,197,32
5f570b16714e282159e85e06,VisA,pcb3,source_fit,1,larger,3674,0.002450117370892019,642.2835680751174,88.53333333333333,425,398,117,166
00def363460ce202d13ff3ac,VisA,pcb3,source_fit,1,larger,22765,0.015181524754588135,3979.745625266752,93.86666666666666,1026,364,196,176
fcee1f61a8facc5ae071042d,VisA,pcb3,source_fit,1,larger,25321,0.01688607020913359,4426.581988903115,81.61843790012804,854,334,249,138
195b9a91e8b5e0aff0059c51,VisA,pcb3,source_fit,1,larger,6170,0.004114650021340162,1078.6308151941955,110.93333333333334,316,292,122,208
f51a7ad211ef88f4b46e93ce,VisA,pcb3,source_fit,1,larger,3217,0.0021453531796841656,562.3914639351259,59.2,306,446,136,111
e29a040a67f4cafdefa3910c,VisA,pcb3,source_fit,1,larger,3420,0.002280729833546735,597.8796414852753,58.0179257362356,226,352,177,84
e29a040a67f4cafdefa3910c,VisA,pcb3,source_fit,2,larger,3672,0.002448783610755442,641.9339308578745,66.13333333333334,390,374,137,124
e29a040a67f4cafdefa3910c,VisA,pcb3,source_fit,3,larger,3540,0.0023607554417413574,618.8578745198464,56.05121638924456,391,462,171,95
bc0a151a73830b91cf629ae6,VisA,pcb3,source_fit,1,larger,23672,0.015786384976525823,4138.306103286385,75.06274007682458,826,508,229,130
8a06f3e847432f46cd2e1394,VisA,pcb3,source_fit,1,larger,16754,0.011172908664105847,2928.910968843363,73.06666666666666,953,349,156,137
8a06f3e847432f46cd2e1394,VisA,pcb3,source_fit,2,larger,17875,0.011920481220657277,3124.8826291079813,71.46666666666667,982,505,169,134
5df4539192f57bf417e8130d,VisA,pcb3,source_fit,1,larger,25814,0.01721484208279983,4512.767562953479,138.13333333333333,1020,373,185,259
5df4539192f57bf417e8130d,VisA,pcb3,source_fit,2,larger,23423,0.015620331839521981,4094.77626973965,73.42381562099872,824,486,224,136
7bd85e3c167af931c064eb67,VisA,pcb3,source_fit,1,larger,8661,0.005775848271446863,1514.1039692701665,115.2,270,397,157,216
c8d0e8e6a1f461b3389d1110,VisA,pcb3,source_fit,1,larger,25780,0.01719216816047802,4506.82373026035,143.46666666666667,979,178,170,269
4773564034a8e983012dbef8,VisA,pcb3,source_fit,1,larger,2722,0.0018152475458813487,475.85625266752027,60.64020486555698,402,523,185,27
560887d7ff6c9b943234f327,VisA,pcb3,source_fit,1,larger,2985,0.0019906370038412294,521.8335467349552,59.2,304,423,150,111
3d641a43fe8d5bacb4f61ff1,VisA,pcb3,source_fit,1,larger,3098,0.0020659944515578317,541.5880495091762,55.46666666666667,284,461,152,104
dc5fe9467ee732c258956139,VisA,pcb3,source_fit,1,larger,3083,0.002055991250533504,538.9657703798549,69.33333333333333,325,478,142,130
7d5f5d3cf83aca5e99c261d1,VisA,pcb3,source_fit,1,larger,5556,0.0037051856594110116,971.2921895006402,70.4,301,435,132,132
cb0e24bf3e640c774f49f0d4,VisA,pcb3,source_fit,1,larger,23912,0.015946436192915067,4180.262569355527,72.0,874,352,218,135
b831d785f037d22df96d4bba,VisA,pcb3,source_fit,1,larger,3440,0.002294067434912505,601.3760136577038,48.53333333333333,681,337,65,91
b831d785f037d22df96d4bba,VisA,pcb3,source_fit,2,tiny_compact,25,1.6672001707212976e-05,4.3704652155356385,2.950064020486556,960,416,9,5
b831d785f037d22df96d4bba,VisA,pcb3,source_fit,3,tiny_compact,150,0.00010003201024327785,26.222791293213827,13.439180537772087,973,418,41,6
b831d785f037d22df96d4bba,VisA,pcb3,source_fit,4,tiny_compact,586,0.00039079172001707215,102.44370465215536,15.466666666666667,681,425,31,29
b831d785f037d22df96d4bba,VisA,pcb3,source_fit,5,tiny_compact,26,1.7338881775501495e-05,4.545283824157064,3.2,960,479,9,6
b831d785f037d22df96d4bba,VisA,pcb3,source_fit,6,tiny_compact,105,7.00224071702945e-05,18.35595390524968,12.128040973111396,976,483,37,7
b831d785f037d22df96d4bba,VisA,pcb3,source_fit,7,tiny_compact,285,0.00019006081946222793,49.82330345710628,25.56722151088348,957,544,78,10
b0ff82f2da12cc7c2476600c,VisA,pcb3,source_fit,1,larger,1665,0.0011103553137003842,291.0729833546735,25.6,680,341,45,48
ccd22533cc8468c15cea8173,VisA,pcb3,source_fit,1,larger,3383,0.0022560552710200596,591.4113529662825,52.266666666666666,882,334,59,98
4a749e9a94c97d05b64241aa,VisA,pcb3,source_fit,1,tiny_compact,1392,0.0009282970550576184,243.34750320102432,24.91165172855314,392,401,76,33
4a749e9a94c97d05b64241aa,VisA,pcb3,source_fit,2,larger,3376,0.00225138711054204,590.1876227059325,40.53333333333333,417,463,76,76
15c3ae0d8743e8989805d796,VisA,pcb3,source_fit,1,tiny_compact,458,0.0003054310712761417,80.0669227486129,14.094750320102433,899,412,43,20
15c3ae0d8743e8989805d796,VisA,pcb3,source_fit,2,larger,4961,0.0033083920187793425,867.275117370892,53.333333333333336,888,508,91,100
b1e4cce03596b43b79ea9b56,VisA,pcb3,source_fit,1,larger,5812,0.0038759069568928724,1016.0457533077251,51.2,1034,365,113,96
b1e4cce03596b43b79ea9b56,VisA,pcb3,source_fit,2,tiny_compact,469,0.0003127667520273154,81.98992744344856,13.333333333333334,1041,514,27,25
b1e4cce03596b43b79ea9b56,VisA,pcb3,source_fit,3,tiny_compact,446,0.00029742851045667945,77.96909944515578,14.4,931,524,22,27
b1e4cce03596b43b79ea9b56,VisA,pcb3,source_fit,4,tiny_compact,552,0.0003681177976952625,96.49987195902689,15.466666666666667,1027,577,32,29
3d87b297c6b243bf9e8a1daa,VisA,pcb3,source_fit,1,larger,3434,0.002290066154502774,600.3271020059752,36.8,958,425,76,69
3d87b297c6b243bf9e8a1daa,VisA,pcb3,source_fit,2,tiny_compact,107,7.135616730687154e-05,18.70559112249253,5.866666666666666,999,498,17,11
3d87b297c6b243bf9e8a1daa,VisA,pcb3,source_fit,3,tiny_compact,86,5.735168587281263e-05,15.034400341442595,8.0,1020,513,9,15
3d87b297c6b243bf9e8a1daa,VisA,pcb3,source_fit,4,tiny_compact,131,8.736128894579599e-05,22.901237729406745,9.066666666666666,1033,522,10,17
3d87b297c6b243bf9e8a1daa,VisA,pcb3,source_fit,5,tiny_compact,83,5.535104566794708e-05,14.509944515578319,5.866666666666666,1046,539,10,11
3d87b297c6b243bf9e8a1daa,VisA,pcb3,source_fit,6,tiny_compact,70,4.668160478019633e-05,12.237302603499787,4.266666666666667,1046,560,12,8
1eceb5e37343e14cafa05cac,VisA,pcb3,source_fit,1,larger,5578,0.0037198570209133587,975.1381988903115,56.0,654,347,97,105
52546fda84f54d6a1fecaf2e,VisA,pcb3,source_fit,1,larger,2435,0.0016238529662825438,425.6833119931712,44.8,676,361,44,84
52546fda84f54d6a1fecaf2e,VisA,pcb3,source_fit,2,tiny_compact,104,6.935552710200598e-05,18.181135296628256,8.0,651,405,13,15
52546fda84f54d6a1fecaf2e,VisA,pcb3,source_fit,3,tiny_compact,112,7.469056764831413e-05,19.57968416559966,6.4,690,454,17,12
5e22de1b20c6b8a851188e87,VisA,pcb3,source_fit,1,tiny_compact,51,3.401088348271447e-05,8.915749039692702,3.7333333333333334,257,435,11,7
5e22de1b20c6b8a851188e87,VisA,pcb3,source_fit,2,tiny_compact,67,4.4680964575330774e-05,11.71284677763551,5.333333333333333,346,435,11,10
5e22de1b20c6b8a851188e87,VisA,pcb3,source_fit,3,tiny_compact,74,4.9349125053350404e-05,12.936577037985488,6.227912932138285,357,449,19,6
5e22de1b20c6b8a851188e87,VisA,pcb3,source_fit,4,tiny_compact,61,4.0679684165599657e-05,10.663935125906956,4.266666666666667,397,450,11,8
5e22de1b20c6b8a851188e87,VisA,pcb3,source_fit,5,tiny_compact,186,0.00012403969270166453,32.516261203585145,9.6,269,496,22,18
5e22de1b20c6b8a851188e87,VisA,pcb3,source_fit,6,larger,2598,0.0017325544174135723,454.1787451984635,42.13333333333333,314,499,80,79
5e22de1b20c6b8a851188e87,VisA,pcb3,source_fit,7,tiny_compact,131,8.736128894579599e-05,22.901237729406745,10.161331626120358,294,512,31,6
5e22de1b20c6b8a851188e87,VisA,pcb3,source_fit,8,tiny_compact,52,3.467776355100299e-05,9.090567648314128,4.8,378,559,13,9
7b4b5c2c09678c5e8e11b8dd,VisA,pcb3,source_fit,1,larger,2034,0.0013564340588988477,355.58104993597954,29.333333333333332,888,361,63,55
7b4b5c2c09678c5e8e11b8dd,VisA,pcb3,source_fit,2,larger,2038,0.0013591015791720017,356.2803243704652,32.53333333333333,895,490,50,61
8a7cddd693b1921d790d5b13,VisA,pcb3,source_fit,1,larger,6786,0.00452544814340589,1186.3190781049937,75.73333333333333,659,308,87,142
ca4bbb42038836cd916fea40,VisA,pcb3,source_fit,1,larger,1737,0.0011583706786171574,303.6599231754161,23.272727272727273,1029,441,71,42
ca4bbb42038836cd916fea40,VisA,pcb3,source_fit,2,larger,2162,0.001441794707639778,377.957831839522,56.0,1059,520,43,105
1fbb9f1ade34b0442c15b1c1,VisA,pcb3,source_fit,1,larger,2747,0.0018319195475885617,480.2267178830559,40.0,584,339,73,75
b284edc37259b804e1588c05,VisA,pcb3,source_fit,1,tiny_compact,410,0.0002734208279982928,71.67562953478446,12.8,541,386,28,24
b284edc37259b804e1588c05,VisA,pcb3,source_fit,2,larger,4123,0.0027495465215535636,720.7771233461374,45.86666666666667,371,404,98,86
b284edc37259b804e1588c05,VisA,pcb3,source_fit,3,thin_or_extended_small_area,471,0.00031410051216389245,82.33956466069142,48.0,478,406,17,90
b284edc37259b804e1588c05,VisA,pcb3,source_fit,4,tiny_compact,155,0.00010336641058472044,27.096884336320954,10.816901408450704,303,470,33,6
b284edc37259b804e1588c05,VisA,pcb3,source_fit,5,tiny_compact,982,0.0006548762270593256,171.67187366623986,27.861715749039693,374,535,85,17
b284edc37259b804e1588c05,VisA,pcb3,source_fit,6,tiny_compact,45,3.0009603072983354e-05,7.866837387964148,3.2778489116517284,345,542,10,6
7197ad0bd1ca57ef77bcdf39,VisA,pcb3,source_fit,1,tiny_compact,735,0.0004901568501920614,128.49167733674776,14.4,634,520,39,27
7197ad0bd1ca57ef77bcdf39,VisA,pcb3,source_fit,2,tiny_compact,210,0.000140044814340589,36.71190781049936,9.066666666666666,526,549,26,17
7197ad0bd1ca57ef77bcdf39,VisA,pcb3,source_fit,3,larger,3030,0.0020206466069142125,529.7003841229193,35.733333333333334,577,549,93,67
7197ad0bd1ca57ef77bcdf39,VisA,pcb3,source_fit,4,tiny_compact,524,0.00034944515578318397,91.60495091762698,28.51728553137004,405,587,87,31
32c9f568a03a9e26ef015b76,VisA,pcb3,source_fit,1,larger,4046,0.002698196756295348,707.3160904822877,50.13333333333333,833,330,90,94
32c9f568a03a9e26ef015b76,VisA,pcb3,source_fit,2,tiny_compact,84,5.6017925736235596e-05,14.684763124199744,8.194622279129321,1077,331,25,9
32c9f568a03a9e26ef015b76,VisA,pcb3,source_fit,3,tiny_compact,73,4.8682244985061885e-05,12.761758429364063,4.916773367477592,1048,358,15,7
32c9f568a03a9e26ef015b76,VisA,pcb3,source_fit,4,tiny_compact,122,8.135936833119931e-05,21.327870251813913,9.505761843790014,1012,364,29,11
32c9f568a03a9e26ef015b76,VisA,pcb3,source_fit,5,tiny_compact,134,8.936192915066155e-05,23.42569355527102,7.466666666666667,942,371,18,14
32c9f568a03a9e26ef015b76,VisA,pcb3,source_fit,6,tiny_compact,189,0.0001260403329065301,33.040717029449425,8.0,849,431,24,15
14f02280ec42c1ccc8aac851,VisA,pcb3,source_fit,1,thin_or_extended_small_area,1306,0.0008709453691848058,228.31310285958173,35.733333333333334,701,335,33,67
14f02280ec42c1ccc8aac851,VisA,pcb3,source_fit,2,tiny_compact,287,0.00019139457959880496,50.17294067434913,17.066666666666666,821,362,16,32
14f02280ec42c1ccc8aac851,VisA,pcb3,source_fit,3,tiny_compact,906,0.0006041933418693982,158.38565941101152,24.533333333333335,695,397,39,46
14f02280ec42c1ccc8aac851,VisA,pcb3,source_fit,4,tiny_compact,1064,0.0007095603926589842,186.00699957319677,29.333333333333332,819,403,34,55
6b05141a06e123ce944355e2,VisA,pcb3,source_fit,1,larger,2107,0.0014051163038839094,368.34280836534356,61.86666666666667,685,333,33,116
6b05141a06e123ce944355e2,VisA,pcb3,source_fit,2,tiny_compact,222,0.00014804737516005122,38.80973111395647,11.2,648,385,16,21
6b05141a06e123ce944355e2,VisA,pcb3,source_fit,3,tiny_compact,431,0.0002874253094323517,75.3468203158344,13.866666666666667,246,402,26,26
6b05141a06e123ce944355e2,VisA,pcb3,source_fit,4,tiny_compact,604,0.00040279556124626545,105.59043960734101,18.666666666666668,249,452,32,35
e8c4f14bf1512ee978e3215c,VisA,pcb3,source_fit,1,larger,2339,0.0015598324797268459,408.9007255655143,37.86666666666667,812,323,57,71
ed49ac7324a7e91df5ff4eec,VisA,pcb3,source_fit,1,larger,3129,0.002086667733674776,547.0074263764404,60.967989756722154,233,551,186,18
4f82198a3d1004d1e280622f,VisA,pcb3,source_fit,1,tiny_compact,1124,0.0007495731967562953,196.49611609048227,20.8,656,383,29,39
4f82198a3d1004d1e280622f,VisA,pcb3,source_fit,2,tiny_compact,1197,0.0007982554417413572,209.25787451984635,22.933333333333334,654,523,30,43
edec0f96045bd10e9803db12,VisA,pcb3,source_fit,1,tiny_compact,1423,0.0009489703371745625,248.76688006828851,17.066666666666666,894,545,47,32
edec0f96045bd10e9803db12,VisA,pcb3,source_fit,2,larger,1539,0.0010263284250960308,269.0458386683739,18.666666666666668,892,606,47,35
8544063c4f0dfa42a7779aab,VisA,pcb3,source_fit,1,larger,19638,0.013096190781049935,3433.0878361075543,79.651728553137,258,352,243,118
8544063c4f0dfa42a7779aab,VisA,pcb3,source_fit,2,larger,19309,0.012876787238583013,3375.5725138711055,81.94622279129321,257,504,250,111
f7277cd24c31a03f79526d0e,VisA,pcb3,source_fit,1,larger,21556,0.014375266752027315,3768.3899274434484,82.92957746478874,1055,347,253,121
d3f9ce53374c295ee2be4662,VisA,pcb3,source_fit,1,tiny_compact,710,0.0004734848484848485,124.12121212121212,12.45582586427657,893,344,38,21
d3f9ce53374c295ee2be4662,VisA,pcb3,source_fit,2,tiny_compact,389,0.0002594163465642339,68.00443875373453,14.933333333333334,874,346,30,28
d3f9ce53374c295ee2be4662,VisA,pcb3,source_fit,3,tiny_compact,346,0.00023074050362782757,60.48723858301323,9.833546734955185,823,368,30,15
d3f9ce53374c295ee2be4662,VisA,pcb3,source_fit,4,tiny_compact,413,0.00027542146820315835,72.20008536064874,16.0,830,385,22,30
d3f9ce53374c295ee2be4662,VisA,pcb3,source_fit,5,tiny_compact,592,0.00039479300042680323,103.4926163038839,12.45582586427657,892,408,38,16
d3f9ce53374c295ee2be4662,VisA,pcb3,source_fit,6,tiny_compact,484,0.0003227699530516432,84.61220657276995,14.4,833,428,31,27
934643e8423388494ab08704,VisA,pcb3,source_fit,1,thin_or_extended_small_area,167,0.00011136897140418267,29.194707639778063,42.13333333333333,942,325,27,79
934643e8423388494ab08704,VisA,pcb3,source_fit,2,tiny_compact,1138,0.0007589095177123346,198.94357661118224,15.466666666666667,877,343,43,29
934643e8423388494ab08704,VisA,pcb3,source_fit,3,tiny_compact,72,4.801536491677337e-05,12.586939820742638,13.333333333333334,983,374,19,25
934643e8423388494ab08704,VisA,pcb3,source_fit,4,thin_or_extended_small_area,194,0.00012937473324797267,33.91481007255655,32.53333333333333,963,397,48,61
934643e8423388494ab08704,VisA,pcb3,source_fit,5,tiny_compact,928,0.0006188647033717456,162.23166880068288,13.866666666666667,881,407,38,26
934643e8423388494ab08704,VisA,pcb3,source_fit,6,tiny_compact,86,5.735168587281263e-05,15.034400341442595,18.666666666666668,982,415,28,35
934643e8423388494ab08704,VisA,pcb3,source_fit,7,tiny_compact,28,1.8672641912078532e-05,4.894921041399915,3.2,949,433,7,6
934643e8423388494ab08704,VisA,pcb3,source_fit,8,tiny_compact,105,7.00224071702945e-05,18.35595390524968,15.405889884763123,968,443,47,26
934643e8423388494ab08704,VisA,pcb3,source_fit,9,tiny_compact,1031,0.000687553350405463,180.2379854886897,14.933333333333334,881,466,38,28
934643e8423388494ab08704,VisA,pcb3,source_fit,10,tiny_compact,60,4.001280409731114e-05,10.489116517285531,7.866837387964148,942,480,24,7
934643e8423388494ab08704,VisA,pcb3,source_fit,11,tiny_compact,60,4.001280409731114e-05,10.489116517285531,5.333333333333333,1047,494,9,10
934643e8423388494ab08704,VisA,pcb3,source_fit,12,tiny_compact,93,6.201984635083226e-05,16.258130601792573,20.8,951,499,33,39
934643e8423388494ab08704,VisA,pcb3,source_fit,13,tiny_compact,1032,0.0006882202304737516,180.41280409731115,14.933333333333334,877,526,39,28
934643e8423388494ab08704,VisA,pcb3,source_fit,14,tiny_compact,1070,0.0007135616730687153,187.0559112249253,16.0,877,586,38,30
934643e8423388494ab08704,VisA,pcb3,source_fit,15,tiny_compact,76,5.068288518992744e-05,13.286214255228339,9.17797695262484,942,595,28,15
91b0cac38312f1899f1637c5,VisA,pcb3,source_fit,1,larger,27899,0.01860528702518139,4877.26436192915,86.20742637644047,1055,348,263,133
91b0cac38312f1899f1637c5,VisA,pcb3,source_fit,2,larger,29012,0.019347524541186514,5071.837473324797,91.2,680,474,175,171
ce08ed8426b8499dce325f94,VisA,pcb3,source_fit,1,tiny_compact,125,8.336000853606487e-05,21.85232607767819,12.8,585,358,18,24
ce08ed8426b8499dce325f94,VisA,pcb3,source_fit,2,tiny_compact,19,1.267072129748186e-05,3.3215535638070848,5.333333333333333,592,375,7,10
ce08ed8426b8499dce325f94,VisA,pcb3,source_fit,3,larger,25274,0.01685472684592403,4418.365514297909,83.58514724711908,1027,491,255,135
7b930fe92c62d542c51727f6,VisA,pcb3,source_fit,1,tiny_compact,1104,0.000736235595390525,192.99974391805378,15.466666666666667,889,539,42,29
cf9a7dd1993f876a3309b56e,VisA,pcb3,source_fit,1,larger,24033,0.016027128681177977,4201.4156209987195,90.14084507042253,1042,494,275,132
b838036dacda8010bf828f1f,VisA,pcb3,source_fit,1,larger,4277,0.0028522460520699956,747.6991890738369,62.60691421254801,219,513,191,59
46bd2a9a13c68a3032f8a029,VisA,pcb3,source_fit,1,larger,32315,0.02155022940674349,5649.2633376013655,94.93333333333334,694,495,187,178
7e9bdf56b2622729636c1045,VisA,pcb3,source_fit,1,larger,2674,0.0017832373026034998,467.46495945369185,58.34571062740077,1102,401,178,17
7e9bdf56b2622729636c1045,VisA,pcb3,source_fit,2,larger,2914,0.0019432885189927444,509.421425522834,56.706786171574905,1105,459,173,17
7e9bdf56b2622729636c1045,VisA,pcb3,source_fit,3,larger,2807,0.001871932351685873,490.71583440034146,57.36235595390525,1099,519,175,17
7e9bdf56b2622729636c1045,VisA,pcb3,source_fit,4,tiny_compact,1,6.66880068288519e-07,0.17481860862142554,0.5333333333333333,1181,537,1,1
f73d56126da134c469e66dd7,VisA,pcb3,source_fit,1,larger,1539,0.0010263284250960308,269.0458386683739,17.37259923175416,983,387,53,31
f73d56126da134c469e66dd7,VisA,pcb3,source_fit,2,tiny_compact,1437,0.0009583066581306018,251.21434058898848,19.3393085787452,975,569,59,26
50ea033230d5fe7c2043a5de,VisA,pcb3,source_fit,1,larger,2804,0.0018699317114810072,490.19137857447714,60.31241997439181,256,397,184,18
12f6de240f34609698a449ec,VisA,pcb3,source_fit,1,tiny_compact,1306,0.0008709453691848058,228.31310285958173,18.666666666666668,925,605,40,35
be68c91ba135f7233398ea1c,VisA,pcb3,source_fit,1,larger,3363,0.0022427176696542895,587.914980793854,61.95134443021767,242,482,189,22
dc1e7b75565f5b8171c95bf5,VisA,pcb3,source_fit,1,tiny_compact,712,0.0004748186086214255,124.47084933845497,17.6,868,541,22,33
dc1e7b75565f5b8171c95bf5,VisA,pcb3,source_fit,2,tiny_compact,1252,0.0008349338454972258,218.87289799402475,18.666666666666668,855,603,36,35
9b501d06984dd1b3dedbfd5d,VisA,pcb3,source_fit,1,larger,1987,0.0013250906956892873,347.36457533077254,19.994878361075543,866,505,61,34
9b501d06984dd1b3dedbfd5d,VisA,pcb3,source_fit,2,larger,2008,0.0013390951771233462,351.03576611182245,20.322663252240716,865,569,62,34
fcb791ab3ea3fb7a609f757e,VisA,pcb3,source_fit,1,tiny_compact,706,0.0004708173282116944,123.42193768672642,29.333333333333332,958,527,42,55
fcb791ab3ea3fb7a609f757e,VisA,pcb3,source_fit,2,tiny_compact,52,3.467776355100299e-05,9.090567648314128,4.266666666666667,983,589,8,8
fcb791ab3ea3fb7a609f757e,VisA,pcb3,source_fit,3,larger,1525,0.0010169921041399915,266.59837814767394,27.2,817,590,51,51
fcb791ab3ea3fb7a609f757e,VisA,pcb3,source_fit,4,tiny_compact,413,0.00027542146820315835,72.20008536064874,13.111395646606914,1021,624,40,14
ed0b427ea2af383e2c74329d,VisA,pcb3,source_fit,1,larger,4095,0.002730873879641485,715.8822023047375,47.46666666666667,574,401,89,89
249f8e1272d8883ea47662fb,VisA,pcb3,source_fit,1,tiny_compact,160,0.00010670081092616304,27.970977379428085,9.505761843790014,628,437,29,14
249f8e1272d8883ea47662fb,VisA,pcb3,source_fit,2,tiny_compact,170,0.00011336961160904823,29.71916346564234,13.333333333333334,624,534,16,25
249f8e1272d8883ea47662fb,VisA,pcb3,source_fit,3,larger,2014,0.0013430964575330772,352.084677763551,37.86666666666667,666,545,41,71
249f8e1272d8883ea47662fb,VisA,pcb3,source_fit,4,tiny_compact,68,4.534784464361929e-05,11.887665386256936,4.266666666666667,630,578,10,8
249f8e1272d8883ea47662fb,VisA,pcb3,source_fit,5,tiny_compact,77,5.134976525821596e-05,13.461032863849764,6.933333333333334,791,580,10,13
249f8e1272d8883ea47662fb,VisA,pcb3,source_fit,6,tiny_compact,183,0.00012203905249679897,31.99180537772087,8.522407170294494,595,634,26,15
6c1fc0e6d225520f1907a225,VisA,pcb3,source_fit,1,larger,1574,0.001049669227486129,275.1644899701238,34.13333333333333,771,468,69,64
3f5daadf1432eed743eaeb72,VisA,pcb3,source_fit,1,larger,1823,0.0012157223644899701,318.69432351685873,42.666666666666664,927,317,37,80
3f5daadf1432eed743eaeb72,VisA,pcb3,source_fit,2,tiny_compact,427,0.00028475778915919764,74.6475458813487,19.2,885,361,17,36
3f5daadf1432eed743eaeb72,VisA,pcb3,source_fit,3,tiny_compact,192,0.00012804097311139564,33.5651728553137,10.133333333333333,968,391,27,19
3f5daadf1432eed743eaeb72,VisA,pcb3,source_fit,4,tiny_compact,73,4.8682244985061885e-05,12.761758429364063,4.8,962,396,13,9
3f5daadf1432eed743eaeb72,VisA,pcb3,source_fit,5,tiny_compact,24,1.6005121638924455e-05,4.195646606914212,2.6666666666666665,972,416,6,5
3f5daadf1432eed743eaeb72,VisA,pcb3,source_fit,6,tiny_compact,532,0.0003547801963294921,93.00349978659838,20.8,880,419,22,39
3f5daadf1432eed743eaeb72,VisA,pcb3,source_fit,7,tiny_compact,318,0.00021206786171574905,55.59231754161332,17.6,956,419,27,33
3f5daadf1432eed743eaeb72,VisA,pcb3,source_fit,8,tiny_compact,604,0.00040279556124626545,105.59043960734101,20.8,930,422,23,39
3f5daadf1432eed743eaeb72,VisA,pcb3,source_fit,9,tiny_compact,1,6.66880068288519e-07,0.17481860862142554,0.5333333333333333,928,461,1,1
3f5daadf1432eed743eaeb72,VisA,pcb3,source_fit,10,tiny_compact,396,0.0002640845070422535,69.2281690140845,11.733333333333333,890,476,32,22
3f5daadf1432eed743eaeb72,VisA,pcb3,source_fit,11,tiny_compact,165,0.00011003521126760564,28.845070422535212,9.6,934,487,12,18
3f5daadf1432eed743eaeb72,VisA,pcb3,source_fit,12,tiny_compact,134,8.936192915066155e-05,23.42569355527102,7.466666666666667,892,541,18,14
7b3aa78e93b96651be784a04,VisA,pcb3,source_fit,1,tiny_compact,106,7.068928723858302e-05,18.530772513871106,12.8,881,511,6,24
7b3aa78e93b96651be784a04,VisA,pcb3,source_fit,2,larger,2701,0.0018012430644472899,472.18506188647035,45.86666666666667,737,516,60,86
7b3aa78e93b96651be784a04,VisA,pcb3,source_fit,3,tiny_compact,220,0.00014671361502347418,38.460093896713616,15.466666666666667,931,522,9,29
7b3aa78e93b96651be784a04,VisA,pcb3,source_fit,4,tiny_compact,7,4.668160478019633e-06,1.2237302603499787,1.6,941,523,3,3
7b3aa78e93b96651be784a04,VisA,pcb3,source_fit,5,tiny_compact,423,0.0002820902688860435,73.94827144686299,18.133333333333333,953,522,24,34
7b3aa78e93b96651be784a04,VisA,pcb3,source_fit,6,tiny_compact,19,1.267072129748186e-05,3.3215535638070848,2.6666666666666665,835,545,5,5
7b3aa78e93b96651be784a04,VisA,pcb3,source_fit,7,tiny_compact,5,3.334400341442595e-06,0.8740930431071277,1.0666666666666667,944,547,3,2
7b3aa78e93b96651be784a04,VisA,pcb3,source_fit,8,tiny_compact,113,7.535744771660265e-05,19.754502774221084,6.227912932138285,862,551,19,9
7b3aa78e93b96651be784a04,VisA,pcb3,source_fit,9,tiny_compact,50,3.334400341442595e-05,8.740930431071277,3.7333333333333334,850,553,10,7
7b3aa78e93b96651be784a04,VisA,pcb3,source_fit,10,tiny_compact,14,9.336320956039266e-06,2.4474605206999573,2.1333333333333333,828,555,4,4
7b3aa78e93b96651be784a04,VisA,pcb3,source_fit,11,tiny_compact,9,6.001920614596671e-06,1.5733674775928297,1.6,840,559,3,3
7b3aa78e93b96651be784a04,VisA,pcb3,source_fit,12,tiny_compact,51,3.401088348271447e-05,8.915749039692702,6.933333333333334,882,558,5,13
7b3aa78e93b96651be784a04,VisA,pcb3,source_fit,13,tiny_compact,25,1.6672001707212976e-05,4.3704652155356385,2.6666666666666665,837,564,7,5
7b3aa78e93b96651be784a04,VisA,pcb3,source_fit,14,tiny_compact,2,1.333760136577038e-06,0.3496372172428511,1.0666666666666667,810,566,1,2
7b3aa78e93b96651be784a04,VisA,pcb3,source_fit,15,tiny_compact,15,1.0003201024327785e-05,2.6222791293213827,2.6666666666666665,851,567,5,5
7b3aa78e93b96651be784a04,VisA,pcb3,source_fit,16,tiny_compact,3,2.000640204865557e-06,0.5244558258642765,0.9833546734955185,840,572,3,1
7b3aa78e93b96651be784a04,VisA,pcb3,source_fit,17,tiny_compact,5,3.334400341442595e-06,0.8740930431071277,1.0666666666666667,806,575,3,2
7b3aa78e93b96651be784a04,VisA,pcb3,source_fit,18,tiny_compact,11,7.335680751173709e-06,1.9230046948356807,2.1333333333333333,834,577,3,4
7b3aa78e93b96651be784a04,VisA,pcb3,source_fit,19,tiny_compact,7,4.668160478019633e-06,1.2237302603499787,1.6,785,578,3,3
7b3aa78e93b96651be784a04,VisA,pcb3,source_fit,20,tiny_compact,498,0.00033210627400768246,87.05966709346991,18.133333333333333,927,583,23,34
7b3aa78e93b96651be784a04,VisA,pcb3,source_fit,21,tiny_compact,564,0.0003761203585147247,98.597695262484,20.8,953,582,26,39
7b3aa78e93b96651be784a04,VisA,pcb3,source_fit,22,tiny_compact,7,4.668160478019633e-06,1.2237302603499787,1.3111395646606914,778,584,4,2
7b3aa78e93b96651be784a04,VisA,pcb3,source_fit,23,tiny_compact,6,4.001280409731114e-06,1.048911651728553,1.6,834,584,2,3
7b3aa78e93b96651be784a04,VisA,pcb3,source_fit,24,tiny_compact,17,1.1336961160904823e-05,2.971916346564234,2.6666666666666665,784,587,7,5
7b3aa78e93b96651be784a04,VisA,pcb3,source_fit,25,tiny_compact,40,2.667520273154076e-05,6.992744344857021,4.266666666666667,772,588,8,8
7b3aa78e93b96651be784a04,VisA,pcb3,source_fit,26,tiny_compact,13,8.669440887750747e-06,2.272641912078532,1.966709346991037,828,589,6,3
7b3aa78e93b96651be784a04,VisA,pcb3,source_fit,27,tiny_compact,5,3.334400341442595e-06,0.8740930431071277,1.6,781,591,2,3
7b3aa78e93b96651be784a04,VisA,pcb3,source_fit,28,tiny_compact,11,7.335680751173709e-06,1.9230046948356807,1.6,849,596,4,3
7b3aa78e93b96651be784a04,VisA,pcb3,source_fit,29,tiny_compact,7,4.668160478019633e-06,1.2237302603499787,1.6,850,602,3,3
7b3aa78e93b96651be784a04,VisA,pcb3,source_fit,30,tiny_compact,200,0.0001333760136577038,34.96372172428511,13.333333333333334,1020,605,14,25
7b3aa78e93b96651be784a04,VisA,pcb3,source_fit,31,tiny_compact,212,0.00014137857447716603,37.06154502774221,9.066666666666666,994,625,19,17
a569d3990d1513165c49cccf,VisA,pcb3,source_fit,1,larger,3115,0.0020773314127187368,544.5599658557405,71.46666666666667,712,501,125,134
a569d3990d1513165c49cccf,VisA,pcb3,source_fit,2,tiny_compact,310,0.00020673282116944088,54.19376867264191,11.2,777,560,23,21
a569d3990d1513165c49cccf,VisA,pcb3,source_fit,3,tiny_compact,139,9.269632949210414e-05,24.299786598378148,8.522407170294494,721,570,26,9
a569d3990d1513165c49cccf,VisA,pcb3,source_fit,4,tiny_compact,23,1.5338241570635936e-05,4.020827998292787,2.6222791293213827,800,599,8,4
18e1a3f7f9f9b8caa40609cc,VisA,pcb3,source_fit,1,tiny_compact,7,4.668160478019633e-06,1.2237302603499787,1.6,742,485,3,3
18e1a3f7f9f9b8caa40609cc,VisA,pcb3,source_fit,2,larger,6811,0.004542120145113103,1190.6895433205293,86.4,707,486,115,162
18e1a3f7f9f9b8caa40609cc,VisA,pcb3,source_fit,3,tiny_compact,4,2.667520273154076e-06,0.6992744344857021,1.0666666666666667,743,489,2,2
18e1a3f7f9f9b8caa40609cc,VisA,pcb3,source_fit,4,tiny_compact,10,6.66880068288519e-06,1.7481860862142553,2.1333333333333333,706,509,3,4
bcc4280fb7ff5c2da59097f0,VisA,pcb3,source_fit,1,larger,1830,0.0012203905249679897,319.9180537772087,40.31754161331626,391,362,123,43
bcc4280fb7ff5c2da59097f0,VisA,pcb3,source_fit,2,tiny_compact,249,0.00016605313700384123,43.529833546734956,10.133333333333333,521,382,23,19
93c53680529d7217c5f47f79,VisA,pcb3,source_fit,1,larger,1993,0.0013290919760990184,348.41348698250107,27.2,1020,334,61,51
a1479eb073103ac29bf7aee5,VisA,pcb3,source_fit,1,larger,2370,0.00158050576184379,414.32010243277847,45.86666666666667,701,435,66,86
a1479eb073103ac29bf7aee5,VisA,pcb3,source_fit,2,tiny_compact,184,0.0001227059325650875,32.166623986342294,16.0,770,596,12,30
c416948642d628c37cf0631c,VisA,pcb3,source_fit,1,larger,2244,0.0014964788732394366,392.29295774647886,26.133333333333333,1038,581,71,49
63fe5945d26e0efa418a77e6,VisA,pcb3,source_fit,1,larger,1815,0.0012103873239436619,317.2957746478873,22.4,435,536,68,42
63fe5945d26e0efa418a77e6,VisA,pcb3,source_fit,2,tiny_compact,559,0.00037278595817328213,97.72360221937687,20.8,552,558,26,39
00160ff324c599b2c715a0b5,VisA,pcb3,source_fit,1,tiny_compact,37,2.4674562526675202e-05,6.468288518992744,3.2,702,531,7,6
00160ff324c599b2c715a0b5,VisA,pcb3,source_fit,2,tiny_compact,136,9.069568928723859e-05,23.775330772513872,8.533333333333333,644,537,12,16
00160ff324c599b2c715a0b5,VisA,pcb3,source_fit,3,tiny_compact,33,2.2007042253521128e-05,5.769014084507043,2.6666666666666665,731,539,7,5
00160ff324c599b2c715a0b5,VisA,pcb3,source_fit,4,tiny_compact,42,2.8008962868117798e-05,7.342381562099872,3.2,707,541,9,6
00160ff324c599b2c715a0b5,VisA,pcb3,source_fit,5,tiny_compact,24,1.6005121638924455e-05,4.195646606914212,3.2,700,551,6,6
00160ff324c599b2c715a0b5,VisA,pcb3,source_fit,6,larger,2275,0.0015171521553563807,397.71233461374305,35.2,715,551,57,66
00160ff324c599b2c715a0b5,VisA,pcb3,source_fit,7,tiny_compact,56,3.7345283824157064e-05,9.78984208279983,4.266666666666667,697,566,9,8
00160ff324c599b2c715a0b5,VisA,pcb3,source_fit,8,tiny_compact,71,4.734848484848485e-05,12.412121212121212,4.8,699,609,12,9
a34a9649cc479852c9c16a76,VisA,pcb3,source_fit,1,larger,2130,0.0014204545454545455,372.3636363636364,34.13333333333333,989,536,88,64
a34a9649cc479852c9c16a76,VisA,pcb3,source_fit,2,tiny_compact,996,0.0006642125480153649,174.11933418693982,20.266666666666666,983,578,40,38
a34a9649cc479852c9c16a76,VisA,pcb3,source_fit,3,tiny_compact,471,0.00031410051216389245,82.33956466069142,18.133333333333333,1023,611,21,34
d0ab37e5a4719ff16e84666d,VisA,pcb3,source_fit,1,larger,2145,0.0014304577464788733,374.98591549295776,41.06666666666667,942,582,72,77
fed78b28902ec90460c78fc3,VisA,pcb3,source_fit,1,larger,2506,0.0016712014511310286,438.09543320529235,29.866666666666667,380,535,87,56
fed78b28902ec90460c78fc3,VisA,pcb3,source_fit,2,larger,1766,0.0011777102005975245,308.72966282543746,30.933333333333334,413,592,58,58
fed78b28902ec90460c78fc3,VisA,pcb3,source_fit,3,tiny_compact,36,2.4007682458386683e-05,6.293469910371319,3.2778489116517284,451,595,10,4
d4b0eec4535fdfd674e4c71e,VisA,pcb3,source_fit,1,larger,1813,0.0012090535638070849,316.94613743064446,34.13333333333333,394,288,43,64
d4b0eec4535fdfd674e4c71e,VisA,pcb3,source_fit,2,larger,5254,0.003503787878787879,918.4969696969697,69.33333333333333,967,320,123,130
d4b0eec4535fdfd674e4c71e,VisA,pcb3,source_fit,3,tiny_compact,1173,0.0007822503201024328,205.06222791293214,27.2,417,389,44,51
d4b0eec4535fdfd674e4c71e,VisA,pcb3,source_fit,4,tiny_compact,273,0.00018205825864276568,47.725480153649166,10.666666666666666,1020,426,27,20
d4b0eec4535fdfd674e4c71e,VisA,pcb3,source_fit,5,tiny_compact,255,0.00017005441741357234,44.57874519846351,15.466666666666667,995,459,17,29
d4b0eec4535fdfd674e4c71e,VisA,pcb3,source_fit,6,tiny_compact,130,8.669440887750747e-05,22.72641912078532,8.0,729,506,13,15
d4b0eec4535fdfd674e4c71e,VisA,pcb3,source_fit,7,tiny_compact,720,0.00048015364916773366,125.86939820742637,27.2,713,536,35,51
d4b0eec4535fdfd674e4c71e,VisA,pcb3,source_fit,8,tiny_compact,13,8.669440887750747e-06,2.272641912078532,1.6389244558258642,749,553,5,3
d4b0eec4535fdfd674e4c71e,VisA,pcb3,source_fit,9,tiny_compact,25,1.6672001707212976e-05,4.3704652155356385,3.7333333333333334,741,575,4,7
d4b0eec4535fdfd674e4c71e,VisA,pcb3,source_fit,10,tiny_compact,143,9.536384976525822e-05,24.99906103286385,8.0,731,582,16,15
11aa823d106daa2240583cd3,VisA,pcb3,source_fit,1,larger,3020,0.0020139778062313275,527.9521980367051,35.2,1045,546,84,66
faa43040d0a6fc9e74142c2f,VisA,pcb3,source_fit,1,tiny_compact,94,6.268672641912078e-05,16.432949210413998,16.06145966709347,409,365,49,4
faa43040d0a6fc9e74142c2f,VisA,pcb3,source_fit,2,larger,2261,0.0015078158344003414,395.2648740930431,30.4,402,395,67,57
4306ab11db3608ce4a569108,VisA,pcb3,source_fit,1,larger,5308,0.003539799402475459,927.9371745625267,130.66666666666666,434,331,61,245
4306ab11db3608ce4a569108,VisA,pcb3,source_fit,2,tiny_compact,29,1.933952198036705e-05,5.06973965002134,4.8,486,396,4,9
4306ab11db3608ce4a569108,VisA,pcb3,source_fit,3,tiny_compact,29,1.933952198036705e-05,5.06973965002134,3.7333333333333334,483,427,6,7
3c4a804044a0d360622a6542,VisA,pcb3,source_fit,1,larger,5495,0.003664505975245412,960.6282543747333,72.53333333333333,954,515,132,136
3c4a804044a0d360622a6542,VisA,pcb3,source_fit,2,tiny_compact,24,1.6005121638924455e-05,4.195646606914212,3.2,1086,645,9,6
dbb4aa21ac55939e97e7877a,VisA,pcb3,source_fit,1,larger,5323,0.0035498026034997865,930.559453691848,110.93333333333334,939,372,99,208
d131209a7aa6c748e7ed53f3,VisA,pcb3,source_fit,1,larger,3289,0.002193368544600939,574.9784037558685,66.5403329065301,427,593,203,29
d131209a7aa6c748e7ed53f3,VisA,pcb3,source_fit,2,tiny_compact,48,3.201024327784891e-05,8.391293213828424,9.17797695262484,603,596,28,3
4373511abe35d425e9676a2a,VisA,pcb3,source_fit,1,tiny_compact,129,8.602752880921896e-05,22.551600512163894,9.6,682,450,17,18
4373511abe35d425e9676a2a,VisA,pcb3,source_fit,2,larger,3212,0.002142018779342723,561.5173708920188,59.733333333333334,579,460,100,112
37d281bef1de8488cc105a14,VisA,pcb3,source_fit,1,larger,3374,0.002250053350405463,589.8379854886897,83.73333333333333,973,441,68,157
a2fc7a2f4dbd7b0a1425f6a0,VisA,pcb3,source_fit,1,larger,2098,0.001399114383269313,366.76944088775076,73.06666666666666,954,307,88,137
a5fbbd4fd9bf7832a02775fe,VisA,pcb3,source_fit,1,larger,2003,0.0013357607767819036,350.16167306871534,76.8,947,347,94,144
a5fbbd4fd9bf7832a02775fe,VisA,pcb3,source_fit,2,thin_or_extended_small_area,488,0.00032543747332479725,85.31148100725565,44.266666666666666,942,395,52,83
652343ecfc3c939f01d8e928,VisA,pcb3,source_fit,1,larger,3148,0.002099338454972258,550.3289799402476,72.53333333333333,947,450,115,136
652343ecfc3c939f01d8e928,VisA,pcb3,source_fit,2,tiny_compact,2,1.333760136577038e-06,0.3496372172428511,1.0666666666666667,945,564,2,2
652343ecfc3c939f01d8e928,VisA,pcb3,source_fit,3,tiny_compact,1,6.66880068288519e-07,0.17481860862142554,0.5333333333333333,943,567,1,1
652343ecfc3c939f01d8e928,VisA,pcb3,source_fit,4,tiny_compact,1,6.66880068288519e-07,0.17481860862142554,0.5333333333333333,941,569,1,1
36890e55c2c6b3d21fb8bd1b,VisA,pcb3,source_fit,1,larger,4102,0.002735542040119505,717.1059325650875,55.46666666666667,945,325,145,104
36890e55c2c6b3d21fb8bd1b,VisA,pcb3,source_fit,2,tiny_compact,45,3.0009603072983354e-05,7.866837387964148,4.261203585147247,970,352,13,5
36890e55c2c6b3d21fb8bd1b,VisA,pcb3,source_fit,3,thin_or_extended_small_area,274,0.0001827251387110542,47.900298762270594,42.13333333333333,734,556,41,79
c850ed3e3fdd330aeb92bb23,VisA,pcb3,source_fit,1,larger,2625,0.0017505601792573624,458.898847631242,64.0,591,456,64,120
c850ed3e3fdd330aeb92bb23,VisA,pcb3,source_fit,2,tiny_compact,193,0.00012870785317968417,33.73999146393513,22.933333333333334,647,484,14,43
0623b00ea5cbe2a2f243afb8,VisA,pcb3,source_fit,1,larger,3970,0.00264751387110542,694.0298762270593,57.36235595390525,532,331,175,42
faa514ab45e01a4b854740cf,VisA,pcb3,source_fit,1,larger,4244,0.0028302390098164745,741.9301749893299,77.02944942381562,466,583,235,52
faa514ab45e01a4b854740cf,VisA,pcb3,source_fit,2,tiny_compact,5,3.334400341442595e-06,0.8740930431071277,1.0666666666666667,680,595,3,2
faa514ab45e01a4b854740cf,VisA,pcb3,source_fit,3,tiny_compact,67,4.4680964575330774e-05,11.71284677763551,10.161331626120358,584,620,31,16
36d1b72ee722b86a7f2dade4,VisA,pcb3,source_fit,1,larger,2778,0.0018525928297055058,485.6460947503201,41.956466069142124,563,580,128,46
fd1ba76f2cac314fa9e195a7,VisA,pcb3,source_fit,1,larger,2205,0.0014704705505761845,385.4750320102433,45.8898847631242,467,334,140,53
fd1ba76f2cac314fa9e195a7,VisA,pcb3,source_fit,2,tiny_compact,535,0.00035678083653435764,93.52795561246265,30.156209987195904,458,337,92,35
fd1ba76f2cac314fa9e195a7,VisA,pcb3,source_fit,3,thin_or_extended_small_area,586,0.00039079172001707215,102.44370465215536,34.666666666666664,454,579,89,65
3c0b4bf6bf885018b620760d,VisA,pcb3,source_fit,1,larger,3172,0.0021153435766111824,554.5246265471618,65.6,959,435,101,123
009b5b8e3f53c3ec7bca77e5,VisA,pcb3,source_fit,1,larger,1939,0.0012930804524114382,338.97328211694406,41.6,962,475,88,78
5a9bd58da8232d623302a431,VisA,pcb3,source_fit,1,larger,2086,0.0013911118224498506,364.67161758429364,40.53333333333333,408,325,110,76
5a9bd58da8232d623302a431,VisA,pcb3,source_fit,2,tiny_compact,64,4.268032437046522e-05,11.188390951771234,8.0,1080,331,6,15
ef98ce7f2a4f4ab08e617a63,VisA,pcb3,source_fit,1,larger,2268,0.0015124839948783611,396.4886043533931,60.266666666666666,603,534,53,113
1e51370fdebf3dff56edbce7,VisA,pcb3,source_fit,1,larger,3505,0.002337414639351259,612.7392232180964,81.6,525,470,79,153
f3d0156953e0d9ac3a5b0539,VisA,pcb4,source_fit,1,tiny_compact,239,0.00015941495378967365,41.78967364624021,21.49042709867452,912,265,57,19
f3d0156953e0d9ac3a5b0539,VisA,pcb4,source_fit,2,larger,29051,0.019377254487631,5079.631000405541,100.6376811594203,261,434,182,217
f3d0156953e0d9ac3a5b0539,VisA,pcb4,source_fit,3,larger,12353,0.008239551983949116,2159.949115280357,72.34782608695652,739,587,164,156
16f97c0d505f09955e660ae5,VisA,pcb4,source_fit,1,larger,24730,0.01649511216409468,4324.094683144436,100.17391304347827,291,382,183,216
16f97c0d505f09955e660ae5,VisA,pcb4,source_fit,2,larger,6133,0.004090761136368488,1072.3684873321808,44.865979381443296,946,462,119,87
9855a151dc87d8ed941a265d,VisA,pcb4,source_fit,1,larger,34450,0.02297843162365798,6023.6579795521975,109.91304347826087,272,397,183,237
9855a151dc87d8ed941a265d,VisA,pcb4,source_fit,2,larger,4532,0.0030228810484301295,792.4301295596679,38.028985507246375,607,724,100,82
9855a151dc87d8ed941a265d,VisA,pcb4,source_fit,3,tiny_compact,66,4.402253954024461e-05,11.540244605237882,7.540500736377025,572,798,20,7
388e45cb72ef6d36729020ea,VisA,pcb4,source_fit,1,larger,5391,0.0035958410706281615,942.6281616187488,46.84057971014493,707,305,83,101
388e45cb72ef6d36729020ea,VisA,pcb4,source_fit,2,larger,2458,0.0016395060937866854,429.78668544961687,93.21739130434783,326,407,30,201
388e45cb72ef6d36729020ea,VisA,pcb4,source_fit,3,larger,3775,0.002517955860067021,660.0670209814092,64.92753623188406,453,423,46,140
388e45cb72ef6d36729020ea,VisA,pcb4,source_fit,4,tiny_compact,28,1.8676228895861346e-05,4.895861347676677,2.782608695652174,433,451,6,6
388e45cb72ef6d36729020ea,VisA,pcb4,source_fit,5,tiny_compact,46,3.0682376043200785e-05,8.043200785468827,4.173913043478261,443,453,6,9
388e45cb72ef6d36729020ea,VisA,pcb4,source_fit,6,tiny_compact,25,1.6675204371304773e-05,4.3713047747113185,2.318840579710145,398,454,6,5
388e45cb72ef6d36729020ea,VisA,pcb4,source_fit,7,tiny_compact,25,1.6675204371304773e-05,4.3713047747113185,2.782608695652174,410,465,5,6
388e45cb72ef6d36729020ea,VisA,pcb4,source_fit,8,tiny_compact,52,3.468442509231393e-05,9.092313931399543,3.710144927536232,370,468,9,8
388e45cb72ef6d36729020ea,VisA,pcb4,source_fit,9,tiny_compact,26,1.7342212546156966e-05,4.546156965699772,2.782608695652174,440,468,6,6
388e45cb72ef6d36729020ea,VisA,pcb4,source_fit,10,tiny_compact,25,1.6675204371304773e-05,4.3713047747113185,2.6391752577319587,394,471,7,5
388e45cb72ef6d36729020ea,VisA,pcb4,source_fit,11,tiny_compact,27,1.8009220721009158e-05,4.721009156688225,2.318840579710145,415,472,6,5
388e45cb72ef6d36729020ea,VisA,pcb4,source_fit,12,tiny_compact,459,0.0003061567522571557,80.25715566369982,15.08100147275405,409,479,40,28
388e45cb72ef6d36729020ea,VisA,pcb4,source_fit,13,tiny_compact,93,6.203176026125376e-05,16.261253761926106,6.492753623188406,373,487,11,14
388e45cb72ef6d36729020ea,VisA,pcb4,source_fit,14,tiny_compact,71,4.735758041450556e-05,12.414505560180146,4.524300441826215,389,495,12,9
388e45cb72ef6d36729020ea,VisA,pcb4,source_fit,15,tiny_compact,50,3.335040874260955e-05,8.742609549422637,4.173913043478261,415,501,8,9
388e45cb72ef6d36729020ea,VisA,pcb4,source_fit,16,tiny_compact,265,0.00017675716633583062,46.33583061193998,10.202898550724637,420,508,22,22
388e45cb72ef6d36729020ea,VisA,pcb4,source_fit,17,tiny_compact,467,0.00031149281765597317,81.65597319160743,16.231884057971016,393,515,27,35
388e45cb72ef6d36729020ea,VisA,pcb4,source_fit,18,tiny_compact,314,0.00020944056690358796,54.90358797037416,17.6231884057971,366,519,24,38
388e45cb72ef6d36729020ea,VisA,pcb4,source_fit,19,tiny_compact,58,3.868647414142708e-05,10.14142707733026,5.101449275362318,381,527,7,11
388e45cb72ef6d36729020ea,VisA,pcb4,source_fit,20,tiny_compact,418,0.00027880941708821583,73.08821583317325,15.304347826086957,415,530,27,33
388e45cb72ef6d36729020ea,VisA,pcb4,source_fit,21,tiny_compact,34,2.2678277944974493e-05,5.944974493607393,3.246376811594203,447,534,6,7
388e45cb72ef6d36729020ea,VisA,pcb4,source_fit,22,tiny_compact,123,8.204200550681949e-05,21.506819491579687,6.03240058910162,431,550,16,13
388e45cb72ef6d36729020ea,VisA,pcb4,source_fit,23,tiny_compact,45,3.0015367868348596e-05,7.868348594480374,3.393225331369661,446,563,9,7
388e45cb72ef6d36729020ea,VisA,pcb4,source_fit,24,tiny_compact,566,0.0003775266269663401,98.96634009946426,16.212076583210603,461,570,43,31
388e45cb72ef6d36729020ea,VisA,pcb4,source_fit,25,tiny_compact,62,4.135450684083584e-05,10.84083584128407,4.63768115942029,436,572,8,10
388e45cb72ef6d36729020ea,VisA,pcb4,source_fit,26,tiny_compact,62,4.135450684083584e-05,10.84083584128407,4.524300441826215,359,576,12,8
388e45cb72ef6d36729020ea,VisA,pcb4,source_fit,27,tiny_compact,35,2.3345286119826685e-05,6.1198266845958464,2.782608695652174,449,578,7,6
fe2c02c1f27a44e28d550220,VisA,pcb4,source_fit,1,larger,37125,0.02476267849138759,6491.387590446308,118.26086956521739,320,368,183,255
fe2c02c1f27a44e28d550220,VisA,pcb4,source_fit,2,larger,2814,0.0018769610040340655,492.0340654415061,35.710144927536234,676,472,70,77
49092abc7738fc32ba92fb08,VisA,pcb4,source_fit,1,larger,3188,0.002126422061428785,557.4287848711874,33.17820324005891,635,688,88,51
55376591cd13917e8f433996,VisA,pcb4,source_fit,1,larger,25986,0.017332874431709035,4543.709035025933,109.44927536231884,310,368,192,236
b3a751786ba15b26ece1fc1d,VisA,pcb4,source_fit,1,tiny_compact,534,0.00035618236537107,93.37106998783378,20.405797101449274,838,488,21,44
b3a751786ba15b26ece1fc1d,VisA,pcb4,source_fit,2,tiny_compact,137,9.138011995475016e-05,23.954750165418027,10.666666666666666,526,503,10,23
b3a751786ba15b26ece1fc1d,VisA,pcb4,source_fit,3,tiny_compact,124,8.270901368167168e-05,21.68167168256814,19.47826086956522,972,527,15,42
b3a751786ba15b26ece1fc1d,VisA,pcb4,source_fit,4,larger,3076,0.0020517171458453395,537.8453394804807,40.34782608695652,851,528,91,87
b3a751786ba15b26ece1fc1d,VisA,pcb4,source_fit,5,tiny_compact,239,0.00015941495378967365,41.78967364624021,27.36231884057971,952,579,18,59
b3a751786ba15b26ece1fc1d,VisA,pcb4,source_fit,6,tiny_compact,162,0.00010805532432605494,28.326054940129346,19.982326951399116,722,668,53,27
068868c67451fd61d22440f1,VisA,pcb4,source_fit,1,larger,6558,0.004374239610680669,1146.6806685022732,58.43478260869565,721,586,97,126
47f8c3c8d23ea75f9eaed475,VisA,pcb4,source_fit,1,larger,6425,0.004285527523425327,1123.425327100809,45.44927536231884,657,306,81,98
47f8c3c8d23ea75f9eaed475,VisA,pcb4,source_fit,2,larger,11945,0.007967412648609421,2088.609421357068,109.44927536231884,297,402,134,236
47f8c3c8d23ea75f9eaed475,VisA,pcb4,source_fit,3,tiny_compact,343,0.0002287838039743015,59.97430150903929,15.304347826086957,460,404,14,33
47f8c3c8d23ea75f9eaed475,VisA,pcb4,source_fit,4,larger,4587,0.003059566498047,802.0470000640328,38.492753623188406,328,442,95,83
47f8c3c8d23ea75f9eaed475,VisA,pcb4,source_fit,5,tiny_compact,130,8.671106273078483e-05,22.73078482849886,6.956521739130435,417,447,15,15
47f8c3c8d23ea75f9eaed475,VisA,pcb4,source_fit,6,tiny_compact,32,2.134426159527011e-05,5.595270111630488,2.782608695652174,425,498,7,6
47f8c3c8d23ea75f9eaed475,VisA,pcb4,source_fit,7,tiny_compact,29,1.934323707071354e-05,5.07071353866513,2.782608695652174,439,507,6,6
47f8c3c8d23ea75f9eaed475,VisA,pcb4,source_fit,8,tiny_compact,32,2.134426159527011e-05,5.595270111630488,3.246376811594203,441,515,7,7
47f8c3c8d23ea75f9eaed475,VisA,pcb4,source_fit,9,tiny_compact,32,2.134426159527011e-05,5.595270111630488,2.782608695652174,428,518,7,6
47f8c3c8d23ea75f9eaed475,VisA,pcb4,source_fit,10,tiny_compact,31,2.067725342041792e-05,5.420417920642035,2.782608695652174,452,520,7,6
47f8c3c8d23ea75f9eaed475,VisA,pcb4,source_fit,11,tiny_compact,32,2.134426159527011e-05,5.595270111630488,3.246376811594203,446,548,7,7
47f8c3c8d23ea75f9eaed475,VisA,pcb4,source_fit,12,tiny_compact,414,0.00027614138438880706,72.38880706921944,14.840579710144928,411,582,27,32
47f8c3c8d23ea75f9eaed475,VisA,pcb4,source_fit,13,tiny_compact,752,0.0005015901474888476,131.48884762331647,19.47826086956522,431,583,43,42
47f8c3c8d23ea75f9eaed475,VisA,pcb4,source_fit,14,tiny_compact,244,0.00016274999466393461,42.663934601182476,8.347826086956522,435,621,20,18
027038eb34c752939a1e0aa2,VisA,pcb4,source_fit,1,larger,7162,0.0047771125482913915,1252.2913918592985,113.6231884057971,313,330,172,245
027038eb34c752939a1e0aa2,VisA,pcb4,source_fit,2,tiny_compact,1,6.67008174852191e-07,0.17485219098845275,0.463768115942029,790,332,1,1
027038eb34c752939a1e0aa2,VisA,pcb4,source_fit,3,tiny_compact,7,4.669057223965337e-06,1.2239653369191692,2.6391752577319587,793,333,7,2
027038eb34c752939a1e0aa2,VisA,pcb4,source_fit,4,larger,15554,0.010374645151650978,2719.650978634394,87.65217391304348,353,339,162,189
027038eb34c752939a1e0aa2,VisA,pcb4,source_fit,5,tiny_compact,162,0.00010805532432605494,28.326054940129346,6.786450662739322,440,358,18,13
027038eb34c752939a1e0aa2,VisA,pcb4,source_fit,6,tiny_compact,632,0.0004215491665065847,110.50658470470214,17.159420289855074,338,363,30,37
027038eb34c752939a1e0aa2,VisA,pcb4,source_fit,7,tiny_compact,44,2.9348359693496404e-05,7.693496403491921,3.710144927536232,371,390,7,8
027038eb34c752939a1e0aa2,VisA,pcb4,source_fit,8,tiny_compact,94,6.269876843610595e-05,16.43610595291456,4.524300441826215,380,397,12,9
027038eb34c752939a1e0aa2,VisA,pcb4,source_fit,9,tiny_compact,43,2.8681351518644212e-05,7.518644212503468,3.246376811594203,441,397,7,7
027038eb34c752939a1e0aa2,VisA,pcb4,source_fit,10,tiny_compact,43,2.8681351518644212e-05,7.518644212503468,3.246376811594203,353,403,8,7
027038eb34c752939a1e0aa2,VisA,pcb4,source_fit,11,tiny_compact,43,2.8681351518644212e-05,7.518644212503468,3.246376811594203,364,415,8,7
027038eb34c752939a1e0aa2,VisA,pcb4,source_fit,12,tiny_compact,241,0.00016074897013937804,42.139378028217116,10.933726067746687,382,498,29,17
027038eb34c752939a1e0aa2,VisA,pcb4,source_fit,13,tiny_compact,50,3.335040874260955e-05,8.742609549422637,3.710144927536232,328,501,8,8
027038eb34c752939a1e0aa2,VisA,pcb4,source_fit,14,tiny_compact,45,3.0015367868348596e-05,7.868348594480374,3.710144927536232,327,524,8,8
056f325717dc75cdf75734d6,VisA,pcb4,source_fit,1,larger,10161,0.006777470064673112,1776.6731126336683,57.971014492753625,937,484,116,125
f69a7ad702682a7c21480f93,VisA,pcb4,source_fit,1,larger,5298,0.0035338093103669077,926.3669078568226,35.81737849779087,312,395,95,76
c01a47cbeebb24b5df8b09d9,VisA,pcb4,source_fit,1,tiny_compact,440,0.00029348359693496406,76.93496403491922,19.47826086956522,469,389,30,42
c01a47cbeebb24b5df8b09d9,VisA,pcb4,source_fit,2,larger,10984,0.007326417792576465,1920.576465817165,114.55072463768116,314,396,130,247
c01a47cbeebb24b5df8b09d9,VisA,pcb4,source_fit,3,tiny_compact,180,0.00012006147147339438,31.473394377921498,6.786450662739322,328,408,18,14
c01a47cbeebb24b5df8b09d9,VisA,pcb4,source_fit,4,tiny_compact,130,8.671106273078483e-05,22.73078482849886,9.73913043478261,361,413,9,21
c01a47cbeebb24b5df8b09d9,VisA,pcb4,source_fit,5,tiny_compact,20,1.334016349704382e-05,3.497043819769055,2.782608695652174,338,425,4,6
c01a47cbeebb24b5df8b09d9,VisA,pcb4,source_fit,6,tiny_compact,246,0.00016408401101363897,43.013638983159375,9.425625920471282,328,427,25,20
c01a47cbeebb24b5df8b09d9,VisA,pcb4,source_fit,7,tiny_compact,23,1.5341188021600392e-05,4.021600392734413,2.318840579710145,384,435,6,5
c01a47cbeebb24b5df8b09d9,VisA,pcb4,source_fit,8,tiny_compact,51,3.401741691746174e-05,8.91746174041109,4.173913043478261,361,445,9,9
c01a47cbeebb24b5df8b09d9,VisA,pcb4,source_fit,9,larger,1821,0.0012146218864058397,318.40583978997245,53.79710144927536,442,450,50,116
c01a47cbeebb24b5df8b09d9,VisA,pcb4,source_fit,10,tiny_compact,62,4.135450684083584e-05,10.84083584128407,3.7702503681885124,376,456,10,8
c01a47cbeebb24b5df8b09d9,VisA,pcb4,source_fit,11,tiny_compact,9,6.003073573669719e-06,1.5736697188960749,1.391304347826087,394,460,3,3
c01a47cbeebb24b5df8b09d9,VisA,pcb4,source_fit,12,tiny_compact,9,6.003073573669719e-06,1.5736697188960749,1.508100147275405,397,469,4,3
c01a47cbeebb24b5df8b09d9,VisA,pcb4,source_fit,13,tiny_compact,43,2.8681351518644212e-05,7.518644212503468,3.710144927536232,349,470,7,8
c01a47cbeebb24b5df8b09d9,VisA,pcb4,source_fit,14,tiny_compact,14,9.338114447930673e-06,2.4479306738383384,2.318840579710145,406,471,3,5
c01a47cbeebb24b5df8b09d9,VisA,pcb4,source_fit,15,tiny_compact,69,4.602356406480118e-05,12.06480117820324,6.786450662739322,343,477,18,12
c01a47cbeebb24b5df8b09d9,VisA,pcb4,source_fit,16,tiny_compact,12,8.004098098226292e-06,2.098226291861433,2.782608695652174,411,480,2,6
c01a47cbeebb24b5df8b09d9,VisA,pcb4,source_fit,17,tiny_compact,19,1.2673155322191629e-05,3.3221916287806024,2.782608695652174,427,482,5,6
c01a47cbeebb24b5df8b09d9,VisA,pcb4,source_fit,18,tiny_compact,9,6.003073573669719e-06,1.5736697188960749,1.855072463768116,382,484,3,4
c01a47cbeebb24b5df8b09d9,VisA,pcb4,source_fit,19,tiny_compact,35,2.3345286119826685e-05,6.1198266845958464,3.246376811594203,392,485,7,7
c01a47cbeebb24b5df8b09d9,VisA,pcb4,source_fit,20,tiny_compact,7,4.669057223965337e-06,1.2239653369191692,1.391304347826087,363,486,3,3
c01a47cbeebb24b5df8b09d9,VisA,pcb4,source_fit,21,tiny_compact,9,6.003073573669719e-06,1.5736697188960749,1.391304347826087,387,489,3,3
c01a47cbeebb24b5df8b09d9,VisA,pcb4,source_fit,22,tiny_compact,57,3.8019465966574885e-05,9.966574886341807,5.101449275362318,399,490,8,11
c01a47cbeebb24b5df8b09d9,VisA,pcb4,source_fit,23,tiny_compact,10,6.67008174852191e-06,1.7485219098845275,1.855072463768116,450,495,3,4
c01a47cbeebb24b5df8b09d9,VisA,pcb4,source_fit,24,tiny_compact,2,1.334016349704382e-06,0.3497043819769055,0.927536231884058,446,497,1,2
c01a47cbeebb24b5df8b09d9,VisA,pcb4,source_fit,25,tiny_compact,311,0.0002074395423790314,54.37903139740881,12.985507246376812,449,499,17,28
c01a47cbeebb24b5df8b09d9,VisA,pcb4,source_fit,26,tiny_compact,64,4.268852319054022e-05,11.190540223260976,7.884057971014493,440,501,7,17
c01a47cbeebb24b5df8b09d9,VisA,pcb4,source_fit,27,tiny_compact,194,0.00012939958592132506,33.92132505175984,10.202898550724637,407,506,17,22
c01a47cbeebb24b5df8b09d9,VisA,pcb4,source_fit,28,tiny_compact,10,6.67008174852191e-06,1.7485219098845275,1.508100147275405,361,508,4,3
c01a47cbeebb24b5df8b09d9,VisA,pcb4,source_fit,29,tiny_compact,8,5.336065398817528e-06,1.398817527907622,1.855072463768116,379,513,3,4
c01a47cbeebb24b5df8b09d9,VisA,pcb4,source_fit,30,tiny_compact,137,9.138011995475016e-05,23.954750165418027,10.202898550724637,384,512,12,22
c01a47cbeebb24b5df8b09d9,VisA,pcb4,source_fit,31,tiny_compact,8,5.336065398817528e-06,1.398817527907622,1.855072463768116,369,516,3,4
c01a47cbeebb24b5df8b09d9,VisA,pcb4,source_fit,32,tiny_compact,10,6.67008174852191e-06,1.7485219098845275,1.508100147275405,360,526,4,3
c01a47cbeebb24b5df8b09d9,VisA,pcb4,source_fit,33,tiny_compact,10,6.67008174852191e-06,1.7485219098845275,1.508100147275405,341,534,4,3
c01a47cbeebb24b5df8b09d9,VisA,pcb4,source_fit,34,tiny_compact,24,1.6008196196452585e-05,4.196452583722866,2.782608695652174,382,543,6,6
c01a47cbeebb24b5df8b09d9,VisA,pcb4,source_fit,35,tiny_compact,53,3.535143326716612e-05,9.267166122387996,5.101449275362318,460,591,11,11
7297bdf13d802055a3b2332e,VisA,pcb4,source_fit,1,larger,11617,0.007748633967257903,2031.2579027128556,107.1304347826087,323,408,155,231
7297bdf13d802055a3b2332e,VisA,pcb4,source_fit,2,tiny_compact,26,1.7342212546156966e-05,4.546156965699772,2.782608695652174,339,509,6,6
7297bdf13d802055a3b2332e,VisA,pcb4,source_fit,3,tiny_compact,183,0.00012206249599795095,31.997950950886853,11.594202898550725,349,517,15,25
7297bdf13d802055a3b2332e,VisA,pcb4,source_fit,4,tiny_compact,124,8.270901368167168e-05,21.68167168256814,8.347826086956522,381,531,12,18
7297bdf13d802055a3b2332e,VisA,pcb4,source_fit,5,tiny_compact,29,1.934323707071354e-05,5.07071353866513,2.782608695652174,370,577,6,6
7297bdf13d802055a3b2332e,VisA,pcb4,source_fit,6,tiny_compact,41,2.734733516893983e-05,7.168939830526563,3.01620029455081,356,589,8,6
7297bdf13d802055a3b2332e,VisA,pcb4,source_fit,7,larger,3298,0.002199792960662526,576.6625258799172,32.46376811594203,1034,710,70,70
b0703ab5fecbd9a2b2951bd2,VisA,pcb4,source_fit,1,larger,5640,0.003761926106166357,986.1663571748735,42.20289855072464,341,391,98,91
1e7940bd5a34afe21e45549f,VisA,pcb4,source_fit,1,larger,15085,0.0100618183176453,2637.6453010608097,78.84057971014492,364,383,159,170
1e7940bd5a34afe21e45549f,VisA,pcb4,source_fit,2,thin_or_extended_small_area,1335,0.0008904559134276749,233.42767496958442,92.7536231884058,342,393,20,200
1e7940bd5a34afe21e45549f,VisA,pcb4,source_fit,3,tiny_compact,19,1.2673155322191629e-05,3.3221916287806024,2.318840579710145,351,451,5,5
1e7940bd5a34afe21e45549f,VisA,pcb4,source_fit,4,tiny_compact,17,1.1339138972487246e-05,2.9724872468036967,2.318840579710145,357,472,5,5
1e7940bd5a34afe21e45549f,VisA,pcb4,source_fit,5,larger,5034,0.0033577191522059296,880.2059294358712,46.84057971014493,717,533,52,101
1e7940bd5a34afe21e45549f,VisA,pcb4,source_fit,6,tiny_compact,60,4.002049049113146e-05,10.491131459307166,4.63768115942029,366,565,8,10
1e7940bd5a34afe21e45549f,VisA,pcb4,source_fit,7,tiny_compact,120,8.004098098226292e-05,20.98226291861433,6.786450662739322,371,583,18,14
bdd0f82397445b34db5a60de,VisA,pcb4,source_fit,1,larger,22771,0.015188443149559241,3981.5592409980577,131.71014492753622,306,338,234,284
bdd0f82397445b34db5a60de,VisA,pcb4,source_fit,2,larger,4386,0.0029254978549017097,766.9017096753538,43.130434782608695,691,532,48,93
37b09625a0bfb14b576704b7,VisA,pcb4,source_fit,1,larger,9767,0.006514668843781349,1707.781349384218,66.31884057971014,843,501,132,143
37b09625a0bfb14b576704b7,VisA,pcb4,source_fit,2,tiny_compact,643,0.0004288862564299588,112.42995880557513,17.159420289855074,849,594,27,37
79f751ffd9ae6b5e35702cb8,VisA,pcb4,source_fit,1,larger,26484,0.017665044502785426,4630.785426138183,107.59420289855072,321,389,179,232
79f751ffd9ae6b5e35702cb8,VisA,pcb4,source_fit,2,larger,1737,0.0011585931997182557,303.7182557469424,42.666666666666664,318,394,33,92
79f751ffd9ae6b5e35702cb8,VisA,pcb4,source_fit,3,larger,1776,0.001184606518537491,310.53749119549207,57.507246376811594,920,540,25,124
79f751ffd9ae6b5e35702cb8,VisA,pcb4,source_fit,4,larger,10984,0.007326417792576465,1920.576465817165,72.81159420289855,745,581,111,157
c894a684e68453e869a7b59d,VisA,pcb4,source_fit,1,larger,7706,0.005139964995410984,1347.410983757017,48.69565217391305,546,579,102,105
52e4b266e84dec5255c98f5d,VisA,pcb4,source_fit,1,larger,4990,0.003328370792512433,872.5124330323792,59.82608695652174,277,360,96,129
52e4b266e84dec5255c98f5d,VisA,pcb4,source_fit,2,tiny_compact,13,8.671106273078483e-06,2.273078482849886,3.246376811594203,348,436,8,7
52e4b266e84dec5255c98f5d,VisA,pcb4,source_fit,3,tiny_compact,6,4.002049049113146e-06,1.0491131459307166,2.782608695652174,340,445,6,6
e6b56c2512bb8660ea532707,VisA,pcb4,source_fit,1,larger,3851,0.0025686484813557875,673.3557874965315,51.47826086956522,438,370,114,111
e6b56c2512bb8660ea532707,VisA,pcb4,source_fit,2,tiny_compact,14,9.338114447930673e-06,2.4479306738383384,3.01620029455081,458,443,8,2
e6b56c2512bb8660ea532707,VisA,pcb4,source_fit,3,tiny_compact,20,1.334016349704382e-05,3.497043819769055,3.393225331369661,470,442,9,3
e6b56c2512bb8660ea532707,VisA,pcb4,source_fit,4,tiny_compact,9,6.003073573669719e-06,1.5736697188960749,1.8851251840942562,476,446,5,2
e6b56c2512bb8660ea532707,VisA,pcb4,source_fit,5,tiny_compact,13,8.671106273078483e-06,2.273078482849886,2.6391752577319587,439,451,7,4
e6b56c2512bb8660ea532707,VisA,pcb4,source_fit,6,tiny_compact,22,1.4674179846748202e-05,3.8467482017459607,2.782608695652174,423,455,7,6
e6b56c2512bb8660ea532707,VisA,pcb4,source_fit,7,tiny_compact,14,9.338114447930673e-06,2.4479306738383384,2.6391752577319587,407,456,7,3
e6b56c2512bb8660ea532707,VisA,pcb4,source_fit,8,tiny_compact,6,4.002049049113146e-06,1.0491131459307166,1.508100147275405,412,459,4,3
e6b56c2512bb8660ea532707,VisA,pcb4,source_fit,9,tiny_compact,13,8.671106273078483e-06,2.273078482849886,3.01620029455081,427,460,8,3
e6b56c2512bb8660ea532707,VisA,pcb4,source_fit,10,tiny_compact,50,3.335040874260955e-05,8.742609549422637,7.163475699558174,447,464,19,6
e6b56c2512bb8660ea532707,VisA,pcb4,source_fit,11,tiny_compact,4,2.668032699408764e-06,0.699408763953811,0.927536231884058,494,465,2,2
e6b56c2512bb8660ea532707,VisA,pcb4,source_fit,12,larger,2381,0.0015881464643230667,416.323066743506,32.927536231884055,474,490,45,71
072d4a79bd05c7d78e259898,VisA,pcb4,source_fit,1,larger,12841,0.008565051973276984,2245.2769844827217,92.7536231884058,302,388,83,200
84c62456176a47f1aed1e84a,VisA,pcb4,source_fit,1,thin_or_extended_small_area,1065,0.0007103637062175834,186.2175834027022,34.30927835051546,325,346,91,19
84c62456176a47f1aed1e84a,VisA,pcb4,source_fit,2,larger,4959,0.003307693539092015,867.0920151117372,52.405797101449274,451,363,90,113
84c62456176a47f1aed1e84a,VisA,pcb4,source_fit,3,larger,2809,0.0018736259631598046,491.1598044865638,30.539027982326953,340,377,81,48
84c62456176a47f1aed1e84a,VisA,pcb4,source_fit,4,larger,2132,0.0014220614287848712,372.78487118738127,27.14580265095729,618,427,72,43
84c62456176a47f1aed1e84a,VisA,pcb4,source_fit,5,larger,2047,0.0013653657339224349,357.92243495336277,29.030927835051546,320,532,77,51
53cc9622e70431b774da2d9c,VisA,pcb4,source_fit,1,larger,8560,0.005709589976734755,1496.7347548611556,55.045655375552286,456,266,146,86
e1ea53378faad7537e477a2c,VisA,pcb4,source_fit,1,larger,1549,0.0010331956628460439,270.8460438411133,27.36231884057971,735,397,31,59
e1ea53378faad7537e477a2c,VisA,pcb4,source_fit,2,larger,6743,0.004497636123028324,1179.028323835137,44.98550724637681,508,661,92,97
f8f05304ac4fdc3e8f3c9257,VisA,pcb4,source_fit,1,larger,10519,0.007016258991270197,1839.2701970075345,59.82608695652174,840,670,118,129
005e070227309d82c55c4275,VisA,pcb4,source_fit,1,larger,8842,0.005897686282043073,1546.0430727198993,66.78260869565217,741,276,110,144
3c2fbca5ce7276e377337e6c,VisA,pcb4,source_fit,1,larger,4576,0.003052229408123626,800.1236259631598,65.60235640648011,278,332,174,47
3c2fbca5ce7276e377337e6c,VisA,pcb4,source_fit,2,larger,5635,0.0037585910652920963,985.2920962199313,101.56521739130434,320,400,178,219
cbf6c89149a15b1bc70a8375,VisA,pcb4,source_fit,1,larger,3202,0.0021357601758767155,559.8767155450257,30.608695652173914,516,243,65,66
b18da311930bfdfeb131ac29,VisA,pcb4,source_fit,1,larger,38825,0.025896592388636314,6788.636315126678,115.01449275362319,309,375,182,248
b18da311930bfdfeb131ac29,VisA,pcb4,source_fit,2,larger,2045,0.0013640317175727305,357.5727305713859,21.797101449275363,488,658,54,47
a8a94a64acd471f75b56c857,VisA,pcb4,source_fit,1,larger,5402,0.003603178160551536,944.5515357196218,38.492753623188406,351,417,87,83
44452abcc72d422a96de6497,VisA,pcb4,source_fit,1,larger,2573,0.0017162120338946873,449.8946874132889,96.92753623188406,299,403,36,209
44452abcc72d422a96de6497,VisA,pcb4,source_fit,2,tiny_compact,129,8.604405455593264e-05,22.555932637510406,6.03240058910162,430,434,16,13
44452abcc72d422a96de6497,VisA,pcb4,source_fit,3,tiny_compact,510,0.0003401741691746174,89.1746174041109,19.014492753623188,425,451,33,41
44452abcc72d422a96de6497,VisA,pcb4,source_fit,4,tiny_compact,222,0.0001480758148171864,38.81718639943651,7.917525773195877,460,455,21,16
44452abcc72d422a96de6497,VisA,pcb4,source_fit,5,tiny_compact,428,0.00028547949883673775,74.83673774305778,17.159420289855074,366,456,27,37
44452abcc72d422a96de6497,VisA,pcb4,source_fit,6,tiny_compact,820,0.0005469467033787966,143.37879661053125,22.72463768115942,393,465,34,49
44452abcc72d422a96de6497,VisA,pcb4,source_fit,7,tiny_compact,113,7.537192375829758e-05,19.75829758169516,8.347826086956522,425,488,12,18
44452abcc72d422a96de6497,VisA,pcb4,source_fit,8,tiny_compact,154,0.00010271925892723742,26.927237412221725,7.540500736377025,358,492,20,13
44452abcc72d422a96de6497,VisA,pcb4,source_fit,9,tiny_compact,28,1.8676228895861346e-05,4.895861347676677,2.782608695652174,440,498,7,6
44452abcc72d422a96de6497,VisA,pcb4,source_fit,10,tiny_compact,32,2.134426159527011e-05,5.595270111630488,2.782608695652174,446,507,7,6
44452abcc72d422a96de6497,VisA,pcb4,source_fit,11,tiny_compact,709,0.0004729087959702034,123.970203410813,20.405797101449274,374,515,33,44
44452abcc72d422a96de6497,VisA,pcb4,source_fit,12,tiny_compact,81,5.402766216302747e-05,14.163027470064673,4.524300441826215,451,520,12,9
44452abcc72d422a96de6497,VisA,pcb4,source_fit,13,tiny_compact,57,3.8019465966574885e-05,9.966574886341807,4.63768115942029,310,542,7,10
44452abcc72d422a96de6497,VisA,pcb4,source_fit,14,tiny_compact,57,3.8019465966574885e-05,9.966574886341807,4.63768115942029,318,554,7,10
44452abcc72d422a96de6497,VisA,pcb4,source_fit,15,tiny_compact,31,2.067725342041792e-05,5.420417920642035,2.782608695652174,329,601,7,6
44452abcc72d422a96de6497,VisA,pcb4,source_fit,16,larger,8924,0.005952380952380952,1560.3809523809523,42.98085419734904,552,677,114,91
2de9d5cdfc61fe53c1d226f1,VisA,pcb4,source_fit,1,larger,34834,0.023234562762801222,6090.8012208917635,115.01449275362319,328,366,186,248
2de9d5cdfc61fe53c1d226f1,VisA,pcb4,source_fit,2,larger,6397,0.004266851294529465,1118.5294657531322,98.40353460972018,479,621,261,84
2de9d5cdfc61fe53c1d226f1,VisA,pcb4,source_fit,3,tiny_compact,177,0.00011806044694883781,30.94883780495614,22.72463768115942,1052,626,24,49
2a3381ab00f3a412b4144b3b,VisA,pcb4,source_fit,1,larger,8895,0.0059330377153102385,1555.3102388422872,46.84057971014493,952,250,109,101
2a3381ab00f3a412b4144b3b,VisA,pcb4,source_fit,2,larger,2827,0.001885632110307144,494.30714392435596,94.6086956521739,281,416,34,204
2a3381ab00f3a412b4144b3b,VisA,pcb4,source_fit,3,tiny_compact,149,9.938421805297645e-05,26.05297645727946,6.409425625920472,362,454,17,11
2a3381ab00f3a412b4144b3b,VisA,pcb4,source_fit,4,tiny_compact,105,7.003585835948005e-05,18.35948005378754,5.655375552282769,325,462,15,12
2a3381ab00f3a412b4144b3b,VisA,pcb4,source_fit,5,tiny_compact,165,0.00011005634885061152,28.850611513094705,8.294550810014728,386,465,22,14
2a3381ab00f3a412b4144b3b,VisA,pcb4,source_fit,6,larger,1586,0.001057874965315575,277.3155749076861,48.69565217391305,440,467,22,105
2a3381ab00f3a412b4144b3b,VisA,pcb4,source_fit,7,tiny_compact,156,0.0001040532752769418,27.27694179419863,6.492753623188406,351,472,17,14
2a3381ab00f3a412b4144b3b,VisA,pcb4,source_fit,8,tiny_compact,96,6.403278478581034e-05,16.785810334891465,6.028985507246377,419,474,10,13
2a3381ab00f3a412b4144b3b,VisA,pcb4,source_fit,9,tiny_compact,642,0.0004282192482551066,112.25510661458667,18.08695652173913,410,484,33,39
2a3381ab00f3a412b4144b3b,VisA,pcb4,source_fit,10,tiny_compact,529,0.000352847324496809,92.4968090328915,15.304347826086957,365,487,31,33
2a3381ab00f3a412b4144b3b,VisA,pcb4,source_fit,11,tiny_compact,414,0.00027614138438880706,72.38880706921944,12.06480117820324,327,488,32,22
2a3381ab00f3a412b4144b3b,VisA,pcb4,source_fit,12,larger,5495,0.0036652099208127893,960.8127894815478,37.325478645066276,551,489,99,78
2a3381ab00f3a412b4144b3b,VisA,pcb4,source_fit,13,tiny_compact,1302,0.0008684446436575527,227.6575526669655,25.971014492753625,326,509,53,56
2a3381ab00f3a412b4144b3b,VisA,pcb4,source_fit,14,tiny_compact,1,6.67008174852191e-07,0.17485219098845275,0.463768115942029,663,512,1,1
2a3381ab00f3a412b4144b3b,VisA,pcb4,source_fit,15,tiny_compact,44,2.9348359693496404e-05,7.693496403491921,3.246376811594203,417,528,7,7
2a3381ab00f3a412b4144b3b,VisA,pcb4,source_fit,16,tiny_compact,262,0.00017475614181127405,45.811274038974624,10.933726067746687,364,542,29,15
2a3381ab00f3a412b4144b3b,VisA,pcb4,source_fit,17,tiny_compact,42,2.8014343343792023e-05,7.343792021515016,3.246376811594203,416,564,8,7
2a3381ab00f3a412b4144b3b,VisA,pcb4,source_fit,18,tiny_compact,192,0.00012806556957162068,33.57162066978293,7.884057971014493,365,566,16,17
2a3381ab00f3a412b4144b3b,VisA,pcb4,source_fit,19,tiny_compact,111,7.40379074085932e-05,19.408593199718254,5.565217391304348,347,573,12,12
2a3381ab00f3a412b4144b3b,VisA,pcb4,source_fit,20,tiny_compact,301,0.00020076946063050949,52.63050948752428,15.304347826086957,440,598,19,33
2a3381ab00f3a412b4144b3b,VisA,pcb4,source_fit,21,tiny_compact,203,0.00013540265949499476,35.49499477065591,9.73913043478261,342,607,20,21
2a3381ab00f3a412b4144b3b,VisA,pcb4,source_fit,22,tiny_compact,245,0.00016341700283878678,42.83878679217092,7.540500736377025,385,607,20,15
4c816b72ee515729decd9575,VisA,pcb4,source_fit,1,larger,8963,0.005978394271200188,1567.200187829502,71.42028985507247,478,265,128,154
4c816b72ee515729decd9575,VisA,pcb4,source_fit,2,tiny_compact,252,0.00016808606006275212,44.06275212909009,27.82608695652174,751,445,29,60
48659a6236cca2b8a9785293,VisA,pcb4,source_fit,1,larger,5133,0.0034237529615162962,897.516296343728,73.51988217967599,378,252,195,141
48659a6236cca2b8a9785293,VisA,pcb4,source_fit,2,tiny_compact,9,6.003073573669719e-06,1.5736697188960749,1.8851251840942562,462,391,5,3
f3b3eb6ad758e704e90ac7d3,VisA,pcb4,source_fit,1,larger,2940,0.0019610040340654416,514.0654415060511,33.55522827687776,960,396,89,45
d451674ba2957ea9a1018211,VisA,pcb4,source_fit,1,larger,26681,0.017796445113231307,4665.231307762908,103.42028985507247,257,405,179,223
d451674ba2957ea9a1018211,VisA,pcb4,source_fit,2,larger,5303,0.003537144351241169,927.241168811765,37.702503681885126,497,494,100,70
e713192788ad43790d8658d7,VisA,pcb4,source_fit,1,larger,39181,0.026134047298883696,6850.883695118568,117.33333333333333,279,417,192,253
e713192788ad43790d8658d7,VisA,pcb4,source_fit,2,tiny_compact,1,6.67008174852191e-07,0.17485219098845275,0.463768115942029,278,453,1,1
e713192788ad43790d8658d7,VisA,pcb4,source_fit,3,larger,4105,0.002738068557768244,717.7682440075986,34.31884057971015,460,660,81,74
18f0fd2d3dbdc60d5f3513d9,VisA,pcb4,source_fit,1,larger,8140,0.005429446543296835,1423.2968346460054,54.72463768115942,948,317,136,118
a31e27ed2e8db09c3e91c9ae,VisA,pcb4,source_fit,1,larger,20521,0.013687674756141811,3588.141811274039,103.8840579710145,310,399,185,224
a31e27ed2e8db09c3e91c9ae,VisA,pcb4,source_fit,2,tiny_compact,426,0.00028414548248703337,74.48703336108088,12.441826215022092,363,605,33,24
a31e27ed2e8db09c3e91c9ae,VisA,pcb4,source_fit,3,larger,5667,0.0037799353268873665,990.8873663315618,40.34782608695652,839,698,87,87
373efaec363f842465bd3acb,VisA,pcb4,source_fit,1,larger,4714,0.003144276536253228,824.2532283195662,41.09572901325479,932,279,109,73
373efaec363f842465bd3acb,VisA,pcb4,source_fit,2,thin_or_extended_small_area,645,0.0004302202727796632,112.77966318755203,49.013254786450666,639,685,130,47
fc402da6880e1e06b238b903,VisA,pcb4,source_fit,1,larger,5075,0.003385066487374869,887.3748692663977,55.422680412371136,463,280,147,54
fc402da6880e1e06b238b903,VisA,pcb4,source_fit,2,larger,3145,0.0020977407099101405,549.9101406586839,38.95652173913044,592,470,44,84
6e2de9d61f899d21b2cfc8e8,VisA,pcb4,source_fit,1,tiny_compact,53,3.535143326716612e-05,9.267166122387996,10.666666666666666,892,332,5,23
6e2de9d61f899d21b2cfc8e8,VisA,pcb4,source_fit,2,larger,41341,0.027574784956564426,7228.564427653625,109.91304347826087,323,352,191,237
6e2de9d61f899d21b2cfc8e8,VisA,pcb4,source_fit,3,tiny_compact,41,2.734733516893983e-05,7.168939830526563,8.81159420289855,879,356,13,19
6e2de9d61f899d21b2cfc8e8,VisA,pcb4,source_fit,4,tiny_compact,6,4.002049049113146e-06,1.0491131459307166,1.855072463768116,876,376,3,4
6e2de9d61f899d21b2cfc8e8,VisA,pcb4,source_fit,5,tiny_compact,80,5.336065398817528e-05,13.98817527907622,11.687776141384388,575,440,31,12
6e2de9d61f899d21b2cfc8e8,VisA,pcb4,source_fit,6,tiny_compact,24,1.6008196196452585e-05,4.196452583722866,2.6391752577319587,476,662,7,5
6e2de9d61f899d21b2cfc8e8,VisA,pcb4,source_fit,7,tiny_compact,1,6.67008174852191e-07,0.17485219098845275,0.463768115942029,487,669,1,1
6e2de9d61f899d21b2cfc8e8,VisA,pcb4,source_fit,8,tiny_compact,9,6.003073573669719e-06,1.5736697188960749,1.8851251840942562,488,671,5,4
6e2de9d61f899d21b2cfc8e8,VisA,pcb4,source_fit,9,tiny_compact,1,6.67008174852191e-07,0.17485219098845275,0.463768115942029,495,677,1,1
6e2de9d61f899d21b2cfc8e8,VisA,pcb4,source_fit,10,tiny_compact,21,1.4007171671896012e-05,3.671896010757508,4.173913043478261,559,724,10,9
6e2de9d61f899d21b2cfc8e8,VisA,pcb4,source_fit,11,tiny_compact,18,1.2006147147339438e-05,3.1473394377921498,3.246376811594203,570,734,6,7
bd271671372ec7b546a25301,VisA,pcb4,source_fit,1,tiny_compact,1247,0.0008317591940406821,218.04068216260058,18.851251840942563,660,717,50,28
beb6670b85f21ac45fd6b48b,VisA,pcb4,source_fit,1,larger,4503,0.003003537811359416,787.3594160210027,45.44927536231884,666,293,50,98
beb6670b85f21ac45fd6b48b,VisA,pcb4,source_fit,2,tiny_compact,68,4.5356555889948985e-05,11.889948987214787,10.933726067746687,475,312,29,6
beb6670b85f21ac45fd6b48b,VisA,pcb4,source_fit,3,larger,27426,0.01829336620349619,4795.496190049305,115.01449275362319,281,366,181,248
beb6670b85f21ac45fd6b48b,VisA,pcb4,source_fit,4,tiny_compact,9,6.003073573669719e-06,1.5736697188960749,3.246376811594203,603,749,3,7
beb6670b85f21ac45fd6b48b,VisA,pcb4,source_fit,5,tiny_compact,3,2.001024524556573e-06,0.5245565729653583,1.391304347826087,600,757,3,3
beb6670b85f21ac45fd6b48b,VisA,pcb4,source_fit,6,tiny_compact,21,1.4007171671896012e-05,3.671896010757508,3.7702503681885124,590,762,10,4
755b7f59b1d26d1c46179b0f,VisA,pcb4,source_fit,1,larger,4999,0.003334373866086103,874.0861027512753,45.91304347826087,682,290,51,99
755b7f59b1d26d1c46179b0f,VisA,pcb4,source_fit,2,larger,4990,0.003328370792512433,872.5124330323792,44.05797101449275,675,519,56,95
755b7f59b1d26d1c46179b0f,VisA,pcb4,source_fit,3,tiny_compact,1352,0.0009017950524001622,236.4001622163881,17.343151693667156,664,705,46,31
83592b0bc775afea95d3c11d,VisA,pcb4,source_fit,1,larger,38159,0.025452364944184756,6672.184755928369,94.6086956521739,287,414,200,204
83592b0bc775afea95d3c11d,VisA,pcb4,source_fit,2,larger,4874,0.003250997844229579,852.2295788777187,49.15942028985507,971,493,49,106
eb662872bc6bce7c9aac9465,VisA,pcb4,source_fit,1,larger,5410,0.003608514225950353,945.9503532475294,49.6231884057971,629,318,53,107
eb662872bc6bce7c9aac9465,VisA,pcb4,source_fit,2,tiny_compact,331,0.00022077970587607522,57.87607521717786,9.27536231884058,277,400,23,20
eb662872bc6bce7c9aac9465,VisA,pcb4,source_fit,3,larger,3468,0.002313184350387398,606.3873983479541,99.2463768115942,254,414,41,214
eb662872bc6bce7c9aac9465,VisA,pcb4,source_fit,4,tiny_compact,593,0.00039553584768734927,103.68734925615249,22.72463768115942,274,423,15,49
eb662872bc6bce7c9aac9465,VisA,pcb4,source_fit,5,larger,18970,0.012653145076946063,3316.946063050949,90.43478260869566,283,431,145,195
eb662872bc6bce7c9aac9465,VisA,pcb4,source_fit,6,larger,5556,0.003705897419478773,971.4787731318435,49.6231884057971,916,504,54,107
eb662872bc6bce7c9aac9465,VisA,pcb4,source_fit,7,larger,5413,0.00361051525047491,946.4749098204948,51.47826086956522,631,550,51,111
eb662872bc6bce7c9aac9465,VisA,pcb4,source_fit,8,tiny_compact,221,0.0001474088066423342,38.642334208448055,9.27536231884058,284,577,13,20
db1bd561f26bd21285df12af,VisA,pcb4,source_fit,1,larger,4630,0.003088247849565644,809.5656442765362,50.08695652173913,654,293,45,108
db1bd561f26bd21285df12af,VisA,pcb4,source_fit,2,tiny_compact,1408,0.0009391475101918849,246.19188491174148,26.434782608695652,777,385,27,57
db1bd561f26bd21285df12af,VisA,pcb4,source_fit,3,tiny_compact,1442,0.0009618257881368594,252.13685940534887,24.579710144927535,855,389,31,53
db1bd561f26bd21285df12af,VisA,pcb4,source_fit,4,tiny_compact,1233,0.0008224210795927515,215.59275148876225,17.72017673048601,635,718,47,30
b55a295f7c7ec1ad3fac8596,VisA,pcb4,source_fit,1,larger,46520,0.031029220294123926,8134.1239247828225,117.33333333333333,292,344,199,253
b55a295f7c7ec1ad3fac8596,VisA,pcb4,source_fit,2,tiny_compact,1183,0.0007890706708501419,206.8501419393396,20.405797101449274,806,377,30,44
b55a295f7c7ec1ad3fac8596,VisA,pcb4,source_fit,3,tiny_compact,1242,0.0008284241531664212,217.16642120765832,21.333333333333332,885,379,30,46
6ae93e59b3c647f7e16d08ed,VisA,pcb4,source_fit,1,larger,4750,0.0031682888305479074,830.5479071951506,46.3768115942029,639,311,52,100
6ae93e59b3c647f7e16d08ed,VisA,pcb4,source_fit,2,larger,47594,0.03174558707391518,8321.91517790442,108.05797101449275,233,404,215,233
22cdb4294c4c5b5f755fc763,VisA,pcb4,source_fit,1,larger,5593,0.0037305767219483043,977.9483041984163,52.869565217391305,608,282,53,114
22cdb4294c4c5b5f755fc763,VisA,pcb4,source_fit,2,larger,7177,0.0047871176709141745,1254.9141747241254,65.3913043478261,889,488,61,141
18b56ae51ab1f4c17be2c55f,VisA,pcb4,source_fit,1,larger,4471,0.002982193549764146,781.7641459093722,47.30434782608695,968,472,48,102
18b56ae51ab1f4c17be2c55f,VisA,pcb4,source_fit,2,larger,4708,0.0031402744872041153,823.2041151736356,49.15942028985507,679,518,51,106
7702f6e31aa74020b48b62c4,VisA,pcb4,source_fit,1,larger,26332,0.017563659260207892,4604.207893107938,107.1304347826087,296,408,178,231
7702f6e31aa74020b48b62c4,VisA,pcb4,source_fit,2,tiny_compact,112,7.470491558344539e-05,19.583445390706707,5.565217391304348,339,408,13,12
7702f6e31aa74020b48b62c4,VisA,pcb4,source_fit,3,tiny_compact,1120,0.0007470491558344539,195.8344539070671,19.942028985507246,810,410,29,43
7702f6e31aa74020b48b62c4,VisA,pcb4,source_fit,4,tiny_compact,1349,0.0008997940278756057,235.87560564342277,21.797101449275363,890,414,31,47
7702f6e31aa74020b48b62c4,VisA,pcb4,source_fit,5,tiny_compact,67,4.468954771509679e-05,11.715096796226334,4.173913043478261,379,423,9,9
7702f6e31aa74020b48b62c4,VisA,pcb4,source_fit,6,tiny_compact,50,3.335040874260955e-05,8.742609549422637,6.956521739130435,1018,425,13,15
7702f6e31aa74020b48b62c4,VisA,pcb4,source_fit,7,tiny_compact,48,3.201639239290517e-05,8.392905167445733,3.710144927536232,331,429,9,8
7702f6e31aa74020b48b62c4,VisA,pcb4,source_fit,8,tiny_compact,29,1.934323707071354e-05,5.07071353866513,3.01620029455081,331,469,8,4
7df7bce17e9dbffda7284557,VisA,pcb4,source_fit,1,larger,6052,0.0040367334742054594,1058.205459862116,57.04347826086956,684,290,55,123
7df7bce17e9dbffda7284557,VisA,pcb4,source_fit,2,larger,40199,0.026813061620883226,7028.883225544812,103.8840579710145,299,386,191,224
7df7bce17e9dbffda7284557,VisA,pcb4,source_fit,3,larger,6615,0.004412259076647243,1156.647243388615,58.43478260869565,967,482,54,126
73f7e96255ed2f2a4762cc32,VisA,pcb4,source_fit,1,larger,1501,0.0010011792704531387,262.4531386736676,26.89855072463768,893,257,45,58
73f7e96255ed2f2a4762cc32,VisA,pcb4,source_fit,2,tiny_compact,911,0.000607644447290346,159.29034599048046,17.159420289855074,899,318,31,37
73f7e96255ed2f2a4762cc32,VisA,pcb4,source_fit,3,larger,1739,0.0011599272160679602,304.06796012891937,29.217391304347824,895,362,30,63
73f7e96255ed2f2a4762cc32,VisA,pcb4,source_fit,4,tiny_compact,191,0.00012739856139676848,33.39676847879448,11.130434782608695,984,603,12,24
d92f74d23c5d7507316ef1f6,VisA,pcb4,source_fit,1,tiny_compact,1198,0.0007990757934729248,209.4729248041664,21.797101449275363,772,387,28,47
d92f74d23c5d7507316ef1f6,VisA,pcb4,source_fit,2,tiny_compact,1143,0.0007623903438560542,199.85605429980149,20.869565217391305,852,392,29,45
d92f74d23c5d7507316ef1f6,VisA,pcb4,source_fit,3,larger,5542,0.0036965593050308425,969.0308424580052,49.15942028985507,927,488,54,106
9407debbd13a3bb3cb165677,VisA,pcb4,source_fit,1,larger,5689,0.0037946095067341147,994.7341145333078,54.26086956521739,675,289,54,117
9407debbd13a3bb3cb165677,VisA,pcb4,source_fit,2,larger,6015,0.004012054171735929,1051.7359287955433,61.68115942028985,955,485,54,133
9407debbd13a3bb3cb165677,VisA,pcb4,source_fit,3,larger,5041,0.003362388209429895,881.4298947727904,49.6231884057971,668,523,53,107
9407debbd13a3bb3cb165677,VisA,pcb4,source_fit,4,larger,1761,0.0011746013959147083,307.9147083306653,22.621502209131076,648,713,60,33
a618c028ba8f003626d69f29,VisA,pcb4,source_fit,1,larger,5096,0.0033990736590467654,891.0467652771553,45.44927536231884,683,293,52,98
a618c028ba8f003626d69f29,VisA,pcb4,source_fit,2,larger,1888,0.0012593114341209366,330.1209365861988,22.244477172312223,659,710,59,32
9b02325c82f1ba6da823079c,VisA,pcb4,source_fit,1,larger,7349,0.004901843076988752,1284.9887515741393,65.85507246376811,631,281,55,142
9b02325c82f1ba6da823079c,VisA,pcb4,source_fit,2,larger,43002,0.028682685534993917,7518.993916885445,108.52173913043478,238,367,200,234
579cdbb9cbf43dc43c4648ba,VisA,pcb4,source_fit,1,tiny_compact,984,0.0006563360440545559,172.0545559326375,17.6231884057971,708,382,27,38
579cdbb9cbf43dc43c4648ba,VisA,pcb4,source_fit,2,tiny_compact,872,0.0005816311284711106,152.4711105419308,15.768115942028986,788,386,28,34
579cdbb9cbf43dc43c4648ba,VisA,pcb4,source_fit,3,tiny_compact,1169,0.0007797325564022113,204.40221126550128,16.589101620029457,565,704,44,28
5212af2e2f675e11ac441f21,VisA,pcb4,source_fit,1,tiny_compact,426,0.00028414548248703337,74.48703336108088,12.441826215022092,338,356,33,20
5212af2e2f675e11ac441f21,VisA,pcb4,source_fit,2,larger,30061,0.020050932744231715,5256.231713303879,104.81159420289855,314,375,182,226
5212af2e2f675e11ac441f21,VisA,pcb4,source_fit,3,larger,4235,0.002824779620499029,740.4990288360974,44.05797101449275,698,521,47,95
d646baf1c18f122f83fdb5d9,VisA,pcb4,source_fit,1,larger,4675,0.0031182632174339927,817.4339928710166,43.130434782608695,612,281,53,93
d646baf1c18f122f83fdb5d9,VisA,pcb4,source_fit,2,larger,47295,0.031546151629634374,8269.634372798873,107.59420289855072,207,380,211,232
d646baf1c18f122f83fdb5d9,VisA,pcb4,source_fit,3,larger,4101,0.0027354005250688354,717.0688352436448,38.028985507246375,611,544,51,82
17e584cd0c3324b6eb08e5bf,VisA,pcb4,source_fit,1,larger,5046,0.0033657232503041556,882.3041557277326,45.91304347826087,898,488,59,99
660565f9c151fe4823f9903e,VisA,pcb4,source_fit,1,larger,5007,0.00333970993148492,875.4849202791829,49.6231884057971,949,470,50,107
19beac86001ba6a35484fd4e,VisA,pcb4,source_fit,1,larger,40428,0.026965806492924377,7068.924377281168,103.8840579710145,288,410,199,224
19beac86001ba6a35484fd4e,VisA,pcb4,source_fit,2,larger,5410,0.003608514225950353,945.9503532475294,52.405797101449274,682,554,50,113
0faf418cf81ced5dd69c34c7,VisA,pcb4,source_fit,1,larger,5518,0.00368055110883439,964.8343898742824,49.15942028985507,968,485,55,106
0faf418cf81ced5dd69c34c7,VisA,pcb4,source_fit,2,larger,5362,0.003576497833557448,937.5574480800836,48.69565217391305,682,533,54,105
0faf418cf81ced5dd69c34c7,VisA,pcb4,source_fit,3,larger,1552,0.0010351966873706005,271.3706004140787,19.228276877761413,667,723,51,31
00fa6be94b9f1137a440b277,VisA,pcb4,source_fit,1,larger,26978,0.01799454654116241,4717.162408486479,112.23188405797102,286,389,180,242
00fa6be94b9f1137a440b277,VisA,pcb4,source_fit,2,larger,6651,0.0044362713709419225,1162.9419222641993,59.82608695652174,962,493,54,129
00fa6be94b9f1137a440b277,VisA,pcb4,source_fit,3,tiny_compact,148,9.871720987812426e-05,25.878124266291007,7.884057971014493,311,542,13,17
00fa6be94b9f1137a440b277,VisA,pcb4,source_fit,4,tiny_compact,231,0.00015407888839085612,40.390856118332586,13.44927536231884,301,564,16,29
00fa6be94b9f1137a440b277,VisA,pcb4,source_fit,5,larger,1915,0.0012773206548419458,334.84194574288705,22.998527245949926,657,727,61,33
656d7b1bb516335c5b215df9,VisA,pcb4,source_fit,1,larger,3490,0.0023278585302341464,610.2341465497001,39.42028985507246,624,296,44,85
656d7b1bb516335c5b215df9,VisA,pcb4,source_fit,2,tiny_compact,30,2.001024524556573e-05,5.245565729653583,6.956521739130435,904,322,2,15
656d7b1bb516335c5b215df9,VisA,pcb4,source_fit,3,larger,5638,0.003760592089816653,985.8166527928967,56.11594202898551,904,470,50,121
656d7b1bb516335c5b215df9,VisA,pcb4,source_fit,4,larger,5155,0.0034384271413630445,901.3630445454739,53.333333333333336,616,516,46,115
656d7b1bb516335c5b215df9,VisA,pcb4,source_fit,5,tiny_compact,1121,0.0007477161640093061,196.00930609805553,19.605301914580266,598,713,52,24
a594b3da8fff3917c805e6e2,VisA,pcb4,source_fit,1,tiny_compact,1204,0.0008030778425220379,210.52203795009711,21.333333333333332,766,395,29,46
32ccad4fbea9506978472013,VisA,pcb4,source_fit,1,larger,38262,0.02552106678619453,6690.194531600179,103.8840579710145,294,370,187,224
32ccad4fbea9506978472013,VisA,pcb4,source_fit,2,tiny_compact,1202,0.0008017438261723336,210.17233356812022,22.26086956521739,801,383,27,48
32ccad4fbea9506978472013,VisA,pcb4,source_fit,3,tiny_compact,1294,0.0008631085782587352,226.25873513905788,24.115942028985508,884,386,28,52
32ccad4fbea9506978472013,VisA,pcb4,source_fit,4,tiny_compact,2,1.334016349704382e-06,0.3497043819769055,0.927536231884058,312,575,1,2
7899993537b41d8220507079,VisA,pcb4,source_fit,1,larger,1834,0.0012232929926789182,320.67891827282233,98.78260869565217,221,384,34,213
7899993537b41d8220507079,VisA,pcb4,source_fit,2,tiny_compact,53,3.535143326716612e-05,9.267166122387996,3.710144927536232,360,411,8,8
7899993537b41d8220507079,VisA,pcb4,source_fit,3,tiny_compact,168,0.00011205737337516809,29.375168086060064,9.802650957290133,331,417,26,14
7899993537b41d8220507079,VisA,pcb4,source_fit,4,larger,2551,0.0017015378540479393,446.047939211543,56.11594202898551,320,426,84,121
7899993537b41d8220507079,VisA,pcb4,source_fit,5,larger,2156,0.0014380696249813238,376.98132377110414,48.231884057971016,262,445,65,104
7899993537b41d8220507079,VisA,pcb4,source_fit,6,tiny_compact,418,0.00027880941708821583,73.08821583317325,25.043478260869566,236,484,21,54
7899993537b41d8220507079,VisA,pcb4,source_fit,7,larger,2377,0.001585478431623658,415.6236579795522,51.01449275362319,308,487,80,110
7899993537b41d8220507079,VisA,pcb4,source_fit,8,larger,5320,0.003548483490213656,930.2136560585686,50.08695652173913,610,533,56,108
7899993537b41d8220507079,VisA,pcb4,source_fit,9,tiny_compact,169,0.00011272438155002027,29.550020277048514,8.294550810014728,258,582,22,13
7899993537b41d8220507079,VisA,pcb4,source_fit,10,tiny_compact,1063,0.000709029689867879,185.86787902072527,14.840579710144928,600,713,37,32
190a2a3d2a2b8ee2288dcdb1,VisA,pcb4,source_fit,1,thin_or_extended_small_area,1422,0.0009484856246398156,248.6398155855798,97.85507246376811,524,220,54,211
190a2a3d2a2b8ee2288dcdb1,VisA,pcb4,source_fit,2,larger,2674,0.0017835798595547587,467.5547587031227,86.26086956521739,470,223,72,186
190a2a3d2a2b8ee2288dcdb1,VisA,pcb4,source_fit,3,thin_or_extended_small_area,1101,0.0007343760005122622,192.51226227828647,47.768115942028984,431,401,23,103
190a2a3d2a2b8ee2288dcdb1,VisA,pcb4,source_fit,4,tiny_compact,109,7.270389105888882e-05,19.05888881774135,8.347826086956522,410,414,12,18
190a2a3d2a2b8ee2288dcdb1,VisA,pcb4,source_fit,5,tiny_compact,212,0.0001414057330686645,37.068664489551985,9.425625920471282,368,421,25,15
190a2a3d2a2b8ee2288dcdb1,VisA,pcb4,source_fit,6,tiny_compact,38,2.5346310644383258e-05,6.644383257561205,3.246376811594203,314,438,8,7
190a2a3d2a2b8ee2288dcdb1,VisA,pcb4,source_fit,7,tiny_compact,18,1.2006147147339438e-05,3.1473394377921498,1.8851251840942562,382,440,5,4
190a2a3d2a2b8ee2288dcdb1,VisA,pcb4,source_fit,8,tiny_compact,14,9.338114447930673e-06,2.4479306738383384,1.855072463768116,400,441,4,4
190a2a3d2a2b8ee2288dcdb1,VisA,pcb4,source_fit,9,tiny_compact,242,0.00016141597831423023,42.31423021920557,10.666666666666666,348,442,22,23
190a2a3d2a2b8ee2288dcdb1,VisA,pcb4,source_fit,10,tiny_compact,108,7.203688288403663e-05,18.8840366267529,6.028985507246377,314,446,10,13
190a2a3d2a2b8ee2288dcdb1,VisA,pcb4,source_fit,11,tiny_compact,43,2.8681351518644212e-05,7.518644212503468,3.01620029455081,389,448,8,6
190a2a3d2a2b8ee2288dcdb1,VisA,pcb4,source_fit,12,tiny_compact,16,1.0672130797635056e-05,2.797635055815244,1.8851251840942562,412,450,5,4
190a2a3d2a2b8ee2288dcdb1,VisA,pcb4,source_fit,13,tiny_compact,58,3.868647414142708e-05,10.14142707733026,4.524300441826215,375,463,12,7
190a2a3d2a2b8ee2288dcdb1,VisA,pcb4,source_fit,14,tiny_compact,122,8.137499733196731e-05,21.331967300591238,6.956521739130435,409,467,12,15
190a2a3d2a2b8ee2288dcdb1,VisA,pcb4,source_fit,15,tiny_compact,84,5.6028686687584046e-05,14.687584043030032,5.565217391304348,351,472,10,12
190a2a3d2a2b8ee2288dcdb1,VisA,pcb4,source_fit,16,tiny_compact,923,0.0006156485453885723,161.3885722823419,29.217391304347824,458,478,29,63
190a2a3d2a2b8ee2288dcdb1,VisA,pcb4,source_fit,17,tiny_compact,37,2.4679302469531066e-05,6.469531066572752,3.01620029455081,331,483,8,6
190a2a3d2a2b8ee2288dcdb1,VisA,pcb4,source_fit,18,tiny_compact,98,6.536680113551472e-05,17.13551471686837,6.956521739130435,382,487,11,15
190a2a3d2a2b8ee2288dcdb1,VisA,pcb4,source_fit,19,tiny_compact,371,0.0002474600328701629,64.87016285671598,15.768115942028986,389,489,21,34
190a2a3d2a2b8ee2288dcdb1,VisA,pcb4,source_fit,20,tiny_compact,171,0.00011405839789972466,29.89972465902542,9.73913043478261,339,497,13,21
190a2a3d2a2b8ee2288dcdb1,VisA,pcb4,source_fit,21,tiny_compact,181,0.00012072847964824656,31.648246568909947,9.73913043478261,356,498,16,21
190a2a3d2a2b8ee2288dcdb1,VisA,pcb4,source_fit,22,tiny_compact,360,0.00024012294294678877,62.946788755842995,25.507246376811594,436,526,10,55
72e94075c44242bba2f16fd4,VisA,pcb4,source_fit,1,larger,2411,0.0016081567095686325,421.5686324731596,68.24153166421208,430,677,181,72
72e94075c44242bba2f16fd4,VisA,pcb4,source_fit,2,larger,1521,0.0010145194339501824,265.9501824934366,71.25773195876289,443,731,189,44
6a2113d159a9b9248744b3c4,VisA,pcb4,source_fit,1,larger,2754,0.0018369405135429339,481.54293398219886,58.81590574374079,901,318,156,97
6a2113d159a9b9248744b3c4,VisA,pcb4,source_fit,2,tiny_compact,46,3.0682376043200785e-05,8.043200785468827,3.393225331369661,903,363,9,6
6a2113d159a9b9248744b3c4,VisA,pcb4,source_fit,3,tiny_compact,455,0.0003034887195577469,79.55774689974601,27.522827687776143,981,397,73,29
c599b05f2e1a8757cf156c2b,VisA,pcb4,source_fit,1,larger,1677,0.0011185727092271243,293.22712428763526,87.18840579710145,486,246,71,188
c599b05f2e1a8757cf156c2b,VisA,pcb4,source_fit,2,thin_or_extended_small_area,1202,0.0008017438261723336,210.17233356812022,64.46376811594203,478,256,49,139
c599b05f2e1a8757cf156c2b,VisA,pcb4,source_fit,3,tiny_compact,829,0.0005529497769524663,144.95246632942732,24.12960235640648,318,358,64,27
c599b05f2e1a8757cf156c2b,VisA,pcb4,source_fit,4,tiny_compact,403,0.000268804294465433,70.46543296834646,14.376811594202898,380,363,25,31
c599b05f2e1a8757cf156c2b,VisA,pcb4,source_fit,5,tiny_compact,791,0.000527603466308083,138.30808307186612,19.605301914580266,424,363,52,39
c599b05f2e1a8757cf156c2b,VisA,pcb4,source_fit,6,tiny_compact,52,3.468442509231393e-05,9.092313931399543,4.63768115942029,572,392,6,10
c599b05f2e1a8757cf156c2b,VisA,pcb4,source_fit,7,tiny_compact,137,9.138011995475016e-05,23.954750165418027,10.666666666666666,518,398,7,23
c599b05f2e1a8757cf156c2b,VisA,pcb4,source_fit,8,tiny_compact,51,3.401741691746174e-05,8.91746174041109,3.7702503681885124,402,416,10,6
c599b05f2e1a8757cf156c2b,VisA,pcb4,source_fit,9,tiny_compact,84,5.6028686687584046e-05,14.687584043030032,6.028985507246377,438,416,8,13
c599b05f2e1a8757cf156c2b,VisA,pcb4,source_fit,10,tiny_compact,203,0.00013540265949499476,35.49499477065591,10.179675994108983,342,419,27,20
c599b05f2e1a8757cf156c2b,VisA,pcb4,source_fit,11,tiny_compact,23,1.5341188021600392e-05,4.021600392734413,2.318840579710145,304,423,5,5
c599b05f2e1a8757cf156c2b,VisA,pcb4,source_fit,12,tiny_compact,23,1.5341188021600392e-05,4.021600392734413,2.318840579710145,332,423,6,5
c599b05f2e1a8757cf156c2b,VisA,pcb4,source_fit,13,tiny_compact,26,1.7342212546156966e-05,4.546156965699772,2.782608695652174,407,428,6,6
c599b05f2e1a8757cf156c2b,VisA,pcb4,source_fit,14,tiny_compact,22,1.4674179846748202e-05,3.8467482017459607,2.318840579710145,347,435,6,5
c599b05f2e1a8757cf156c2b,VisA,pcb4,source_fit,15,tiny_compact,142,9.471516082901112e-05,24.829011120360292,6.956521739130435,397,437,14,15
c599b05f2e1a8757cf156c2b,VisA,pcb4,source_fit,16,tiny_compact,66,4.402253954024461e-05,11.540244605237882,5.565217391304348,435,437,8,12
c599b05f2e1a8757cf156c2b,VisA,pcb4,source_fit,17,tiny_compact,24,1.6008196196452585e-05,4.196452583722866,2.318840579710145,300,446,6,5
c599b05f2e1a8757cf156c2b,VisA,pcb4,source_fit,18,tiny_compact,61,4.0687498665983654e-05,10.665983650295619,5.565217391304348,388,446,7,12
c599b05f2e1a8757cf156c2b,VisA,pcb4,source_fit,19,tiny_compact,52,3.468442509231393e-05,9.092313931399543,3.710144927536232,414,447,8,8
c599b05f2e1a8757cf156c2b,VisA,pcb4,source_fit,20,tiny_compact,22,1.4674179846748202e-05,3.8467482017459607,2.318840579710145,371,449,6,5
c599b05f2e1a8757cf156c2b,VisA,pcb4,source_fit,21,tiny_compact,72,4.8024588589357754e-05,12.589357751168599,5.101449275362318,401,454,9,11
c599b05f2e1a8757cf156c2b,VisA,pcb4,source_fit,22,tiny_compact,21,1.4007171671896012e-05,3.671896010757508,2.318840579710145,306,458,5,5
c599b05f2e1a8757cf156c2b,VisA,pcb4,source_fit,23,tiny_compact,28,1.8676228895861346e-05,4.895861347676677,2.782608695652174,356,459,6,6
c599b05f2e1a8757cf156c2b,VisA,pcb4,source_fit,24,tiny_compact,64,4.268852319054022e-05,11.190540223260976,4.173913043478261,375,459,9,9
c599b05f2e1a8757cf156c2b,VisA,pcb4,source_fit,25,tiny_compact,43,2.8681351518644212e-05,7.518644212503468,3.246376811594203,390,461,8,7
c599b05f2e1a8757cf156c2b,VisA,pcb4,source_fit,26,tiny_compact,62,4.135450684083584e-05,10.84083584128407,4.63768115942029,424,462,8,10
c599b05f2e1a8757cf156c2b,VisA,pcb4,source_fit,27,tiny_compact,66,4.402253954024461e-05,11.540244605237882,4.63768115942029,348,470,9,10
c599b05f2e1a8757cf156c2b,VisA,pcb4,source_fit,28,tiny_compact,23,1.5341188021600392e-05,4.021600392734413,2.318840579710145,363,473,5,5
c599b05f2e1a8757cf156c2b,VisA,pcb4,source_fit,29,tiny_compact,54,3.6018441442018315e-05,9.44201831337645,3.710144927536232,378,473,9,8
c599b05f2e1a8757cf156c2b,VisA,pcb4,source_fit,30,tiny_compact,23,1.5341188021600392e-05,4.021600392734413,2.318840579710145,389,472,6,5
c599b05f2e1a8757cf156c2b,VisA,pcb4,source_fit,31,tiny_compact,22,1.4674179846748202e-05,3.8467482017459607,2.318840579710145,400,475,6,5
c599b05f2e1a8757cf156c2b,VisA,pcb4,source_fit,32,tiny_compact,23,1.5341188021600392e-05,4.021600392734413,2.318840579710145,335,479,6,5
c599b05f2e1a8757cf156c2b,VisA,pcb4,source_fit,33,tiny_compact,280,0.00018676228895861348,48.95861347676677,13.572901325478645,392,481,36,25
c599b05f2e1a8757cf156c2b,VisA,pcb4,source_fit,34,tiny_compact,28,1.8676228895861346e-05,4.895861347676677,2.782608695652174,384,482,6,6
c599b05f2e1a8757cf156c2b,VisA,pcb4,source_fit,35,tiny_compact,45,3.0015367868348596e-05,7.868348594480374,3.393225331369661,351,486,9,6
c599b05f2e1a8757cf156c2b,VisA,pcb4,source_fit,36,tiny_compact,24,1.6008196196452585e-05,4.196452583722866,2.782608695652174,373,488,6,6
c599b05f2e1a8757cf156c2b,VisA,pcb4,source_fit,37,tiny_compact,59,3.935348231627927e-05,10.316279268318713,4.524300441826215,336,496,12,6
c599b05f2e1a8757cf156c2b,VisA,pcb4,source_fit,38,tiny_compact,67,4.468954771509679e-05,11.715096796226334,6.492753623188406,339,510,8,14
c599b05f2e1a8757cf156c2b,VisA,pcb4,source_fit,39,tiny_compact,179,0.00011939446329854219,31.298542186933044,8.671575846833578,297,521,23,13
c599b05f2e1a8757cf156c2b,VisA,pcb4,source_fit,40,tiny_compact,22,1.4674179846748202e-05,3.8467482017459607,2.318840579710145,437,524,5,5
c599b05f2e1a8757cf156c2b,VisA,pcb4,source_fit,41,tiny_compact,718,0.00047891186954387315,125.54387312970908,30.144927536231883,410,527,62,65
c599b05f2e1a8757cf156c2b,VisA,pcb4,source_fit,42,tiny_compact,51,3.401741691746174e-05,8.91746174041109,3.710144927536232,399,530,9,8
c599b05f2e1a8757cf156c2b,VisA,pcb4,source_fit,43,tiny_compact,42,2.8014343343792023e-05,7.343792021515016,3.710144927536232,328,551,7,8
c599b05f2e1a8757cf156c2b,VisA,pcb4,source_fit,44,tiny_compact,24,1.6008196196452585e-05,4.196452583722866,2.318840579710145,299,552,6,5
c599b05f2e1a8757cf156c2b,VisA,pcb4,source_fit,45,tiny_compact,23,1.5341188021600392e-05,4.021600392734413,2.318840579710145,396,553,5,5
c599b05f2e1a8757cf156c2b,VisA,pcb4,source_fit,46,tiny_compact,21,1.4007171671896012e-05,3.671896010757508,2.782608695652174,402,560,5,6
c599b05f2e1a8757cf156c2b,VisA,pcb4,source_fit,47,tiny_compact,42,2.8014343343792023e-05,7.343792021515016,3.710144927536232,323,563,7,8
c599b05f2e1a8757cf156c2b,VisA,pcb4,source_fit,48,tiny_compact,81,5.402766216302747e-05,14.163027470064673,4.63768115942029,424,568,10,10
c599b05f2e1a8757cf156c2b,VisA,pcb4,source_fit,49,tiny_compact,23,1.5341188021600392e-05,4.021600392734413,2.318840579710145,325,573,6,5
c599b05f2e1a8757cf156c2b,VisA,pcb4,source_fit,50,tiny_compact,26,1.7342212546156966e-05,4.546156965699772,2.782608695652174,415,572,6,6
c599b05f2e1a8757cf156c2b,VisA,pcb4,source_fit,51,tiny_compact,23,1.5341188021600392e-05,4.021600392734413,2.318840579710145,404,575,5,5
c599b05f2e1a8757cf156c2b,VisA,pcb4,source_fit,52,tiny_compact,141,9.404815265415893e-05,24.65415892937184,9.73913043478261,335,577,11,21
c599b05f2e1a8757cf156c2b,VisA,pcb4,source_fit,53,tiny_compact,24,1.6008196196452585e-05,4.196452583722866,2.318840579710145,316,579,6,5
c599b05f2e1a8757cf156c2b,VisA,pcb4,source_fit,54,tiny_compact,36,2.4012294294678877e-05,6.2946788755842995,3.246376811594203,324,579,7,7
c599b05f2e1a8757cf156c2b,VisA,pcb4,source_fit,55,tiny_compact,87,5.8029711212140616e-05,15.21214061599539,4.63768115942029,353,581,10,10
c599b05f2e1a8757cf156c2b,VisA,pcb4,source_fit,56,tiny_compact,26,1.7342212546156966e-05,4.546156965699772,2.318840579710145,415,580,6,5
c599b05f2e1a8757cf156c2b,VisA,pcb4,source_fit,57,tiny_compact,123,8.204200550681949e-05,21.506819491579687,7.420289855072464,309,585,14,16
c599b05f2e1a8757cf156c2b,VisA,pcb4,source_fit,58,tiny_compact,135,9.004610360504578e-05,23.60504578344112,6.956521739130435,368,584,18,15
c599b05f2e1a8757cf156c2b,VisA,pcb4,source_fit,59,tiny_compact,23,1.5341188021600392e-05,4.021600392734413,2.318840579710145,424,584,6,5
c599b05f2e1a8757cf156c2b,VisA,pcb4,source_fit,60,tiny_compact,22,1.4674179846748202e-05,3.8467482017459607,2.318840579710145,395,586,6,5
c599b05f2e1a8757cf156c2b,VisA,pcb4,source_fit,61,tiny_compact,35,2.3345286119826685e-05,6.1198266845958464,3.246376811594203,327,590,6,7
c599b05f2e1a8757cf156c2b,VisA,pcb4,source_fit,62,tiny_compact,108,7.203688288403663e-05,18.8840366267529,6.409425625920472,396,594,17,9
c599b05f2e1a8757cf156c2b,VisA,pcb4,source_fit,63,tiny_compact,91,6.069774391154938e-05,15.9115493799492,4.524300441826215,446,594,12,9
b47939562c67b3a5671dc4cc,VisA,pcb4,source_fit,1,larger,34258,0.022850366054086357,5990.086358882414,117.33333333333333,316,353,196,253
b47939562c67b3a5671dc4cc,VisA,pcb4,source_fit,2,larger,2849,0.001900306290153892,498.1538921261019,64.0,513,409,110,138
b47939562c67b3a5671dc4cc,VisA,pcb4,source_fit,3,tiny_compact,95,6.336577661095815e-05,16.610958143903012,11.310751104565538,722,414,30,12
b47939562c67b3a5671dc4cc,VisA,pcb4,source_fit,4,tiny_compact,64,4.268852319054022e-05,11.190540223260976,8.671575846833578,698,425,23,6
b47939562c67b3a5671dc4cc,VisA,pcb4,source_fit,5,tiny_compact,180,0.00012006147147339438,31.473394377921498,17.6231884057971,553,531,7,38
b47939562c67b3a5671dc4cc,VisA,pcb4,source_fit,6,tiny_compact,49,3.268340056775736e-05,8.567757358434186,4.173913043478261,541,560,7,9
afcb52664763e120dc376f55,VisA,pcb4,source_fit,1,tiny_compact,349,0.00023278585302341466,61.02341465497001,20.405797101449274,317,408,22,44
afcb52664763e120dc376f55,VisA,pcb4,source_fit,2,larger,13421,0.008951916714691255,2346.6912552560243,96.92753623188406,372,410,130,209
afcb52664763e120dc376f55,VisA,pcb4,source_fit,3,tiny_compact,116,7.737294828285415e-05,20.28285415466052,5.565217391304348,338,428,14,12
afcb52664763e120dc376f55,VisA,pcb4,source_fit,4,tiny_compact,27,1.8009220721009158e-05,4.721009156688225,2.782608695652174,381,453,6,6
afcb52664763e120dc376f55,VisA,pcb4,source_fit,5,tiny_compact,81,5.402766216302747e-05,14.163027470064673,5.101449275362318,369,459,10,11
afcb52664763e120dc376f55,VisA,pcb4,source_fit,6,thin_or_extended_small_area,577,0.0003848637168897142,100.88971420033724,34.31884057971015,318,483,13,74
afcb52664763e120dc376f55,VisA,pcb4,source_fit,7,tiny_compact,343,0.0002287838039743015,59.97430150903929,15.304347826086957,359,490,23,33
afcb52664763e120dc376f55,VisA,pcb4,source_fit,8,larger,5897,0.00393334720710337,1031.103370258906,52.869565217391305,968,506,78,114
afcb52664763e120dc376f55,VisA,pcb4,source_fit,9,tiny_compact,98,6.536680113551472e-05,17.13551471686837,6.409425625920472,362,528,17,10
afcb52664763e120dc376f55,VisA,pcb4,source_fit,10,tiny_compact,349,0.00023278585302341466,61.02341465497001,23.652173913043477,320,564,14,51
afcb52664763e120dc376f55,VisA,pcb4,source_fit,11,tiny_compact,29,1.934323707071354e-05,5.07071353866513,2.782608695652174,465,576,6,6
afcb52664763e120dc376f55,VisA,pcb4,source_fit,12,tiny_compact,47,3.134938421805298e-05,8.21805297645728,3.246376811594203,434,593,8,7
50c468e621f244dde7ab1428,VisA,pcb4,source_fit,1,larger,21008,0.014012507737294828,3673.2948282854154,110.3768115942029,268,397,181,238
50c468e621f244dde7ab1428,VisA,pcb4,source_fit,2,tiny_compact,43,2.8681351518644212e-05,7.518644212503468,3.246376811594203,303,445,8,7
50c468e621f244dde7ab1428,VisA,pcb4,source_fit,3,tiny_compact,119,7.937397280741073e-05,20.80741072762588,6.492753623188406,303,468,11,14
50c468e621f244dde7ab1428,VisA,pcb4,source_fit,4,tiny_compact,42,2.8014343343792023e-05,7.343792021515016,3.246376811594203,320,472,7,7
50c468e621f244dde7ab1428,VisA,pcb4,source_fit,5,tiny_compact,34,2.2678277944974493e-05,5.944974493607393,3.246376811594203,308,501,6,7
50c468e621f244dde7ab1428,VisA,pcb4,source_fit,6,larger,4956,0.0033056925145674584,866.5674585387718,39.58762886597938,623,708,105,51
18bb01bf7702c211e846338c,VisA,pcb4,source_fit,1,larger,5748,0.003833962989050394,1005.0503938016265,50.08695652173913,807,364,57,108
18bb01bf7702c211e846338c,VisA,pcb4,source_fit,2,larger,22282,0.014862276152056519,3896.056519604704,112.69565217391305,295,368,188,243
18bb01bf7702c211e846338c,VisA,pcb4,source_fit,3,larger,3574,0.0023838872169217305,624.9217305927301,35.81737849779087,328,467,95,74
9ad36bc24600f804a1e17b9f,VisA,pcb4,source_fit,1,larger,5662,0.0037766002860131053,990.0131053766195,47.768115942028984,561,447,59,103
047764c95331feae308c90e2,VisA,pcb4,source_fit,1,larger,5303,0.003537144351241169,927.241168811765,50.55072463768116,541,255,53,109
047764c95331feae308c90e2,VisA,pcb4,source_fit,2,larger,5015,0.003345045996883738,876.8837378070906,64.09425625920471,290,389,170,56
047764c95331feae308c90e2,VisA,pcb4,source_fit,3,larger,20493,0.01366899852724595,3583.2459499263623,98.78260869565217,283,417,176,213
563c172d1fd3f1a051c73278,VisA,pcb4,source_fit,1,larger,5628,0.003753922008068131,984.0681308830121,39.21060382916053,909,346,104,56
563c172d1fd3f1a051c73278,VisA,pcb4,source_fit,2,larger,13347,0.008902558109752193,2333.752193122879,98.78260869565217,265,400,121,213
563c172d1fd3f1a051c73278,VisA,pcb4,source_fit,3,tiny_compact,166,0.00011072335702546371,29.02546370408316,8.671575846833578,392,428,23,17
563c172d1fd3f1a051c73278,VisA,pcb4,source_fit,4,thin_or_extended_small_area,1025,0.0006836833792234957,179.22349576316407,32.047128129602356,336,572,85,38
b253c99dac508bb4f47a228a,VisA,pcb4,source_fit,1,tiny_compact,3,2.001024524556573e-06,0.5245565729653583,1.1310751104565537,1038,257,3,2
b253c99dac508bb4f47a228a,VisA,pcb4,source_fit,2,tiny_compact,1,6.67008174852191e-07,0.17485219098845275,0.463768115942029,1055,257,1,1
b253c99dac508bb4f47a228a,VisA,pcb4,source_fit,3,tiny_compact,1,6.67008174852191e-07,0.17485219098845275,0.463768115942029,1057,256,1,1
b253c99dac508bb4f47a228a,VisA,pcb4,source_fit,4,tiny_compact,12,8.004098098226292e-06,2.098226291861433,4.524300441826215,1042,258,12,1
b253c99dac508bb4f47a228a,VisA,pcb4,source_fit,5,tiny_compact,5,3.335040874260955e-06,0.8742609549422637,2.318840579710145,1035,261,3,5
b253c99dac508bb4f47a228a,VisA,pcb4,source_fit,6,tiny_compact,3,2.001024524556573e-06,0.5245565729653583,1.391304347826087,1033,267,2,3
b253c99dac508bb4f47a228a,VisA,pcb4,source_fit,7,tiny_compact,3,2.001024524556573e-06,0.5245565729653583,1.391304347826087,1029,270,3,3
b253c99dac508bb4f47a228a,VisA,pcb4,source_fit,8,tiny_compact,1,6.67008174852191e-07,0.17485219098845275,0.463768115942029,1026,275,1,1
b253c99dac508bb4f47a228a,VisA,pcb4,source_fit,9,larger,7044,0.004698405583658833,1231.6588333226612,58.43478260869565,668,525,74,126
37f5bc28dd23597ed6ab1e0b,VisA,pcb4,source_fit,1,larger,6865,0.004579011120360291,1200.3602911357282,43.734904270986746,915,339,116,67
37f5bc28dd23597ed6ab1e0b,VisA,pcb4,source_fit,2,larger,16553,0.011040986318328318,2894.3283174318585,108.98550724637681,289,404,165,235
37f5bc28dd23597ed6ab1e0b,VisA,pcb4,source_fit,3,thin_or_extended_small_area,1326,0.0008844528398540052,231.85400525068835,94.14492753623189,272,416,18,203
37f5bc28dd23597ed6ab1e0b,VisA,pcb4,source_fit,4,tiny_compact,102,6.803483383492348e-05,17.83492348082218,5.101449275362318,346,452,12,11
37f5bc28dd23597ed6ab1e0b,VisA,pcb4,source_fit,5,tiny_compact,101,6.736782566007129e-05,17.660071289833727,5.101449275362318,335,468,12,11
37f5bc28dd23597ed6ab1e0b,VisA,pcb4,source_fit,6,tiny_compact,103,6.870184200977567e-05,18.009775671810633,5.101449275362318,346,482,11,11
37f5bc28dd23597ed6ab1e0b,VisA,pcb4,source_fit,7,tiny_compact,456,0.0003041557277325991,79.73259909073445,28.753623188405797,283,487,12,62
37f5bc28dd23597ed6ab1e0b,VisA,pcb4,source_fit,8,tiny_compact,99,6.60338093103669e-05,17.31036690785682,5.101449275362318,317,486,11,11
37f5bc28dd23597ed6ab1e0b,VisA,pcb4,source_fit,9,tiny_compact,103,6.870184200977567e-05,18.009775671810633,5.101449275362318,316,541,12,11
8ed7bbc72b2275a95c7a18f6,VisA,pcb4,source_fit,1,larger,5281,0.0035224701713944206,923.394420610019,48.69565217391305,640,287,53,105
8ed7bbc72b2275a95c7a18f6,VisA,pcb4,source_fit,2,larger,36234,0.02416837420759429,6335.594288275597,114.08695652173913,269,378,190,246
8ed7bbc72b2275a95c7a18f6,VisA,pcb4,source_fit,3,larger,5884,0.003924676100830291,1028.830291776056,51.01449275362319,642,518,62,110
4e0d26e1684570372c9ff29d,VisA,pcb4,source_fit,1,larger,39729,0.026499567778702694,6946.702695780239,102.02898550724638,225,361,196,220
c5a5497d8136faa6b62d321c,VisA,pcb4,source_fit,1,larger,6595,0.0043989189131501995,1153.150199568846,51.47826086956522,791,249,65,111
c5a5497d8136faa6b62d321c,VisA,pcb4,source_fit,2,larger,5981,0.003989375893790954,1045.790954301936,49.15942028985507,878,259,61,106
0526d987ae6faeb2ac46b9cc,VisA,pcb4,source_fit,1,larger,6969,0.004648379970544919,1218.5449189985272,54.26086956521739,598,431,62,117
7bae5855faac0d2cdea685c1,VisA,pcb4,source_fit,1,larger,7067,0.0047137467716804335,1235.6804337153956,55.18840579710145,675,293,71,119
7bae5855faac0d2cdea685c1,VisA,pcb4,source_fit,2,larger,21653,0.014442728010074492,3786.0744914729676,102.4927536231884,308,390,179,221
d2c8cb6cdfcad1fe3b1f8dff,VisA,pcb4,source_fit,1,larger,5308,0.0035404793921154296,928.1154297667072,47.768115942028984,591,469,54,103
238d45a7dd220fd6070bce30,VisA,pcb4,source_fit,1,larger,5832,0.003889991675737978,1019.7379778446565,52.869565217391305,561,464,58,114
b80f07883522b9d821bd85bb,VisA,pcb4,source_fit,1,larger,5837,0.0038933267166122386,1020.6122387995987,47.768115942028984,969,486,58,103
b80f07883522b9d821bd85bb,VisA,pcb4,source_fit,2,larger,17703,0.011808045719408336,3095.408337068579,60.3240058910162,777,535,160,127
4b8d2b38330fa5942f9509a6,VisA,pcb4,source_fit,1,larger,5609,0.0037412488527459394,980.7459392542315,48.231884057971016,895,248,57,104
5a4ebea6d6c6dcc23d694629,VisA,pcb4,source_fit,1,larger,20174,0.013456222919468101,3527.468101001046,90.43478260869566,334,360,158,195
5a4ebea6d6c6dcc23d694629,VisA,pcb4,source_fit,2,thin_or_extended_small_area,1476,0.000984504066081834,258.0818338989563,95.07246376811594,305,375,23,205
5a4ebea6d6c6dcc23d694629,VisA,pcb4,source_fit,3,larger,6010,0.004008719130861668,1050.861667840601,50.08695652173913,984,480,60,108
5a4ebea6d6c6dcc23d694629,VisA,pcb4,source_fit,4,tiny_compact,329,0.00021944568952637084,57.52637083520096,16.695652173913043,472,561,11,36
5a4ebea6d6c6dcc23d694629,VisA,pcb4,source_fit,5,larger,2210,0.001474088066423342,386.42334208448057,38.833578792341676,339,565,103,32
c643255e8f0cfd6ae1af7537,VisA,pcb4,source_fit,1,larger,6261,0.0041761381827495675,1094.7495677787026,55.18840579710145,847,350,65,119
c643255e8f0cfd6ae1af7537,VisA,pcb4,source_fit,2,larger,22876,0.015258479007918721,3999.9187210518453,103.42028985507247,287,394,181,223
c643255e8f0cfd6ae1af7537,VisA,pcb4,source_fit,3,tiny_compact,2,1.334016349704382e-06,0.3497043819769055,0.927536231884058,330,493,1,2
5000d4717291375122bf2493,VisA,pcb4,source_fit,1,larger,5639,0.003761259097991505,985.9915049838851,39.58762886597938,518,691,105,60
aa388c0b54898cd2df16d788,VisA,pipe_fryum,source_validation,1,larger,2781,0.001853752832955606,485.95018264231436,35.493934142114384,781,555,47,80
702485fb6d28c085f95458f5,VisA,pipe_fryum,source_validation,1,tiny_compact,1315,0.0008765497933608852,229.7822690307959,22.055384615384614,737,726,56,36
702485fb6d28c085f95458f5,VisA,pipe_fryum,source_validation,2,tiny_compact,353,0.0002353019597387015,61.68299693374217,11.815384615384616,729,762,30,18
24988ee82878247416514fff,VisA,pipe_fryum,source_validation,1,tiny_compact,318,0.00021197173710171978,55.56711905079323,9.058461538461538,441,493,23,19
24988ee82878247416514fff,VisA,pipe_fryum,source_validation,2,larger,2641,0.001760431942407679,461.4866711105186,29.7261698440208,421,514,56,67
733e12e6f055dfbc969c7ae4,VisA,pipe_fryum,source_validation,1,larger,3392,0.0022610318624183444,592.7159365417945,40.17230769230769,636,626,102,55
4ee40b105c9abce2b17b343a,VisA,pipe_fryum,source_validation,1,tiny_compact,614,0.0004092787628316225,107.28997200373284,14.572307692307692,525,637,37,23
4ee40b105c9abce2b17b343a,VisA,pipe_fryum,source_validation,2,tiny_compact,39,2.5996533795493934e-05,6.814835355285962,3.1507692307692308,464,645,8,6
4ee40b105c9abce2b17b343a,VisA,pipe_fryum,source_validation,3,larger,3777,0.0025176643114251432,659.9905932542327,42.535384615384615,438,662,108,68
cf45fb37af36b9cb2e036161,VisA,pipe_fryum,source_validation,1,tiny_compact,19,1.2664978002932943e-05,3.3200479936008533,2.218370883882149,545,596,5,5
cf45fb37af36b9cb2e036161,VisA,pipe_fryum,source_validation,2,larger,3048,0.002031729102786295,532.6055939208105,38.99076923076923,511,633,99,63
cf45fb37af36b9cb2e036161,VisA,pipe_fryum,source_validation,3,tiny_compact,42,2.799626716437808e-05,7.339053459538728,3.9384615384615387,484,662,10,6
9c7c483bee80475cb9be16b7,VisA,pipe_fryum,source_validation,1,tiny_compact,36,2.3996800426609784e-05,6.290617251033195,3.1507692307692308,533,494,8,6
9c7c483bee80475cb9be16b7,VisA,pipe_fryum,source_validation,2,tiny_compact,402,0.00026796427143047595,70.24522596987069,15.528596187175044,523,628,29,35
9c7c483bee80475cb9be16b7,VisA,pipe_fryum,source_validation,3,larger,2681,0.001787095053992801,468.4762458338888,39.487001733102254,415,637,42,89
9c7c483bee80475cb9be16b7,VisA,pipe_fryum,source_validation,4,tiny_compact,14,9.332089054792694e-06,2.446351153179576,2.662045060658579,471,690,5,6
9c7c483bee80475cb9be16b7,VisA,pipe_fryum,source_validation,5,tiny_compact,2,1.3331555792560993e-06,0.3494787361685109,0.8873483535528596,481,693,1,2
9c7c483bee80475cb9be16b7,VisA,pipe_fryum,source_validation,6,tiny_compact,64,4.2660978536195176e-05,11.183319557392348,5.907692307692308,465,697,15,10
f9991632fc5297445556de43,VisA,pipe_fryum,source_validation,1,tiny_compact,1305,0.0008698840154646048,228.03487534995335,30.16984402079723,397,501,28,68
85aa351ddd6bf045da1da401,VisA,pipe_fryum,source_validation,1,larger,3678,0.0024516731102519665,642.6913958138915,47.47313691507799,430,573,67,107
0449c1a215feb95ea376c73c,VisA,pipe_fryum,source_validation,1,larger,2251,0.0015004666044527396,393.33831755765897,35.493934142114384,528,439,50,80
99bf917f1d6959dd4bcb317d,VisA,pipe_fryum,source_validation,1,tiny_compact,1290,0.000859885348620184,225.4137848286895,25.73310225303293,488,599,40,58
99bf917f1d6959dd4bcb317d,VisA,pipe_fryum,source_validation,2,tiny_compact,12,7.998933475536595e-06,2.096872417011065,1.7746967071057191,519,600,4,4
99bf917f1d6959dd4bcb317d,VisA,pipe_fryum,source_validation,3,tiny_compact,5,3.332888948140248e-06,0.8736968404212772,1.7746967071057191,530,637,3,4
99bf917f1d6959dd4bcb317d,VisA,pipe_fryum,source_validation,4,tiny_compact,285,0.00018997467004399415,49.8007199040128,9.058461538461538,494,665,23,19
99bf917f1d6959dd4bcb317d,VisA,pipe_fryum,source_validation,5,tiny_compact,1,6.665777896280496e-07,0.17473936808425544,0.4436741767764298,483,681,1,1
99bf917f1d6959dd4bcb317d,VisA,pipe_fryum,source_validation,6,tiny_compact,4,2.6663111585121985e-06,0.6989574723370218,1.5753846153846154,485,682,4,1
92c8db57341a024a86d2b692,VisA,pipe_fryum,source_validation,1,tiny_compact,1026,0.0006839088121583789,179.28259165444607,26.78153846153846,712,409,68,28
92c8db57341a024a86d2b692,VisA,pipe_fryum,source_validation,2,larger,3031,0.0020203972803626183,529.6350246633782,44.36741767764298,669,411,57,100
92c8db57341a024a86d2b692,VisA,pipe_fryum,source_validation,3,larger,2405,0.0016031195840554592,420.2481802426343,30.613518197573658,667,525,54,69
7eb01c3335029e91e2ce4985,VisA,pipe_fryum,source_validation,1,tiny_compact,638,0.00042527662978269565,111.48371683775497,12.866551126516464,758,523,29,29
7eb01c3335029e91e2ce4985,VisA,pipe_fryum,source_validation,2,larger,2209,0.0014724703372883615,385.99926409812025,35.93760831889082,711,561,70,81
ddddf6167e2d1efb8ae176af,VisA,pipe_fryum,source_validation,1,larger,3098,0.0020650579922676976,541.3425623250233,55.45927209705373,436,504,57,125
ddddf6167e2d1efb8ae176af,VisA,pipe_fryum,source_validation,2,tiny_compact,20,1.3331555792560992e-05,3.4947873616851086,2.3630769230769233,433,521,6,5
ddddf6167e2d1efb8ae176af,VisA,pipe_fryum,source_validation,3,tiny_compact,67,4.466071190507932e-05,11.707537661645114,4.436741767764298,384,570,10,10
9d5222b6e52561ea7d059cfd,VisA,pipe_fryum,source_validation,1,larger,3757,0.0025043327556325823,656.4958058925477,33.47692307692308,598,636,85,73
9fef093da9744935a3718f38,VisA,pipe_fryum,source_validation,1,larger,4228,0.002818290894547394,738.798048260232,51.02253032928943,832,403,51,115
6c59c63705e5998b15f24bd7,VisA,pipe_fryum,source_validation,1,larger,1539,0.0010258632182375683,268.9238874816691,31.500866551126517,880,581,33,71
81ee1534cf0fac2ff1f581ee,VisA,pipe_fryum,source_validation,1,thin_or_extended_small_area,771,0.0005139314758032263,134.72405279296095,37.712305025996535,386,480,13,85
1f768d6f038138aeb90761ef,VisA,pipe_fryum,source_validation,1,thin_or_extended_small_area,1333,0.0008885481935741901,232.92757765631248,38.599653379549395,368,494,26,87
d5fc2b3e86237af915b953c8,VisA,pipe_fryum,source_validation,1,larger,7551,0.005033328889481403,1319.4569684042128,59.008665511265164,794,408,107,133
d432ab3933e2a8e67264beef,VisA,pipe_fryum,source_validation,1,thin_or_extended_small_area,787,0.000524596720437275,137.51988268230903,33.719237435008665,339,437,16,76
af4ba14f7bbdb808da54580e,VisA,pipe_fryum,source_validation,1,tiny_compact,1379,0.0009192107718970804,240.96558858818824,29.7261698440208,356,580,36,67
be75f9f76ad7cd0b167fc750,VisA,pipe_fryum,source_validation,1,larger,2316,0.0015437941607785628,404.69637648313557,43.03639514731369,858,622,39,97
be75f9f76ad7cd0b167fc750,VisA,pipe_fryum,source_validation,2,tiny_compact,1,6.665777896280496e-07,0.17473936808425544,0.4436741767764298,894,720,1,1
44303df434a9f4b33a7a6654,VisA,pipe_fryum,source_validation,1,larger,5557,0.0037041727769630715,971.0266684442074,79.41767764298093,346,543,64,179
eaabd5c8c55e835bed64407e,VisA,pipe_fryum,source_validation,1,thin_or_extended_small_area,1489,0.000992534328756166,260.18691907745637,41.705372616984405,412,629,26,94
ba0c8a426ec24b0bd3b22f26,VisA,pipe_fryum,source_validation,1,larger,2131,0.0014204772696973737,372.3695933875483,45.25476603119584,380,566,35,102
cb3e29917e9f7b99822d2813,VisA,pipe_fryum,source_validation,1,larger,9036,0.006023196907079056,1578.944930009332,48.360485268630846,367,397,115,109
cb3e29917e9f7b99822d2813,VisA,pipe_fryum,source_validation,2,thin_or_extended_small_area,1310,0.000873216904412745,228.90857219037463,39.04332755632582,814,568,25,88
bf73f2ad1ca1f8a863c4c74e,VisA,pipe_fryum,source_validation,1,larger,2692,0.0017944274096787095,470.3983788828156,38.15597920277296,890,633,47,86
8fdc0decf27dd16474875aee,VisA,pipe_fryum,source_validation,1,larger,2336,0.0015571257165711238,408.19116384482066,36.824956672443676,386,481,52,83
8fdc0decf27dd16474875aee,VisA,pipe_fryum,source_validation,2,larger,1747,0.0011645113984802026,305.26967604319424,36.824956672443676,851,551,34,83
6d97b059a95c16c2ec2f72b8,VisA,pipe_fryum,source_validation,1,larger,6236,0.004156779096120517,1089.6746993734168,51.02253032928943,370,415,89,115
3bd90d4365f1e8cd9f5a7f7c,VisA,pipe_fryum,source_validation,1,tiny_compact,325,0.0002166377816291161,56.79029462738301,9.317157712305026,695,581,22,21
71d17a00bca4cf9fd77446b8,VisA,pipe_fryum,source_validation,1,tiny_compact,44,2.9329422743634183e-05,7.688532195707239,4.332307692307692,477,430,11,6
71d17a00bca4cf9fd77446b8,VisA,pipe_fryum,source_validation,2,tiny_compact,5,3.332888948140248e-06,0.8736968404212772,1.1815384615384616,459,432,3,2
71d17a00bca4cf9fd77446b8,VisA,pipe_fryum,source_validation,3,tiny_compact,324,0.00021597120383948806,56.61555525929876,10.24,608,547,26,21
71d17a00bca4cf9fd77446b8,VisA,pipe_fryum,source_validation,4,tiny_compact,7,4.666044527396347e-06,1.223175576589788,1.9692307692307693,672,673,5,2
71d17a00bca4cf9fd77446b8,VisA,pipe_fryum,source_validation,5,tiny_compact,20,1.3331555792560992e-05,3.4947873616851086,3.1507692307692308,658,727,8,3
0c4d03db8dfde3f3032d7099,VisA,pipe_fryum,source_validation,1,tiny_compact,332,0.00022130382615651246,58.0134702039728,10.24,788,502,26,17
0c4d03db8dfde3f3032d7099,VisA,pipe_fryum,source_validation,2,tiny_compact,278,0.0001853086255165978,48.57754432742301,10.648180242634316,367,536,17,24
4b32ad4ec07b6614e21c6852,VisA,pipe_fryum,source_validation,1,tiny_compact,367,0.0002446340487934942,64.12934808692174,12.866551126516464,852,521,21,29
c258d3a75fc25eb2c47648af,VisA,pipe_fryum,source_validation,1,tiny_compact,301,0.00020063991467804293,52.596549793360886,8.664615384615384,832,476,22,19
48d85fa3550ce0d7862dfb05,VisA,pipe_fryum,source_validation,1,tiny_compact,173,0.00011531795760565258,30.22991067857619,7.0892307692307694,810,535,18,13
48d85fa3550ce0d7862dfb05,VisA,pipe_fryum,source_validation,2,tiny_compact,201,0.00013398213571523798,35.122612984935344,8.664615384615384,726,693,22,13
b84f34cda76ef08ff8e99f51,VisA,pipe_fryum,source_validation,1,tiny_compact,286,0.0001906412478336222,49.975459272097055,9.452307692307693,777,564,24,17
b84f34cda76ef08ff8e99f51,VisA,pipe_fryum,source_validation,2,tiny_compact,202,0.00013464871350486602,35.2973523530196,10.24,543,702,26,12
6d936d7f701b0448f20b8956,VisA,pipe_fryum,source_validation,1,tiny_compact,290,0.00019330755899213438,50.674416744434076,8.27076923076923,608,477,21,18
e021418646356481c77b8613,VisA,pipe_fryum,source_validation,1,tiny_compact,196,0.0001306492467670977,34.24891614451406,8.429809358752166,425,564,16,19
e021418646356481c77b8613,VisA,pipe_fryum,source_validation,2,tiny_compact,405,0.0002699640047993601,70.76944407412346,9.760831889081455,871,690,23,22
bfb6d7405f02d93d1ad109f5,VisA,pipe_fryum,source_validation,1,tiny_compact,246,0.0001639781362485002,42.98588454872684,7.542461005199307,458,525,18,17
3faee577018566a57ee7dc85,VisA,pipe_fryum,source_validation,1,larger,5690,0.003792827622983602,994.2670043994134,62.22769230769231,480,504,158,105
3faee577018566a57ee7dc85,VisA,pipe_fryum,source_validation,2,tiny_compact,4,2.6663111585121985e-06,0.6989574723370218,1.1815384615384616,704,517,3,2
3faee577018566a57ee7dc85,VisA,pipe_fryum,source_validation,3,tiny_compact,74,4.932675643247567e-05,12.930713238234903,17.723076923076924,639,520,45,9
3faee577018566a57ee7dc85,VisA,pipe_fryum,source_validation,4,tiny_compact,90,5.9992001066524464e-05,15.726543127582989,20.873846153846152,449,582,53,18
3faee577018566a57ee7dc85,VisA,pipe_fryum,source_validation,5,tiny_compact,64,4.2660978536195176e-05,11.183319557392348,14.178461538461539,552,592,36,20
e1b7deab408eee537147a175,VisA,pipe_fryum,source_validation,1,larger,9061,0.006039861351819757,1583.3134142114384,203.2246153846154,339,543,516,146
95da451e4152cd14590a84de,VisA,pipe_fryum,source_validation,1,thin_or_extended_small_area,137,9.13211571790428e-05,23.939293427542996,41.747692307692304,647,484,106,39
95da451e4152cd14590a84de,VisA,pipe_fryum,source_validation,2,larger,3880,0.002586321823756832,677.988748166911,42.92923076923077,538,514,109,57
4422f862d41ba0d8e8992654,VisA,pipe_fryum,source_validation,1,tiny_compact,993,0.0006619117451006532,173.51619250766564,18.904615384615386,557,526,48,36
4422f862d41ba0d8e8992654,VisA,pipe_fryum,source_validation,2,thin_or_extended_small_area,345,0.0002299693374216771,60.285081989068125,48.360485268630846,471,540,110,109
4422f862d41ba0d8e8992654,VisA,pipe_fryum,source_validation,3,thin_or_extended_small_area,215,0.00014331422477003068,37.56896413811492,40.17230769230769,599,571,102,55
de0ea409166c9b6a3023fdcd,VisA,pipe_fryum,source_validation,1,larger,6180,0.004119450739901346,1079.8892947606985,188.6523076923077,386,509,479,169
1a8ba50ac8a59956b346085d,VisA,pipe_fryum,source_validation,1,larger,4168,0.0027782962271697105,728.3136861751766,100.43076923076923,543,529,255,48
1a8ba50ac8a59956b346085d,VisA,pipe_fryum,source_validation,2,tiny_compact,212,0.00014131449140114652,37.044746033862154,17.32923076923077,590,543,44,9
1a8ba50ac8a59956b346085d,VisA,pipe_fryum,source_validation,3,larger,10852,0.007233702173043594,1896.27162245034,158.72,470,555,403,111
1a8ba50ac8a59956b346085d,VisA,pipe_fryum,source_validation,4,tiny_compact,37,2.4663378216237836e-05,6.465356619117451,14.178461538461539,830,607,36,2
1a8ba50ac8a59956b346085d,VisA,pipe_fryum,source_validation,5,tiny_compact,21,1.399813358218904e-05,3.669526729769364,8.27076923076923,881,607,21,1
1a8ba50ac8a59956b346085d,VisA,pipe_fryum,source_validation,6,tiny_compact,5,3.332888948140248e-06,0.8736968404212772,1.9692307692307693,875,608,5,1
1a8ba50ac8a59956b346085d,VisA,pipe_fryum,source_validation,7,tiny_compact,10,6.665777896280496e-06,1.7473936808425543,3.9384615384615387,903,608,10,1
1a8ba50ac8a59956b346085d,VisA,pipe_fryum,source_validation,8,tiny_compact,8,5.332622317024397e-06,1.3979149446740435,2.3630769230769233,398,613,6,2
1a8ba50ac8a59956b346085d,VisA,pipe_fryum,source_validation,9,tiny_compact,6,3.999466737768297e-06,1.0484362085055325,2.3630769230769233,405,615,6,1
1a8ba50ac8a59956b346085d,VisA,pipe_fryum,source_validation,10,tiny_compact,10,6.665777896280496e-06,1.7473936808425543,3.9384615384615387,412,616,10,2
1a8ba50ac8a59956b346085d,VisA,pipe_fryum,source_validation,11,tiny_compact,10,6.665777896280496e-06,1.7473936808425543,3.5446153846153847,423,618,9,2
1a8ba50ac8a59956b346085d,VisA,pipe_fryum,source_validation,12,tiny_compact,5,3.332888948140248e-06,0.8736968404212772,1.9692307692307693,436,620,5,1
1a8ba50ac8a59956b346085d,VisA,pipe_fryum,source_validation,13,tiny_compact,5,3.332888948140248e-06,0.8736968404212772,1.9692307692307693,444,621,5,1
1a8ba50ac8a59956b346085d,VisA,pipe_fryum,source_validation,14,tiny_compact,5,3.332888948140248e-06,0.8736968404212772,1.9692307692307693,522,621,5,1
1a8ba50ac8a59956b346085d,VisA,pipe_fryum,source_validation,15,tiny_compact,20,1.3331555792560992e-05,3.4947873616851086,7.876923076923077,531,620,20,1
1a8ba50ac8a59956b346085d,VisA,pipe_fryum,source_validation,16,tiny_compact,23,1.533128916144514e-05,4.019005465937875,8.664615384615384,451,622,22,2
1a8ba50ac8a59956b346085d,VisA,pipe_fryum,source_validation,17,tiny_compact,25,1.666444474070124e-05,4.368484202106385,9.846153846153847,496,622,25,2
1a8ba50ac8a59956b346085d,VisA,pipe_fryum,source_validation,18,tiny_compact,39,2.5996533795493934e-05,6.814835355285962,11.027692307692307,552,637,28,14
1a8ba50ac8a59956b346085d,VisA,pipe_fryum,source_validation,19,tiny_compact,3,1.9997333688841487e-06,0.5242181042527663,1.1815384615384616,548,647,3,2
1a8ba50ac8a59956b346085d,VisA,pipe_fryum,source_validation,20,tiny_compact,4,2.6663111585121985e-06,0.6989574723370218,1.5753846153846154,543,649,4,3
1a8ba50ac8a59956b346085d,VisA,pipe_fryum,source_validation,21,tiny_compact,13,8.665511265164645e-06,2.271611785095321,5.324090121317158,580,652,10,12
1a8ba50ac8a59956b346085d,VisA,pipe_fryum,source_validation,22,tiny_compact,81,5.3992800959872016e-05,14.15388881482469,8.27076923076923,733,654,21,13
1a8ba50ac8a59956b346085d,VisA,pipe_fryum,source_validation,23,tiny_compact,91,6.065857885615251e-05,15.901282495667244,14.178461538461539,801,654,36,12
1a8ba50ac8a59956b346085d,VisA,pipe_fryum,source_validation,24,tiny_compact,13,8.665511265164645e-06,2.271611785095321,2.3630769230769233,753,658,6,4
1a8ba50ac8a59956b346085d,VisA,pipe_fryum,source_validation,25,tiny_compact,42,2.799626716437808e-05,7.339053459538728,6.3015384615384615,787,661,16,3
1a8ba50ac8a59956b346085d,VisA,pipe_fryum,source_validation,26,tiny_compact,32,2.1330489268097588e-05,5.591659778696174,3.9384615384615387,757,663,10,7
1a8ba50ac8a59956b346085d,VisA,pipe_fryum,source_validation,27,tiny_compact,10,6.665777896280496e-06,1.7473936808425543,4.436741767764298,640,667,7,10
1a8ba50ac8a59956b346085d,VisA,pipe_fryum,source_validation,28,tiny_compact,158,0.00010531929076123184,27.60882015731236,10.648180242634316,754,669,12,24
1a8ba50ac8a59956b346085d,VisA,pipe_fryum,source_validation,29,tiny_compact,113,7.53232902279696e-05,19.745548593520862,12.996923076923077,858,668,33,11
1a8ba50ac8a59956b346085d,VisA,pipe_fryum,source_validation,30,tiny_compact,78,5.199306759098787e-05,13.629670710571924,6.655112651646447,814,674,10,15
1a8ba50ac8a59956b346085d,VisA,pipe_fryum,source_validation,31,tiny_compact,2,1.3331555792560993e-06,0.3494787361685109,0.7876923076923077,638,678,2,1
1a8ba50ac8a59956b346085d,VisA,pipe_fryum,source_validation,32,tiny_compact,11,7.332355685908546e-06,1.9221330489268098,4.436741767764298,634,680,4,10
1a8ba50ac8a59956b346085d,VisA,pipe_fryum,source_validation,33,tiny_compact,2,1.3331555792560993e-06,0.3494787361685109,0.8873483535528596,633,692,1,2
1a8ba50ac8a59956b346085d,VisA,pipe_fryum,source_validation,34,tiny_compact,7,4.666044527396347e-06,1.223175576589788,3.1057192374350087,633,695,1,7
1a8ba50ac8a59956b346085d,VisA,pipe_fryum,source_validation,35,tiny_compact,24,1.599786695107319e-05,4.19374483402213,9.760831889081455,633,703,3,22
1a8ba50ac8a59956b346085d,VisA,pipe_fryum,source_validation,36,tiny_compact,3,1.9997333688841487e-06,0.5242181042527663,1.3310225303292895,631,726,2,3
d779115fd6d4617d2a54b54a,VisA,pipe_fryum,source_validation,1,larger,7567,0.005043994134115451,1322.2527982935608,185.50153846153847,371,421,471,206
2b2db9e826f5daf3cb3071ea,VisA,pipe_fryum,source_validation,1,larger,4482,0.0029876016531129182,783.1818477536328,172.11076923076922,468,497,437,92
2b2db9e826f5daf3cb3071ea,VisA,pipe_fryum,source_validation,2,tiny_compact,1,6.665777896280496e-07,0.17473936808425544,0.4436741767764298,415,541,1,1
2b2db9e826f5daf3cb3071ea,VisA,pipe_fryum,source_validation,3,tiny_compact,53,3.532862285028663e-05,9.261186508465538,18.116923076923076,419,542,46,3
c41e2548d6303abc53802db7,VisA,pipe_fryum,source_validation,1,larger,3220,0.00214638048260232,562.6607652313025,61.04615384615385,567,581,155,57
2b648c40bebad7995a5ad986,VisA,pipe_fryum,source_validation,1,tiny_compact,4,2.6663111585121985e-06,0.6989574723370218,1.3310225303292895,616,435,2,3
2b648c40bebad7995a5ad986,VisA,pipe_fryum,source_validation,2,tiny_compact,3,1.9997333688841487e-06,0.5242181042527663,1.3310225303292895,615,439,1,3
2b648c40bebad7995a5ad986,VisA,pipe_fryum,source_validation,3,tiny_compact,13,8.665511265164645e-06,2.271611785095321,5.324090121317158,611,443,4,12
2b648c40bebad7995a5ad986,VisA,pipe_fryum,source_validation,4,tiny_compact,3,1.9997333688841487e-06,0.5242181042527663,1.3310225303292895,610,456,1,3
2b648c40bebad7995a5ad986,VisA,pipe_fryum,source_validation,5,tiny_compact,4,2.6663111585121985e-06,0.6989574723370218,1.7746967071057191,608,461,2,4
2b648c40bebad7995a5ad986,VisA,pipe_fryum,source_validation,6,tiny_compact,3,1.9997333688841487e-06,0.5242181042527663,1.3310225303292895,607,466,1,3
2b648c40bebad7995a5ad986,VisA,pipe_fryum,source_validation,7,tiny_compact,19,1.2664978002932943e-05,3.3200479936008533,7.986135181975737,598,470,9,18
2b648c40bebad7995a5ad986,VisA,pipe_fryum,source_validation,8,tiny_compact,20,1.3331555792560992e-05,3.4947873616851086,5.907692307692308,529,481,15,2
2b648c40bebad7995a5ad986,VisA,pipe_fryum,source_validation,9,tiny_compact,8,5.332622317024397e-06,1.3979149446740435,3.1507692307692308,552,483,8,1
2b648c40bebad7995a5ad986,VisA,pipe_fryum,source_validation,10,tiny_compact,4,2.6663111585121985e-06,0.6989574723370218,1.5753846153846154,562,484,4,1
2b648c40bebad7995a5ad986,VisA,pipe_fryum,source_validation,11,tiny_compact,4,2.6663111585121985e-06,0.6989574723370218,1.5753846153846154,567,485,4,1
2b648c40bebad7995a5ad986,VisA,pipe_fryum,source_validation,12,tiny_compact,21,1.399813358218904e-05,3.669526729769364,7.483076923076923,572,486,19,9
2b648c40bebad7995a5ad986,VisA,pipe_fryum,source_validation,13,tiny_compact,3,1.9997333688841487e-06,0.5242181042527663,1.3310225303292895,597,489,1,3
2b648c40bebad7995a5ad986,VisA,pipe_fryum,source_validation,14,tiny_compact,12,7.998933475536595e-06,2.096872417011065,3.9930675909878683,594,493,3,9
2b648c40bebad7995a5ad986,VisA,pipe_fryum,source_validation,15,tiny_compact,27,1.799760031995734e-05,4.717962938274897,11.979202772963605,595,508,2,27
2b648c40bebad7995a5ad986,VisA,pipe_fryum,source_validation,16,larger,6223,0.004148113584855353,1087.4030875883216,49.62461538461538,469,524,126,86
2b648c40bebad7995a5ad986,VisA,pipe_fryum,source_validation,17,tiny_compact,3,1.9997333688841487e-06,0.5242181042527663,1.3310225303292895,597,537,1,3
2b648c40bebad7995a5ad986,VisA,pipe_fryum,source_validation,18,tiny_compact,2,1.3331555792560993e-06,0.3494787361685109,0.8873483535528596,596,545,1,2
2b648c40bebad7995a5ad986,VisA,pipe_fryum,source_validation,19,tiny_compact,36,2.3996800426609784e-05,6.290617251033195,15.084922010398614,595,548,2,34
2b648c40bebad7995a5ad986,VisA,pipe_fryum,source_validation,20,tiny_compact,24,1.599786695107319e-05,4.19374483402213,9.452307692307693,409,581,24,1
2b648c40bebad7995a5ad986,VisA,pipe_fryum,source_validation,21,tiny_compact,17,1.1331822423676843e-05,2.9705692574323423,6.695384615384615,434,582,17,1
2b648c40bebad7995a5ad986,VisA,pipe_fryum,source_validation,22,tiny_compact,14,9.332089054792694e-06,2.446351153179576,5.513846153846154,452,583,14,2
2b648c40bebad7995a5ad986,VisA,pipe_fryum,source_validation,23,thin_or_extended_small_area,381,0.0002539661378482869,66.57569924010132,77.58769230769231,599,585,197,119
62119a98c3d5576e86d6a789,VisA,pipe_fryum,source_validation,1,tiny_compact,724,0.00048260231969070793,126.51130249300094,14.197573656845753,471,620,32,32
8ed6c90ae60347ba4c72a07a,VisA,pipe_fryum,source_validation,1,tiny_compact,552,0.00036795093987468337,96.456131182509,11.815384615384616,728,661,30,24
0b7d763512126c93322f8af2,VisA,pipe_fryum,source_validation,1,tiny_compact,775,0.0005165977869617384,135.42301026529796,15.084922010398614,666,555,32,34
c39c7f23ba46526d4f88e6d7,VisA,pipe_fryum,source_validation,1,tiny_compact,712,0.0004746033862151713,124.41443007598987,13.310225303292894,852,696,31,30
dd75a67f4915e33534943c10,VisA,pipe_fryum,source_validation,1,tiny_compact,665,0.000443274230102653,116.20167977602986,16.859618717504333,551,646,25,38
e1287049e1c0516f22255bc4,VisA,pipe_fryum,source_validation,1,tiny_compact,595,0.0003966137848286895,103.96992401013198,15.972270363951473,850,576,22,36
057a07d881ec15a46279132e,VisA,pipe_fryum,source_validation,1,tiny_compact,880,0.0005865884548726837,153.77064391414478,14.572307692307692,348,668,37,32
bdb30dc88493807718e7d1f6,VisA,pipe_fryum,source_validation,1,tiny_compact,673,0.00044860685241967737,117.5995947207039,15.972270363951473,798,502,26,36
fd5e2c989bb909c18fe9c77c,VisA,pipe_fryum,source_validation,1,tiny_compact,640,0.00042660978536195174,111.83319557392348,13.784615384615385,727,654,35,23
57bb6a0476ceb3509b91b43d,VisA,pipe_fryum,source_validation,1,tiny_compact,678,0.0004519397413678176,118.47329156112518,12.996923076923077,390,634,33,29
57bb6a0476ceb3509b91b43d,VisA,pipe_fryum,source_validation,2,tiny_compact,2,1.3331555792560993e-06,0.3494787361685109,0.7876923076923077,516,665,2,1
57bb6a0476ceb3509b91b43d,VisA,pipe_fryum,source_validation,3,tiny_compact,2,1.3331555792560993e-06,0.3494787361685109,0.8873483535528596,509,679,1,2
57bb6a0476ceb3509b91b43d,VisA,pipe_fryum,source_validation,4,tiny_compact,3,1.9997333688841487e-06,0.5242181042527663,1.1815384615384616,525,683,3,1
e0ddc332cd9e88be32f13168,VisA,pipe_fryum,source_validation,1,tiny_compact,840,0.0005599253432875616,146.78106919077456,15.528596187175044,530,569,35,35
771d685ed94af1f169c48a71,VisA,pipe_fryum,source_validation,1,tiny_compact,585,0.000389948006932409,102.22253032928943,12.422876949740035,642,583,29,28
496a39db40d0871f481f064c,VisA,pipe_fryum,source_validation,1,tiny_compact,537,0.00035795227303026266,93.83504066124517,12.20923076923077,441,644,31,26
a4f0decdaeb9a8df57c1a327,VisA,pipe_fryum,source_validation,1,tiny_compact,460,0.00030662578322890284,80.3801093187575,12.603076923076923,403,491,32,20
901934e119123ecb36d9f0e3,VisA,pipe_fryum,source_validation,1,tiny_compact,686,0.000457272363684842,119.87120650579922,16.859618717504333,776,492,26,38
abc77e893b93053c28c53516,VisA,pipe_fryum,source_validation,1,tiny_compact,806,0.0005372616984402079,140.83993067590987,14.178461538461539,413,578,36,31
dad09c8a3db135aa0ab0ca8a,VisA,pipe_fryum,source_validation,1,tiny_compact,949,0.000632582322357019,165.8276603119584,15.36,747,602,39,33
af76920517b7bf9e84ca4933,VisA,pipe_fryum,source_validation,1,tiny_compact,612,0.00040794560725236634,106.94049326756432,12.603076923076923,727,531,32,27
af76920517b7bf9e84ca4933,VisA,pipe_fryum,source_validation,2,tiny_compact,455,0.00030329289428076254,79.50641247833622,11.091854419410746,569,637,26,25
360090d515946477b25a2eba,VisA,pipe_fryum,source_validation,1,tiny_compact,677,0.0004512731635781896,118.29855219304093,12.603076923076923,693,482,32,28
12ef41b8576c7c4e0df76fb2,VisA,pipe_fryum,source_validation,1,tiny_compact,681,0.00045393947473670176,118.99750966537795,12.996923076923077,689,655,33,29
9f5996b1113b389991f83b3b,VisA,pipe_fryum,source_validation,1,larger,1816,0.0012105052659645381,317.3266924410079,81.92,412,453,208,76
9f5996b1113b389991f83b3b,VisA,pipe_fryum,source_validation,2,tiny_compact,35,2.3330222636981735e-05,6.11587788294894,4.332307692307692,513,577,11,8
5b0010b9839800bf37045817,VisA,pipe_fryum,source_validation,1,tiny_compact,62,4.132782295693907e-05,10.833840821223836,8.27076923076923,614,413,21,10
5b0010b9839800bf37045817,VisA,pipe_fryum,source_validation,2,larger,5986,0.003990134648713505,1045.989857352353,81.92,637,414,208,143
5b0010b9839800bf37045817,VisA,pipe_fryum,source_validation,3,thin_or_extended_small_area,716,0.0004772696973736835,125.11338754832688,76.31195840554592,402,517,158,172
5b0010b9839800bf37045817,VisA,pipe_fryum,source_validation,4,tiny_compact,228,0.0001519797360351953,39.84057592321024,31.90153846153846,421,576,81,52
5b0010b9839800bf37045817,VisA,pipe_fryum,source_validation,5,tiny_compact,140,9.332089054792694e-05,24.46351153179576,25.73310225303293,495,627,50,58
5b0010b9839800bf37045817,VisA,pipe_fryum,source_validation,6,tiny_compact,16,1.0665244634048794e-05,2.795829889348087,3.1057192374350087,523,626,3,7
5b0010b9839800bf37045817,VisA,pipe_fryum,source_validation,7,tiny_compact,119,7.93227569657379e-05,20.793984802026397,26.620450606585788,495,633,49,60
5b0010b9839800bf37045817,VisA,pipe_fryum,source_validation,8,thin_or_extended_small_area,179,0.00011931742434342087,31.27834688708172,33.47692307692308,410,645,85,54
5b0010b9839800bf37045817,VisA,pipe_fryum,source_validation,9,tiny_compact,106,7.065724570057326e-05,18.522373016931077,18.19064124783362,439,647,46,41
5b0010b9839800bf37045817,VisA,pipe_fryum,source_validation,10,tiny_compact,35,2.3330222636981735e-05,6.11587788294894,7.0892307692307694,463,657,18,14
5b0010b9839800bf37045817,VisA,pipe_fryum,source_validation,11,tiny_compact,62,4.132782295693907e-05,10.833840821223836,11.027692307692307,415,671,28,18
5b0010b9839800bf37045817,VisA,pipe_fryum,source_validation,12,tiny_compact,12,7.998933475536595e-06,2.096872417011065,3.1507692307692308,482,672,8,4
5b0010b9839800bf37045817,VisA,pipe_fryum,source_validation,13,tiny_compact,109,7.26569790694574e-05,19.04659112118384,17.32923076923077,445,682,44,27
5b0010b9839800bf37045817,VisA,pipe_fryum,source_validation,14,tiny_compact,10,6.665777896280496e-06,1.7473936808425543,2.3630769230769233,499,682,6,4
5b0010b9839800bf37045817,VisA,pipe_fryum,source_validation,15,tiny_compact,29,1.9330755899213438e-05,5.067441674443407,3.5446153846153847,425,697,9,6
5b0010b9839800bf37045817,VisA,pipe_fryum,source_validation,16,tiny_compact,48,3.199573390214638e-05,8.38748966804426,10.633846153846154,495,698,27,14
5b0010b9839800bf37045817,VisA,pipe_fryum,source_validation,17,tiny_compact,40,2.6663111585121983e-05,6.989574723370217,3.5446153846153847,474,709,9,7
5b0010b9839800bf37045817,VisA,pipe_fryum,source_validation,18,tiny_compact,52,3.466204506065858e-05,9.086447140381283,4.436741767764298,515,713,9,10
7a5bf53731e0a9a669ef7889,VisA,pipe_fryum,source_validation,1,larger,3931,0.002620317291027863,686.9004559392081,84.67692307692307,370,572,215,119
7a5bf53731e0a9a669ef7889,VisA,pipe_fryum,source_validation,2,tiny_compact,236,0.0001573123583522197,41.23849086788428,15.753846153846155,816,641,40,15
978319c9ebc05207a4478bce,VisA,pipe_fryum,source_validation,1,tiny_compact,3,1.9997333688841487e-06,0.5242181042527663,1.1815384615384616,765,421,3,1
978319c9ebc05207a4478bce,VisA,pipe_fryum,source_validation,2,tiny_compact,90,5.9992001066524464e-05,15.726543127582989,7.876923076923077,717,423,20,11
978319c9ebc05207a4478bce,VisA,pipe_fryum,source_validation,3,thin_or_extended_small_area,724,0.00048260231969070793,126.51130249300094,39.778461538461535,764,422,101,59
978319c9ebc05207a4478bce,VisA,pipe_fryum,source_validation,4,larger,2282,0.001521130515931209,398.7552379682709,73.25538461538461,658,433,186,84
978319c9ebc05207a4478bce,VisA,pipe_fryum,source_validation,5,tiny_compact,20,1.3331555792560992e-05,3.4947873616851086,3.5446153846153847,840,443,9,5
978319c9ebc05207a4478bce,VisA,pipe_fryum,source_validation,6,tiny_compact,1,6.665777896280496e-07,0.17473936808425544,0.4436741767764298,784,453,1,1
978319c9ebc05207a4478bce,VisA,pipe_fryum,source_validation,7,tiny_compact,1,6.665777896280496e-07,0.17473936808425544,0.4436741767764298,786,454,1,1
978319c9ebc05207a4478bce,VisA,pipe_fryum,source_validation,8,tiny_compact,15,9.998666844420743e-06,2.6210905212638314,2.218370883882149,782,493,5,5
308a5df6dd48db5b057d2ee5,VisA,pipe_fryum,source_validation,1,larger,2735,0.0018230902546327156,477.9121717104386,71.28615384615385,738,497,181,129
308a5df6dd48db5b057d2ee5,VisA,pipe_fryum,source_validation,2,tiny_compact,61,4.066124516731102e-05,10.65910145313958,4.332307692307692,387,592,11,8
e72a2af22fa59baef68800fa,VisA,pipe_fryum,source_validation,1,thin_or_extended_small_area,1197,0.0007978936141847753,209.16302359685375,65.37846153846154,419,399,166,141
e72a2af22fa59baef68800fa,VisA,pipe_fryum,source_validation,2,thin_or_extended_small_area,862,0.0005745900546593787,150.62533528862818,49.247833622183705,426,404,121,111
e72a2af22fa59baef68800fa,VisA,pipe_fryum,source_validation,3,tiny_compact,15,9.998666844420743e-06,2.6210905212638314,3.9930675909878683,541,419,2,9
e72a2af22fa59baef68800fa,VisA,pipe_fryum,source_validation,4,tiny_compact,21,1.399813358218904e-05,3.669526729769364,4.332307692307692,569,430,11,8
e72a2af22fa59baef68800fa,VisA,pipe_fryum,source_validation,5,tiny_compact,30,1.9997333688841487e-05,5.242181042527663,6.211438474870017,548,444,14,14
e72a2af22fa59baef68800fa,VisA,pipe_fryum,source_validation,6,tiny_compact,10,6.665777896280496e-06,1.7473936808425543,3.1507692307692308,532,464,8,6
e72a2af22fa59baef68800fa,VisA,pipe_fryum,source_validation,7,tiny_compact,1,6.665777896280496e-07,0.17473936808425544,0.4436741767764298,643,510,1,1
92219acf00c528a158b9b5cc,VisA,pipe_fryum,source_validation,1,tiny_compact,34,2.2663644847353686e-05,5.941138514864685,3.5446153846153847,498,468,9,4
92219acf00c528a158b9b5cc,VisA,pipe_fryum,source_validation,2,tiny_compact,43,2.8662844954006134e-05,7.513792827622984,3.9930675909878683,516,494,6,9
92219acf00c528a158b9b5cc,VisA,pipe_fryum,source_validation,3,larger,3961,0.0026403146247167045,692.1426369817358,87.43384615384615,420,495,222,160
92219acf00c528a158b9b5cc,VisA,pipe_fryum,source_validation,4,tiny_compact,188,0.00012531662445007332,32.85100119984002,17.303292894280762,421,578,9,39
a7b903f127fa92c66e04c9e3,VisA,pipe_fryum,source_validation,1,thin_or_extended_small_area,1337,0.0008912145047327023,233.62653512864952,48.44307692307692,639,520,123,79
a7b903f127fa92c66e04c9e3,VisA,pipe_fryum,source_validation,2,tiny_compact,3,1.9997333688841487e-06,0.5242181042527663,0.8873483535528596,722,532,2,2
a7b903f127fa92c66e04c9e3,VisA,pipe_fryum,source_validation,3,tiny_compact,252,0.0001679776029862685,44.03432075723237,26.38769230769231,565,600,67,34
8d62649f443ae79817c13a24,VisA,pipe_fryum,source_validation,1,tiny_compact,11,7.332355685908546e-06,1.9221330489268098,1.9692307692307693,543,569,5,3
8d62649f443ae79817c13a24,VisA,pipe_fryum,source_validation,2,larger,2693,0.0017950939874683376,470.5731182508999,66.56,546,569,169,93
8d62649f443ae79817c13a24,VisA,pipe_fryum,source_validation,3,tiny_compact,59,3.9328089588054925e-05,10.30962271697107,5.907692307692308,489,593,15,10
8d62649f443ae79817c13a24,VisA,pipe_fryum,source_validation,4,tiny_compact,17,1.1331822423676843e-05,2.9705692574323423,2.662045060658579,569,596,6,6
8d62649f443ae79817c13a24,VisA,pipe_fryum,source_validation,5,thin_or_extended_small_area,584,0.00038928142914278094,102.04779096120517,35.84,540,607,91,32
8d62649f443ae79817c13a24,VisA,pipe_fryum,source_validation,6,tiny_compact,204,0.00013598186908412213,35.64683108918811,10.648180242634316,484,638,26,24
8d62649f443ae79817c13a24,VisA,pipe_fryum,source_validation,7,tiny_compact,860,0.0005732568990801227,150.2758565524597,26.78153846153846,634,638,68,50
8d62649f443ae79817c13a24,VisA,pipe_fryum,source_validation,8,tiny_compact,230,0.00015331289161445142,40.19005465937875,11.815384615384616,369,652,30,24
8d62649f443ae79817c13a24,VisA,pipe_fryum,source_validation,9,tiny_compact,13,8.665511265164645e-06,2.271611785095321,2.218370883882149,538,657,3,5
8d62649f443ae79817c13a24,VisA,pipe_fryum,source_validation,10,tiny_compact,143,9.53206239168111e-05,24.987729636048527,14.966153846153846,696,661,38,22
8d62649f443ae79817c13a24,VisA,pipe_fryum,source_validation,11,tiny_compact,109,7.26569790694574e-05,19.04659112118384,7.0892307692307694,456,663,18,15
8d62649f443ae79817c13a24,VisA,pipe_fryum,source_validation,12,tiny_compact,16,1.0665244634048794e-05,2.795829889348087,2.218370883882149,624,670,5,5
8d62649f443ae79817c13a24,VisA,pipe_fryum,source_validation,13,tiny_compact,12,7.998933475536595e-06,2.096872417011065,1.5753846153846154,636,670,4,3
8d62649f443ae79817c13a24,VisA,pipe_fryum,source_validation,14,tiny_compact,21,1.399813358218904e-05,3.669526729769364,2.3630769230769233,413,672,6,5
8d62649f443ae79817c13a24,VisA,pipe_fryum,source_validation,15,tiny_compact,141,9.3987468337555e-05,24.638250899880017,9.058461538461538,399,677,23,19
8d62649f443ae79817c13a24,VisA,pipe_fryum,source_validation,16,tiny_compact,43,2.8662844954006134e-05,7.513792827622984,3.1507692307692308,441,676,8,7
8d62649f443ae79817c13a24,VisA,pipe_fryum,source_validation,17,tiny_compact,92,6.132515664578056e-05,16.0760218637515,7.098786828422877,649,679,9,16
8d62649f443ae79817c13a24,VisA,pipe_fryum,source_validation,18,tiny_compact,95,6.332489001466472e-05,16.600239968004267,11.027692307692307,724,679,28,7
8d62649f443ae79817c13a24,VisA,pipe_fryum,source_validation,19,tiny_compact,10,6.665777896280496e-06,1.7473936808425543,1.9692307692307693,616,684,5,4
8d62649f443ae79817c13a24,VisA,pipe_fryum,source_validation,20,tiny_compact,68,4.532728969470737e-05,11.88227702972937,5.12,472,691,13,11
8d62649f443ae79817c13a24,VisA,pipe_fryum,source_validation,21,tiny_compact,16,1.0665244634048794e-05,2.795829889348087,2.756923076923077,488,709,7,5
8d62649f443ae79817c13a24,VisA,pipe_fryum,source_validation,22,tiny_compact,11,7.332355685908546e-06,1.9221330489268098,1.5753846153846154,510,711,4,3
8d62649f443ae79817c13a24,VisA,pipe_fryum,source_validation,23,tiny_compact,29,1.9330755899213438e-05,5.067441674443407,3.5493934142114383,749,720,4,8
8d62649f443ae79817c13a24,VisA,pipe_fryum,source_validation,24,tiny_compact,166,0.00011065191307825623,29.0067351019864,21.267692307692307,742,732,54,21
56a9d5dc513156c13df1ea93,VisA,pipe_fryum,source_validation,1,larger,5517,0.0036775096653779496,964.0370937208372,53.68457538994801,664,410,124,121
33b64b0c0133325b4ea95503,VisA,pipe_fryum,source_validation,1,thin_or_extended_small_area,1476,0.0009838688174910013,257.91530729236104,54.744615384615386,603,660,139,64
ec6dc1b1f43ad8c8911e025d,VisA,pipe_fryum,source_validation,1,tiny_compact,86,5.732568990801227e-05,15.027585655245968,7.876923076923077,598,576,20,15
ec6dc1b1f43ad8c8911e025d,VisA,pipe_fryum,source_validation,2,larger,2465,0.0016431142514331423,430.73254232768966,56.32,443,605,143,43
4ec231856480e7aa7fca76be,VisA,pipe_fryum,source_validation,1,tiny_compact,74,4.932675643247567e-05,12.930713238234903,10.633846153846154,470,508,27,9
4ec231856480e7aa7fca76be,VisA,pipe_fryum,source_validation,2,thin_or_extended_small_area,1103,0.0007352353019597387,192.73752299693373,61.04615384615385,476,515,155,34
4ec231856480e7aa7fca76be,VisA,pipe_fryum,source_validation,3,tiny_compact,164,0.00010931875749900013,28.65725636581789,25.6,491,521,65,6
4ec231856480e7aa7fca76be,VisA,pipe_fryum,source_validation,4,tiny_compact,63,4.199440074656713e-05,11.008580189308093,9.058461538461538,452,528,23,7
259ee2c9ef0f9a9c45b411f3,VisA,pipe_fryum,source_validation,1,tiny_compact,25,1.666444474070124e-05,4.368484202106385,4.332307692307692,494,507,11,3
259ee2c9ef0f9a9c45b411f3,VisA,pipe_fryum,source_validation,2,tiny_compact,61,4.066124516731102e-05,10.65910145313958,10.633846153846154,424,517,27,13
259ee2c9ef0f9a9c45b411f3,VisA,pipe_fryum,source_validation,3,tiny_compact,86,5.732568990801227e-05,15.027585655245968,12.422876949740035,492,520,10,28
259ee2c9ef0f9a9c45b411f3,VisA,pipe_fryum,source_validation,4,larger,2377,0.001584455405945874,415.3554779362752,61.44,429,558,156,60
259ee2c9ef0f9a9c45b411f3,VisA,pipe_fryum,source_validation,5,tiny_compact,17,1.1331822423676843e-05,2.9705692574323423,2.662045060658579,457,580,3,6
259ee2c9ef0f9a9c45b411f3,VisA,pipe_fryum,source_validation,6,tiny_compact,17,1.1331822423676843e-05,2.9705692574323423,1.9692307692307693,551,581,5,4
259ee2c9ef0f9a9c45b411f3,VisA,pipe_fryum,source_validation,7,tiny_compact,19,1.2664978002932943e-05,3.3200479936008533,2.3630769230769233,554,587,6,4
259ee2c9ef0f9a9c45b411f3,VisA,pipe_fryum,source_validation,8,tiny_compact,14,9.332089054792694e-06,2.446351153179576,2.218370883882149,478,600,4,5
259ee2c9ef0f9a9c45b411f3,VisA,pipe_fryum,source_validation,9,tiny_compact,30,1.9997333688841487e-05,5.242181042527663,3.1057192374350087,538,604,7,7
259ee2c9ef0f9a9c45b411f3,VisA,pipe_fryum,source_validation,10,thin_or_extended_small_area,419,0.0002792960938541528,73.21579522730303,33.08307692307692,494,607,84,66
259ee2c9ef0f9a9c45b411f3,VisA,pipe_fryum,source_validation,11,tiny_compact,242,0.000161311825089988,42.286927076389816,20.873846153846152,511,609,53,32
fadb436ceeea2e435f8dca9e,VisA,pipe_fryum,source_validation,1,thin_or_extended_small_area,869,0.0005792560991867751,151.84851086521797,70.10461538461539,534,423,178,84
fadb436ceeea2e435f8dca9e,VisA,pipe_fryum,source_validation,2,larger,3147,0.002097720303959472,549.9047913611519,117.76,419,445,299,93
fadb436ceeea2e435f8dca9e,VisA,pipe_fryum,source_validation,3,tiny_compact,85,5.665911211838422e-05,14.852846287161713,14.641247833622185,463,503,20,33
f57730953547b32edefd782d,VisA,pipe_fryum,source_validation,1,larger,5722,0.0038141581122517,999.8586641781096,96.88615384615385,574,528,246,100
f57730953547b32edefd782d,VisA,pipe_fryum,source_validation,2,tiny_compact,2,1.3331555792560993e-06,0.3494787361685109,0.7876923076923077,810,533,2,1
f57730953547b32edefd782d,VisA,pipe_fryum,source_validation,3,tiny_compact,4,2.6663111585121985e-06,0.6989574723370218,1.5753846153846154,800,535,4,1
f57730953547b32edefd782d,VisA,pipe_fryum,source_validation,4,tiny_compact,3,1.9997333688841487e-06,0.5242181042527663,1.1815384615384616,805,534,3,1
fa2b4fefc6133cb7d6460db2,VisA,pipe_fryum,source_validation,1,thin_or_extended_small_area,1006,0.0006705772563658179,175.78780429276097,39.487001733102254,782,488,31,89
fa2b4fefc6133cb7d6460db2,VisA,pipe_fryum,source_validation,2,thin_or_extended_small_area,871,0.0005805892547660312,152.1979896013865,42.592720970537265,734,516,47,96
8d1ddfce04bbda2df6c274e2,VisA,pipe_fryum,source_validation,1,tiny_compact,264,0.0001759765364618051,46.131193174243435,9.452307692307693,772,461,24,17
8d1ddfce04bbda2df6c274e2,VisA,pipe_fryum,source_validation,2,tiny_compact,5,3.332888948140248e-06,0.8736968404212772,2.218370883882149,618,574,1,5
8d1ddfce04bbda2df6c274e2,VisA,pipe_fryum,source_validation,3,larger,2850,0.0018997467004399414,498.007199040128,65.77230769230769,479,582,167,113
715b3f75141c544aed0e386f,VisA,pipe_fryum,source_validation,1,thin_or_extended_small_area,1352,0.000901213171577123,236.24762564991335,45.292307692307695,433,542,115,61
985b2d3e9e0d6f16160f4fc4,VisA,pipe_fryum,source_validation,1,larger,5183,0.003454872683642181,905.6741447806959,91.39688041594454,677,458,152,206
985b2d3e9e0d6f16160f4fc4,VisA,pipe_fryum,source_validation,2,tiny_compact,251,0.00016731102519664044,43.85958138914811,14.178461538461539,676,515,36,27
985b2d3e9e0d6f16160f4fc4,VisA,pipe_fryum,source_validation,3,tiny_compact,135,8.998800159978669e-05,23.58981469137448,9.452307692307693,714,519,24,17
985b2d3e9e0d6f16160f4fc4,VisA,pipe_fryum,source_validation,4,tiny_compact,640,0.00042660978536195174,111.83319557392348,16.935384615384617,659,559,43,36
985b2d3e9e0d6f16160f4fc4,VisA,pipe_fryum,source_validation,5,tiny_compact,18,1.1998400213304892e-05,3.1453086255165976,2.218370883882149,791,567,5,5
e779547ac415b9900bd04058,VisA,pipe_fryum,source_validation,1,larger,358090,0.23869484068790828,62572.42031729103,320.9846153846154,170,158,815,692
92c4dce718327918dcb3afe1,VisA,pipe_fryum,source_validation,1,larger,388747,0.2591301159845354,67929.40512465005,338.52339688041593,209,202,793,763
927b327bf71e71304da94c00,VisA,pipe_fryum,source_validation,1,larger,231035,0.15400279962671642,40370.90990534595,220.9476923076923,356,289,561,476
dbffe09b728470ee63402d0d,VisA,pipe_fryum,source_validation,1,larger,189936,0.12660711905079322,33189.29661645114,273.7230769230769,319,361,695,387
8739060da5262e8b525be173,VisA,pipe_fryum,source_validation,1,larger,227896,0.151910411945074,39822.403028929475,257.7746967071057,363,319,567,581
9324dd2f3bff7d261313254b,VisA,pipe_fryum,source_validation,1,larger,134934,0.08994400746567124,23578.281893080923,196.52923076923076,404,309,499,439
8d602a6fd0e112599dd329b7,VisA,pipe_fryum,source_validation,1,larger,165633,0.11040727902946273,28942.60575389948,217.40307692307692,326,424,552,378
de49fabd2dc494b1cb0f31f4,VisA,pipe_fryum,source_validation,1,larger,219832,0.1465351286495134,38413.30476469804,236.30769230769232,352,359,600,448
013f6d6986ec962ab26302b8,VisA,pipe_fryum,source_validation,1,larger,410063,0.2733388881482469,71654.14949473404,332.0123076923077,174,134,843,710
9c93f059c631dc3ee1e97869,VisA,pipe_fryum,source_validation,1,larger,231649,0.15441207838954807,40478.19987734969,218.58461538461538,360,311,555,490
