image_id,dataset,category,original_split,role,path,label,scene_group,width,height,stratum,component_count,tiny_count,thin_count,mask_path,hard_normal,teacher_q95
1f9d63139f3b6ecb2d4b6e65,VisA,capsules,evaluation,source_fit,/root/private_data/iad-vlm-anomaly/datasets/VisA/capsules/Data/Images/Normal/062.JPG,0,VisA/capsules/Data/Images/Normal/062.JPG,1500,1000,normal,0,0,0,,False,41.9071792602539
2a1ff0250299abe415b0a6a8,VisA,capsules,evaluation,source_fit,/root/private_data/iad-vlm-anomaly/datasets/VisA/capsules/Data/Images/Normal/240.JPG,0,VisA/capsules/Data/Images/Normal/240.JPG,1500,1000,normal,0,0,0,,False,41.9071792602539
fc0cf164e26c8cf8877c0d35,VisA,capsules,evaluation,source_fit,/root/private_data/iad-vlm-anomaly/datasets/VisA/capsules/Data/Images/Normal/179.JPG,0,VisA/capsules/Data/Images/Normal/179.JPG,1500,1000,normal,0,0,0,,False,41.9071792602539
0f78e1718fe95a9f71163e8b,VisA,capsules,evaluation,source_fit,/root/private_data/iad-vlm-anomaly/datasets/VisA/capsules/Data/Images/Normal/288.JPG,0,VisA/capsules/Data/Images/Normal/288.JPG,1500,1000,normal,0,0,0,,False,41.9071792602539
fc24aa4f3263f422dcb7c715,VisA,capsules,evaluation,source_fit,/root/private_data/iad-vlm-anomaly/datasets/VisA/capsules/Data/Images/Normal/324.JPG,0,VisA/capsules/Data/Images/Normal/324.JPG,1500,1000,normal,0,0,0,,False,41.9071792602539
3f3513e83cb3694e5e2368c3,VisA,capsules,evaluation,source_fit,/root/private_data/iad-vlm-anomaly/datasets/VisA/capsules/Data/Images/Normal/152.JPG,0,VisA/capsules/Data/Images/Normal/152.JPG,1500,1000,normal,0,0,0,,False,41.9071792602539
f05f036ede610532be09d76e,VisA,capsules,evaluation,source_fit,/root/private_data/iad-vlm-anomaly/datasets/VisA/capsules/Data/Images/Normal/576.JPG,0,VisA/capsules/Data/Images/Normal/576.JPG,1500,1000,normal,0,0,0,,False,41.9071792602539
d0379a9180e91a5a41fe6533,VisA,capsules,evaluation,source_fit,/root/private_data/iad-vlm-anomaly/datasets/VisA/capsules/Data/Images/Normal/107.JPG,0,VisA/capsules/Data/Images/Normal/107.JPG,1500,1000,normal,0,0,0,,False,41.9071792602539
cb7a71a0e6cead7955da2eae,VisA,capsules,evaluation,source_fit,/root/private_data/iad-vlm-anomaly/datasets/VisA/capsules/Data/Images/Normal/484.JPG,0,VisA/capsules/Data/Images/Normal/484.JPG,1500,1000,normal,0,0,0,,False,41.9071792602539
72b71eb729a3c426f8204d4e,VisA,capsules,evaluation,source_fit,/root/private_data/iad-vlm-anomaly/datasets/VisA/capsules/Data/Images/Normal/303.JPG,0,VisA/capsules/Data/Images/Normal/303.JPG,1500,1000,normal,0,0,0,,True,41.9071792602539
034819db59fed268623329cd,VisA,capsules,evaluation,source_fit,/root/private_data/iad-vlm-anomaly/datasets/VisA/capsules/Data/Images/Normal/237.JPG,0,VisA/capsules/Data/Images/Normal/237.JPG,1500,1000,normal,0,0,0,,True,41.9071792602539
7a230c57fc497a7942b657c9,VisA,capsules,evaluation,source_fit,/root/private_data/iad-vlm-anomaly/datasets/VisA/capsules/Data/Images/Normal/394.JPG,0,VisA/capsules/Data/Images/Normal/394.JPG,1500,1000,normal,0,0,0,,False,41.9071792602539
3c0358d9a587616925762eba,VisA,capsules,evaluation,source_fit,/root/private_data/iad-vlm-anomaly/datasets/VisA/capsules/Data/Images/Normal/214.JPG,0,VisA/capsules/Data/Images/Normal/214.JPG,1500,1000,normal,0,0,0,,False,41.9071792602539
4e4129ce59c5b23e7966a9dc,VisA,capsules,evaluation,source_fit,/root/private_data/iad-vlm-anomaly/datasets/VisA/capsules/Data/Images/Normal/594.JPG,0,VisA/capsules/Data/Images/Normal/594.JPG,1500,1000,normal,0,0,0,,False,41.9071792602539
95045a0b8c6559c805814131,VisA,capsules,evaluation,source_fit,/root/private_data/iad-vlm-anomaly/datasets/VisA/capsules/Data/Images/Normal/377.JPG,0,VisA/capsules/Data/Images/Normal/377.JPG,1500,1000,normal,0,0,0,,False,41.9071792602539
0632f91792b863bb94bb5ecb,VisA,capsules,evaluation,source_fit,/root/private_data/iad-vlm-anomaly/datasets/VisA/capsules/Data/Images/Normal/514.JPG,0,VisA/capsules/Data/Images/Normal/514.JPG,1500,1000,normal,0,0,0,,False,41.9071792602539
b5b98054d664d87d25633916,VisA,capsules,evaluation,source_fit,/root/private_data/iad-vlm-anomaly/datasets/VisA/capsules/Data/Images/Normal/172.JPG,0,VisA/capsules/Data/Images/Normal/172.JPG,1500,1000,normal,0,0,0,,False,41.9071792602539
b47a60df54a4977f9ce92b2b,VisA,capsules,evaluation,source_fit,/root/private_data/iad-vlm-anomaly/datasets/VisA/capsules/Data/Images/Normal/483.JPG,0,VisA/capsules/Data/Images/Normal/483.JPG,1500,1000,normal,0,0,0,,False,41.9071792602539
c20357e7e5ff08ec08b7fd24,VisA,capsules,evaluation,source_fit,/root/private_data/iad-vlm-anomaly/datasets/VisA/capsules/Data/Images/Normal/400.JPG,0,VisA/capsules/Data/Images/Normal/400.JPG,1500,1000,normal,0,0,0,,False,41.9071792602539
f7bcbf59a9b8484694cdb240,VisA,capsules,evaluation,source_fit,/root/private_data/iad-vlm-anomaly/datasets/VisA/capsules/Data/Images/Normal/469.JPG,0,VisA/capsules/Data/Images/Normal/469.JPG,1500,1000,normal,0,0,0,,False,41.9071792602539
993bbc7c34cbc4cd0a7a69f1,VisA,capsules,evaluation,source_fit,/root/private_data/iad-vlm-anomaly/datasets/VisA/capsules/Data/Images/Normal/525.JPG,0,VisA/capsules/Data/Images/Normal/525.JPG,1500,1000,normal,0,0,0,,False,41.9071792602539
ad56d3a2dc1a35d6b49bebbe,VisA,capsules,evaluation,source_fit,/root/private_data/iad-vlm-anomaly/datasets/VisA/capsules/Data/Images/Normal/170.JPG,0,VisA/capsules/Data/Images/Normal/170.JPG,1500,1000,normal,0,0,0,,False,41.9071792602539
a9facbbe95d6f95d2ab4156c,VisA,capsules,evaluation,source_fit,/root/private_data/iad-vlm-anomaly/datasets/VisA/capsules/Data/Images/Normal/320.JPG,0,VisA/capsules/Data/Images/Normal/320.JPG,1500,1000,normal,0,0,0,,False,41.9071792602539
ddeed004d43b3352a536206d,VisA,capsules,evaluation,source_fit,/root/private_data/iad-vlm-anomaly/datasets/VisA/capsules/Data/Images/Normal/423.JPG,0,VisA/capsules/Data/Images/Normal/423.JPG,1500,1000,normal,0,0,0,,False,41.9071792602539
571b5e6b0110c155c8df2001,VisA,capsules,evaluation,source_fit,/root/private_data/iad-vlm-anomaly/datasets/VisA/capsules/Data/Images/Normal/417.JPG,0,VisA/capsules/Data/Images/Normal/417.JPG,1500,1000,normal,0,0,0,,True,41.9071792602539
0dc091049dc0a1f03092bd10,VisA,capsules,evaluation,source_fit,/root/private_data/iad-vlm-anomaly/datasets/VisA/capsules/Data/Images/Normal/306.JPG,0,VisA/capsules/Data/Images/Normal/306.JPG,1500,1000,normal,0,0,0,,False,41.9071792602539
c2658c539bd3c21a9e531574,VisA,capsules,evaluation,source_fit,/root/private_data/iad-vlm-anomaly/datasets/VisA/capsules/Data/Images/Normal/011.JPG,0,VisA/capsules/Data/Images/Normal/011.JPG,1500,1000,normal,0,0,0,,False,41.9071792602539
66167a0394c64f20fe5ca043,VisA,capsules,evaluation,source_fit,/root/private_data/iad-vlm-anomaly/datasets/VisA/capsules/Data/Images/Normal/215.JPG,0,VisA/capsules/Data/Images/Normal/215.JPG,1500,1000,normal,0,0,0,,False,41.9071792602539
4c49244a247a2e654beb2d37,VisA,capsules,evaluation,source_fit,/root/private_data/iad-vlm-anomaly/datasets/VisA/capsules/Data/Images/Normal/159.JPG,0,VisA/capsules/Data/Images/Normal/159.JPG,1500,1000,normal,0,0,0,,False,41.9071792602539
ba7cbfefd938ed0b085eb679,VisA,capsules,evaluation,source_fit,/root/private_data/iad-vlm-anomaly/datasets/VisA/capsules/Data/Images/Normal/518.JPG,0,VisA/capsules/Data/Images/Normal/518.JPG,1500,1000,normal,0,0,0,,False,41.9071792602539
c4875df92247435722e75520,VisA,capsules,evaluation,source_fit,/root/private_data/iad-vlm-anomaly/datasets/VisA/capsules/Data/Images/Normal/026.JPG,0,VisA/capsules/Data/Images/Normal/026.JPG,1500,1000,normal,0,0,0,,True,41.9071792602539
89d7d4f1eecf2fe7363e620a,VisA,capsules,evaluation,source_fit,/root/private_data/iad-vlm-anomaly/datasets/VisA/capsules/Data/Images/Normal/580.JPG,0,VisA/capsules/Data/Images/Normal/580.JPG,1500,1000,normal,0,0,0,,False,41.9071792602539
8847ccc457b0dee3ac1f0d85,VisA,capsules,evaluation,source_fit,/root/private_data/iad-vlm-anomaly/datasets/VisA/capsules/Data/Images/Normal/402.JPG,0,VisA/capsules/Data/Images/Normal/402.JPG,1500,1000,normal,0,0,0,,False,41.9071792602539
ea17449718f9ea9c1bb75b4b,VisA,capsules,evaluation,source_fit,/root/private_data/iad-vlm-anomaly/datasets/VisA/capsules/Data/Images/Normal/294.JPG,0,VisA/capsules/Data/Images/Normal/294.JPG,1500,1000,normal,0,0,0,,False,41.9071792602539
33c5b07f6aec728b4ad1b85d,VisA,capsules,evaluation,source_fit,/root/private_data/iad-vlm-anomaly/datasets/VisA/capsules/Data/Images/Normal/016.JPG,0,VisA/capsules/Data/Images/Normal/016.JPG,1500,1000,normal,0,0,0,,False,41.9071792602539
a2148a205b0e9d1694b789be,VisA,capsules,evaluation,source_fit,/root/private_data/iad-vlm-anomaly/datasets/VisA/capsules/Data/Images/Normal/046.JPG,0,VisA/capsules/Data/Images/Normal/046.JPG,1500,1000,normal,0,0,0,,False,41.9071792602539
4d2ae85cd54a528ae30799d5,VisA,capsules,evaluation,source_fit,/root/private_data/iad-vlm-anomaly/datasets/VisA/capsules/Data/Images/Normal/208.JPG,0,VisA/capsules/Data/Images/Normal/208.JPG,1500,1000,normal,0,0,0,,False,41.9071792602539
331cdf0473bcf0edee82152a,VisA,capsules,evaluation,source_fit,/root/private_data/iad-vlm-anomaly/datasets/VisA/capsules/Data/Images/Normal/427.JPG,0,VisA/capsules/Data/Images/Normal/427.JPG,1500,1000,normal,0,0,0,,False,41.9071792602539
5ca3e26cdf8ec996bf20a8c0,VisA,capsules,evaluation,source_fit,/root/private_data/iad-vlm-anomaly/datasets/VisA/capsules/Data/Images/Normal/552.JPG,0,VisA/capsules/Data/Images/Normal/552.JPG,1500,1000,normal,0,0,0,,False,41.9071792602539
2f0ead59b8a7bf775ff20d23,VisA,capsules,evaluation,source_fit,/root/private_data/iad-vlm-anomaly/datasets/VisA/capsules/Data/Images/Normal/333.JPG,0,VisA/capsules/Data/Images/Normal/333.JPG,1500,1000,normal,0,0,0,,False,41.9071792602539
4680fa8cd352c5b8904b1d1e,VisA,capsules,evaluation,source_fit,/root/private_data/iad-vlm-anomaly/datasets/VisA/capsules/Data/Images/Normal/027.JPG,0,VisA/capsules/Data/Images/Normal/027.JPG,1500,1000,normal,0,0,0,,False,41.9071792602539
fabfa0806f31fb0b0e9b6820,VisA,capsules,evaluation,source_fit,/root/private_data/iad-vlm-anomaly/datasets/VisA/capsules/Data/Images/Normal/100.JPG,0,VisA/capsules/Data/Images/Normal/100.JPG,1500,1000,normal,0,0,0,,False,41.9071792602539
03d8ab7c6352f052febc78e0,VisA,capsules,evaluation,source_fit,/root/private_data/iad-vlm-anomaly/datasets/VisA/capsules/Data/Images/Normal/013.JPG,0,VisA/capsules/Data/Images/Normal/013.JPG,1500,1000,normal,0,0,0,,False,41.9071792602539
1a194723ee0217fa9e1c4eec,VisA,capsules,evaluation,source_fit,/root/private_data/iad-vlm-anomaly/datasets/VisA/capsules/Data/Images/Normal/297.JPG,0,VisA/capsules/Data/Images/Normal/297.JPG,1500,1000,normal,0,0,0,,False,41.9071792602539
3b5677861dc39d67411e6e62,VisA,capsules,evaluation,source_fit,/root/private_data/iad-vlm-anomaly/datasets/VisA/capsules/Data/Images/Normal/457.JPG,0,VisA/capsules/Data/Images/Normal/457.JPG,1500,1000,normal,0,0,0,,False,41.9071792602539
55080f795d40470330594c74,VisA,capsules,evaluation,source_fit,/root/private_data/iad-vlm-anomaly/datasets/VisA/capsules/Data/Images/Normal/520.JPG,0,VisA/capsules/Data/Images/Normal/520.JPG,1500,1000,normal,0,0,0,,False,41.9071792602539
8a8f0197af2bec8b65c68c3d,VisA,capsules,evaluation,source_fit,/root/private_data/iad-vlm-anomaly/datasets/VisA/capsules/Data/Images/Normal/174.JPG,0,VisA/capsules/Data/Images/Normal/174.JPG,1500,1000,normal,0,0,0,,True,41.9071792602539
aa96b788fd82bfd2356e2c5d,VisA,capsules,evaluation,source_fit,/root/private_data/iad-vlm-anomaly/datasets/VisA/capsules/Data/Images/Normal/261.JPG,0,VisA/capsules/Data/Images/Normal/261.JPG,1500,1000,normal,0,0,0,,False,41.9071792602539
75b76f92baf111686d85176c,VisA,capsules,evaluation,source_fit,/root/private_data/iad-vlm-anomaly/datasets/VisA/capsules/Data/Images/Normal/286.JPG,0,VisA/capsules/Data/Images/Normal/286.JPG,1500,1000,normal,0,0,0,,False,41.9071792602539
e0a9a2323b7d6473c2393403,VisA,capsules,evaluation,source_fit,/root/private_data/iad-vlm-anomaly/datasets/VisA/capsules/Data/Images/Normal/363.JPG,0,VisA/capsules/Data/Images/Normal/363.JPG,1500,1000,normal,0,0,0,,False,41.9071792602539
a011ef8008d602d3710fc5f4,VisA,capsules,evaluation,source_fit,/root/private_data/iad-vlm-anomaly/datasets/VisA/capsules/Data/Images/Normal/024.JPG,0,VisA/capsules/Data/Images/Normal/024.JPG,1500,1000,normal,0,0,0,,True,41.9071792602539
d284db387469b189bb5e02d0,VisA,capsules,evaluation,source_fit,/root/private_data/iad-vlm-anomaly/datasets/VisA/capsules/Data/Images/Normal/178.JPG,0,VisA/capsules/Data/Images/Normal/178.JPG,1500,1000,normal,0,0,0,,False,41.9071792602539
b9c0e7d9b6acb63e821abeac,VisA,capsules,evaluation,source_fit,/root/private_data/iad-vlm-anomaly/datasets/VisA/capsules/Data/Images/Normal/479.JPG,0,VisA/capsules/Data/Images/Normal/479.JPG,1500,1000,normal,0,0,0,,False,41.9071792602539
c43b53947956787e8076f2fd,VisA,capsules,evaluation,source_fit,/root/private_data/iad-vlm-anomaly/datasets/VisA/capsules/Data/Images/Normal/569.JPG,0,VisA/capsules/Data/Images/Normal/569.JPG,1500,1000,normal,0,0,0,,False,41.9071792602539
c9d414441e5e2d178b6a7d32,VisA,capsules,evaluation,source_fit,/root/private_data/iad-vlm-anomaly/datasets/VisA/capsules/Data/Images/Normal/196.JPG,0,VisA/capsules/Data/Images/Normal/196.JPG,1500,1000,normal,0,0,0,,False,41.9071792602539
87a325782db911dfacd1361d,VisA,capsules,evaluation,source_fit,/root/private_data/iad-vlm-anomaly/datasets/VisA/capsules/Data/Images/Normal/187.JPG,0,VisA/capsules/Data/Images/Normal/187.JPG,1500,1000,normal,0,0,0,,False,41.9071792602539
99dca3fe9c96e8d6eaf14a4b,VisA,capsules,evaluation,source_fit,/root/private_data/iad-vlm-anomaly/datasets/VisA/capsules/Data/Images/Normal/488.JPG,0,VisA/capsules/Data/Images/Normal/488.JPG,1500,1000,normal,0,0,0,,False,41.9071792602539
32fc02f2435739aa802dfd08,VisA,capsules,evaluation,source_fit,/root/private_data/iad-vlm-anomaly/datasets/VisA/capsules/Data/Images/Normal/545.JPG,0,VisA/capsules/Data/Images/Normal/545.JPG,1500,1000,normal,0,0,0,,False,41.9071792602539
5ad436e4557f4981e0b732cf,VisA,capsules,evaluation,source_fit,/root/private_data/iad-vlm-anomaly/datasets/VisA/capsules/Data/Images/Normal/490.JPG,0,VisA/capsules/Data/Images/Normal/490.JPG,1500,1000,normal,0,0,0,,False,41.9071792602539
1bfcf025d1a0e6201d1bcbfe,VisA,capsules,evaluation,source_fit,/root/private_data/iad-vlm-anomaly/datasets/VisA/capsules/Data/Images/Normal/168.JPG,0,VisA/capsules/Data/Images/Normal/168.JPG,1500,1000,normal,0,0,0,,False,41.9071792602539
f101fd3229a85499e4a69947,VisA,capsules,evaluation,source_fit,/root/private_data/iad-vlm-anomaly/datasets/VisA/capsules/Data/Images/Anomaly/000.JPG,1,VisA/capsules/Data/Images/Anomaly/000.JPG,1500,1000,tiny_only,1,1,0,/root/private_data/iad-vlm-anomaly/datasets/VisA/capsules/Data/Masks/Anomaly/000.png,False,41.9071792602539
718484fc3c551eb152d8c2b4,VisA,capsules,evaluation,source_fit,/root/private_data/iad-vlm-anomaly/datasets/VisA/capsules/Data/Images/Anomaly/001.JPG,1,VisA/capsules/Data/Images/Anomaly/001.JPG,1500,1000,tiny_only,1,1,0,/root/private_data/iad-vlm-anomaly/datasets/VisA/capsules/Data/Masks/Anomaly/001.png,False,41.9071792602539
85945f69dd67b5684f68a99b,VisA,capsules,evaluation,source_fit,/root/private_data/iad-vlm-anomaly/datasets/VisA/capsules/Data/Images/Anomaly/002.JPG,1,VisA/capsules/Data/Images/Anomaly/002.JPG,1500,1000,other_anomaly,1,0,0,/root/private_data/iad-vlm-anomaly/datasets/VisA/capsules/Data/Masks/Anomaly/002.png,False,41.9071792602539
a258cc393006a1a04bbbe20f,VisA,capsules,evaluation,source_fit,/root/private_data/iad-vlm-anomaly/datasets/VisA/capsules/Data/Images/Anomaly/003.JPG,1,VisA/capsules/Data/Images/Anomaly/003.JPG,1500,1000,other_anomaly,1,0,0,/root/private_data/iad-vlm-anomaly/datasets/VisA/capsules/Data/Masks/Anomaly/003.png,False,41.9071792602539
906bc6e642b1cf0750840cd7,VisA,capsules,evaluation,source_fit,/root/private_data/iad-vlm-anomaly/datasets/VisA/capsules/Data/Images/Anomaly/004.JPG,1,VisA/capsules/Data/Images/Anomaly/004.JPG,1500,1000,tiny_only,1,1,0,/root/private_data/iad-vlm-anomaly/datasets/VisA/capsules/Data/Masks/Anomaly/004.png,False,41.9071792602539
ed4da152dc4341d6f32eed14,VisA,capsules,evaluation,source_fit,/root/private_data/iad-vlm-anomaly/datasets/VisA/capsules/Data/Images/Anomaly/005.JPG,1,VisA/capsules/Data/Images/Anomaly/005.JPG,1500,1000,tiny_only,1,1,0,/root/private_data/iad-vlm-anomaly/datasets/VisA/capsules/Data/Masks/Anomaly/005.png,False,41.9071792602539
fc3ae0173aab74bb4fc58582,VisA,capsules,evaluation,source_fit,/root/private_data/iad-vlm-anomaly/datasets/VisA/capsules/Data/Images/Anomaly/006.JPG,1,VisA/capsules/Data/Images/Anomaly/006.JPG,1500,1000,other_anomaly,1,0,0,/root/private_data/iad-vlm-anomaly/datasets/VisA/capsules/Data/Masks/Anomaly/006.png,False,41.9071792602539
0d3deca4b0e32e2057cae97f,VisA,capsules,evaluation,source_fit,/root/private_data/iad-vlm-anomaly/datasets/VisA/capsules/Data/Images/Anomaly/007.JPG,1,VisA/capsules/Data/Images/Anomaly/007.JPG,1500,1000,tiny_only,1,1,0,/root/private_data/iad-vlm-anomaly/datasets/VisA/capsules/Data/Masks/Anomaly/007.png,False,41.9071792602539
8704aeb2018ef5778370ecfb,VisA,capsules,evaluation,source_fit,/root/private_data/iad-vlm-anomaly/datasets/VisA/capsules/Data/Images/Anomaly/008.JPG,1,VisA/capsules/Data/Images/Anomaly/008.JPG,1500,1000,tiny_only,1,1,0,/root/private_data/iad-vlm-anomaly/datasets/VisA/capsules/Data/Masks/Anomaly/008.png,False,41.9071792602539
50f75b7d2a73acc1a847da2e,VisA,capsules,evaluation,source_fit,/root/private_data/iad-vlm-anomaly/datasets/VisA/capsules/Data/Images/Anomaly/009.JPG,1,VisA/capsules/Data/Images/Anomaly/009.JPG,1500,1000,other_anomaly,1,0,0,/root/private_data/iad-vlm-anomaly/datasets/VisA/capsules/Data/Masks/Anomaly/009.png,False,41.9071792602539
19ac65f02264b423eb5c985f,VisA,capsules,evaluation,source_fit,/root/private_data/iad-vlm-anomaly/datasets/VisA/capsules/Data/Images/Anomaly/010.JPG,1,VisA/capsules/Data/Images/Anomaly/010.JPG,1500,1000,other_anomaly,1,0,0,/root/private_data/iad-vlm-anomaly/datasets/VisA/capsules/Data/Masks/Anomaly/010.png,False,41.9071792602539
740a5ee8c5f4192bf3babfd2,VisA,capsules,evaluation,source_fit,/root/private_data/iad-vlm-anomaly/datasets/VisA/capsules/Data/Images/Anomaly/011.JPG,1,VisA/capsules/Data/Images/Anomaly/011.JPG,1500,1000,other_anomaly,1,0,0,/root/private_data/iad-vlm-anomaly/datasets/VisA/capsules/Data/Masks/Anomaly/011.png,False,41.9071792602539
126ea6ab4ad2ded6c054b50d,VisA,capsules,evaluation,source_fit,/root/private_data/iad-vlm-anomaly/datasets/VisA/capsules/Data/Images/Anomaly/012.JPG,1,VisA/capsules/Data/Images/Anomaly/012.JPG,1500,1000,other_anomaly,1,0,0,/root/private_data/iad-vlm-anomaly/datasets/VisA/capsules/Data/Masks/Anomaly/012.png,False,41.9071792602539
9b6a68e10e1ef898048e3c49,VisA,capsules,evaluation,source_fit,/root/private_data/iad-vlm-anomaly/datasets/VisA/capsules/Data/Images/Anomaly/013.JPG,1,VisA/capsules/Data/Images/Anomaly/013.JPG,1500,1000,other_anomaly,1,0,0,/root/private_data/iad-vlm-anomaly/datasets/VisA/capsules/Data/Masks/Anomaly/013.png,False,41.9071792602539
bf3f8db49f5ecd2ddea8928d,VisA,capsules,evaluation,source_fit,/root/private_data/iad-vlm-anomaly/datasets/VisA/capsules/Data/Images/Anomaly/014.JPG,1,VisA/capsules/Data/Images/Anomaly/014.JPG,1500,1000,other_anomaly,1,0,0,/root/private_data/iad-vlm-anomaly/datasets/VisA/capsules/Data/Masks/Anomaly/014.png,False,41.9071792602539
0230568537d49a20054718fc,VisA,capsules,evaluation,source_fit,/root/private_data/iad-vlm-anomaly/datasets/VisA/capsules/Data/Images/Anomaly/015.JPG,1,VisA/capsules/Data/Images/Anomaly/015.JPG,1500,1000,other_anomaly,1,0,0,/root/private_data/iad-vlm-anomaly/datasets/VisA/capsules/Data/Masks/Anomaly/015.png,False,41.9071792602539
63040d0286b32baf387aef98,VisA,capsules,evaluation,source_fit,/root/private_data/iad-vlm-anomaly/datasets/VisA/capsules/Data/Images/Anomaly/016.JPG,1,VisA/capsules/Data/Images/Anomaly/016.JPG,1500,1000,other_anomaly,1,0,0,/root/private_data/iad-vlm-anomaly/datasets/VisA/capsules/Data/Masks/Anomaly/016.png,False,41.9071792602539
3fe04fe0823a2d706add53c0,VisA,capsules,evaluation,source_fit,/root/private_data/iad-vlm-anomaly/datasets/VisA/capsules/Data/Images/Anomaly/017.JPG,1,VisA/capsules/Data/Images/Anomaly/017.JPG,1500,1000,other_anomaly,1,0,0,/root/private_data/iad-vlm-anomaly/datasets/VisA/capsules/Data/Masks/Anomaly/017.png,False,41.9071792602539
5b527561d5fe5bb2dcac2cd6,VisA,capsules,evaluation,source_fit,/root/private_data/iad-vlm-anomaly/datasets/VisA/capsules/Data/Images/Anomaly/018.JPG,1,VisA/capsules/Data/Images/Anomaly/018.JPG,1500,1000,other_anomaly,1,0,0,/root/private_data/iad-vlm-anomaly/datasets/VisA/capsules/Data/Masks/Anomaly/018.png,False,41.9071792602539
7d83ef8609fe05e220983875,VisA,capsules,evaluation,source_fit,/root/private_data/iad-vlm-anomaly/datasets/VisA/capsules/Data/Images/Anomaly/019.JPG,1,VisA/capsules/Data/Images/Anomaly/019.JPG,1500,1000,other_anomaly,1,0,0,/root/private_data/iad-vlm-anomaly/datasets/VisA/capsules/Data/Masks/Anomaly/019.png,False,41.9071792602539
42aeac834a78b48dab8e0b27,VisA,capsules,evaluation,source_fit,/root/private_data/iad-vlm-anomaly/datasets/VisA/capsules/Data/Images/Anomaly/020.JPG,1,VisA/capsules/Data/Images/Anomaly/020.JPG,1500,1000,other_anomaly,1,0,0,/root/private_data/iad-vlm-anomaly/datasets/VisA/capsules/Data/Masks/Anomaly/020.png,False,41.9071792602539
09dc9cfb0f5f0c6e5358d145,VisA,capsules,evaluation,source_fit,/root/private_data/iad-vlm-anomaly/datasets/VisA/capsules/Data/Images/Anomaly/021.JPG,1,VisA/capsules/Data/Images/Anomaly/021.JPG,1500,1000,tiny_only,1,1,0,/root/private_data/iad-vlm-anomaly/datasets/VisA/capsules/Data/Masks/Anomaly/021.png,False,41.9071792602539
35ed1b29dc27265ecc7a2bb5,VisA,capsules,evaluation,source_fit,/root/private_data/iad-vlm-anomaly/datasets/VisA/capsules/Data/Images/Anomaly/022.JPG,1,VisA/capsules/Data/Images/Anomaly/022.JPG,1500,1000,tiny_only,1,1,0,/root/private_data/iad-vlm-anomaly/datasets/VisA/capsules/Data/Masks/Anomaly/022.png,False,41.9071792602539
45dd9375e0018b2b01b0ca8e,VisA,capsules,evaluation,source_fit,/root/private_data/iad-vlm-anomaly/datasets/VisA/capsules/Data/Images/Anomaly/023.JPG,1,VisA/capsules/Data/Images/Anomaly/023.JPG,1500,1000,tiny_only,1,1,0,/root/private_data/iad-vlm-anomaly/datasets/VisA/capsules/Data/Masks/Anomaly/023.png,False,41.9071792602539
43c3e7b030bf71e4a1e156d7,VisA,capsules,evaluation,source_fit,/root/private_data/iad-vlm-anomaly/datasets/VisA/capsules/Data/Images/Anomaly/024.JPG,1,VisA/capsules/Data/Images/Anomaly/024.JPG,1500,1000,tiny_only,1,1,0,/root/private_data/iad-vlm-anomaly/datasets/VisA/capsules/Data/Masks/Anomaly/024.png,False,41.9071792602539
c36619b63c9043eed4c5849b,VisA,capsules,evaluation,source_fit,/root/private_data/iad-vlm-anomaly/datasets/VisA/capsules/Data/Images/Anomaly/025.JPG,1,VisA/capsules/Data/Images/Anomaly/025.JPG,1500,1000,mixed_tiny,3,2,0,/root/private_data/iad-vlm-anomaly/datasets/VisA/capsules/Data/Masks/Anomaly/025.png,False,41.9071792602539
6d5929d061d0833f7db7f212,VisA,capsules,evaluation,source_fit,/root/private_data/iad-vlm-anomaly/datasets/VisA/capsules/Data/Images/Anomaly/026.JPG,1,VisA/capsules/Data/Images/Anomaly/026.JPG,1500,1000,other_anomaly,1,0,0,/root/private_data/iad-vlm-anomaly/datasets/VisA/capsules/Data/Masks/Anomaly/026.png,False,41.9071792602539
25af3dad41b1dd1d352cfeb9,VisA,capsules,evaluation,source_fit,/root/private_data/iad-vlm-anomaly/datasets/VisA/capsules/Data/Images/Anomaly/027.JPG,1,VisA/capsules/Data/Images/Anomaly/027.JPG,1500,1000,tiny_only,1,1,0,/root/private_data/iad-vlm-anomaly/datasets/VisA/capsules/Data/Masks/Anomaly/027.png,False,41.9071792602539
b55514a565c6afe55eec2519,VisA,capsules,evaluation,source_fit,/root/private_data/iad-vlm-anomaly/datasets/VisA/capsules/Data/Images/Anomaly/028.JPG,1,VisA/capsules/Data/Images/Anomaly/028.JPG,1500,1000,other_anomaly,1,0,0,/root/private_data/iad-vlm-anomaly/datasets/VisA/capsules/Data/Masks/Anomaly/028.png,False,41.9071792602539
42e847a39519793337b1bcc3,VisA,capsules,evaluation,source_fit,/root/private_data/iad-vlm-anomaly/datasets/VisA/capsules/Data/Images/Anomaly/029.JPG,1,VisA/capsules/Data/Images/Anomaly/029.JPG,1500,1000,tiny_only,1,1,0,/root/private_data/iad-vlm-anomaly/datasets/VisA/capsules/Data/Masks/Anomaly/029.png,False,41.9071792602539
721f15c7da361dff53afdf8c,VisA,capsules,evaluation,source_fit,/root/private_data/iad-vlm-anomaly/datasets/VisA/capsules/Data/Images/Anomaly/030.JPG,1,VisA/capsules/Data/Images/Anomaly/030.JPG,1500,1000,tiny_only,1,1,0,/root/private_data/iad-vlm-anomaly/datasets/VisA/capsules/Data/Masks/Anomaly/030.png,False,41.9071792602539
c2901b191e7526e7a08e1eea,VisA,capsules,evaluation,source_fit,/root/private_data/iad-vlm-anomaly/datasets/VisA/capsules/Data/Images/Anomaly/031.JPG,1,VisA/capsules/Data/Images/Anomaly/031.JPG,1500,1000,tiny_only,1,1,0,/root/private_data/iad-vlm-anomaly/datasets/VisA/capsules/Data/Masks/Anomaly/031.png,False,41.9071792602539
62b5760cd361553de8da2449,VisA,capsules,evaluation,source_fit,/root/private_data/iad-vlm-anomaly/datasets/VisA/capsules/Data/Images/Anomaly/032.JPG,1,VisA/capsules/Data/Images/Anomaly/032.JPG,1500,1000,tiny_only,1,1,0,/root/private_data/iad-vlm-anomaly/datasets/VisA/capsules/Data/Masks/Anomaly/032.png,False,41.9071792602539
81bcf0781bf56862fae25e1a,VisA,capsules,evaluation,source_fit,/root/private_data/iad-vlm-anomaly/datasets/VisA/capsules/Data/Images/Anomaly/033.JPG,1,VisA/capsules/Data/Images/Anomaly/033.JPG,1500,1000,tiny_only,1,1,0,/root/private_data/iad-vlm-anomaly/datasets/VisA/capsules/Data/Masks/Anomaly/033.png,False,41.9071792602539
55ad57b3e25e9cd7d640dbfe,VisA,capsules,evaluation,source_fit,/root/private_data/iad-vlm-anomaly/datasets/VisA/capsules/Data/Images/Anomaly/034.JPG,1,VisA/capsules/Data/Images/Anomaly/034.JPG,1500,1000,tiny_only,1,1,0,/root/private_data/iad-vlm-anomaly/datasets/VisA/capsules/Data/Masks/Anomaly/034.png,False,41.9071792602539
9ffaa14ec0fab9931f2cb5c3,VisA,capsules,evaluation,source_fit,/root/private_data/iad-vlm-anomaly/datasets/VisA/capsules/Data/Images/Anomaly/035.JPG,1,VisA/capsules/Data/Images/Anomaly/035.JPG,1500,1000,tiny_only,1,1,0,/root/private_data/iad-vlm-anomaly/datasets/VisA/capsules/Data/Masks/Anomaly/035.png,False,41.9071792602539
98aea145bbef2f2f060d0a8b,VisA,capsules,evaluation,source_fit,/root/private_data/iad-vlm-anomaly/datasets/VisA/capsules/Data/Images/Anomaly/036.JPG,1,VisA/capsules/Data/Images/Anomaly/036.JPG,1500,1000,tiny_only,2,2,0,/root/private_data/iad-vlm-anomaly/datasets/VisA/capsules/Data/Masks/Anomaly/036.png,False,41.9071792602539
3b66f59f9c5ac43c885e27ed,VisA,capsules,evaluation,source_fit,/root/private_data/iad-vlm-anomaly/datasets/VisA/capsules/Data/Images/Anomaly/037.JPG,1,VisA/capsules/Data/Images/Anomaly/037.JPG,1500,1000,tiny_only,1,1,0,/root/private_data/iad-vlm-anomaly/datasets/VisA/capsules/Data/Masks/Anomaly/037.png,False,41.9071792602539
80c79373680ca72bd693d783,VisA,capsules,evaluation,source_fit,/root/private_data/iad-vlm-anomaly/datasets/VisA/capsules/Data/Images/Anomaly/038.JPG,1,VisA/capsules/Data/Images/Anomaly/038.JPG,1500,1000,tiny_only,1,1,0,/root/private_data/iad-vlm-anomaly/datasets/VisA/capsules/Data/Masks/Anomaly/038.png,False,41.9071792602539
30f48754fa679c36708dda03,VisA,capsules,evaluation,source_fit,/root/private_data/iad-vlm-anomaly/datasets/VisA/capsules/Data/Images/Anomaly/039.JPG,1,VisA/capsules/Data/Images/Anomaly/039.JPG,1500,1000,tiny_only,1,1,0,/root/private_data/iad-vlm-anomaly/datasets/VisA/capsules/Data/Masks/Anomaly/039.png,False,41.9071792602539
7de613b617ed3cbafbc6b3c9,VisA,capsules,evaluation,source_fit,/root/private_data/iad-vlm-anomaly/datasets/VisA/capsules/Data/Images/Anomaly/040.JPG,1,VisA/capsules/Data/Images/Anomaly/040.JPG,1500,1000,tiny_only,1,1,0,/root/private_data/iad-vlm-anomaly/datasets/VisA/capsules/Data/Masks/Anomaly/040.png,False,41.9071792602539
71af10410082da9596ced49b,VisA,capsules,evaluation,source_fit,/root/private_data/iad-vlm-anomaly/datasets/VisA/capsules/Data/Images/Anomaly/041.JPG,1,VisA/capsules/Data/Images/Anomaly/041.JPG,1500,1000,tiny_only,1,1,0,/root/private_data/iad-vlm-anomaly/datasets/VisA/capsules/Data/Masks/Anomaly/041.png,False,41.9071792602539
e29e79ba3e27a55803f6acea,VisA,capsules,evaluation,source_fit,/root/private_data/iad-vlm-anomaly/datasets/VisA/capsules/Data/Images/Anomaly/042.JPG,1,VisA/capsules/Data/Images/Anomaly/042.JPG,1500,1000,tiny_only,1,1,0,/root/private_data/iad-vlm-anomaly/datasets/VisA/capsules/Data/Masks/Anomaly/042.png,False,41.9071792602539
804fa77a446eb0413bbb56f8,VisA,capsules,evaluation,source_fit,/root/private_data/iad-vlm-anomaly/datasets/VisA/capsules/Data/Images/Anomaly/043.JPG,1,VisA/capsules/Data/Images/Anomaly/043.JPG,1500,1000,tiny_only,1,1,0,/root/private_data/iad-vlm-anomaly/datasets/VisA/capsules/Data/Masks/Anomaly/043.png,False,41.9071792602539
346c5897461de3a44f7daf03,VisA,capsules,evaluation,source_fit,/root/private_data/iad-vlm-anomaly/datasets/VisA/capsules/Data/Images/Anomaly/044.JPG,1,VisA/capsules/Data/Images/Anomaly/044.JPG,1500,1000,tiny_only,1,1,0,/root/private_data/iad-vlm-anomaly/datasets/VisA/capsules/Data/Masks/Anomaly/044.png,False,41.9071792602539
05b91854e3218bb7fff74ab9,VisA,capsules,evaluation,source_fit,/root/private_data/iad-vlm-anomaly/datasets/VisA/capsules/Data/Images/Anomaly/045.JPG,1,VisA/capsules/Data/Images/Anomaly/045.JPG,1500,1000,other_anomaly,1,0,0,/root/private_data/iad-vlm-anomaly/datasets/VisA/capsules/Data/Masks/Anomaly/045.png,False,41.9071792602539
efaa48865bd8733baeea305f,VisA,capsules,evaluation,source_fit,/root/private_data/iad-vlm-anomaly/datasets/VisA/capsules/Data/Images/Anomaly/046.JPG,1,VisA/capsules/Data/Images/Anomaly/046.JPG,1500,1000,other_anomaly,1,0,0,/root/private_data/iad-vlm-anomaly/datasets/VisA/capsules/Data/Masks/Anomaly/046.png,False,41.9071792602539
fa8b1a5066d24b182917e091,VisA,capsules,evaluation,source_fit,/root/private_data/iad-vlm-anomaly/datasets/VisA/capsules/Data/Images/Anomaly/047.JPG,1,VisA/capsules/Data/Images/Anomaly/047.JPG,1500,1000,mixed_tiny,3,1,0,/root/private_data/iad-vlm-anomaly/datasets/VisA/capsules/Data/Masks/Anomaly/047.png,False,41.9071792602539
1aea693e1f4615c67d9117cd,VisA,capsules,evaluation,source_fit,/root/private_data/iad-vlm-anomaly/datasets/VisA/capsules/Data/Images/Anomaly/048.JPG,1,VisA/capsules/Data/Images/Anomaly/048.JPG,1500,1000,other_anomaly,2,0,0,/root/private_data/iad-vlm-anomaly/datasets/VisA/capsules/Data/Masks/Anomaly/048.png,False,41.9071792602539
074325c08472083d737fcba6,VisA,capsules,evaluation,source_fit,/root/private_data/iad-vlm-anomaly/datasets/VisA/capsules/Data/Images/Anomaly/049.JPG,1,VisA/capsules/Data/Images/Anomaly/049.JPG,1500,1000,other_anomaly,2,0,0,/root/private_data/iad-vlm-anomaly/datasets/VisA/capsules/Data/Masks/Anomaly/049.png,False,41.9071792602539
2a7e6ad0e13612f0c7fcb2d0,VisA,capsules,evaluation,source_fit,/root/private_data/iad-vlm-anomaly/datasets/VisA/capsules/Data/Images/Anomaly/050.JPG,1,VisA/capsules/Data/Images/Anomaly/050.JPG,1500,1000,other_anomaly,2,0,0,/root/private_data/iad-vlm-anomaly/datasets/VisA/capsules/Data/Masks/Anomaly/050.png,False,41.9071792602539
fdc91d030e27f69309e2cc82,VisA,capsules,evaluation,source_fit,/root/private_data/iad-vlm-anomaly/datasets/VisA/capsules/Data/Images/Anomaly/051.JPG,1,VisA/capsules/Data/Images/Anomaly/051.JPG,1500,1000,other_anomaly,2,0,0,/root/private_data/iad-vlm-anomaly/datasets/VisA/capsules/Data/Masks/Anomaly/051.png,False,41.9071792602539
c6a064efd1864d8a74744a35,VisA,capsules,evaluation,source_fit,/root/private_data/iad-vlm-anomaly/datasets/VisA/capsules/Data/Images/Anomaly/052.JPG,1,VisA/capsules/Data/Images/Anomaly/052.JPG,1500,1000,other_anomaly,2,0,0,/root/private_data/iad-vlm-anomaly/datasets/VisA/capsules/Data/Masks/Anomaly/052.png,False,41.9071792602539
edb69f8b12ecaa270a8cd4f2,VisA,capsules,evaluation,source_fit,/root/private_data/iad-vlm-anomaly/datasets/VisA/capsules/Data/Images/Anomaly/053.JPG,1,VisA/capsules/Data/Images/Anomaly/053.JPG,1500,1000,other_anomaly,2,0,0,/root/private_data/iad-vlm-anomaly/datasets/VisA/capsules/Data/Masks/Anomaly/053.png,False,41.9071792602539
367825824fbf202a48c58ab2,VisA,capsules,evaluation,source_fit,/root/private_data/iad-vlm-anomaly/datasets/VisA/capsules/Data/Images/Anomaly/054.JPG,1,VisA/capsules/Data/Images/Anomaly/054.JPG,1500,1000,mixed_tiny,5,3,0,/root/private_data/iad-vlm-anomaly/datasets/VisA/capsules/Data/Masks/Anomaly/054.png,False,41.9071792602539
7c1b1c4c5673ab73918750cb,VisA,capsules,evaluation,source_fit,/root/private_data/iad-vlm-anomaly/datasets/VisA/capsules/Data/Images/Anomaly/055.JPG,1,VisA/capsules/Data/Images/Anomaly/055.JPG,1500,1000,other_anomaly,2,0,0,/root/private_data/iad-vlm-anomaly/datasets/VisA/capsules/Data/Masks/Anomaly/055.png,False,41.9071792602539
49d11e476e0c779cef4550b9,VisA,capsules,evaluation,source_fit,/root/private_data/iad-vlm-anomaly/datasets/VisA/capsules/Data/Images/Anomaly/056.JPG,1,VisA/capsules/Data/Images/Anomaly/056.JPG,1500,1000,other_anomaly,1,0,0,/root/private_data/iad-vlm-anomaly/datasets/VisA/capsules/Data/Masks/Anomaly/056.png,False,41.9071792602539
39e7cd68f53b712ca8b8f1df,VisA,capsules,evaluation,source_fit,/root/private_data/iad-vlm-anomaly/datasets/VisA/capsules/Data/Images/Anomaly/057.JPG,1,VisA/capsules/Data/Images/Anomaly/057.JPG,1500,1000,other_anomaly,1,0,0,/root/private_data/iad-vlm-anomaly/datasets/VisA/capsules/Data/Masks/Anomaly/057.png,False,41.9071792602539
928c5a36a36da37b5f9d1f90,VisA,capsules,evaluation,source_fit,/root/private_data/iad-vlm-anomaly/datasets/VisA/capsules/Data/Images/Anomaly/058.JPG,1,VisA/capsules/Data/Images/Anomaly/058.JPG,1500,1000,other_anomaly,2,0,0,/root/private_data/iad-vlm-anomaly/datasets/VisA/capsules/Data/Masks/Anomaly/058.png,False,41.9071792602539
d579527da6cfe5dbe0a1e2ca,VisA,capsules,evaluation,source_fit,/root/private_data/iad-vlm-anomaly/datasets/VisA/capsules/Data/Images/Anomaly/059.JPG,1,VisA/capsules/Data/Images/Anomaly/059.JPG,1500,1000,other_anomaly,1,0,0,/root/private_data/iad-vlm-anomaly/datasets/VisA/capsules/Data/Masks/Anomaly/059.png,False,41.9071792602539
8eb64ff5814eafd0aa3f1144,VisA,capsules,evaluation,source_fit,/root/private_data/iad-vlm-anomaly/datasets/VisA/capsules/Data/Images/Anomaly/060.JPG,1,VisA/capsules/Data/Images/Anomaly/060.JPG,1500,1000,other_anomaly,2,0,0,/root/private_data/iad-vlm-anomaly/datasets/VisA/capsules/Data/Masks/Anomaly/060.png,False,41.9071792602539
f4204410b976824fb49a7187,VisA,capsules,evaluation,source_fit,/root/private_data/iad-vlm-anomaly/datasets/VisA/capsules/Data/Images/Anomaly/061.JPG,1,VisA/capsules/Data/Images/Anomaly/061.JPG,1500,1000,other_anomaly,2,0,0,/root/private_data/iad-vlm-anomaly/datasets/VisA/capsules/Data/Masks/Anomaly/061.png,False,41.9071792602539
c6422a5d81dfc9f98364e959,VisA,capsules,evaluation,source_fit,/root/private_data/iad-vlm-anomaly/datasets/VisA/capsules/Data/Images/Anomaly/062.JPG,1,VisA/capsules/Data/Images/Anomaly/062.JPG,1500,1000,other_anomaly,2,0,0,/root/private_data/iad-vlm-anomaly/datasets/VisA/capsules/Data/Masks/Anomaly/062.png,False,41.9071792602539
8a082ff8154b35e3ddade297,VisA,capsules,evaluation,source_fit,/root/private_data/iad-vlm-anomaly/datasets/VisA/capsules/Data/Images/Anomaly/063.JPG,1,VisA/capsules/Data/Images/Anomaly/063.JPG,1500,1000,other_anomaly,1,0,0,/root/private_data/iad-vlm-anomaly/datasets/VisA/capsules/Data/Masks/Anomaly/063.png,False,41.9071792602539
38e48d375151c434affdea91,VisA,capsules,evaluation,source_fit,/root/private_data/iad-vlm-anomaly/datasets/VisA/capsules/Data/Images/Anomaly/064.JPG,1,VisA/capsules/Data/Images/Anomaly/064.JPG,1500,1000,other_anomaly,1,0,0,/root/private_data/iad-vlm-anomaly/datasets/VisA/capsules/Data/Masks/Anomaly/064.png,False,41.9071792602539
cd0b7ac8eb7457bdf41f885a,VisA,capsules,evaluation,source_fit,/root/private_data/iad-vlm-anomaly/datasets/VisA/capsules/Data/Images/Anomaly/065.JPG,1,VisA/capsules/Data/Images/Anomaly/065.JPG,1500,1000,other_anomaly,1,0,0,/root/private_data/iad-vlm-anomaly/datasets/VisA/capsules/Data/Masks/Anomaly/065.png,False,41.9071792602539
ec5a449b5eefaff119825918,VisA,capsules,evaluation,source_fit,/root/private_data/iad-vlm-anomaly/datasets/VisA/capsules/Data/Images/Anomaly/066.JPG,1,VisA/capsules/Data/Images/Anomaly/066.JPG,1500,1000,other_anomaly,1,0,0,/root/private_data/iad-vlm-anomaly/datasets/VisA/capsules/Data/Masks/Anomaly/066.png,False,41.9071792602539
0e3e18366515ae2514a8e77d,VisA,capsules,evaluation,source_fit,/root/private_data/iad-vlm-anomaly/datasets/VisA/capsules/Data/Images/Anomaly/067.JPG,1,VisA/capsules/Data/Images/Anomaly/067.JPG,1500,1000,other_anomaly,1,0,0,/root/private_data/iad-vlm-anomaly/datasets/VisA/capsules/Data/Masks/Anomaly/067.png,False,41.9071792602539
d0eb64421295aa0bcc678ab8,VisA,capsules,evaluation,source_fit,/root/private_data/iad-vlm-anomaly/datasets/VisA/capsules/Data/Images/Anomaly/068.JPG,1,VisA/capsules/Data/Images/Anomaly/068.JPG,1500,1000,other_anomaly,1,0,0,/root/private_data/iad-vlm-anomaly/datasets/VisA/capsules/Data/Masks/Anomaly/068.png,False,41.9071792602539
77defa5063eedec887997eb2,VisA,capsules,evaluation,source_fit,/root/private_data/iad-vlm-anomaly/datasets/VisA/capsules/Data/Images/Anomaly/069.JPG,1,VisA/capsules/Data/Images/Anomaly/069.JPG,1500,1000,other_anomaly,1,0,0,/root/private_data/iad-vlm-anomaly/datasets/VisA/capsules/Data/Masks/Anomaly/069.png,False,41.9071792602539
7668cac7cf3127b106685eca,VisA,capsules,evaluation,source_fit,/root/private_data/iad-vlm-anomaly/datasets/VisA/capsules/Data/Images/Anomaly/070.JPG,1,VisA/capsules/Data/Images/Anomaly/070.JPG,1500,1000,other_anomaly,1,0,0,/root/private_data/iad-vlm-anomaly/datasets/VisA/capsules/Data/Masks/Anomaly/070.png,False,41.9071792602539
1e834e3ec0a0f99cc61db643,VisA,capsules,evaluation,source_fit,/root/private_data/iad-vlm-anomaly/datasets/VisA/capsules/Data/Images/Anomaly/071.JPG,1,VisA/capsules/Data/Images/Anomaly/071.JPG,1500,1000,other_anomaly,1,0,0,/root/private_data/iad-vlm-anomaly/datasets/VisA/capsules/Data/Masks/Anomaly/071.png,False,41.9071792602539
0b38ea5bd86c4923a78bc374,VisA,capsules,evaluation,source_fit,/root/private_data/iad-vlm-anomaly/datasets/VisA/capsules/Data/Images/Anomaly/072.JPG,1,VisA/capsules/Data/Images/Anomaly/072.JPG,1500,1000,other_anomaly,1,0,0,/root/private_data/iad-vlm-anomaly/datasets/VisA/capsules/Data/Masks/Anomaly/072.png,False,41.9071792602539
8413c67bf75249480fff74f6,VisA,capsules,evaluation,source_fit,/root/private_data/iad-vlm-anomaly/datasets/VisA/capsules/Data/Images/Anomaly/073.JPG,1,VisA/capsules/Data/Images/Anomaly/073.JPG,1500,1000,other_anomaly,1,0,0,/root/private_data/iad-vlm-anomaly/datasets/VisA/capsules/Data/Masks/Anomaly/073.png,False,41.9071792602539
3c74e62c8d3924662e67cd75,VisA,capsules,evaluation,source_fit,/root/private_data/iad-vlm-anomaly/datasets/VisA/capsules/Data/Images/Anomaly/074.JPG,1,VisA/capsules/Data/Images/Anomaly/074.JPG,1500,1000,other_anomaly,1,0,0,/root/private_data/iad-vlm-anomaly/datasets/VisA/capsules/Data/Masks/Anomaly/074.png,False,41.9071792602539
ccf5db34214f8a47bd3d9d28,VisA,capsules,evaluation,source_fit,/root/private_data/iad-vlm-anomaly/datasets/VisA/capsules/Data/Images/Anomaly/075.JPG,1,VisA/capsules/Data/Images/Anomaly/075.JPG,1500,1000,other_anomaly,1,0,0,/root/private_data/iad-vlm-anomaly/datasets/VisA/capsules/Data/Masks/Anomaly/075.png,False,41.9071792602539
c57e44b3346aa5e39fc1f089,VisA,capsules,evaluation,source_fit,/root/private_data/iad-vlm-anomaly/datasets/VisA/capsules/Data/Images/Anomaly/076.JPG,1,VisA/capsules/Data/Images/Anomaly/076.JPG,1500,1000,other_anomaly,1,0,0,/root/private_data/iad-vlm-anomaly/datasets/VisA/capsules/Data/Masks/Anomaly/076.png,False,41.9071792602539
747508bd75973f9def4f00a9,VisA,capsules,evaluation,source_fit,/root/private_data/iad-vlm-anomaly/datasets/VisA/capsules/Data/Images/Anomaly/077.JPG,1,VisA/capsules/Data/Images/Anomaly/077.JPG,1500,1000,other_anomaly,1,0,0,/root/private_data/iad-vlm-anomaly/datasets/VisA/capsules/Data/Masks/Anomaly/077.png,False,41.9071792602539
ed855d61c593ddac773b16e3,VisA,capsules,evaluation,source_fit,/root/private_data/iad-vlm-anomaly/datasets/VisA/capsules/Data/Images/Anomaly/078.JPG,1,VisA/capsules/Data/Images/Anomaly/078.JPG,1500,1000,other_anomaly,1,0,0,/root/private_data/iad-vlm-anomaly/datasets/VisA/capsules/Data/Masks/Anomaly/078.png,False,41.9071792602539
9c14550990169152bef6e22a,VisA,capsules,evaluation,source_fit,/root/private_data/iad-vlm-anomaly/datasets/VisA/capsules/Data/Images/Anomaly/079.JPG,1,VisA/capsules/Data/Images/Anomaly/079.JPG,1500,1000,other_anomaly,1,0,0,/root/private_data/iad-vlm-anomaly/datasets/VisA/capsules/Data/Masks/Anomaly/079.png,False,41.9071792602539
1231df93803c72ad88984451,VisA,capsules,evaluation,source_fit,/root/private_data/iad-vlm-anomaly/datasets/VisA/capsules/Data/Images/Anomaly/080.JPG,1,VisA/capsules/Data/Images/Anomaly/080.JPG,1500,1000,other_anomaly,1,0,0,/root/private_data/iad-vlm-anomaly/datasets/VisA/capsules/Data/Masks/Anomaly/080.png,False,41.9071792602539
6f06d90ad80841cb588a5caf,VisA,capsules,evaluation,source_fit,/root/private_data/iad-vlm-anomaly/datasets/VisA/capsules/Data/Images/Anomaly/081.JPG,1,VisA/capsules/Data/Images/Anomaly/081.JPG,1500,1000,other_anomaly,1,0,0,/root/private_data/iad-vlm-anomaly/datasets/VisA/capsules/Data/Masks/Anomaly/081.png,False,41.9071792602539
6f89fb3b1474729f2e89063a,VisA,capsules,evaluation,source_fit,/root/private_data/iad-vlm-anomaly/datasets/VisA/capsules/Data/Images/Anomaly/082.JPG,1,VisA/capsules/Data/Images/Anomaly/082.JPG,1500,1000,other_anomaly,1,0,0,/root/private_data/iad-vlm-anomaly/datasets/VisA/capsules/Data/Masks/Anomaly/082.png,False,41.9071792602539
690c94ddc3eb0acc0d7ac268,VisA,capsules,evaluation,source_fit,/root/private_data/iad-vlm-anomaly/datasets/VisA/capsules/Data/Images/Anomaly/083.JPG,1,VisA/capsules/Data/Images/Anomaly/083.JPG,1500,1000,other_anomaly,1,0,0,/root/private_data/iad-vlm-anomaly/datasets/VisA/capsules/Data/Masks/Anomaly/083.png,False,41.9071792602539
63d72d4c3d76aa492c2db741,VisA,capsules,evaluation,source_fit,/root/private_data/iad-vlm-anomaly/datasets/VisA/capsules/Data/Images/Anomaly/084.JPG,1,VisA/capsules/Data/Images/Anomaly/084.JPG,1500,1000,other_anomaly,1,0,0,/root/private_data/iad-vlm-anomaly/datasets/VisA/capsules/Data/Masks/Anomaly/084.png,False,41.9071792602539
2dcba40fe36bbfa17f56a50c,VisA,capsules,evaluation,source_fit,/root/private_data/iad-vlm-anomaly/datasets/VisA/capsules/Data/Images/Anomaly/085.JPG,1,VisA/capsules/Data/Images/Anomaly/085.JPG,1500,1000,mixed_tiny,4,3,0,/root/private_data/iad-vlm-anomaly/datasets/VisA/capsules/Data/Masks/Anomaly/085.png,False,41.9071792602539
5eaa195ea317cabd8658d9e5,VisA,capsules,evaluation,source_fit,/root/private_data/iad-vlm-anomaly/datasets/VisA/capsules/Data/Images/Anomaly/086.JPG,1,VisA/capsules/Data/Images/Anomaly/086.JPG,1500,1000,tiny_only,2,2,0,/root/private_data/iad-vlm-anomaly/datasets/VisA/capsules/Data/Masks/Anomaly/086.png,False,41.9071792602539
ec4e2218a0ba582042b6b5bb,VisA,capsules,evaluation,source_fit,/root/private_data/iad-vlm-anomaly/datasets/VisA/capsules/Data/Images/Anomaly/087.JPG,1,VisA/capsules/Data/Images/Anomaly/087.JPG,1500,1000,tiny_only,11,11,0,/root/private_data/iad-vlm-anomaly/datasets/VisA/capsules/Data/Masks/Anomaly/087.png,False,41.9071792602539
37d915e603b9ccdd2eab691d,VisA,capsules,evaluation,source_fit,/root/private_data/iad-vlm-anomaly/datasets/VisA/capsules/Data/Images/Anomaly/088.JPG,1,VisA/capsules/Data/Images/Anomaly/088.JPG,1500,1000,mixed_tiny,2,1,1,/root/private_data/iad-vlm-anomaly/datasets/VisA/capsules/Data/Masks/Anomaly/088.png,False,41.9071792602539
3d1ac6166461c3ade74fcc1a,VisA,capsules,evaluation,source_fit,/root/private_data/iad-vlm-anomaly/datasets/VisA/capsules/Data/Images/Anomaly/089.JPG,1,VisA/capsules/Data/Images/Anomaly/089.JPG,1500,1000,tiny_only,2,2,0,/root/private_data/iad-vlm-anomaly/datasets/VisA/capsules/Data/Masks/Anomaly/089.png,False,41.9071792602539
8464956cf1c5d0f0c6546da1,VisA,capsules,evaluation,source_fit,/root/private_data/iad-vlm-anomaly/datasets/VisA/capsules/Data/Images/Anomaly/090.JPG,1,VisA/capsules/Data/Images/Anomaly/090.JPG,1500,1000,tiny_only,3,3,0,/root/private_data/iad-vlm-anomaly/datasets/VisA/capsules/Data/Masks/Anomaly/090.png,False,41.9071792602539
a1ee847507401a76c6f0e428,VisA,capsules,evaluation,source_fit,/root/private_data/iad-vlm-anomaly/datasets/VisA/capsules/Data/Images/Anomaly/091.JPG,1,VisA/capsules/Data/Images/Anomaly/091.JPG,1500,1000,tiny_only,2,2,0,/root/private_data/iad-vlm-anomaly/datasets/VisA/capsules/Data/Masks/Anomaly/091.png,False,41.9071792602539
9d8aa15592ea05df0ee5d4d6,VisA,capsules,evaluation,source_fit,/root/private_data/iad-vlm-anomaly/datasets/VisA/capsules/Data/Images/Anomaly/092.JPG,1,VisA/capsules/Data/Images/Anomaly/092.JPG,1500,1000,tiny_only,1,1,0,/root/private_data/iad-vlm-anomaly/datasets/VisA/capsules/Data/Masks/Anomaly/092.png,False,41.9071792602539
50f664187194dfa448be093d,VisA,capsules,evaluation,source_fit,/root/private_data/iad-vlm-anomaly/datasets/VisA/capsules/Data/Images/Anomaly/093.JPG,1,VisA/capsules/Data/Images/Anomaly/093.JPG,1500,1000,mixed_tiny,2,1,1,/root/private_data/iad-vlm-anomaly/datasets/VisA/capsules/Data/Masks/Anomaly/093.png,False,41.9071792602539
1105707fa54824973b85fcd2,VisA,capsules,evaluation,source_fit,/root/private_data/iad-vlm-anomaly/datasets/VisA/capsules/Data/Images/Anomaly/094.JPG,1,VisA/capsules/Data/Images/Anomaly/094.JPG,1500,1000,tiny_only,5,5,0,/root/private_data/iad-vlm-anomaly/datasets/VisA/capsules/Data/Masks/Anomaly/094.png,False,41.9071792602539
e290027671c01f76b8bcf690,VisA,capsules,evaluation,source_fit,/root/private_data/iad-vlm-anomaly/datasets/VisA/capsules/Data/Images/Anomaly/095.JPG,1,VisA/capsules/Data/Images/Anomaly/095.JPG,1500,1000,mixed_tiny,2,1,1,/root/private_data/iad-vlm-anomaly/datasets/VisA/capsules/Data/Masks/Anomaly/095.png,False,41.9071792602539
64587f67aef7ad1557251435,VisA,capsules,evaluation,source_fit,/root/private_data/iad-vlm-anomaly/datasets/VisA/capsules/Data/Images/Anomaly/096.JPG,1,VisA/capsules/Data/Images/Anomaly/096.JPG,1500,1000,other_anomaly,1,0,0,/root/private_data/iad-vlm-anomaly/datasets/VisA/capsules/Data/Masks/Anomaly/096.png,False,41.9071792602539
a41ee7bc6d532342670c3c50,VisA,capsules,evaluation,source_fit,/root/private_data/iad-vlm-anomaly/datasets/VisA/capsules/Data/Images/Anomaly/097.JPG,1,VisA/capsules/Data/Images/Anomaly/097.JPG,1500,1000,tiny_only,9,9,0,/root/private_data/iad-vlm-anomaly/datasets/VisA/capsules/Data/Masks/Anomaly/097.png,False,41.9071792602539
a2f26a5fbd8b77618e5176d2,VisA,capsules,evaluation,source_fit,/root/private_data/iad-vlm-anomaly/datasets/VisA/capsules/Data/Images/Anomaly/098.JPG,1,VisA/capsules/Data/Images/Anomaly/098.JPG,1500,1000,tiny_only,1,1,0,/root/private_data/iad-vlm-anomaly/datasets/VisA/capsules/Data/Masks/Anomaly/098.png,False,41.9071792602539
c8c14f6187a0f1c4e341d7e2,VisA,capsules,evaluation,source_fit,/root/private_data/iad-vlm-anomaly/datasets/VisA/capsules/Data/Images/Anomaly/099.JPG,1,VisA/capsules/Data/Images/Anomaly/099.JPG,1500,1000,mixed_tiny,4,3,0,/root/private_data/iad-vlm-anomaly/datasets/VisA/capsules/Data/Masks/Anomaly/099.png,False,41.9071792602539
231379537caa4174d94051e2,VisA,chewinggum,evaluation,source_fit,/root/private_data/iad-vlm-anomaly/datasets/VisA/chewinggum/Data/Images/Normal/352.JPG,0,VisA/chewinggum/Data/Images/Normal/352.JPG,1342,1118,normal,0,0,0,,False,38.8553108215332
fcece3d2025e9e0dc3fd3593,VisA,chewinggum,evaluation,source_fit,/root/private_data/iad-vlm-anomaly/datasets/VisA/chewinggum/Data/Images/Normal/104.JPG,0,VisA/chewinggum/Data/Images/Normal/104.JPG,1342,1118,normal,0,0,0,,False,38.8553108215332
a0116ed039f83a48335ae1d0,VisA,chewinggum,evaluation,source_fit,/root/private_data/iad-vlm-anomaly/datasets/VisA/chewinggum/Data/Images/Normal/337.JPG,0,VisA/chewinggum/Data/Images/Normal/337.JPG,1342,1118,normal,0,0,0,,False,38.8553108215332
34a63268a8fdeb1b262e5143,VisA,chewinggum,evaluation,source_fit,/root/private_data/iad-vlm-anomaly/datasets/VisA/chewinggum/Data/Images/Normal/213.JPG,0,VisA/chewinggum/Data/Images/Normal/213.JPG,1342,1118,normal,0,0,0,,False,38.8553108215332
cd3a367d4ef0cdebd425f875,VisA,chewinggum,evaluation,source_fit,/root/private_data/iad-vlm-anomaly/datasets/VisA/chewinggum/Data/Images/Normal/276.JPG,0,VisA/chewinggum/Data/Images/Normal/276.JPG,1342,1118,normal,0,0,0,,False,38.8553108215332
7bb9f16e9d0af04f5dd648e4,VisA,chewinggum,evaluation,source_fit,/root/private_data/iad-vlm-anomaly/datasets/VisA/chewinggum/Data/Images/Normal/402.JPG,0,VisA/chewinggum/Data/Images/Normal/402.JPG,1342,1118,normal,0,0,0,,False,38.8553108215332
e256bf7f650988a8e67a64e4,VisA,chewinggum,evaluation,source_fit,/root/private_data/iad-vlm-anomaly/datasets/VisA/chewinggum/Data/Images/Normal/166.JPG,0,VisA/chewinggum/Data/Images/Normal/166.JPG,1342,1118,normal,0,0,0,,False,38.8553108215332
a2ae477069878bb6baf54916,VisA,chewinggum,evaluation,source_fit,/root/private_data/iad-vlm-anomaly/datasets/VisA/chewinggum/Data/Images/Normal/013.JPG,0,VisA/chewinggum/Data/Images/Normal/013.JPG,1342,1118,normal,0,0,0,,False,38.8553108215332
10900085cd75ee1b01f3be8f,VisA,chewinggum,evaluation,source_fit,/root/private_data/iad-vlm-anomaly/datasets/VisA/chewinggum/Data/Images/Normal/050.JPG,0,VisA/chewinggum/Data/Images/Normal/050.JPG,1342,1118,normal,0,0,0,,False,38.8553108215332
c8f6682bf613e7f5e8b9e9a3,VisA,chewinggum,evaluation,source_fit,/root/private_data/iad-vlm-anomaly/datasets/VisA/chewinggum/Data/Images/Normal/400.JPG,0,VisA/chewinggum/Data/Images/Normal/400.JPG,1342,1118,normal,0,0,0,,False,38.8553108215332
39d6c269322b94c12d0f6a54,VisA,chewinggum,evaluation,source_fit,/root/private_data/iad-vlm-anomaly/datasets/VisA/chewinggum/Data/Images/Normal/461.JPG,0,VisA/chewinggum/Data/Images/Normal/461.JPG,1342,1118,normal,0,0,0,,False,38.8553108215332
643858384b2d2c8254ef5be0,VisA,chewinggum,evaluation,source_fit,/root/private_data/iad-vlm-anomaly/datasets/VisA/chewinggum/Data/Images/Normal/377.JPG,0,VisA/chewinggum/Data/Images/Normal/377.JPG,1342,1118,normal,0,0,0,,False,38.8553108215332
df28201302d74ac0fb6037a6,VisA,chewinggum,evaluation,source_fit,/root/private_data/iad-vlm-anomaly/datasets/VisA/chewinggum/Data/Images/Normal/006.JPG,0,VisA/chewinggum/Data/Images/Normal/006.JPG,1342,1118,normal,0,0,0,,False,38.8553108215332
52e013a1f13b98e39e33d574,VisA,chewinggum,evaluation,source_fit,/root/private_data/iad-vlm-anomaly/datasets/VisA/chewinggum/Data/Images/Normal/148.JPG,0,VisA/chewinggum/Data/Images/Normal/148.JPG,1342,1118,normal,0,0,0,,False,38.8553108215332
0460bfe75a262d4797c9b32d,VisA,chewinggum,evaluation,source_fit,/root/private_data/iad-vlm-anomaly/datasets/VisA/chewinggum/Data/Images/Normal/384.JPG,0,VisA/chewinggum/Data/Images/Normal/384.JPG,1342,1118,normal,0,0,0,,False,38.8553108215332
c46107bace7fa7c916d49c6f,VisA,chewinggum,evaluation,source_fit,/root/private_data/iad-vlm-anomaly/datasets/VisA/chewinggum/Data/Images/Normal/228.JPG,0,VisA/chewinggum/Data/Images/Normal/228.JPG,1342,1118,normal,0,0,0,,False,38.8553108215332
8f3748fa3473bf9a6a307781,VisA,chewinggum,evaluation,source_fit,/root/private_data/iad-vlm-anomaly/datasets/VisA/chewinggum/Data/Images/Normal/260.JPG,0,VisA/chewinggum/Data/Images/Normal/260.JPG,1342,1118,normal,0,0,0,,False,38.8553108215332
cd4093246e027baa9ffbd4b1,VisA,chewinggum,evaluation,source_fit,/root/private_data/iad-vlm-anomaly/datasets/VisA/chewinggum/Data/Images/Normal/435.JPG,0,VisA/chewinggum/Data/Images/Normal/435.JPG,1342,1118,normal,0,0,0,,False,38.8553108215332
9e8d59966a6eb48d80049191,VisA,chewinggum,evaluation,source_fit,/root/private_data/iad-vlm-anomaly/datasets/VisA/chewinggum/Data/Images/Normal/405.JPG,0,VisA/chewinggum/Data/Images/Normal/405.JPG,1342,1118,normal,0,0,0,,False,38.8553108215332
a7aa777741a381e36eb5dba3,VisA,chewinggum,evaluation,source_fit,/root/private_data/iad-vlm-anomaly/datasets/VisA/chewinggum/Data/Images/Normal/087.JPG,0,VisA/chewinggum/Data/Images/Normal/087.JPG,1342,1118,normal,0,0,0,,False,38.8553108215332
d662bf829831cb59e8ce8104,VisA,chewinggum,evaluation,source_fit,/root/private_data/iad-vlm-anomaly/datasets/VisA/chewinggum/Data/Images/Normal/324.JPG,0,VisA/chewinggum/Data/Images/Normal/324.JPG,1342,1118,normal,0,0,0,,False,38.8553108215332
a6332124138ca90beb26bc8a,VisA,chewinggum,evaluation,source_fit,/root/private_data/iad-vlm-anomaly/datasets/VisA/chewinggum/Data/Images/Normal/130.JPG,0,VisA/chewinggum/Data/Images/Normal/130.JPG,1342,1118,normal,0,0,0,,False,38.8553108215332
c1adf3870ae657fb808f3e6c,VisA,chewinggum,evaluation,source_fit,/root/private_data/iad-vlm-anomaly/datasets/VisA/chewinggum/Data/Images/Normal/392.JPG,0,VisA/chewinggum/Data/Images/Normal/392.JPG,1342,1118,normal,0,0,0,,False,38.8553108215332
2b482978d8bddd0b4febc783,VisA,chewinggum,evaluation,source_fit,/root/private_data/iad-vlm-anomaly/datasets/VisA/chewinggum/Data/Images/Normal/467.JPG,0,VisA/chewinggum/Data/Images/Normal/467.JPG,1342,1118,normal,0,0,0,,False,38.8553108215332
9470a7558ebde1d9476253c3,VisA,chewinggum,evaluation,source_fit,/root/private_data/iad-vlm-anomaly/datasets/VisA/chewinggum/Data/Images/Normal/143.JPG,0,VisA/chewinggum/Data/Images/Normal/143.JPG,1342,1118,normal,0,0,0,,False,38.8553108215332
b00e4d0903b4bf478306d4ea,VisA,chewinggum,evaluation,source_fit,/root/private_data/iad-vlm-anomaly/datasets/VisA/chewinggum/Data/Images/Normal/389.JPG,0,VisA/chewinggum/Data/Images/Normal/389.JPG,1342,1118,normal,0,0,0,,False,38.8553108215332
5a718058dd7c07faaa443c80,VisA,chewinggum,evaluation,source_fit,/root/private_data/iad-vlm-anomaly/datasets/VisA/chewinggum/Data/Images/Normal/181.JPG,0,VisA/chewinggum/Data/Images/Normal/181.JPG,1342,1118,normal,0,0,0,,False,38.8553108215332
55aff87e0262bc5e90547415,VisA,chewinggum,evaluation,source_fit,/root/private_data/iad-vlm-anomaly/datasets/VisA/chewinggum/Data/Images/Normal/309.JPG,0,VisA/chewinggum/Data/Images/Normal/309.JPG,1342,1118,normal,0,0,0,,False,38.8553108215332
439461fbf7ee75047f00f95f,VisA,chewinggum,evaluation,source_fit,/root/private_data/iad-vlm-anomaly/datasets/VisA/chewinggum/Data/Images/Normal/012.JPG,0,VisA/chewinggum/Data/Images/Normal/012.JPG,1342,1118,normal,0,0,0,,False,38.8553108215332
43749ef55ca32d60fe057566,VisA,chewinggum,evaluation,source_fit,/root/private_data/iad-vlm-anomaly/datasets/VisA/chewinggum/Data/Images/Normal/367.JPG,0,VisA/chewinggum/Data/Images/Normal/367.JPG,1342,1118,normal,0,0,0,,False,38.8553108215332
98fe9efceefbaf49432b90cf,VisA,chewinggum,evaluation,source_fit,/root/private_data/iad-vlm-anomaly/datasets/VisA/chewinggum/Data/Images/Normal/344.JPG,0,VisA/chewinggum/Data/Images/Normal/344.JPG,1342,1118,normal,0,0,0,,False,38.8553108215332
40bb39e87277a618b92f0faa,VisA,chewinggum,evaluation,source_fit,/root/private_data/iad-vlm-anomaly/datasets/VisA/chewinggum/Data/Images/Normal/486.JPG,0,VisA/chewinggum/Data/Images/Normal/486.JPG,1342,1118,normal,0,0,0,,False,38.8553108215332
458a971b48f0e442e24c4391,VisA,chewinggum,evaluation,source_fit,/root/private_data/iad-vlm-anomaly/datasets/VisA/chewinggum/Data/Images/Normal/089.JPG,0,VisA/chewinggum/Data/Images/Normal/089.JPG,1342,1118,normal,0,0,0,,False,38.8553108215332
1db809e183fd55290b9194fc,VisA,chewinggum,evaluation,source_fit,/root/private_data/iad-vlm-anomaly/datasets/VisA/chewinggum/Data/Images/Normal/398.JPG,0,VisA/chewinggum/Data/Images/Normal/398.JPG,1342,1118,normal,0,0,0,,False,38.8553108215332
561536eeb0f5c771fea6dada,VisA,chewinggum,evaluation,source_fit,/root/private_data/iad-vlm-anomaly/datasets/VisA/chewinggum/Data/Images/Normal/460.JPG,0,VisA/chewinggum/Data/Images/Normal/460.JPG,1342,1118,normal,0,0,0,,False,38.8553108215332
abdd950c347d9a66afee5ce3,VisA,chewinggum,evaluation,source_fit,/root/private_data/iad-vlm-anomaly/datasets/VisA/chewinggum/Data/Images/Normal/239.JPG,0,VisA/chewinggum/Data/Images/Normal/239.JPG,1342,1118,normal,0,0,0,,False,38.8553108215332
30226471f3251485965572de,VisA,chewinggum,evaluation,source_fit,/root/private_data/iad-vlm-anomaly/datasets/VisA/chewinggum/Data/Images/Normal/342.JPG,0,VisA/chewinggum/Data/Images/Normal/342.JPG,1342,1118,normal,0,0,0,,False,38.8553108215332
ef4657f98e39b73d2d4942c7,VisA,chewinggum,evaluation,source_fit,/root/private_data/iad-vlm-anomaly/datasets/VisA/chewinggum/Data/Images/Normal/369.JPG,0,VisA/chewinggum/Data/Images/Normal/369.JPG,1342,1118,normal,0,0,0,,False,38.8553108215332
755202c6c61883acf06f6975,VisA,chewinggum,evaluation,source_fit,/root/private_data/iad-vlm-anomaly/datasets/VisA/chewinggum/Data/Images/Normal/284.JPG,0,VisA/chewinggum/Data/Images/Normal/284.JPG,1342,1118,normal,0,0,0,,False,38.8553108215332
5528724a08314d2a3ba2af8c,VisA,chewinggum,evaluation,source_fit,/root/private_data/iad-vlm-anomaly/datasets/VisA/chewinggum/Data/Images/Normal/098.JPG,0,VisA/chewinggum/Data/Images/Normal/098.JPG,1342,1118,normal,0,0,0,,False,38.8553108215332
4c531f56f440b2d8fa09ca60,VisA,chewinggum,evaluation,source_fit,/root/private_data/iad-vlm-anomaly/datasets/VisA/chewinggum/Data/Images/Normal/446.JPG,0,VisA/chewinggum/Data/Images/Normal/446.JPG,1342,1118,normal,0,0,0,,False,38.8553108215332
8ee98b453fbf22387c3a94ef,VisA,chewinggum,evaluation,source_fit,/root/private_data/iad-vlm-anomaly/datasets/VisA/chewinggum/Data/Images/Normal/482.JPG,0,VisA/chewinggum/Data/Images/Normal/482.JPG,1342,1118,normal,0,0,0,,False,38.8553108215332
0226a1a2b5c3e5e187ddae50,VisA,chewinggum,evaluation,source_fit,/root/private_data/iad-vlm-anomaly/datasets/VisA/chewinggum/Data/Images/Normal/093.JPG,0,VisA/chewinggum/Data/Images/Normal/093.JPG,1342,1118,normal,0,0,0,,False,38.8553108215332
aa133890b0c3c8dae34ec8c0,VisA,chewinggum,evaluation,source_fit,/root/private_data/iad-vlm-anomaly/datasets/VisA/chewinggum/Data/Images/Normal/244.JPG,0,VisA/chewinggum/Data/Images/Normal/244.JPG,1342,1118,normal,0,0,0,,False,38.8553108215332
e3ddd00c1c9aacc82180d106,VisA,chewinggum,evaluation,source_fit,/root/private_data/iad-vlm-anomaly/datasets/VisA/chewinggum/Data/Images/Normal/497.JPG,0,VisA/chewinggum/Data/Images/Normal/497.JPG,1342,1118,normal,0,0,0,,False,38.8553108215332
1f39f107c638e81a3a736b0b,VisA,chewinggum,evaluation,source_fit,/root/private_data/iad-vlm-anomaly/datasets/VisA/chewinggum/Data/Images/Normal/272.JPG,0,VisA/chewinggum/Data/Images/Normal/272.JPG,1342,1118,normal,0,0,0,,False,38.8553108215332
7fbe294e05183265a65cd84e,VisA,chewinggum,evaluation,source_fit,/root/private_data/iad-vlm-anomaly/datasets/VisA/chewinggum/Data/Images/Normal/307.JPG,0,VisA/chewinggum/Data/Images/Normal/307.JPG,1342,1118,normal,0,0,0,,False,38.8553108215332
86646f095dd3601dcd6e4c76,VisA,chewinggum,evaluation,source_fit,/root/private_data/iad-vlm-anomaly/datasets/VisA/chewinggum/Data/Images/Normal/487.JPG,0,VisA/chewinggum/Data/Images/Normal/487.JPG,1342,1118,normal,0,0,0,,False,38.8553108215332
c60cc89e96bd9d772b05386b,VisA,chewinggum,evaluation,source_fit,/root/private_data/iad-vlm-anomaly/datasets/VisA/chewinggum/Data/Images/Normal/245.JPG,0,VisA/chewinggum/Data/Images/Normal/245.JPG,1342,1118,normal,0,0,0,,False,38.8553108215332
c7ccddf5c463405be0df2eac,VisA,chewinggum,evaluation,source_fit,/root/private_data/iad-vlm-anomaly/datasets/VisA/chewinggum/Data/Images/Normal/084.JPG,0,VisA/chewinggum/Data/Images/Normal/084.JPG,1342,1118,normal,0,0,0,,False,38.8553108215332
83ea52edfb4329b3c3776f42,VisA,chewinggum,evaluation,source_fit,/root/private_data/iad-vlm-anomaly/datasets/VisA/chewinggum/Data/Images/Anomaly/000.JPG,1,VisA/chewinggum/Data/Images/Anomaly/000.JPG,1342,1118,mixed_tiny,3,1,1,/root/private_data/iad-vlm-anomaly/datasets/VisA/chewinggum/Data/Masks/Anomaly/000.png,False,38.8553108215332
a5f89ec211748982c4996b06,VisA,chewinggum,evaluation,source_fit,/root/private_data/iad-vlm-anomaly/datasets/VisA/chewinggum/Data/Images/Anomaly/001.JPG,1,VisA/chewinggum/Data/Images/Anomaly/001.JPG,1342,1118,other_anomaly,1,0,0,/root/private_data/iad-vlm-anomaly/datasets/VisA/chewinggum/Data/Masks/Anomaly/001.png,False,38.8553108215332
fc6e887528a8307b0920d255,VisA,chewinggum,evaluation,source_fit,/root/private_data/iad-vlm-anomaly/datasets/VisA/chewinggum/Data/Images/Anomaly/002.JPG,1,VisA/chewinggum/Data/Images/Anomaly/002.JPG,1342,1118,other_anomaly,2,0,1,/root/private_data/iad-vlm-anomaly/datasets/VisA/chewinggum/Data/Masks/Anomaly/002.png,False,38.8553108215332
f90c7ef05315e1fbbd3fa860,VisA,chewinggum,evaluation,source_fit,/root/private_data/iad-vlm-anomaly/datasets/VisA/chewinggum/Data/Images/Anomaly/003.JPG,1,VisA/chewinggum/Data/Images/Anomaly/003.JPG,1342,1118,other_anomaly,1,0,0,/root/private_data/iad-vlm-anomaly/datasets/VisA/chewinggum/Data/Masks/Anomaly/003.png,False,38.8553108215332
4a67af721b0f452ae820ab9e,VisA,chewinggum,evaluation,source_fit,/root/private_data/iad-vlm-anomaly/datasets/VisA/chewinggum/Data/Images/Anomaly/004.JPG,1,VisA/chewinggum/Data/Images/Anomaly/004.JPG,1342,1118,other_anomaly,1,0,0,/root/private_data/iad-vlm-anomaly/datasets/VisA/chewinggum/Data/Masks/Anomaly/004.png,False,38.8553108215332
bccc338c2696bbd76ac7532f,VisA,chewinggum,evaluation,source_fit,/root/private_data/iad-vlm-anomaly/datasets/VisA/chewinggum/Data/Images/Anomaly/005.JPG,1,VisA/chewinggum/Data/Images/Anomaly/005.JPG,1342,1118,other_anomaly,1,0,0,/root/private_data/iad-vlm-anomaly/datasets/VisA/chewinggum/Data/Masks/Anomaly/005.png,False,38.8553108215332
550d24c52247875e84fee4c5,VisA,chewinggum,evaluation,source_fit,/root/private_data/iad-vlm-anomaly/datasets/VisA/chewinggum/Data/Images/Anomaly/006.JPG,1,VisA/chewinggum/Data/Images/Anomaly/006.JPG,1342,1118,other_anomaly,2,0,1,/root/private_data/iad-vlm-anomaly/datasets/VisA/chewinggum/Data/Masks/Anomaly/006.png,False,38.8553108215332
3de82da3ee7f68761919ff55,VisA,chewinggum,evaluation,source_fit,/root/private_data/iad-vlm-anomaly/datasets/VisA/chewinggum/Data/Images/Anomaly/007.JPG,1,VisA/chewinggum/Data/Images/Anomaly/007.JPG,1342,1118,mixed_tiny,2,1,0,/root/private_data/iad-vlm-anomaly/datasets/VisA/chewinggum/Data/Masks/Anomaly/007.png,False,38.8553108215332
06b0186aca1c70e236744d28,VisA,chewinggum,evaluation,source_fit,/root/private_data/iad-vlm-anomaly/datasets/VisA/chewinggum/Data/Images/Anomaly/008.JPG,1,VisA/chewinggum/Data/Images/Anomaly/008.JPG,1342,1118,mixed_tiny,5,3,1,/root/private_data/iad-vlm-anomaly/datasets/VisA/chewinggum/Data/Masks/Anomaly/008.png,False,38.8553108215332
316a2b9030ceb3d732e954e9,VisA,chewinggum,evaluation,source_fit,/root/private_data/iad-vlm-anomaly/datasets/VisA/chewinggum/Data/Images/Anomaly/009.JPG,1,VisA/chewinggum/Data/Images/Anomaly/009.JPG,1342,1118,other_anomaly,3,0,2,/root/private_data/iad-vlm-anomaly/datasets/VisA/chewinggum/Data/Masks/Anomaly/009.png,False,38.8553108215332
57c2ecd0a96379ea0c7060fd,VisA,chewinggum,evaluation,source_fit,/root/private_data/iad-vlm-anomaly/datasets/VisA/chewinggum/Data/Images/Anomaly/010.JPG,1,VisA/chewinggum/Data/Images/Anomaly/010.JPG,1342,1118,other_anomaly,1,0,0,/root/private_data/iad-vlm-anomaly/datasets/VisA/chewinggum/Data/Masks/Anomaly/010.png,False,38.8553108215332
bc2f79cdb92b2ba2a7899fb5,VisA,chewinggum,evaluation,source_fit,/root/private_data/iad-vlm-anomaly/datasets/VisA/chewinggum/Data/Images/Anomaly/011.JPG,1,VisA/chewinggum/Data/Images/Anomaly/011.JPG,1342,1118,other_anomaly,3,0,1,/root/private_data/iad-vlm-anomaly/datasets/VisA/chewinggum/Data/Masks/Anomaly/011.png,False,38.8553108215332
ae4d8b7bd0627a96a5d5eaec,VisA,chewinggum,evaluation,source_fit,/root/private_data/iad-vlm-anomaly/datasets/VisA/chewinggum/Data/Images/Anomaly/012.JPG,1,VisA/chewinggum/Data/Images/Anomaly/012.JPG,1342,1118,other_anomaly,2,0,1,/root/private_data/iad-vlm-anomaly/datasets/VisA/chewinggum/Data/Masks/Anomaly/012.png,False,38.8553108215332
f64396309a7f0ebc28e5d4d2,VisA,chewinggum,evaluation,source_fit,/root/private_data/iad-vlm-anomaly/datasets/VisA/chewinggum/Data/Images/Anomaly/013.JPG,1,VisA/chewinggum/Data/Images/Anomaly/013.JPG,1342,1118,mixed_tiny,2,1,0,/root/private_data/iad-vlm-anomaly/datasets/VisA/chewinggum/Data/Masks/Anomaly/013.png,False,38.8553108215332
23d7a1f983cb6af4c2c9d031,VisA,chewinggum,evaluation,source_fit,/root/private_data/iad-vlm-anomaly/datasets/VisA/chewinggum/Data/Images/Anomaly/014.JPG,1,VisA/chewinggum/Data/Images/Anomaly/014.JPG,1342,1118,other_anomaly,1,0,0,/root/private_data/iad-vlm-anomaly/datasets/VisA/chewinggum/Data/Masks/Anomaly/014.png,False,38.8553108215332
1426282f6fdb9fcf4076b880,VisA,chewinggum,evaluation,source_fit,/root/private_data/iad-vlm-anomaly/datasets/VisA/chewinggum/Data/Images/Anomaly/015.JPG,1,VisA/chewinggum/Data/Images/Anomaly/015.JPG,1342,1118,other_anomaly,1,0,0,/root/private_data/iad-vlm-anomaly/datasets/VisA/chewinggum/Data/Masks/Anomaly/015.png,False,38.8553108215332
058fdc068c35a2b940e25fab,VisA,chewinggum,evaluation,source_fit,/root/private_data/iad-vlm-anomaly/datasets/VisA/chewinggum/Data/Images/Anomaly/016.JPG,1,VisA/chewinggum/Data/Images/Anomaly/016.JPG,1342,1118,other_anomaly,1,0,0,/root/private_data/iad-vlm-anomaly/datasets/VisA/chewinggum/Data/Masks/Anomaly/016.png,False,38.8553108215332
6dee22a05f1671109ed92efd,VisA,chewinggum,evaluation,source_fit,/root/private_data/iad-vlm-anomaly/datasets/VisA/chewinggum/Data/Images/Anomaly/017.JPG,1,VisA/chewinggum/Data/Images/Anomaly/017.JPG,1342,1118,other_anomaly,1,0,0,/root/private_data/iad-vlm-anomaly/datasets/VisA/chewinggum/Data/Masks/Anomaly/017.png,False,38.8553108215332
14071f493f44fe45e4e06ab9,VisA,chewinggum,evaluation,source_fit,/root/private_data/iad-vlm-anomaly/datasets/VisA/chewinggum/Data/Images/Anomaly/018.JPG,1,VisA/chewinggum/Data/Images/Anomaly/018.JPG,1342,1118,mixed_tiny,3,2,0,/root/private_data/iad-vlm-anomaly/datasets/VisA/chewinggum/Data/Masks/Anomaly/018.png,False,38.8553108215332
a9cad478be6c540796456358,VisA,chewinggum,evaluation,source_fit,/root/private_data/iad-vlm-anomaly/datasets/VisA/chewinggum/Data/Images/Anomaly/019.JPG,1,VisA/chewinggum/Data/Images/Anomaly/019.JPG,1342,1118,mixed_tiny,3,1,1,/root/private_data/iad-vlm-anomaly/datasets/VisA/chewinggum/Data/Masks/Anomaly/019.png,False,38.8553108215332
7dcfeac546baef5e8aaa8fb8,VisA,chewinggum,evaluation,source_fit,/root/private_data/iad-vlm-anomaly/datasets/VisA/chewinggum/Data/Images/Anomaly/020.JPG,1,VisA/chewinggum/Data/Images/Anomaly/020.JPG,1342,1118,other_anomaly,1,0,0,/root/private_data/iad-vlm-anomaly/datasets/VisA/chewinggum/Data/Masks/Anomaly/020.png,False,38.8553108215332
c518af4299fef196c70923cb,VisA,chewinggum,evaluation,source_fit,/root/private_data/iad-vlm-anomaly/datasets/VisA/chewinggum/Data/Images/Anomaly/021.JPG,1,VisA/chewinggum/Data/Images/Anomaly/021.JPG,1342,1118,mixed_tiny,2,1,0,/root/private_data/iad-vlm-anomaly/datasets/VisA/chewinggum/Data/Masks/Anomaly/021.png,False,38.8553108215332
d24de2d56bf3392292afe0e5,VisA,chewinggum,evaluation,source_fit,/root/private_data/iad-vlm-anomaly/datasets/VisA/chewinggum/Data/Images/Anomaly/022.JPG,1,VisA/chewinggum/Data/Images/Anomaly/022.JPG,1342,1118,other_anomaly,1,0,0,/root/private_data/iad-vlm-anomaly/datasets/VisA/chewinggum/Data/Masks/Anomaly/022.png,False,38.8553108215332
4ce8caa4d5fb35894db6152c,VisA,chewinggum,evaluation,source_fit,/root/private_data/iad-vlm-anomaly/datasets/VisA/chewinggum/Data/Images/Anomaly/023.JPG,1,VisA/chewinggum/Data/Images/Anomaly/023.JPG,1342,1118,other_anomaly,1,0,0,/root/private_data/iad-vlm-anomaly/datasets/VisA/chewinggum/Data/Masks/Anomaly/023.png,False,38.8553108215332
cd39f903e1e4c42b6e6a850f,VisA,chewinggum,evaluation,source_fit,/root/private_data/iad-vlm-anomaly/datasets/VisA/chewinggum/Data/Images/Anomaly/024.JPG,1,VisA/chewinggum/Data/Images/Anomaly/024.JPG,1342,1118,other_anomaly,1,0,0,/root/private_data/iad-vlm-anomaly/datasets/VisA/chewinggum/Data/Masks/Anomaly/024.png,False,38.8553108215332
e12271f726d719bb5ae25d4a,VisA,chewinggum,evaluation,source_fit,/root/private_data/iad-vlm-anomaly/datasets/VisA/chewinggum/Data/Images/Anomaly/025.JPG,1,VisA/chewinggum/Data/Images/Anomaly/025.JPG,1342,1118,other_anomaly,1,0,0,/root/private_data/iad-vlm-anomaly/datasets/VisA/chewinggum/Data/Masks/Anomaly/025.png,False,38.8553108215332
961217d6e90800dc2dd6d640,VisA,chewinggum,evaluation,source_fit,/root/private_data/iad-vlm-anomaly/datasets/VisA/chewinggum/Data/Images/Anomaly/026.JPG,1,VisA/chewinggum/Data/Images/Anomaly/026.JPG,1342,1118,other_anomaly,1,0,0,/root/private_data/iad-vlm-anomaly/datasets/VisA/chewinggum/Data/Masks/Anomaly/026.png,False,38.8553108215332
11378845b801961ca81f4c3f,VisA,chewinggum,evaluation,source_fit,/root/private_data/iad-vlm-anomaly/datasets/VisA/chewinggum/Data/Images/Anomaly/027.JPG,1,VisA/chewinggum/Data/Images/Anomaly/027.JPG,1342,1118,other_anomaly,1,0,0,/root/private_data/iad-vlm-anomaly/datasets/VisA/chewinggum/Data/Masks/Anomaly/027.png,False,38.8553108215332
f1f82d74d86d7fe2c2a2991b,VisA,chewinggum,evaluation,source_fit,/root/private_data/iad-vlm-anomaly/datasets/VisA/chewinggum/Data/Images/Anomaly/028.JPG,1,VisA/chewinggum/Data/Images/Anomaly/028.JPG,1342,1118,tiny_only,3,3,0,/root/private_data/iad-vlm-anomaly/datasets/VisA/chewinggum/Data/Masks/Anomaly/028.png,False,38.8553108215332
acc95f7dd191a50935c60f0e,VisA,chewinggum,evaluation,source_fit,/root/private_data/iad-vlm-anomaly/datasets/VisA/chewinggum/Data/Images/Anomaly/029.JPG,1,VisA/chewinggum/Data/Images/Anomaly/029.JPG,1342,1118,other_anomaly,1,0,0,/root/private_data/iad-vlm-anomaly/datasets/VisA/chewinggum/Data/Masks/Anomaly/029.png,False,38.8553108215332
2c8daa2c454cf275b65d181e,VisA,chewinggum,evaluation,source_fit,/root/private_data/iad-vlm-anomaly/datasets/VisA/chewinggum/Data/Images/Anomaly/030.JPG,1,VisA/chewinggum/Data/Images/Anomaly/030.JPG,1342,1118,other_anomaly,1,0,0,/root/private_data/iad-vlm-anomaly/datasets/VisA/chewinggum/Data/Masks/Anomaly/030.png,False,38.8553108215332
f2ef6adff4305d98747705d9,VisA,chewinggum,evaluation,source_fit,/root/private_data/iad-vlm-anomaly/datasets/VisA/chewinggum/Data/Images/Anomaly/031.JPG,1,VisA/chewinggum/Data/Images/Anomaly/031.JPG,1342,1118,other_anomaly,1,0,0,/root/private_data/iad-vlm-anomaly/datasets/VisA/chewinggum/Data/Masks/Anomaly/031.png,False,38.8553108215332
db132f55d3695ef283792e72,VisA,chewinggum,evaluation,source_fit,/root/private_data/iad-vlm-anomaly/datasets/VisA/chewinggum/Data/Images/Anomaly/032.JPG,1,VisA/chewinggum/Data/Images/Anomaly/032.JPG,1342,1118,mixed_tiny,7,4,1,/root/private_data/iad-vlm-anomaly/datasets/VisA/chewinggum/Data/Masks/Anomaly/032.png,False,38.8553108215332
349a6a13625d07784818747e,VisA,chewinggum,evaluation,source_fit,/root/private_data/iad-vlm-anomaly/datasets/VisA/chewinggum/Data/Images/Anomaly/033.JPG,1,VisA/chewinggum/Data/Images/Anomaly/033.JPG,1342,1118,tiny_only,2,2,0,/root/private_data/iad-vlm-anomaly/datasets/VisA/chewinggum/Data/Masks/Anomaly/033.png,False,38.8553108215332
01c91be7ff0cb9e3f109b773,VisA,chewinggum,evaluation,source_fit,/root/private_data/iad-vlm-anomaly/datasets/VisA/chewinggum/Data/Images/Anomaly/034.JPG,1,VisA/chewinggum/Data/Images/Anomaly/034.JPG,1342,1118,tiny_only,2,2,0,/root/private_data/iad-vlm-anomaly/datasets/VisA/chewinggum/Data/Masks/Anomaly/034.png,False,38.8553108215332
0ca74c4813d20d80df7541b2,VisA,chewinggum,evaluation,source_fit,/root/private_data/iad-vlm-anomaly/datasets/VisA/chewinggum/Data/Images/Anomaly/035.JPG,1,VisA/chewinggum/Data/Images/Anomaly/035.JPG,1342,1118,mixed_tiny,2,1,0,/root/private_data/iad-vlm-anomaly/datasets/VisA/chewinggum/Data/Masks/Anomaly/035.png,False,38.8553108215332
0de49ef61d0bd6bccf204ccc,VisA,chewinggum,evaluation,source_fit,/root/private_data/iad-vlm-anomaly/datasets/VisA/chewinggum/Data/Images/Anomaly/036.JPG,1,VisA/chewinggum/Data/Images/Anomaly/036.JPG,1342,1118,mixed_tiny,2,1,0,/root/private_data/iad-vlm-anomaly/datasets/VisA/chewinggum/Data/Masks/Anomaly/036.png,False,38.8553108215332
5ecd4be6a68581edcdb39434,VisA,chewinggum,evaluation,source_fit,/root/private_data/iad-vlm-anomaly/datasets/VisA/chewinggum/Data/Images/Anomaly/037.JPG,1,VisA/chewinggum/Data/Images/Anomaly/037.JPG,1342,1118,other_anomaly,1,0,0,/root/private_data/iad-vlm-anomaly/datasets/VisA/chewinggum/Data/Masks/Anomaly/037.png,False,38.8553108215332
de60294a69c40673294f5c8f,VisA,chewinggum,evaluation,source_fit,/root/private_data/iad-vlm-anomaly/datasets/VisA/chewinggum/Data/Images/Anomaly/038.JPG,1,VisA/chewinggum/Data/Images/Anomaly/038.JPG,1342,1118,mixed_tiny,4,1,1,/root/private_data/iad-vlm-anomaly/datasets/VisA/chewinggum/Data/Masks/Anomaly/038.png,False,38.8553108215332
a9e5455f49085fb182da81e8,VisA,chewinggum,evaluation,source_fit,/root/private_data/iad-vlm-anomaly/datasets/VisA/chewinggum/Data/Images/Anomaly/039.JPG,1,VisA/chewinggum/Data/Images/Anomaly/039.JPG,1342,1118,other_anomaly,2,0,0,/root/private_data/iad-vlm-anomaly/datasets/VisA/chewinggum/Data/Masks/Anomaly/039.png,False,38.8553108215332
628d52de4893ab48b55425e2,VisA,chewinggum,evaluation,source_fit,/root/private_data/iad-vlm-anomaly/datasets/VisA/chewinggum/Data/Images/Anomaly/040.JPG,1,VisA/chewinggum/Data/Images/Anomaly/040.JPG,1342,1118,other_anomaly,1,0,0,/root/private_data/iad-vlm-anomaly/datasets/VisA/chewinggum/Data/Masks/Anomaly/040.png,False,38.8553108215332
8fb92549b3e43959f6eb17fc,VisA,chewinggum,evaluation,source_fit,/root/private_data/iad-vlm-anomaly/datasets/VisA/chewinggum/Data/Images/Anomaly/041.JPG,1,VisA/chewinggum/Data/Images/Anomaly/041.JPG,1342,1118,other_anomaly,2,0,1,/root/private_data/iad-vlm-anomaly/datasets/VisA/chewinggum/Data/Masks/Anomaly/041.png,False,38.8553108215332
0656dd5366d7e40d22f6acab,VisA,chewinggum,evaluation,source_fit,/root/private_data/iad-vlm-anomaly/datasets/VisA/chewinggum/Data/Images/Anomaly/042.JPG,1,VisA/chewinggum/Data/Images/Anomaly/042.JPG,1342,1118,mixed_tiny,3,1,0,/root/private_data/iad-vlm-anomaly/datasets/VisA/chewinggum/Data/Masks/Anomaly/042.png,False,38.8553108215332
55ffe1213acac57a90248c8a,VisA,chewinggum,evaluation,source_fit,/root/private_data/iad-vlm-anomaly/datasets/VisA/chewinggum/Data/Images/Anomaly/043.JPG,1,VisA/chewinggum/Data/Images/Anomaly/043.JPG,1342,1118,other_anomaly,1,0,0,/root/private_data/iad-vlm-anomaly/datasets/VisA/chewinggum/Data/Masks/Anomaly/043.png,False,38.8553108215332
5adeb3e51cd2592ede1e6f48,VisA,chewinggum,evaluation,source_fit,/root/private_data/iad-vlm-anomaly/datasets/VisA/chewinggum/Data/Images/Anomaly/044.JPG,1,VisA/chewinggum/Data/Images/Anomaly/044.JPG,1342,1118,mixed_tiny,4,2,1,/root/private_data/iad-vlm-anomaly/datasets/VisA/chewinggum/Data/Masks/Anomaly/044.png,False,38.8553108215332
6eb4bac5e25cf94ca96e504a,VisA,chewinggum,evaluation,source_fit,/root/private_data/iad-vlm-anomaly/datasets/VisA/chewinggum/Data/Images/Anomaly/045.JPG,1,VisA/chewinggum/Data/Images/Anomaly/045.JPG,1342,1118,mixed_tiny,2,1,0,/root/private_data/iad-vlm-anomaly/datasets/VisA/chewinggum/Data/Masks/Anomaly/045.png,False,38.8553108215332
6b489d8ce783a4e5cfab852e,VisA,chewinggum,evaluation,source_fit,/root/private_data/iad-vlm-anomaly/datasets/VisA/chewinggum/Data/Images/Anomaly/046.JPG,1,VisA/chewinggum/Data/Images/Anomaly/046.JPG,1342,1118,mixed_tiny,2,1,0,/root/private_data/iad-vlm-anomaly/datasets/VisA/chewinggum/Data/Masks/Anomaly/046.png,False,38.8553108215332
da706121f003b105e2a4388a,VisA,chewinggum,evaluation,source_fit,/root/private_data/iad-vlm-anomaly/datasets/VisA/chewinggum/Data/Images/Anomaly/047.JPG,1,VisA/chewinggum/Data/Images/Anomaly/047.JPG,1342,1118,other_anomaly,1,0,0,/root/private_data/iad-vlm-anomaly/datasets/VisA/chewinggum/Data/Masks/Anomaly/047.png,False,38.8553108215332
0a215adeb5b013c30c68fd0e,VisA,chewinggum,evaluation,source_fit,/root/private_data/iad-vlm-anomaly/datasets/VisA/chewinggum/Data/Images/Anomaly/048.JPG,1,VisA/chewinggum/Data/Images/Anomaly/048.JPG,1342,1118,other_anomaly,2,0,0,/root/private_data/iad-vlm-anomaly/datasets/VisA/chewinggum/Data/Masks/Anomaly/048.png,False,38.8553108215332
f8841723d4d2a206066c55af,VisA,chewinggum,evaluation,source_fit,/root/private_data/iad-vlm-anomaly/datasets/VisA/chewinggum/Data/Images/Anomaly/049.JPG,1,VisA/chewinggum/Data/Images/Anomaly/049.JPG,1342,1118,other_anomaly,1,0,0,/root/private_data/iad-vlm-anomaly/datasets/VisA/chewinggum/Data/Masks/Anomaly/049.png,False,38.8553108215332
8b4a3ccfd4132686b42fbcb9,VisA,chewinggum,evaluation,source_fit,/root/private_data/iad-vlm-anomaly/datasets/VisA/chewinggum/Data/Images/Anomaly/050.JPG,1,VisA/chewinggum/Data/Images/Anomaly/050.JPG,1342,1118,other_anomaly,1,0,0,/root/private_data/iad-vlm-anomaly/datasets/VisA/chewinggum/Data/Masks/Anomaly/050.png,False,38.8553108215332
594811ad03538d5f3e534da8,VisA,chewinggum,evaluation,source_fit,/root/private_data/iad-vlm-anomaly/datasets/VisA/chewinggum/Data/Images/Anomaly/051.JPG,1,VisA/chewinggum/Data/Images/Anomaly/051.JPG,1342,1118,other_anomaly,2,0,1,/root/private_data/iad-vlm-anomaly/datasets/VisA/chewinggum/Data/Masks/Anomaly/051.png,False,38.8553108215332
0d13d83973f60d6578a512be,VisA,chewinggum,evaluation,source_fit,/root/private_data/iad-vlm-anomaly/datasets/VisA/chewinggum/Data/Images/Anomaly/052.JPG,1,VisA/chewinggum/Data/Images/Anomaly/052.JPG,1342,1118,other_anomaly,1,0,0,/root/private_data/iad-vlm-anomaly/datasets/VisA/chewinggum/Data/Masks/Anomaly/052.png,False,38.8553108215332
b05d167600b68cfe85542e05,VisA,chewinggum,evaluation,source_fit,/root/private_data/iad-vlm-anomaly/datasets/VisA/chewinggum/Data/Images/Anomaly/053.JPG,1,VisA/chewinggum/Data/Images/Anomaly/053.JPG,1342,1118,mixed_tiny,4,1,0,/root/private_data/iad-vlm-anomaly/datasets/VisA/chewinggum/Data/Masks/Anomaly/053.png,False,38.8553108215332
71510b5258e73094aff46487,VisA,chewinggum,evaluation,source_fit,/root/private_data/iad-vlm-anomaly/datasets/VisA/chewinggum/Data/Images/Anomaly/054.JPG,1,VisA/chewinggum/Data/Images/Anomaly/054.JPG,1342,1118,other_anomaly,1,0,0,/root/private_data/iad-vlm-anomaly/datasets/VisA/chewinggum/Data/Masks/Anomaly/054.png,False,38.8553108215332
714ddb5f39389254f52215cb,VisA,chewinggum,evaluation,source_fit,/root/private_data/iad-vlm-anomaly/datasets/VisA/chewinggum/Data/Images/Anomaly/055.JPG,1,VisA/chewinggum/Data/Images/Anomaly/055.JPG,1342,1118,mixed_tiny,3,2,0,/root/private_data/iad-vlm-anomaly/datasets/VisA/chewinggum/Data/Masks/Anomaly/055.png,False,38.8553108215332
a6604db46904f300e84025c6,VisA,chewinggum,evaluation,source_fit,/root/private_data/iad-vlm-anomaly/datasets/VisA/chewinggum/Data/Images/Anomaly/056.JPG,1,VisA/chewinggum/Data/Images/Anomaly/056.JPG,1342,1118,other_anomaly,1,0,0,/root/private_data/iad-vlm-anomaly/datasets/VisA/chewinggum/Data/Masks/Anomaly/056.png,False,38.8553108215332
760e3fb40a3440d60bbcaffa,VisA,chewinggum,evaluation,source_fit,/root/private_data/iad-vlm-anomaly/datasets/VisA/chewinggum/Data/Images/Anomaly/057.JPG,1,VisA/chewinggum/Data/Images/Anomaly/057.JPG,1342,1118,other_anomaly,1,0,0,/root/private_data/iad-vlm-anomaly/datasets/VisA/chewinggum/Data/Masks/Anomaly/057.png,False,38.8553108215332
c6aeb6255ff59209d6664c5b,VisA,chewinggum,evaluation,source_fit,/root/private_data/iad-vlm-anomaly/datasets/VisA/chewinggum/Data/Images/Anomaly/058.JPG,1,VisA/chewinggum/Data/Images/Anomaly/058.JPG,1342,1118,other_anomaly,1,0,0,/root/private_data/iad-vlm-anomaly/datasets/VisA/chewinggum/Data/Masks/Anomaly/058.png,False,38.8553108215332
066a3dca9607bb33aaa4780b,VisA,chewinggum,evaluation,source_fit,/root/private_data/iad-vlm-anomaly/datasets/VisA/chewinggum/Data/Images/Anomaly/059.JPG,1,VisA/chewinggum/Data/Images/Anomaly/059.JPG,1342,1118,other_anomaly,2,0,1,/root/private_data/iad-vlm-anomaly/datasets/VisA/chewinggum/Data/Masks/Anomaly/059.png,False,38.8553108215332
28ab490ec39dbee5492f45e3,VisA,chewinggum,evaluation,source_fit,/root/private_data/iad-vlm-anomaly/datasets/VisA/chewinggum/Data/Images/Anomaly/060.JPG,1,VisA/chewinggum/Data/Images/Anomaly/060.JPG,1342,1118,mixed_tiny,4,3,0,/root/private_data/iad-vlm-anomaly/datasets/VisA/chewinggum/Data/Masks/Anomaly/060.png,False,38.8553108215332
95c759c74a2bc4da6fb0233c,VisA,chewinggum,evaluation,source_fit,/root/private_data/iad-vlm-anomaly/datasets/VisA/chewinggum/Data/Images/Anomaly/061.JPG,1,VisA/chewinggum/Data/Images/Anomaly/061.JPG,1342,1118,other_anomaly,2,0,1,/root/private_data/iad-vlm-anomaly/datasets/VisA/chewinggum/Data/Masks/Anomaly/061.png,False,38.8553108215332
9682ae478ce44793fcb0d7ed,VisA,chewinggum,evaluation,source_fit,/root/private_data/iad-vlm-anomaly/datasets/VisA/chewinggum/Data/Images/Anomaly/062.JPG,1,VisA/chewinggum/Data/Images/Anomaly/062.JPG,1342,1118,other_anomaly,1,0,0,/root/private_data/iad-vlm-anomaly/datasets/VisA/chewinggum/Data/Masks/Anomaly/062.png,False,38.8553108215332
bd8f7b7c687a57c6cf11cf1c,VisA,chewinggum,evaluation,source_fit,/root/private_data/iad-vlm-anomaly/datasets/VisA/chewinggum/Data/Images/Anomaly/063.JPG,1,VisA/chewinggum/Data/Images/Anomaly/063.JPG,1342,1118,other_anomaly,2,0,0,/root/private_data/iad-vlm-anomaly/datasets/VisA/chewinggum/Data/Masks/Anomaly/063.png,False,38.8553108215332
546ff008627482c4c8df8e5e,VisA,chewinggum,evaluation,source_fit,/root/private_data/iad-vlm-anomaly/datasets/VisA/chewinggum/Data/Images/Anomaly/064.JPG,1,VisA/chewinggum/Data/Images/Anomaly/064.JPG,1342,1118,mixed_tiny,3,1,1,/root/private_data/iad-vlm-anomaly/datasets/VisA/chewinggum/Data/Masks/Anomaly/064.png,False,38.8553108215332
bbb87f02316bdcdb3ec20877,VisA,chewinggum,evaluation,source_fit,/root/private_data/iad-vlm-anomaly/datasets/VisA/chewinggum/Data/Images/Anomaly/065.JPG,1,VisA/chewinggum/Data/Images/Anomaly/065.JPG,1342,1118,mixed_tiny,3,1,1,/root/private_data/iad-vlm-anomaly/datasets/VisA/chewinggum/Data/Masks/Anomaly/065.png,False,38.8553108215332
7d09d6313d3bb04b55659b4b,VisA,chewinggum,evaluation,source_fit,/root/private_data/iad-vlm-anomaly/datasets/VisA/chewinggum/Data/Images/Anomaly/066.JPG,1,VisA/chewinggum/Data/Images/Anomaly/066.JPG,1342,1118,mixed_tiny,3,1,1,/root/private_data/iad-vlm-anomaly/datasets/VisA/chewinggum/Data/Masks/Anomaly/066.png,False,38.8553108215332
aa6df5c1695f18acce21dd6e,VisA,chewinggum,evaluation,source_fit,/root/private_data/iad-vlm-anomaly/datasets/VisA/chewinggum/Data/Images/Anomaly/067.JPG,1,VisA/chewinggum/Data/Images/Anomaly/067.JPG,1342,1118,thin_only,1,0,1,/root/private_data/iad-vlm-anomaly/datasets/VisA/chewinggum/Data/Masks/Anomaly/067.png,False,38.8553108215332
2f3f1dded7b308e1144f5993,VisA,chewinggum,evaluation,source_fit,/root/private_data/iad-vlm-anomaly/datasets/VisA/chewinggum/Data/Images/Anomaly/068.JPG,1,VisA/chewinggum/Data/Images/Anomaly/068.JPG,1342,1118,mixed_tiny,32,31,1,/root/private_data/iad-vlm-anomaly/datasets/VisA/chewinggum/Data/Masks/Anomaly/068.png,False,38.8553108215332
a6c99a156fd2b092f486ab36,VisA,chewinggum,evaluation,source_fit,/root/private_data/iad-vlm-anomaly/datasets/VisA/chewinggum/Data/Images/Anomaly/069.JPG,1,VisA/chewinggum/Data/Images/Anomaly/069.JPG,1342,1118,mixed_tiny,5,3,1,/root/private_data/iad-vlm-anomaly/datasets/VisA/chewinggum/Data/Masks/Anomaly/069.png,False,38.8553108215332
c1c358dc514e6c44ee209df1,VisA,chewinggum,evaluation,source_fit,/root/private_data/iad-vlm-anomaly/datasets/VisA/chewinggum/Data/Images/Anomaly/070.JPG,1,VisA/chewinggum/Data/Images/Anomaly/070.JPG,1342,1118,mixed_tiny,2,1,1,/root/private_data/iad-vlm-anomaly/datasets/VisA/chewinggum/Data/Masks/Anomaly/070.png,False,38.8553108215332
4db38eca7671a54c08d8a241,VisA,chewinggum,evaluation,source_fit,/root/private_data/iad-vlm-anomaly/datasets/VisA/chewinggum/Data/Images/Anomaly/071.JPG,1,VisA/chewinggum/Data/Images/Anomaly/071.JPG,1342,1118,thin_only,2,0,2,/root/private_data/iad-vlm-anomaly/datasets/VisA/chewinggum/Data/Masks/Anomaly/071.png,False,38.8553108215332
b91c2b36915f8ed62dfefe3b,VisA,chewinggum,evaluation,source_fit,/root/private_data/iad-vlm-anomaly/datasets/VisA/chewinggum/Data/Images/Anomaly/072.JPG,1,VisA/chewinggum/Data/Images/Anomaly/072.JPG,1342,1118,mixed_tiny,2,1,1,/root/private_data/iad-vlm-anomaly/datasets/VisA/chewinggum/Data/Masks/Anomaly/072.png,False,38.8553108215332
3a714fadba9884c8fdd58c13,VisA,chewinggum,evaluation,source_fit,/root/private_data/iad-vlm-anomaly/datasets/VisA/chewinggum/Data/Images/Anomaly/073.JPG,1,VisA/chewinggum/Data/Images/Anomaly/073.JPG,1342,1118,mixed_tiny,5,3,2,/root/private_data/iad-vlm-anomaly/datasets/VisA/chewinggum/Data/Masks/Anomaly/073.png,False,38.8553108215332
7d923ff020fdfd9fd54a3b58,VisA,chewinggum,evaluation,source_fit,/root/private_data/iad-vlm-anomaly/datasets/VisA/chewinggum/Data/Images/Anomaly/074.JPG,1,VisA/chewinggum/Data/Images/Anomaly/074.JPG,1342,1118,other_anomaly,2,0,1,/root/private_data/iad-vlm-anomaly/datasets/VisA/chewinggum/Data/Masks/Anomaly/074.png,False,38.8553108215332
058136b0d5e25024c80f75ca,VisA,chewinggum,evaluation,source_fit,/root/private_data/iad-vlm-anomaly/datasets/VisA/chewinggum/Data/Images/Anomaly/075.JPG,1,VisA/chewinggum/Data/Images/Anomaly/075.JPG,1342,1118,other_anomaly,1,0,0,/root/private_data/iad-vlm-anomaly/datasets/VisA/chewinggum/Data/Masks/Anomaly/075.png,False,38.8553108215332
7eafb47d721a03d0036f76f9,VisA,chewinggum,evaluation,source_fit,/root/private_data/iad-vlm-anomaly/datasets/VisA/chewinggum/Data/Images/Anomaly/076.JPG,1,VisA/chewinggum/Data/Images/Anomaly/076.JPG,1342,1118,other_anomaly,1,0,0,/root/private_data/iad-vlm-anomaly/datasets/VisA/chewinggum/Data/Masks/Anomaly/076.png,False,38.8553108215332
fa38428ed8c89036246b6862,VisA,chewinggum,evaluation,source_fit,/root/private_data/iad-vlm-anomaly/datasets/VisA/chewinggum/Data/Images/Anomaly/077.JPG,1,VisA/chewinggum/Data/Images/Anomaly/077.JPG,1342,1118,other_anomaly,1,0,0,/root/private_data/iad-vlm-anomaly/datasets/VisA/chewinggum/Data/Masks/Anomaly/077.png,False,38.8553108215332
bb8826192d94b0b3d45ab97e,VisA,chewinggum,evaluation,source_fit,/root/private_data/iad-vlm-anomaly/datasets/VisA/chewinggum/Data/Images/Anomaly/078.JPG,1,VisA/chewinggum/Data/Images/Anomaly/078.JPG,1342,1118,other_anomaly,1,0,0,/root/private_data/iad-vlm-anomaly/datasets/VisA/chewinggum/Data/Masks/Anomaly/078.png,False,38.8553108215332
a868ec24a48bd959b6736005,VisA,chewinggum,evaluation,source_fit,/root/private_data/iad-vlm-anomaly/datasets/VisA/chewinggum/Data/Images/Anomaly/079.JPG,1,VisA/chewinggum/Data/Images/Anomaly/079.JPG,1342,1118,other_anomaly,1,0,0,/root/private_data/iad-vlm-anomaly/datasets/VisA/chewinggum/Data/Masks/Anomaly/079.png,False,38.8553108215332
c874b101e22e7a655bb3d46c,VisA,chewinggum,evaluation,source_fit,/root/private_data/iad-vlm-anomaly/datasets/VisA/chewinggum/Data/Images/Anomaly/080.JPG,1,VisA/chewinggum/Data/Images/Anomaly/080.JPG,1342,1118,mixed_tiny,3,2,0,/root/private_data/iad-vlm-anomaly/datasets/VisA/chewinggum/Data/Masks/Anomaly/080.png,False,38.8553108215332
1efee72500fad7320b5be130,VisA,chewinggum,evaluation,source_fit,/root/private_data/iad-vlm-anomaly/datasets/VisA/chewinggum/Data/Images/Anomaly/081.JPG,1,VisA/chewinggum/Data/Images/Anomaly/081.JPG,1342,1118,other_anomaly,2,0,1,/root/private_data/iad-vlm-anomaly/datasets/VisA/chewinggum/Data/Masks/Anomaly/081.png,False,38.8553108215332
6ccd23e541128fabb48b58f5,VisA,chewinggum,evaluation,source_fit,/root/private_data/iad-vlm-anomaly/datasets/VisA/chewinggum/Data/Images/Anomaly/082.JPG,1,VisA/chewinggum/Data/Images/Anomaly/082.JPG,1342,1118,other_anomaly,1,0,0,/root/private_data/iad-vlm-anomaly/datasets/VisA/chewinggum/Data/Masks/Anomaly/082.png,False,38.8553108215332
de5dd2d41b4cbbc5fcf362a9,VisA,chewinggum,evaluation,source_fit,/root/private_data/iad-vlm-anomaly/datasets/VisA/chewinggum/Data/Images/Anomaly/083.JPG,1,VisA/chewinggum/Data/Images/Anomaly/083.JPG,1342,1118,other_anomaly,1,0,0,/root/private_data/iad-vlm-anomaly/datasets/VisA/chewinggum/Data/Masks/Anomaly/083.png,False,38.8553108215332
71a1f49ea0dfd82d2e66a6fd,VisA,chewinggum,evaluation,source_fit,/root/private_data/iad-vlm-anomaly/datasets/VisA/chewinggum/Data/Images/Anomaly/084.JPG,1,VisA/chewinggum/Data/Images/Anomaly/084.JPG,1342,1118,other_anomaly,1,0,0,/root/private_data/iad-vlm-anomaly/datasets/VisA/chewinggum/Data/Masks/Anomaly/084.png,False,38.8553108215332
ed40ad1222413fa954e7d598,VisA,chewinggum,evaluation,source_fit,/root/private_data/iad-vlm-anomaly/datasets/VisA/chewinggum/Data/Images/Anomaly/085.JPG,1,VisA/chewinggum/Data/Images/Anomaly/085.JPG,1342,1118,mixed_tiny,2,1,0,/root/private_data/iad-vlm-anomaly/datasets/VisA/chewinggum/Data/Masks/Anomaly/085.png,False,38.8553108215332
16586200efa0c514159f57b9,VisA,chewinggum,evaluation,source_fit,/root/private_data/iad-vlm-anomaly/datasets/VisA/chewinggum/Data/Images/Anomaly/086.JPG,1,VisA/chewinggum/Data/Images/Anomaly/086.JPG,1342,1118,mixed_tiny,2,1,0,/root/private_data/iad-vlm-anomaly/datasets/VisA/chewinggum/Data/Masks/Anomaly/086.png,False,38.8553108215332
907f1f919b76044071c3b3f4,VisA,chewinggum,evaluation,source_fit,/root/private_data/iad-vlm-anomaly/datasets/VisA/chewinggum/Data/Images/Anomaly/087.JPG,1,VisA/chewinggum/Data/Images/Anomaly/087.JPG,1342,1118,other_anomaly,1,0,0,/root/private_data/iad-vlm-anomaly/datasets/VisA/chewinggum/Data/Masks/Anomaly/087.png,False,38.8553108215332
fe2294ea97d7e7dd86903869,VisA,chewinggum,evaluation,source_fit,/root/private_data/iad-vlm-anomaly/datasets/VisA/chewinggum/Data/Images/Anomaly/088.JPG,1,VisA/chewinggum/Data/Images/Anomaly/088.JPG,1342,1118,other_anomaly,1,0,0,/root/private_data/iad-vlm-anomaly/datasets/VisA/chewinggum/Data/Masks/Anomaly/088.png,False,38.8553108215332
d0a5fa27d6e1dc450a56749e,VisA,chewinggum,evaluation,source_fit,/root/private_data/iad-vlm-anomaly/datasets/VisA/chewinggum/Data/Images/Anomaly/089.JPG,1,VisA/chewinggum/Data/Images/Anomaly/089.JPG,1342,1118,other_anomaly,1,0,0,/root/private_data/iad-vlm-anomaly/datasets/VisA/chewinggum/Data/Masks/Anomaly/089.png,False,38.8553108215332
678f6a5b1c4cb06377ba65ff,VisA,chewinggum,evaluation,source_fit,/root/private_data/iad-vlm-anomaly/datasets/VisA/chewinggum/Data/Images/Anomaly/090.JPG,1,VisA/chewinggum/Data/Images/Anomaly/090.JPG,1342,1118,other_anomaly,1,0,0,/root/private_data/iad-vlm-anomaly/datasets/VisA/chewinggum/Data/Masks/Anomaly/090.png,False,38.8553108215332
75cfb13a0d50b224590bae09,VisA,chewinggum,evaluation,source_fit,/root/private_data/iad-vlm-anomaly/datasets/VisA/chewinggum/Data/Images/Anomaly/091.JPG,1,VisA/chewinggum/Data/Images/Anomaly/091.JPG,1342,1118,mixed_tiny,3,2,0,/root/private_data/iad-vlm-anomaly/datasets/VisA/chewinggum/Data/Masks/Anomaly/091.png,False,38.8553108215332
d6bddf44995bd449ba0c2466,VisA,chewinggum,evaluation,source_fit,/root/private_data/iad-vlm-anomaly/datasets/VisA/chewinggum/Data/Images/Anomaly/092.JPG,1,VisA/chewinggum/Data/Images/Anomaly/092.JPG,1342,1118,other_anomaly,1,0,0,/root/private_data/iad-vlm-anomaly/datasets/VisA/chewinggum/Data/Masks/Anomaly/092.png,False,38.8553108215332
c5b93025a1692c44cd687858,VisA,chewinggum,evaluation,source_fit,/root/private_data/iad-vlm-anomaly/datasets/VisA/chewinggum/Data/Images/Anomaly/093.JPG,1,VisA/chewinggum/Data/Images/Anomaly/093.JPG,1342,1118,mixed_tiny,5,4,0,/root/private_data/iad-vlm-anomaly/datasets/VisA/chewinggum/Data/Masks/Anomaly/093.png,False,38.8553108215332
96fa156262347f370ab71a7b,VisA,chewinggum,evaluation,source_fit,/root/private_data/iad-vlm-anomaly/datasets/VisA/chewinggum/Data/Images/Anomaly/094.JPG,1,VisA/chewinggum/Data/Images/Anomaly/094.JPG,1342,1118,other_anomaly,1,0,0,/root/private_data/iad-vlm-anomaly/datasets/VisA/chewinggum/Data/Masks/Anomaly/094.png,False,38.8553108215332
1da7d41a6310e559ae3be57e,VisA,chewinggum,evaluation,source_fit,/root/private_data/iad-vlm-anomaly/datasets/VisA/chewinggum/Data/Images/Anomaly/095.JPG,1,VisA/chewinggum/Data/Images/Anomaly/095.JPG,1342,1118,other_anomaly,1,0,0,/root/private_data/iad-vlm-anomaly/datasets/VisA/chewinggum/Data/Masks/Anomaly/095.png,False,38.8553108215332
25e539f58ee72a7486474724,VisA,chewinggum,evaluation,source_fit,/root/private_data/iad-vlm-anomaly/datasets/VisA/chewinggum/Data/Images/Anomaly/096.JPG,1,VisA/chewinggum/Data/Images/Anomaly/096.JPG,1342,1118,other_anomaly,1,0,0,/root/private_data/iad-vlm-anomaly/datasets/VisA/chewinggum/Data/Masks/Anomaly/096.png,False,38.8553108215332
48069a8a6bd662ffe1e95f65,VisA,chewinggum,evaluation,source_fit,/root/private_data/iad-vlm-anomaly/datasets/VisA/chewinggum/Data/Images/Anomaly/097.JPG,1,VisA/chewinggum/Data/Images/Anomaly/097.JPG,1342,1118,other_anomaly,1,0,0,/root/private_data/iad-vlm-anomaly/datasets/VisA/chewinggum/Data/Masks/Anomaly/097.png,False,38.8553108215332
badc60789706fd22253c8c7d,VisA,chewinggum,evaluation,source_fit,/root/private_data/iad-vlm-anomaly/datasets/VisA/chewinggum/Data/Images/Anomaly/098.JPG,1,VisA/chewinggum/Data/Images/Anomaly/098.JPG,1342,1118,other_anomaly,1,0,0,/root/private_data/iad-vlm-anomaly/datasets/VisA/chewinggum/Data/Masks/Anomaly/098.png,False,38.8553108215332
f34461e5d329aaa195f61e70,VisA,chewinggum,evaluation,source_fit,/root/private_data/iad-vlm-anomaly/datasets/VisA/chewinggum/Data/Images/Anomaly/099.JPG,1,VisA/chewinggum/Data/Images/Anomaly/099.JPG,1342,1118,other_anomaly,1,0,0,/root/private_data/iad-vlm-anomaly/datasets/VisA/chewinggum/Data/Masks/Anomaly/099.png,False,38.8553108215332
5aa78f8b66cf726a2dc156a9,VisA,fryum,evaluation,source_fit,/root/private_data/iad-vlm-anomaly/datasets/VisA/fryum/Data/Images/Normal/023.JPG,0,VisA/fryum/Data/Images/Normal/023.JPG,1500,1000,normal,0,0,0,,False,35.23628540039062
711cbbd2d270bab44cc9fec8,VisA,fryum,evaluation,source_fit,/root/private_data/iad-vlm-anomaly/datasets/VisA/fryum/Data/Images/Normal/352.JPG,0,VisA/fryum/Data/Images/Normal/352.JPG,1500,1000,normal,0,0,0,,False,35.23628540039062
2454edc095428fb36d06020a,VisA,fryum,evaluation,source_fit,/root/private_data/iad-vlm-anomaly/datasets/VisA/fryum/Data/Images/Normal/104.JPG,0,VisA/fryum/Data/Images/Normal/104.JPG,1500,1000,normal,0,0,0,,False,35.23628540039062
5f6fd58767c305b317e855a3,VisA,fryum,evaluation,source_fit,/root/private_data/iad-vlm-anomaly/datasets/VisA/fryum/Data/Images/Normal/337.JPG,0,VisA/fryum/Data/Images/Normal/337.JPG,1500,1000,normal,0,0,0,,False,35.23628540039062
cf4f50b1ad3107941ef30973,VisA,fryum,evaluation,source_fit,/root/private_data/iad-vlm-anomaly/datasets/VisA/fryum/Data/Images/Normal/213.JPG,0,VisA/fryum/Data/Images/Normal/213.JPG,1500,1000,normal,0,0,0,,False,35.23628540039062
c557a543cf26f93e3e0a7f78,VisA,fryum,evaluation,source_fit,/root/private_data/iad-vlm-anomaly/datasets/VisA/fryum/Data/Images/Normal/276.JPG,0,VisA/fryum/Data/Images/Normal/276.JPG,1500,1000,normal,0,0,0,,False,35.23628540039062
8b538ea2567337a701b8b248,VisA,fryum,evaluation,source_fit,/root/private_data/iad-vlm-anomaly/datasets/VisA/fryum/Data/Images/Normal/402.JPG,0,VisA/fryum/Data/Images/Normal/402.JPG,1500,1000,normal,0,0,0,,False,35.23628540039062
66f8e76089fd44a815b10c40,VisA,fryum,evaluation,source_fit,/root/private_data/iad-vlm-anomaly/datasets/VisA/fryum/Data/Images/Normal/166.JPG,0,VisA/fryum/Data/Images/Normal/166.JPG,1500,1000,normal,0,0,0,,False,35.23628540039062
d3ed971db268fafd6ad16591,VisA,fryum,evaluation,source_fit,/root/private_data/iad-vlm-anomaly/datasets/VisA/fryum/Data/Images/Normal/013.JPG,0,VisA/fryum/Data/Images/Normal/013.JPG,1500,1000,normal,0,0,0,,False,35.23628540039062
16a8e7a9d23283a19f912f1c,VisA,fryum,evaluation,source_fit,/root/private_data/iad-vlm-anomaly/datasets/VisA/fryum/Data/Images/Normal/050.JPG,0,VisA/fryum/Data/Images/Normal/050.JPG,1500,1000,normal,0,0,0,,False,35.23628540039062
3f022ceaac221140ef60091c,VisA,fryum,evaluation,source_fit,/root/private_data/iad-vlm-anomaly/datasets/VisA/fryum/Data/Images/Normal/400.JPG,0,VisA/fryum/Data/Images/Normal/400.JPG,1500,1000,normal,0,0,0,,False,35.23628540039062
085d4d97d4ccb17a25835d26,VisA,fryum,evaluation,source_fit,/root/private_data/iad-vlm-anomaly/datasets/VisA/fryum/Data/Images/Normal/461.JPG,0,VisA/fryum/Data/Images/Normal/461.JPG,1500,1000,normal,0,0,0,,False,35.23628540039062
617b6addb45c8bb6d8384c70,VisA,fryum,evaluation,source_fit,/root/private_data/iad-vlm-anomaly/datasets/VisA/fryum/Data/Images/Normal/377.JPG,0,VisA/fryum/Data/Images/Normal/377.JPG,1500,1000,normal,0,0,0,,False,35.23628540039062
13a69a91c9741f453af93f0b,VisA,fryum,evaluation,source_fit,/root/private_data/iad-vlm-anomaly/datasets/VisA/fryum/Data/Images/Normal/006.JPG,0,VisA/fryum/Data/Images/Normal/006.JPG,1500,1000,normal,0,0,0,,False,35.23628540039062
9237a6f55a27b5e7917adace,VisA,fryum,evaluation,source_fit,/root/private_data/iad-vlm-anomaly/datasets/VisA/fryum/Data/Images/Normal/148.JPG,0,VisA/fryum/Data/Images/Normal/148.JPG,1500,1000,normal,0,0,0,,False,35.23628540039062
804c2c210657617b35941f08,VisA,fryum,evaluation,source_fit,/root/private_data/iad-vlm-anomaly/datasets/VisA/fryum/Data/Images/Normal/384.JPG,0,VisA/fryum/Data/Images/Normal/384.JPG,1500,1000,normal,0,0,0,,False,35.23628540039062
98d8ae00c33fe647f9d199c3,VisA,fryum,evaluation,source_fit,/root/private_data/iad-vlm-anomaly/datasets/VisA/fryum/Data/Images/Normal/228.JPG,0,VisA/fryum/Data/Images/Normal/228.JPG,1500,1000,normal,0,0,0,,False,35.23628540039062
556766e22dc4fd23503aee6a,VisA,fryum,evaluation,source_fit,/root/private_data/iad-vlm-anomaly/datasets/VisA/fryum/Data/Images/Normal/260.JPG,0,VisA/fryum/Data/Images/Normal/260.JPG,1500,1000,normal,0,0,0,,False,35.23628540039062
9dd704384ac3629b7e53cb78,VisA,fryum,evaluation,source_fit,/root/private_data/iad-vlm-anomaly/datasets/VisA/fryum/Data/Images/Normal/435.JPG,0,VisA/fryum/Data/Images/Normal/435.JPG,1500,1000,normal,0,0,0,,True,35.23628540039062
c50428e560acce78d861ebeb,VisA,fryum,evaluation,source_fit,/root/private_data/iad-vlm-anomaly/datasets/VisA/fryum/Data/Images/Normal/405.JPG,0,VisA/fryum/Data/Images/Normal/405.JPG,1500,1000,normal,0,0,0,,True,35.23628540039062
6a48efa934e623a1d55d1f92,VisA,fryum,evaluation,source_fit,/root/private_data/iad-vlm-anomaly/datasets/VisA/fryum/Data/Images/Normal/087.JPG,0,VisA/fryum/Data/Images/Normal/087.JPG,1500,1000,normal,0,0,0,,False,35.23628540039062
68e089b63bd0881b530e8ab3,VisA,fryum,evaluation,source_fit,/root/private_data/iad-vlm-anomaly/datasets/VisA/fryum/Data/Images/Normal/324.JPG,0,VisA/fryum/Data/Images/Normal/324.JPG,1500,1000,normal,0,0,0,,False,35.23628540039062
7b49a8eb6d7e8a8fa276db61,VisA,fryum,evaluation,source_fit,/root/private_data/iad-vlm-anomaly/datasets/VisA/fryum/Data/Images/Normal/130.JPG,0,VisA/fryum/Data/Images/Normal/130.JPG,1500,1000,normal,0,0,0,,False,35.23628540039062
725ba2d795704a4d8931d293,VisA,fryum,evaluation,source_fit,/root/private_data/iad-vlm-anomaly/datasets/VisA/fryum/Data/Images/Normal/392.JPG,0,VisA/fryum/Data/Images/Normal/392.JPG,1500,1000,normal,0,0,0,,False,35.23628540039062
3a97cbe18f73ea327e5a12b6,VisA,fryum,evaluation,source_fit,/root/private_data/iad-vlm-anomaly/datasets/VisA/fryum/Data/Images/Normal/467.JPG,0,VisA/fryum/Data/Images/Normal/467.JPG,1500,1000,normal,0,0,0,,False,35.23628540039062
c611f14486a9c4a85a4ac2aa,VisA,fryum,evaluation,source_fit,/root/private_data/iad-vlm-anomaly/datasets/VisA/fryum/Data/Images/Normal/143.JPG,0,VisA/fryum/Data/Images/Normal/143.JPG,1500,1000,normal,0,0,0,,False,35.23628540039062
d6e51804a22ef5890ec094e3,VisA,fryum,evaluation,source_fit,/root/private_data/iad-vlm-anomaly/datasets/VisA/fryum/Data/Images/Normal/389.JPG,0,VisA/fryum/Data/Images/Normal/389.JPG,1500,1000,normal,0,0,0,,False,35.23628540039062
08db9c8cd1485c7caa97f390,VisA,fryum,evaluation,source_fit,/root/private_data/iad-vlm-anomaly/datasets/VisA/fryum/Data/Images/Normal/181.JPG,0,VisA/fryum/Data/Images/Normal/181.JPG,1500,1000,normal,0,0,0,,True,35.23628540039062
feab6973e4af8550dbe107af,VisA,fryum,evaluation,source_fit,/root/private_data/iad-vlm-anomaly/datasets/VisA/fryum/Data/Images/Normal/309.JPG,0,VisA/fryum/Data/Images/Normal/309.JPG,1500,1000,normal,0,0,0,,False,35.23628540039062
67f08995b2489387569a681f,VisA,fryum,evaluation,source_fit,/root/private_data/iad-vlm-anomaly/datasets/VisA/fryum/Data/Images/Normal/012.JPG,0,VisA/fryum/Data/Images/Normal/012.JPG,1500,1000,normal,0,0,0,,False,35.23628540039062
e791496adeca993506e0286c,VisA,fryum,evaluation,source_fit,/root/private_data/iad-vlm-anomaly/datasets/VisA/fryum/Data/Images/Normal/367.JPG,0,VisA/fryum/Data/Images/Normal/367.JPG,1500,1000,normal,0,0,0,,False,35.23628540039062
e733eaf8042a3012cf09f6df,VisA,fryum,evaluation,source_fit,/root/private_data/iad-vlm-anomaly/datasets/VisA/fryum/Data/Images/Normal/344.JPG,0,VisA/fryum/Data/Images/Normal/344.JPG,1500,1000,normal,0,0,0,,False,35.23628540039062
6519e9efcbd8c610ec520c5c,VisA,fryum,evaluation,source_fit,/root/private_data/iad-vlm-anomaly/datasets/VisA/fryum/Data/Images/Normal/484.JPG,0,VisA/fryum/Data/Images/Normal/484.JPG,1500,1000,normal,0,0,0,,False,35.23628540039062
e62c3ffaab1472ce8636f9bc,VisA,fryum,evaluation,source_fit,/root/private_data/iad-vlm-anomaly/datasets/VisA/fryum/Data/Images/Normal/089.JPG,0,VisA/fryum/Data/Images/Normal/089.JPG,1500,1000,normal,0,0,0,,False,35.23628540039062
0a5fb07aa4961d588f1ca0e4,VisA,fryum,evaluation,source_fit,/root/private_data/iad-vlm-anomaly/datasets/VisA/fryum/Data/Images/Normal/398.JPG,0,VisA/fryum/Data/Images/Normal/398.JPG,1500,1000,normal,0,0,0,,False,35.23628540039062
a21114d5a1a041931c6fa29f,VisA,fryum,evaluation,source_fit,/root/private_data/iad-vlm-anomaly/datasets/VisA/fryum/Data/Images/Normal/460.JPG,0,VisA/fryum/Data/Images/Normal/460.JPG,1500,1000,normal,0,0,0,,False,35.23628540039062
6311cc1c58efc24d76fd2692,VisA,fryum,evaluation,source_fit,/root/private_data/iad-vlm-anomaly/datasets/VisA/fryum/Data/Images/Normal/239.JPG,0,VisA/fryum/Data/Images/Normal/239.JPG,1500,1000,normal,0,0,0,,True,35.23628540039062
ecd10f70d94cc957e09fc413,VisA,fryum,evaluation,source_fit,/root/private_data/iad-vlm-anomaly/datasets/VisA/fryum/Data/Images/Normal/342.JPG,0,VisA/fryum/Data/Images/Normal/342.JPG,1500,1000,normal,0,0,0,,False,35.23628540039062
5ee84eb25b9f7eafcb0af435,VisA,fryum,evaluation,source_fit,/root/private_data/iad-vlm-anomaly/datasets/VisA/fryum/Data/Images/Normal/369.JPG,0,VisA/fryum/Data/Images/Normal/369.JPG,1500,1000,normal,0,0,0,,False,35.23628540039062
92ba6372b52e70ddae5967bc,VisA,fryum,evaluation,source_fit,/root/private_data/iad-vlm-anomaly/datasets/VisA/fryum/Data/Images/Normal/284.JPG,0,VisA/fryum/Data/Images/Normal/284.JPG,1500,1000,normal,0,0,0,,False,35.23628540039062
ba552ffcec4839a339199394,VisA,fryum,evaluation,source_fit,/root/private_data/iad-vlm-anomaly/datasets/VisA/fryum/Data/Images/Normal/098.JPG,0,VisA/fryum/Data/Images/Normal/098.JPG,1500,1000,normal,0,0,0,,False,35.23628540039062
edb94e71024b077a0317e9f4,VisA,fryum,evaluation,source_fit,/root/private_data/iad-vlm-anomaly/datasets/VisA/fryum/Data/Images/Normal/446.JPG,0,VisA/fryum/Data/Images/Normal/446.JPG,1500,1000,normal,0,0,0,,False,35.23628540039062
c036b0f3db53b0d6b313bd71,VisA,fryum,evaluation,source_fit,/root/private_data/iad-vlm-anomaly/datasets/VisA/fryum/Data/Images/Normal/482.JPG,0,VisA/fryum/Data/Images/Normal/482.JPG,1500,1000,normal,0,0,0,,True,35.23628540039062
9f93d8c5a0ed34fc0c650dc0,VisA,fryum,evaluation,source_fit,/root/private_data/iad-vlm-anomaly/datasets/VisA/fryum/Data/Images/Normal/093.JPG,0,VisA/fryum/Data/Images/Normal/093.JPG,1500,1000,normal,0,0,0,,False,35.23628540039062
b30db16c50602f2a6a1f923c,VisA,fryum,evaluation,source_fit,/root/private_data/iad-vlm-anomaly/datasets/VisA/fryum/Data/Images/Normal/244.JPG,0,VisA/fryum/Data/Images/Normal/244.JPG,1500,1000,normal,0,0,0,,False,35.23628540039062
4016a29bb66cea68e71fe186,VisA,fryum,evaluation,source_fit,/root/private_data/iad-vlm-anomaly/datasets/VisA/fryum/Data/Images/Normal/272.JPG,0,VisA/fryum/Data/Images/Normal/272.JPG,1500,1000,normal,0,0,0,,False,35.23628540039062
623555b6db9b9813180085d6,VisA,fryum,evaluation,source_fit,/root/private_data/iad-vlm-anomaly/datasets/VisA/fryum/Data/Images/Normal/307.JPG,0,VisA/fryum/Data/Images/Normal/307.JPG,1500,1000,normal,0,0,0,,False,35.23628540039062
467d16782bfbc399313c2707,VisA,fryum,evaluation,source_fit,/root/private_data/iad-vlm-anomaly/datasets/VisA/fryum/Data/Images/Normal/487.JPG,0,VisA/fryum/Data/Images/Normal/487.JPG,1500,1000,normal,0,0,0,,False,35.23628540039062
50b7b5bad5e656a04f0bf6a4,VisA,fryum,evaluation,source_fit,/root/private_data/iad-vlm-anomaly/datasets/VisA/fryum/Data/Images/Normal/245.JPG,0,VisA/fryum/Data/Images/Normal/245.JPG,1500,1000,normal,0,0,0,,False,35.23628540039062
9d8d730064e413ba889a495f,VisA,fryum,evaluation,source_fit,/root/private_data/iad-vlm-anomaly/datasets/VisA/fryum/Data/Images/Normal/084.JPG,0,VisA/fryum/Data/Images/Normal/084.JPG,1500,1000,normal,0,0,0,,False,35.23628540039062
ea02790de71c63f77a669219,VisA,fryum,evaluation,source_fit,/root/private_data/iad-vlm-anomaly/datasets/VisA/fryum/Data/Images/Anomaly/000.JPG,1,VisA/fryum/Data/Images/Anomaly/000.JPG,1500,1000,mixed_tiny,4,3,0,/root/private_data/iad-vlm-anomaly/datasets/VisA/fryum/Data/Masks/Anomaly/000.png,False,35.23628540039062
2bbd3ec51e301a81e9e62ea5,VisA,fryum,evaluation,source_fit,/root/private_data/iad-vlm-anomaly/datasets/VisA/fryum/Data/Images/Anomaly/001.JPG,1,VisA/fryum/Data/Images/Anomaly/001.JPG,1500,1000,other_anomaly,2,0,0,/root/private_data/iad-vlm-anomaly/datasets/VisA/fryum/Data/Masks/Anomaly/001.png,False,35.23628540039062
70a994ee33a5a5f98d1a906c,VisA,fryum,evaluation,source_fit,/root/private_data/iad-vlm-anomaly/datasets/VisA/fryum/Data/Images/Anomaly/002.JPG,1,VisA/fryum/Data/Images/Anomaly/002.JPG,1500,1000,mixed_tiny,2,1,0,/root/private_data/iad-vlm-anomaly/datasets/VisA/fryum/Data/Masks/Anomaly/002.png,False,35.23628540039062
fe17b3bb7e6d91bf855be45a,VisA,fryum,evaluation,source_fit,/root/private_data/iad-vlm-anomaly/datasets/VisA/fryum/Data/Images/Anomaly/003.JPG,1,VisA/fryum/Data/Images/Anomaly/003.JPG,1500,1000,mixed_tiny,4,3,0,/root/private_data/iad-vlm-anomaly/datasets/VisA/fryum/Data/Masks/Anomaly/003.png,False,35.23628540039062
66794ed65d542169dff2c7dd,VisA,fryum,evaluation,source_fit,/root/private_data/iad-vlm-anomaly/datasets/VisA/fryum/Data/Images/Anomaly/004.JPG,1,VisA/fryum/Data/Images/Anomaly/004.JPG,1500,1000,mixed_tiny,3,2,0,/root/private_data/iad-vlm-anomaly/datasets/VisA/fryum/Data/Masks/Anomaly/004.png,False,35.23628540039062
3d13dece78f48cf7fa45ca33,VisA,fryum,evaluation,source_fit,/root/private_data/iad-vlm-anomaly/datasets/VisA/fryum/Data/Images/Anomaly/005.JPG,1,VisA/fryum/Data/Images/Anomaly/005.JPG,1500,1000,mixed_tiny,5,1,0,/root/private_data/iad-vlm-anomaly/datasets/VisA/fryum/Data/Masks/Anomaly/005.png,False,35.23628540039062
7b79b85be79dbd15a7ef0bce,VisA,fryum,evaluation,source_fit,/root/private_data/iad-vlm-anomaly/datasets/VisA/fryum/Data/Images/Anomaly/006.JPG,1,VisA/fryum/Data/Images/Anomaly/006.JPG,1500,1000,mixed_tiny,3,1,0,/root/private_data/iad-vlm-anomaly/datasets/VisA/fryum/Data/Masks/Anomaly/006.png,False,35.23628540039062
a0f1a3cc0818e0e5eb11e7e0,VisA,fryum,evaluation,source_fit,/root/private_data/iad-vlm-anomaly/datasets/VisA/fryum/Data/Images/Anomaly/007.JPG,1,VisA/fryum/Data/Images/Anomaly/007.JPG,1500,1000,mixed_tiny,5,1,0,/root/private_data/iad-vlm-anomaly/datasets/VisA/fryum/Data/Masks/Anomaly/007.png,False,35.23628540039062
0dc73ea3b7f6abcbf1a04e2d,VisA,fryum,evaluation,source_fit,/root/private_data/iad-vlm-anomaly/datasets/VisA/fryum/Data/Images/Anomaly/008.JPG,1,VisA/fryum/Data/Images/Anomaly/008.JPG,1500,1000,mixed_tiny,2,1,0,/root/private_data/iad-vlm-anomaly/datasets/VisA/fryum/Data/Masks/Anomaly/008.png,False,35.23628540039062
80e711df3b1e427366c7b265,VisA,fryum,evaluation,source_fit,/root/private_data/iad-vlm-anomaly/datasets/VisA/fryum/Data/Images/Anomaly/009.JPG,1,VisA/fryum/Data/Images/Anomaly/009.JPG,1500,1000,mixed_tiny,5,3,0,/root/private_data/iad-vlm-anomaly/datasets/VisA/fryum/Data/Masks/Anomaly/009.png,False,35.23628540039062
af89a3fc93367d11c2b90e46,VisA,fryum,evaluation,source_fit,/root/private_data/iad-vlm-anomaly/datasets/VisA/fryum/Data/Images/Anomaly/010.JPG,1,VisA/fryum/Data/Images/Anomaly/010.JPG,1500,1000,mixed_tiny,3,2,0,/root/private_data/iad-vlm-anomaly/datasets/VisA/fryum/Data/Masks/Anomaly/010.png,False,35.23628540039062
3f1ab61fe56559b5322f63dc,VisA,fryum,evaluation,source_fit,/root/private_data/iad-vlm-anomaly/datasets/VisA/fryum/Data/Images/Anomaly/011.JPG,1,VisA/fryum/Data/Images/Anomaly/011.JPG,1500,1000,other_anomaly,1,0,0,/root/private_data/iad-vlm-anomaly/datasets/VisA/fryum/Data/Masks/Anomaly/011.png,False,35.23628540039062
3f616e47db6081139aa9591a,VisA,fryum,evaluation,source_fit,/root/private_data/iad-vlm-anomaly/datasets/VisA/fryum/Data/Images/Anomaly/012.JPG,1,VisA/fryum/Data/Images/Anomaly/012.JPG,1500,1000,mixed_tiny,6,4,1,/root/private_data/iad-vlm-anomaly/datasets/VisA/fryum/Data/Masks/Anomaly/012.png,False,35.23628540039062
3155f2ae7b4e017f3e4e86f1,VisA,fryum,evaluation,source_fit,/root/private_data/iad-vlm-anomaly/datasets/VisA/fryum/Data/Images/Anomaly/013.JPG,1,VisA/fryum/Data/Images/Anomaly/013.JPG,1500,1000,tiny_only,1,1,0,/root/private_data/iad-vlm-anomaly/datasets/VisA/fryum/Data/Masks/Anomaly/013.png,False,35.23628540039062
436d87387232af5c8e6b4e54,VisA,fryum,evaluation,source_fit,/root/private_data/iad-vlm-anomaly/datasets/VisA/fryum/Data/Images/Anomaly/014.JPG,1,VisA/fryum/Data/Images/Anomaly/014.JPG,1500,1000,other_anomaly,1,0,0,/root/private_data/iad-vlm-anomaly/datasets/VisA/fryum/Data/Masks/Anomaly/014.png,False,35.23628540039062
92680a1824ed9434e44ccf98,VisA,fryum,evaluation,source_fit,/root/private_data/iad-vlm-anomaly/datasets/VisA/fryum/Data/Images/Anomaly/015.JPG,1,VisA/fryum/Data/Images/Anomaly/015.JPG,1500,1000,thin_only,1,0,1,/root/private_data/iad-vlm-anomaly/datasets/VisA/fryum/Data/Masks/Anomaly/015.png,False,35.23628540039062
51e720649157b6d8b3828bf7,VisA,fryum,evaluation,source_fit,/root/private_data/iad-vlm-anomaly/datasets/VisA/fryum/Data/Images/Anomaly/016.JPG,1,VisA/fryum/Data/Images/Anomaly/016.JPG,1500,1000,other_anomaly,1,0,0,/root/private_data/iad-vlm-anomaly/datasets/VisA/fryum/Data/Masks/Anomaly/016.png,False,35.23628540039062
0991fdba5270f68770239306,VisA,fryum,evaluation,source_fit,/root/private_data/iad-vlm-anomaly/datasets/VisA/fryum/Data/Images/Anomaly/017.JPG,1,VisA/fryum/Data/Images/Anomaly/017.JPG,1500,1000,mixed_tiny,3,2,0,/root/private_data/iad-vlm-anomaly/datasets/VisA/fryum/Data/Masks/Anomaly/017.png,False,35.23628540039062
da625f2507c8f5821a0fb44f,VisA,fryum,evaluation,source_fit,/root/private_data/iad-vlm-anomaly/datasets/VisA/fryum/Data/Images/Anomaly/018.JPG,1,VisA/fryum/Data/Images/Anomaly/018.JPG,1500,1000,other_anomaly,1,0,0,/root/private_data/iad-vlm-anomaly/datasets/VisA/fryum/Data/Masks/Anomaly/018.png,False,35.23628540039062
7a2a31fbbd8f0df55dc8617b,VisA,fryum,evaluation,source_fit,/root/private_data/iad-vlm-anomaly/datasets/VisA/fryum/Data/Images/Anomaly/019.JPG,1,VisA/fryum/Data/Images/Anomaly/019.JPG,1500,1000,other_anomaly,1,0,0,/root/private_data/iad-vlm-anomaly/datasets/VisA/fryum/Data/Masks/Anomaly/019.png,False,35.23628540039062
a173dd6ce470aa641462ae9e,VisA,fryum,evaluation,source_fit,/root/private_data/iad-vlm-anomaly/datasets/VisA/fryum/Data/Images/Anomaly/020.JPG,1,VisA/fryum/Data/Images/Anomaly/020.JPG,1500,1000,tiny_only,1,1,0,/root/private_data/iad-vlm-anomaly/datasets/VisA/fryum/Data/Masks/Anomaly/020.png,False,35.23628540039062
707a80fdfed85fafe655c101,VisA,fryum,evaluation,source_fit,/root/private_data/iad-vlm-anomaly/datasets/VisA/fryum/Data/Images/Anomaly/021.JPG,1,VisA/fryum/Data/Images/Anomaly/021.JPG,1500,1000,tiny_only,2,2,0,/root/private_data/iad-vlm-anomaly/datasets/VisA/fryum/Data/Masks/Anomaly/021.png,False,35.23628540039062
f547d01d4f8f187c7a38cfd7,VisA,fryum,evaluation,source_fit,/root/private_data/iad-vlm-anomaly/datasets/VisA/fryum/Data/Images/Anomaly/022.JPG,1,VisA/fryum/Data/Images/Anomaly/022.JPG,1500,1000,tiny_only,4,4,0,/root/private_data/iad-vlm-anomaly/datasets/VisA/fryum/Data/Masks/Anomaly/022.png,False,35.23628540039062
affc226aa78a52c4a9e5f55d,VisA,fryum,evaluation,source_fit,/root/private_data/iad-vlm-anomaly/datasets/VisA/fryum/Data/Images/Anomaly/023.JPG,1,VisA/fryum/Data/Images/Anomaly/023.JPG,1500,1000,tiny_only,2,2,0,/root/private_data/iad-vlm-anomaly/datasets/VisA/fryum/Data/Masks/Anomaly/023.png,False,35.23628540039062
11a192dfa2971876b4b07756,VisA,fryum,evaluation,source_fit,/root/private_data/iad-vlm-anomaly/datasets/VisA/fryum/Data/Images/Anomaly/024.JPG,1,VisA/fryum/Data/Images/Anomaly/024.JPG,1500,1000,tiny_only,1,1,0,/root/private_data/iad-vlm-anomaly/datasets/VisA/fryum/Data/Masks/Anomaly/024.png,False,35.23628540039062
f9d8f08a7f6b5e7422431cf4,VisA,fryum,evaluation,source_fit,/root/private_data/iad-vlm-anomaly/datasets/VisA/fryum/Data/Images/Anomaly/025.JPG,1,VisA/fryum/Data/Images/Anomaly/025.JPG,1500,1000,tiny_only,1,1,0,/root/private_data/iad-vlm-anomaly/datasets/VisA/fryum/Data/Masks/Anomaly/025.png,False,35.23628540039062
e977d01059e3d0cd388b1029,VisA,fryum,evaluation,source_fit,/root/private_data/iad-vlm-anomaly/datasets/VisA/fryum/Data/Images/Anomaly/026.JPG,1,VisA/fryum/Data/Images/Anomaly/026.JPG,1500,1000,tiny_only,2,2,0,/root/private_data/iad-vlm-anomaly/datasets/VisA/fryum/Data/Masks/Anomaly/026.png,False,35.23628540039062
b8f197ee8c7dea0ba265d809,VisA,fryum,evaluation,source_fit,/root/private_data/iad-vlm-anomaly/datasets/VisA/fryum/Data/Images/Anomaly/027.JPG,1,VisA/fryum/Data/Images/Anomaly/027.JPG,1500,1000,tiny_only,2,2,0,/root/private_data/iad-vlm-anomaly/datasets/VisA/fryum/Data/Masks/Anomaly/027.png,False,35.23628540039062
e1923bf3529e43dab3ed7a36,VisA,fryum,evaluation,source_fit,/root/private_data/iad-vlm-anomaly/datasets/VisA/fryum/Data/Images/Anomaly/028.JPG,1,VisA/fryum/Data/Images/Anomaly/028.JPG,1500,1000,tiny_only,2,2,0,/root/private_data/iad-vlm-anomaly/datasets/VisA/fryum/Data/Masks/Anomaly/028.png,False,35.23628540039062
0fdaf1bb08e3c9e6bdb2479d,VisA,fryum,evaluation,source_fit,/root/private_data/iad-vlm-anomaly/datasets/VisA/fryum/Data/Images/Anomaly/029.JPG,1,VisA/fryum/Data/Images/Anomaly/029.JPG,1500,1000,tiny_only,1,1,0,/root/private_data/iad-vlm-anomaly/datasets/VisA/fryum/Data/Masks/Anomaly/029.png,False,35.23628540039062
f3738daf5812e9a050851a6b,VisA,fryum,evaluation,source_fit,/root/private_data/iad-vlm-anomaly/datasets/VisA/fryum/Data/Images/Anomaly/030.JPG,1,VisA/fryum/Data/Images/Anomaly/030.JPG,1500,1000,tiny_only,2,2,0,/root/private_data/iad-vlm-anomaly/datasets/VisA/fryum/Data/Masks/Anomaly/030.png,False,35.23628540039062
232aebca13c2a3b682c8b7ff,VisA,fryum,evaluation,source_fit,/root/private_data/iad-vlm-anomaly/datasets/VisA/fryum/Data/Images/Anomaly/031.JPG,1,VisA/fryum/Data/Images/Anomaly/031.JPG,1500,1000,tiny_only,1,1,0,/root/private_data/iad-vlm-anomaly/datasets/VisA/fryum/Data/Masks/Anomaly/031.png,False,35.23628540039062
bf4604877c2cfdcdbd8c029c,VisA,fryum,evaluation,source_fit,/root/private_data/iad-vlm-anomaly/datasets/VisA/fryum/Data/Images/Anomaly/032.JPG,1,VisA/fryum/Data/Images/Anomaly/032.JPG,1500,1000,tiny_only,1,1,0,/root/private_data/iad-vlm-anomaly/datasets/VisA/fryum/Data/Masks/Anomaly/032.png,False,35.23628540039062
2659ffa91556eeb0ae66d2a3,VisA,fryum,evaluation,source_fit,/root/private_data/iad-vlm-anomaly/datasets/VisA/fryum/Data/Images/Anomaly/033.JPG,1,VisA/fryum/Data/Images/Anomaly/033.JPG,1500,1000,tiny_only,1,1,0,/root/private_data/iad-vlm-anomaly/datasets/VisA/fryum/Data/Masks/Anomaly/033.png,False,35.23628540039062
1e408470abc1d14f529400cf,VisA,fryum,evaluation,source_fit,/root/private_data/iad-vlm-anomaly/datasets/VisA/fryum/Data/Images/Anomaly/034.JPG,1,VisA/fryum/Data/Images/Anomaly/034.JPG,1500,1000,tiny_only,1,1,0,/root/private_data/iad-vlm-anomaly/datasets/VisA/fryum/Data/Masks/Anomaly/034.png,False,35.23628540039062
d2227a3a0a5ded10b84aa59f,VisA,fryum,evaluation,source_fit,/root/private_data/iad-vlm-anomaly/datasets/VisA/fryum/Data/Images/Anomaly/035.JPG,1,VisA/fryum/Data/Images/Anomaly/035.JPG,1500,1000,tiny_only,1,1,0,/root/private_data/iad-vlm-anomaly/datasets/VisA/fryum/Data/Masks/Anomaly/035.png,False,35.23628540039062
eea7ab4a971c68837368d286,VisA,fryum,evaluation,source_fit,/root/private_data/iad-vlm-anomaly/datasets/VisA/fryum/Data/Images/Anomaly/036.JPG,1,VisA/fryum/Data/Images/Anomaly/036.JPG,1500,1000,tiny_only,1,1,0,/root/private_data/iad-vlm-anomaly/datasets/VisA/fryum/Data/Masks/Anomaly/036.png,False,35.23628540039062
68972805f6af0e593581611e,VisA,fryum,evaluation,source_fit,/root/private_data/iad-vlm-anomaly/datasets/VisA/fryum/Data/Images/Anomaly/037.JPG,1,VisA/fryum/Data/Images/Anomaly/037.JPG,1500,1000,tiny_only,2,2,0,/root/private_data/iad-vlm-anomaly/datasets/VisA/fryum/Data/Masks/Anomaly/037.png,False,35.23628540039062
34bfd09d3c9568afa40da658,VisA,fryum,evaluation,source_fit,/root/private_data/iad-vlm-anomaly/datasets/VisA/fryum/Data/Images/Anomaly/038.JPG,1,VisA/fryum/Data/Images/Anomaly/038.JPG,1500,1000,tiny_only,1,1,0,/root/private_data/iad-vlm-anomaly/datasets/VisA/fryum/Data/Masks/Anomaly/038.png,False,35.23628540039062
ddec27e78f9f74f3e2195d7b,VisA,fryum,evaluation,source_fit,/root/private_data/iad-vlm-anomaly/datasets/VisA/fryum/Data/Images/Anomaly/039.JPG,1,VisA/fryum/Data/Images/Anomaly/039.JPG,1500,1000,tiny_only,1,1,0,/root/private_data/iad-vlm-anomaly/datasets/VisA/fryum/Data/Masks/Anomaly/039.png,False,35.23628540039062
c081952d49fb8a38e8ea14c0,VisA,fryum,evaluation,source_fit,/root/private_data/iad-vlm-anomaly/datasets/VisA/fryum/Data/Images/Anomaly/040.JPG,1,VisA/fryum/Data/Images/Anomaly/040.JPG,1500,1000,other_anomaly,1,0,0,/root/private_data/iad-vlm-anomaly/datasets/VisA/fryum/Data/Masks/Anomaly/040.png,False,35.23628540039062
cf120c6cf7e688ef95928891,VisA,fryum,evaluation,source_fit,/root/private_data/iad-vlm-anomaly/datasets/VisA/fryum/Data/Images/Anomaly/041.JPG,1,VisA/fryum/Data/Images/Anomaly/041.JPG,1500,1000,other_anomaly,1,0,0,/root/private_data/iad-vlm-anomaly/datasets/VisA/fryum/Data/Masks/Anomaly/041.png,False,35.23628540039062
162aa2d55827363b0db982d3,VisA,fryum,evaluation,source_fit,/root/private_data/iad-vlm-anomaly/datasets/VisA/fryum/Data/Images/Anomaly/042.JPG,1,VisA/fryum/Data/Images/Anomaly/042.JPG,1500,1000,other_anomaly,1,0,0,/root/private_data/iad-vlm-anomaly/datasets/VisA/fryum/Data/Masks/Anomaly/042.png,False,35.23628540039062
c3d104097bd1c0951b4d0e40,VisA,fryum,evaluation,source_fit,/root/private_data/iad-vlm-anomaly/datasets/VisA/fryum/Data/Images/Anomaly/043.JPG,1,VisA/fryum/Data/Images/Anomaly/043.JPG,1500,1000,mixed_tiny,2,1,0,/root/private_data/iad-vlm-anomaly/datasets/VisA/fryum/Data/Masks/Anomaly/043.png,False,35.23628540039062
8a3117f44d61e250231d0e6d,VisA,fryum,evaluation,source_fit,/root/private_data/iad-vlm-anomaly/datasets/VisA/fryum/Data/Images/Anomaly/044.JPG,1,VisA/fryum/Data/Images/Anomaly/044.JPG,1500,1000,other_anomaly,1,0,0,/root/private_data/iad-vlm-anomaly/datasets/VisA/fryum/Data/Masks/Anomaly/044.png,False,35.23628540039062
b86aaa95e050983aa8e7257b,VisA,fryum,evaluation,source_fit,/root/private_data/iad-vlm-anomaly/datasets/VisA/fryum/Data/Images/Anomaly/045.JPG,1,VisA/fryum/Data/Images/Anomaly/045.JPG,1500,1000,other_anomaly,1,0,0,/root/private_data/iad-vlm-anomaly/datasets/VisA/fryum/Data/Masks/Anomaly/045.png,False,35.23628540039062
05e7d385d49a93944ed7d660,VisA,fryum,evaluation,source_fit,/root/private_data/iad-vlm-anomaly/datasets/VisA/fryum/Data/Images/Anomaly/046.JPG,1,VisA/fryum/Data/Images/Anomaly/046.JPG,1500,1000,mixed_tiny,2,1,0,/root/private_data/iad-vlm-anomaly/datasets/VisA/fryum/Data/Masks/Anomaly/046.png,False,35.23628540039062
d6ce54cb0cacacb1fac75ba2,VisA,fryum,evaluation,source_fit,/root/private_data/iad-vlm-anomaly/datasets/VisA/fryum/Data/Images/Anomaly/047.JPG,1,VisA/fryum/Data/Images/Anomaly/047.JPG,1500,1000,other_anomaly,1,0,0,/root/private_data/iad-vlm-anomaly/datasets/VisA/fryum/Data/Masks/Anomaly/047.png,False,35.23628540039062
9bcd6e833b236cbc795dd8f5,VisA,fryum,evaluation,source_fit,/root/private_data/iad-vlm-anomaly/datasets/VisA/fryum/Data/Images/Anomaly/048.JPG,1,VisA/fryum/Data/Images/Anomaly/048.JPG,1500,1000,mixed_tiny,9,8,0,/root/private_data/iad-vlm-anomaly/datasets/VisA/fryum/Data/Masks/Anomaly/048.png,False,35.23628540039062
96e455da889c6a6022d6b24b,VisA,fryum,evaluation,source_fit,/root/private_data/iad-vlm-anomaly/datasets/VisA/fryum/Data/Images/Anomaly/049.JPG,1,VisA/fryum/Data/Images/Anomaly/049.JPG,1500,1000,other_anomaly,1,0,0,/root/private_data/iad-vlm-anomaly/datasets/VisA/fryum/Data/Masks/Anomaly/049.png,False,35.23628540039062
983e626043ee09675b8a9bac,VisA,fryum,evaluation,source_fit,/root/private_data/iad-vlm-anomaly/datasets/VisA/fryum/Data/Images/Anomaly/050.JPG,1,VisA/fryum/Data/Images/Anomaly/050.JPG,1500,1000,mixed_tiny,7,6,0,/root/private_data/iad-vlm-anomaly/datasets/VisA/fryum/Data/Masks/Anomaly/050.png,False,35.23628540039062
eaebca4cccfbf87f3708bf9a,VisA,fryum,evaluation,source_fit,/root/private_data/iad-vlm-anomaly/datasets/VisA/fryum/Data/Images/Anomaly/051.JPG,1,VisA/fryum/Data/Images/Anomaly/051.JPG,1500,1000,other_anomaly,1,0,0,/root/private_data/iad-vlm-anomaly/datasets/VisA/fryum/Data/Masks/Anomaly/051.png,False,35.23628540039062
936780b8fbb9114eb6559c17,VisA,fryum,evaluation,source_fit,/root/private_data/iad-vlm-anomaly/datasets/VisA/fryum/Data/Images/Anomaly/052.JPG,1,VisA/fryum/Data/Images/Anomaly/052.JPG,1500,1000,mixed_tiny,4,3,0,/root/private_data/iad-vlm-anomaly/datasets/VisA/fryum/Data/Masks/Anomaly/052.png,False,35.23628540039062
8c73db972249d627ce5cc42d,VisA,fryum,evaluation,source_fit,/root/private_data/iad-vlm-anomaly/datasets/VisA/fryum/Data/Images/Anomaly/053.JPG,1,VisA/fryum/Data/Images/Anomaly/053.JPG,1500,1000,mixed_tiny,2,1,0,/root/private_data/iad-vlm-anomaly/datasets/VisA/fryum/Data/Masks/Anomaly/053.png,False,35.23628540039062
9a233808680ccbe66eed60fd,VisA,fryum,evaluation,source_fit,/root/private_data/iad-vlm-anomaly/datasets/VisA/fryum/Data/Images/Anomaly/054.JPG,1,VisA/fryum/Data/Images/Anomaly/054.JPG,1500,1000,mixed_tiny,4,3,0,/root/private_data/iad-vlm-anomaly/datasets/VisA/fryum/Data/Masks/Anomaly/054.png,False,35.23628540039062
e20ded403e7b3f4022f9eb66,VisA,fryum,evaluation,source_fit,/root/private_data/iad-vlm-anomaly/datasets/VisA/fryum/Data/Images/Anomaly/055.JPG,1,VisA/fryum/Data/Images/Anomaly/055.JPG,1500,1000,other_anomaly,1,0,0,/root/private_data/iad-vlm-anomaly/datasets/VisA/fryum/Data/Masks/Anomaly/055.png,False,35.23628540039062
76ae63a58d116bcef0b90bb7,VisA,fryum,evaluation,source_fit,/root/private_data/iad-vlm-anomaly/datasets/VisA/fryum/Data/Images/Anomaly/056.JPG,1,VisA/fryum/Data/Images/Anomaly/056.JPG,1500,1000,mixed_tiny,4,3,0,/root/private_data/iad-vlm-anomaly/datasets/VisA/fryum/Data/Masks/Anomaly/056.png,False,35.23628540039062
2f9c70e940c5c4abd5608c63,VisA,fryum,evaluation,source_fit,/root/private_data/iad-vlm-anomaly/datasets/VisA/fryum/Data/Images/Anomaly/057.JPG,1,VisA/fryum/Data/Images/Anomaly/057.JPG,1500,1000,other_anomaly,1,0,0,/root/private_data/iad-vlm-anomaly/datasets/VisA/fryum/Data/Masks/Anomaly/057.png,False,35.23628540039062
8777878505d769902e372e93,VisA,fryum,evaluation,source_fit,/root/private_data/iad-vlm-anomaly/datasets/VisA/fryum/Data/Images/Anomaly/058.JPG,1,VisA/fryum/Data/Images/Anomaly/058.JPG,1500,1000,other_anomaly,1,0,0,/root/private_data/iad-vlm-anomaly/datasets/VisA/fryum/Data/Masks/Anomaly/058.png,False,35.23628540039062
713a892fbe15f9c59edffe30,VisA,fryum,evaluation,source_fit,/root/private_data/iad-vlm-anomaly/datasets/VisA/fryum/Data/Images/Anomaly/059.JPG,1,VisA/fryum/Data/Images/Anomaly/059.JPG,1500,1000,other_anomaly,1,0,0,/root/private_data/iad-vlm-anomaly/datasets/VisA/fryum/Data/Masks/Anomaly/059.png,False,35.23628540039062
7d64493def194919d5bbdfcb,VisA,fryum,evaluation,source_fit,/root/private_data/iad-vlm-anomaly/datasets/VisA/fryum/Data/Images/Anomaly/060.JPG,1,VisA/fryum/Data/Images/Anomaly/060.JPG,1500,1000,mixed_tiny,2,1,0,/root/private_data/iad-vlm-anomaly/datasets/VisA/fryum/Data/Masks/Anomaly/060.png,False,35.23628540039062
42f250bd04d6cb63ef16c4d1,VisA,fryum,evaluation,source_fit,/root/private_data/iad-vlm-anomaly/datasets/VisA/fryum/Data/Images/Anomaly/061.JPG,1,VisA/fryum/Data/Images/Anomaly/061.JPG,1500,1000,tiny_only,2,2,0,/root/private_data/iad-vlm-anomaly/datasets/VisA/fryum/Data/Masks/Anomaly/061.png,False,35.23628540039062
48f113c2ead423d88638113c,VisA,fryum,evaluation,source_fit,/root/private_data/iad-vlm-anomaly/datasets/VisA/fryum/Data/Images/Anomaly/062.JPG,1,VisA/fryum/Data/Images/Anomaly/062.JPG,1500,1000,other_anomaly,1,0,0,/root/private_data/iad-vlm-anomaly/datasets/VisA/fryum/Data/Masks/Anomaly/062.png,False,35.23628540039062
e9808288b354bbd6915aa556,VisA,fryum,evaluation,source_fit,/root/private_data/iad-vlm-anomaly/datasets/VisA/fryum/Data/Images/Anomaly/063.JPG,1,VisA/fryum/Data/Images/Anomaly/063.JPG,1500,1000,other_anomaly,1,0,0,/root/private_data/iad-vlm-anomaly/datasets/VisA/fryum/Data/Masks/Anomaly/063.png,False,35.23628540039062
d45de799c69ef8b198c8b57e,VisA,fryum,evaluation,source_fit,/root/private_data/iad-vlm-anomaly/datasets/VisA/fryum/Data/Images/Anomaly/064.JPG,1,VisA/fryum/Data/Images/Anomaly/064.JPG,1500,1000,other_anomaly,1,0,0,/root/private_data/iad-vlm-anomaly/datasets/VisA/fryum/Data/Masks/Anomaly/064.png,False,35.23628540039062
731d88a997a147686f6da045,VisA,fryum,evaluation,source_fit,/root/private_data/iad-vlm-anomaly/datasets/VisA/fryum/Data/Images/Anomaly/065.JPG,1,VisA/fryum/Data/Images/Anomaly/065.JPG,1500,1000,tiny_only,2,2,0,/root/private_data/iad-vlm-anomaly/datasets/VisA/fryum/Data/Masks/Anomaly/065.png,False,35.23628540039062
8158fb697f286afef8136831,VisA,fryum,evaluation,source_fit,/root/private_data/iad-vlm-anomaly/datasets/VisA/fryum/Data/Images/Anomaly/066.JPG,1,VisA/fryum/Data/Images/Anomaly/066.JPG,1500,1000,mixed_tiny,2,1,0,/root/private_data/iad-vlm-anomaly/datasets/VisA/fryum/Data/Masks/Anomaly/066.png,False,35.23628540039062
f7dd88eae08a372459563c8e,VisA,fryum,evaluation,source_fit,/root/private_data/iad-vlm-anomaly/datasets/VisA/fryum/Data/Images/Anomaly/067.JPG,1,VisA/fryum/Data/Images/Anomaly/067.JPG,1500,1000,other_anomaly,1,0,0,/root/private_data/iad-vlm-anomaly/datasets/VisA/fryum/Data/Masks/Anomaly/067.png,False,35.23628540039062
a307dc7bbe40b873d7ec1a1b,VisA,fryum,evaluation,source_fit,/root/private_data/iad-vlm-anomaly/datasets/VisA/fryum/Data/Images/Anomaly/068.JPG,1,VisA/fryum/Data/Images/Anomaly/068.JPG,1500,1000,other_anomaly,1,0,0,/root/private_data/iad-vlm-anomaly/datasets/VisA/fryum/Data/Masks/Anomaly/068.png,False,35.23628540039062
75cd49382fc73712226d88a5,VisA,fryum,evaluation,source_fit,/root/private_data/iad-vlm-anomaly/datasets/VisA/fryum/Data/Images/Anomaly/069.JPG,1,VisA/fryum/Data/Images/Anomaly/069.JPG,1500,1000,mixed_tiny,4,3,0,/root/private_data/iad-vlm-anomaly/datasets/VisA/fryum/Data/Masks/Anomaly/069.png,False,35.23628540039062
cf1dff7c1f54fed52392a5af,VisA,fryum,evaluation,source_fit,/root/private_data/iad-vlm-anomaly/datasets/VisA/fryum/Data/Images/Anomaly/070.JPG,1,VisA/fryum/Data/Images/Anomaly/070.JPG,1500,1000,other_anomaly,1,0,0,/root/private_data/iad-vlm-anomaly/datasets/VisA/fryum/Data/Masks/Anomaly/070.png,False,35.23628540039062
c75ae74b9c782ad4d76052db,VisA,fryum,evaluation,source_fit,/root/private_data/iad-vlm-anomaly/datasets/VisA/fryum/Data/Images/Anomaly/071.JPG,1,VisA/fryum/Data/Images/Anomaly/071.JPG,1500,1000,other_anomaly,1,0,0,/root/private_data/iad-vlm-anomaly/datasets/VisA/fryum/Data/Masks/Anomaly/071.png,False,35.23628540039062
81f47bf243d5be7b46a06904,VisA,fryum,evaluation,source_fit,/root/private_data/iad-vlm-anomaly/datasets/VisA/fryum/Data/Images/Anomaly/072.JPG,1,VisA/fryum/Data/Images/Anomaly/072.JPG,1500,1000,other_anomaly,1,0,0,/root/private_data/iad-vlm-anomaly/datasets/VisA/fryum/Data/Masks/Anomaly/072.png,False,35.23628540039062
331edf617fbde0bfb7ff3460,VisA,fryum,evaluation,source_fit,/root/private_data/iad-vlm-anomaly/datasets/VisA/fryum/Data/Images/Anomaly/073.JPG,1,VisA/fryum/Data/Images/Anomaly/073.JPG,1500,1000,other_anomaly,1,0,0,/root/private_data/iad-vlm-anomaly/datasets/VisA/fryum/Data/Masks/Anomaly/073.png,False,35.23628540039062
353de009f49fc1c9357fcd65,VisA,fryum,evaluation,source_fit,/root/private_data/iad-vlm-anomaly/datasets/VisA/fryum/Data/Images/Anomaly/074.JPG,1,VisA/fryum/Data/Images/Anomaly/074.JPG,1500,1000,other_anomaly,1,0,0,/root/private_data/iad-vlm-anomaly/datasets/VisA/fryum/Data/Masks/Anomaly/074.png,False,35.23628540039062
daa4b281797800bcf13aac29,VisA,fryum,evaluation,source_fit,/root/private_data/iad-vlm-anomaly/datasets/VisA/fryum/Data/Images/Anomaly/075.JPG,1,VisA/fryum/Data/Images/Anomaly/075.JPG,1500,1000,other_anomaly,1,0,0,/root/private_data/iad-vlm-anomaly/datasets/VisA/fryum/Data/Masks/Anomaly/075.png,False,35.23628540039062
0ce7b5f90467de3134ed6800,VisA,fryum,evaluation,source_fit,/root/private_data/iad-vlm-anomaly/datasets/VisA/fryum/Data/Images/Anomaly/076.JPG,1,VisA/fryum/Data/Images/Anomaly/076.JPG,1500,1000,other_anomaly,1,0,0,/root/private_data/iad-vlm-anomaly/datasets/VisA/fryum/Data/Masks/Anomaly/076.png,False,35.23628540039062
3532bae072497217ef8de7cb,VisA,fryum,evaluation,source_fit,/root/private_data/iad-vlm-anomaly/datasets/VisA/fryum/Data/Images/Anomaly/077.JPG,1,VisA/fryum/Data/Images/Anomaly/077.JPG,1500,1000,other_anomaly,1,0,0,/root/private_data/iad-vlm-anomaly/datasets/VisA/fryum/Data/Masks/Anomaly/077.png,False,35.23628540039062
7af56bdfdd3960808ce41cae,VisA,fryum,evaluation,source_fit,/root/private_data/iad-vlm-anomaly/datasets/VisA/fryum/Data/Images/Anomaly/078.JPG,1,VisA/fryum/Data/Images/Anomaly/078.JPG,1500,1000,other_anomaly,1,0,0,/root/private_data/iad-vlm-anomaly/datasets/VisA/fryum/Data/Masks/Anomaly/078.png,False,35.23628540039062
78bec2dc1371a65962c51669,VisA,fryum,evaluation,source_fit,/root/private_data/iad-vlm-anomaly/datasets/VisA/fryum/Data/Images/Anomaly/079.JPG,1,VisA/fryum/Data/Images/Anomaly/079.JPG,1500,1000,other_anomaly,1,0,0,/root/private_data/iad-vlm-anomaly/datasets/VisA/fryum/Data/Masks/Anomaly/079.png,False,35.23628540039062
5b2fab7a0e399dec855935ef,VisA,fryum,evaluation,source_fit,/root/private_data/iad-vlm-anomaly/datasets/VisA/fryum/Data/Images/Anomaly/080.JPG,1,VisA/fryum/Data/Images/Anomaly/080.JPG,1500,1000,tiny_only,34,34,0,/root/private_data/iad-vlm-anomaly/datasets/VisA/fryum/Data/Masks/Anomaly/080.png,False,35.23628540039062
75b27c6c6e52d134a67b971e,VisA,fryum,evaluation,source_fit,/root/private_data/iad-vlm-anomaly/datasets/VisA/fryum/Data/Images/Anomaly/081.JPG,1,VisA/fryum/Data/Images/Anomaly/081.JPG,1500,1000,tiny_only,61,61,0,/root/private_data/iad-vlm-anomaly/datasets/VisA/fryum/Data/Masks/Anomaly/081.png,False,35.23628540039062
0567f015e56225dc7b608691,VisA,fryum,evaluation,source_fit,/root/private_data/iad-vlm-anomaly/datasets/VisA/fryum/Data/Images/Anomaly/082.JPG,1,VisA/fryum/Data/Images/Anomaly/082.JPG,1500,1000,mixed_tiny,21,20,0,/root/private_data/iad-vlm-anomaly/datasets/VisA/fryum/Data/Masks/Anomaly/082.png,False,35.23628540039062
d4ec56d92b5bc3454049717e,VisA,fryum,evaluation,source_fit,/root/private_data/iad-vlm-anomaly/datasets/VisA/fryum/Data/Images/Anomaly/083.JPG,1,VisA/fryum/Data/Images/Anomaly/083.JPG,1500,1000,tiny_only,23,23,0,/root/private_data/iad-vlm-anomaly/datasets/VisA/fryum/Data/Masks/Anomaly/083.png,False,35.23628540039062
7c4a79c3d182c14dd86bf5e9,VisA,fryum,evaluation,source_fit,/root/private_data/iad-vlm-anomaly/datasets/VisA/fryum/Data/Images/Anomaly/084.JPG,1,VisA/fryum/Data/Images/Anomaly/084.JPG,1500,1000,tiny_only,32,32,0,/root/private_data/iad-vlm-anomaly/datasets/VisA/fryum/Data/Masks/Anomaly/084.png,False,35.23628540039062
e6b2601125b73e982bd8a6d1,VisA,fryum,evaluation,source_fit,/root/private_data/iad-vlm-anomaly/datasets/VisA/fryum/Data/Images/Anomaly/085.JPG,1,VisA/fryum/Data/Images/Anomaly/085.JPG,1500,1000,tiny_only,22,22,0,/root/private_data/iad-vlm-anomaly/datasets/VisA/fryum/Data/Masks/Anomaly/085.png,False,35.23628540039062
abccf93ccdf1ddd69aec4953,VisA,fryum,evaluation,source_fit,/root/private_data/iad-vlm-anomaly/datasets/VisA/fryum/Data/Images/Anomaly/086.JPG,1,VisA/fryum/Data/Images/Anomaly/086.JPG,1500,1000,mixed_tiny,51,50,0,/root/private_data/iad-vlm-anomaly/datasets/VisA/fryum/Data/Masks/Anomaly/086.png,False,35.23628540039062
4fcabf5d56be189db9f6ef7d,VisA,fryum,evaluation,source_fit,/root/private_data/iad-vlm-anomaly/datasets/VisA/fryum/Data/Images/Anomaly/087.JPG,1,VisA/fryum/Data/Images/Anomaly/087.JPG,1500,1000,tiny_only,5,5,0,/root/private_data/iad-vlm-anomaly/datasets/VisA/fryum/Data/Masks/Anomaly/087.png,False,35.23628540039062
e7ef16aed3002dad8595e1a8,VisA,fryum,evaluation,source_fit,/root/private_data/iad-vlm-anomaly/datasets/VisA/fryum/Data/Images/Anomaly/088.JPG,1,VisA/fryum/Data/Images/Anomaly/088.JPG,1500,1000,tiny_only,13,13,0,/root/private_data/iad-vlm-anomaly/datasets/VisA/fryum/Data/Masks/Anomaly/088.png,False,35.23628540039062
e155f540bc071f756a015d82,VisA,fryum,evaluation,source_fit,/root/private_data/iad-vlm-anomaly/datasets/VisA/fryum/Data/Images/Anomaly/089.JPG,1,VisA/fryum/Data/Images/Anomaly/089.JPG,1500,1000,tiny_only,38,38,0,/root/private_data/iad-vlm-anomaly/datasets/VisA/fryum/Data/Masks/Anomaly/089.png,False,35.23628540039062
b02417ed927c24517ea53019,VisA,fryum,evaluation,source_fit,/root/private_data/iad-vlm-anomaly/datasets/VisA/fryum/Data/Images/Anomaly/090.JPG,1,VisA/fryum/Data/Images/Anomaly/090.JPG,1500,1000,tiny_only,1,1,0,/root/private_data/iad-vlm-anomaly/datasets/VisA/fryum/Data/Masks/Anomaly/090.png,False,35.23628540039062
5d5db8e43375cbdd66727f4c,VisA,fryum,evaluation,source_fit,/root/private_data/iad-vlm-anomaly/datasets/VisA/fryum/Data/Images/Anomaly/091.JPG,1,VisA/fryum/Data/Images/Anomaly/091.JPG,1500,1000,tiny_only,1,1,0,/root/private_data/iad-vlm-anomaly/datasets/VisA/fryum/Data/Masks/Anomaly/091.png,False,35.23628540039062
c09fe3ad04c8af091445e1e8,VisA,fryum,evaluation,source_fit,/root/private_data/iad-vlm-anomaly/datasets/VisA/fryum/Data/Images/Anomaly/092.JPG,1,VisA/fryum/Data/Images/Anomaly/092.JPG,1500,1000,tiny_only,5,5,0,/root/private_data/iad-vlm-anomaly/datasets/VisA/fryum/Data/Masks/Anomaly/092.png,False,35.23628540039062
be287c3d130dbab9e49c5e01,VisA,fryum,evaluation,source_fit,/root/private_data/iad-vlm-anomaly/datasets/VisA/fryum/Data/Images/Anomaly/093.JPG,1,VisA/fryum/Data/Images/Anomaly/093.JPG,1500,1000,mixed_tiny,15,14,1,/root/private_data/iad-vlm-anomaly/datasets/VisA/fryum/Data/Masks/Anomaly/093.png,False,35.23628540039062
d45d40f0cfe3ec168b544349,VisA,fryum,evaluation,source_fit,/root/private_data/iad-vlm-anomaly/datasets/VisA/fryum/Data/Images/Anomaly/094.JPG,1,VisA/fryum/Data/Images/Anomaly/094.JPG,1500,1000,tiny_only,4,4,0,/root/private_data/iad-vlm-anomaly/datasets/VisA/fryum/Data/Masks/Anomaly/094.png,False,35.23628540039062
2b0ddfa999dd7cd84c31ef1b,VisA,fryum,evaluation,source_fit,/root/private_data/iad-vlm-anomaly/datasets/VisA/fryum/Data/Images/Anomaly/095.JPG,1,VisA/fryum/Data/Images/Anomaly/095.JPG,1500,1000,tiny_only,29,29,0,/root/private_data/iad-vlm-anomaly/datasets/VisA/fryum/Data/Masks/Anomaly/095.png,False,35.23628540039062
e13aaf7261b73fb3560ccb8a,VisA,fryum,evaluation,source_fit,/root/private_data/iad-vlm-anomaly/datasets/VisA/fryum/Data/Images/Anomaly/096.JPG,1,VisA/fryum/Data/Images/Anomaly/096.JPG,1500,1000,tiny_only,2,2,0,/root/private_data/iad-vlm-anomaly/datasets/VisA/fryum/Data/Masks/Anomaly/096.png,False,35.23628540039062
44b07ba50ec832f94c291ff2,VisA,fryum,evaluation,source_fit,/root/private_data/iad-vlm-anomaly/datasets/VisA/fryum/Data/Images/Anomaly/097.JPG,1,VisA/fryum/Data/Images/Anomaly/097.JPG,1500,1000,tiny_only,11,11,0,/root/private_data/iad-vlm-anomaly/datasets/VisA/fryum/Data/Masks/Anomaly/097.png,False,35.23628540039062
46c4a50ff056ee2902a26b38,VisA,fryum,evaluation,source_fit,/root/private_data/iad-vlm-anomaly/datasets/VisA/fryum/Data/Images/Anomaly/098.JPG,1,VisA/fryum/Data/Images/Anomaly/098.JPG,1500,1000,mixed_tiny,12,11,0,/root/private_data/iad-vlm-anomaly/datasets/VisA/fryum/Data/Masks/Anomaly/098.png,False,35.23628540039062
6a83f42612ccc8d8c1801a32,VisA,fryum,evaluation,source_fit,/root/private_data/iad-vlm-anomaly/datasets/VisA/fryum/Data/Images/Anomaly/099.JPG,1,VisA/fryum/Data/Images/Anomaly/099.JPG,1500,1000,tiny_only,13,13,0,/root/private_data/iad-vlm-anomaly/datasets/VisA/fryum/Data/Masks/Anomaly/099.png,False,35.23628540039062
e038dcce54a79b61a08a271c,VisA,macaroni1,evaluation,source_fit,/root/private_data/iad-vlm-anomaly/datasets/VisA/macaroni1/Data/Images/Normal/0790.JPG,0,VisA/macaroni1/Data/Images/Normal/0790.JPG,1500,1000,normal,0,0,0,,False,40.76279563903808
86eeb761e12b0f0c274e1f54,VisA,macaroni1,evaluation,source_fit,/root/private_data/iad-vlm-anomaly/datasets/VisA/macaroni1/Data/Images/Normal/0107.JPG,0,VisA/macaroni1/Data/Images/Normal/0107.JPG,1500,1000,normal,0,0,0,,False,40.76279563903808
4c2b87e998d1b5e51872271c,VisA,macaroni1,evaluation,source_fit,/root/private_data/iad-vlm-anomaly/datasets/VisA/macaroni1/Data/Images/Normal/0484.JPG,0,VisA/macaroni1/Data/Images/Normal/0484.JPG,1500,1000,normal,0,0,0,,False,40.76279563903808
6dc0bee62270288893be907b,VisA,macaroni1,evaluation,source_fit,/root/private_data/iad-vlm-anomaly/datasets/VisA/macaroni1/Data/Images/Normal/0690.JPG,0,VisA/macaroni1/Data/Images/Normal/0690.JPG,1500,1000,normal,0,0,0,,False,40.76279563903808
23bfbf5ef2a7f82eabbe32e2,VisA,macaroni1,evaluation,source_fit,/root/private_data/iad-vlm-anomaly/datasets/VisA/macaroni1/Data/Images/Normal/0303.JPG,0,VisA/macaroni1/Data/Images/Normal/0303.JPG,1500,1000,normal,0,0,0,,False,40.76279563903808
0f0fbdb4f186b1f6a2ee813d,VisA,macaroni1,evaluation,source_fit,/root/private_data/iad-vlm-anomaly/datasets/VisA/macaroni1/Data/Images/Normal/0237.JPG,0,VisA/macaroni1/Data/Images/Normal/0237.JPG,1500,1000,normal,0,0,0,,False,40.76279563903808
cc3859abf9a3b6f9c23cc414,VisA,macaroni1,evaluation,source_fit,/root/private_data/iad-vlm-anomaly/datasets/VisA/macaroni1/Data/Images/Normal/0394.JPG,0,VisA/macaroni1/Data/Images/Normal/0394.JPG,1500,1000,normal,0,0,0,,False,40.76279563903808
9bf48ad0de8dac2f8b60643b,VisA,macaroni1,evaluation,source_fit,/root/private_data/iad-vlm-anomaly/datasets/VisA/macaroni1/Data/Images/Normal/0214.JPG,0,VisA/macaroni1/Data/Images/Normal/0214.JPG,1500,1000,normal,0,0,0,,False,40.76279563903808
97b83bc1016922377294512c,VisA,macaroni1,evaluation,source_fit,/root/private_data/iad-vlm-anomaly/datasets/VisA/macaroni1/Data/Images/Normal/0985.JPG,0,VisA/macaroni1/Data/Images/Normal/0985.JPG,1500,1000,normal,0,0,0,,False,40.76279563903808
91fc5e19d8e892f4987ed7d5,VisA,macaroni1,evaluation,source_fit,/root/private_data/iad-vlm-anomaly/datasets/VisA/macaroni1/Data/Images/Normal/0657.JPG,0,VisA/macaroni1/Data/Images/Normal/0657.JPG,1500,1000,normal,0,0,0,,False,40.76279563903808
8705a1c6127602a8a65f0859,VisA,macaroni1,evaluation,source_fit,/root/private_data/iad-vlm-anomaly/datasets/VisA/macaroni1/Data/Images/Normal/0377.JPG,0,VisA/macaroni1/Data/Images/Normal/0377.JPG,1500,1000,normal,0,0,0,,False,40.76279563903808
bd72045ddb156541fc1b57d8,VisA,macaroni1,evaluation,source_fit,/root/private_data/iad-vlm-anomaly/datasets/VisA/macaroni1/Data/Images/Normal/0659.JPG,0,VisA/macaroni1/Data/Images/Normal/0659.JPG,1500,1000,normal,0,0,0,,False,40.76279563903808
1d199f25afb8a12990b79de8,VisA,macaroni1,evaluation,source_fit,/root/private_data/iad-vlm-anomaly/datasets/VisA/macaroni1/Data/Images/Normal/0514.JPG,0,VisA/macaroni1/Data/Images/Normal/0514.JPG,1500,1000,normal,0,0,0,,False,40.76279563903808
355774e9d68ca541c307aa11,VisA,macaroni1,evaluation,source_fit,/root/private_data/iad-vlm-anomaly/datasets/VisA/macaroni1/Data/Images/Normal/0617.JPG,0,VisA/macaroni1/Data/Images/Normal/0617.JPG,1500,1000,normal,0,0,0,,False,40.76279563903808
2d7667d36b170f2fa8061346,VisA,macaroni1,evaluation,source_fit,/root/private_data/iad-vlm-anomaly/datasets/VisA/macaroni1/Data/Images/Normal/0725.JPG,0,VisA/macaroni1/Data/Images/Normal/0725.JPG,1500,1000,normal,0,0,0,,False,40.76279563903808
c9150880266351b4ea30f303,VisA,macaroni1,evaluation,source_fit,/root/private_data/iad-vlm-anomaly/datasets/VisA/macaroni1/Data/Images/Normal/0172.JPG,0,VisA/macaroni1/Data/Images/Normal/0172.JPG,1500,1000,normal,0,0,0,,False,40.76279563903808
a102796723837e755f6a51ee,VisA,macaroni1,evaluation,source_fit,/root/private_data/iad-vlm-anomaly/datasets/VisA/macaroni1/Data/Images/Normal/0996.JPG,0,VisA/macaroni1/Data/Images/Normal/0996.JPG,1500,1000,normal,0,0,0,,False,40.76279563903808
a03d919a020dfbeb44648b51,VisA,macaroni1,evaluation,source_fit,/root/private_data/iad-vlm-anomaly/datasets/VisA/macaroni1/Data/Images/Normal/0483.JPG,0,VisA/macaroni1/Data/Images/Normal/0483.JPG,1500,1000,normal,0,0,0,,False,40.76279563903808
cb13ee2309ea70fdfa9a82aa,VisA,macaroni1,evaluation,source_fit,/root/private_data/iad-vlm-anomaly/datasets/VisA/macaroni1/Data/Images/Normal/0654.JPG,0,VisA/macaroni1/Data/Images/Normal/0654.JPG,1500,1000,normal,0,0,0,,False,40.76279563903808
2e04bcc4021810e813fbcce7,VisA,macaroni1,evaluation,source_fit,/root/private_data/iad-vlm-anomaly/datasets/VisA/macaroni1/Data/Images/Normal/0400.JPG,0,VisA/macaroni1/Data/Images/Normal/0400.JPG,1500,1000,normal,0,0,0,,False,40.76279563903808
5ac982fc779fe515d968c55c,VisA,macaroni1,evaluation,source_fit,/root/private_data/iad-vlm-anomaly/datasets/VisA/macaroni1/Data/Images/Normal/0469.JPG,0,VisA/macaroni1/Data/Images/Normal/0469.JPG,1500,1000,normal,0,0,0,,False,40.76279563903808
d7b75dc170f79ba4079656f8,VisA,macaroni1,evaluation,source_fit,/root/private_data/iad-vlm-anomaly/datasets/VisA/macaroni1/Data/Images/Normal/0525.JPG,0,VisA/macaroni1/Data/Images/Normal/0525.JPG,1500,1000,normal,0,0,0,,False,40.76279563903808
716775ebb7356a6c56c16b15,VisA,macaroni1,evaluation,source_fit,/root/private_data/iad-vlm-anomaly/datasets/VisA/macaroni1/Data/Images/Normal/0170.JPG,0,VisA/macaroni1/Data/Images/Normal/0170.JPG,1500,1000,normal,0,0,0,,False,40.76279563903808
c4dae2c5b6376b2e180790d5,VisA,macaroni1,evaluation,source_fit,/root/private_data/iad-vlm-anomaly/datasets/VisA/macaroni1/Data/Images/Normal/0631.JPG,0,VisA/macaroni1/Data/Images/Normal/0631.JPG,1500,1000,normal,0,0,0,,False,40.76279563903808
1b0032887856297d9c6df6d9,VisA,macaroni1,evaluation,source_fit,/root/private_data/iad-vlm-anomaly/datasets/VisA/macaroni1/Data/Images/Normal/0685.JPG,0,VisA/macaroni1/Data/Images/Normal/0685.JPG,1500,1000,normal,0,0,0,,False,40.76279563903808
520cd1ade211b12ba5e5f41e,VisA,macaroni1,evaluation,source_fit,/root/private_data/iad-vlm-anomaly/datasets/VisA/macaroni1/Data/Images/Normal/0320.JPG,0,VisA/macaroni1/Data/Images/Normal/0320.JPG,1500,1000,normal,0,0,0,,False,40.76279563903808
416300b678c37fba68363a3e,VisA,macaroni1,evaluation,source_fit,/root/private_data/iad-vlm-anomaly/datasets/VisA/macaroni1/Data/Images/Normal/0869.JPG,0,VisA/macaroni1/Data/Images/Normal/0869.JPG,1500,1000,normal,0,0,0,,False,40.76279563903808
b3f701616ea63cdd3c6033be,VisA,macaroni1,evaluation,source_fit,/root/private_data/iad-vlm-anomaly/datasets/VisA/macaroni1/Data/Images/Normal/0423.JPG,0,VisA/macaroni1/Data/Images/Normal/0423.JPG,1500,1000,normal,0,0,0,,False,40.76279563903808
65fcd249b735d8e19349215c,VisA,macaroni1,evaluation,source_fit,/root/private_data/iad-vlm-anomaly/datasets/VisA/macaroni1/Data/Images/Normal/0417.JPG,0,VisA/macaroni1/Data/Images/Normal/0417.JPG,1500,1000,normal,0,0,0,,False,40.76279563903808
f78316c6ad95e095ce2064de,VisA,macaroni1,evaluation,source_fit,/root/private_data/iad-vlm-anomaly/datasets/VisA/macaroni1/Data/Images/Normal/0751.JPG,0,VisA/macaroni1/Data/Images/Normal/0751.JPG,1500,1000,normal,0,0,0,,True,40.76279563903808
9f89722dfc85075078cb67bf,VisA,macaroni1,evaluation,source_fit,/root/private_data/iad-vlm-anomaly/datasets/VisA/macaroni1/Data/Images/Normal/0764.JPG,0,VisA/macaroni1/Data/Images/Normal/0764.JPG,1500,1000,normal,0,0,0,,False,40.76279563903808
7d6a7af201ca8181b65bd8ff,VisA,macaroni1,evaluation,source_fit,/root/private_data/iad-vlm-anomaly/datasets/VisA/macaroni1/Data/Images/Normal/0967.JPG,0,VisA/macaroni1/Data/Images/Normal/0967.JPG,1500,1000,normal,0,0,0,,False,40.76279563903808
72910ae560227fdcaad0aadc,VisA,macaroni1,evaluation,source_fit,/root/private_data/iad-vlm-anomaly/datasets/VisA/macaroni1/Data/Images/Normal/0730.JPG,0,VisA/macaroni1/Data/Images/Normal/0730.JPG,1500,1000,normal,0,0,0,,False,40.76279563903808
42a4f4d003782c1ab08404e8,VisA,macaroni1,evaluation,source_fit,/root/private_data/iad-vlm-anomaly/datasets/VisA/macaroni1/Data/Images/Normal/0306.JPG,0,VisA/macaroni1/Data/Images/Normal/0306.JPG,1500,1000,normal,0,0,0,,False,40.76279563903808
827d468e3d21d0e6dd9b270b,VisA,macaroni1,evaluation,source_fit,/root/private_data/iad-vlm-anomaly/datasets/VisA/macaroni1/Data/Images/Normal/0011.JPG,0,VisA/macaroni1/Data/Images/Normal/0011.JPG,1500,1000,normal,0,0,0,,False,40.76279563903808
f9425ff9505a9a5ef3ccc7ec,VisA,macaroni1,evaluation,source_fit,/root/private_data/iad-vlm-anomaly/datasets/VisA/macaroni1/Data/Images/Normal/0215.JPG,0,VisA/macaroni1/Data/Images/Normal/0215.JPG,1500,1000,normal,0,0,0,,False,40.76279563903808
d731cc7ef0d67138a3813b47,VisA,macaroni1,evaluation,source_fit,/root/private_data/iad-vlm-anomaly/datasets/VisA/macaroni1/Data/Images/Normal/0159.JPG,0,VisA/macaroni1/Data/Images/Normal/0159.JPG,1500,1000,normal,0,0,0,,False,40.76279563903808
2da8e091a994a4312f3b7c7c,VisA,macaroni1,evaluation,source_fit,/root/private_data/iad-vlm-anomaly/datasets/VisA/macaroni1/Data/Images/Normal/0629.JPG,0,VisA/macaroni1/Data/Images/Normal/0629.JPG,1500,1000,normal,0,0,0,,False,40.76279563903808
bf8ffd873dfc4dd768cd3d04,VisA,macaroni1,evaluation,source_fit,/root/private_data/iad-vlm-anomaly/datasets/VisA/macaroni1/Data/Images/Normal/0694.JPG,0,VisA/macaroni1/Data/Images/Normal/0694.JPG,1500,1000,normal,0,0,0,,False,40.76279563903808
b584fc55d4626fb9091417d9,VisA,macaroni1,evaluation,source_fit,/root/private_data/iad-vlm-anomaly/datasets/VisA/macaroni1/Data/Images/Normal/0518.JPG,0,VisA/macaroni1/Data/Images/Normal/0518.JPG,1500,1000,normal,0,0,0,,False,40.76279563903808
61560c6085eb134e5fcf083b,VisA,macaroni1,evaluation,source_fit,/root/private_data/iad-vlm-anomaly/datasets/VisA/macaroni1/Data/Images/Normal/0026.JPG,0,VisA/macaroni1/Data/Images/Normal/0026.JPG,1500,1000,normal,0,0,0,,False,40.76279563903808
e56d0912729acab49b30eca4,VisA,macaroni1,evaluation,source_fit,/root/private_data/iad-vlm-anomaly/datasets/VisA/macaroni1/Data/Images/Normal/0844.JPG,0,VisA/macaroni1/Data/Images/Normal/0844.JPG,1500,1000,normal,0,0,0,,False,40.76279563903808
3b9e3860cb3fc3c4fdb5e382,VisA,macaroni1,evaluation,source_fit,/root/private_data/iad-vlm-anomaly/datasets/VisA/macaroni1/Data/Images/Normal/0953.JPG,0,VisA/macaroni1/Data/Images/Normal/0953.JPG,1500,1000,normal,0,0,0,,False,40.76279563903808
9763d34caa5cf6e2e40559fa,VisA,macaroni1,evaluation,source_fit,/root/private_data/iad-vlm-anomaly/datasets/VisA/macaroni1/Data/Images/Normal/0900.JPG,0,VisA/macaroni1/Data/Images/Normal/0900.JPG,1500,1000,normal,0,0,0,,False,40.76279563903808
8cf50f81987d2fe0d6b3a76b,VisA,macaroni1,evaluation,source_fit,/root/private_data/iad-vlm-anomaly/datasets/VisA/macaroni1/Data/Images/Normal/0402.JPG,0,VisA/macaroni1/Data/Images/Normal/0402.JPG,1500,1000,normal,0,0,0,,False,40.76279563903808
133f5a68841537ec52c70973,VisA,macaroni1,evaluation,source_fit,/root/private_data/iad-vlm-anomaly/datasets/VisA/macaroni1/Data/Images/Normal/0621.JPG,0,VisA/macaroni1/Data/Images/Normal/0621.JPG,1500,1000,normal,0,0,0,,False,40.76279563903808
a5c5b59cb3aec6d5a84328b5,VisA,macaroni1,evaluation,source_fit,/root/private_data/iad-vlm-anomaly/datasets/VisA/macaroni1/Data/Images/Normal/0294.JPG,0,VisA/macaroni1/Data/Images/Normal/0294.JPG,1500,1000,normal,0,0,0,,False,40.76279563903808
aae0002b4c724394fa04f1d8,VisA,macaroni1,evaluation,source_fit,/root/private_data/iad-vlm-anomaly/datasets/VisA/macaroni1/Data/Images/Normal/0016.JPG,0,VisA/macaroni1/Data/Images/Normal/0016.JPG,1500,1000,normal,0,0,0,,False,40.76279563903808
99e57f8a6142249aa70c03ff,VisA,macaroni1,evaluation,source_fit,/root/private_data/iad-vlm-anomaly/datasets/VisA/macaroni1/Data/Images/Normal/0046.JPG,0,VisA/macaroni1/Data/Images/Normal/0046.JPG,1500,1000,normal,0,0,0,,False,40.76279563903808
1cfb217527b81f10167f2367,VisA,macaroni1,evaluation,source_fit,/root/private_data/iad-vlm-anomaly/datasets/VisA/macaroni1/Data/Images/Normal/0705.JPG,0,VisA/macaroni1/Data/Images/Normal/0705.JPG,1500,1000,normal,0,0,0,,False,40.76279563903808
ab1a1ad3bdb2f32731272e06,VisA,macaroni1,evaluation,source_fit,/root/private_data/iad-vlm-anomaly/datasets/VisA/macaroni1/Data/Images/Normal/0208.JPG,0,VisA/macaroni1/Data/Images/Normal/0208.JPG,1500,1000,normal,0,0,0,,False,40.76279563903808
adae9db36e1b1ca951ee26bd,VisA,macaroni1,evaluation,source_fit,/root/private_data/iad-vlm-anomaly/datasets/VisA/macaroni1/Data/Images/Normal/0674.JPG,0,VisA/macaroni1/Data/Images/Normal/0674.JPG,1500,1000,normal,0,0,0,,False,40.76279563903808
325afcd3b34093a75cef6138,VisA,macaroni1,evaluation,source_fit,/root/private_data/iad-vlm-anomaly/datasets/VisA/macaroni1/Data/Images/Normal/0427.JPG,0,VisA/macaroni1/Data/Images/Normal/0427.JPG,1500,1000,normal,0,0,0,,False,40.76279563903808
819c7147d9d7d4d0b76b5d76,VisA,macaroni1,evaluation,source_fit,/root/private_data/iad-vlm-anomaly/datasets/VisA/macaroni1/Data/Images/Normal/0552.JPG,0,VisA/macaroni1/Data/Images/Normal/0552.JPG,1500,1000,normal,0,0,0,,False,40.76279563903808
61bb5e06d63a99abe1c9ca59,VisA,macaroni1,evaluation,source_fit,/root/private_data/iad-vlm-anomaly/datasets/VisA/macaroni1/Data/Images/Normal/0804.JPG,0,VisA/macaroni1/Data/Images/Normal/0804.JPG,1500,1000,normal,0,0,0,,False,40.76279563903808
79d0fac8b20d6d9f7b17ba0c,VisA,macaroni1,evaluation,source_fit,/root/private_data/iad-vlm-anomaly/datasets/VisA/macaroni1/Data/Images/Normal/0333.JPG,0,VisA/macaroni1/Data/Images/Normal/0333.JPG,1500,1000,normal,0,0,0,,False,40.76279563903808
f54057a6a40346c568758ba4,VisA,macaroni1,evaluation,source_fit,/root/private_data/iad-vlm-anomaly/datasets/VisA/macaroni1/Data/Images/Normal/0027.JPG,0,VisA/macaroni1/Data/Images/Normal/0027.JPG,1500,1000,normal,0,0,0,,False,40.76279563903808
527124ecbaa64f17c39c5337,VisA,macaroni1,evaluation,source_fit,/root/private_data/iad-vlm-anomaly/datasets/VisA/macaroni1/Data/Images/Normal/0100.JPG,0,VisA/macaroni1/Data/Images/Normal/0100.JPG,1500,1000,normal,0,0,0,,False,40.76279563903808
bdb949ab8a73c03fac50dc51,VisA,macaroni1,evaluation,source_fit,/root/private_data/iad-vlm-anomaly/datasets/VisA/macaroni1/Data/Images/Normal/0800.JPG,0,VisA/macaroni1/Data/Images/Normal/0800.JPG,1500,1000,normal,0,0,0,,False,40.76279563903808
3a450993b1fd2050872e6bb2,VisA,macaroni1,evaluation,source_fit,/root/private_data/iad-vlm-anomaly/datasets/VisA/macaroni1/Data/Images/Normal/0923.JPG,0,VisA/macaroni1/Data/Images/Normal/0923.JPG,1500,1000,normal,0,0,0,,False,40.76279563903808
80fa55667e07b0a58bbf3af9,VisA,macaroni1,evaluation,source_fit,/root/private_data/iad-vlm-anomaly/datasets/VisA/macaroni1/Data/Images/Normal/0755.JPG,0,VisA/macaroni1/Data/Images/Normal/0755.JPG,1500,1000,normal,0,0,0,,False,40.76279563903808
a899b9de6c3d9c6dd5067117,VisA,macaroni1,evaluation,source_fit,/root/private_data/iad-vlm-anomaly/datasets/VisA/macaroni1/Data/Images/Normal/0013.JPG,0,VisA/macaroni1/Data/Images/Normal/0013.JPG,1500,1000,normal,0,0,0,,False,40.76279563903808
e24c41fff25b9a759a3e7109,VisA,macaroni1,evaluation,source_fit,/root/private_data/iad-vlm-anomaly/datasets/VisA/macaroni1/Data/Images/Normal/0297.JPG,0,VisA/macaroni1/Data/Images/Normal/0297.JPG,1500,1000,normal,0,0,0,,False,40.76279563903808
9cb028b16f7d97e922164775,VisA,macaroni1,evaluation,source_fit,/root/private_data/iad-vlm-anomaly/datasets/VisA/macaroni1/Data/Images/Normal/0768.JPG,0,VisA/macaroni1/Data/Images/Normal/0768.JPG,1500,1000,normal,0,0,0,,False,40.76279563903808
24651fd8edb41c5aad89d79e,VisA,macaroni1,evaluation,source_fit,/root/private_data/iad-vlm-anomaly/datasets/VisA/macaroni1/Data/Images/Normal/0457.JPG,0,VisA/macaroni1/Data/Images/Normal/0457.JPG,1500,1000,normal,0,0,0,,False,40.76279563903808
2d495fb96aae7e3d4984b61a,VisA,macaroni1,evaluation,source_fit,/root/private_data/iad-vlm-anomaly/datasets/VisA/macaroni1/Data/Images/Normal/0520.JPG,0,VisA/macaroni1/Data/Images/Normal/0520.JPG,1500,1000,normal,0,0,0,,False,40.76279563903808
d6e3dfdb4dcfd9d1abbb3bbd,VisA,macaroni1,evaluation,source_fit,/root/private_data/iad-vlm-anomaly/datasets/VisA/macaroni1/Data/Images/Normal/0952.JPG,0,VisA/macaroni1/Data/Images/Normal/0952.JPG,1500,1000,normal,0,0,0,,False,40.76279563903808
3d6b40836f0878dc1f897eca,VisA,macaroni1,evaluation,source_fit,/root/private_data/iad-vlm-anomaly/datasets/VisA/macaroni1/Data/Images/Normal/0871.JPG,0,VisA/macaroni1/Data/Images/Normal/0871.JPG,1500,1000,normal,0,0,0,,False,40.76279563903808
60c800d3cb38836c7ed959bf,VisA,macaroni1,evaluation,source_fit,/root/private_data/iad-vlm-anomaly/datasets/VisA/macaroni1/Data/Images/Normal/0811.JPG,0,VisA/macaroni1/Data/Images/Normal/0811.JPG,1500,1000,normal,0,0,0,,False,40.76279563903808
d847731059250850ed61867d,VisA,macaroni1,evaluation,source_fit,/root/private_data/iad-vlm-anomaly/datasets/VisA/macaroni1/Data/Images/Normal/0174.JPG,0,VisA/macaroni1/Data/Images/Normal/0174.JPG,1500,1000,normal,0,0,0,,False,40.76279563903808
beb72c20da77740b1cf2894b,VisA,macaroni1,evaluation,source_fit,/root/private_data/iad-vlm-anomaly/datasets/VisA/macaroni1/Data/Images/Normal/0648.JPG,0,VisA/macaroni1/Data/Images/Normal/0648.JPG,1500,1000,normal,0,0,0,,False,40.76279563903808
56a8bc11f880d5bd3e348b9b,VisA,macaroni1,evaluation,source_fit,/root/private_data/iad-vlm-anomaly/datasets/VisA/macaroni1/Data/Images/Normal/0261.JPG,0,VisA/macaroni1/Data/Images/Normal/0261.JPG,1500,1000,normal,0,0,0,,False,40.76279563903808
fbd19f86cedb4224b8ae8cc4,VisA,macaroni1,evaluation,source_fit,/root/private_data/iad-vlm-anomaly/datasets/VisA/macaroni1/Data/Images/Normal/0784.JPG,0,VisA/macaroni1/Data/Images/Normal/0784.JPG,1500,1000,normal,0,0,0,,False,40.76279563903808
5e3d4604dc5ea8337cee66d3,VisA,macaroni1,evaluation,source_fit,/root/private_data/iad-vlm-anomaly/datasets/VisA/macaroni1/Data/Images/Normal/0935.JPG,0,VisA/macaroni1/Data/Images/Normal/0935.JPG,1500,1000,normal,0,0,0,,False,40.76279563903808
abafc5d3bf2bbc5b1f12dc0a,VisA,macaroni1,evaluation,source_fit,/root/private_data/iad-vlm-anomaly/datasets/VisA/macaroni1/Data/Images/Normal/0286.JPG,0,VisA/macaroni1/Data/Images/Normal/0286.JPG,1500,1000,normal,0,0,0,,False,40.76279563903808
ccf029bd832ca16db792071d,VisA,macaroni1,evaluation,source_fit,/root/private_data/iad-vlm-anomaly/datasets/VisA/macaroni1/Data/Images/Normal/0779.JPG,0,VisA/macaroni1/Data/Images/Normal/0779.JPG,1500,1000,normal,0,0,0,,False,40.76279563903808
143c918fb8c7224562f0141d,VisA,macaroni1,evaluation,source_fit,/root/private_data/iad-vlm-anomaly/datasets/VisA/macaroni1/Data/Images/Normal/0363.JPG,0,VisA/macaroni1/Data/Images/Normal/0363.JPG,1500,1000,normal,0,0,0,,False,40.76279563903808
8de6efba55d47e2f9fcf26b2,VisA,macaroni1,evaluation,source_fit,/root/private_data/iad-vlm-anomaly/datasets/VisA/macaroni1/Data/Images/Normal/0619.JPG,0,VisA/macaroni1/Data/Images/Normal/0619.JPG,1500,1000,normal,0,0,0,,False,40.76279563903808
acadad5421bbb3fb90ce8731,VisA,macaroni1,evaluation,source_fit,/root/private_data/iad-vlm-anomaly/datasets/VisA/macaroni1/Data/Images/Normal/0024.JPG,0,VisA/macaroni1/Data/Images/Normal/0024.JPG,1500,1000,normal,0,0,0,,False,40.76279563903808
db56010d35504e42159af7bc,VisA,macaroni1,evaluation,source_fit,/root/private_data/iad-vlm-anomaly/datasets/VisA/macaroni1/Data/Images/Normal/0735.JPG,0,VisA/macaroni1/Data/Images/Normal/0735.JPG,1500,1000,normal,0,0,0,,False,40.76279563903808
bece8c7d3b0ac077c78d54d6,VisA,macaroni1,evaluation,source_fit,/root/private_data/iad-vlm-anomaly/datasets/VisA/macaroni1/Data/Images/Normal/0688.JPG,0,VisA/macaroni1/Data/Images/Normal/0688.JPG,1500,1000,normal,0,0,0,,False,40.76279563903808
f5c1a5244fd99ed800de704b,VisA,macaroni1,evaluation,source_fit,/root/private_data/iad-vlm-anomaly/datasets/VisA/macaroni1/Data/Images/Normal/0796.JPG,0,VisA/macaroni1/Data/Images/Normal/0796.JPG,1500,1000,normal,0,0,0,,False,40.76279563903808
6dda6c3c425297162e2cb481,VisA,macaroni1,evaluation,source_fit,/root/private_data/iad-vlm-anomaly/datasets/VisA/macaroni1/Data/Images/Normal/0178.JPG,0,VisA/macaroni1/Data/Images/Normal/0178.JPG,1500,1000,normal,0,0,0,,False,40.76279563903808
2440bf790bd243c686a3d8f3,VisA,macaroni1,evaluation,source_fit,/root/private_data/iad-vlm-anomaly/datasets/VisA/macaroni1/Data/Images/Normal/0797.JPG,0,VisA/macaroni1/Data/Images/Normal/0797.JPG,1500,1000,normal,0,0,0,,False,40.76279563903808
eaf9a66d2d04e6c3a6e5829e,VisA,macaroni1,evaluation,source_fit,/root/private_data/iad-vlm-anomaly/datasets/VisA/macaroni1/Data/Images/Normal/0920.JPG,0,VisA/macaroni1/Data/Images/Normal/0920.JPG,1500,1000,normal,0,0,0,,False,40.76279563903808
483e948bfe041e56d33ff034,VisA,macaroni1,evaluation,source_fit,/root/private_data/iad-vlm-anomaly/datasets/VisA/macaroni1/Data/Images/Normal/0479.JPG,0,VisA/macaroni1/Data/Images/Normal/0479.JPG,1500,1000,normal,0,0,0,,False,40.76279563903808
773ebf1c61a0d24126d6c7fb,VisA,macaroni1,evaluation,source_fit,/root/private_data/iad-vlm-anomaly/datasets/VisA/macaroni1/Data/Images/Normal/0684.JPG,0,VisA/macaroni1/Data/Images/Normal/0684.JPG,1500,1000,normal,0,0,0,,False,40.76279563903808
d389cda0bb605d982a7ad6a8,VisA,macaroni1,evaluation,source_fit,/root/private_data/iad-vlm-anomaly/datasets/VisA/macaroni1/Data/Images/Normal/0739.JPG,0,VisA/macaroni1/Data/Images/Normal/0739.JPG,1500,1000,normal,0,0,0,,False,40.76279563903808
6eea5f4ec8c873b499a24d78,VisA,macaroni1,evaluation,source_fit,/root/private_data/iad-vlm-anomaly/datasets/VisA/macaroni1/Data/Images/Normal/0569.JPG,0,VisA/macaroni1/Data/Images/Normal/0569.JPG,1500,1000,normal,0,0,0,,False,40.76279563903808
aa508c9e9b36a321288ea94e,VisA,macaroni1,evaluation,source_fit,/root/private_data/iad-vlm-anomaly/datasets/VisA/macaroni1/Data/Images/Normal/0196.JPG,0,VisA/macaroni1/Data/Images/Normal/0196.JPG,1500,1000,normal,0,0,0,,False,40.76279563903808
3ce378aff142c86c5415f797,VisA,macaroni1,evaluation,source_fit,/root/private_data/iad-vlm-anomaly/datasets/VisA/macaroni1/Data/Images/Normal/0892.JPG,0,VisA/macaroni1/Data/Images/Normal/0892.JPG,1500,1000,normal,0,0,0,,False,40.76279563903808
2082fd2f443731d54b457329,VisA,macaroni1,evaluation,source_fit,/root/private_data/iad-vlm-anomaly/datasets/VisA/macaroni1/Data/Images/Normal/0964.JPG,0,VisA/macaroni1/Data/Images/Normal/0964.JPG,1500,1000,normal,0,0,0,,False,40.76279563903808
4828c3fd010cd485680035b0,VisA,macaroni1,evaluation,source_fit,/root/private_data/iad-vlm-anomaly/datasets/VisA/macaroni1/Data/Images/Normal/0187.JPG,0,VisA/macaroni1/Data/Images/Normal/0187.JPG,1500,1000,normal,0,0,0,,False,40.76279563903808
32005d81be5fcfec4c8e4576,VisA,macaroni1,evaluation,source_fit,/root/private_data/iad-vlm-anomaly/datasets/VisA/macaroni1/Data/Images/Normal/0488.JPG,0,VisA/macaroni1/Data/Images/Normal/0488.JPG,1500,1000,normal,0,0,0,,False,40.76279563903808
4040f2f8333a99a40e58a1e9,VisA,macaroni1,evaluation,source_fit,/root/private_data/iad-vlm-anomaly/datasets/VisA/macaroni1/Data/Images/Normal/0994.JPG,0,VisA/macaroni1/Data/Images/Normal/0994.JPG,1500,1000,normal,0,0,0,,False,40.76279563903808
0b6f4855f72258c394c54157,VisA,macaroni1,evaluation,source_fit,/root/private_data/iad-vlm-anomaly/datasets/VisA/macaroni1/Data/Images/Normal/0545.JPG,0,VisA/macaroni1/Data/Images/Normal/0545.JPG,1500,1000,normal,0,0,0,,False,40.76279563903808
635c1f78face430b990865a1,VisA,macaroni1,evaluation,source_fit,/root/private_data/iad-vlm-anomaly/datasets/VisA/macaroni1/Data/Images/Normal/0615.JPG,0,VisA/macaroni1/Data/Images/Normal/0615.JPG,1500,1000,normal,0,0,0,,False,40.76279563903808
36ee95659f39eabf650c9734,VisA,macaroni1,evaluation,source_fit,/root/private_data/iad-vlm-anomaly/datasets/VisA/macaroni1/Data/Images/Normal/0974.JPG,0,VisA/macaroni1/Data/Images/Normal/0974.JPG,1500,1000,normal,0,0,0,,False,40.76279563903808
0a5fc896034108697d256245,VisA,macaroni1,evaluation,source_fit,/root/private_data/iad-vlm-anomaly/datasets/VisA/macaroni1/Data/Images/Normal/0490.JPG,0,VisA/macaroni1/Data/Images/Normal/0490.JPG,1500,1000,normal,0,0,0,,False,40.76279563903808
fa2bf5f7b5c229d58704a75a,VisA,macaroni1,evaluation,source_fit,/root/private_data/iad-vlm-anomaly/datasets/VisA/macaroni1/Data/Images/Normal/0168.JPG,0,VisA/macaroni1/Data/Images/Normal/0168.JPG,1500,1000,normal,0,0,0,,False,40.76279563903808
259c3149bfd2e3b96010f6bd,VisA,macaroni1,evaluation,source_fit,/root/private_data/iad-vlm-anomaly/datasets/VisA/macaroni1/Data/Images/Anomaly/000.JPG,1,VisA/macaroni1/Data/Images/Anomaly/000.JPG,1500,1000,tiny_only,1,1,0,/root/private_data/iad-vlm-anomaly/datasets/VisA/macaroni1/Data/Masks/Anomaly/000.png,False,40.76279563903808
51085c0dde6572394f925b75,VisA,macaroni1,evaluation,source_fit,/root/private_data/iad-vlm-anomaly/datasets/VisA/macaroni1/Data/Images/Anomaly/001.JPG,1,VisA/macaroni1/Data/Images/Anomaly/001.JPG,1500,1000,tiny_only,1,1,0,/root/private_data/iad-vlm-anomaly/datasets/VisA/macaroni1/Data/Masks/Anomaly/001.png,False,40.76279563903808
9be5a91d9e1c43972f2cbb9f,VisA,macaroni1,evaluation,source_fit,/root/private_data/iad-vlm-anomaly/datasets/VisA/macaroni1/Data/Images/Anomaly/002.JPG,1,VisA/macaroni1/Data/Images/Anomaly/002.JPG,1500,1000,thin_only,1,0,1,/root/private_data/iad-vlm-anomaly/datasets/VisA/macaroni1/Data/Masks/Anomaly/002.png,False,40.76279563903808
8c2143fdd3b3980b2d19b468,VisA,macaroni1,evaluation,source_fit,/root/private_data/iad-vlm-anomaly/datasets/VisA/macaroni1/Data/Images/Anomaly/003.JPG,1,VisA/macaroni1/Data/Images/Anomaly/003.JPG,1500,1000,tiny_only,1,1,0,/root/private_data/iad-vlm-anomaly/datasets/VisA/macaroni1/Data/Masks/Anomaly/003.png,False,40.76279563903808
2345d287749147fc1d326ea3,VisA,macaroni1,evaluation,source_fit,/root/private_data/iad-vlm-anomaly/datasets/VisA/macaroni1/Data/Images/Anomaly/004.JPG,1,VisA/macaroni1/Data/Images/Anomaly/004.JPG,1500,1000,tiny_only,1,1,0,/root/private_data/iad-vlm-anomaly/datasets/VisA/macaroni1/Data/Masks/Anomaly/004.png,False,40.76279563903808
251140b68bcbff57a5e06fec,VisA,macaroni1,evaluation,source_fit,/root/private_data/iad-vlm-anomaly/datasets/VisA/macaroni1/Data/Images/Anomaly/005.JPG,1,VisA/macaroni1/Data/Images/Anomaly/005.JPG,1500,1000,tiny_only,1,1,0,/root/private_data/iad-vlm-anomaly/datasets/VisA/macaroni1/Data/Masks/Anomaly/005.png,False,40.76279563903808
0f35d2c299de03a383e80afe,VisA,macaroni1,evaluation,source_fit,/root/private_data/iad-vlm-anomaly/datasets/VisA/macaroni1/Data/Images/Anomaly/006.JPG,1,VisA/macaroni1/Data/Images/Anomaly/006.JPG,1500,1000,tiny_only,3,3,0,/root/private_data/iad-vlm-anomaly/datasets/VisA/macaroni1/Data/Masks/Anomaly/006.png,False,40.76279563903808
10d3e03993e06518157e65fc,VisA,macaroni1,evaluation,source_fit,/root/private_data/iad-vlm-anomaly/datasets/VisA/macaroni1/Data/Images/Anomaly/007.JPG,1,VisA/macaroni1/Data/Images/Anomaly/007.JPG,1500,1000,other_anomaly,1,0,0,/root/private_data/iad-vlm-anomaly/datasets/VisA/macaroni1/Data/Masks/Anomaly/007.png,False,40.76279563903808
78f5e80e155e6e49e3262332,VisA,macaroni1,evaluation,source_fit,/root/private_data/iad-vlm-anomaly/datasets/VisA/macaroni1/Data/Images/Anomaly/008.JPG,1,VisA/macaroni1/Data/Images/Anomaly/008.JPG,1500,1000,tiny_only,1,1,0,/root/private_data/iad-vlm-anomaly/datasets/VisA/macaroni1/Data/Masks/Anomaly/008.png,False,40.76279563903808
53eca411b8cb199d728dcd82,VisA,macaroni1,evaluation,source_fit,/root/private_data/iad-vlm-anomaly/datasets/VisA/macaroni1/Data/Images/Anomaly/009.JPG,1,VisA/macaroni1/Data/Images/Anomaly/009.JPG,1500,1000,mixed_tiny,3,2,0,/root/private_data/iad-vlm-anomaly/datasets/VisA/macaroni1/Data/Masks/Anomaly/009.png,False,40.76279563903808
41931e192be7cce3b45b2940,VisA,macaroni1,evaluation,source_fit,/root/private_data/iad-vlm-anomaly/datasets/VisA/macaroni1/Data/Images/Anomaly/010.JPG,1,VisA/macaroni1/Data/Images/Anomaly/010.JPG,1500,1000,other_anomaly,1,0,0,/root/private_data/iad-vlm-anomaly/datasets/VisA/macaroni1/Data/Masks/Anomaly/010.png,False,40.76279563903808
6cc0a6b7e23183b3cb8e719c,VisA,macaroni1,evaluation,source_fit,/root/private_data/iad-vlm-anomaly/datasets/VisA/macaroni1/Data/Images/Anomaly/011.JPG,1,VisA/macaroni1/Data/Images/Anomaly/011.JPG,1500,1000,tiny_only,2,2,0,/root/private_data/iad-vlm-anomaly/datasets/VisA/macaroni1/Data/Masks/Anomaly/011.png,False,40.76279563903808
6a6f17ea1be5882b16aed7f7,VisA,macaroni1,evaluation,source_fit,/root/private_data/iad-vlm-anomaly/datasets/VisA/macaroni1/Data/Images/Anomaly/012.JPG,1,VisA/macaroni1/Data/Images/Anomaly/012.JPG,1500,1000,other_anomaly,1,0,0,/root/private_data/iad-vlm-anomaly/datasets/VisA/macaroni1/Data/Masks/Anomaly/012.png,False,40.76279563903808
29e7714a876f73909eaf12fb,VisA,macaroni1,evaluation,source_fit,/root/private_data/iad-vlm-anomaly/datasets/VisA/macaroni1/Data/Images/Anomaly/013.JPG,1,VisA/macaroni1/Data/Images/Anomaly/013.JPG,1500,1000,other_anomaly,1,0,0,/root/private_data/iad-vlm-anomaly/datasets/VisA/macaroni1/Data/Masks/Anomaly/013.png,False,40.76279563903808
1da88bfbc807996365e990b0,VisA,macaroni1,evaluation,source_fit,/root/private_data/iad-vlm-anomaly/datasets/VisA/macaroni1/Data/Images/Anomaly/014.JPG,1,VisA/macaroni1/Data/Images/Anomaly/014.JPG,1500,1000,other_anomaly,1,0,0,/root/private_data/iad-vlm-anomaly/datasets/VisA/macaroni1/Data/Masks/Anomaly/014.png,False,40.76279563903808
13295077e692b776977e90f1,VisA,macaroni1,evaluation,source_fit,/root/private_data/iad-vlm-anomaly/datasets/VisA/macaroni1/Data/Images/Anomaly/015.JPG,1,VisA/macaroni1/Data/Images/Anomaly/015.JPG,1500,1000,tiny_only,3,3,0,/root/private_data/iad-vlm-anomaly/datasets/VisA/macaroni1/Data/Masks/Anomaly/015.png,False,40.76279563903808
ba6523958ae850d02b5b3d0a,VisA,macaroni1,evaluation,source_fit,/root/private_data/iad-vlm-anomaly/datasets/VisA/macaroni1/Data/Images/Anomaly/016.JPG,1,VisA/macaroni1/Data/Images/Anomaly/016.JPG,1500,1000,tiny_only,1,1,0,/root/private_data/iad-vlm-anomaly/datasets/VisA/macaroni1/Data/Masks/Anomaly/016.png,False,40.76279563903808
c421503b61809f1136f3a315,VisA,macaroni1,evaluation,source_fit,/root/private_data/iad-vlm-anomaly/datasets/VisA/macaroni1/Data/Images/Anomaly/017.JPG,1,VisA/macaroni1/Data/Images/Anomaly/017.JPG,1500,1000,tiny_only,1,1,0,/root/private_data/iad-vlm-anomaly/datasets/VisA/macaroni1/Data/Masks/Anomaly/017.png,False,40.76279563903808
271f58cf3f9e2c3f6c6cb1d5,VisA,macaroni1,evaluation,source_fit,/root/private_data/iad-vlm-anomaly/datasets/VisA/macaroni1/Data/Images/Anomaly/018.JPG,1,VisA/macaroni1/Data/Images/Anomaly/018.JPG,1500,1000,other_anomaly,1,0,0,/root/private_data/iad-vlm-anomaly/datasets/VisA/macaroni1/Data/Masks/Anomaly/018.png,False,40.76279563903808
9f508efba2b34d78c14ebf4b,VisA,macaroni1,evaluation,source_fit,/root/private_data/iad-vlm-anomaly/datasets/VisA/macaroni1/Data/Images/Anomaly/019.JPG,1,VisA/macaroni1/Data/Images/Anomaly/019.JPG,1500,1000,tiny_only,2,2,0,/root/private_data/iad-vlm-anomaly/datasets/VisA/macaroni1/Data/Masks/Anomaly/019.png,False,40.76279563903808
25f3f4cadc2dde03d0bacab4,VisA,macaroni1,evaluation,source_fit,/root/private_data/iad-vlm-anomaly/datasets/VisA/macaroni1/Data/Images/Anomaly/020.JPG,1,VisA/macaroni1/Data/Images/Anomaly/020.JPG,1500,1000,other_anomaly,1,0,0,/root/private_data/iad-vlm-anomaly/datasets/VisA/macaroni1/Data/Masks/Anomaly/020.png,False,40.76279563903808
e92a3be4f89c01fdecf3c13f,VisA,macaroni1,evaluation,source_fit,/root/private_data/iad-vlm-anomaly/datasets/VisA/macaroni1/Data/Images/Anomaly/021.JPG,1,VisA/macaroni1/Data/Images/Anomaly/021.JPG,1500,1000,tiny_only,2,2,0,/root/private_data/iad-vlm-anomaly/datasets/VisA/macaroni1/Data/Masks/Anomaly/021.png,False,40.76279563903808
95d4e2804290b11c11db41b7,VisA,macaroni1,evaluation,source_fit,/root/private_data/iad-vlm-anomaly/datasets/VisA/macaroni1/Data/Images/Anomaly/022.JPG,1,VisA/macaroni1/Data/Images/Anomaly/022.JPG,1500,1000,thin_only,1,0,1,/root/private_data/iad-vlm-anomaly/datasets/VisA/macaroni1/Data/Masks/Anomaly/022.png,False,40.76279563903808
654501aee741251968ca0c14,VisA,macaroni1,evaluation,source_fit,/root/private_data/iad-vlm-anomaly/datasets/VisA/macaroni1/Data/Images/Anomaly/023.JPG,1,VisA/macaroni1/Data/Images/Anomaly/023.JPG,1500,1000,tiny_only,1,1,0,/root/private_data/iad-vlm-anomaly/datasets/VisA/macaroni1/Data/Masks/Anomaly/023.png,False,40.76279563903808
df88bf7e9bb033178fb41335,VisA,macaroni1,evaluation,source_fit,/root/private_data/iad-vlm-anomaly/datasets/VisA/macaroni1/Data/Images/Anomaly/024.JPG,1,VisA/macaroni1/Data/Images/Anomaly/024.JPG,1500,1000,tiny_only,1,1,0,/root/private_data/iad-vlm-anomaly/datasets/VisA/macaroni1/Data/Masks/Anomaly/024.png,False,40.76279563903808
623e70869370a4627f59c678,VisA,macaroni1,evaluation,source_fit,/root/private_data/iad-vlm-anomaly/datasets/VisA/macaroni1/Data/Images/Anomaly/025.JPG,1,VisA/macaroni1/Data/Images/Anomaly/025.JPG,1500,1000,tiny_only,1,1,0,/root/private_data/iad-vlm-anomaly/datasets/VisA/macaroni1/Data/Masks/Anomaly/025.png,False,40.76279563903808
584c4d4b937541e3e8fc4467,VisA,macaroni1,evaluation,source_fit,/root/private_data/iad-vlm-anomaly/datasets/VisA/macaroni1/Data/Images/Anomaly/026.JPG,1,VisA/macaroni1/Data/Images/Anomaly/026.JPG,1500,1000,tiny_only,1,1,0,/root/private_data/iad-vlm-anomaly/datasets/VisA/macaroni1/Data/Masks/Anomaly/026.png,False,40.76279563903808
067ddfed88952e43c12bc42a,VisA,macaroni1,evaluation,source_fit,/root/private_data/iad-vlm-anomaly/datasets/VisA/macaroni1/Data/Images/Anomaly/027.JPG,1,VisA/macaroni1/Data/Images/Anomaly/027.JPG,1500,1000,tiny_only,2,2,0,/root/private_data/iad-vlm-anomaly/datasets/VisA/macaroni1/Data/Masks/Anomaly/027.png,False,40.76279563903808
bd48310a6a7abe1c8bc80fba,VisA,macaroni1,evaluation,source_fit,/root/private_data/iad-vlm-anomaly/datasets/VisA/macaroni1/Data/Images/Anomaly/028.JPG,1,VisA/macaroni1/Data/Images/Anomaly/028.JPG,1500,1000,tiny_only,2,2,0,/root/private_data/iad-vlm-anomaly/datasets/VisA/macaroni1/Data/Masks/Anomaly/028.png,False,40.76279563903808
ff8d68cda19e242035f7a986,VisA,macaroni1,evaluation,source_fit,/root/private_data/iad-vlm-anomaly/datasets/VisA/macaroni1/Data/Images/Anomaly/029.JPG,1,VisA/macaroni1/Data/Images/Anomaly/029.JPG,1500,1000,tiny_only,1,1,0,/root/private_data/iad-vlm-anomaly/datasets/VisA/macaroni1/Data/Masks/Anomaly/029.png,False,40.76279563903808
c8551eaef4dfb2c931d4c605,VisA,macaroni1,evaluation,source_fit,/root/private_data/iad-vlm-anomaly/datasets/VisA/macaroni1/Data/Images/Anomaly/030.JPG,1,VisA/macaroni1/Data/Images/Anomaly/030.JPG,1500,1000,tiny_only,1,1,0,/root/private_data/iad-vlm-anomaly/datasets/VisA/macaroni1/Data/Masks/Anomaly/030.png,False,40.76279563903808
d96aae817b19c7a8723b8caf,VisA,macaroni1,evaluation,source_fit,/root/private_data/iad-vlm-anomaly/datasets/VisA/macaroni1/Data/Images/Anomaly/031.JPG,1,VisA/macaroni1/Data/Images/Anomaly/031.JPG,1500,1000,tiny_only,2,2,0,/root/private_data/iad-vlm-anomaly/datasets/VisA/macaroni1/Data/Masks/Anomaly/031.png,False,40.76279563903808
969ed4892a21b13adc0de64a,VisA,macaroni1,evaluation,source_fit,/root/private_data/iad-vlm-anomaly/datasets/VisA/macaroni1/Data/Images/Anomaly/032.JPG,1,VisA/macaroni1/Data/Images/Anomaly/032.JPG,1500,1000,tiny_only,1,1,0,/root/private_data/iad-vlm-anomaly/datasets/VisA/macaroni1/Data/Masks/Anomaly/032.png,False,40.76279563903808
ebd7680b63278eca4ab27673,VisA,macaroni1,evaluation,source_fit,/root/private_data/iad-vlm-anomaly/datasets/VisA/macaroni1/Data/Images/Anomaly/033.JPG,1,VisA/macaroni1/Data/Images/Anomaly/033.JPG,1500,1000,tiny_only,1,1,0,/root/private_data/iad-vlm-anomaly/datasets/VisA/macaroni1/Data/Masks/Anomaly/033.png,False,40.76279563903808
e1f6891848736d49bcf75c60,VisA,macaroni1,evaluation,source_fit,/root/private_data/iad-vlm-anomaly/datasets/VisA/macaroni1/Data/Images/Anomaly/034.JPG,1,VisA/macaroni1/Data/Images/Anomaly/034.JPG,1500,1000,tiny_only,1,1,0,/root/private_data/iad-vlm-anomaly/datasets/VisA/macaroni1/Data/Masks/Anomaly/034.png,False,40.76279563903808
fc302ffa90bc1fac6118d74c,VisA,macaroni1,evaluation,source_fit,/root/private_data/iad-vlm-anomaly/datasets/VisA/macaroni1/Data/Images/Anomaly/035.JPG,1,VisA/macaroni1/Data/Images/Anomaly/035.JPG,1500,1000,tiny_only,2,2,0,/root/private_data/iad-vlm-anomaly/datasets/VisA/macaroni1/Data/Masks/Anomaly/035.png,False,40.76279563903808
e5babd47840b5fb47ed26fc9,VisA,macaroni1,evaluation,source_fit,/root/private_data/iad-vlm-anomaly/datasets/VisA/macaroni1/Data/Images/Anomaly/036.JPG,1,VisA/macaroni1/Data/Images/Anomaly/036.JPG,1500,1000,tiny_only,4,4,0,/root/private_data/iad-vlm-anomaly/datasets/VisA/macaroni1/Data/Masks/Anomaly/036.png,False,40.76279563903808
985d85bec4b4efa1c7c68607,VisA,macaroni1,evaluation,source_fit,/root/private_data/iad-vlm-anomaly/datasets/VisA/macaroni1/Data/Images/Anomaly/037.JPG,1,VisA/macaroni1/Data/Images/Anomaly/037.JPG,1500,1000,tiny_only,1,1,0,/root/private_data/iad-vlm-anomaly/datasets/VisA/macaroni1/Data/Masks/Anomaly/037.png,False,40.76279563903808
78285238f65b7c9fa932013a,VisA,macaroni1,evaluation,source_fit,/root/private_data/iad-vlm-anomaly/datasets/VisA/macaroni1/Data/Images/Anomaly/038.JPG,1,VisA/macaroni1/Data/Images/Anomaly/038.JPG,1500,1000,mixed_tiny,14,13,1,/root/private_data/iad-vlm-anomaly/datasets/VisA/macaroni1/Data/Masks/Anomaly/038.png,False,40.76279563903808
98b83d9bb42ef3e610d8f55c,VisA,macaroni1,evaluation,source_fit,/root/private_data/iad-vlm-anomaly/datasets/VisA/macaroni1/Data/Images/Anomaly/039.JPG,1,VisA/macaroni1/Data/Images/Anomaly/039.JPG,1500,1000,tiny_only,8,8,0,/root/private_data/iad-vlm-anomaly/datasets/VisA/macaroni1/Data/Masks/Anomaly/039.png,False,40.76279563903808
ce696f2bf7f8b1de7e417355,VisA,macaroni1,evaluation,source_fit,/root/private_data/iad-vlm-anomaly/datasets/VisA/macaroni1/Data/Images/Anomaly/040.JPG,1,VisA/macaroni1/Data/Images/Anomaly/040.JPG,1500,1000,mixed_tiny,7,6,1,/root/private_data/iad-vlm-anomaly/datasets/VisA/macaroni1/Data/Masks/Anomaly/040.png,False,40.76279563903808
4ffd9e26024323e77bcc20d1,VisA,macaroni1,evaluation,source_fit,/root/private_data/iad-vlm-anomaly/datasets/VisA/macaroni1/Data/Images/Anomaly/041.JPG,1,VisA/macaroni1/Data/Images/Anomaly/041.JPG,1500,1000,mixed_tiny,13,12,0,/root/private_data/iad-vlm-anomaly/datasets/VisA/macaroni1/Data/Masks/Anomaly/041.png,False,40.76279563903808
cb801eb202924f8a85d48e26,VisA,macaroni1,evaluation,source_fit,/root/private_data/iad-vlm-anomaly/datasets/VisA/macaroni1/Data/Images/Anomaly/042.JPG,1,VisA/macaroni1/Data/Images/Anomaly/042.JPG,1500,1000,tiny_only,20,20,0,/root/private_data/iad-vlm-anomaly/datasets/VisA/macaroni1/Data/Masks/Anomaly/042.png,False,40.76279563903808
40de7bc67bc4efe486eb4fa8,VisA,macaroni1,evaluation,source_fit,/root/private_data/iad-vlm-anomaly/datasets/VisA/macaroni1/Data/Images/Anomaly/043.JPG,1,VisA/macaroni1/Data/Images/Anomaly/043.JPG,1500,1000,mixed_tiny,3,2,0,/root/private_data/iad-vlm-anomaly/datasets/VisA/macaroni1/Data/Masks/Anomaly/043.png,False,40.76279563903808
a9fa9d0cf2c594cfa408e420,VisA,macaroni1,evaluation,source_fit,/root/private_data/iad-vlm-anomaly/datasets/VisA/macaroni1/Data/Images/Anomaly/044.JPG,1,VisA/macaroni1/Data/Images/Anomaly/044.JPG,1500,1000,mixed_tiny,5,4,0,/root/private_data/iad-vlm-anomaly/datasets/VisA/macaroni1/Data/Masks/Anomaly/044.png,False,40.76279563903808
4e0ded510d62c7ba61cb9f50,VisA,macaroni1,evaluation,source_fit,/root/private_data/iad-vlm-anomaly/datasets/VisA/macaroni1/Data/Images/Anomaly/045.JPG,1,VisA/macaroni1/Data/Images/Anomaly/045.JPG,1500,1000,mixed_tiny,12,11,0,/root/private_data/iad-vlm-anomaly/datasets/VisA/macaroni1/Data/Masks/Anomaly/045.png,False,40.76279563903808
d8895294a23c7168af5aa474,VisA,macaroni1,evaluation,source_fit,/root/private_data/iad-vlm-anomaly/datasets/VisA/macaroni1/Data/Images/Anomaly/046.JPG,1,VisA/macaroni1/Data/Images/Anomaly/046.JPG,1500,1000,mixed_tiny,13,12,0,/root/private_data/iad-vlm-anomaly/datasets/VisA/macaroni1/Data/Masks/Anomaly/046.png,False,40.76279563903808
b7f407f081d3c4a18a659b99,VisA,macaroni1,evaluation,source_fit,/root/private_data/iad-vlm-anomaly/datasets/VisA/macaroni1/Data/Images/Anomaly/047.JPG,1,VisA/macaroni1/Data/Images/Anomaly/047.JPG,1500,1000,mixed_tiny,7,6,0,/root/private_data/iad-vlm-anomaly/datasets/VisA/macaroni1/Data/Masks/Anomaly/047.png,False,40.76279563903808
d3ca4706e5369328cc9988c8,VisA,macaroni1,evaluation,source_fit,/root/private_data/iad-vlm-anomaly/datasets/VisA/macaroni1/Data/Images/Anomaly/048.JPG,1,VisA/macaroni1/Data/Images/Anomaly/048.JPG,1500,1000,tiny_only,1,1,0,/root/private_data/iad-vlm-anomaly/datasets/VisA/macaroni1/Data/Masks/Anomaly/048.png,False,40.76279563903808
6fce8600bc3038b0e9240de1,VisA,macaroni1,evaluation,source_fit,/root/private_data/iad-vlm-anomaly/datasets/VisA/macaroni1/Data/Images/Anomaly/049.JPG,1,VisA/macaroni1/Data/Images/Anomaly/049.JPG,1500,1000,tiny_only,1,1,0,/root/private_data/iad-vlm-anomaly/datasets/VisA/macaroni1/Data/Masks/Anomaly/049.png,False,40.76279563903808
14c183f1381f0b21cf8a2106,VisA,macaroni1,evaluation,source_fit,/root/private_data/iad-vlm-anomaly/datasets/VisA/macaroni1/Data/Images/Anomaly/050.JPG,1,VisA/macaroni1/Data/Images/Anomaly/050.JPG,1500,1000,tiny_only,1,1,0,/root/private_data/iad-vlm-anomaly/datasets/VisA/macaroni1/Data/Masks/Anomaly/050.png,False,40.76279563903808
99684aada658938377885f6f,VisA,macaroni1,evaluation,source_fit,/root/private_data/iad-vlm-anomaly/datasets/VisA/macaroni1/Data/Images/Anomaly/051.JPG,1,VisA/macaroni1/Data/Images/Anomaly/051.JPG,1500,1000,tiny_only,1,1,0,/root/private_data/iad-vlm-anomaly/datasets/VisA/macaroni1/Data/Masks/Anomaly/051.png,False,40.76279563903808
f51af20dafe318b44789c933,VisA,macaroni1,evaluation,source_fit,/root/private_data/iad-vlm-anomaly/datasets/VisA/macaroni1/Data/Images/Anomaly/052.JPG,1,VisA/macaroni1/Data/Images/Anomaly/052.JPG,1500,1000,tiny_only,1,1,0,/root/private_data/iad-vlm-anomaly/datasets/VisA/macaroni1/Data/Masks/Anomaly/052.png,False,40.76279563903808
dbb50a366a8b491693704c54,VisA,macaroni1,evaluation,source_fit,/root/private_data/iad-vlm-anomaly/datasets/VisA/macaroni1/Data/Images/Anomaly/053.JPG,1,VisA/macaroni1/Data/Images/Anomaly/053.JPG,1500,1000,tiny_only,1,1,0,/root/private_data/iad-vlm-anomaly/datasets/VisA/macaroni1/Data/Masks/Anomaly/053.png,False,40.76279563903808
f033b99711b2346d705e4972,VisA,macaroni1,evaluation,source_fit,/root/private_data/iad-vlm-anomaly/datasets/VisA/macaroni1/Data/Images/Anomaly/054.JPG,1,VisA/macaroni1/Data/Images/Anomaly/054.JPG,1500,1000,thin_only,1,0,1,/root/private_data/iad-vlm-anomaly/datasets/VisA/macaroni1/Data/Masks/Anomaly/054.png,False,40.76279563903808
7d1c867164af3b9437402cb4,VisA,macaroni1,evaluation,source_fit,/root/private_data/iad-vlm-anomaly/datasets/VisA/macaroni1/Data/Images/Anomaly/055.JPG,1,VisA/macaroni1/Data/Images/Anomaly/055.JPG,1500,1000,tiny_only,3,3,0,/root/private_data/iad-vlm-anomaly/datasets/VisA/macaroni1/Data/Masks/Anomaly/055.png,False,40.76279563903808
2fc54af7eb831978d6c0c25e,VisA,macaroni1,evaluation,source_fit,/root/private_data/iad-vlm-anomaly/datasets/VisA/macaroni1/Data/Images/Anomaly/056.JPG,1,VisA/macaroni1/Data/Images/Anomaly/056.JPG,1500,1000,tiny_only,1,1,0,/root/private_data/iad-vlm-anomaly/datasets/VisA/macaroni1/Data/Masks/Anomaly/056.png,False,40.76279563903808
c26f9c46fe963265e51e7d9c,VisA,macaroni1,evaluation,source_fit,/root/private_data/iad-vlm-anomaly/datasets/VisA/macaroni1/Data/Images/Anomaly/057.JPG,1,VisA/macaroni1/Data/Images/Anomaly/057.JPG,1500,1000,tiny_only,1,1,0,/root/private_data/iad-vlm-anomaly/datasets/VisA/macaroni1/Data/Masks/Anomaly/057.png,False,40.76279563903808
0e433b70c0668ca3dd3dd1ae,VisA,macaroni1,evaluation,source_fit,/root/private_data/iad-vlm-anomaly/datasets/VisA/macaroni1/Data/Images/Anomaly/058.JPG,1,VisA/macaroni1/Data/Images/Anomaly/058.JPG,1500,1000,other_anomaly,1,0,0,/root/private_data/iad-vlm-anomaly/datasets/VisA/macaroni1/Data/Masks/Anomaly/058.png,False,40.76279563903808
16181216c45b3f0bfba3307b,VisA,macaroni1,evaluation,source_fit,/root/private_data/iad-vlm-anomaly/datasets/VisA/macaroni1/Data/Images/Anomaly/059.JPG,1,VisA/macaroni1/Data/Images/Anomaly/059.JPG,1500,1000,tiny_only,1,1,0,/root/private_data/iad-vlm-anomaly/datasets/VisA/macaroni1/Data/Masks/Anomaly/059.png,False,40.76279563903808
c565b413df23a0ebcfbc6a7c,VisA,macaroni1,evaluation,source_fit,/root/private_data/iad-vlm-anomaly/datasets/VisA/macaroni1/Data/Images/Anomaly/060.JPG,1,VisA/macaroni1/Data/Images/Anomaly/060.JPG,1500,1000,tiny_only,1,1,0,/root/private_data/iad-vlm-anomaly/datasets/VisA/macaroni1/Data/Masks/Anomaly/060.png,False,40.76279563903808
a1fc30499cc531de35f8d50e,VisA,macaroni1,evaluation,source_fit,/root/private_data/iad-vlm-anomaly/datasets/VisA/macaroni1/Data/Images/Anomaly/061.JPG,1,VisA/macaroni1/Data/Images/Anomaly/061.JPG,1500,1000,tiny_only,1,1,0,/root/private_data/iad-vlm-anomaly/datasets/VisA/macaroni1/Data/Masks/Anomaly/061.png,False,40.76279563903808
b17630256afb67385ea21ce9,VisA,macaroni1,evaluation,source_fit,/root/private_data/iad-vlm-anomaly/datasets/VisA/macaroni1/Data/Images/Anomaly/062.JPG,1,VisA/macaroni1/Data/Images/Anomaly/062.JPG,1500,1000,tiny_only,1,1,0,/root/private_data/iad-vlm-anomaly/datasets/VisA/macaroni1/Data/Masks/Anomaly/062.png,False,40.76279563903808
e24af5bcea5b127faf12cb40,VisA,macaroni1,evaluation,source_fit,/root/private_data/iad-vlm-anomaly/datasets/VisA/macaroni1/Data/Images/Anomaly/063.JPG,1,VisA/macaroni1/Data/Images/Anomaly/063.JPG,1500,1000,tiny_only,1,1,0,/root/private_data/iad-vlm-anomaly/datasets/VisA/macaroni1/Data/Masks/Anomaly/063.png,False,40.76279563903808
e65ae977eb1fcd92a6bd63ce,VisA,macaroni1,evaluation,source_fit,/root/private_data/iad-vlm-anomaly/datasets/VisA/macaroni1/Data/Images/Anomaly/064.JPG,1,VisA/macaroni1/Data/Images/Anomaly/064.JPG,1500,1000,tiny_only,1,1,0,/root/private_data/iad-vlm-anomaly/datasets/VisA/macaroni1/Data/Masks/Anomaly/064.png,False,40.76279563903808
638abd854a72e1f7d01f8b49,VisA,macaroni1,evaluation,source_fit,/root/private_data/iad-vlm-anomaly/datasets/VisA/macaroni1/Data/Images/Anomaly/065.JPG,1,VisA/macaroni1/Data/Images/Anomaly/065.JPG,1500,1000,tiny_only,1,1,0,/root/private_data/iad-vlm-anomaly/datasets/VisA/macaroni1/Data/Masks/Anomaly/065.png,False,40.76279563903808
fe0f59551edb0f27d3946825,VisA,macaroni1,evaluation,source_fit,/root/private_data/iad-vlm-anomaly/datasets/VisA/macaroni1/Data/Images/Anomaly/066.JPG,1,VisA/macaroni1/Data/Images/Anomaly/066.JPG,1500,1000,tiny_only,1,1,0,/root/private_data/iad-vlm-anomaly/datasets/VisA/macaroni1/Data/Masks/Anomaly/066.png,False,40.76279563903808
f35da06699298c8dccfa5b4b,VisA,macaroni1,evaluation,source_fit,/root/private_data/iad-vlm-anomaly/datasets/VisA/macaroni1/Data/Images/Anomaly/067.JPG,1,VisA/macaroni1/Data/Images/Anomaly/067.JPG,1500,1000,tiny_only,9,9,0,/root/private_data/iad-vlm-anomaly/datasets/VisA/macaroni1/Data/Masks/Anomaly/067.png,False,40.76279563903808
5e269e1aef429fb78dd6a9f4,VisA,macaroni1,evaluation,source_fit,/root/private_data/iad-vlm-anomaly/datasets/VisA/macaroni1/Data/Images/Anomaly/068.JPG,1,VisA/macaroni1/Data/Images/Anomaly/068.JPG,1500,1000,tiny_only,1,1,0,/root/private_data/iad-vlm-anomaly/datasets/VisA/macaroni1/Data/Masks/Anomaly/068.png,False,40.76279563903808
2803f7fccd0d5162a7a3db22,VisA,macaroni1,evaluation,source_fit,/root/private_data/iad-vlm-anomaly/datasets/VisA/macaroni1/Data/Images/Anomaly/069.JPG,1,VisA/macaroni1/Data/Images/Anomaly/069.JPG,1500,1000,tiny_only,1,1,0,/root/private_data/iad-vlm-anomaly/datasets/VisA/macaroni1/Data/Masks/Anomaly/069.png,False,40.76279563903808
c6a5c6a7893471795272c2e8,VisA,macaroni1,evaluation,source_fit,/root/private_data/iad-vlm-anomaly/datasets/VisA/macaroni1/Data/Images/Anomaly/070.JPG,1,VisA/macaroni1/Data/Images/Anomaly/070.JPG,1500,1000,tiny_only,15,15,0,/root/private_data/iad-vlm-anomaly/datasets/VisA/macaroni1/Data/Masks/Anomaly/070.png,False,40.76279563903808
c290d272e54b12aa5b4c6cf8,VisA,macaroni1,evaluation,source_fit,/root/private_data/iad-vlm-anomaly/datasets/VisA/macaroni1/Data/Images/Anomaly/071.JPG,1,VisA/macaroni1/Data/Images/Anomaly/071.JPG,1500,1000,mixed_tiny,2,1,1,/root/private_data/iad-vlm-anomaly/datasets/VisA/macaroni1/Data/Masks/Anomaly/071.png,False,40.76279563903808
de1e2110de9d0d2285f2af2f,VisA,macaroni1,evaluation,source_fit,/root/private_data/iad-vlm-anomaly/datasets/VisA/macaroni1/Data/Images/Anomaly/072.JPG,1,VisA/macaroni1/Data/Images/Anomaly/072.JPG,1500,1000,thin_only,2,0,2,/root/private_data/iad-vlm-anomaly/datasets/VisA/macaroni1/Data/Masks/Anomaly/072.png,False,40.76279563903808
b32933441242293194c28408,VisA,macaroni1,evaluation,source_fit,/root/private_data/iad-vlm-anomaly/datasets/VisA/macaroni1/Data/Images/Anomaly/073.JPG,1,VisA/macaroni1/Data/Images/Anomaly/073.JPG,1500,1000,tiny_only,13,13,0,/root/private_data/iad-vlm-anomaly/datasets/VisA/macaroni1/Data/Masks/Anomaly/073.png,False,40.76279563903808
b6642c6bb684eb9e7880574e,VisA,macaroni1,evaluation,source_fit,/root/private_data/iad-vlm-anomaly/datasets/VisA/macaroni1/Data/Images/Anomaly/074.JPG,1,VisA/macaroni1/Data/Images/Anomaly/074.JPG,1500,1000,mixed_tiny,3,1,2,/root/private_data/iad-vlm-anomaly/datasets/VisA/macaroni1/Data/Masks/Anomaly/074.png,False,40.76279563903808
e2025032a865176e25e58206,VisA,macaroni1,evaluation,source_fit,/root/private_data/iad-vlm-anomaly/datasets/VisA/macaroni1/Data/Images/Anomaly/075.JPG,1,VisA/macaroni1/Data/Images/Anomaly/075.JPG,1500,1000,mixed_tiny,2,1,1,/root/private_data/iad-vlm-anomaly/datasets/VisA/macaroni1/Data/Masks/Anomaly/075.png,False,40.76279563903808
2905db12308a3447e25ef517,VisA,macaroni1,evaluation,source_fit,/root/private_data/iad-vlm-anomaly/datasets/VisA/macaroni1/Data/Images/Anomaly/076.JPG,1,VisA/macaroni1/Data/Images/Anomaly/076.JPG,1500,1000,mixed_tiny,10,9,1,/root/private_data/iad-vlm-anomaly/datasets/VisA/macaroni1/Data/Masks/Anomaly/076.png,False,40.76279563903808
63063328f8c10b1f7f826f03,VisA,macaroni1,evaluation,source_fit,/root/private_data/iad-vlm-anomaly/datasets/VisA/macaroni1/Data/Images/Anomaly/077.JPG,1,VisA/macaroni1/Data/Images/Anomaly/077.JPG,1500,1000,thin_only,1,0,1,/root/private_data/iad-vlm-anomaly/datasets/VisA/macaroni1/Data/Masks/Anomaly/077.png,False,40.76279563903808
bd8c82f8bbbd108306a3bfb5,VisA,macaroni1,evaluation,source_fit,/root/private_data/iad-vlm-anomaly/datasets/VisA/macaroni1/Data/Images/Anomaly/078.JPG,1,VisA/macaroni1/Data/Images/Anomaly/078.JPG,1500,1000,mixed_tiny,5,3,2,/root/private_data/iad-vlm-anomaly/datasets/VisA/macaroni1/Data/Masks/Anomaly/078.png,False,40.76279563903808
67b394201437c775a3f8cf6d,VisA,macaroni1,evaluation,source_fit,/root/private_data/iad-vlm-anomaly/datasets/VisA/macaroni1/Data/Images/Anomaly/079.JPG,1,VisA/macaroni1/Data/Images/Anomaly/079.JPG,1500,1000,mixed_tiny,2,1,1,/root/private_data/iad-vlm-anomaly/datasets/VisA/macaroni1/Data/Masks/Anomaly/079.png,False,40.76279563903808
0b3d289359dc893c12d78013,VisA,macaroni1,evaluation,source_fit,/root/private_data/iad-vlm-anomaly/datasets/VisA/macaroni1/Data/Images/Anomaly/080.JPG,1,VisA/macaroni1/Data/Images/Anomaly/080.JPG,1500,1000,mixed_tiny,3,2,1,/root/private_data/iad-vlm-anomaly/datasets/VisA/macaroni1/Data/Masks/Anomaly/080.png,False,40.76279563903808
4bfdfe23349cc38a681dc6ea,VisA,macaroni1,evaluation,source_fit,/root/private_data/iad-vlm-anomaly/datasets/VisA/macaroni1/Data/Images/Anomaly/081.JPG,1,VisA/macaroni1/Data/Images/Anomaly/081.JPG,1500,1000,mixed_tiny,2,1,1,/root/private_data/iad-vlm-anomaly/datasets/VisA/macaroni1/Data/Masks/Anomaly/081.png,False,40.76279563903808
6deecf099081e1f744af9a3e,VisA,macaroni1,evaluation,source_fit,/root/private_data/iad-vlm-anomaly/datasets/VisA/macaroni1/Data/Images/Anomaly/082.JPG,1,VisA/macaroni1/Data/Images/Anomaly/082.JPG,1500,1000,thin_only,1,0,1,/root/private_data/iad-vlm-anomaly/datasets/VisA/macaroni1/Data/Masks/Anomaly/082.png,False,40.76279563903808
11a8694ae92e988093708a31,VisA,macaroni1,evaluation,source_fit,/root/private_data/iad-vlm-anomaly/datasets/VisA/macaroni1/Data/Images/Anomaly/083.JPG,1,VisA/macaroni1/Data/Images/Anomaly/083.JPG,1500,1000,tiny_only,17,17,0,/root/private_data/iad-vlm-anomaly/datasets/VisA/macaroni1/Data/Masks/Anomaly/083.png,False,40.76279563903808
ac1c53cb6301e55ec304a394,VisA,macaroni1,evaluation,source_fit,/root/private_data/iad-vlm-anomaly/datasets/VisA/macaroni1/Data/Images/Anomaly/084.JPG,1,VisA/macaroni1/Data/Images/Anomaly/084.JPG,1500,1000,mixed_tiny,2,1,1,/root/private_data/iad-vlm-anomaly/datasets/VisA/macaroni1/Data/Masks/Anomaly/084.png,False,40.76279563903808
009ae6d6a7cf15f60e00275e,VisA,macaroni1,evaluation,source_fit,/root/private_data/iad-vlm-anomaly/datasets/VisA/macaroni1/Data/Images/Anomaly/085.JPG,1,VisA/macaroni1/Data/Images/Anomaly/085.JPG,1500,1000,tiny_only,13,13,0,/root/private_data/iad-vlm-anomaly/datasets/VisA/macaroni1/Data/Masks/Anomaly/085.png,False,40.76279563903808
f60a118233ac31406d15c996,VisA,macaroni1,evaluation,source_fit,/root/private_data/iad-vlm-anomaly/datasets/VisA/macaroni1/Data/Images/Anomaly/086.JPG,1,VisA/macaroni1/Data/Images/Anomaly/086.JPG,1500,1000,mixed_tiny,3,2,1,/root/private_data/iad-vlm-anomaly/datasets/VisA/macaroni1/Data/Masks/Anomaly/086.png,False,40.76279563903808
5129989f8e81fb6a8abbd966,VisA,macaroni1,evaluation,source_fit,/root/private_data/iad-vlm-anomaly/datasets/VisA/macaroni1/Data/Images/Anomaly/087.JPG,1,VisA/macaroni1/Data/Images/Anomaly/087.JPG,1500,1000,mixed_tiny,3,2,1,/root/private_data/iad-vlm-anomaly/datasets/VisA/macaroni1/Data/Masks/Anomaly/087.png,False,40.76279563903808
5ba9be9dce43d728a9f9989d,VisA,macaroni1,evaluation,source_fit,/root/private_data/iad-vlm-anomaly/datasets/VisA/macaroni1/Data/Images/Anomaly/088.JPG,1,VisA/macaroni1/Data/Images/Anomaly/088.JPG,1500,1000,tiny_only,6,6,0,/root/private_data/iad-vlm-anomaly/datasets/VisA/macaroni1/Data/Masks/Anomaly/088.png,False,40.76279563903808
d22f9c55dedb39fc3784ba9c,VisA,macaroni1,evaluation,source_fit,/root/private_data/iad-vlm-anomaly/datasets/VisA/macaroni1/Data/Images/Anomaly/089.JPG,1,VisA/macaroni1/Data/Images/Anomaly/089.JPG,1500,1000,tiny_only,6,6,0,/root/private_data/iad-vlm-anomaly/datasets/VisA/macaroni1/Data/Masks/Anomaly/089.png,False,40.76279563903808
d87c34803bde260541762a13,VisA,macaroni1,evaluation,source_fit,/root/private_data/iad-vlm-anomaly/datasets/VisA/macaroni1/Data/Images/Anomaly/090.JPG,1,VisA/macaroni1/Data/Images/Anomaly/090.JPG,1500,1000,mixed_tiny,3,2,1,/root/private_data/iad-vlm-anomaly/datasets/VisA/macaroni1/Data/Masks/Anomaly/090.png,False,40.76279563903808
fc763410d8b93160846ffc72,VisA,macaroni1,evaluation,source_fit,/root/private_data/iad-vlm-anomaly/datasets/VisA/macaroni1/Data/Images/Anomaly/091.JPG,1,VisA/macaroni1/Data/Images/Anomaly/091.JPG,1500,1000,mixed_tiny,5,4,1,/root/private_data/iad-vlm-anomaly/datasets/VisA/macaroni1/Data/Masks/Anomaly/091.png,False,40.76279563903808
b3520e891492cf0620a45437,VisA,macaroni1,evaluation,source_fit,/root/private_data/iad-vlm-anomaly/datasets/VisA/macaroni1/Data/Images/Anomaly/092.JPG,1,VisA/macaroni1/Data/Images/Anomaly/092.JPG,1500,1000,tiny_only,6,6,0,/root/private_data/iad-vlm-anomaly/datasets/VisA/macaroni1/Data/Masks/Anomaly/092.png,False,40.76279563903808
158c1a24504aa99270a9ace6,VisA,macaroni1,evaluation,source_fit,/root/private_data/iad-vlm-anomaly/datasets/VisA/macaroni1/Data/Images/Anomaly/093.JPG,1,VisA/macaroni1/Data/Images/Anomaly/093.JPG,1500,1000,mixed_tiny,5,4,1,/root/private_data/iad-vlm-anomaly/datasets/VisA/macaroni1/Data/Masks/Anomaly/093.png,False,40.76279563903808
124a3ce41aebda69a518a35e,VisA,macaroni1,evaluation,source_fit,/root/private_data/iad-vlm-anomaly/datasets/VisA/macaroni1/Data/Images/Anomaly/094.JPG,1,VisA/macaroni1/Data/Images/Anomaly/094.JPG,1500,1000,tiny_only,6,6,0,/root/private_data/iad-vlm-anomaly/datasets/VisA/macaroni1/Data/Masks/Anomaly/094.png,False,40.76279563903808
6dbf6a1c2a242638f234b770,VisA,macaroni1,evaluation,source_fit,/root/private_data/iad-vlm-anomaly/datasets/VisA/macaroni1/Data/Images/Anomaly/095.JPG,1,VisA/macaroni1/Data/Images/Anomaly/095.JPG,1500,1000,tiny_only,7,7,0,/root/private_data/iad-vlm-anomaly/datasets/VisA/macaroni1/Data/Masks/Anomaly/095.png,False,40.76279563903808
502de3d0a3b80d5fe9a20206,VisA,macaroni1,evaluation,source_fit,/root/private_data/iad-vlm-anomaly/datasets/VisA/macaroni1/Data/Images/Anomaly/096.JPG,1,VisA/macaroni1/Data/Images/Anomaly/096.JPG,1500,1000,mixed_tiny,3,1,2,/root/private_data/iad-vlm-anomaly/datasets/VisA/macaroni1/Data/Masks/Anomaly/096.png,False,40.76279563903808
5d7adaa1a43aa8239aaae18a,VisA,macaroni1,evaluation,source_fit,/root/private_data/iad-vlm-anomaly/datasets/VisA/macaroni1/Data/Images/Anomaly/097.JPG,1,VisA/macaroni1/Data/Images/Anomaly/097.JPG,1500,1000,tiny_only,5,5,0,/root/private_data/iad-vlm-anomaly/datasets/VisA/macaroni1/Data/Masks/Anomaly/097.png,False,40.76279563903808
8686cee89c231ee9ac208eed,VisA,macaroni1,evaluation,source_fit,/root/private_data/iad-vlm-anomaly/datasets/VisA/macaroni1/Data/Images/Anomaly/098.JPG,1,VisA/macaroni1/Data/Images/Anomaly/098.JPG,1500,1000,tiny_only,9,9,0,/root/private_data/iad-vlm-anomaly/datasets/VisA/macaroni1/Data/Masks/Anomaly/098.png,False,40.76279563903808
704a758c54b5f09596f8244a,VisA,macaroni1,evaluation,source_fit,/root/private_data/iad-vlm-anomaly/datasets/VisA/macaroni1/Data/Images/Anomaly/099.JPG,1,VisA/macaroni1/Data/Images/Anomaly/099.JPG,1500,1000,tiny_only,56,56,0,/root/private_data/iad-vlm-anomaly/datasets/VisA/macaroni1/Data/Masks/Anomaly/099.png,False,40.76279563903808
9da0ffc2091c2342b27f0ed6,VisA,macaroni2,evaluation,source_fit,/root/private_data/iad-vlm-anomaly/datasets/VisA/macaroni2/Data/Images/Normal/0790.JPG,0,VisA/macaroni2/Data/Images/Normal/0790.JPG,1500,1000,normal,0,0,0,,False,39.72744598388672
4ce08cc3f03aef08b962dfed,VisA,macaroni2,evaluation,source_fit,/root/private_data/iad-vlm-anomaly/datasets/VisA/macaroni2/Data/Images/Normal/0107.JPG,0,VisA/macaroni2/Data/Images/Normal/0107.JPG,1500,1000,normal,0,0,0,,True,39.72744598388672
0e4daf882b8988af5fcf1473,VisA,macaroni2,evaluation,source_fit,/root/private_data/iad-vlm-anomaly/datasets/VisA/macaroni2/Data/Images/Normal/0484.JPG,0,VisA/macaroni2/Data/Images/Normal/0484.JPG,1500,1000,normal,0,0,0,,True,39.72744598388672
e78674eb9a38c75a58aed675,VisA,macaroni2,evaluation,source_fit,/root/private_data/iad-vlm-anomaly/datasets/VisA/macaroni2/Data/Images/Normal/0690.JPG,0,VisA/macaroni2/Data/Images/Normal/0690.JPG,1500,1000,normal,0,0,0,,False,39.72744598388672
c7103f841b898a97a1674921,VisA,macaroni2,evaluation,source_fit,/root/private_data/iad-vlm-anomaly/datasets/VisA/macaroni2/Data/Images/Normal/0303.JPG,0,VisA/macaroni2/Data/Images/Normal/0303.JPG,1500,1000,normal,0,0,0,,False,39.72744598388672
d375ce7f704f3b7c889f1734,VisA,macaroni2,evaluation,source_fit,/root/private_data/iad-vlm-anomaly/datasets/VisA/macaroni2/Data/Images/Normal/0237.JPG,0,VisA/macaroni2/Data/Images/Normal/0237.JPG,1500,1000,normal,0,0,0,,False,39.72744598388672
309e0cbefe455b2ea22f3eec,VisA,macaroni2,evaluation,source_fit,/root/private_data/iad-vlm-anomaly/datasets/VisA/macaroni2/Data/Images/Normal/0394.JPG,0,VisA/macaroni2/Data/Images/Normal/0394.JPG,1500,1000,normal,0,0,0,,True,39.72744598388672
164c0016c2da5c69740eee95,VisA,macaroni2,evaluation,source_fit,/root/private_data/iad-vlm-anomaly/datasets/VisA/macaroni2/Data/Images/Normal/0214.JPG,0,VisA/macaroni2/Data/Images/Normal/0214.JPG,1500,1000,normal,0,0,0,,False,39.72744598388672
dcbe16d9b9ec8faa5595ad42,VisA,macaroni2,evaluation,source_fit,/root/private_data/iad-vlm-anomaly/datasets/VisA/macaroni2/Data/Images/Normal/0985.JPG,0,VisA/macaroni2/Data/Images/Normal/0985.JPG,1500,1000,normal,0,0,0,,False,39.72744598388672
3310468cd5959578286518b4,VisA,macaroni2,evaluation,source_fit,/root/private_data/iad-vlm-anomaly/datasets/VisA/macaroni2/Data/Images/Normal/0657.JPG,0,VisA/macaroni2/Data/Images/Normal/0657.JPG,1500,1000,normal,0,0,0,,True,39.72744598388672
21f0bb03132d4e3d206597ca,VisA,macaroni2,evaluation,source_fit,/root/private_data/iad-vlm-anomaly/datasets/VisA/macaroni2/Data/Images/Normal/0377.JPG,0,VisA/macaroni2/Data/Images/Normal/0377.JPG,1500,1000,normal,0,0,0,,False,39.72744598388672
b72ce5b7a2813bddf34f0065,VisA,macaroni2,evaluation,source_fit,/root/private_data/iad-vlm-anomaly/datasets/VisA/macaroni2/Data/Images/Normal/0659.JPG,0,VisA/macaroni2/Data/Images/Normal/0659.JPG,1500,1000,normal,0,0,0,,False,39.72744598388672
aa33aef7a2c073fb92ac6337,VisA,macaroni2,evaluation,source_fit,/root/private_data/iad-vlm-anomaly/datasets/VisA/macaroni2/Data/Images/Normal/0514.JPG,0,VisA/macaroni2/Data/Images/Normal/0514.JPG,1500,1000,normal,0,0,0,,False,39.72744598388672
02a89308f4b562fed27e6207,VisA,macaroni2,evaluation,source_fit,/root/private_data/iad-vlm-anomaly/datasets/VisA/macaroni2/Data/Images/Normal/0617.JPG,0,VisA/macaroni2/Data/Images/Normal/0617.JPG,1500,1000,normal,0,0,0,,False,39.72744598388672
6a5e077611d91f85af23e4e8,VisA,macaroni2,evaluation,source_fit,/root/private_data/iad-vlm-anomaly/datasets/VisA/macaroni2/Data/Images/Normal/0725.JPG,0,VisA/macaroni2/Data/Images/Normal/0725.JPG,1500,1000,normal,0,0,0,,False,39.72744598388672
c306d8f37fb5e260b7c60323,VisA,macaroni2,evaluation,source_fit,/root/private_data/iad-vlm-anomaly/datasets/VisA/macaroni2/Data/Images/Normal/0172.JPG,0,VisA/macaroni2/Data/Images/Normal/0172.JPG,1500,1000,normal,0,0,0,,False,39.72744598388672
ea5e29282e9754ce4894f880,VisA,macaroni2,evaluation,source_fit,/root/private_data/iad-vlm-anomaly/datasets/VisA/macaroni2/Data/Images/Normal/0996.JPG,0,VisA/macaroni2/Data/Images/Normal/0996.JPG,1500,1000,normal,0,0,0,,False,39.72744598388672
6121cf68a38bea901bb0f71c,VisA,macaroni2,evaluation,source_fit,/root/private_data/iad-vlm-anomaly/datasets/VisA/macaroni2/Data/Images/Normal/0483.JPG,0,VisA/macaroni2/Data/Images/Normal/0483.JPG,1500,1000,normal,0,0,0,,False,39.72744598388672
fb6fd948ff3d2f81adef3bad,VisA,macaroni2,evaluation,source_fit,/root/private_data/iad-vlm-anomaly/datasets/VisA/macaroni2/Data/Images/Normal/0654.JPG,0,VisA/macaroni2/Data/Images/Normal/0654.JPG,1500,1000,normal,0,0,0,,False,39.72744598388672
56f69bf206010558832c42a1,VisA,macaroni2,evaluation,source_fit,/root/private_data/iad-vlm-anomaly/datasets/VisA/macaroni2/Data/Images/Normal/0400.JPG,0,VisA/macaroni2/Data/Images/Normal/0400.JPG,1500,1000,normal,0,0,0,,False,39.72744598388672
b04be9f194980fbb2a9cf26a,VisA,macaroni2,evaluation,source_fit,/root/private_data/iad-vlm-anomaly/datasets/VisA/macaroni2/Data/Images/Normal/0469.JPG,0,VisA/macaroni2/Data/Images/Normal/0469.JPG,1500,1000,normal,0,0,0,,False,39.72744598388672
ed993a9c64ca89886c148271,VisA,macaroni2,evaluation,source_fit,/root/private_data/iad-vlm-anomaly/datasets/VisA/macaroni2/Data/Images/Normal/0525.JPG,0,VisA/macaroni2/Data/Images/Normal/0525.JPG,1500,1000,normal,0,0,0,,False,39.72744598388672
50189745af4b016360d4129b,VisA,macaroni2,evaluation,source_fit,/root/private_data/iad-vlm-anomaly/datasets/VisA/macaroni2/Data/Images/Normal/0170.JPG,0,VisA/macaroni2/Data/Images/Normal/0170.JPG,1500,1000,normal,0,0,0,,False,39.72744598388672
bf9f82d3c74a69eaef139ef6,VisA,macaroni2,evaluation,source_fit,/root/private_data/iad-vlm-anomaly/datasets/VisA/macaroni2/Data/Images/Normal/0631.JPG,0,VisA/macaroni2/Data/Images/Normal/0631.JPG,1500,1000,normal,0,0,0,,False,39.72744598388672
09f1a0bba5eccd98d28321b7,VisA,macaroni2,evaluation,source_fit,/root/private_data/iad-vlm-anomaly/datasets/VisA/macaroni2/Data/Images/Normal/0685.JPG,0,VisA/macaroni2/Data/Images/Normal/0685.JPG,1500,1000,normal,0,0,0,,False,39.72744598388672
e342c21e8cf0553d4ef011ad,VisA,macaroni2,evaluation,source_fit,/root/private_data/iad-vlm-anomaly/datasets/VisA/macaroni2/Data/Images/Normal/0320.JPG,0,VisA/macaroni2/Data/Images/Normal/0320.JPG,1500,1000,normal,0,0,0,,False,39.72744598388672
1aff5fdea116b013b67f3db7,VisA,macaroni2,evaluation,source_fit,/root/private_data/iad-vlm-anomaly/datasets/VisA/macaroni2/Data/Images/Normal/0869.JPG,0,VisA/macaroni2/Data/Images/Normal/0869.JPG,1500,1000,normal,0,0,0,,False,39.72744598388672
6a8cb89542d8aed5de20cdb8,VisA,macaroni2,evaluation,source_fit,/root/private_data/iad-vlm-anomaly/datasets/VisA/macaroni2/Data/Images/Normal/0423.JPG,0,VisA/macaroni2/Data/Images/Normal/0423.JPG,1500,1000,normal,0,0,0,,False,39.72744598388672
41e5417234996b87cd1835ec,VisA,macaroni2,evaluation,source_fit,/root/private_data/iad-vlm-anomaly/datasets/VisA/macaroni2/Data/Images/Normal/0417.JPG,0,VisA/macaroni2/Data/Images/Normal/0417.JPG,1500,1000,normal,0,0,0,,False,39.72744598388672
59d3f3d775269be95a8f8a32,VisA,macaroni2,evaluation,source_fit,/root/private_data/iad-vlm-anomaly/datasets/VisA/macaroni2/Data/Images/Normal/0751.JPG,0,VisA/macaroni2/Data/Images/Normal/0751.JPG,1500,1000,normal,0,0,0,,False,39.72744598388672
3c1c6d0235e4b7d97bbf6e9e,VisA,macaroni2,evaluation,source_fit,/root/private_data/iad-vlm-anomaly/datasets/VisA/macaroni2/Data/Images/Normal/0764.JPG,0,VisA/macaroni2/Data/Images/Normal/0764.JPG,1500,1000,normal,0,0,0,,False,39.72744598388672
c665ef64c2eca25fee802f1b,VisA,macaroni2,evaluation,source_fit,/root/private_data/iad-vlm-anomaly/datasets/VisA/macaroni2/Data/Images/Normal/0967.JPG,0,VisA/macaroni2/Data/Images/Normal/0967.JPG,1500,1000,normal,0,0,0,,False,39.72744598388672
2e3f1b75a27dd34d2dbf7338,VisA,macaroni2,evaluation,source_fit,/root/private_data/iad-vlm-anomaly/datasets/VisA/macaroni2/Data/Images/Normal/0730.JPG,0,VisA/macaroni2/Data/Images/Normal/0730.JPG,1500,1000,normal,0,0,0,,False,39.72744598388672
717ef4406a5e2364275bb6fb,VisA,macaroni2,evaluation,source_fit,/root/private_data/iad-vlm-anomaly/datasets/VisA/macaroni2/Data/Images/Normal/0306.JPG,0,VisA/macaroni2/Data/Images/Normal/0306.JPG,1500,1000,normal,0,0,0,,False,39.72744598388672
118ef857f2ae60c7e8957fd4,VisA,macaroni2,evaluation,source_fit,/root/private_data/iad-vlm-anomaly/datasets/VisA/macaroni2/Data/Images/Normal/0011.JPG,0,VisA/macaroni2/Data/Images/Normal/0011.JPG,1500,1000,normal,0,0,0,,True,39.72744598388672
a5b79a1b2ba4a1da799096c7,VisA,macaroni2,evaluation,source_fit,/root/private_data/iad-vlm-anomaly/datasets/VisA/macaroni2/Data/Images/Normal/0215.JPG,0,VisA/macaroni2/Data/Images/Normal/0215.JPG,1500,1000,normal,0,0,0,,False,39.72744598388672
cd1f67970d567bf75d873a22,VisA,macaroni2,evaluation,source_fit,/root/private_data/iad-vlm-anomaly/datasets/VisA/macaroni2/Data/Images/Normal/0159.JPG,0,VisA/macaroni2/Data/Images/Normal/0159.JPG,1500,1000,normal,0,0,0,,False,39.72744598388672
fd916768b573d0a26a5c2686,VisA,macaroni2,evaluation,source_fit,/root/private_data/iad-vlm-anomaly/datasets/VisA/macaroni2/Data/Images/Normal/0629.JPG,0,VisA/macaroni2/Data/Images/Normal/0629.JPG,1500,1000,normal,0,0,0,,False,39.72744598388672
0b1f80db3ba12c4ac074aee5,VisA,macaroni2,evaluation,source_fit,/root/private_data/iad-vlm-anomaly/datasets/VisA/macaroni2/Data/Images/Normal/0694.JPG,0,VisA/macaroni2/Data/Images/Normal/0694.JPG,1500,1000,normal,0,0,0,,False,39.72744598388672
b639b503ce63224c0cefbd13,VisA,macaroni2,evaluation,source_fit,/root/private_data/iad-vlm-anomaly/datasets/VisA/macaroni2/Data/Images/Normal/0518.JPG,0,VisA/macaroni2/Data/Images/Normal/0518.JPG,1500,1000,normal,0,0,0,,False,39.72744598388672
12aa988e2c192ec197791e10,VisA,macaroni2,evaluation,source_fit,/root/private_data/iad-vlm-anomaly/datasets/VisA/macaroni2/Data/Images/Normal/0026.JPG,0,VisA/macaroni2/Data/Images/Normal/0026.JPG,1500,1000,normal,0,0,0,,True,39.72744598388672
3920b4cb838bea1997e763d6,VisA,macaroni2,evaluation,source_fit,/root/private_data/iad-vlm-anomaly/datasets/VisA/macaroni2/Data/Images/Normal/0844.JPG,0,VisA/macaroni2/Data/Images/Normal/0844.JPG,1500,1000,normal,0,0,0,,False,39.72744598388672
b7b8ebc2d46f90d036593472,VisA,macaroni2,evaluation,source_fit,/root/private_data/iad-vlm-anomaly/datasets/VisA/macaroni2/Data/Images/Normal/0953.JPG,0,VisA/macaroni2/Data/Images/Normal/0953.JPG,1500,1000,normal,0,0,0,,False,39.72744598388672
0deb769b37a56e959b7f77c2,VisA,macaroni2,evaluation,source_fit,/root/private_data/iad-vlm-anomaly/datasets/VisA/macaroni2/Data/Images/Normal/0900.JPG,0,VisA/macaroni2/Data/Images/Normal/0900.JPG,1500,1000,normal,0,0,0,,False,39.72744598388672
71468190937308a18f30e53e,VisA,macaroni2,evaluation,source_fit,/root/private_data/iad-vlm-anomaly/datasets/VisA/macaroni2/Data/Images/Normal/0402.JPG,0,VisA/macaroni2/Data/Images/Normal/0402.JPG,1500,1000,normal,0,0,0,,False,39.72744598388672
35427a6ae432f98d18759137,VisA,macaroni2,evaluation,source_fit,/root/private_data/iad-vlm-anomaly/datasets/VisA/macaroni2/Data/Images/Normal/0621.JPG,0,VisA/macaroni2/Data/Images/Normal/0621.JPG,1500,1000,normal,0,0,0,,False,39.72744598388672
1b7432f592af1c52df4dc2ff,VisA,macaroni2,evaluation,source_fit,/root/private_data/iad-vlm-anomaly/datasets/VisA/macaroni2/Data/Images/Normal/0294.JPG,0,VisA/macaroni2/Data/Images/Normal/0294.JPG,1500,1000,normal,0,0,0,,False,39.72744598388672
c5e900adfeb212975ed0b2e9,VisA,macaroni2,evaluation,source_fit,/root/private_data/iad-vlm-anomaly/datasets/VisA/macaroni2/Data/Images/Normal/0016.JPG,0,VisA/macaroni2/Data/Images/Normal/0016.JPG,1500,1000,normal,0,0,0,,False,39.72744598388672
f3622dc004565594e8cf378c,VisA,macaroni2,evaluation,source_fit,/root/private_data/iad-vlm-anomaly/datasets/VisA/macaroni2/Data/Images/Normal/0046.JPG,0,VisA/macaroni2/Data/Images/Normal/0046.JPG,1500,1000,normal,0,0,0,,False,39.72744598388672
35325a2687895d2bacdc9adf,VisA,macaroni2,evaluation,source_fit,/root/private_data/iad-vlm-anomaly/datasets/VisA/macaroni2/Data/Images/Normal/0705.JPG,0,VisA/macaroni2/Data/Images/Normal/0705.JPG,1500,1000,normal,0,0,0,,False,39.72744598388672
452935a32559a9d95deda4a0,VisA,macaroni2,evaluation,source_fit,/root/private_data/iad-vlm-anomaly/datasets/VisA/macaroni2/Data/Images/Normal/0208.JPG,0,VisA/macaroni2/Data/Images/Normal/0208.JPG,1500,1000,normal,0,0,0,,False,39.72744598388672
d0993e7b4c424800241a3808,VisA,macaroni2,evaluation,source_fit,/root/private_data/iad-vlm-anomaly/datasets/VisA/macaroni2/Data/Images/Normal/0674.JPG,0,VisA/macaroni2/Data/Images/Normal/0674.JPG,1500,1000,normal,0,0,0,,False,39.72744598388672
acdf486bceecd691f962c6ce,VisA,macaroni2,evaluation,source_fit,/root/private_data/iad-vlm-anomaly/datasets/VisA/macaroni2/Data/Images/Normal/0427.JPG,0,VisA/macaroni2/Data/Images/Normal/0427.JPG,1500,1000,normal,0,0,0,,False,39.72744598388672
c325c4637ed0fa9d401e9f02,VisA,macaroni2,evaluation,source_fit,/root/private_data/iad-vlm-anomaly/datasets/VisA/macaroni2/Data/Images/Normal/0552.JPG,0,VisA/macaroni2/Data/Images/Normal/0552.JPG,1500,1000,normal,0,0,0,,False,39.72744598388672
fac9a280713713c1ee92c98c,VisA,macaroni2,evaluation,source_fit,/root/private_data/iad-vlm-anomaly/datasets/VisA/macaroni2/Data/Images/Normal/0804.JPG,0,VisA/macaroni2/Data/Images/Normal/0804.JPG,1500,1000,normal,0,0,0,,False,39.72744598388672
e67e1dd2e4230ef649ae849a,VisA,macaroni2,evaluation,source_fit,/root/private_data/iad-vlm-anomaly/datasets/VisA/macaroni2/Data/Images/Normal/0333.JPG,0,VisA/macaroni2/Data/Images/Normal/0333.JPG,1500,1000,normal,0,0,0,,False,39.72744598388672
7af698b52f598887c4bb78b9,VisA,macaroni2,evaluation,source_fit,/root/private_data/iad-vlm-anomaly/datasets/VisA/macaroni2/Data/Images/Normal/0027.JPG,0,VisA/macaroni2/Data/Images/Normal/0027.JPG,1500,1000,normal,0,0,0,,False,39.72744598388672
a325436f9233ae63da45f6d3,VisA,macaroni2,evaluation,source_fit,/root/private_data/iad-vlm-anomaly/datasets/VisA/macaroni2/Data/Images/Normal/0100.JPG,0,VisA/macaroni2/Data/Images/Normal/0100.JPG,1500,1000,normal,0,0,0,,False,39.72744598388672
ae3fd6797784509642603703,VisA,macaroni2,evaluation,source_fit,/root/private_data/iad-vlm-anomaly/datasets/VisA/macaroni2/Data/Images/Normal/0800.JPG,0,VisA/macaroni2/Data/Images/Normal/0800.JPG,1500,1000,normal,0,0,0,,False,39.72744598388672
6243c02a73546cacb7e4eefd,VisA,macaroni2,evaluation,source_fit,/root/private_data/iad-vlm-anomaly/datasets/VisA/macaroni2/Data/Images/Normal/0923.JPG,0,VisA/macaroni2/Data/Images/Normal/0923.JPG,1500,1000,normal,0,0,0,,False,39.72744598388672
ad4f0fbd7905e6cfb6aa38fd,VisA,macaroni2,evaluation,source_fit,/root/private_data/iad-vlm-anomaly/datasets/VisA/macaroni2/Data/Images/Normal/0755.JPG,0,VisA/macaroni2/Data/Images/Normal/0755.JPG,1500,1000,normal,0,0,0,,False,39.72744598388672
bf5878376781c99626df030d,VisA,macaroni2,evaluation,source_fit,/root/private_data/iad-vlm-anomaly/datasets/VisA/macaroni2/Data/Images/Normal/0013.JPG,0,VisA/macaroni2/Data/Images/Normal/0013.JPG,1500,1000,normal,0,0,0,,False,39.72744598388672
540691390f66f545f0222fa4,VisA,macaroni2,evaluation,source_fit,/root/private_data/iad-vlm-anomaly/datasets/VisA/macaroni2/Data/Images/Normal/0297.JPG,0,VisA/macaroni2/Data/Images/Normal/0297.JPG,1500,1000,normal,0,0,0,,False,39.72744598388672
5ebc528bdf155246b8101882,VisA,macaroni2,evaluation,source_fit,/root/private_data/iad-vlm-anomaly/datasets/VisA/macaroni2/Data/Images/Normal/0768.JPG,0,VisA/macaroni2/Data/Images/Normal/0768.JPG,1500,1000,normal,0,0,0,,False,39.72744598388672
27f6af7a7e085f3e53255dce,VisA,macaroni2,evaluation,source_fit,/root/private_data/iad-vlm-anomaly/datasets/VisA/macaroni2/Data/Images/Normal/0457.JPG,0,VisA/macaroni2/Data/Images/Normal/0457.JPG,1500,1000,normal,0,0,0,,False,39.72744598388672
112963ef3ded1b898260b897,VisA,macaroni2,evaluation,source_fit,/root/private_data/iad-vlm-anomaly/datasets/VisA/macaroni2/Data/Images/Normal/0520.JPG,0,VisA/macaroni2/Data/Images/Normal/0520.JPG,1500,1000,normal,0,0,0,,False,39.72744598388672
f11e3521ef9d69e591cad3df,VisA,macaroni2,evaluation,source_fit,/root/private_data/iad-vlm-anomaly/datasets/VisA/macaroni2/Data/Images/Normal/0952.JPG,0,VisA/macaroni2/Data/Images/Normal/0952.JPG,1500,1000,normal,0,0,0,,False,39.72744598388672
e8a24b423b327939418141bc,VisA,macaroni2,evaluation,source_fit,/root/private_data/iad-vlm-anomaly/datasets/VisA/macaroni2/Data/Images/Normal/0871.JPG,0,VisA/macaroni2/Data/Images/Normal/0871.JPG,1500,1000,normal,0,0,0,,False,39.72744598388672
058e9aea4df0e4413124ca53,VisA,macaroni2,evaluation,source_fit,/root/private_data/iad-vlm-anomaly/datasets/VisA/macaroni2/Data/Images/Normal/0811.JPG,0,VisA/macaroni2/Data/Images/Normal/0811.JPG,1500,1000,normal,0,0,0,,False,39.72744598388672
e4c92fe01ea54f67f7627042,VisA,macaroni2,evaluation,source_fit,/root/private_data/iad-vlm-anomaly/datasets/VisA/macaroni2/Data/Images/Normal/0174.JPG,0,VisA/macaroni2/Data/Images/Normal/0174.JPG,1500,1000,normal,0,0,0,,False,39.72744598388672
f3008f1cf24c86b15166c62d,VisA,macaroni2,evaluation,source_fit,/root/private_data/iad-vlm-anomaly/datasets/VisA/macaroni2/Data/Images/Normal/0648.JPG,0,VisA/macaroni2/Data/Images/Normal/0648.JPG,1500,1000,normal,0,0,0,,False,39.72744598388672
80986fdc48fd5333d3e742ad,VisA,macaroni2,evaluation,source_fit,/root/private_data/iad-vlm-anomaly/datasets/VisA/macaroni2/Data/Images/Normal/0261.JPG,0,VisA/macaroni2/Data/Images/Normal/0261.JPG,1500,1000,normal,0,0,0,,False,39.72744598388672
fec2ff06b90f1d99dbb27c30,VisA,macaroni2,evaluation,source_fit,/root/private_data/iad-vlm-anomaly/datasets/VisA/macaroni2/Data/Images/Normal/0784.JPG,0,VisA/macaroni2/Data/Images/Normal/0784.JPG,1500,1000,normal,0,0,0,,False,39.72744598388672
3af11a0cd3054d7196be9fbe,VisA,macaroni2,evaluation,source_fit,/root/private_data/iad-vlm-anomaly/datasets/VisA/macaroni2/Data/Images/Normal/0935.JPG,0,VisA/macaroni2/Data/Images/Normal/0935.JPG,1500,1000,normal,0,0,0,,False,39.72744598388672
5c67ec12418aacb2a446ba46,VisA,macaroni2,evaluation,source_fit,/root/private_data/iad-vlm-anomaly/datasets/VisA/macaroni2/Data/Images/Normal/0286.JPG,0,VisA/macaroni2/Data/Images/Normal/0286.JPG,1500,1000,normal,0,0,0,,False,39.72744598388672
3eb54681750f513e21ec52b3,VisA,macaroni2,evaluation,source_fit,/root/private_data/iad-vlm-anomaly/datasets/VisA/macaroni2/Data/Images/Normal/0779.JPG,0,VisA/macaroni2/Data/Images/Normal/0779.JPG,1500,1000,normal,0,0,0,,False,39.72744598388672
eb02ba2ff6dcfb3bda968f32,VisA,macaroni2,evaluation,source_fit,/root/private_data/iad-vlm-anomaly/datasets/VisA/macaroni2/Data/Images/Normal/0363.JPG,0,VisA/macaroni2/Data/Images/Normal/0363.JPG,1500,1000,normal,0,0,0,,False,39.72744598388672
df30177d9764643c62bc4257,VisA,macaroni2,evaluation,source_fit,/root/private_data/iad-vlm-anomaly/datasets/VisA/macaroni2/Data/Images/Normal/0619.JPG,0,VisA/macaroni2/Data/Images/Normal/0619.JPG,1500,1000,normal,0,0,0,,False,39.72744598388672
feda7c635ed25dd9493c7802,VisA,macaroni2,evaluation,source_fit,/root/private_data/iad-vlm-anomaly/datasets/VisA/macaroni2/Data/Images/Normal/0024.JPG,0,VisA/macaroni2/Data/Images/Normal/0024.JPG,1500,1000,normal,0,0,0,,False,39.72744598388672
7500067abb6ef1a422f17013,VisA,macaroni2,evaluation,source_fit,/root/private_data/iad-vlm-anomaly/datasets/VisA/macaroni2/Data/Images/Normal/0735.JPG,0,VisA/macaroni2/Data/Images/Normal/0735.JPG,1500,1000,normal,0,0,0,,False,39.72744598388672
ea21fcff9fd1734e44949055,VisA,macaroni2,evaluation,source_fit,/root/private_data/iad-vlm-anomaly/datasets/VisA/macaroni2/Data/Images/Normal/0688.JPG,0,VisA/macaroni2/Data/Images/Normal/0688.JPG,1500,1000,normal,0,0,0,,False,39.72744598388672
91226ab04466566299a30600,VisA,macaroni2,evaluation,source_fit,/root/private_data/iad-vlm-anomaly/datasets/VisA/macaroni2/Data/Images/Normal/0796.JPG,0,VisA/macaroni2/Data/Images/Normal/0796.JPG,1500,1000,normal,0,0,0,,False,39.72744598388672
33960b3cb617142b581adb73,VisA,macaroni2,evaluation,source_fit,/root/private_data/iad-vlm-anomaly/datasets/VisA/macaroni2/Data/Images/Normal/0178.JPG,0,VisA/macaroni2/Data/Images/Normal/0178.JPG,1500,1000,normal,0,0,0,,False,39.72744598388672
acc1696d07b5d6bd1dfdae41,VisA,macaroni2,evaluation,source_fit,/root/private_data/iad-vlm-anomaly/datasets/VisA/macaroni2/Data/Images/Normal/0797.JPG,0,VisA/macaroni2/Data/Images/Normal/0797.JPG,1500,1000,normal,0,0,0,,False,39.72744598388672
cab40b14618160dc68f2870f,VisA,macaroni2,evaluation,source_fit,/root/private_data/iad-vlm-anomaly/datasets/VisA/macaroni2/Data/Images/Normal/0920.JPG,0,VisA/macaroni2/Data/Images/Normal/0920.JPG,1500,1000,normal,0,0,0,,False,39.72744598388672
6a4390dbe3b8e6b616bd6cef,VisA,macaroni2,evaluation,source_fit,/root/private_data/iad-vlm-anomaly/datasets/VisA/macaroni2/Data/Images/Normal/0479.JPG,0,VisA/macaroni2/Data/Images/Normal/0479.JPG,1500,1000,normal,0,0,0,,False,39.72744598388672
cfff5e11e5db9907d417bb57,VisA,macaroni2,evaluation,source_fit,/root/private_data/iad-vlm-anomaly/datasets/VisA/macaroni2/Data/Images/Normal/0684.JPG,0,VisA/macaroni2/Data/Images/Normal/0684.JPG,1500,1000,normal,0,0,0,,False,39.72744598388672
943d293f3ccaaeec87a2153d,VisA,macaroni2,evaluation,source_fit,/root/private_data/iad-vlm-anomaly/datasets/VisA/macaroni2/Data/Images/Normal/0739.JPG,0,VisA/macaroni2/Data/Images/Normal/0739.JPG,1500,1000,normal,0,0,0,,False,39.72744598388672
2c85cb0ad09b73d534abf8b9,VisA,macaroni2,evaluation,source_fit,/root/private_data/iad-vlm-anomaly/datasets/VisA/macaroni2/Data/Images/Normal/0569.JPG,0,VisA/macaroni2/Data/Images/Normal/0569.JPG,1500,1000,normal,0,0,0,,False,39.72744598388672
39f845199393307fbf2b60a9,VisA,macaroni2,evaluation,source_fit,/root/private_data/iad-vlm-anomaly/datasets/VisA/macaroni2/Data/Images/Normal/0196.JPG,0,VisA/macaroni2/Data/Images/Normal/0196.JPG,1500,1000,normal,0,0,0,,False,39.72744598388672
7a9b644a7222f68cf42429ae,VisA,macaroni2,evaluation,source_fit,/root/private_data/iad-vlm-anomaly/datasets/VisA/macaroni2/Data/Images/Normal/0892.JPG,0,VisA/macaroni2/Data/Images/Normal/0892.JPG,1500,1000,normal,0,0,0,,False,39.72744598388672
3aa1a84a25f5dcbaef6bd1e2,VisA,macaroni2,evaluation,source_fit,/root/private_data/iad-vlm-anomaly/datasets/VisA/macaroni2/Data/Images/Normal/0964.JPG,0,VisA/macaroni2/Data/Images/Normal/0964.JPG,1500,1000,normal,0,0,0,,False,39.72744598388672
3ee6c47f9ef08b16ed10dfb3,VisA,macaroni2,evaluation,source_fit,/root/private_data/iad-vlm-anomaly/datasets/VisA/macaroni2/Data/Images/Normal/0187.JPG,0,VisA/macaroni2/Data/Images/Normal/0187.JPG,1500,1000,normal,0,0,0,,True,39.72744598388672
dc17dd0347418dcda136fbf6,VisA,macaroni2,evaluation,source_fit,/root/private_data/iad-vlm-anomaly/datasets/VisA/macaroni2/Data/Images/Normal/0488.JPG,0,VisA/macaroni2/Data/Images/Normal/0488.JPG,1500,1000,normal,0,0,0,,False,39.72744598388672
b1d42592bf2998a70a0868be,VisA,macaroni2,evaluation,source_fit,/root/private_data/iad-vlm-anomaly/datasets/VisA/macaroni2/Data/Images/Normal/0994.JPG,0,VisA/macaroni2/Data/Images/Normal/0994.JPG,1500,1000,normal,0,0,0,,False,39.72744598388672
3930ace9c61b018381801321,VisA,macaroni2,evaluation,source_fit,/root/private_data/iad-vlm-anomaly/datasets/VisA/macaroni2/Data/Images/Normal/0545.JPG,0,VisA/macaroni2/Data/Images/Normal/0545.JPG,1500,1000,normal,0,0,0,,False,39.72744598388672
4f94b8f0b3c53faa0b0a065e,VisA,macaroni2,evaluation,source_fit,/root/private_data/iad-vlm-anomaly/datasets/VisA/macaroni2/Data/Images/Normal/0615.JPG,0,VisA/macaroni2/Data/Images/Normal/0615.JPG,1500,1000,normal,0,0,0,,False,39.72744598388672
e8aa70ccda5f15a47e752d6b,VisA,macaroni2,evaluation,source_fit,/root/private_data/iad-vlm-anomaly/datasets/VisA/macaroni2/Data/Images/Normal/0974.JPG,0,VisA/macaroni2/Data/Images/Normal/0974.JPG,1500,1000,normal,0,0,0,,False,39.72744598388672
ec2fa0ec4fc668f824a5006b,VisA,macaroni2,evaluation,source_fit,/root/private_data/iad-vlm-anomaly/datasets/VisA/macaroni2/Data/Images/Normal/0490.JPG,0,VisA/macaroni2/Data/Images/Normal/0490.JPG,1500,1000,normal,0,0,0,,False,39.72744598388672
eac5b9adf7b6dc54a203e870,VisA,macaroni2,evaluation,source_fit,/root/private_data/iad-vlm-anomaly/datasets/VisA/macaroni2/Data/Images/Normal/0168.JPG,0,VisA/macaroni2/Data/Images/Normal/0168.JPG,1500,1000,normal,0,0,0,,False,39.72744598388672
6c43f4bb8134d5daccdba116,VisA,macaroni2,evaluation,source_fit,/root/private_data/iad-vlm-anomaly/datasets/VisA/macaroni2/Data/Images/Anomaly/000.JPG,1,VisA/macaroni2/Data/Images/Anomaly/000.JPG,1500,1000,tiny_only,1,1,0,/root/private_data/iad-vlm-anomaly/datasets/VisA/macaroni2/Data/Masks/Anomaly/000.png,False,39.72744598388672
169f7ea77a6f29b7261b88e9,VisA,macaroni2,evaluation,source_fit,/root/private_data/iad-vlm-anomaly/datasets/VisA/macaroni2/Data/Images/Anomaly/001.JPG,1,VisA/macaroni2/Data/Images/Anomaly/001.JPG,1500,1000,tiny_only,8,8,0,/root/private_data/iad-vlm-anomaly/datasets/VisA/macaroni2/Data/Masks/Anomaly/001.png,False,39.72744598388672
a4ad1746927a2d08c40f7b23,VisA,macaroni2,evaluation,source_fit,/root/private_data/iad-vlm-anomaly/datasets/VisA/macaroni2/Data/Images/Anomaly/002.JPG,1,VisA/macaroni2/Data/Images/Anomaly/002.JPG,1500,1000,tiny_only,6,6,0,/root/private_data/iad-vlm-anomaly/datasets/VisA/macaroni2/Data/Masks/Anomaly/002.png,False,39.72744598388672
f1974de0999ddbae2228d155,VisA,macaroni2,evaluation,source_fit,/root/private_data/iad-vlm-anomaly/datasets/VisA/macaroni2/Data/Images/Anomaly/003.JPG,1,VisA/macaroni2/Data/Images/Anomaly/003.JPG,1500,1000,tiny_only,5,5,0,/root/private_data/iad-vlm-anomaly/datasets/VisA/macaroni2/Data/Masks/Anomaly/003.png,False,39.72744598388672
0822b68a9a064a98dd389a74,VisA,macaroni2,evaluation,source_fit,/root/private_data/iad-vlm-anomaly/datasets/VisA/macaroni2/Data/Images/Anomaly/004.JPG,1,VisA/macaroni2/Data/Images/Anomaly/004.JPG,1500,1000,tiny_only,1,1,0,/root/private_data/iad-vlm-anomaly/datasets/VisA/macaroni2/Data/Masks/Anomaly/004.png,False,39.72744598388672
56f5ac5c6ad735dba1cd3bb8,VisA,macaroni2,evaluation,source_fit,/root/private_data/iad-vlm-anomaly/datasets/VisA/macaroni2/Data/Images/Anomaly/005.JPG,1,VisA/macaroni2/Data/Images/Anomaly/005.JPG,1500,1000,tiny_only,3,3,0,/root/private_data/iad-vlm-anomaly/datasets/VisA/macaroni2/Data/Masks/Anomaly/005.png,False,39.72744598388672
57a3f07a9f8ab3e2fb963fa5,VisA,macaroni2,evaluation,source_fit,/root/private_data/iad-vlm-anomaly/datasets/VisA/macaroni2/Data/Images/Anomaly/006.JPG,1,VisA/macaroni2/Data/Images/Anomaly/006.JPG,1500,1000,tiny_only,3,3,0,/root/private_data/iad-vlm-anomaly/datasets/VisA/macaroni2/Data/Masks/Anomaly/006.png,False,39.72744598388672
519fe0e89bba0403a2a1022d,VisA,macaroni2,evaluation,source_fit,/root/private_data/iad-vlm-anomaly/datasets/VisA/macaroni2/Data/Images/Anomaly/007.JPG,1,VisA/macaroni2/Data/Images/Anomaly/007.JPG,1500,1000,tiny_only,4,4,0,/root/private_data/iad-vlm-anomaly/datasets/VisA/macaroni2/Data/Masks/Anomaly/007.png,False,39.72744598388672
9fe1a7a0cd53409fd91c9cb5,VisA,macaroni2,evaluation,source_fit,/root/private_data/iad-vlm-anomaly/datasets/VisA/macaroni2/Data/Images/Anomaly/008.JPG,1,VisA/macaroni2/Data/Images/Anomaly/008.JPG,1500,1000,tiny_only,5,5,0,/root/private_data/iad-vlm-anomaly/datasets/VisA/macaroni2/Data/Masks/Anomaly/008.png,False,39.72744598388672
b615744a82c716e79d04f34d,VisA,macaroni2,evaluation,source_fit,/root/private_data/iad-vlm-anomaly/datasets/VisA/macaroni2/Data/Images/Anomaly/009.JPG,1,VisA/macaroni2/Data/Images/Anomaly/009.JPG,1500,1000,tiny_only,5,5,0,/root/private_data/iad-vlm-anomaly/datasets/VisA/macaroni2/Data/Masks/Anomaly/009.png,False,39.72744598388672
d0dce877e6cda5e371822352,VisA,macaroni2,evaluation,source_fit,/root/private_data/iad-vlm-anomaly/datasets/VisA/macaroni2/Data/Images/Anomaly/010.JPG,1,VisA/macaroni2/Data/Images/Anomaly/010.JPG,1500,1000,tiny_only,1,1,0,/root/private_data/iad-vlm-anomaly/datasets/VisA/macaroni2/Data/Masks/Anomaly/010.png,False,39.72744598388672
fd40c99a12d76a57de528883,VisA,macaroni2,evaluation,source_fit,/root/private_data/iad-vlm-anomaly/datasets/VisA/macaroni2/Data/Images/Anomaly/011.JPG,1,VisA/macaroni2/Data/Images/Anomaly/011.JPG,1500,1000,tiny_only,1,1,0,/root/private_data/iad-vlm-anomaly/datasets/VisA/macaroni2/Data/Masks/Anomaly/011.png,False,39.72744598388672
b93330f8ec0ec06fd567db25,VisA,macaroni2,evaluation,source_fit,/root/private_data/iad-vlm-anomaly/datasets/VisA/macaroni2/Data/Images/Anomaly/012.JPG,1,VisA/macaroni2/Data/Images/Anomaly/012.JPG,1500,1000,tiny_only,1,1,0,/root/private_data/iad-vlm-anomaly/datasets/VisA/macaroni2/Data/Masks/Anomaly/012.png,False,39.72744598388672
912ee1c771818f300df8bf39,VisA,macaroni2,evaluation,source_fit,/root/private_data/iad-vlm-anomaly/datasets/VisA/macaroni2/Data/Images/Anomaly/013.JPG,1,VisA/macaroni2/Data/Images/Anomaly/013.JPG,1500,1000,tiny_only,1,1,0,/root/private_data/iad-vlm-anomaly/datasets/VisA/macaroni2/Data/Masks/Anomaly/013.png,False,39.72744598388672
b215ef7749e71b9cb6e4e9fb,VisA,macaroni2,evaluation,source_fit,/root/private_data/iad-vlm-anomaly/datasets/VisA/macaroni2/Data/Images/Anomaly/014.JPG,1,VisA/macaroni2/Data/Images/Anomaly/014.JPG,1500,1000,tiny_only,1,1,0,/root/private_data/iad-vlm-anomaly/datasets/VisA/macaroni2/Data/Masks/Anomaly/014.png,False,39.72744598388672
9da86506405268facfc8f498,VisA,macaroni2,evaluation,source_fit,/root/private_data/iad-vlm-anomaly/datasets/VisA/macaroni2/Data/Images/Anomaly/015.JPG,1,VisA/macaroni2/Data/Images/Anomaly/015.JPG,1500,1000,tiny_only,1,1,0,/root/private_data/iad-vlm-anomaly/datasets/VisA/macaroni2/Data/Masks/Anomaly/015.png,False,39.72744598388672
26d6fd632bf434a131f6ec4e,VisA,macaroni2,evaluation,source_fit,/root/private_data/iad-vlm-anomaly/datasets/VisA/macaroni2/Data/Images/Anomaly/016.JPG,1,VisA/macaroni2/Data/Images/Anomaly/016.JPG,1500,1000,tiny_only,1,1,0,/root/private_data/iad-vlm-anomaly/datasets/VisA/macaroni2/Data/Masks/Anomaly/016.png,False,39.72744598388672
38adb42e111febc3aaefacba,VisA,macaroni2,evaluation,source_fit,/root/private_data/iad-vlm-anomaly/datasets/VisA/macaroni2/Data/Images/Anomaly/017.JPG,1,VisA/macaroni2/Data/Images/Anomaly/017.JPG,1500,1000,tiny_only,1,1,0,/root/private_data/iad-vlm-anomaly/datasets/VisA/macaroni2/Data/Masks/Anomaly/017.png,False,39.72744598388672
a347c980a564f328aebde63b,VisA,macaroni2,evaluation,source_fit,/root/private_data/iad-vlm-anomaly/datasets/VisA/macaroni2/Data/Images/Anomaly/018.JPG,1,VisA/macaroni2/Data/Images/Anomaly/018.JPG,1500,1000,tiny_only,1,1,0,/root/private_data/iad-vlm-anomaly/datasets/VisA/macaroni2/Data/Masks/Anomaly/018.png,False,39.72744598388672
74889680237c02d94022f094,VisA,macaroni2,evaluation,source_fit,/root/private_data/iad-vlm-anomaly/datasets/VisA/macaroni2/Data/Images/Anomaly/019.JPG,1,VisA/macaroni2/Data/Images/Anomaly/019.JPG,1500,1000,tiny_only,1,1,0,/root/private_data/iad-vlm-anomaly/datasets/VisA/macaroni2/Data/Masks/Anomaly/019.png,False,39.72744598388672
e3d133714c0f05814f496648,VisA,macaroni2,evaluation,source_fit,/root/private_data/iad-vlm-anomaly/datasets/VisA/macaroni2/Data/Images/Anomaly/020.JPG,1,VisA/macaroni2/Data/Images/Anomaly/020.JPG,1500,1000,tiny_only,1,1,0,/root/private_data/iad-vlm-anomaly/datasets/VisA/macaroni2/Data/Masks/Anomaly/020.png,False,39.72744598388672
37adcf1d496e402eae667b36,VisA,macaroni2,evaluation,source_fit,/root/private_data/iad-vlm-anomaly/datasets/VisA/macaroni2/Data/Images/Anomaly/021.JPG,1,VisA/macaroni2/Data/Images/Anomaly/021.JPG,1500,1000,tiny_only,1,1,0,/root/private_data/iad-vlm-anomaly/datasets/VisA/macaroni2/Data/Masks/Anomaly/021.png,False,39.72744598388672
77480b68d94b0c9f9f2bd72e,VisA,macaroni2,evaluation,source_fit,/root/private_data/iad-vlm-anomaly/datasets/VisA/macaroni2/Data/Images/Anomaly/022.JPG,1,VisA/macaroni2/Data/Images/Anomaly/022.JPG,1500,1000,tiny_only,1,1,0,/root/private_data/iad-vlm-anomaly/datasets/VisA/macaroni2/Data/Masks/Anomaly/022.png,False,39.72744598388672
b715236e21705c0f16885250,VisA,macaroni2,evaluation,source_fit,/root/private_data/iad-vlm-anomaly/datasets/VisA/macaroni2/Data/Images/Anomaly/023.JPG,1,VisA/macaroni2/Data/Images/Anomaly/023.JPG,1500,1000,tiny_only,1,1,0,/root/private_data/iad-vlm-anomaly/datasets/VisA/macaroni2/Data/Masks/Anomaly/023.png,False,39.72744598388672
3f4645ae574aa13ac1a18dd6,VisA,macaroni2,evaluation,source_fit,/root/private_data/iad-vlm-anomaly/datasets/VisA/macaroni2/Data/Images/Anomaly/024.JPG,1,VisA/macaroni2/Data/Images/Anomaly/024.JPG,1500,1000,tiny_only,1,1,0,/root/private_data/iad-vlm-anomaly/datasets/VisA/macaroni2/Data/Masks/Anomaly/024.png,False,39.72744598388672
2ca215e8e7ea31fa3a35a3cc,VisA,macaroni2,evaluation,source_fit,/root/private_data/iad-vlm-anomaly/datasets/VisA/macaroni2/Data/Images/Anomaly/025.JPG,1,VisA/macaroni2/Data/Images/Anomaly/025.JPG,1500,1000,tiny_only,1,1,0,/root/private_data/iad-vlm-anomaly/datasets/VisA/macaroni2/Data/Masks/Anomaly/025.png,False,39.72744598388672
260dc45bbc85f7b24f7f267c,VisA,macaroni2,evaluation,source_fit,/root/private_data/iad-vlm-anomaly/datasets/VisA/macaroni2/Data/Images/Anomaly/026.JPG,1,VisA/macaroni2/Data/Images/Anomaly/026.JPG,1500,1000,tiny_only,1,1,0,/root/private_data/iad-vlm-anomaly/datasets/VisA/macaroni2/Data/Masks/Anomaly/026.png,False,39.72744598388672
398c22d13c653f57cd601bfe,VisA,macaroni2,evaluation,source_fit,/root/private_data/iad-vlm-anomaly/datasets/VisA/macaroni2/Data/Images/Anomaly/027.JPG,1,VisA/macaroni2/Data/Images/Anomaly/027.JPG,1500,1000,tiny_only,1,1,0,/root/private_data/iad-vlm-anomaly/datasets/VisA/macaroni2/Data/Masks/Anomaly/027.png,False,39.72744598388672
e2b654828a5193f8b616f3bb,VisA,macaroni2,evaluation,source_fit,/root/private_data/iad-vlm-anomaly/datasets/VisA/macaroni2/Data/Images/Anomaly/028.JPG,1,VisA/macaroni2/Data/Images/Anomaly/028.JPG,1500,1000,tiny_only,1,1,0,/root/private_data/iad-vlm-anomaly/datasets/VisA/macaroni2/Data/Masks/Anomaly/028.png,False,39.72744598388672
1dea0ee12acb9c510e2cdd46,VisA,macaroni2,evaluation,source_fit,/root/private_data/iad-vlm-anomaly/datasets/VisA/macaroni2/Data/Images/Anomaly/029.JPG,1,VisA/macaroni2/Data/Images/Anomaly/029.JPG,1500,1000,tiny_only,1,1,0,/root/private_data/iad-vlm-anomaly/datasets/VisA/macaroni2/Data/Masks/Anomaly/029.png,False,39.72744598388672
89ddb9c1cd38234b74750970,VisA,macaroni2,evaluation,source_fit,/root/private_data/iad-vlm-anomaly/datasets/VisA/macaroni2/Data/Images/Anomaly/030.JPG,1,VisA/macaroni2/Data/Images/Anomaly/030.JPG,1500,1000,tiny_only,1,1,0,/root/private_data/iad-vlm-anomaly/datasets/VisA/macaroni2/Data/Masks/Anomaly/030.png,False,39.72744598388672
d79c739cfd0c7a8ddad5bb2b,VisA,macaroni2,evaluation,source_fit,/root/private_data/iad-vlm-anomaly/datasets/VisA/macaroni2/Data/Images/Anomaly/031.JPG,1,VisA/macaroni2/Data/Images/Anomaly/031.JPG,1500,1000,tiny_only,1,1,0,/root/private_data/iad-vlm-anomaly/datasets/VisA/macaroni2/Data/Masks/Anomaly/031.png,False,39.72744598388672
a9a764ece6fb7ca57e54752f,VisA,macaroni2,evaluation,source_fit,/root/private_data/iad-vlm-anomaly/datasets/VisA/macaroni2/Data/Images/Anomaly/032.JPG,1,VisA/macaroni2/Data/Images/Anomaly/032.JPG,1500,1000,tiny_only,1,1,0,/root/private_data/iad-vlm-anomaly/datasets/VisA/macaroni2/Data/Masks/Anomaly/032.png,False,39.72744598388672
a5e0aa291b7e878eb282bd94,VisA,macaroni2,evaluation,source_fit,/root/private_data/iad-vlm-anomaly/datasets/VisA/macaroni2/Data/Images/Anomaly/033.JPG,1,VisA/macaroni2/Data/Images/Anomaly/033.JPG,1500,1000,tiny_only,1,1,0,/root/private_data/iad-vlm-anomaly/datasets/VisA/macaroni2/Data/Masks/Anomaly/033.png,False,39.72744598388672
d4191d1b56f640d6a801911e,VisA,macaroni2,evaluation,source_fit,/root/private_data/iad-vlm-anomaly/datasets/VisA/macaroni2/Data/Images/Anomaly/034.JPG,1,VisA/macaroni2/Data/Images/Anomaly/034.JPG,1500,1000,tiny_only,1,1,0,/root/private_data/iad-vlm-anomaly/datasets/VisA/macaroni2/Data/Masks/Anomaly/034.png,False,39.72744598388672
7e8ffcd62777541ce5d7dcfe,VisA,macaroni2,evaluation,source_fit,/root/private_data/iad-vlm-anomaly/datasets/VisA/macaroni2/Data/Images/Anomaly/035.JPG,1,VisA/macaroni2/Data/Images/Anomaly/035.JPG,1500,1000,tiny_only,1,1,0,/root/private_data/iad-vlm-anomaly/datasets/VisA/macaroni2/Data/Masks/Anomaly/035.png,False,39.72744598388672
14947f4fbed997508681936b,VisA,macaroni2,evaluation,source_fit,/root/private_data/iad-vlm-anomaly/datasets/VisA/macaroni2/Data/Images/Anomaly/036.JPG,1,VisA/macaroni2/Data/Images/Anomaly/036.JPG,1500,1000,tiny_only,1,1,0,/root/private_data/iad-vlm-anomaly/datasets/VisA/macaroni2/Data/Masks/Anomaly/036.png,False,39.72744598388672
576ecdd2034b836ce755cc5a,VisA,macaroni2,evaluation,source_fit,/root/private_data/iad-vlm-anomaly/datasets/VisA/macaroni2/Data/Images/Anomaly/037.JPG,1,VisA/macaroni2/Data/Images/Anomaly/037.JPG,1500,1000,tiny_only,1,1,0,/root/private_data/iad-vlm-anomaly/datasets/VisA/macaroni2/Data/Masks/Anomaly/037.png,False,39.72744598388672
8248cbd34f6cce2df014846e,VisA,macaroni2,evaluation,source_fit,/root/private_data/iad-vlm-anomaly/datasets/VisA/macaroni2/Data/Images/Anomaly/038.JPG,1,VisA/macaroni2/Data/Images/Anomaly/038.JPG,1500,1000,tiny_only,1,1,0,/root/private_data/iad-vlm-anomaly/datasets/VisA/macaroni2/Data/Masks/Anomaly/038.png,False,39.72744598388672
a05c6cd02e90eae80a4d2f1c,VisA,macaroni2,evaluation,source_fit,/root/private_data/iad-vlm-anomaly/datasets/VisA/macaroni2/Data/Images/Anomaly/039.JPG,1,VisA/macaroni2/Data/Images/Anomaly/039.JPG,1500,1000,tiny_only,1,1,0,/root/private_data/iad-vlm-anomaly/datasets/VisA/macaroni2/Data/Masks/Anomaly/039.png,False,39.72744598388672
f1d17364deb292c99d749920,VisA,macaroni2,evaluation,source_fit,/root/private_data/iad-vlm-anomaly/datasets/VisA/macaroni2/Data/Images/Anomaly/040.JPG,1,VisA/macaroni2/Data/Images/Anomaly/040.JPG,1500,1000,tiny_only,1,1,0,/root/private_data/iad-vlm-anomaly/datasets/VisA/macaroni2/Data/Masks/Anomaly/040.png,False,39.72744598388672
b7e61b03528d51c88838e31c,VisA,macaroni2,evaluation,source_fit,/root/private_data/iad-vlm-anomaly/datasets/VisA/macaroni2/Data/Images/Anomaly/041.JPG,1,VisA/macaroni2/Data/Images/Anomaly/041.JPG,1500,1000,tiny_only,1,1,0,/root/private_data/iad-vlm-anomaly/datasets/VisA/macaroni2/Data/Masks/Anomaly/041.png,False,39.72744598388672
21b2c0a524a8bfb810c613c6,VisA,macaroni2,evaluation,source_fit,/root/private_data/iad-vlm-anomaly/datasets/VisA/macaroni2/Data/Images/Anomaly/042.JPG,1,VisA/macaroni2/Data/Images/Anomaly/042.JPG,1500,1000,tiny_only,1,1,0,/root/private_data/iad-vlm-anomaly/datasets/VisA/macaroni2/Data/Masks/Anomaly/042.png,False,39.72744598388672
f85176278608d1dceff94b4b,VisA,macaroni2,evaluation,source_fit,/root/private_data/iad-vlm-anomaly/datasets/VisA/macaroni2/Data/Images/Anomaly/043.JPG,1,VisA/macaroni2/Data/Images/Anomaly/043.JPG,1500,1000,tiny_only,1,1,0,/root/private_data/iad-vlm-anomaly/datasets/VisA/macaroni2/Data/Masks/Anomaly/043.png,False,39.72744598388672
d8767d99c1d4860e49c078b3,VisA,macaroni2,evaluation,source_fit,/root/private_data/iad-vlm-anomaly/datasets/VisA/macaroni2/Data/Images/Anomaly/044.JPG,1,VisA/macaroni2/Data/Images/Anomaly/044.JPG,1500,1000,tiny_only,1,1,0,/root/private_data/iad-vlm-anomaly/datasets/VisA/macaroni2/Data/Masks/Anomaly/044.png,False,39.72744598388672
0d589de7718ba1b4532880ec,VisA,macaroni2,evaluation,source_fit,/root/private_data/iad-vlm-anomaly/datasets/VisA/macaroni2/Data/Images/Anomaly/045.JPG,1,VisA/macaroni2/Data/Images/Anomaly/045.JPG,1500,1000,tiny_only,1,1,0,/root/private_data/iad-vlm-anomaly/datasets/VisA/macaroni2/Data/Masks/Anomaly/045.png,False,39.72744598388672
8911db1dabb5828791f3bdb1,VisA,macaroni2,evaluation,source_fit,/root/private_data/iad-vlm-anomaly/datasets/VisA/macaroni2/Data/Images/Anomaly/046.JPG,1,VisA/macaroni2/Data/Images/Anomaly/046.JPG,1500,1000,other_anomaly,1,0,0,/root/private_data/iad-vlm-anomaly/datasets/VisA/macaroni2/Data/Masks/Anomaly/046.png,False,39.72744598388672
bbac3c92a49a7df39fd013a2,VisA,macaroni2,evaluation,source_fit,/root/private_data/iad-vlm-anomaly/datasets/VisA/macaroni2/Data/Images/Anomaly/047.JPG,1,VisA/macaroni2/Data/Images/Anomaly/047.JPG,1500,1000,tiny_only,1,1,0,/root/private_data/iad-vlm-anomaly/datasets/VisA/macaroni2/Data/Masks/Anomaly/047.png,False,39.72744598388672
b2bfc2ce945399e86fa4d118,VisA,macaroni2,evaluation,source_fit,/root/private_data/iad-vlm-anomaly/datasets/VisA/macaroni2/Data/Images/Anomaly/048.JPG,1,VisA/macaroni2/Data/Images/Anomaly/048.JPG,1500,1000,other_anomaly,1,0,0,/root/private_data/iad-vlm-anomaly/datasets/VisA/macaroni2/Data/Masks/Anomaly/048.png,False,39.72744598388672
d535fdc73b7a40b73f50cba8,VisA,macaroni2,evaluation,source_fit,/root/private_data/iad-vlm-anomaly/datasets/VisA/macaroni2/Data/Images/Anomaly/049.JPG,1,VisA/macaroni2/Data/Images/Anomaly/049.JPG,1500,1000,other_anomaly,1,0,0,/root/private_data/iad-vlm-anomaly/datasets/VisA/macaroni2/Data/Masks/Anomaly/049.png,False,39.72744598388672
0d393af7221ca9197c2c5d73,VisA,macaroni2,evaluation,source_fit,/root/private_data/iad-vlm-anomaly/datasets/VisA/macaroni2/Data/Images/Anomaly/050.JPG,1,VisA/macaroni2/Data/Images/Anomaly/050.JPG,1500,1000,tiny_only,1,1,0,/root/private_data/iad-vlm-anomaly/datasets/VisA/macaroni2/Data/Masks/Anomaly/050.png,False,39.72744598388672
379fa23ea1bb36eb6d0acb95,VisA,macaroni2,evaluation,source_fit,/root/private_data/iad-vlm-anomaly/datasets/VisA/macaroni2/Data/Images/Anomaly/051.JPG,1,VisA/macaroni2/Data/Images/Anomaly/051.JPG,1500,1000,tiny_only,1,1,0,/root/private_data/iad-vlm-anomaly/datasets/VisA/macaroni2/Data/Masks/Anomaly/051.png,False,39.72744598388672
b86929d14e198629e6ab27c3,VisA,macaroni2,evaluation,source_fit,/root/private_data/iad-vlm-anomaly/datasets/VisA/macaroni2/Data/Images/Anomaly/052.JPG,1,VisA/macaroni2/Data/Images/Anomaly/052.JPG,1500,1000,other_anomaly,1,0,0,/root/private_data/iad-vlm-anomaly/datasets/VisA/macaroni2/Data/Masks/Anomaly/052.png,False,39.72744598388672
65d42137359fa24e0df540b1,VisA,macaroni2,evaluation,source_fit,/root/private_data/iad-vlm-anomaly/datasets/VisA/macaroni2/Data/Images/Anomaly/053.JPG,1,VisA/macaroni2/Data/Images/Anomaly/053.JPG,1500,1000,tiny_only,1,1,0,/root/private_data/iad-vlm-anomaly/datasets/VisA/macaroni2/Data/Masks/Anomaly/053.png,False,39.72744598388672
26eec54b18e8cba99626757c,VisA,macaroni2,evaluation,source_fit,/root/private_data/iad-vlm-anomaly/datasets/VisA/macaroni2/Data/Images/Anomaly/054.JPG,1,VisA/macaroni2/Data/Images/Anomaly/054.JPG,1500,1000,other_anomaly,1,0,0,/root/private_data/iad-vlm-anomaly/datasets/VisA/macaroni2/Data/Masks/Anomaly/054.png,False,39.72744598388672
243cf774d89a3f3be1a370ad,VisA,macaroni2,evaluation,source_fit,/root/private_data/iad-vlm-anomaly/datasets/VisA/macaroni2/Data/Images/Anomaly/055.JPG,1,VisA/macaroni2/Data/Images/Anomaly/055.JPG,1500,1000,tiny_only,1,1,0,/root/private_data/iad-vlm-anomaly/datasets/VisA/macaroni2/Data/Masks/Anomaly/055.png,False,39.72744598388672
b0850a01724998d12c702626,VisA,macaroni2,evaluation,source_fit,/root/private_data/iad-vlm-anomaly/datasets/VisA/macaroni2/Data/Images/Anomaly/056.JPG,1,VisA/macaroni2/Data/Images/Anomaly/056.JPG,1500,1000,tiny_only,1,1,0,/root/private_data/iad-vlm-anomaly/datasets/VisA/macaroni2/Data/Masks/Anomaly/056.png,False,39.72744598388672
3428f8693b2e18ca84800e9d,VisA,macaroni2,evaluation,source_fit,/root/private_data/iad-vlm-anomaly/datasets/VisA/macaroni2/Data/Images/Anomaly/057.JPG,1,VisA/macaroni2/Data/Images/Anomaly/057.JPG,1500,1000,other_anomaly,1,0,0,/root/private_data/iad-vlm-anomaly/datasets/VisA/macaroni2/Data/Masks/Anomaly/057.png,False,39.72744598388672
d2aa4f8570cfabc3225ef991,VisA,macaroni2,evaluation,source_fit,/root/private_data/iad-vlm-anomaly/datasets/VisA/macaroni2/Data/Images/Anomaly/058.JPG,1,VisA/macaroni2/Data/Images/Anomaly/058.JPG,1500,1000,other_anomaly,1,0,0,/root/private_data/iad-vlm-anomaly/datasets/VisA/macaroni2/Data/Masks/Anomaly/058.png,False,39.72744598388672
eae40d57f118ed32069bdd26,VisA,macaroni2,evaluation,source_fit,/root/private_data/iad-vlm-anomaly/datasets/VisA/macaroni2/Data/Images/Anomaly/059.JPG,1,VisA/macaroni2/Data/Images/Anomaly/059.JPG,1500,1000,tiny_only,1,1,0,/root/private_data/iad-vlm-anomaly/datasets/VisA/macaroni2/Data/Masks/Anomaly/059.png,False,39.72744598388672
74d31bb9848465744b6b502a,VisA,macaroni2,evaluation,source_fit,/root/private_data/iad-vlm-anomaly/datasets/VisA/macaroni2/Data/Images/Anomaly/060.JPG,1,VisA/macaroni2/Data/Images/Anomaly/060.JPG,1500,1000,other_anomaly,1,0,0,/root/private_data/iad-vlm-anomaly/datasets/VisA/macaroni2/Data/Masks/Anomaly/060.png,False,39.72744598388672
6e71b0a437d17eba07a7a7a4,VisA,macaroni2,evaluation,source_fit,/root/private_data/iad-vlm-anomaly/datasets/VisA/macaroni2/Data/Images/Anomaly/061.JPG,1,VisA/macaroni2/Data/Images/Anomaly/061.JPG,1500,1000,mixed_tiny,3,2,0,/root/private_data/iad-vlm-anomaly/datasets/VisA/macaroni2/Data/Masks/Anomaly/061.png,False,39.72744598388672
22fea48efc706041289e9a7b,VisA,macaroni2,evaluation,source_fit,/root/private_data/iad-vlm-anomaly/datasets/VisA/macaroni2/Data/Images/Anomaly/062.JPG,1,VisA/macaroni2/Data/Images/Anomaly/062.JPG,1500,1000,mixed_tiny,2,1,0,/root/private_data/iad-vlm-anomaly/datasets/VisA/macaroni2/Data/Masks/Anomaly/062.png,False,39.72744598388672
15fe0ec6952569c6d987e369,VisA,macaroni2,evaluation,source_fit,/root/private_data/iad-vlm-anomaly/datasets/VisA/macaroni2/Data/Images/Anomaly/063.JPG,1,VisA/macaroni2/Data/Images/Anomaly/063.JPG,1500,1000,tiny_only,1,1,0,/root/private_data/iad-vlm-anomaly/datasets/VisA/macaroni2/Data/Masks/Anomaly/063.png,False,39.72744598388672
6e319946b7cb0bbef87a6245,VisA,macaroni2,evaluation,source_fit,/root/private_data/iad-vlm-anomaly/datasets/VisA/macaroni2/Data/Images/Anomaly/064.JPG,1,VisA/macaroni2/Data/Images/Anomaly/064.JPG,1500,1000,tiny_only,1,1,0,/root/private_data/iad-vlm-anomaly/datasets/VisA/macaroni2/Data/Masks/Anomaly/064.png,False,39.72744598388672
bca9e17fdbb4da05ef608bb9,VisA,macaroni2,evaluation,source_fit,/root/private_data/iad-vlm-anomaly/datasets/VisA/macaroni2/Data/Images/Anomaly/065.JPG,1,VisA/macaroni2/Data/Images/Anomaly/065.JPG,1500,1000,tiny_only,2,2,0,/root/private_data/iad-vlm-anomaly/datasets/VisA/macaroni2/Data/Masks/Anomaly/065.png,False,39.72744598388672
cc1ee3abeee827425ec2c456,VisA,macaroni2,evaluation,source_fit,/root/private_data/iad-vlm-anomaly/datasets/VisA/macaroni2/Data/Images/Anomaly/066.JPG,1,VisA/macaroni2/Data/Images/Anomaly/066.JPG,1500,1000,other_anomaly,1,0,0,/root/private_data/iad-vlm-anomaly/datasets/VisA/macaroni2/Data/Masks/Anomaly/066.png,False,39.72744598388672
6008113371fb50d467d8cf5c,VisA,macaroni2,evaluation,source_fit,/root/private_data/iad-vlm-anomaly/datasets/VisA/macaroni2/Data/Images/Anomaly/067.JPG,1,VisA/macaroni2/Data/Images/Anomaly/067.JPG,1500,1000,tiny_only,24,24,0,/root/private_data/iad-vlm-anomaly/datasets/VisA/macaroni2/Data/Masks/Anomaly/067.png,False,39.72744598388672
66283ca0969bbb84dc6cfe06,VisA,macaroni2,evaluation,source_fit,/root/private_data/iad-vlm-anomaly/datasets/VisA/macaroni2/Data/Images/Anomaly/068.JPG,1,VisA/macaroni2/Data/Images/Anomaly/068.JPG,1500,1000,other_anomaly,1,0,0,/root/private_data/iad-vlm-anomaly/datasets/VisA/macaroni2/Data/Masks/Anomaly/068.png,False,39.72744598388672
3ca20c2162a9adab9d240819,VisA,macaroni2,evaluation,source_fit,/root/private_data/iad-vlm-anomaly/datasets/VisA/macaroni2/Data/Images/Anomaly/069.JPG,1,VisA/macaroni2/Data/Images/Anomaly/069.JPG,1500,1000,tiny_only,1,1,0,/root/private_data/iad-vlm-anomaly/datasets/VisA/macaroni2/Data/Masks/Anomaly/069.png,False,39.72744598388672
a68e74f6c39286379bdb618b,VisA,macaroni2,evaluation,source_fit,/root/private_data/iad-vlm-anomaly/datasets/VisA/macaroni2/Data/Images/Anomaly/070.JPG,1,VisA/macaroni2/Data/Images/Anomaly/070.JPG,1500,1000,thin_only,1,0,1,/root/private_data/iad-vlm-anomaly/datasets/VisA/macaroni2/Data/Masks/Anomaly/070.png,False,39.72744598388672
2d9695a99f4fdfb5f7fe0814,VisA,macaroni2,evaluation,source_fit,/root/private_data/iad-vlm-anomaly/datasets/VisA/macaroni2/Data/Images/Anomaly/071.JPG,1,VisA/macaroni2/Data/Images/Anomaly/071.JPG,1500,1000,thin_only,1,0,1,/root/private_data/iad-vlm-anomaly/datasets/VisA/macaroni2/Data/Masks/Anomaly/071.png,False,39.72744598388672
21cbc2dafd0b25d4fa7f8cd9,VisA,macaroni2,evaluation,source_fit,/root/private_data/iad-vlm-anomaly/datasets/VisA/macaroni2/Data/Images/Anomaly/072.JPG,1,VisA/macaroni2/Data/Images/Anomaly/072.JPG,1500,1000,tiny_only,51,51,0,/root/private_data/iad-vlm-anomaly/datasets/VisA/macaroni2/Data/Masks/Anomaly/072.png,False,39.72744598388672
de66bcee40cc4031e5eaa38a,VisA,macaroni2,evaluation,source_fit,/root/private_data/iad-vlm-anomaly/datasets/VisA/macaroni2/Data/Images/Anomaly/073.JPG,1,VisA/macaroni2/Data/Images/Anomaly/073.JPG,1500,1000,thin_only,1,0,1,/root/private_data/iad-vlm-anomaly/datasets/VisA/macaroni2/Data/Masks/Anomaly/073.png,False,39.72744598388672
9d5b78927cb437cce31ee393,VisA,macaroni2,evaluation,source_fit,/root/private_data/iad-vlm-anomaly/datasets/VisA/macaroni2/Data/Images/Anomaly/074.JPG,1,VisA/macaroni2/Data/Images/Anomaly/074.JPG,1500,1000,mixed_tiny,12,11,1,/root/private_data/iad-vlm-anomaly/datasets/VisA/macaroni2/Data/Masks/Anomaly/074.png,False,39.72744598388672
abd2cc4c976920cbddc44c3d,VisA,macaroni2,evaluation,source_fit,/root/private_data/iad-vlm-anomaly/datasets/VisA/macaroni2/Data/Images/Anomaly/075.JPG,1,VisA/macaroni2/Data/Images/Anomaly/075.JPG,1500,1000,thin_only,1,0,1,/root/private_data/iad-vlm-anomaly/datasets/VisA/macaroni2/Data/Masks/Anomaly/075.png,False,39.72744598388672
5d05d063e9d61804665f67a7,VisA,macaroni2,evaluation,source_fit,/root/private_data/iad-vlm-anomaly/datasets/VisA/macaroni2/Data/Images/Anomaly/076.JPG,1,VisA/macaroni2/Data/Images/Anomaly/076.JPG,1500,1000,mixed_tiny,2,1,1,/root/private_data/iad-vlm-anomaly/datasets/VisA/macaroni2/Data/Masks/Anomaly/076.png,False,39.72744598388672
a182f91d4187d68dae715f40,VisA,macaroni2,evaluation,source_fit,/root/private_data/iad-vlm-anomaly/datasets/VisA/macaroni2/Data/Images/Anomaly/077.JPG,1,VisA/macaroni2/Data/Images/Anomaly/077.JPG,1500,1000,mixed_tiny,22,21,0,/root/private_data/iad-vlm-anomaly/datasets/VisA/macaroni2/Data/Masks/Anomaly/077.png,False,39.72744598388672
b4eb10027246cf9f94854690,VisA,macaroni2,evaluation,source_fit,/root/private_data/iad-vlm-anomaly/datasets/VisA/macaroni2/Data/Images/Anomaly/078.JPG,1,VisA/macaroni2/Data/Images/Anomaly/078.JPG,1500,1000,mixed_tiny,2,1,1,/root/private_data/iad-vlm-anomaly/datasets/VisA/macaroni2/Data/Masks/Anomaly/078.png,False,39.72744598388672
dd4edc1e6dd864bcb8fa34b5,VisA,macaroni2,evaluation,source_fit,/root/private_data/iad-vlm-anomaly/datasets/VisA/macaroni2/Data/Images/Anomaly/079.JPG,1,VisA/macaroni2/Data/Images/Anomaly/079.JPG,1500,1000,mixed_tiny,3,2,1,/root/private_data/iad-vlm-anomaly/datasets/VisA/macaroni2/Data/Masks/Anomaly/079.png,False,39.72744598388672
bf7f49ab37ec49e2b3ec1cb7,VisA,macaroni2,evaluation,source_fit,/root/private_data/iad-vlm-anomaly/datasets/VisA/macaroni2/Data/Images/Anomaly/080.JPG,1,VisA/macaroni2/Data/Images/Anomaly/080.JPG,1500,1000,thin_only,1,0,1,/root/private_data/iad-vlm-anomaly/datasets/VisA/macaroni2/Data/Masks/Anomaly/080.png,False,39.72744598388672
5e7411eabc11c44764966a52,VisA,macaroni2,evaluation,source_fit,/root/private_data/iad-vlm-anomaly/datasets/VisA/macaroni2/Data/Images/Anomaly/081.JPG,1,VisA/macaroni2/Data/Images/Anomaly/081.JPG,1500,1000,thin_only,1,0,1,/root/private_data/iad-vlm-anomaly/datasets/VisA/macaroni2/Data/Masks/Anomaly/081.png,False,39.72744598388672
930961ee952b2753e5c2f2e4,VisA,macaroni2,evaluation,source_fit,/root/private_data/iad-vlm-anomaly/datasets/VisA/macaroni2/Data/Images/Anomaly/082.JPG,1,VisA/macaroni2/Data/Images/Anomaly/082.JPG,1500,1000,mixed_tiny,2,1,1,/root/private_data/iad-vlm-anomaly/datasets/VisA/macaroni2/Data/Masks/Anomaly/082.png,False,39.72744598388672
626d3cf021255d3a68499679,VisA,macaroni2,evaluation,source_fit,/root/private_data/iad-vlm-anomaly/datasets/VisA/macaroni2/Data/Images/Anomaly/083.JPG,1,VisA/macaroni2/Data/Images/Anomaly/083.JPG,1500,1000,mixed_tiny,5,4,0,/root/private_data/iad-vlm-anomaly/datasets/VisA/macaroni2/Data/Masks/Anomaly/083.png,False,39.72744598388672
652031ff416a3dde1a8e50d7,VisA,macaroni2,evaluation,source_fit,/root/private_data/iad-vlm-anomaly/datasets/VisA/macaroni2/Data/Images/Anomaly/084.JPG,1,VisA/macaroni2/Data/Images/Anomaly/084.JPG,1500,1000,thin_only,1,0,1,/root/private_data/iad-vlm-anomaly/datasets/VisA/macaroni2/Data/Masks/Anomaly/084.png,False,39.72744598388672
88d8ef3400369b5d4bfedaea,VisA,macaroni2,evaluation,source_fit,/root/private_data/iad-vlm-anomaly/datasets/VisA/macaroni2/Data/Images/Anomaly/085.JPG,1,VisA/macaroni2/Data/Images/Anomaly/085.JPG,1500,1000,tiny_only,7,7,0,/root/private_data/iad-vlm-anomaly/datasets/VisA/macaroni2/Data/Masks/Anomaly/085.png,False,39.72744598388672
80456b01901cdc1d20ba82c8,VisA,macaroni2,evaluation,source_fit,/root/private_data/iad-vlm-anomaly/datasets/VisA/macaroni2/Data/Images/Anomaly/086.JPG,1,VisA/macaroni2/Data/Images/Anomaly/086.JPG,1500,1000,mixed_tiny,4,3,1,/root/private_data/iad-vlm-anomaly/datasets/VisA/macaroni2/Data/Masks/Anomaly/086.png,False,39.72744598388672
c0a76fcded4285964ed51841,VisA,macaroni2,evaluation,source_fit,/root/private_data/iad-vlm-anomaly/datasets/VisA/macaroni2/Data/Images/Anomaly/087.JPG,1,VisA/macaroni2/Data/Images/Anomaly/087.JPG,1500,1000,tiny_only,9,9,0,/root/private_data/iad-vlm-anomaly/datasets/VisA/macaroni2/Data/Masks/Anomaly/087.png,False,39.72744598388672
4b036904c7b811b28bb4fa44,VisA,macaroni2,evaluation,source_fit,/root/private_data/iad-vlm-anomaly/datasets/VisA/macaroni2/Data/Images/Anomaly/088.JPG,1,VisA/macaroni2/Data/Images/Anomaly/088.JPG,1500,1000,tiny_only,7,7,0,/root/private_data/iad-vlm-anomaly/datasets/VisA/macaroni2/Data/Masks/Anomaly/088.png,False,39.72744598388672
ceaee2e842571126fc9e9988,VisA,macaroni2,evaluation,source_fit,/root/private_data/iad-vlm-anomaly/datasets/VisA/macaroni2/Data/Images/Anomaly/089.JPG,1,VisA/macaroni2/Data/Images/Anomaly/089.JPG,1500,1000,tiny_only,23,23,0,/root/private_data/iad-vlm-anomaly/datasets/VisA/macaroni2/Data/Masks/Anomaly/089.png,False,39.72744598388672
8ce78565de343dad369b1098,VisA,macaroni2,evaluation,source_fit,/root/private_data/iad-vlm-anomaly/datasets/VisA/macaroni2/Data/Images/Anomaly/090.JPG,1,VisA/macaroni2/Data/Images/Anomaly/090.JPG,1500,1000,mixed_tiny,7,6,1,/root/private_data/iad-vlm-anomaly/datasets/VisA/macaroni2/Data/Masks/Anomaly/090.png,False,39.72744598388672
da459dabcb47161c978b77d5,VisA,macaroni2,evaluation,source_fit,/root/private_data/iad-vlm-anomaly/datasets/VisA/macaroni2/Data/Images/Anomaly/091.JPG,1,VisA/macaroni2/Data/Images/Anomaly/091.JPG,1500,1000,mixed_tiny,13,12,1,/root/private_data/iad-vlm-anomaly/datasets/VisA/macaroni2/Data/Masks/Anomaly/091.png,False,39.72744598388672
8055987a8be0ec738d12db2d,VisA,macaroni2,evaluation,source_fit,/root/private_data/iad-vlm-anomaly/datasets/VisA/macaroni2/Data/Images/Anomaly/092.JPG,1,VisA/macaroni2/Data/Images/Anomaly/092.JPG,1500,1000,tiny_only,12,12,0,/root/private_data/iad-vlm-anomaly/datasets/VisA/macaroni2/Data/Masks/Anomaly/092.png,False,39.72744598388672
7b1a21bf83ad6a88ead37086,VisA,macaroni2,evaluation,source_fit,/root/private_data/iad-vlm-anomaly/datasets/VisA/macaroni2/Data/Images/Anomaly/093.JPG,1,VisA/macaroni2/Data/Images/Anomaly/093.JPG,1500,1000,mixed_tiny,8,7,1,/root/private_data/iad-vlm-anomaly/datasets/VisA/macaroni2/Data/Masks/Anomaly/093.png,False,39.72744598388672
a4ea2f7f8f34bb57d9bb8dba,VisA,macaroni2,evaluation,source_fit,/root/private_data/iad-vlm-anomaly/datasets/VisA/macaroni2/Data/Images/Anomaly/094.JPG,1,VisA/macaroni2/Data/Images/Anomaly/094.JPG,1500,1000,tiny_only,10,10,0,/root/private_data/iad-vlm-anomaly/datasets/VisA/macaroni2/Data/Masks/Anomaly/094.png,False,39.72744598388672
9297e2a5561e5cc51211a8a4,VisA,macaroni2,evaluation,source_fit,/root/private_data/iad-vlm-anomaly/datasets/VisA/macaroni2/Data/Images/Anomaly/095.JPG,1,VisA/macaroni2/Data/Images/Anomaly/095.JPG,1500,1000,tiny_only,8,8,0,/root/private_data/iad-vlm-anomaly/datasets/VisA/macaroni2/Data/Masks/Anomaly/095.png,False,39.72744598388672
699733d5d2d16aff08b0199d,VisA,macaroni2,evaluation,source_fit,/root/private_data/iad-vlm-anomaly/datasets/VisA/macaroni2/Data/Images/Anomaly/096.JPG,1,VisA/macaroni2/Data/Images/Anomaly/096.JPG,1500,1000,mixed_tiny,14,13,1,/root/private_data/iad-vlm-anomaly/datasets/VisA/macaroni2/Data/Masks/Anomaly/096.png,False,39.72744598388672
28485adba20bcc1631a8d377,VisA,macaroni2,evaluation,source_fit,/root/private_data/iad-vlm-anomaly/datasets/VisA/macaroni2/Data/Images/Anomaly/097.JPG,1,VisA/macaroni2/Data/Images/Anomaly/097.JPG,1500,1000,tiny_only,10,10,0,/root/private_data/iad-vlm-anomaly/datasets/VisA/macaroni2/Data/Masks/Anomaly/097.png,False,39.72744598388672
310376fc298561257b2f6ac1,VisA,macaroni2,evaluation,source_fit,/root/private_data/iad-vlm-anomaly/datasets/VisA/macaroni2/Data/Images/Anomaly/098.JPG,1,VisA/macaroni2/Data/Images/Anomaly/098.JPG,1500,1000,mixed_tiny,2,1,1,/root/private_data/iad-vlm-anomaly/datasets/VisA/macaroni2/Data/Masks/Anomaly/098.png,False,39.72744598388672
9bfbaa8b3543a070404c6402,VisA,macaroni2,evaluation,source_fit,/root/private_data/iad-vlm-anomaly/datasets/VisA/macaroni2/Data/Images/Anomaly/099.JPG,1,VisA/macaroni2/Data/Images/Anomaly/099.JPG,1500,1000,mixed_tiny,10,9,1,/root/private_data/iad-vlm-anomaly/datasets/VisA/macaroni2/Data/Masks/Anomaly/099.png,False,39.72744598388672
ba34b0e5a82437c978dd2c4d,VisA,pcb2,evaluation,source_fit,/root/private_data/iad-vlm-anomaly/datasets/VisA/pcb2/Data/Images/Normal/0107.JPG,0,VisA/pcb2/Data/Images/Normal/0107.JPG,1404,1070,normal,0,0,0,,False,37.9865644454956
8826e957d650cd38a0a2066a,VisA,pcb2,evaluation,source_fit,/root/private_data/iad-vlm-anomaly/datasets/VisA/pcb2/Data/Images/Normal/0484.JPG,0,VisA/pcb2/Data/Images/Normal/0484.JPG,1404,1070,normal,0,0,0,,False,37.9865644454956
a8c40bc88da010daad3fad02,VisA,pcb2,evaluation,source_fit,/root/private_data/iad-vlm-anomaly/datasets/VisA/pcb2/Data/Images/Normal/0690.JPG,0,VisA/pcb2/Data/Images/Normal/0690.JPG,1404,1070,normal,0,0,0,,False,37.9865644454956
e462bc80c56e663f56044b30,VisA,pcb2,evaluation,source_fit,/root/private_data/iad-vlm-anomaly/datasets/VisA/pcb2/Data/Images/Normal/0303.JPG,0,VisA/pcb2/Data/Images/Normal/0303.JPG,1404,1070,normal,0,0,0,,False,37.9865644454956
ed9e628ab67b6094d5e19bc4,VisA,pcb2,evaluation,source_fit,/root/private_data/iad-vlm-anomaly/datasets/VisA/pcb2/Data/Images/Normal/0237.JPG,0,VisA/pcb2/Data/Images/Normal/0237.JPG,1404,1070,normal,0,0,0,,False,37.9865644454956
52e6d8cc25705fa13e93c93a,VisA,pcb2,evaluation,source_fit,/root/private_data/iad-vlm-anomaly/datasets/VisA/pcb2/Data/Images/Normal/0394.JPG,0,VisA/pcb2/Data/Images/Normal/0394.JPG,1404,1070,normal,0,0,0,,False,37.9865644454956
1e89f8f09b48e7ae7efe5a72,VisA,pcb2,evaluation,source_fit,/root/private_data/iad-vlm-anomaly/datasets/VisA/pcb2/Data/Images/Normal/0214.JPG,0,VisA/pcb2/Data/Images/Normal/0214.JPG,1404,1070,normal,0,0,0,,False,37.9865644454956
3806d1e3ed87a3939aaa8b78,VisA,pcb2,evaluation,source_fit,/root/private_data/iad-vlm-anomaly/datasets/VisA/pcb2/Data/Images/Normal/0986.JPG,0,VisA/pcb2/Data/Images/Normal/0986.JPG,1404,1070,normal,0,0,0,,False,37.9865644454956
0043f160068eb5a09420a18c,VisA,pcb2,evaluation,source_fit,/root/private_data/iad-vlm-anomaly/datasets/VisA/pcb2/Data/Images/Normal/0657.JPG,0,VisA/pcb2/Data/Images/Normal/0657.JPG,1404,1070,normal,0,0,0,,False,37.9865644454956
4811889971e6c4b4e68adab6,VisA,pcb2,evaluation,source_fit,/root/private_data/iad-vlm-anomaly/datasets/VisA/pcb2/Data/Images/Normal/0377.JPG,0,VisA/pcb2/Data/Images/Normal/0377.JPG,1404,1070,normal,0,0,0,,False,37.9865644454956
dc8b8c825979219c2b976912,VisA,pcb2,evaluation,source_fit,/root/private_data/iad-vlm-anomaly/datasets/VisA/pcb2/Data/Images/Normal/0659.JPG,0,VisA/pcb2/Data/Images/Normal/0659.JPG,1404,1070,normal,0,0,0,,False,37.9865644454956
2034cdea012f878d4583fdec,VisA,pcb2,evaluation,source_fit,/root/private_data/iad-vlm-anomaly/datasets/VisA/pcb2/Data/Images/Normal/0514.JPG,0,VisA/pcb2/Data/Images/Normal/0514.JPG,1404,1070,normal,0,0,0,,False,37.9865644454956
0c9fd90f15cae099872a5c55,VisA,pcb2,evaluation,source_fit,/root/private_data/iad-vlm-anomaly/datasets/VisA/pcb2/Data/Images/Normal/0617.JPG,0,VisA/pcb2/Data/Images/Normal/0617.JPG,1404,1070,normal,0,0,0,,False,37.9865644454956
89db9e94b579861c70f3ff6d,VisA,pcb2,evaluation,source_fit,/root/private_data/iad-vlm-anomaly/datasets/VisA/pcb2/Data/Images/Normal/0725.JPG,0,VisA/pcb2/Data/Images/Normal/0725.JPG,1404,1070,normal,0,0,0,,False,37.9865644454956
6eac6232db1cf69389032b5f,VisA,pcb2,evaluation,source_fit,/root/private_data/iad-vlm-anomaly/datasets/VisA/pcb2/Data/Images/Normal/0172.JPG,0,VisA/pcb2/Data/Images/Normal/0172.JPG,1404,1070,normal,0,0,0,,False,37.9865644454956
6340d38f026ae0dc5592b0d0,VisA,pcb2,evaluation,source_fit,/root/private_data/iad-vlm-anomaly/datasets/VisA/pcb2/Data/Images/Normal/0997.JPG,0,VisA/pcb2/Data/Images/Normal/0997.JPG,1404,1070,normal,0,0,0,,False,37.9865644454956
533d6a6d4804f7c7554f5024,VisA,pcb2,evaluation,source_fit,/root/private_data/iad-vlm-anomaly/datasets/VisA/pcb2/Data/Images/Normal/0483.JPG,0,VisA/pcb2/Data/Images/Normal/0483.JPG,1404,1070,normal,0,0,0,,False,37.9865644454956
2c48acb2ed19a2050e991dfe,VisA,pcb2,evaluation,source_fit,/root/private_data/iad-vlm-anomaly/datasets/VisA/pcb2/Data/Images/Normal/0654.JPG,0,VisA/pcb2/Data/Images/Normal/0654.JPG,1404,1070,normal,0,0,0,,False,37.9865644454956
4514a0f38695bbc7232e8d7c,VisA,pcb2,evaluation,source_fit,/root/private_data/iad-vlm-anomaly/datasets/VisA/pcb2/Data/Images/Normal/0400.JPG,0,VisA/pcb2/Data/Images/Normal/0400.JPG,1404,1070,normal,0,0,0,,False,37.9865644454956
c05f5d705b556b4622e08caf,VisA,pcb2,evaluation,source_fit,/root/private_data/iad-vlm-anomaly/datasets/VisA/pcb2/Data/Images/Normal/0469.JPG,0,VisA/pcb2/Data/Images/Normal/0469.JPG,1404,1070,normal,0,0,0,,False,37.9865644454956
1ce29bfeaf2d32681988d2e8,VisA,pcb2,evaluation,source_fit,/root/private_data/iad-vlm-anomaly/datasets/VisA/pcb2/Data/Images/Normal/0525.JPG,0,VisA/pcb2/Data/Images/Normal/0525.JPG,1404,1070,normal,0,0,0,,False,37.9865644454956
995c387397a32e7b9c20e5d8,VisA,pcb2,evaluation,source_fit,/root/private_data/iad-vlm-anomaly/datasets/VisA/pcb2/Data/Images/Normal/0170.JPG,0,VisA/pcb2/Data/Images/Normal/0170.JPG,1404,1070,normal,0,0,0,,False,37.9865644454956
b8f0e0febd4a9334f5037dee,VisA,pcb2,evaluation,source_fit,/root/private_data/iad-vlm-anomaly/datasets/VisA/pcb2/Data/Images/Normal/0631.JPG,0,VisA/pcb2/Data/Images/Normal/0631.JPG,1404,1070,normal,0,0,0,,False,37.9865644454956
c7d15b9d68a41bfb50c7f1c2,VisA,pcb2,evaluation,source_fit,/root/private_data/iad-vlm-anomaly/datasets/VisA/pcb2/Data/Images/Normal/0685.JPG,0,VisA/pcb2/Data/Images/Normal/0685.JPG,1404,1070,normal,0,0,0,,False,37.9865644454956
a1dec8717366c386fe7f6c02,VisA,pcb2,evaluation,source_fit,/root/private_data/iad-vlm-anomaly/datasets/VisA/pcb2/Data/Images/Normal/0320.JPG,0,VisA/pcb2/Data/Images/Normal/0320.JPG,1404,1070,normal,0,0,0,,False,37.9865644454956
b75e572b5fcccacf1c7a4778,VisA,pcb2,evaluation,source_fit,/root/private_data/iad-vlm-anomaly/datasets/VisA/pcb2/Data/Images/Normal/0869.JPG,0,VisA/pcb2/Data/Images/Normal/0869.JPG,1404,1070,normal,0,0,0,,False,37.9865644454956
4e37ab90cf82b7479ed93cb2,VisA,pcb2,evaluation,source_fit,/root/private_data/iad-vlm-anomaly/datasets/VisA/pcb2/Data/Images/Normal/0423.JPG,0,VisA/pcb2/Data/Images/Normal/0423.JPG,1404,1070,normal,0,0,0,,False,37.9865644454956
b3d28df22c7be6b7b38d571a,VisA,pcb2,evaluation,source_fit,/root/private_data/iad-vlm-anomaly/datasets/VisA/pcb2/Data/Images/Normal/0417.JPG,0,VisA/pcb2/Data/Images/Normal/0417.JPG,1404,1070,normal,0,0,0,,False,37.9865644454956
7df8bef9af6f3c502deffc53,VisA,pcb2,evaluation,source_fit,/root/private_data/iad-vlm-anomaly/datasets/VisA/pcb2/Data/Images/Normal/0751.JPG,0,VisA/pcb2/Data/Images/Normal/0751.JPG,1404,1070,normal,0,0,0,,False,37.9865644454956
330518a2822d4706b2b13b9b,VisA,pcb2,evaluation,source_fit,/root/private_data/iad-vlm-anomaly/datasets/VisA/pcb2/Data/Images/Normal/0764.JPG,0,VisA/pcb2/Data/Images/Normal/0764.JPG,1404,1070,normal,0,0,0,,True,37.9865644454956
b37f12e30f91df2ea6589046,VisA,pcb2,evaluation,source_fit,/root/private_data/iad-vlm-anomaly/datasets/VisA/pcb2/Data/Images/Normal/0968.JPG,0,VisA/pcb2/Data/Images/Normal/0968.JPG,1404,1070,normal,0,0,0,,False,37.9865644454956
3f05b5758b90f9952024f33c,VisA,pcb2,evaluation,source_fit,/root/private_data/iad-vlm-anomaly/datasets/VisA/pcb2/Data/Images/Normal/0730.JPG,0,VisA/pcb2/Data/Images/Normal/0730.JPG,1404,1070,normal,0,0,0,,False,37.9865644454956
04304d7b1002f4e8647efce6,VisA,pcb2,evaluation,source_fit,/root/private_data/iad-vlm-anomaly/datasets/VisA/pcb2/Data/Images/Normal/0306.JPG,0,VisA/pcb2/Data/Images/Normal/0306.JPG,1404,1070,normal,0,0,0,,False,37.9865644454956
565dc63184ca13923263ec1b,VisA,pcb2,evaluation,source_fit,/root/private_data/iad-vlm-anomaly/datasets/VisA/pcb2/Data/Images/Normal/0011.JPG,0,VisA/pcb2/Data/Images/Normal/0011.JPG,1404,1070,normal,0,0,0,,True,37.9865644454956
1b3b155ce025d33f33447719,VisA,pcb2,evaluation,source_fit,/root/private_data/iad-vlm-anomaly/datasets/VisA/pcb2/Data/Images/Normal/0215.JPG,0,VisA/pcb2/Data/Images/Normal/0215.JPG,1404,1070,normal,0,0,0,,False,37.9865644454956
29fe32a6caa180e3f7411e00,VisA,pcb2,evaluation,source_fit,/root/private_data/iad-vlm-anomaly/datasets/VisA/pcb2/Data/Images/Normal/0159.JPG,0,VisA/pcb2/Data/Images/Normal/0159.JPG,1404,1070,normal,0,0,0,,False,37.9865644454956
855890624a7eb1719341b2c9,VisA,pcb2,evaluation,source_fit,/root/private_data/iad-vlm-anomaly/datasets/VisA/pcb2/Data/Images/Normal/0629.JPG,0,VisA/pcb2/Data/Images/Normal/0629.JPG,1404,1070,normal,0,0,0,,False,37.9865644454956
258d26e58bb9ac580dfa9a5e,VisA,pcb2,evaluation,source_fit,/root/private_data/iad-vlm-anomaly/datasets/VisA/pcb2/Data/Images/Normal/0694.JPG,0,VisA/pcb2/Data/Images/Normal/0694.JPG,1404,1070,normal,0,0,0,,False,37.9865644454956
de1261a4aa6d2857e59cf93e,VisA,pcb2,evaluation,source_fit,/root/private_data/iad-vlm-anomaly/datasets/VisA/pcb2/Data/Images/Normal/0518.JPG,0,VisA/pcb2/Data/Images/Normal/0518.JPG,1404,1070,normal,0,0,0,,False,37.9865644454956
893858cfd24e0e489f100f4d,VisA,pcb2,evaluation,source_fit,/root/private_data/iad-vlm-anomaly/datasets/VisA/pcb2/Data/Images/Normal/0940.JPG,0,VisA/pcb2/Data/Images/Normal/0940.JPG,1404,1070,normal,0,0,0,,False,37.9865644454956
ea13e3141c57996d05ca6617,VisA,pcb2,evaluation,source_fit,/root/private_data/iad-vlm-anomaly/datasets/VisA/pcb2/Data/Images/Normal/0026.JPG,0,VisA/pcb2/Data/Images/Normal/0026.JPG,1404,1070,normal,0,0,0,,False,37.9865644454956
be1e18d23a50e340985eff2a,VisA,pcb2,evaluation,source_fit,/root/private_data/iad-vlm-anomaly/datasets/VisA/pcb2/Data/Images/Normal/0844.JPG,0,VisA/pcb2/Data/Images/Normal/0844.JPG,1404,1070,normal,0,0,0,,False,37.9865644454956
0f3fcb53b32e04766a5fcbcd,VisA,pcb2,evaluation,source_fit,/root/private_data/iad-vlm-anomaly/datasets/VisA/pcb2/Data/Images/Normal/0954.JPG,0,VisA/pcb2/Data/Images/Normal/0954.JPG,1404,1070,normal,0,0,0,,False,37.9865644454956
45e729ee5732726e00ba4128,VisA,pcb2,evaluation,source_fit,/root/private_data/iad-vlm-anomaly/datasets/VisA/pcb2/Data/Images/Normal/0900.JPG,0,VisA/pcb2/Data/Images/Normal/0900.JPG,1404,1070,normal,0,0,0,,False,37.9865644454956
41fc3e456450643e87a5bfb4,VisA,pcb2,evaluation,source_fit,/root/private_data/iad-vlm-anomaly/datasets/VisA/pcb2/Data/Images/Normal/0402.JPG,0,VisA/pcb2/Data/Images/Normal/0402.JPG,1404,1070,normal,0,0,0,,False,37.9865644454956
521ae23eef80d9dd5c535c03,VisA,pcb2,evaluation,source_fit,/root/private_data/iad-vlm-anomaly/datasets/VisA/pcb2/Data/Images/Normal/0621.JPG,0,VisA/pcb2/Data/Images/Normal/0621.JPG,1404,1070,normal,0,0,0,,False,37.9865644454956
98fcc6c0f5f9d6ab1253ae5b,VisA,pcb2,evaluation,source_fit,/root/private_data/iad-vlm-anomaly/datasets/VisA/pcb2/Data/Images/Normal/0294.JPG,0,VisA/pcb2/Data/Images/Normal/0294.JPG,1404,1070,normal,0,0,0,,False,37.9865644454956
7b2a661d4bc03810c26ed1e1,VisA,pcb2,evaluation,source_fit,/root/private_data/iad-vlm-anomaly/datasets/VisA/pcb2/Data/Images/Normal/0016.JPG,0,VisA/pcb2/Data/Images/Normal/0016.JPG,1404,1070,normal,0,0,0,,False,37.9865644454956
31319c2edc009de416c2dbc5,VisA,pcb2,evaluation,source_fit,/root/private_data/iad-vlm-anomaly/datasets/VisA/pcb2/Data/Images/Normal/0046.JPG,0,VisA/pcb2/Data/Images/Normal/0046.JPG,1404,1070,normal,0,0,0,,False,37.9865644454956
fc8325e935edbc2b2277f0f3,VisA,pcb2,evaluation,source_fit,/root/private_data/iad-vlm-anomaly/datasets/VisA/pcb2/Data/Images/Normal/0705.JPG,0,VisA/pcb2/Data/Images/Normal/0705.JPG,1404,1070,normal,0,0,0,,False,37.9865644454956
22079e0a617255e9a819daa1,VisA,pcb2,evaluation,source_fit,/root/private_data/iad-vlm-anomaly/datasets/VisA/pcb2/Data/Images/Normal/0208.JPG,0,VisA/pcb2/Data/Images/Normal/0208.JPG,1404,1070,normal,0,0,0,,False,37.9865644454956
62e922cf0c48b441aba9c0b8,VisA,pcb2,evaluation,source_fit,/root/private_data/iad-vlm-anomaly/datasets/VisA/pcb2/Data/Images/Normal/0674.JPG,0,VisA/pcb2/Data/Images/Normal/0674.JPG,1404,1070,normal,0,0,0,,False,37.9865644454956
058b8f36da98efd54556c35e,VisA,pcb2,evaluation,source_fit,/root/private_data/iad-vlm-anomaly/datasets/VisA/pcb2/Data/Images/Normal/0427.JPG,0,VisA/pcb2/Data/Images/Normal/0427.JPG,1404,1070,normal,0,0,0,,False,37.9865644454956
e0d4d13b2e9fd335e2d592bf,VisA,pcb2,evaluation,source_fit,/root/private_data/iad-vlm-anomaly/datasets/VisA/pcb2/Data/Images/Normal/0552.JPG,0,VisA/pcb2/Data/Images/Normal/0552.JPG,1404,1070,normal,0,0,0,,False,37.9865644454956
09e2e2bca87650ec39207400,VisA,pcb2,evaluation,source_fit,/root/private_data/iad-vlm-anomaly/datasets/VisA/pcb2/Data/Images/Normal/0804.JPG,0,VisA/pcb2/Data/Images/Normal/0804.JPG,1404,1070,normal,0,0,0,,False,37.9865644454956
05ec8ecb9391c17d882a581c,VisA,pcb2,evaluation,source_fit,/root/private_data/iad-vlm-anomaly/datasets/VisA/pcb2/Data/Images/Normal/0333.JPG,0,VisA/pcb2/Data/Images/Normal/0333.JPG,1404,1070,normal,0,0,0,,False,37.9865644454956
7866d19f82a8dbd2db3f6299,VisA,pcb2,evaluation,source_fit,/root/private_data/iad-vlm-anomaly/datasets/VisA/pcb2/Data/Images/Normal/0027.JPG,0,VisA/pcb2/Data/Images/Normal/0027.JPG,1404,1070,normal,0,0,0,,False,37.9865644454956
2d16634cf6ebccfe00de24eb,VisA,pcb2,evaluation,source_fit,/root/private_data/iad-vlm-anomaly/datasets/VisA/pcb2/Data/Images/Normal/0100.JPG,0,VisA/pcb2/Data/Images/Normal/0100.JPG,1404,1070,normal,0,0,0,,False,37.9865644454956
63eff4ec2ea81e620e204ecf,VisA,pcb2,evaluation,source_fit,/root/private_data/iad-vlm-anomaly/datasets/VisA/pcb2/Data/Images/Normal/0800.JPG,0,VisA/pcb2/Data/Images/Normal/0800.JPG,1404,1070,normal,0,0,0,,False,37.9865644454956
143fedb0342ac0b13a1b6316,VisA,pcb2,evaluation,source_fit,/root/private_data/iad-vlm-anomaly/datasets/VisA/pcb2/Data/Images/Normal/0923.JPG,0,VisA/pcb2/Data/Images/Normal/0923.JPG,1404,1070,normal,0,0,0,,False,37.9865644454956
6a223f31caa79bb46374aa93,VisA,pcb2,evaluation,source_fit,/root/private_data/iad-vlm-anomaly/datasets/VisA/pcb2/Data/Images/Normal/0755.JPG,0,VisA/pcb2/Data/Images/Normal/0755.JPG,1404,1070,normal,0,0,0,,False,37.9865644454956
224b4293ccfd7e0d2470c220,VisA,pcb2,evaluation,source_fit,/root/private_data/iad-vlm-anomaly/datasets/VisA/pcb2/Data/Images/Normal/0013.JPG,0,VisA/pcb2/Data/Images/Normal/0013.JPG,1404,1070,normal,0,0,0,,True,37.9865644454956
67b7085715b2aefa16a4946d,VisA,pcb2,evaluation,source_fit,/root/private_data/iad-vlm-anomaly/datasets/VisA/pcb2/Data/Images/Normal/0297.JPG,0,VisA/pcb2/Data/Images/Normal/0297.JPG,1404,1070,normal,0,0,0,,False,37.9865644454956
da446c52dfb32c983fa5f6e2,VisA,pcb2,evaluation,source_fit,/root/private_data/iad-vlm-anomaly/datasets/VisA/pcb2/Data/Images/Normal/0768.JPG,0,VisA/pcb2/Data/Images/Normal/0768.JPG,1404,1070,normal,0,0,0,,False,37.9865644454956
87ce66b9c70bf5719b7cb314,VisA,pcb2,evaluation,source_fit,/root/private_data/iad-vlm-anomaly/datasets/VisA/pcb2/Data/Images/Normal/0457.JPG,0,VisA/pcb2/Data/Images/Normal/0457.JPG,1404,1070,normal,0,0,0,,False,37.9865644454956
447aee10c687a4a89f8451c5,VisA,pcb2,evaluation,source_fit,/root/private_data/iad-vlm-anomaly/datasets/VisA/pcb2/Data/Images/Normal/0520.JPG,0,VisA/pcb2/Data/Images/Normal/0520.JPG,1404,1070,normal,0,0,0,,False,37.9865644454956
b6ecc79ae9e795bdd453f1e4,VisA,pcb2,evaluation,source_fit,/root/private_data/iad-vlm-anomaly/datasets/VisA/pcb2/Data/Images/Normal/0952.JPG,0,VisA/pcb2/Data/Images/Normal/0952.JPG,1404,1070,normal,0,0,0,,True,37.9865644454956
bfaef7c70aa976a1630e9543,VisA,pcb2,evaluation,source_fit,/root/private_data/iad-vlm-anomaly/datasets/VisA/pcb2/Data/Images/Normal/0871.JPG,0,VisA/pcb2/Data/Images/Normal/0871.JPG,1404,1070,normal,0,0,0,,False,37.9865644454956
5aae4b6756f58f6d4f3cb4ba,VisA,pcb2,evaluation,source_fit,/root/private_data/iad-vlm-anomaly/datasets/VisA/pcb2/Data/Images/Normal/0811.JPG,0,VisA/pcb2/Data/Images/Normal/0811.JPG,1404,1070,normal,0,0,0,,False,37.9865644454956
b63757ca9f693879eefc2a56,VisA,pcb2,evaluation,source_fit,/root/private_data/iad-vlm-anomaly/datasets/VisA/pcb2/Data/Images/Normal/0174.JPG,0,VisA/pcb2/Data/Images/Normal/0174.JPG,1404,1070,normal,0,0,0,,False,37.9865644454956
0ae1380158a04dc16067fdea,VisA,pcb2,evaluation,source_fit,/root/private_data/iad-vlm-anomaly/datasets/VisA/pcb2/Data/Images/Normal/0648.JPG,0,VisA/pcb2/Data/Images/Normal/0648.JPG,1404,1070,normal,0,0,0,,False,37.9865644454956
cb55367a4fb82042d97b9768,VisA,pcb2,evaluation,source_fit,/root/private_data/iad-vlm-anomaly/datasets/VisA/pcb2/Data/Images/Normal/0261.JPG,0,VisA/pcb2/Data/Images/Normal/0261.JPG,1404,1070,normal,0,0,0,,False,37.9865644454956
b700fef6748f2ca922501100,VisA,pcb2,evaluation,source_fit,/root/private_data/iad-vlm-anomaly/datasets/VisA/pcb2/Data/Images/Normal/0784.JPG,0,VisA/pcb2/Data/Images/Normal/0784.JPG,1404,1070,normal,0,0,0,,False,37.9865644454956
9726685f5a482d2ada538a01,VisA,pcb2,evaluation,source_fit,/root/private_data/iad-vlm-anomaly/datasets/VisA/pcb2/Data/Images/Normal/0935.JPG,0,VisA/pcb2/Data/Images/Normal/0935.JPG,1404,1070,normal,0,0,0,,False,37.9865644454956
6a855131c4603895fa33332b,VisA,pcb2,evaluation,source_fit,/root/private_data/iad-vlm-anomaly/datasets/VisA/pcb2/Data/Images/Normal/0286.JPG,0,VisA/pcb2/Data/Images/Normal/0286.JPG,1404,1070,normal,0,0,0,,False,37.9865644454956
91529aaa2b5f2e3163358f18,VisA,pcb2,evaluation,source_fit,/root/private_data/iad-vlm-anomaly/datasets/VisA/pcb2/Data/Images/Normal/0779.JPG,0,VisA/pcb2/Data/Images/Normal/0779.JPG,1404,1070,normal,0,0,0,,False,37.9865644454956
90d39ebe20fb5e776e3acbaa,VisA,pcb2,evaluation,source_fit,/root/private_data/iad-vlm-anomaly/datasets/VisA/pcb2/Data/Images/Normal/0363.JPG,0,VisA/pcb2/Data/Images/Normal/0363.JPG,1404,1070,normal,0,0,0,,False,37.9865644454956
81fcedac4fe97bbc8303ac91,VisA,pcb2,evaluation,source_fit,/root/private_data/iad-vlm-anomaly/datasets/VisA/pcb2/Data/Images/Normal/0619.JPG,0,VisA/pcb2/Data/Images/Normal/0619.JPG,1404,1070,normal,0,0,0,,False,37.9865644454956
185f26a76325221337c2c1ee,VisA,pcb2,evaluation,source_fit,/root/private_data/iad-vlm-anomaly/datasets/VisA/pcb2/Data/Images/Normal/0024.JPG,0,VisA/pcb2/Data/Images/Normal/0024.JPG,1404,1070,normal,0,0,0,,True,37.9865644454956
ecb97538b9b8bb6b843f2f6e,VisA,pcb2,evaluation,source_fit,/root/private_data/iad-vlm-anomaly/datasets/VisA/pcb2/Data/Images/Normal/0735.JPG,0,VisA/pcb2/Data/Images/Normal/0735.JPG,1404,1070,normal,0,0,0,,False,37.9865644454956
b02694d4f2e93e3b97a88c33,VisA,pcb2,evaluation,source_fit,/root/private_data/iad-vlm-anomaly/datasets/VisA/pcb2/Data/Images/Normal/0688.JPG,0,VisA/pcb2/Data/Images/Normal/0688.JPG,1404,1070,normal,0,0,0,,False,37.9865644454956
d44d841a48fb30c8d123e666,VisA,pcb2,evaluation,source_fit,/root/private_data/iad-vlm-anomaly/datasets/VisA/pcb2/Data/Images/Normal/0796.JPG,0,VisA/pcb2/Data/Images/Normal/0796.JPG,1404,1070,normal,0,0,0,,False,37.9865644454956
5228cf9dae763723ea82b6ba,VisA,pcb2,evaluation,source_fit,/root/private_data/iad-vlm-anomaly/datasets/VisA/pcb2/Data/Images/Normal/0178.JPG,0,VisA/pcb2/Data/Images/Normal/0178.JPG,1404,1070,normal,0,0,0,,False,37.9865644454956
db24cc88cba37b8399b70b31,VisA,pcb2,evaluation,source_fit,/root/private_data/iad-vlm-anomaly/datasets/VisA/pcb2/Data/Images/Normal/0797.JPG,0,VisA/pcb2/Data/Images/Normal/0797.JPG,1404,1070,normal,0,0,0,,False,37.9865644454956
c693c3f3c082a56311af0ccb,VisA,pcb2,evaluation,source_fit,/root/private_data/iad-vlm-anomaly/datasets/VisA/pcb2/Data/Images/Normal/0920.JPG,0,VisA/pcb2/Data/Images/Normal/0920.JPG,1404,1070,normal,0,0,0,,False,37.9865644454956
af5b1e7c35833b942280ea47,VisA,pcb2,evaluation,source_fit,/root/private_data/iad-vlm-anomaly/datasets/VisA/pcb2/Data/Images/Normal/0479.JPG,0,VisA/pcb2/Data/Images/Normal/0479.JPG,1404,1070,normal,0,0,0,,True,37.9865644454956
007dd0e22dd86be207fc7d90,VisA,pcb2,evaluation,source_fit,/root/private_data/iad-vlm-anomaly/datasets/VisA/pcb2/Data/Images/Normal/0684.JPG,0,VisA/pcb2/Data/Images/Normal/0684.JPG,1404,1070,normal,0,0,0,,False,37.9865644454956
a9efc77de43acab4f98d6ac5,VisA,pcb2,evaluation,source_fit,/root/private_data/iad-vlm-anomaly/datasets/VisA/pcb2/Data/Images/Normal/0739.JPG,0,VisA/pcb2/Data/Images/Normal/0739.JPG,1404,1070,normal,0,0,0,,False,37.9865644454956
6fdf24774d86dd530faa8812,VisA,pcb2,evaluation,source_fit,/root/private_data/iad-vlm-anomaly/datasets/VisA/pcb2/Data/Images/Normal/0569.JPG,0,VisA/pcb2/Data/Images/Normal/0569.JPG,1404,1070,normal,0,0,0,,False,37.9865644454956
d7f429c88b3074401445b7dd,VisA,pcb2,evaluation,source_fit,/root/private_data/iad-vlm-anomaly/datasets/VisA/pcb2/Data/Images/Normal/0196.JPG,0,VisA/pcb2/Data/Images/Normal/0196.JPG,1404,1070,normal,0,0,0,,False,37.9865644454956
cc9cd68b128089ea5db831bd,VisA,pcb2,evaluation,source_fit,/root/private_data/iad-vlm-anomaly/datasets/VisA/pcb2/Data/Images/Normal/0892.JPG,0,VisA/pcb2/Data/Images/Normal/0892.JPG,1404,1070,normal,0,0,0,,False,37.9865644454956
b17c61128d2f2cdff9bdeb32,VisA,pcb2,evaluation,source_fit,/root/private_data/iad-vlm-anomaly/datasets/VisA/pcb2/Data/Images/Normal/0964.JPG,0,VisA/pcb2/Data/Images/Normal/0964.JPG,1404,1070,normal,0,0,0,,False,37.9865644454956
ec677796fb77e7aabe8a688b,VisA,pcb2,evaluation,source_fit,/root/private_data/iad-vlm-anomaly/datasets/VisA/pcb2/Data/Images/Normal/0187.JPG,0,VisA/pcb2/Data/Images/Normal/0187.JPG,1404,1070,normal,0,0,0,,False,37.9865644454956
a3677c4e5e6e0329a34190bd,VisA,pcb2,evaluation,source_fit,/root/private_data/iad-vlm-anomaly/datasets/VisA/pcb2/Data/Images/Normal/0488.JPG,0,VisA/pcb2/Data/Images/Normal/0488.JPG,1404,1070,normal,0,0,0,,False,37.9865644454956
230daa2a70435f314b40c5c8,VisA,pcb2,evaluation,source_fit,/root/private_data/iad-vlm-anomaly/datasets/VisA/pcb2/Data/Images/Normal/0994.JPG,0,VisA/pcb2/Data/Images/Normal/0994.JPG,1404,1070,normal,0,0,0,,False,37.9865644454956
72f94a321d1b0f8df2f10901,VisA,pcb2,evaluation,source_fit,/root/private_data/iad-vlm-anomaly/datasets/VisA/pcb2/Data/Images/Normal/0545.JPG,0,VisA/pcb2/Data/Images/Normal/0545.JPG,1404,1070,normal,0,0,0,,False,37.9865644454956
557aef73bba69df9a5eecf08,VisA,pcb2,evaluation,source_fit,/root/private_data/iad-vlm-anomaly/datasets/VisA/pcb2/Data/Images/Normal/0615.JPG,0,VisA/pcb2/Data/Images/Normal/0615.JPG,1404,1070,normal,0,0,0,,False,37.9865644454956
572283945470c54ea7963474,VisA,pcb2,evaluation,source_fit,/root/private_data/iad-vlm-anomaly/datasets/VisA/pcb2/Data/Images/Normal/0974.JPG,0,VisA/pcb2/Data/Images/Normal/0974.JPG,1404,1070,normal,0,0,0,,False,37.9865644454956
b6856620e4338e04753b122a,VisA,pcb2,evaluation,source_fit,/root/private_data/iad-vlm-anomaly/datasets/VisA/pcb2/Data/Images/Normal/0490.JPG,0,VisA/pcb2/Data/Images/Normal/0490.JPG,1404,1070,normal,0,0,0,,False,37.9865644454956
3fbf4037cb36554dd6bc46a0,VisA,pcb2,evaluation,source_fit,/root/private_data/iad-vlm-anomaly/datasets/VisA/pcb2/Data/Images/Normal/0168.JPG,0,VisA/pcb2/Data/Images/Normal/0168.JPG,1404,1070,normal,0,0,0,,False,37.9865644454956
785ab307e32681ec6061b1ad,VisA,pcb2,evaluation,source_fit,/root/private_data/iad-vlm-anomaly/datasets/VisA/pcb2/Data/Images/Anomaly/000.JPG,1,VisA/pcb2/Data/Images/Anomaly/000.JPG,1404,1070,other_anomaly,1,0,0,/root/private_data/iad-vlm-anomaly/datasets/VisA/pcb2/Data/Masks/Anomaly/000.png,False,37.9865644454956
628387340d1a6acdb1c9cfb8,VisA,pcb2,evaluation,source_fit,/root/private_data/iad-vlm-anomaly/datasets/VisA/pcb2/Data/Images/Anomaly/001.JPG,1,VisA/pcb2/Data/Images/Anomaly/001.JPG,1404,1070,mixed_tiny,2,1,0,/root/private_data/iad-vlm-anomaly/datasets/VisA/pcb2/Data/Masks/Anomaly/001.png,False,37.9865644454956
483f148fc75c8678fab89bb4,VisA,pcb2,evaluation,source_fit,/root/private_data/iad-vlm-anomaly/datasets/VisA/pcb2/Data/Images/Anomaly/002.JPG,1,VisA/pcb2/Data/Images/Anomaly/002.JPG,1404,1070,other_anomaly,1,0,0,/root/private_data/iad-vlm-anomaly/datasets/VisA/pcb2/Data/Masks/Anomaly/002.png,False,37.9865644454956
235b228ca68afd7f5ba618d2,VisA,pcb2,evaluation,source_fit,/root/private_data/iad-vlm-anomaly/datasets/VisA/pcb2/Data/Images/Anomaly/003.JPG,1,VisA/pcb2/Data/Images/Anomaly/003.JPG,1404,1070,other_anomaly,2,0,0,/root/private_data/iad-vlm-anomaly/datasets/VisA/pcb2/Data/Masks/Anomaly/003.png,False,37.9865644454956
75a5838a6d051b79a9684558,VisA,pcb2,evaluation,source_fit,/root/private_data/iad-vlm-anomaly/datasets/VisA/pcb2/Data/Images/Anomaly/004.JPG,1,VisA/pcb2/Data/Images/Anomaly/004.JPG,1404,1070,mixed_tiny,3,2,0,/root/private_data/iad-vlm-anomaly/datasets/VisA/pcb2/Data/Masks/Anomaly/004.png,False,37.9865644454956
e6cc72556acfea6bdc4af38a,VisA,pcb2,evaluation,source_fit,/root/private_data/iad-vlm-anomaly/datasets/VisA/pcb2/Data/Images/Anomaly/005.JPG,1,VisA/pcb2/Data/Images/Anomaly/005.JPG,1404,1070,other_anomaly,2,0,0,/root/private_data/iad-vlm-anomaly/datasets/VisA/pcb2/Data/Masks/Anomaly/005.png,False,37.9865644454956
f3f49db511a77f3f8bae01fa,VisA,pcb2,evaluation,source_fit,/root/private_data/iad-vlm-anomaly/datasets/VisA/pcb2/Data/Images/Anomaly/006.JPG,1,VisA/pcb2/Data/Images/Anomaly/006.JPG,1404,1070,mixed_tiny,5,3,0,/root/private_data/iad-vlm-anomaly/datasets/VisA/pcb2/Data/Masks/Anomaly/006.png,False,37.9865644454956
9cc4e91c8188d17a460ae54d,VisA,pcb2,evaluation,source_fit,/root/private_data/iad-vlm-anomaly/datasets/VisA/pcb2/Data/Images/Anomaly/007.JPG,1,VisA/pcb2/Data/Images/Anomaly/007.JPG,1404,1070,other_anomaly,1,0,0,/root/private_data/iad-vlm-anomaly/datasets/VisA/pcb2/Data/Masks/Anomaly/007.png,False,37.9865644454956
34b654a1dca527cd5f37709f,VisA,pcb2,evaluation,source_fit,/root/private_data/iad-vlm-anomaly/datasets/VisA/pcb2/Data/Images/Anomaly/008.JPG,1,VisA/pcb2/Data/Images/Anomaly/008.JPG,1404,1070,other_anomaly,1,0,0,/root/private_data/iad-vlm-anomaly/datasets/VisA/pcb2/Data/Masks/Anomaly/008.png,False,37.9865644454956
49bb6414f376f55f9dfed75a,VisA,pcb2,evaluation,source_fit,/root/private_data/iad-vlm-anomaly/datasets/VisA/pcb2/Data/Images/Anomaly/009.JPG,1,VisA/pcb2/Data/Images/Anomaly/009.JPG,1404,1070,other_anomaly,2,0,0,/root/private_data/iad-vlm-anomaly/datasets/VisA/pcb2/Data/Masks/Anomaly/009.png,False,37.9865644454956
8fac390667fd5e96d54f7365,VisA,pcb2,evaluation,source_fit,/root/private_data/iad-vlm-anomaly/datasets/VisA/pcb2/Data/Images/Anomaly/010.JPG,1,VisA/pcb2/Data/Images/Anomaly/010.JPG,1404,1070,mixed_tiny,3,2,0,/root/private_data/iad-vlm-anomaly/datasets/VisA/pcb2/Data/Masks/Anomaly/010.png,False,37.9865644454956
a15cc8af2dae04ebbcd5c355,VisA,pcb2,evaluation,source_fit,/root/private_data/iad-vlm-anomaly/datasets/VisA/pcb2/Data/Images/Anomaly/011.JPG,1,VisA/pcb2/Data/Images/Anomaly/011.JPG,1404,1070,other_anomaly,3,0,0,/root/private_data/iad-vlm-anomaly/datasets/VisA/pcb2/Data/Masks/Anomaly/011.png,False,37.9865644454956
2c6d7c05b7b6a314e07d03bc,VisA,pcb2,evaluation,source_fit,/root/private_data/iad-vlm-anomaly/datasets/VisA/pcb2/Data/Images/Anomaly/012.JPG,1,VisA/pcb2/Data/Images/Anomaly/012.JPG,1404,1070,other_anomaly,1,0,0,/root/private_data/iad-vlm-anomaly/datasets/VisA/pcb2/Data/Masks/Anomaly/012.png,False,37.9865644454956
45835dece90eca01ae528c98,VisA,pcb2,evaluation,source_fit,/root/private_data/iad-vlm-anomaly/datasets/VisA/pcb2/Data/Images/Anomaly/013.JPG,1,VisA/pcb2/Data/Images/Anomaly/013.JPG,1404,1070,other_anomaly,4,0,0,/root/private_data/iad-vlm-anomaly/datasets/VisA/pcb2/Data/Masks/Anomaly/013.png,False,37.9865644454956
be1b9150631085938abac877,VisA,pcb2,evaluation,source_fit,/root/private_data/iad-vlm-anomaly/datasets/VisA/pcb2/Data/Images/Anomaly/014.JPG,1,VisA/pcb2/Data/Images/Anomaly/014.JPG,1404,1070,other_anomaly,2,0,0,/root/private_data/iad-vlm-anomaly/datasets/VisA/pcb2/Data/Masks/Anomaly/014.png,False,37.9865644454956
1da24f7dc6e05ac42a2e436a,VisA,pcb2,evaluation,source_fit,/root/private_data/iad-vlm-anomaly/datasets/VisA/pcb2/Data/Images/Anomaly/015.JPG,1,VisA/pcb2/Data/Images/Anomaly/015.JPG,1404,1070,mixed_tiny,2,1,0,/root/private_data/iad-vlm-anomaly/datasets/VisA/pcb2/Data/Masks/Anomaly/015.png,False,37.9865644454956
b0dbfa0887ba168b245c9f5b,VisA,pcb2,evaluation,source_fit,/root/private_data/iad-vlm-anomaly/datasets/VisA/pcb2/Data/Images/Anomaly/016.JPG,1,VisA/pcb2/Data/Images/Anomaly/016.JPG,1404,1070,other_anomaly,1,0,0,/root/private_data/iad-vlm-anomaly/datasets/VisA/pcb2/Data/Masks/Anomaly/016.png,False,37.9865644454956
320c443c643128d0f13cbd13,VisA,pcb2,evaluation,source_fit,/root/private_data/iad-vlm-anomaly/datasets/VisA/pcb2/Data/Images/Anomaly/017.JPG,1,VisA/pcb2/Data/Images/Anomaly/017.JPG,1404,1070,other_anomaly,1,0,0,/root/private_data/iad-vlm-anomaly/datasets/VisA/pcb2/Data/Masks/Anomaly/017.png,False,37.9865644454956
64922825f529b3488defd830,VisA,pcb2,evaluation,source_fit,/root/private_data/iad-vlm-anomaly/datasets/VisA/pcb2/Data/Images/Anomaly/018.JPG,1,VisA/pcb2/Data/Images/Anomaly/018.JPG,1404,1070,mixed_tiny,2,1,0,/root/private_data/iad-vlm-anomaly/datasets/VisA/pcb2/Data/Masks/Anomaly/018.png,False,37.9865644454956
44e8a317d17ba03d731c70e9,VisA,pcb2,evaluation,source_fit,/root/private_data/iad-vlm-anomaly/datasets/VisA/pcb2/Data/Images/Anomaly/019.JPG,1,VisA/pcb2/Data/Images/Anomaly/019.JPG,1404,1070,mixed_tiny,3,2,0,/root/private_data/iad-vlm-anomaly/datasets/VisA/pcb2/Data/Masks/Anomaly/019.png,False,37.9865644454956
d8de5fa5354169f39de7d6d0,VisA,pcb2,evaluation,source_fit,/root/private_data/iad-vlm-anomaly/datasets/VisA/pcb2/Data/Images/Anomaly/020.JPG,1,VisA/pcb2/Data/Images/Anomaly/020.JPG,1404,1070,other_anomaly,1,0,0,/root/private_data/iad-vlm-anomaly/datasets/VisA/pcb2/Data/Masks/Anomaly/020.png,False,37.9865644454956
58896642a6f3987d7f1143f5,VisA,pcb2,evaluation,source_fit,/root/private_data/iad-vlm-anomaly/datasets/VisA/pcb2/Data/Images/Anomaly/021.JPG,1,VisA/pcb2/Data/Images/Anomaly/021.JPG,1404,1070,mixed_tiny,5,4,0,/root/private_data/iad-vlm-anomaly/datasets/VisA/pcb2/Data/Masks/Anomaly/021.png,False,37.9865644454956
e26b913937c2f4a11d007da4,VisA,pcb2,evaluation,source_fit,/root/private_data/iad-vlm-anomaly/datasets/VisA/pcb2/Data/Images/Anomaly/022.JPG,1,VisA/pcb2/Data/Images/Anomaly/022.JPG,1404,1070,other_anomaly,1,0,0,/root/private_data/iad-vlm-anomaly/datasets/VisA/pcb2/Data/Masks/Anomaly/022.png,False,37.9865644454956
2727cab027a82fb59ff47289,VisA,pcb2,evaluation,source_fit,/root/private_data/iad-vlm-anomaly/datasets/VisA/pcb2/Data/Images/Anomaly/023.JPG,1,VisA/pcb2/Data/Images/Anomaly/023.JPG,1404,1070,mixed_tiny,3,1,0,/root/private_data/iad-vlm-anomaly/datasets/VisA/pcb2/Data/Masks/Anomaly/023.png,False,37.9865644454956
6fdb7f891ca8919f0898fcd1,VisA,pcb2,evaluation,source_fit,/root/private_data/iad-vlm-anomaly/datasets/VisA/pcb2/Data/Images/Anomaly/024.JPG,1,VisA/pcb2/Data/Images/Anomaly/024.JPG,1404,1070,mixed_tiny,3,2,0,/root/private_data/iad-vlm-anomaly/datasets/VisA/pcb2/Data/Masks/Anomaly/024.png,False,37.9865644454956
73fc18451c00b691448763c1,VisA,pcb2,evaluation,source_fit,/root/private_data/iad-vlm-anomaly/datasets/VisA/pcb2/Data/Images/Anomaly/025.JPG,1,VisA/pcb2/Data/Images/Anomaly/025.JPG,1404,1070,mixed_tiny,2,1,0,/root/private_data/iad-vlm-anomaly/datasets/VisA/pcb2/Data/Masks/Anomaly/025.png,False,37.9865644454956
faf71a290ac9d8c0d6bf4424,VisA,pcb2,evaluation,source_fit,/root/private_data/iad-vlm-anomaly/datasets/VisA/pcb2/Data/Images/Anomaly/026.JPG,1,VisA/pcb2/Data/Images/Anomaly/026.JPG,1404,1070,mixed_tiny,4,3,0,/root/private_data/iad-vlm-anomaly/datasets/VisA/pcb2/Data/Masks/Anomaly/026.png,False,37.9865644454956
b19543d0edfdd53b19e85ff8,VisA,pcb2,evaluation,source_fit,/root/private_data/iad-vlm-anomaly/datasets/VisA/pcb2/Data/Images/Anomaly/027.JPG,1,VisA/pcb2/Data/Images/Anomaly/027.JPG,1404,1070,other_anomaly,1,0,0,/root/private_data/iad-vlm-anomaly/datasets/VisA/pcb2/Data/Masks/Anomaly/027.png,False,37.9865644454956
592c6eaa6aadd46ac503d739,VisA,pcb2,evaluation,source_fit,/root/private_data/iad-vlm-anomaly/datasets/VisA/pcb2/Data/Images/Anomaly/028.JPG,1,VisA/pcb2/Data/Images/Anomaly/028.JPG,1404,1070,mixed_tiny,2,1,0,/root/private_data/iad-vlm-anomaly/datasets/VisA/pcb2/Data/Masks/Anomaly/028.png,False,37.9865644454956
017154c854febdf67bcc4cd3,VisA,pcb2,evaluation,source_fit,/root/private_data/iad-vlm-anomaly/datasets/VisA/pcb2/Data/Images/Anomaly/029.JPG,1,VisA/pcb2/Data/Images/Anomaly/029.JPG,1404,1070,other_anomaly,1,0,0,/root/private_data/iad-vlm-anomaly/datasets/VisA/pcb2/Data/Masks/Anomaly/029.png,False,37.9865644454956
fc0211f53eb8a3eb1fa5941b,VisA,pcb2,evaluation,source_fit,/root/private_data/iad-vlm-anomaly/datasets/VisA/pcb2/Data/Images/Anomaly/030.JPG,1,VisA/pcb2/Data/Images/Anomaly/030.JPG,1404,1070,mixed_tiny,3,2,0,/root/private_data/iad-vlm-anomaly/datasets/VisA/pcb2/Data/Masks/Anomaly/030.png,False,37.9865644454956
467b73b06b77bb4318220828,VisA,pcb2,evaluation,source_fit,/root/private_data/iad-vlm-anomaly/datasets/VisA/pcb2/Data/Images/Anomaly/031.JPG,1,VisA/pcb2/Data/Images/Anomaly/031.JPG,1404,1070,mixed_tiny,4,3,0,/root/private_data/iad-vlm-anomaly/datasets/VisA/pcb2/Data/Masks/Anomaly/031.png,False,37.9865644454956
cc08af32cf19a56d899bcf9a,VisA,pcb2,evaluation,source_fit,/root/private_data/iad-vlm-anomaly/datasets/VisA/pcb2/Data/Images/Anomaly/032.JPG,1,VisA/pcb2/Data/Images/Anomaly/032.JPG,1404,1070,mixed_tiny,2,1,0,/root/private_data/iad-vlm-anomaly/datasets/VisA/pcb2/Data/Masks/Anomaly/032.png,False,37.9865644454956
c7ae6b358d344ed02f059979,VisA,pcb2,evaluation,source_fit,/root/private_data/iad-vlm-anomaly/datasets/VisA/pcb2/Data/Images/Anomaly/033.JPG,1,VisA/pcb2/Data/Images/Anomaly/033.JPG,1404,1070,mixed_tiny,2,1,0,/root/private_data/iad-vlm-anomaly/datasets/VisA/pcb2/Data/Masks/Anomaly/033.png,False,37.9865644454956
d5d38247b3750584b90e5c29,VisA,pcb2,evaluation,source_fit,/root/private_data/iad-vlm-anomaly/datasets/VisA/pcb2/Data/Images/Anomaly/034.JPG,1,VisA/pcb2/Data/Images/Anomaly/034.JPG,1404,1070,mixed_tiny,3,2,0,/root/private_data/iad-vlm-anomaly/datasets/VisA/pcb2/Data/Masks/Anomaly/034.png,False,37.9865644454956
2ea061e8a06eade2f04c6203,VisA,pcb2,evaluation,source_fit,/root/private_data/iad-vlm-anomaly/datasets/VisA/pcb2/Data/Images/Anomaly/035.JPG,1,VisA/pcb2/Data/Images/Anomaly/035.JPG,1404,1070,other_anomaly,1,0,0,/root/private_data/iad-vlm-anomaly/datasets/VisA/pcb2/Data/Masks/Anomaly/035.png,False,37.9865644454956
ea80968873d9da594441c2d7,VisA,pcb2,evaluation,source_fit,/root/private_data/iad-vlm-anomaly/datasets/VisA/pcb2/Data/Images/Anomaly/036.JPG,1,VisA/pcb2/Data/Images/Anomaly/036.JPG,1404,1070,mixed_tiny,2,1,0,/root/private_data/iad-vlm-anomaly/datasets/VisA/pcb2/Data/Masks/Anomaly/036.png,False,37.9865644454956
ba63aa941366b93f0ebaeca2,VisA,pcb2,evaluation,source_fit,/root/private_data/iad-vlm-anomaly/datasets/VisA/pcb2/Data/Images/Anomaly/037.JPG,1,VisA/pcb2/Data/Images/Anomaly/037.JPG,1404,1070,mixed_tiny,6,3,2,/root/private_data/iad-vlm-anomaly/datasets/VisA/pcb2/Data/Masks/Anomaly/037.png,False,37.9865644454956
05a260a03941e14c4b7fa404,VisA,pcb2,evaluation,source_fit,/root/private_data/iad-vlm-anomaly/datasets/VisA/pcb2/Data/Images/Anomaly/038.JPG,1,VisA/pcb2/Data/Images/Anomaly/038.JPG,1404,1070,mixed_tiny,3,2,0,/root/private_data/iad-vlm-anomaly/datasets/VisA/pcb2/Data/Masks/Anomaly/038.png,False,37.9865644454956
40288d3216a8b6e9f3ff6f84,VisA,pcb2,evaluation,source_fit,/root/private_data/iad-vlm-anomaly/datasets/VisA/pcb2/Data/Images/Anomaly/039.JPG,1,VisA/pcb2/Data/Images/Anomaly/039.JPG,1404,1070,mixed_tiny,2,1,0,/root/private_data/iad-vlm-anomaly/datasets/VisA/pcb2/Data/Masks/Anomaly/039.png,False,37.9865644454956
23604140fec2eef8bd39e1b5,VisA,pcb2,evaluation,source_fit,/root/private_data/iad-vlm-anomaly/datasets/VisA/pcb2/Data/Images/Anomaly/040.JPG,1,VisA/pcb2/Data/Images/Anomaly/040.JPG,1404,1070,mixed_tiny,10,9,0,/root/private_data/iad-vlm-anomaly/datasets/VisA/pcb2/Data/Masks/Anomaly/040.png,False,37.9865644454956
bd71e15273755fea66216dfa,VisA,pcb2,evaluation,source_fit,/root/private_data/iad-vlm-anomaly/datasets/VisA/pcb2/Data/Images/Anomaly/041.JPG,1,VisA/pcb2/Data/Images/Anomaly/041.JPG,1404,1070,other_anomaly,1,0,0,/root/private_data/iad-vlm-anomaly/datasets/VisA/pcb2/Data/Masks/Anomaly/041.png,False,37.9865644454956
feb3e41656025da3bc354582,VisA,pcb2,evaluation,source_fit,/root/private_data/iad-vlm-anomaly/datasets/VisA/pcb2/Data/Images/Anomaly/042.JPG,1,VisA/pcb2/Data/Images/Anomaly/042.JPG,1404,1070,mixed_tiny,2,1,0,/root/private_data/iad-vlm-anomaly/datasets/VisA/pcb2/Data/Masks/Anomaly/042.png,False,37.9865644454956
55f1898177a830b5e12abe3d,VisA,pcb2,evaluation,source_fit,/root/private_data/iad-vlm-anomaly/datasets/VisA/pcb2/Data/Images/Anomaly/043.JPG,1,VisA/pcb2/Data/Images/Anomaly/043.JPG,1404,1070,mixed_tiny,10,6,0,/root/private_data/iad-vlm-anomaly/datasets/VisA/pcb2/Data/Masks/Anomaly/043.png,False,37.9865644454956
0396aae0e8543b910447f326,VisA,pcb2,evaluation,source_fit,/root/private_data/iad-vlm-anomaly/datasets/VisA/pcb2/Data/Images/Anomaly/044.JPG,1,VisA/pcb2/Data/Images/Anomaly/044.JPG,1404,1070,mixed_tiny,6,4,0,/root/private_data/iad-vlm-anomaly/datasets/VisA/pcb2/Data/Masks/Anomaly/044.png,False,37.9865644454956
d0055a1c157529b0573e9797,VisA,pcb2,evaluation,source_fit,/root/private_data/iad-vlm-anomaly/datasets/VisA/pcb2/Data/Images/Anomaly/045.JPG,1,VisA/pcb2/Data/Images/Anomaly/045.JPG,1404,1070,tiny_only,12,12,0,/root/private_data/iad-vlm-anomaly/datasets/VisA/pcb2/Data/Masks/Anomaly/045.png,False,37.9865644454956
11474c54f7e82004a4d08d3d,VisA,pcb2,evaluation,source_fit,/root/private_data/iad-vlm-anomaly/datasets/VisA/pcb2/Data/Images/Anomaly/046.JPG,1,VisA/pcb2/Data/Images/Anomaly/046.JPG,1404,1070,mixed_tiny,20,18,0,/root/private_data/iad-vlm-anomaly/datasets/VisA/pcb2/Data/Masks/Anomaly/046.png,False,37.9865644454956
e96e226b798c2f75f8be448b,VisA,pcb2,evaluation,source_fit,/root/private_data/iad-vlm-anomaly/datasets/VisA/pcb2/Data/Images/Anomaly/047.JPG,1,VisA/pcb2/Data/Images/Anomaly/047.JPG,1404,1070,tiny_only,4,4,0,/root/private_data/iad-vlm-anomaly/datasets/VisA/pcb2/Data/Masks/Anomaly/047.png,False,37.9865644454956
843bca24abf251865e56ed56,VisA,pcb2,evaluation,source_fit,/root/private_data/iad-vlm-anomaly/datasets/VisA/pcb2/Data/Images/Anomaly/048.JPG,1,VisA/pcb2/Data/Images/Anomaly/048.JPG,1404,1070,mixed_tiny,11,5,2,/root/private_data/iad-vlm-anomaly/datasets/VisA/pcb2/Data/Masks/Anomaly/048.png,False,37.9865644454956
c838acdc59364f0ae0139747,VisA,pcb2,evaluation,source_fit,/root/private_data/iad-vlm-anomaly/datasets/VisA/pcb2/Data/Images/Anomaly/049.JPG,1,VisA/pcb2/Data/Images/Anomaly/049.JPG,1404,1070,other_anomaly,2,0,0,/root/private_data/iad-vlm-anomaly/datasets/VisA/pcb2/Data/Masks/Anomaly/049.png,False,37.9865644454956
9a426de3fe539d30129fb6e1,VisA,pcb2,evaluation,source_fit,/root/private_data/iad-vlm-anomaly/datasets/VisA/pcb2/Data/Images/Anomaly/050.JPG,1,VisA/pcb2/Data/Images/Anomaly/050.JPG,1404,1070,other_anomaly,1,0,0,/root/private_data/iad-vlm-anomaly/datasets/VisA/pcb2/Data/Masks/Anomaly/050.png,False,37.9865644454956
50b92309c855312aa506352e,VisA,pcb2,evaluation,source_fit,/root/private_data/iad-vlm-anomaly/datasets/VisA/pcb2/Data/Images/Anomaly/051.JPG,1,VisA/pcb2/Data/Images/Anomaly/051.JPG,1404,1070,tiny_only,4,4,0,/root/private_data/iad-vlm-anomaly/datasets/VisA/pcb2/Data/Masks/Anomaly/051.png,False,37.9865644454956
b883a7338b6052eac5107f56,VisA,pcb2,evaluation,source_fit,/root/private_data/iad-vlm-anomaly/datasets/VisA/pcb2/Data/Images/Anomaly/052.JPG,1,VisA/pcb2/Data/Images/Anomaly/052.JPG,1404,1070,other_anomaly,4,0,0,/root/private_data/iad-vlm-anomaly/datasets/VisA/pcb2/Data/Masks/Anomaly/052.png,False,37.9865644454956
e4861796e2e4468e0112e833,VisA,pcb2,evaluation,source_fit,/root/private_data/iad-vlm-anomaly/datasets/VisA/pcb2/Data/Images/Anomaly/053.JPG,1,VisA/pcb2/Data/Images/Anomaly/053.JPG,1404,1070,tiny_only,2,2,0,/root/private_data/iad-vlm-anomaly/datasets/VisA/pcb2/Data/Masks/Anomaly/053.png,False,37.9865644454956
cd68690ce790f663ed5457f7,VisA,pcb2,evaluation,source_fit,/root/private_data/iad-vlm-anomaly/datasets/VisA/pcb2/Data/Images/Anomaly/054.JPG,1,VisA/pcb2/Data/Images/Anomaly/054.JPG,1404,1070,other_anomaly,3,0,0,/root/private_data/iad-vlm-anomaly/datasets/VisA/pcb2/Data/Masks/Anomaly/054.png,False,37.9865644454956
2fa5078aab210427dc187c96,VisA,pcb2,evaluation,source_fit,/root/private_data/iad-vlm-anomaly/datasets/VisA/pcb2/Data/Images/Anomaly/055.JPG,1,VisA/pcb2/Data/Images/Anomaly/055.JPG,1404,1070,tiny_only,2,2,0,/root/private_data/iad-vlm-anomaly/datasets/VisA/pcb2/Data/Masks/Anomaly/055.png,False,37.9865644454956
d343c2a2cbca687849a3010d,VisA,pcb2,evaluation,source_fit,/root/private_data/iad-vlm-anomaly/datasets/VisA/pcb2/Data/Images/Anomaly/056.JPG,1,VisA/pcb2/Data/Images/Anomaly/056.JPG,1404,1070,tiny_only,2,2,0,/root/private_data/iad-vlm-anomaly/datasets/VisA/pcb2/Data/Masks/Anomaly/056.png,False,37.9865644454956
a3f3d4706393e7fb6290639a,VisA,pcb2,evaluation,source_fit,/root/private_data/iad-vlm-anomaly/datasets/VisA/pcb2/Data/Images/Anomaly/057.JPG,1,VisA/pcb2/Data/Images/Anomaly/057.JPG,1404,1070,tiny_only,2,2,0,/root/private_data/iad-vlm-anomaly/datasets/VisA/pcb2/Data/Masks/Anomaly/057.png,False,37.9865644454956
f19f9dd394dcf709d33a91a1,VisA,pcb2,evaluation,source_fit,/root/private_data/iad-vlm-anomaly/datasets/VisA/pcb2/Data/Images/Anomaly/058.JPG,1,VisA/pcb2/Data/Images/Anomaly/058.JPG,1404,1070,tiny_only,2,2,0,/root/private_data/iad-vlm-anomaly/datasets/VisA/pcb2/Data/Masks/Anomaly/058.png,False,37.9865644454956
2a6f82efe4a992edee519e90,VisA,pcb2,evaluation,source_fit,/root/private_data/iad-vlm-anomaly/datasets/VisA/pcb2/Data/Images/Anomaly/059.JPG,1,VisA/pcb2/Data/Images/Anomaly/059.JPG,1404,1070,other_anomaly,2,0,0,/root/private_data/iad-vlm-anomaly/datasets/VisA/pcb2/Data/Masks/Anomaly/059.png,False,37.9865644454956
9dcd7b88aa145c9956d55e28,VisA,pcb2,evaluation,source_fit,/root/private_data/iad-vlm-anomaly/datasets/VisA/pcb2/Data/Images/Anomaly/060.JPG,1,VisA/pcb2/Data/Images/Anomaly/060.JPG,1404,1070,mixed_tiny,2,1,0,/root/private_data/iad-vlm-anomaly/datasets/VisA/pcb2/Data/Masks/Anomaly/060.png,False,37.9865644454956
f645c03fd2cdd71d8649824d,VisA,pcb2,evaluation,source_fit,/root/private_data/iad-vlm-anomaly/datasets/VisA/pcb2/Data/Images/Anomaly/061.JPG,1,VisA/pcb2/Data/Images/Anomaly/061.JPG,1404,1070,mixed_tiny,3,2,0,/root/private_data/iad-vlm-anomaly/datasets/VisA/pcb2/Data/Masks/Anomaly/061.png,False,37.9865644454956
d5ba7127f32231a9ea444738,VisA,pcb2,evaluation,source_fit,/root/private_data/iad-vlm-anomaly/datasets/VisA/pcb2/Data/Images/Anomaly/062.JPG,1,VisA/pcb2/Data/Images/Anomaly/062.JPG,1404,1070,other_anomaly,1,0,0,/root/private_data/iad-vlm-anomaly/datasets/VisA/pcb2/Data/Masks/Anomaly/062.png,False,37.9865644454956
1396120765feff59f1681771,VisA,pcb2,evaluation,source_fit,/root/private_data/iad-vlm-anomaly/datasets/VisA/pcb2/Data/Images/Anomaly/063.JPG,1,VisA/pcb2/Data/Images/Anomaly/063.JPG,1404,1070,mixed_tiny,2,1,0,/root/private_data/iad-vlm-anomaly/datasets/VisA/pcb2/Data/Masks/Anomaly/063.png,False,37.9865644454956
14865019f5e6980bbff89391,VisA,pcb2,evaluation,source_fit,/root/private_data/iad-vlm-anomaly/datasets/VisA/pcb2/Data/Images/Anomaly/064.JPG,1,VisA/pcb2/Data/Images/Anomaly/064.JPG,1404,1070,other_anomaly,2,0,0,/root/private_data/iad-vlm-anomaly/datasets/VisA/pcb2/Data/Masks/Anomaly/064.png,False,37.9865644454956
8b68baa11ed86b3af31e169e,VisA,pcb2,evaluation,source_fit,/root/private_data/iad-vlm-anomaly/datasets/VisA/pcb2/Data/Images/Anomaly/065.JPG,1,VisA/pcb2/Data/Images/Anomaly/065.JPG,1404,1070,other_anomaly,1,0,0,/root/private_data/iad-vlm-anomaly/datasets/VisA/pcb2/Data/Masks/Anomaly/065.png,False,37.9865644454956
6027ce71478d7b3c6f712726,VisA,pcb2,evaluation,source_fit,/root/private_data/iad-vlm-anomaly/datasets/VisA/pcb2/Data/Images/Anomaly/066.JPG,1,VisA/pcb2/Data/Images/Anomaly/066.JPG,1404,1070,mixed_tiny,4,3,0,/root/private_data/iad-vlm-anomaly/datasets/VisA/pcb2/Data/Masks/Anomaly/066.png,False,37.9865644454956
96643ba666ef12f988aa091b,VisA,pcb2,evaluation,source_fit,/root/private_data/iad-vlm-anomaly/datasets/VisA/pcb2/Data/Images/Anomaly/067.JPG,1,VisA/pcb2/Data/Images/Anomaly/067.JPG,1404,1070,other_anomaly,1,0,0,/root/private_data/iad-vlm-anomaly/datasets/VisA/pcb2/Data/Masks/Anomaly/067.png,False,37.9865644454956
844ad8281954962a34a5bf8c,VisA,pcb2,evaluation,source_fit,/root/private_data/iad-vlm-anomaly/datasets/VisA/pcb2/Data/Images/Anomaly/068.JPG,1,VisA/pcb2/Data/Images/Anomaly/068.JPG,1404,1070,mixed_tiny,5,4,0,/root/private_data/iad-vlm-anomaly/datasets/VisA/pcb2/Data/Masks/Anomaly/068.png,False,37.9865644454956
3a12002344b707eeebd29c0b,VisA,pcb2,evaluation,source_fit,/root/private_data/iad-vlm-anomaly/datasets/VisA/pcb2/Data/Images/Anomaly/069.JPG,1,VisA/pcb2/Data/Images/Anomaly/069.JPG,1404,1070,other_anomaly,1,0,0,/root/private_data/iad-vlm-anomaly/datasets/VisA/pcb2/Data/Masks/Anomaly/069.png,False,37.9865644454956
96557f21d6aa5ae880a4458f,VisA,pcb2,evaluation,source_fit,/root/private_data/iad-vlm-anomaly/datasets/VisA/pcb2/Data/Images/Anomaly/070.JPG,1,VisA/pcb2/Data/Images/Anomaly/070.JPG,1404,1070,mixed_tiny,2,1,0,/root/private_data/iad-vlm-anomaly/datasets/VisA/pcb2/Data/Masks/Anomaly/070.png,False,37.9865644454956
42ee2d6c129abdc1c0309610,VisA,pcb2,evaluation,source_fit,/root/private_data/iad-vlm-anomaly/datasets/VisA/pcb2/Data/Images/Anomaly/071.JPG,1,VisA/pcb2/Data/Images/Anomaly/071.JPG,1404,1070,mixed_tiny,10,8,1,/root/private_data/iad-vlm-anomaly/datasets/VisA/pcb2/Data/Masks/Anomaly/071.png,False,37.9865644454956
580fe2e2970cd28c647aca81,VisA,pcb2,evaluation,source_fit,/root/private_data/iad-vlm-anomaly/datasets/VisA/pcb2/Data/Images/Anomaly/072.JPG,1,VisA/pcb2/Data/Images/Anomaly/072.JPG,1404,1070,other_anomaly,1,0,0,/root/private_data/iad-vlm-anomaly/datasets/VisA/pcb2/Data/Masks/Anomaly/072.png,False,37.9865644454956
ade09ecec40f2c9d7e7a559e,VisA,pcb2,evaluation,source_fit,/root/private_data/iad-vlm-anomaly/datasets/VisA/pcb2/Data/Images/Anomaly/073.JPG,1,VisA/pcb2/Data/Images/Anomaly/073.JPG,1404,1070,tiny_only,1,1,0,/root/private_data/iad-vlm-anomaly/datasets/VisA/pcb2/Data/Masks/Anomaly/073.png,False,37.9865644454956
3756ebdbf929ed787cce6dfc,VisA,pcb2,evaluation,source_fit,/root/private_data/iad-vlm-anomaly/datasets/VisA/pcb2/Data/Images/Anomaly/074.JPG,1,VisA/pcb2/Data/Images/Anomaly/074.JPG,1404,1070,other_anomaly,1,0,0,/root/private_data/iad-vlm-anomaly/datasets/VisA/pcb2/Data/Masks/Anomaly/074.png,False,37.9865644454956
c75d1316fd33a72b0af4c5e4,VisA,pcb2,evaluation,source_fit,/root/private_data/iad-vlm-anomaly/datasets/VisA/pcb2/Data/Images/Anomaly/075.JPG,1,VisA/pcb2/Data/Images/Anomaly/075.JPG,1404,1070,mixed_tiny,3,2,0,/root/private_data/iad-vlm-anomaly/datasets/VisA/pcb2/Data/Masks/Anomaly/075.png,False,37.9865644454956
f5b0f44066263eac6e77f054,VisA,pcb2,evaluation,source_fit,/root/private_data/iad-vlm-anomaly/datasets/VisA/pcb2/Data/Images/Anomaly/076.JPG,1,VisA/pcb2/Data/Images/Anomaly/076.JPG,1404,1070,mixed_tiny,4,3,0,/root/private_data/iad-vlm-anomaly/datasets/VisA/pcb2/Data/Masks/Anomaly/076.png,False,37.9865644454956
6074e88848b9c71cf3e3e076,VisA,pcb2,evaluation,source_fit,/root/private_data/iad-vlm-anomaly/datasets/VisA/pcb2/Data/Images/Anomaly/077.JPG,1,VisA/pcb2/Data/Images/Anomaly/077.JPG,1404,1070,mixed_tiny,11,10,0,/root/private_data/iad-vlm-anomaly/datasets/VisA/pcb2/Data/Masks/Anomaly/077.png,False,37.9865644454956
6f83b8bb8a22fbd61cb75ad4,VisA,pcb2,evaluation,source_fit,/root/private_data/iad-vlm-anomaly/datasets/VisA/pcb2/Data/Images/Anomaly/078.JPG,1,VisA/pcb2/Data/Images/Anomaly/078.JPG,1404,1070,other_anomaly,1,0,0,/root/private_data/iad-vlm-anomaly/datasets/VisA/pcb2/Data/Masks/Anomaly/078.png,False,37.9865644454956
aadfd2dcc350943f2416b2dd,VisA,pcb2,evaluation,source_fit,/root/private_data/iad-vlm-anomaly/datasets/VisA/pcb2/Data/Images/Anomaly/079.JPG,1,VisA/pcb2/Data/Images/Anomaly/079.JPG,1404,1070,mixed_tiny,4,3,0,/root/private_data/iad-vlm-anomaly/datasets/VisA/pcb2/Data/Masks/Anomaly/079.png,False,37.9865644454956
d9b148f21cbbcaf360fd45b1,VisA,pcb2,evaluation,source_fit,/root/private_data/iad-vlm-anomaly/datasets/VisA/pcb2/Data/Images/Anomaly/080.JPG,1,VisA/pcb2/Data/Images/Anomaly/080.JPG,1404,1070,other_anomaly,1,0,0,/root/private_data/iad-vlm-anomaly/datasets/VisA/pcb2/Data/Masks/Anomaly/080.png,False,37.9865644454956
d9fc0603ee4f26815a3e863a,VisA,pcb2,evaluation,source_fit,/root/private_data/iad-vlm-anomaly/datasets/VisA/pcb2/Data/Images/Anomaly/081.JPG,1,VisA/pcb2/Data/Images/Anomaly/081.JPG,1404,1070,mixed_tiny,4,3,0,/root/private_data/iad-vlm-anomaly/datasets/VisA/pcb2/Data/Masks/Anomaly/081.png,False,37.9865644454956
e12cc7f03dd0bec2c8be0d63,VisA,pcb2,evaluation,source_fit,/root/private_data/iad-vlm-anomaly/datasets/VisA/pcb2/Data/Images/Anomaly/082.JPG,1,VisA/pcb2/Data/Images/Anomaly/082.JPG,1404,1070,thin_only,1,0,1,/root/private_data/iad-vlm-anomaly/datasets/VisA/pcb2/Data/Masks/Anomaly/082.png,False,37.9865644454956
27be79a2c4dff4ebb32b823e,VisA,pcb2,evaluation,source_fit,/root/private_data/iad-vlm-anomaly/datasets/VisA/pcb2/Data/Images/Anomaly/083.JPG,1,VisA/pcb2/Data/Images/Anomaly/083.JPG,1404,1070,other_anomaly,1,0,0,/root/private_data/iad-vlm-anomaly/datasets/VisA/pcb2/Data/Masks/Anomaly/083.png,False,37.9865644454956
5554622b54ec46458487fccd,VisA,pcb2,evaluation,source_fit,/root/private_data/iad-vlm-anomaly/datasets/VisA/pcb2/Data/Images/Anomaly/084.JPG,1,VisA/pcb2/Data/Images/Anomaly/084.JPG,1404,1070,mixed_tiny,6,4,0,/root/private_data/iad-vlm-anomaly/datasets/VisA/pcb2/Data/Masks/Anomaly/084.png,False,37.9865644454956
11f01d17018e97dc327c1871,VisA,pcb2,evaluation,source_fit,/root/private_data/iad-vlm-anomaly/datasets/VisA/pcb2/Data/Images/Anomaly/085.JPG,1,VisA/pcb2/Data/Images/Anomaly/085.JPG,1404,1070,mixed_tiny,3,1,1,/root/private_data/iad-vlm-anomaly/datasets/VisA/pcb2/Data/Masks/Anomaly/085.png,False,37.9865644454956
52d274d86324a2d347948688,VisA,pcb2,evaluation,source_fit,/root/private_data/iad-vlm-anomaly/datasets/VisA/pcb2/Data/Images/Anomaly/086.JPG,1,VisA/pcb2/Data/Images/Anomaly/086.JPG,1404,1070,mixed_tiny,3,1,1,/root/private_data/iad-vlm-anomaly/datasets/VisA/pcb2/Data/Masks/Anomaly/086.png,False,37.9865644454956
734f3cec9eec135b130266c0,VisA,pcb2,evaluation,source_fit,/root/private_data/iad-vlm-anomaly/datasets/VisA/pcb2/Data/Images/Anomaly/087.JPG,1,VisA/pcb2/Data/Images/Anomaly/087.JPG,1404,1070,mixed_tiny,4,1,2,/root/private_data/iad-vlm-anomaly/datasets/VisA/pcb2/Data/Masks/Anomaly/087.png,False,37.9865644454956
0034b5c2e42b8d83e6fcf6d9,VisA,pcb2,evaluation,source_fit,/root/private_data/iad-vlm-anomaly/datasets/VisA/pcb2/Data/Images/Anomaly/088.JPG,1,VisA/pcb2/Data/Images/Anomaly/088.JPG,1404,1070,other_anomaly,1,0,0,/root/private_data/iad-vlm-anomaly/datasets/VisA/pcb2/Data/Masks/Anomaly/088.png,False,37.9865644454956
0cfdad5173e59da7138f0989,VisA,pcb2,evaluation,source_fit,/root/private_data/iad-vlm-anomaly/datasets/VisA/pcb2/Data/Images/Anomaly/089.JPG,1,VisA/pcb2/Data/Images/Anomaly/089.JPG,1404,1070,mixed_tiny,4,1,2,/root/private_data/iad-vlm-anomaly/datasets/VisA/pcb2/Data/Masks/Anomaly/089.png,False,37.9865644454956
d2289d206bd04eca591264a1,VisA,pcb2,evaluation,source_fit,/root/private_data/iad-vlm-anomaly/datasets/VisA/pcb2/Data/Images/Anomaly/090.JPG,1,VisA/pcb2/Data/Images/Anomaly/090.JPG,1404,1070,other_anomaly,1,0,0,/root/private_data/iad-vlm-anomaly/datasets/VisA/pcb2/Data/Masks/Anomaly/090.png,False,37.9865644454956
d04fb07abcc9f87fd3b69169,VisA,pcb2,evaluation,source_fit,/root/private_data/iad-vlm-anomaly/datasets/VisA/pcb2/Data/Images/Anomaly/091.JPG,1,VisA/pcb2/Data/Images/Anomaly/091.JPG,1404,1070,mixed_tiny,8,7,0,/root/private_data/iad-vlm-anomaly/datasets/VisA/pcb2/Data/Masks/Anomaly/091.png,False,37.9865644454956
1ac6ad7feff9327f8055eead,VisA,pcb2,evaluation,source_fit,/root/private_data/iad-vlm-anomaly/datasets/VisA/pcb2/Data/Images/Anomaly/092.JPG,1,VisA/pcb2/Data/Images/Anomaly/092.JPG,1404,1070,mixed_tiny,8,5,1,/root/private_data/iad-vlm-anomaly/datasets/VisA/pcb2/Data/Masks/Anomaly/092.png,False,37.9865644454956
117bc18a710b4e277abb6a6f,VisA,pcb2,evaluation,source_fit,/root/private_data/iad-vlm-anomaly/datasets/VisA/pcb2/Data/Images/Anomaly/093.JPG,1,VisA/pcb2/Data/Images/Anomaly/093.JPG,1404,1070,mixed_tiny,6,3,3,/root/private_data/iad-vlm-anomaly/datasets/VisA/pcb2/Data/Masks/Anomaly/093.png,False,37.9865644454956
f05ab3c24065985287fcdc4d,VisA,pcb2,evaluation,source_fit,/root/private_data/iad-vlm-anomaly/datasets/VisA/pcb2/Data/Images/Anomaly/094.JPG,1,VisA/pcb2/Data/Images/Anomaly/094.JPG,1404,1070,mixed_tiny,7,4,2,/root/private_data/iad-vlm-anomaly/datasets/VisA/pcb2/Data/Masks/Anomaly/094.png,False,37.9865644454956
76c30b6fb52eb38e507d2dc5,VisA,pcb2,evaluation,source_fit,/root/private_data/iad-vlm-anomaly/datasets/VisA/pcb2/Data/Images/Anomaly/095.JPG,1,VisA/pcb2/Data/Images/Anomaly/095.JPG,1404,1070,mixed_tiny,4,2,1,/root/private_data/iad-vlm-anomaly/datasets/VisA/pcb2/Data/Masks/Anomaly/095.png,False,37.9865644454956
eeb0f9de2bffec5cced2a0ff,VisA,pcb2,evaluation,source_fit,/root/private_data/iad-vlm-anomaly/datasets/VisA/pcb2/Data/Images/Anomaly/096.JPG,1,VisA/pcb2/Data/Images/Anomaly/096.JPG,1404,1070,mixed_tiny,4,2,0,/root/private_data/iad-vlm-anomaly/datasets/VisA/pcb2/Data/Masks/Anomaly/096.png,False,37.9865644454956
372ae5bdec2320a7643a9f3a,VisA,pcb2,evaluation,source_fit,/root/private_data/iad-vlm-anomaly/datasets/VisA/pcb2/Data/Images/Anomaly/097.JPG,1,VisA/pcb2/Data/Images/Anomaly/097.JPG,1404,1070,other_anomaly,1,0,0,/root/private_data/iad-vlm-anomaly/datasets/VisA/pcb2/Data/Masks/Anomaly/097.png,False,37.9865644454956
b11dc48e6859c0e3757254f8,VisA,pcb2,evaluation,source_fit,/root/private_data/iad-vlm-anomaly/datasets/VisA/pcb2/Data/Images/Anomaly/098.JPG,1,VisA/pcb2/Data/Images/Anomaly/098.JPG,1404,1070,other_anomaly,1,0,0,/root/private_data/iad-vlm-anomaly/datasets/VisA/pcb2/Data/Masks/Anomaly/098.png,False,37.9865644454956
044cd9bc7b24ef53e8aae994,VisA,pcb2,evaluation,source_fit,/root/private_data/iad-vlm-anomaly/datasets/VisA/pcb2/Data/Images/Anomaly/099.JPG,1,VisA/pcb2/Data/Images/Anomaly/099.JPG,1404,1070,other_anomaly,1,0,0,/root/private_data/iad-vlm-anomaly/datasets/VisA/pcb2/Data/Masks/Anomaly/099.png,False,37.9865644454956
a677358ea82763fa149c1411,VisA,pcb3,evaluation,source_fit,/root/private_data/iad-vlm-anomaly/datasets/VisA/pcb3/Data/Images/Normal/0107.JPG,0,VisA/pcb3/Data/Images/Normal/0107.JPG,1562,960,normal,0,0,0,,False,39.03364944458008
77d504b48ac749d34ae5f78e,VisA,pcb3,evaluation,source_fit,/root/private_data/iad-vlm-anomaly/datasets/VisA/pcb3/Data/Images/Normal/0484.JPG,0,VisA/pcb3/Data/Images/Normal/0484.JPG,1562,960,normal,0,0,0,,False,39.03364944458008
abb92f5ed9b2fec447effe1f,VisA,pcb3,evaluation,source_fit,/root/private_data/iad-vlm-anomaly/datasets/VisA/pcb3/Data/Images/Normal/0690.JPG,0,VisA/pcb3/Data/Images/Normal/0690.JPG,1562,960,normal,0,0,0,,False,39.03364944458008
7876f137dbbbfffcc6723509,VisA,pcb3,evaluation,source_fit,/root/private_data/iad-vlm-anomaly/datasets/VisA/pcb3/Data/Images/Normal/0303.JPG,0,VisA/pcb3/Data/Images/Normal/0303.JPG,1562,960,normal,0,0,0,,False,39.03364944458008
056786f0aa55115950c55363,VisA,pcb3,evaluation,source_fit,/root/private_data/iad-vlm-anomaly/datasets/VisA/pcb3/Data/Images/Normal/0237.JPG,0,VisA/pcb3/Data/Images/Normal/0237.JPG,1562,960,normal,0,0,0,,False,39.03364944458008
2980b34e3867b9b914862f14,VisA,pcb3,evaluation,source_fit,/root/private_data/iad-vlm-anomaly/datasets/VisA/pcb3/Data/Images/Normal/0394.JPG,0,VisA/pcb3/Data/Images/Normal/0394.JPG,1562,960,normal,0,0,0,,False,39.03364944458008
30d715d6ea9ac89ebc7d1318,VisA,pcb3,evaluation,source_fit,/root/private_data/iad-vlm-anomaly/datasets/VisA/pcb3/Data/Images/Normal/0214.JPG,0,VisA/pcb3/Data/Images/Normal/0214.JPG,1562,960,normal,0,0,0,,True,39.03364944458008
08081b2d1087d1c1f63bc2dc,VisA,pcb3,evaluation,source_fit,/root/private_data/iad-vlm-anomaly/datasets/VisA/pcb3/Data/Images/Normal/0991.JPG,0,VisA/pcb3/Data/Images/Normal/0991.JPG,1562,960,normal,0,0,0,,False,39.03364944458008
0153cfb8c2d58810b0f93a89,VisA,pcb3,evaluation,source_fit,/root/private_data/iad-vlm-anomaly/datasets/VisA/pcb3/Data/Images/Normal/0657.JPG,0,VisA/pcb3/Data/Images/Normal/0657.JPG,1562,960,normal,0,0,0,,False,39.03364944458008
a16bde197fff924d734091fd,VisA,pcb3,evaluation,source_fit,/root/private_data/iad-vlm-anomaly/datasets/VisA/pcb3/Data/Images/Normal/0377.JPG,0,VisA/pcb3/Data/Images/Normal/0377.JPG,1562,960,normal,0,0,0,,False,39.03364944458008
8ab966121bacd2464840dd22,VisA,pcb3,evaluation,source_fit,/root/private_data/iad-vlm-anomaly/datasets/VisA/pcb3/Data/Images/Normal/0659.JPG,0,VisA/pcb3/Data/Images/Normal/0659.JPG,1562,960,normal,0,0,0,,False,39.03364944458008
bd114adc58fac621d702f7df,VisA,pcb3,evaluation,source_fit,/root/private_data/iad-vlm-anomaly/datasets/VisA/pcb3/Data/Images/Normal/0514.JPG,0,VisA/pcb3/Data/Images/Normal/0514.JPG,1562,960,normal,0,0,0,,False,39.03364944458008
32979cfd91f7a33c6b03b5c8,VisA,pcb3,evaluation,source_fit,/root/private_data/iad-vlm-anomaly/datasets/VisA/pcb3/Data/Images/Normal/0617.JPG,0,VisA/pcb3/Data/Images/Normal/0617.JPG,1562,960,normal,0,0,0,,False,39.03364944458008
20fc74090c6cda7fa43395f3,VisA,pcb3,evaluation,source_fit,/root/private_data/iad-vlm-anomaly/datasets/VisA/pcb3/Data/Images/Normal/0725.JPG,0,VisA/pcb3/Data/Images/Normal/0725.JPG,1562,960,normal,0,0,0,,False,39.03364944458008
3e9539255c363ca5e382d607,VisA,pcb3,evaluation,source_fit,/root/private_data/iad-vlm-anomaly/datasets/VisA/pcb3/Data/Images/Normal/0172.JPG,0,VisA/pcb3/Data/Images/Normal/0172.JPG,1562,960,normal,0,0,0,,False,39.03364944458008
73e73467f7c4ec0ef2864e33,VisA,pcb3,evaluation,source_fit,/root/private_data/iad-vlm-anomaly/datasets/VisA/pcb3/Data/Images/Normal/1002.JPG,0,VisA/pcb3/Data/Images/Normal/1002.JPG,1562,960,normal,0,0,0,,False,39.03364944458008
e91bfb7b8657a277828b3514,VisA,pcb3,evaluation,source_fit,/root/private_data/iad-vlm-anomaly/datasets/VisA/pcb3/Data/Images/Normal/0483.JPG,0,VisA/pcb3/Data/Images/Normal/0483.JPG,1562,960,normal,0,0,0,,False,39.03364944458008
fb567dd8df44f0de4e2c1491,VisA,pcb3,evaluation,source_fit,/root/private_data/iad-vlm-anomaly/datasets/VisA/pcb3/Data/Images/Normal/0654.JPG,0,VisA/pcb3/Data/Images/Normal/0654.JPG,1562,960,normal,0,0,0,,False,39.03364944458008
b3d3d7fd39292641381fee2e,VisA,pcb3,evaluation,source_fit,/root/private_data/iad-vlm-anomaly/datasets/VisA/pcb3/Data/Images/Normal/0400.JPG,0,VisA/pcb3/Data/Images/Normal/0400.JPG,1562,960,normal,0,0,0,,False,39.03364944458008
7462910baed1e7cd9439bb84,VisA,pcb3,evaluation,source_fit,/root/private_data/iad-vlm-anomaly/datasets/VisA/pcb3/Data/Images/Normal/0469.JPG,0,VisA/pcb3/Data/Images/Normal/0469.JPG,1562,960,normal,0,0,0,,False,39.03364944458008
ab2961892bc385dfccec7a58,VisA,pcb3,evaluation,source_fit,/root/private_data/iad-vlm-anomaly/datasets/VisA/pcb3/Data/Images/Normal/0525.JPG,0,VisA/pcb3/Data/Images/Normal/0525.JPG,1562,960,normal,0,0,0,,False,39.03364944458008
98e51d0425cc0eaec7e070fe,VisA,pcb3,evaluation,source_fit,/root/private_data/iad-vlm-anomaly/datasets/VisA/pcb3/Data/Images/Normal/0170.JPG,0,VisA/pcb3/Data/Images/Normal/0170.JPG,1562,960,normal,0,0,0,,False,39.03364944458008
00825985d63dafd101884c28,VisA,pcb3,evaluation,source_fit,/root/private_data/iad-vlm-anomaly/datasets/VisA/pcb3/Data/Images/Normal/0631.JPG,0,VisA/pcb3/Data/Images/Normal/0631.JPG,1562,960,normal,0,0,0,,False,39.03364944458008
d429ab3cad048b887e5471a0,VisA,pcb3,evaluation,source_fit,/root/private_data/iad-vlm-anomaly/datasets/VisA/pcb3/Data/Images/Normal/0685.JPG,0,VisA/pcb3/Data/Images/Normal/0685.JPG,1562,960,normal,0,0,0,,False,39.03364944458008
7dc7330688ef283dc165e81e,VisA,pcb3,evaluation,source_fit,/root/private_data/iad-vlm-anomaly/datasets/VisA/pcb3/Data/Images/Normal/0320.JPG,0,VisA/pcb3/Data/Images/Normal/0320.JPG,1562,960,normal,0,0,0,,False,39.03364944458008
5ab4e77da9c98f1e3da1ffc8,VisA,pcb3,evaluation,source_fit,/root/private_data/iad-vlm-anomaly/datasets/VisA/pcb3/Data/Images/Normal/0869.JPG,0,VisA/pcb3/Data/Images/Normal/0869.JPG,1562,960,normal,0,0,0,,False,39.03364944458008
ddbae263d9ad18e5490824e3,VisA,pcb3,evaluation,source_fit,/root/private_data/iad-vlm-anomaly/datasets/VisA/pcb3/Data/Images/Normal/0423.JPG,0,VisA/pcb3/Data/Images/Normal/0423.JPG,1562,960,normal,0,0,0,,False,39.03364944458008
626d37ddb1ff82a0c2afbb6d,VisA,pcb3,evaluation,source_fit,/root/private_data/iad-vlm-anomaly/datasets/VisA/pcb3/Data/Images/Normal/0417.JPG,0,VisA/pcb3/Data/Images/Normal/0417.JPG,1562,960,normal,0,0,0,,False,39.03364944458008
76efefcee7bc7fd8c486ca1e,VisA,pcb3,evaluation,source_fit,/root/private_data/iad-vlm-anomaly/datasets/VisA/pcb3/Data/Images/Normal/0751.JPG,0,VisA/pcb3/Data/Images/Normal/0751.JPG,1562,960,normal,0,0,0,,False,39.03364944458008
c744cc8fb211642739d25c50,VisA,pcb3,evaluation,source_fit,/root/private_data/iad-vlm-anomaly/datasets/VisA/pcb3/Data/Images/Normal/0764.JPG,0,VisA/pcb3/Data/Images/Normal/0764.JPG,1562,960,normal,0,0,0,,False,39.03364944458008
e62eb09a27e5eebd8bc72015,VisA,pcb3,evaluation,source_fit,/root/private_data/iad-vlm-anomaly/datasets/VisA/pcb3/Data/Images/Normal/0972.JPG,0,VisA/pcb3/Data/Images/Normal/0972.JPG,1562,960,normal,0,0,0,,False,39.03364944458008
650618991b0f82f5a3f8bddd,VisA,pcb3,evaluation,source_fit,/root/private_data/iad-vlm-anomaly/datasets/VisA/pcb3/Data/Images/Normal/0730.JPG,0,VisA/pcb3/Data/Images/Normal/0730.JPG,1562,960,normal,0,0,0,,False,39.03364944458008
8ebf92cb1e8cafbdd898e5f8,VisA,pcb3,evaluation,source_fit,/root/private_data/iad-vlm-anomaly/datasets/VisA/pcb3/Data/Images/Normal/0306.JPG,0,VisA/pcb3/Data/Images/Normal/0306.JPG,1562,960,normal,0,0,0,,False,39.03364944458008
f3fbe0f219a7366dc4b7ec81,VisA,pcb3,evaluation,source_fit,/root/private_data/iad-vlm-anomaly/datasets/VisA/pcb3/Data/Images/Normal/0011.JPG,0,VisA/pcb3/Data/Images/Normal/0011.JPG,1562,960,normal,0,0,0,,False,39.03364944458008
3b28e2f9a6c5bdd055c3352d,VisA,pcb3,evaluation,source_fit,/root/private_data/iad-vlm-anomaly/datasets/VisA/pcb3/Data/Images/Normal/0215.JPG,0,VisA/pcb3/Data/Images/Normal/0215.JPG,1562,960,normal,0,0,0,,False,39.03364944458008
6e897da71c3dee1fd2084990,VisA,pcb3,evaluation,source_fit,/root/private_data/iad-vlm-anomaly/datasets/VisA/pcb3/Data/Images/Normal/0159.JPG,0,VisA/pcb3/Data/Images/Normal/0159.JPG,1562,960,normal,0,0,0,,False,39.03364944458008
6538009068567c2eeb2cff4f,VisA,pcb3,evaluation,source_fit,/root/private_data/iad-vlm-anomaly/datasets/VisA/pcb3/Data/Images/Normal/0629.JPG,0,VisA/pcb3/Data/Images/Normal/0629.JPG,1562,960,normal,0,0,0,,False,39.03364944458008
819e3482a2214213cb5628bf,VisA,pcb3,evaluation,source_fit,/root/private_data/iad-vlm-anomaly/datasets/VisA/pcb3/Data/Images/Normal/0694.JPG,0,VisA/pcb3/Data/Images/Normal/0694.JPG,1562,960,normal,0,0,0,,False,39.03364944458008
058aa8dfb17e82e7a4658a4c,VisA,pcb3,evaluation,source_fit,/root/private_data/iad-vlm-anomaly/datasets/VisA/pcb3/Data/Images/Normal/0518.JPG,0,VisA/pcb3/Data/Images/Normal/0518.JPG,1562,960,normal,0,0,0,,False,39.03364944458008
3fc30739de9a174fc45f397b,VisA,pcb3,evaluation,source_fit,/root/private_data/iad-vlm-anomaly/datasets/VisA/pcb3/Data/Images/Normal/0940.JPG,0,VisA/pcb3/Data/Images/Normal/0940.JPG,1562,960,normal,0,0,0,,False,39.03364944458008
07719a9f44a630b6e3e80f30,VisA,pcb3,evaluation,source_fit,/root/private_data/iad-vlm-anomaly/datasets/VisA/pcb3/Data/Images/Normal/0026.JPG,0,VisA/pcb3/Data/Images/Normal/0026.JPG,1562,960,normal,0,0,0,,True,39.03364944458008
e47b8a6cd8fe57e21effa05d,VisA,pcb3,evaluation,source_fit,/root/private_data/iad-vlm-anomaly/datasets/VisA/pcb3/Data/Images/Normal/0844.JPG,0,VisA/pcb3/Data/Images/Normal/0844.JPG,1562,960,normal,0,0,0,,False,39.03364944458008
b98d92f06c767a228d778397,VisA,pcb3,evaluation,source_fit,/root/private_data/iad-vlm-anomaly/datasets/VisA/pcb3/Data/Images/Normal/0958.JPG,0,VisA/pcb3/Data/Images/Normal/0958.JPG,1562,960,normal,0,0,0,,False,39.03364944458008
64dceb09ff87fa1424e035bd,VisA,pcb3,evaluation,source_fit,/root/private_data/iad-vlm-anomaly/datasets/VisA/pcb3/Data/Images/Normal/0900.JPG,0,VisA/pcb3/Data/Images/Normal/0900.JPG,1562,960,normal,0,0,0,,False,39.03364944458008
c8832e9abcff5f1e39cb0882,VisA,pcb3,evaluation,source_fit,/root/private_data/iad-vlm-anomaly/datasets/VisA/pcb3/Data/Images/Normal/0402.JPG,0,VisA/pcb3/Data/Images/Normal/0402.JPG,1562,960,normal,0,0,0,,False,39.03364944458008
c01e7c00d79b21e51e4f511f,VisA,pcb3,evaluation,source_fit,/root/private_data/iad-vlm-anomaly/datasets/VisA/pcb3/Data/Images/Normal/0621.JPG,0,VisA/pcb3/Data/Images/Normal/0621.JPG,1562,960,normal,0,0,0,,False,39.03364944458008
d894fb11bf70dcc7fc116ecd,VisA,pcb3,evaluation,source_fit,/root/private_data/iad-vlm-anomaly/datasets/VisA/pcb3/Data/Images/Normal/0294.JPG,0,VisA/pcb3/Data/Images/Normal/0294.JPG,1562,960,normal,0,0,0,,False,39.03364944458008
1257ca59dde2218bbaa50c3c,VisA,pcb3,evaluation,source_fit,/root/private_data/iad-vlm-anomaly/datasets/VisA/pcb3/Data/Images/Normal/0016.JPG,0,VisA/pcb3/Data/Images/Normal/0016.JPG,1562,960,normal,0,0,0,,False,39.03364944458008
a0cd6ddd1e77326e4ea94cac,VisA,pcb3,evaluation,source_fit,/root/private_data/iad-vlm-anomaly/datasets/VisA/pcb3/Data/Images/Normal/0046.JPG,0,VisA/pcb3/Data/Images/Normal/0046.JPG,1562,960,normal,0,0,0,,False,39.03364944458008
bd6a8f0dad87649b74700383,VisA,pcb3,evaluation,source_fit,/root/private_data/iad-vlm-anomaly/datasets/VisA/pcb3/Data/Images/Normal/0705.JPG,0,VisA/pcb3/Data/Images/Normal/0705.JPG,1562,960,normal,0,0,0,,False,39.03364944458008
09b936bb93c833df03447faf,VisA,pcb3,evaluation,source_fit,/root/private_data/iad-vlm-anomaly/datasets/VisA/pcb3/Data/Images/Normal/0208.JPG,0,VisA/pcb3/Data/Images/Normal/0208.JPG,1562,960,normal,0,0,0,,False,39.03364944458008
7c25ac8e6a7ced4265891840,VisA,pcb3,evaluation,source_fit,/root/private_data/iad-vlm-anomaly/datasets/VisA/pcb3/Data/Images/Normal/0674.JPG,0,VisA/pcb3/Data/Images/Normal/0674.JPG,1562,960,normal,0,0,0,,False,39.03364944458008
d36d19d5a77d3aa36f92d353,VisA,pcb3,evaluation,source_fit,/root/private_data/iad-vlm-anomaly/datasets/VisA/pcb3/Data/Images/Normal/0427.JPG,0,VisA/pcb3/Data/Images/Normal/0427.JPG,1562,960,normal,0,0,0,,False,39.03364944458008
d56ef36b5765423d254484b6,VisA,pcb3,evaluation,source_fit,/root/private_data/iad-vlm-anomaly/datasets/VisA/pcb3/Data/Images/Normal/0552.JPG,0,VisA/pcb3/Data/Images/Normal/0552.JPG,1562,960,normal,0,0,0,,False,39.03364944458008
dd8237122737951dbb3b11a1,VisA,pcb3,evaluation,source_fit,/root/private_data/iad-vlm-anomaly/datasets/VisA/pcb3/Data/Images/Normal/0804.JPG,0,VisA/pcb3/Data/Images/Normal/0804.JPG,1562,960,normal,0,0,0,,True,39.03364944458008
74cf0eed3dc4ee871bf28999,VisA,pcb3,evaluation,source_fit,/root/private_data/iad-vlm-anomaly/datasets/VisA/pcb3/Data/Images/Normal/0333.JPG,0,VisA/pcb3/Data/Images/Normal/0333.JPG,1562,960,normal,0,0,0,,False,39.03364944458008
b4b9fbe926831964c7de70f6,VisA,pcb3,evaluation,source_fit,/root/private_data/iad-vlm-anomaly/datasets/VisA/pcb3/Data/Images/Normal/0027.JPG,0,VisA/pcb3/Data/Images/Normal/0027.JPG,1562,960,normal,0,0,0,,True,39.03364944458008
b11e64aff85326eb28f70193,VisA,pcb3,evaluation,source_fit,/root/private_data/iad-vlm-anomaly/datasets/VisA/pcb3/Data/Images/Normal/0100.JPG,0,VisA/pcb3/Data/Images/Normal/0100.JPG,1562,960,normal,0,0,0,,False,39.03364944458008
8a598b3c690058c1f7a27d54,VisA,pcb3,evaluation,source_fit,/root/private_data/iad-vlm-anomaly/datasets/VisA/pcb3/Data/Images/Normal/0800.JPG,0,VisA/pcb3/Data/Images/Normal/0800.JPG,1562,960,normal,0,0,0,,False,39.03364944458008
245d76d36e337b973a9434ac,VisA,pcb3,evaluation,source_fit,/root/private_data/iad-vlm-anomaly/datasets/VisA/pcb3/Data/Images/Normal/0923.JPG,0,VisA/pcb3/Data/Images/Normal/0923.JPG,1562,960,normal,0,0,0,,False,39.03364944458008
9c9585d138312ae2e742d9e8,VisA,pcb3,evaluation,source_fit,/root/private_data/iad-vlm-anomaly/datasets/VisA/pcb3/Data/Images/Normal/0755.JPG,0,VisA/pcb3/Data/Images/Normal/0755.JPG,1562,960,normal,0,0,0,,False,39.03364944458008
627feee810359bfae22e27d0,VisA,pcb3,evaluation,source_fit,/root/private_data/iad-vlm-anomaly/datasets/VisA/pcb3/Data/Images/Normal/0013.JPG,0,VisA/pcb3/Data/Images/Normal/0013.JPG,1562,960,normal,0,0,0,,False,39.03364944458008
a9db794e409615544b31ab56,VisA,pcb3,evaluation,source_fit,/root/private_data/iad-vlm-anomaly/datasets/VisA/pcb3/Data/Images/Normal/0297.JPG,0,VisA/pcb3/Data/Images/Normal/0297.JPG,1562,960,normal,0,0,0,,False,39.03364944458008
0f5903a3646440fdc211f908,VisA,pcb3,evaluation,source_fit,/root/private_data/iad-vlm-anomaly/datasets/VisA/pcb3/Data/Images/Normal/0768.JPG,0,VisA/pcb3/Data/Images/Normal/0768.JPG,1562,960,normal,0,0,0,,False,39.03364944458008
756646f18b84f9a66f9adf61,VisA,pcb3,evaluation,source_fit,/root/private_data/iad-vlm-anomaly/datasets/VisA/pcb3/Data/Images/Normal/0457.JPG,0,VisA/pcb3/Data/Images/Normal/0457.JPG,1562,960,normal,0,0,0,,False,39.03364944458008
122afcd920e04ff96c403870,VisA,pcb3,evaluation,source_fit,/root/private_data/iad-vlm-anomaly/datasets/VisA/pcb3/Data/Images/Normal/0520.JPG,0,VisA/pcb3/Data/Images/Normal/0520.JPG,1562,960,normal,0,0,0,,False,39.03364944458008
62d37dfe44c3d4d468b2d037,VisA,pcb3,evaluation,source_fit,/root/private_data/iad-vlm-anomaly/datasets/VisA/pcb3/Data/Images/Normal/0952.JPG,0,VisA/pcb3/Data/Images/Normal/0952.JPG,1562,960,normal,0,0,0,,False,39.03364944458008
df4ab1814b8f9417ec52e6a1,VisA,pcb3,evaluation,source_fit,/root/private_data/iad-vlm-anomaly/datasets/VisA/pcb3/Data/Images/Normal/0871.JPG,0,VisA/pcb3/Data/Images/Normal/0871.JPG,1562,960,normal,0,0,0,,False,39.03364944458008
0ea2a017a831f1fbe8e6fd3c,VisA,pcb3,evaluation,source_fit,/root/private_data/iad-vlm-anomaly/datasets/VisA/pcb3/Data/Images/Normal/0811.JPG,0,VisA/pcb3/Data/Images/Normal/0811.JPG,1562,960,normal,0,0,0,,False,39.03364944458008
6b53ac2b2cf0cb53190cd09d,VisA,pcb3,evaluation,source_fit,/root/private_data/iad-vlm-anomaly/datasets/VisA/pcb3/Data/Images/Normal/0174.JPG,0,VisA/pcb3/Data/Images/Normal/0174.JPG,1562,960,normal,0,0,0,,False,39.03364944458008
ff9e6c1199683a65dd28821a,VisA,pcb3,evaluation,source_fit,/root/private_data/iad-vlm-anomaly/datasets/VisA/pcb3/Data/Images/Normal/0648.JPG,0,VisA/pcb3/Data/Images/Normal/0648.JPG,1562,960,normal,0,0,0,,False,39.03364944458008
d1dd94e5adef3796605964cb,VisA,pcb3,evaluation,source_fit,/root/private_data/iad-vlm-anomaly/datasets/VisA/pcb3/Data/Images/Normal/0261.JPG,0,VisA/pcb3/Data/Images/Normal/0261.JPG,1562,960,normal,0,0,0,,False,39.03364944458008
86176e294f06afc599e8103e,VisA,pcb3,evaluation,source_fit,/root/private_data/iad-vlm-anomaly/datasets/VisA/pcb3/Data/Images/Normal/0784.JPG,0,VisA/pcb3/Data/Images/Normal/0784.JPG,1562,960,normal,0,0,0,,False,39.03364944458008
07cfaa4af4a3a48294ee60f8,VisA,pcb3,evaluation,source_fit,/root/private_data/iad-vlm-anomaly/datasets/VisA/pcb3/Data/Images/Normal/0977.JPG,0,VisA/pcb3/Data/Images/Normal/0977.JPG,1562,960,normal,0,0,0,,False,39.03364944458008
1362c7e36c2b7ed1027b499c,VisA,pcb3,evaluation,source_fit,/root/private_data/iad-vlm-anomaly/datasets/VisA/pcb3/Data/Images/Normal/0935.JPG,0,VisA/pcb3/Data/Images/Normal/0935.JPG,1562,960,normal,0,0,0,,False,39.03364944458008
5865302646a48d660a3a5df4,VisA,pcb3,evaluation,source_fit,/root/private_data/iad-vlm-anomaly/datasets/VisA/pcb3/Data/Images/Normal/0286.JPG,0,VisA/pcb3/Data/Images/Normal/0286.JPG,1562,960,normal,0,0,0,,False,39.03364944458008
c7c47caf2cb34889a65933e0,VisA,pcb3,evaluation,source_fit,/root/private_data/iad-vlm-anomaly/datasets/VisA/pcb3/Data/Images/Normal/0779.JPG,0,VisA/pcb3/Data/Images/Normal/0779.JPG,1562,960,normal,0,0,0,,False,39.03364944458008
e79a6c9e000ca00c71291f4e,VisA,pcb3,evaluation,source_fit,/root/private_data/iad-vlm-anomaly/datasets/VisA/pcb3/Data/Images/Normal/0363.JPG,0,VisA/pcb3/Data/Images/Normal/0363.JPG,1562,960,normal,0,0,0,,True,39.03364944458008
e2965af600501776c8913d73,VisA,pcb3,evaluation,source_fit,/root/private_data/iad-vlm-anomaly/datasets/VisA/pcb3/Data/Images/Normal/0619.JPG,0,VisA/pcb3/Data/Images/Normal/0619.JPG,1562,960,normal,0,0,0,,False,39.03364944458008
903715a78bb06e4f25826b1b,VisA,pcb3,evaluation,source_fit,/root/private_data/iad-vlm-anomaly/datasets/VisA/pcb3/Data/Images/Normal/0024.JPG,0,VisA/pcb3/Data/Images/Normal/0024.JPG,1562,960,normal,0,0,0,,False,39.03364944458008
2303f3fe2615e901fed4c38a,VisA,pcb3,evaluation,source_fit,/root/private_data/iad-vlm-anomaly/datasets/VisA/pcb3/Data/Images/Normal/0735.JPG,0,VisA/pcb3/Data/Images/Normal/0735.JPG,1562,960,normal,0,0,0,,False,39.03364944458008
727e5ef680606d3ca5b33357,VisA,pcb3,evaluation,source_fit,/root/private_data/iad-vlm-anomaly/datasets/VisA/pcb3/Data/Images/Normal/0688.JPG,0,VisA/pcb3/Data/Images/Normal/0688.JPG,1562,960,normal,0,0,0,,False,39.03364944458008
00b31381bedc1d3eac00940e,VisA,pcb3,evaluation,source_fit,/root/private_data/iad-vlm-anomaly/datasets/VisA/pcb3/Data/Images/Normal/0796.JPG,0,VisA/pcb3/Data/Images/Normal/0796.JPG,1562,960,normal,0,0,0,,False,39.03364944458008
0bea9fcc06208b7fcf1752af,VisA,pcb3,evaluation,source_fit,/root/private_data/iad-vlm-anomaly/datasets/VisA/pcb3/Data/Images/Normal/0178.JPG,0,VisA/pcb3/Data/Images/Normal/0178.JPG,1562,960,normal,0,0,0,,False,39.03364944458008
81644969a3d294cfdf20dfad,VisA,pcb3,evaluation,source_fit,/root/private_data/iad-vlm-anomaly/datasets/VisA/pcb3/Data/Images/Normal/0797.JPG,0,VisA/pcb3/Data/Images/Normal/0797.JPG,1562,960,normal,0,0,0,,False,39.03364944458008
97d5d87b9a1c9732d5901804,VisA,pcb3,evaluation,source_fit,/root/private_data/iad-vlm-anomaly/datasets/VisA/pcb3/Data/Images/Normal/0920.JPG,0,VisA/pcb3/Data/Images/Normal/0920.JPG,1562,960,normal,0,0,0,,False,39.03364944458008
e57bd58b6b3e8258d3f11cb0,VisA,pcb3,evaluation,source_fit,/root/private_data/iad-vlm-anomaly/datasets/VisA/pcb3/Data/Images/Normal/0479.JPG,0,VisA/pcb3/Data/Images/Normal/0479.JPG,1562,960,normal,0,0,0,,False,39.03364944458008
c7db64dbf06445bbba36470d,VisA,pcb3,evaluation,source_fit,/root/private_data/iad-vlm-anomaly/datasets/VisA/pcb3/Data/Images/Normal/0684.JPG,0,VisA/pcb3/Data/Images/Normal/0684.JPG,1562,960,normal,0,0,0,,False,39.03364944458008
73ee4a30b1f3d101236287dd,VisA,pcb3,evaluation,source_fit,/root/private_data/iad-vlm-anomaly/datasets/VisA/pcb3/Data/Images/Normal/0739.JPG,0,VisA/pcb3/Data/Images/Normal/0739.JPG,1562,960,normal,0,0,0,,False,39.03364944458008
fb95ed02fc4a3d2661758942,VisA,pcb3,evaluation,source_fit,/root/private_data/iad-vlm-anomaly/datasets/VisA/pcb3/Data/Images/Normal/0569.JPG,0,VisA/pcb3/Data/Images/Normal/0569.JPG,1562,960,normal,0,0,0,,False,39.03364944458008
43664e73192f5e6f26ceeaa0,VisA,pcb3,evaluation,source_fit,/root/private_data/iad-vlm-anomaly/datasets/VisA/pcb3/Data/Images/Normal/0196.JPG,0,VisA/pcb3/Data/Images/Normal/0196.JPG,1562,960,normal,0,0,0,,False,39.03364944458008
20090940cea17bc05537f0fa,VisA,pcb3,evaluation,source_fit,/root/private_data/iad-vlm-anomaly/datasets/VisA/pcb3/Data/Images/Normal/0892.JPG,0,VisA/pcb3/Data/Images/Normal/0892.JPG,1562,960,normal,0,0,0,,False,39.03364944458008
12358e41084724e2c739056e,VisA,pcb3,evaluation,source_fit,/root/private_data/iad-vlm-anomaly/datasets/VisA/pcb3/Data/Images/Normal/0964.JPG,0,VisA/pcb3/Data/Images/Normal/0964.JPG,1562,960,normal,0,0,0,,False,39.03364944458008
50b6cb3f5abbb04cc838c5af,VisA,pcb3,evaluation,source_fit,/root/private_data/iad-vlm-anomaly/datasets/VisA/pcb3/Data/Images/Normal/0187.JPG,0,VisA/pcb3/Data/Images/Normal/0187.JPG,1562,960,normal,0,0,0,,True,39.03364944458008
08ffdedac93baea4ed5e6dcb,VisA,pcb3,evaluation,source_fit,/root/private_data/iad-vlm-anomaly/datasets/VisA/pcb3/Data/Images/Normal/0488.JPG,0,VisA/pcb3/Data/Images/Normal/0488.JPG,1562,960,normal,0,0,0,,False,39.03364944458008
1a55f10c2d0e3b015462d6fd,VisA,pcb3,evaluation,source_fit,/root/private_data/iad-vlm-anomaly/datasets/VisA/pcb3/Data/Images/Normal/0994.JPG,0,VisA/pcb3/Data/Images/Normal/0994.JPG,1562,960,normal,0,0,0,,False,39.03364944458008
c5c1b1b2a3612209143a7504,VisA,pcb3,evaluation,source_fit,/root/private_data/iad-vlm-anomaly/datasets/VisA/pcb3/Data/Images/Normal/0545.JPG,0,VisA/pcb3/Data/Images/Normal/0545.JPG,1562,960,normal,0,0,0,,False,39.03364944458008
4a7108d565d999afd544524a,VisA,pcb3,evaluation,source_fit,/root/private_data/iad-vlm-anomaly/datasets/VisA/pcb3/Data/Images/Normal/0615.JPG,0,VisA/pcb3/Data/Images/Normal/0615.JPG,1562,960,normal,0,0,0,,False,39.03364944458008
e0014122fe4e6da9c17c7a45,VisA,pcb3,evaluation,source_fit,/root/private_data/iad-vlm-anomaly/datasets/VisA/pcb3/Data/Images/Normal/0974.JPG,0,VisA/pcb3/Data/Images/Normal/0974.JPG,1562,960,normal,0,0,0,,False,39.03364944458008
1059ec31e732828121ee3007,VisA,pcb3,evaluation,source_fit,/root/private_data/iad-vlm-anomaly/datasets/VisA/pcb3/Data/Images/Normal/0490.JPG,0,VisA/pcb3/Data/Images/Normal/0490.JPG,1562,960,normal,0,0,0,,False,39.03364944458008
fcf86319d4f4b8e0e3e06fbe,VisA,pcb3,evaluation,source_fit,/root/private_data/iad-vlm-anomaly/datasets/VisA/pcb3/Data/Images/Normal/0168.JPG,0,VisA/pcb3/Data/Images/Normal/0168.JPG,1562,960,normal,0,0,0,,False,39.03364944458008
7975583be402b6b3e95c4253,VisA,pcb3,evaluation,source_fit,/root/private_data/iad-vlm-anomaly/datasets/VisA/pcb3/Data/Images/Anomaly/000.JPG,1,VisA/pcb3/Data/Images/Anomaly/000.JPG,1562,960,other_anomaly,2,0,0,/root/private_data/iad-vlm-anomaly/datasets/VisA/pcb3/Data/Masks/Anomaly/000.png,False,39.03364944458008
6273ff3d99faff748cb73ccf,VisA,pcb3,evaluation,source_fit,/root/private_data/iad-vlm-anomaly/datasets/VisA/pcb3/Data/Images/Anomaly/001.JPG,1,VisA/pcb3/Data/Images/Anomaly/001.JPG,1562,960,other_anomaly,1,0,0,/root/private_data/iad-vlm-anomaly/datasets/VisA/pcb3/Data/Masks/Anomaly/001.png,False,39.03364944458008
e219ccecbb0fa925b4ee168c,VisA,pcb3,evaluation,source_fit,/root/private_data/iad-vlm-anomaly/datasets/VisA/pcb3/Data/Images/Anomaly/002.JPG,1,VisA/pcb3/Data/Images/Anomaly/002.JPG,1562,960,mixed_tiny,3,2,0,/root/private_data/iad-vlm-anomaly/datasets/VisA/pcb3/Data/Masks/Anomaly/002.png,False,39.03364944458008
5f570b16714e282159e85e06,VisA,pcb3,evaluation,source_fit,/root/private_data/iad-vlm-anomaly/datasets/VisA/pcb3/Data/Images/Anomaly/003.JPG,1,VisA/pcb3/Data/Images/Anomaly/003.JPG,1562,960,other_anomaly,1,0,0,/root/private_data/iad-vlm-anomaly/datasets/VisA/pcb3/Data/Masks/Anomaly/003.png,False,39.03364944458008
00def363460ce202d13ff3ac,VisA,pcb3,evaluation,source_fit,/root/private_data/iad-vlm-anomaly/datasets/VisA/pcb3/Data/Images/Anomaly/004.JPG,1,VisA/pcb3/Data/Images/Anomaly/004.JPG,1562,960,other_anomaly,1,0,0,/root/private_data/iad-vlm-anomaly/datasets/VisA/pcb3/Data/Masks/Anomaly/004.png,False,39.03364944458008
fcee1f61a8facc5ae071042d,VisA,pcb3,evaluation,source_fit,/root/private_data/iad-vlm-anomaly/datasets/VisA/pcb3/Data/Images/Anomaly/005.JPG,1,VisA/pcb3/Data/Images/Anomaly/005.JPG,1562,960,other_anomaly,1,0,0,/root/private_data/iad-vlm-anomaly/datasets/VisA/pcb3/Data/Masks/Anomaly/005.png,False,39.03364944458008
195b9a91e8b5e0aff0059c51,VisA,pcb3,evaluation,source_fit,/root/private_data/iad-vlm-anomaly/datasets/VisA/pcb3/Data/Images/Anomaly/006.JPG,1,VisA/pcb3/Data/Images/Anomaly/006.JPG,1562,960,other_anomaly,1,0,0,/root/private_data/iad-vlm-anomaly/datasets/VisA/pcb3/Data/Masks/Anomaly/006.png,False,39.03364944458008
f51a7ad211ef88f4b46e93ce,VisA,pcb3,evaluation,source_fit,/root/private_data/iad-vlm-anomaly/datasets/VisA/pcb3/Data/Images/Anomaly/007.JPG,1,VisA/pcb3/Data/Images/Anomaly/007.JPG,1562,960,other_anomaly,1,0,0,/root/private_data/iad-vlm-anomaly/datasets/VisA/pcb3/Data/Masks/Anomaly/007.png,False,39.03364944458008
e29a040a67f4cafdefa3910c,VisA,pcb3,evaluation,source_fit,/root/private_data/iad-vlm-anomaly/datasets/VisA/pcb3/Data/Images/Anomaly/008.JPG,1,VisA/pcb3/Data/Images/Anomaly/008.JPG,1562,960,other_anomaly,3,0,0,/root/private_data/iad-vlm-anomaly/datasets/VisA/pcb3/Data/Masks/Anomaly/008.png,False,39.03364944458008
bc0a151a73830b91cf629ae6,VisA,pcb3,evaluation,source_fit,/root/private_data/iad-vlm-anomaly/datasets/VisA/pcb3/Data/Images/Anomaly/009.JPG,1,VisA/pcb3/Data/Images/Anomaly/009.JPG,1562,960,other_anomaly,1,0,0,/root/private_data/iad-vlm-anomaly/datasets/VisA/pcb3/Data/Masks/Anomaly/009.png,False,39.03364944458008
8a06f3e847432f46cd2e1394,VisA,pcb3,evaluation,source_fit,/root/private_data/iad-vlm-anomaly/datasets/VisA/pcb3/Data/Images/Anomaly/010.JPG,1,VisA/pcb3/Data/Images/Anomaly/010.JPG,1562,960,other_anomaly,2,0,0,/root/private_data/iad-vlm-anomaly/datasets/VisA/pcb3/Data/Masks/Anomaly/010.png,False,39.03364944458008
5df4539192f57bf417e8130d,VisA,pcb3,evaluation,source_fit,/root/private_data/iad-vlm-anomaly/datasets/VisA/pcb3/Data/Images/Anomaly/011.JPG,1,VisA/pcb3/Data/Images/Anomaly/011.JPG,1562,960,other_anomaly,2,0,0,/root/private_data/iad-vlm-anomaly/datasets/VisA/pcb3/Data/Masks/Anomaly/011.png,False,39.03364944458008
7bd85e3c167af931c064eb67,VisA,pcb3,evaluation,source_fit,/root/private_data/iad-vlm-anomaly/datasets/VisA/pcb3/Data/Images/Anomaly/012.JPG,1,VisA/pcb3/Data/Images/Anomaly/012.JPG,1562,960,other_anomaly,1,0,0,/root/private_data/iad-vlm-anomaly/datasets/VisA/pcb3/Data/Masks/Anomaly/012.png,False,39.03364944458008
c8d0e8e6a1f461b3389d1110,VisA,pcb3,evaluation,source_fit,/root/private_data/iad-vlm-anomaly/datasets/VisA/pcb3/Data/Images/Anomaly/013.JPG,1,VisA/pcb3/Data/Images/Anomaly/013.JPG,1562,960,other_anomaly,1,0,0,/root/private_data/iad-vlm-anomaly/datasets/VisA/pcb3/Data/Masks/Anomaly/013.png,False,39.03364944458008
4773564034a8e983012dbef8,VisA,pcb3,evaluation,source_fit,/root/private_data/iad-vlm-anomaly/datasets/VisA/pcb3/Data/Images/Anomaly/014.JPG,1,VisA/pcb3/Data/Images/Anomaly/014.JPG,1562,960,other_anomaly,1,0,0,/root/private_data/iad-vlm-anomaly/datasets/VisA/pcb3/Data/Masks/Anomaly/014.png,False,39.03364944458008
560887d7ff6c9b943234f327,VisA,pcb3,evaluation,source_fit,/root/private_data/iad-vlm-anomaly/datasets/VisA/pcb3/Data/Images/Anomaly/015.JPG,1,VisA/pcb3/Data/Images/Anomaly/015.JPG,1562,960,other_anomaly,1,0,0,/root/private_data/iad-vlm-anomaly/datasets/VisA/pcb3/Data/Masks/Anomaly/015.png,False,39.03364944458008
3d641a43fe8d5bacb4f61ff1,VisA,pcb3,evaluation,source_fit,/root/private_data/iad-vlm-anomaly/datasets/VisA/pcb3/Data/Images/Anomaly/016.JPG,1,VisA/pcb3/Data/Images/Anomaly/016.JPG,1562,960,other_anomaly,1,0,0,/root/private_data/iad-vlm-anomaly/datasets/VisA/pcb3/Data/Masks/Anomaly/016.png,False,39.03364944458008
dc5fe9467ee732c258956139,VisA,pcb3,evaluation,source_fit,/root/private_data/iad-vlm-anomaly/datasets/VisA/pcb3/Data/Images/Anomaly/017.JPG,1,VisA/pcb3/Data/Images/Anomaly/017.JPG,1562,960,other_anomaly,1,0,0,/root/private_data/iad-vlm-anomaly/datasets/VisA/pcb3/Data/Masks/Anomaly/017.png,False,39.03364944458008
7d5f5d3cf83aca5e99c261d1,VisA,pcb3,evaluation,source_fit,/root/private_data/iad-vlm-anomaly/datasets/VisA/pcb3/Data/Images/Anomaly/018.JPG,1,VisA/pcb3/Data/Images/Anomaly/018.JPG,1562,960,other_anomaly,1,0,0,/root/private_data/iad-vlm-anomaly/datasets/VisA/pcb3/Data/Masks/Anomaly/018.png,False,39.03364944458008
cb0e24bf3e640c774f49f0d4,VisA,pcb3,evaluation,source_fit,/root/private_data/iad-vlm-anomaly/datasets/VisA/pcb3/Data/Images/Anomaly/019.JPG,1,VisA/pcb3/Data/Images/Anomaly/019.JPG,1562,960,other_anomaly,1,0,0,/root/private_data/iad-vlm-anomaly/datasets/VisA/pcb3/Data/Masks/Anomaly/019.png,False,39.03364944458008
b831d785f037d22df96d4bba,VisA,pcb3,evaluation,source_fit,/root/private_data/iad-vlm-anomaly/datasets/VisA/pcb3/Data/Images/Anomaly/020.JPG,1,VisA/pcb3/Data/Images/Anomaly/020.JPG,1562,960,mixed_tiny,7,6,0,/root/private_data/iad-vlm-anomaly/datasets/VisA/pcb3/Data/Masks/Anomaly/020.png,False,39.03364944458008
b0ff82f2da12cc7c2476600c,VisA,pcb3,evaluation,source_fit,/root/private_data/iad-vlm-anomaly/datasets/VisA/pcb3/Data/Images/Anomaly/021.JPG,1,VisA/pcb3/Data/Images/Anomaly/021.JPG,1562,960,other_anomaly,1,0,0,/root/private_data/iad-vlm-anomaly/datasets/VisA/pcb3/Data/Masks/Anomaly/021.png,False,39.03364944458008
ccd22533cc8468c15cea8173,VisA,pcb3,evaluation,source_fit,/root/private_data/iad-vlm-anomaly/datasets/VisA/pcb3/Data/Images/Anomaly/022.JPG,1,VisA/pcb3/Data/Images/Anomaly/022.JPG,1562,960,other_anomaly,1,0,0,/root/private_data/iad-vlm-anomaly/datasets/VisA/pcb3/Data/Masks/Anomaly/022.png,False,39.03364944458008
4a749e9a94c97d05b64241aa,VisA,pcb3,evaluation,source_fit,/root/private_data/iad-vlm-anomaly/datasets/VisA/pcb3/Data/Images/Anomaly/023.JPG,1,VisA/pcb3/Data/Images/Anomaly/023.JPG,1562,960,mixed_tiny,2,1,0,/root/private_data/iad-vlm-anomaly/datasets/VisA/pcb3/Data/Masks/Anomaly/023.png,False,39.03364944458008
15c3ae0d8743e8989805d796,VisA,pcb3,evaluation,source_fit,/root/private_data/iad-vlm-anomaly/datasets/VisA/pcb3/Data/Images/Anomaly/024.JPG,1,VisA/pcb3/Data/Images/Anomaly/024.JPG,1562,960,mixed_tiny,2,1,0,/root/private_data/iad-vlm-anomaly/datasets/VisA/pcb3/Data/Masks/Anomaly/024.png,False,39.03364944458008
b1e4cce03596b43b79ea9b56,VisA,pcb3,evaluation,source_fit,/root/private_data/iad-vlm-anomaly/datasets/VisA/pcb3/Data/Images/Anomaly/025.JPG,1,VisA/pcb3/Data/Images/Anomaly/025.JPG,1562,960,mixed_tiny,4,3,0,/root/private_data/iad-vlm-anomaly/datasets/VisA/pcb3/Data/Masks/Anomaly/025.png,False,39.03364944458008
3d87b297c6b243bf9e8a1daa,VisA,pcb3,evaluation,source_fit,/root/private_data/iad-vlm-anomaly/datasets/VisA/pcb3/Data/Images/Anomaly/026.JPG,1,VisA/pcb3/Data/Images/Anomaly/026.JPG,1562,960,mixed_tiny,6,5,0,/root/private_data/iad-vlm-anomaly/datasets/VisA/pcb3/Data/Masks/Anomaly/026.png,False,39.03364944458008
1eceb5e37343e14cafa05cac,VisA,pcb3,evaluation,source_fit,/root/private_data/iad-vlm-anomaly/datasets/VisA/pcb3/Data/Images/Anomaly/027.JPG,1,VisA/pcb3/Data/Images/Anomaly/027.JPG,1562,960,other_anomaly,1,0,0,/root/private_data/iad-vlm-anomaly/datasets/VisA/pcb3/Data/Masks/Anomaly/027.png,False,39.03364944458008
52546fda84f54d6a1fecaf2e,VisA,pcb3,evaluation,source_fit,/root/private_data/iad-vlm-anomaly/datasets/VisA/pcb3/Data/Images/Anomaly/028.JPG,1,VisA/pcb3/Data/Images/Anomaly/028.JPG,1562,960,mixed_tiny,3,2,0,/root/private_data/iad-vlm-anomaly/datasets/VisA/pcb3/Data/Masks/Anomaly/028.png,False,39.03364944458008
5e22de1b20c6b8a851188e87,VisA,pcb3,evaluation,source_fit,/root/private_data/iad-vlm-anomaly/datasets/VisA/pcb3/Data/Images/Anomaly/029.JPG,1,VisA/pcb3/Data/Images/Anomaly/029.JPG,1562,960,mixed_tiny,8,7,0,/root/private_data/iad-vlm-anomaly/datasets/VisA/pcb3/Data/Masks/Anomaly/029.png,False,39.03364944458008
7b4b5c2c09678c5e8e11b8dd,VisA,pcb3,evaluation,source_fit,/root/private_data/iad-vlm-anomaly/datasets/VisA/pcb3/Data/Images/Anomaly/030.JPG,1,VisA/pcb3/Data/Images/Anomaly/030.JPG,1562,960,other_anomaly,2,0,0,/root/private_data/iad-vlm-anomaly/datasets/VisA/pcb3/Data/Masks/Anomaly/030.png,False,39.03364944458008
8a7cddd693b1921d790d5b13,VisA,pcb3,evaluation,source_fit,/root/private_data/iad-vlm-anomaly/datasets/VisA/pcb3/Data/Images/Anomaly/031.JPG,1,VisA/pcb3/Data/Images/Anomaly/031.JPG,1562,960,other_anomaly,1,0,0,/root/private_data/iad-vlm-anomaly/datasets/VisA/pcb3/Data/Masks/Anomaly/031.png,False,39.03364944458008
ca4bbb42038836cd916fea40,VisA,pcb3,evaluation,source_fit,/root/private_data/iad-vlm-anomaly/datasets/VisA/pcb3/Data/Images/Anomaly/032.JPG,1,VisA/pcb3/Data/Images/Anomaly/032.JPG,1562,960,other_anomaly,2,0,0,/root/private_data/iad-vlm-anomaly/datasets/VisA/pcb3/Data/Masks/Anomaly/032.png,False,39.03364944458008
1fbb9f1ade34b0442c15b1c1,VisA,pcb3,evaluation,source_fit,/root/private_data/iad-vlm-anomaly/datasets/VisA/pcb3/Data/Images/Anomaly/033.JPG,1,VisA/pcb3/Data/Images/Anomaly/033.JPG,1562,960,other_anomaly,1,0,0,/root/private_data/iad-vlm-anomaly/datasets/VisA/pcb3/Data/Masks/Anomaly/033.png,False,39.03364944458008
b284edc37259b804e1588c05,VisA,pcb3,evaluation,source_fit,/root/private_data/iad-vlm-anomaly/datasets/VisA/pcb3/Data/Images/Anomaly/034.JPG,1,VisA/pcb3/Data/Images/Anomaly/034.JPG,1562,960,mixed_tiny,6,4,1,/root/private_data/iad-vlm-anomaly/datasets/VisA/pcb3/Data/Masks/Anomaly/034.png,False,39.03364944458008
7197ad0bd1ca57ef77bcdf39,VisA,pcb3,evaluation,source_fit,/root/private_data/iad-vlm-anomaly/datasets/VisA/pcb3/Data/Images/Anomaly/035.JPG,1,VisA/pcb3/Data/Images/Anomaly/035.JPG,1562,960,mixed_tiny,4,3,0,/root/private_data/iad-vlm-anomaly/datasets/VisA/pcb3/Data/Masks/Anomaly/035.png,False,39.03364944458008
32c9f568a03a9e26ef015b76,VisA,pcb3,evaluation,source_fit,/root/private_data/iad-vlm-anomaly/datasets/VisA/pcb3/Data/Images/Anomaly/036.JPG,1,VisA/pcb3/Data/Images/Anomaly/036.JPG,1562,960,mixed_tiny,6,5,0,/root/private_data/iad-vlm-anomaly/datasets/VisA/pcb3/Data/Masks/Anomaly/036.png,False,39.03364944458008
14f02280ec42c1ccc8aac851,VisA,pcb3,evaluation,source_fit,/root/private_data/iad-vlm-anomaly/datasets/VisA/pcb3/Data/Images/Anomaly/037.JPG,1,VisA/pcb3/Data/Images/Anomaly/037.JPG,1562,960,mixed_tiny,4,3,1,/root/private_data/iad-vlm-anomaly/datasets/VisA/pcb3/Data/Masks/Anomaly/037.png,False,39.03364944458008
6b05141a06e123ce944355e2,VisA,pcb3,evaluation,source_fit,/root/private_data/iad-vlm-anomaly/datasets/VisA/pcb3/Data/Images/Anomaly/038.JPG,1,VisA/pcb3/Data/Images/Anomaly/038.JPG,1562,960,mixed_tiny,4,3,0,/root/private_data/iad-vlm-anomaly/datasets/VisA/pcb3/Data/Masks/Anomaly/038.png,False,39.03364944458008
e8c4f14bf1512ee978e3215c,VisA,pcb3,evaluation,source_fit,/root/private_data/iad-vlm-anomaly/datasets/VisA/pcb3/Data/Images/Anomaly/039.JPG,1,VisA/pcb3/Data/Images/Anomaly/039.JPG,1562,960,other_anomaly,1,0,0,/root/private_data/iad-vlm-anomaly/datasets/VisA/pcb3/Data/Masks/Anomaly/039.png,False,39.03364944458008
ed49ac7324a7e91df5ff4eec,VisA,pcb3,evaluation,source_fit,/root/private_data/iad-vlm-anomaly/datasets/VisA/pcb3/Data/Images/Anomaly/040.JPG,1,VisA/pcb3/Data/Images/Anomaly/040.JPG,1562,960,other_anomaly,1,0,0,/root/private_data/iad-vlm-anomaly/datasets/VisA/pcb3/Data/Masks/Anomaly/040.png,False,39.03364944458008
4f82198a3d1004d1e280622f,VisA,pcb3,evaluation,source_fit,/root/private_data/iad-vlm-anomaly/datasets/VisA/pcb3/Data/Images/Anomaly/041.JPG,1,VisA/pcb3/Data/Images/Anomaly/041.JPG,1562,960,tiny_only,2,2,0,/root/private_data/iad-vlm-anomaly/datasets/VisA/pcb3/Data/Masks/Anomaly/041.png,False,39.03364944458008
edec0f96045bd10e9803db12,VisA,pcb3,evaluation,source_fit,/root/private_data/iad-vlm-anomaly/datasets/VisA/pcb3/Data/Images/Anomaly/042.JPG,1,VisA/pcb3/Data/Images/Anomaly/042.JPG,1562,960,mixed_tiny,2,1,0,/root/private_data/iad-vlm-anomaly/datasets/VisA/pcb3/Data/Masks/Anomaly/042.png,False,39.03364944458008
8544063c4f0dfa42a7779aab,VisA,pcb3,evaluation,source_fit,/root/private_data/iad-vlm-anomaly/datasets/VisA/pcb3/Data/Images/Anomaly/043.JPG,1,VisA/pcb3/Data/Images/Anomaly/043.JPG,1562,960,other_anomaly,2,0,0,/root/private_data/iad-vlm-anomaly/datasets/VisA/pcb3/Data/Masks/Anomaly/043.png,False,39.03364944458008
f7277cd24c31a03f79526d0e,VisA,pcb3,evaluation,source_fit,/root/private_data/iad-vlm-anomaly/datasets/VisA/pcb3/Data/Images/Anomaly/044.JPG,1,VisA/pcb3/Data/Images/Anomaly/044.JPG,1562,960,other_anomaly,1,0,0,/root/private_data/iad-vlm-anomaly/datasets/VisA/pcb3/Data/Masks/Anomaly/044.png,False,39.03364944458008
d3f9ce53374c295ee2be4662,VisA,pcb3,evaluation,source_fit,/root/private_data/iad-vlm-anomaly/datasets/VisA/pcb3/Data/Images/Anomaly/045.JPG,1,VisA/pcb3/Data/Images/Anomaly/045.JPG,1562,960,tiny_only,6,6,0,/root/private_data/iad-vlm-anomaly/datasets/VisA/pcb3/Data/Masks/Anomaly/045.png,False,39.03364944458008
934643e8423388494ab08704,VisA,pcb3,evaluation,source_fit,/root/private_data/iad-vlm-anomaly/datasets/VisA/pcb3/Data/Images/Anomaly/046.JPG,1,VisA/pcb3/Data/Images/Anomaly/046.JPG,1562,960,mixed_tiny,15,13,2,/root/private_data/iad-vlm-anomaly/datasets/VisA/pcb3/Data/Masks/Anomaly/046.png,False,39.03364944458008
91b0cac38312f1899f1637c5,VisA,pcb3,evaluation,source_fit,/root/private_data/iad-vlm-anomaly/datasets/VisA/pcb3/Data/Images/Anomaly/047.JPG,1,VisA/pcb3/Data/Images/Anomaly/047.JPG,1562,960,other_anomaly,2,0,0,/root/private_data/iad-vlm-anomaly/datasets/VisA/pcb3/Data/Masks/Anomaly/047.png,False,39.03364944458008
ce08ed8426b8499dce325f94,VisA,pcb3,evaluation,source_fit,/root/private_data/iad-vlm-anomaly/datasets/VisA/pcb3/Data/Images/Anomaly/048.JPG,1,VisA/pcb3/Data/Images/Anomaly/048.JPG,1562,960,mixed_tiny,3,2,0,/root/private_data/iad-vlm-anomaly/datasets/VisA/pcb3/Data/Masks/Anomaly/048.png,False,39.03364944458008
7b930fe92c62d542c51727f6,VisA,pcb3,evaluation,source_fit,/root/private_data/iad-vlm-anomaly/datasets/VisA/pcb3/Data/Images/Anomaly/049.JPG,1,VisA/pcb3/Data/Images/Anomaly/049.JPG,1562,960,tiny_only,1,1,0,/root/private_data/iad-vlm-anomaly/datasets/VisA/pcb3/Data/Masks/Anomaly/049.png,False,39.03364944458008
cf9a7dd1993f876a3309b56e,VisA,pcb3,evaluation,source_fit,/root/private_data/iad-vlm-anomaly/datasets/VisA/pcb3/Data/Images/Anomaly/050.JPG,1,VisA/pcb3/Data/Images/Anomaly/050.JPG,1562,960,other_anomaly,1,0,0,/root/private_data/iad-vlm-anomaly/datasets/VisA/pcb3/Data/Masks/Anomaly/050.png,False,39.03364944458008
b838036dacda8010bf828f1f,VisA,pcb3,evaluation,source_fit,/root/private_data/iad-vlm-anomaly/datasets/VisA/pcb3/Data/Images/Anomaly/051.JPG,1,VisA/pcb3/Data/Images/Anomaly/051.JPG,1562,960,other_anomaly,1,0,0,/root/private_data/iad-vlm-anomaly/datasets/VisA/pcb3/Data/Masks/Anomaly/051.png,False,39.03364944458008
46bd2a9a13c68a3032f8a029,VisA,pcb3,evaluation,source_fit,/root/private_data/iad-vlm-anomaly/datasets/VisA/pcb3/Data/Images/Anomaly/052.JPG,1,VisA/pcb3/Data/Images/Anomaly/052.JPG,1562,960,other_anomaly,1,0,0,/root/private_data/iad-vlm-anomaly/datasets/VisA/pcb3/Data/Masks/Anomaly/052.png,False,39.03364944458008
7e9bdf56b2622729636c1045,VisA,pcb3,evaluation,source_fit,/root/private_data/iad-vlm-anomaly/datasets/VisA/pcb3/Data/Images/Anomaly/053.JPG,1,VisA/pcb3/Data/Images/Anomaly/053.JPG,1562,960,mixed_tiny,4,1,0,/root/private_data/iad-vlm-anomaly/datasets/VisA/pcb3/Data/Masks/Anomaly/053.png,False,39.03364944458008
f73d56126da134c469e66dd7,VisA,pcb3,evaluation,source_fit,/root/private_data/iad-vlm-anomaly/datasets/VisA/pcb3/Data/Images/Anomaly/054.JPG,1,VisA/pcb3/Data/Images/Anomaly/054.JPG,1562,960,mixed_tiny,2,1,0,/root/private_data/iad-vlm-anomaly/datasets/VisA/pcb3/Data/Masks/Anomaly/054.png,False,39.03364944458008
50ea033230d5fe7c2043a5de,VisA,pcb3,evaluation,source_fit,/root/private_data/iad-vlm-anomaly/datasets/VisA/pcb3/Data/Images/Anomaly/055.JPG,1,VisA/pcb3/Data/Images/Anomaly/055.JPG,1562,960,other_anomaly,1,0,0,/root/private_data/iad-vlm-anomaly/datasets/VisA/pcb3/Data/Masks/Anomaly/055.png,False,39.03364944458008
12f6de240f34609698a449ec,VisA,pcb3,evaluation,source_fit,/root/private_data/iad-vlm-anomaly/datasets/VisA/pcb3/Data/Images/Anomaly/056.JPG,1,VisA/pcb3/Data/Images/Anomaly/056.JPG,1562,960,tiny_only,1,1,0,/root/private_data/iad-vlm-anomaly/datasets/VisA/pcb3/Data/Masks/Anomaly/056.png,False,39.03364944458008
be68c91ba135f7233398ea1c,VisA,pcb3,evaluation,source_fit,/root/private_data/iad-vlm-anomaly/datasets/VisA/pcb3/Data/Images/Anomaly/057.JPG,1,VisA/pcb3/Data/Images/Anomaly/057.JPG,1562,960,other_anomaly,1,0,0,/root/private_data/iad-vlm-anomaly/datasets/VisA/pcb3/Data/Masks/Anomaly/057.png,False,39.03364944458008
dc1e7b75565f5b8171c95bf5,VisA,pcb3,evaluation,source_fit,/root/private_data/iad-vlm-anomaly/datasets/VisA/pcb3/Data/Images/Anomaly/058.JPG,1,VisA/pcb3/Data/Images/Anomaly/058.JPG,1562,960,tiny_only,2,2,0,/root/private_data/iad-vlm-anomaly/datasets/VisA/pcb3/Data/Masks/Anomaly/058.png,False,39.03364944458008
9b501d06984dd1b3dedbfd5d,VisA,pcb3,evaluation,source_fit,/root/private_data/iad-vlm-anomaly/datasets/VisA/pcb3/Data/Images/Anomaly/059.JPG,1,VisA/pcb3/Data/Images/Anomaly/059.JPG,1562,960,other_anomaly,2,0,0,/root/private_data/iad-vlm-anomaly/datasets/VisA/pcb3/Data/Masks/Anomaly/059.png,False,39.03364944458008
fcb791ab3ea3fb7a609f757e,VisA,pcb3,evaluation,source_fit,/root/private_data/iad-vlm-anomaly/datasets/VisA/pcb3/Data/Images/Anomaly/060.JPG,1,VisA/pcb3/Data/Images/Anomaly/060.JPG,1562,960,mixed_tiny,4,3,0,/root/private_data/iad-vlm-anomaly/datasets/VisA/pcb3/Data/Masks/Anomaly/060.png,False,39.03364944458008
ed0b427ea2af383e2c74329d,VisA,pcb3,evaluation,source_fit,/root/private_data/iad-vlm-anomaly/datasets/VisA/pcb3/Data/Images/Anomaly/061.JPG,1,VisA/pcb3/Data/Images/Anomaly/061.JPG,1562,960,other_anomaly,1,0,0,/root/private_data/iad-vlm-anomaly/datasets/VisA/pcb3/Data/Masks/Anomaly/061.png,False,39.03364944458008
249f8e1272d8883ea47662fb,VisA,pcb3,evaluation,source_fit,/root/private_data/iad-vlm-anomaly/datasets/VisA/pcb3/Data/Images/Anomaly/062.JPG,1,VisA/pcb3/Data/Images/Anomaly/062.JPG,1562,960,mixed_tiny,6,5,0,/root/private_data/iad-vlm-anomaly/datasets/VisA/pcb3/Data/Masks/Anomaly/062.png,False,39.03364944458008
6c1fc0e6d225520f1907a225,VisA,pcb3,evaluation,source_fit,/root/private_data/iad-vlm-anomaly/datasets/VisA/pcb3/Data/Images/Anomaly/063.JPG,1,VisA/pcb3/Data/Images/Anomaly/063.JPG,1562,960,other_anomaly,1,0,0,/root/private_data/iad-vlm-anomaly/datasets/VisA/pcb3/Data/Masks/Anomaly/063.png,False,39.03364944458008
3f5daadf1432eed743eaeb72,VisA,pcb3,evaluation,source_fit,/root/private_data/iad-vlm-anomaly/datasets/VisA/pcb3/Data/Images/Anomaly/064.JPG,1,VisA/pcb3/Data/Images/Anomaly/064.JPG,1562,960,mixed_tiny,12,11,0,/root/private_data/iad-vlm-anomaly/datasets/VisA/pcb3/Data/Masks/Anomaly/064.png,False,39.03364944458008
7b3aa78e93b96651be784a04,VisA,pcb3,evaluation,source_fit,/root/private_data/iad-vlm-anomaly/datasets/VisA/pcb3/Data/Images/Anomaly/065.JPG,1,VisA/pcb3/Data/Images/Anomaly/065.JPG,1562,960,mixed_tiny,31,30,0,/root/private_data/iad-vlm-anomaly/datasets/VisA/pcb3/Data/Masks/Anomaly/065.png,False,39.03364944458008
a569d3990d1513165c49cccf,VisA,pcb3,evaluation,source_fit,/root/private_data/iad-vlm-anomaly/datasets/VisA/pcb3/Data/Images/Anomaly/066.JPG,1,VisA/pcb3/Data/Images/Anomaly/066.JPG,1562,960,mixed_tiny,4,3,0,/root/private_data/iad-vlm-anomaly/datasets/VisA/pcb3/Data/Masks/Anomaly/066.png,False,39.03364944458008
18e1a3f7f9f9b8caa40609cc,VisA,pcb3,evaluation,source_fit,/root/private_data/iad-vlm-anomaly/datasets/VisA/pcb3/Data/Images/Anomaly/067.JPG,1,VisA/pcb3/Data/Images/Anomaly/067.JPG,1562,960,mixed_tiny,4,3,0,/root/private_data/iad-vlm-anomaly/datasets/VisA/pcb3/Data/Masks/Anomaly/067.png,False,39.03364944458008
bcc4280fb7ff5c2da59097f0,VisA,pcb3,evaluation,source_fit,/root/private_data/iad-vlm-anomaly/datasets/VisA/pcb3/Data/Images/Anomaly/068.JPG,1,VisA/pcb3/Data/Images/Anomaly/068.JPG,1562,960,mixed_tiny,2,1,0,/root/private_data/iad-vlm-anomaly/datasets/VisA/pcb3/Data/Masks/Anomaly/068.png,False,39.03364944458008
93c53680529d7217c5f47f79,VisA,pcb3,evaluation,source_fit,/root/private_data/iad-vlm-anomaly/datasets/VisA/pcb3/Data/Images/Anomaly/069.JPG,1,VisA/pcb3/Data/Images/Anomaly/069.JPG,1562,960,other_anomaly,1,0,0,/root/private_data/iad-vlm-anomaly/datasets/VisA/pcb3/Data/Masks/Anomaly/069.png,False,39.03364944458008
a1479eb073103ac29bf7aee5,VisA,pcb3,evaluation,source_fit,/root/private_data/iad-vlm-anomaly/datasets/VisA/pcb3/Data/Images/Anomaly/070.JPG,1,VisA/pcb3/Data/Images/Anomaly/070.JPG,1562,960,mixed_tiny,2,1,0,/root/private_data/iad-vlm-anomaly/datasets/VisA/pcb3/Data/Masks/Anomaly/070.png,False,39.03364944458008
c416948642d628c37cf0631c,VisA,pcb3,evaluation,source_fit,/root/private_data/iad-vlm-anomaly/datasets/VisA/pcb3/Data/Images/Anomaly/071.JPG,1,VisA/pcb3/Data/Images/Anomaly/071.JPG,1562,960,other_anomaly,1,0,0,/root/private_data/iad-vlm-anomaly/datasets/VisA/pcb3/Data/Masks/Anomaly/071.png,False,39.03364944458008
63fe5945d26e0efa418a77e6,VisA,pcb3,evaluation,source_fit,/root/private_data/iad-vlm-anomaly/datasets/VisA/pcb3/Data/Images/Anomaly/072.JPG,1,VisA/pcb3/Data/Images/Anomaly/072.JPG,1562,960,mixed_tiny,2,1,0,/root/private_data/iad-vlm-anomaly/datasets/VisA/pcb3/Data/Masks/Anomaly/072.png,False,39.03364944458008
00160ff324c599b2c715a0b5,VisA,pcb3,evaluation,source_fit,/root/private_data/iad-vlm-anomaly/datasets/VisA/pcb3/Data/Images/Anomaly/073.JPG,1,VisA/pcb3/Data/Images/Anomaly/073.JPG,1562,960,mixed_tiny,8,7,0,/root/private_data/iad-vlm-anomaly/datasets/VisA/pcb3/Data/Masks/Anomaly/073.png,False,39.03364944458008
a34a9649cc479852c9c16a76,VisA,pcb3,evaluation,source_fit,/root/private_data/iad-vlm-anomaly/datasets/VisA/pcb3/Data/Images/Anomaly/074.JPG,1,VisA/pcb3/Data/Images/Anomaly/074.JPG,1562,960,mixed_tiny,3,2,0,/root/private_data/iad-vlm-anomaly/datasets/VisA/pcb3/Data/Masks/Anomaly/074.png,False,39.03364944458008
d0ab37e5a4719ff16e84666d,VisA,pcb3,evaluation,source_fit,/root/private_data/iad-vlm-anomaly/datasets/VisA/pcb3/Data/Images/Anomaly/075.JPG,1,VisA/pcb3/Data/Images/Anomaly/075.JPG,1562,960,other_anomaly,1,0,0,/root/private_data/iad-vlm-anomaly/datasets/VisA/pcb3/Data/Masks/Anomaly/075.png,False,39.03364944458008
fed78b28902ec90460c78fc3,VisA,pcb3,evaluation,source_fit,/root/private_data/iad-vlm-anomaly/datasets/VisA/pcb3/Data/Images/Anomaly/076.JPG,1,VisA/pcb3/Data/Images/Anomaly/076.JPG,1562,960,mixed_tiny,3,1,0,/root/private_data/iad-vlm-anomaly/datasets/VisA/pcb3/Data/Masks/Anomaly/076.png,False,39.03364944458008
d4b0eec4535fdfd674e4c71e,VisA,pcb3,evaluation,source_fit,/root/private_data/iad-vlm-anomaly/datasets/VisA/pcb3/Data/Images/Anomaly/077.JPG,1,VisA/pcb3/Data/Images/Anomaly/077.JPG,1562,960,mixed_tiny,10,8,0,/root/private_data/iad-vlm-anomaly/datasets/VisA/pcb3/Data/Masks/Anomaly/077.png,False,39.03364944458008
11aa823d106daa2240583cd3,VisA,pcb3,evaluation,source_fit,/root/private_data/iad-vlm-anomaly/datasets/VisA/pcb3/Data/Images/Anomaly/078.JPG,1,VisA/pcb3/Data/Images/Anomaly/078.JPG,1562,960,other_anomaly,1,0,0,/root/private_data/iad-vlm-anomaly/datasets/VisA/pcb3/Data/Masks/Anomaly/078.png,False,39.03364944458008
faa43040d0a6fc9e74142c2f,VisA,pcb3,evaluation,source_fit,/root/private_data/iad-vlm-anomaly/datasets/VisA/pcb3/Data/Images/Anomaly/079.JPG,1,VisA/pcb3/Data/Images/Anomaly/079.JPG,1562,960,mixed_tiny,2,1,0,/root/private_data/iad-vlm-anomaly/datasets/VisA/pcb3/Data/Masks/Anomaly/079.png,False,39.03364944458008
4306ab11db3608ce4a569108,VisA,pcb3,evaluation,source_fit,/root/private_data/iad-vlm-anomaly/datasets/VisA/pcb3/Data/Images/Anomaly/080.JPG,1,VisA/pcb3/Data/Images/Anomaly/080.JPG,1562,960,mixed_tiny,3,2,0,/root/private_data/iad-vlm-anomaly/datasets/VisA/pcb3/Data/Masks/Anomaly/080.png,False,39.03364944458008
3c4a804044a0d360622a6542,VisA,pcb3,evaluation,source_fit,/root/private_data/iad-vlm-anomaly/datasets/VisA/pcb3/Data/Images/Anomaly/081.JPG,1,VisA/pcb3/Data/Images/Anomaly/081.JPG,1562,960,mixed_tiny,2,1,0,/root/private_data/iad-vlm-anomaly/datasets/VisA/pcb3/Data/Masks/Anomaly/081.png,False,39.03364944458008
dbb4aa21ac55939e97e7877a,VisA,pcb3,evaluation,source_fit,/root/private_data/iad-vlm-anomaly/datasets/VisA/pcb3/Data/Images/Anomaly/082.JPG,1,VisA/pcb3/Data/Images/Anomaly/082.JPG,1562,960,other_anomaly,1,0,0,/root/private_data/iad-vlm-anomaly/datasets/VisA/pcb3/Data/Masks/Anomaly/082.png,False,39.03364944458008
d131209a7aa6c748e7ed53f3,VisA,pcb3,evaluation,source_fit,/root/private_data/iad-vlm-anomaly/datasets/VisA/pcb3/Data/Images/Anomaly/083.JPG,1,VisA/pcb3/Data/Images/Anomaly/083.JPG,1562,960,mixed_tiny,2,1,0,/root/private_data/iad-vlm-anomaly/datasets/VisA/pcb3/Data/Masks/Anomaly/083.png,False,39.03364944458008
4373511abe35d425e9676a2a,VisA,pcb3,evaluation,source_fit,/root/private_data/iad-vlm-anomaly/datasets/VisA/pcb3/Data/Images/Anomaly/084.JPG,1,VisA/pcb3/Data/Images/Anomaly/084.JPG,1562,960,mixed_tiny,2,1,0,/root/private_data/iad-vlm-anomaly/datasets/VisA/pcb3/Data/Masks/Anomaly/084.png,False,39.03364944458008
37d281bef1de8488cc105a14,VisA,pcb3,evaluation,source_fit,/root/private_data/iad-vlm-anomaly/datasets/VisA/pcb3/Data/Images/Anomaly/085.JPG,1,VisA/pcb3/Data/Images/Anomaly/085.JPG,1562,960,other_anomaly,1,0,0,/root/private_data/iad-vlm-anomaly/datasets/VisA/pcb3/Data/Masks/Anomaly/085.png,False,39.03364944458008
a2fc7a2f4dbd7b0a1425f6a0,VisA,pcb3,evaluation,source_fit,/root/private_data/iad-vlm-anomaly/datasets/VisA/pcb3/Data/Images/Anomaly/086.JPG,1,VisA/pcb3/Data/Images/Anomaly/086.JPG,1562,960,other_anomaly,1,0,0,/root/private_data/iad-vlm-anomaly/datasets/VisA/pcb3/Data/Masks/Anomaly/086.png,False,39.03364944458008
a5fbbd4fd9bf7832a02775fe,VisA,pcb3,evaluation,source_fit,/root/private_data/iad-vlm-anomaly/datasets/VisA/pcb3/Data/Images/Anomaly/087.JPG,1,VisA/pcb3/Data/Images/Anomaly/087.JPG,1562,960,other_anomaly,2,0,1,/root/private_data/iad-vlm-anomaly/datasets/VisA/pcb3/Data/Masks/Anomaly/087.png,False,39.03364944458008
652343ecfc3c939f01d8e928,VisA,pcb3,evaluation,source_fit,/root/private_data/iad-vlm-anomaly/datasets/VisA/pcb3/Data/Images/Anomaly/088.JPG,1,VisA/pcb3/Data/Images/Anomaly/088.JPG,1562,960,mixed_tiny,4,3,0,/root/private_data/iad-vlm-anomaly/datasets/VisA/pcb3/Data/Masks/Anomaly/088.png,False,39.03364944458008
36890e55c2c6b3d21fb8bd1b,VisA,pcb3,evaluation,source_fit,/root/private_data/iad-vlm-anomaly/datasets/VisA/pcb3/Data/Images/Anomaly/089.JPG,1,VisA/pcb3/Data/Images/Anomaly/089.JPG,1562,960,mixed_tiny,3,1,1,/root/private_data/iad-vlm-anomaly/datasets/VisA/pcb3/Data/Masks/Anomaly/089.png,False,39.03364944458008
c850ed3e3fdd330aeb92bb23,VisA,pcb3,evaluation,source_fit,/root/private_data/iad-vlm-anomaly/datasets/VisA/pcb3/Data/Images/Anomaly/090.JPG,1,VisA/pcb3/Data/Images/Anomaly/090.JPG,1562,960,mixed_tiny,2,1,0,/root/private_data/iad-vlm-anomaly/datasets/VisA/pcb3/Data/Masks/Anomaly/090.png,False,39.03364944458008
0623b00ea5cbe2a2f243afb8,VisA,pcb3,evaluation,source_fit,/root/private_data/iad-vlm-anomaly/datasets/VisA/pcb3/Data/Images/Anomaly/091.JPG,1,VisA/pcb3/Data/Images/Anomaly/091.JPG,1562,960,other_anomaly,1,0,0,/root/private_data/iad-vlm-anomaly/datasets/VisA/pcb3/Data/Masks/Anomaly/091.png,False,39.03364944458008
faa514ab45e01a4b854740cf,VisA,pcb3,evaluation,source_fit,/root/private_data/iad-vlm-anomaly/datasets/VisA/pcb3/Data/Images/Anomaly/092.JPG,1,VisA/pcb3/Data/Images/Anomaly/092.JPG,1562,960,mixed_tiny,3,2,0,/root/private_data/iad-vlm-anomaly/datasets/VisA/pcb3/Data/Masks/Anomaly/092.png,False,39.03364944458008
36d1b72ee722b86a7f2dade4,VisA,pcb3,evaluation,source_fit,/root/private_data/iad-vlm-anomaly/datasets/VisA/pcb3/Data/Images/Anomaly/093.JPG,1,VisA/pcb3/Data/Images/Anomaly/093.JPG,1562,960,other_anomaly,1,0,0,/root/private_data/iad-vlm-anomaly/datasets/VisA/pcb3/Data/Masks/Anomaly/093.png,False,39.03364944458008
fd1ba76f2cac314fa9e195a7,VisA,pcb3,evaluation,source_fit,/root/private_data/iad-vlm-anomaly/datasets/VisA/pcb3/Data/Images/Anomaly/094.JPG,1,VisA/pcb3/Data/Images/Anomaly/094.JPG,1562,960,mixed_tiny,3,1,1,/root/private_data/iad-vlm-anomaly/datasets/VisA/pcb3/Data/Masks/Anomaly/094.png,False,39.03364944458008
3c0b4bf6bf885018b620760d,VisA,pcb3,evaluation,source_fit,/root/private_data/iad-vlm-anomaly/datasets/VisA/pcb3/Data/Images/Anomaly/095.JPG,1,VisA/pcb3/Data/Images/Anomaly/095.JPG,1562,960,other_anomaly,1,0,0,/root/private_data/iad-vlm-anomaly/datasets/VisA/pcb3/Data/Masks/Anomaly/095.png,False,39.03364944458008
009b5b8e3f53c3ec7bca77e5,VisA,pcb3,evaluation,source_fit,/root/private_data/iad-vlm-anomaly/datasets/VisA/pcb3/Data/Images/Anomaly/096.JPG,1,VisA/pcb3/Data/Images/Anomaly/096.JPG,1562,960,other_anomaly,1,0,0,/root/private_data/iad-vlm-anomaly/datasets/VisA/pcb3/Data/Masks/Anomaly/096.png,False,39.03364944458008
5a9bd58da8232d623302a431,VisA,pcb3,evaluation,source_fit,/root/private_data/iad-vlm-anomaly/datasets/VisA/pcb3/Data/Images/Anomaly/097.JPG,1,VisA/pcb3/Data/Images/Anomaly/097.JPG,1562,960,mixed_tiny,2,1,0,/root/private_data/iad-vlm-anomaly/datasets/VisA/pcb3/Data/Masks/Anomaly/097.png,False,39.03364944458008
ef98ce7f2a4f4ab08e617a63,VisA,pcb3,evaluation,source_fit,/root/private_data/iad-vlm-anomaly/datasets/VisA/pcb3/Data/Images/Anomaly/098.JPG,1,VisA/pcb3/Data/Images/Anomaly/098.JPG,1562,960,other_anomaly,1,0,0,/root/private_data/iad-vlm-anomaly/datasets/VisA/pcb3/Data/Masks/Anomaly/098.png,False,39.03364944458008
1e51370fdebf3dff56edbce7,VisA,pcb3,evaluation,source_fit,/root/private_data/iad-vlm-anomaly/datasets/VisA/pcb3/Data/Images/Anomaly/099.JPG,1,VisA/pcb3/Data/Images/Anomaly/099.JPG,1562,960,other_anomaly,1,0,0,/root/private_data/iad-vlm-anomaly/datasets/VisA/pcb3/Data/Masks/Anomaly/099.png,False,39.03364944458008
879a9e187d2fb2c26d3011be,VisA,pcb4,evaluation,source_fit,/root/private_data/iad-vlm-anomaly/datasets/VisA/pcb4/Data/Images/Normal/0107.JPG,0,VisA/pcb4/Data/Images/Normal/0107.JPG,1358,1104,normal,0,0,0,,False,35.68712120056152
69ba060e16646709c1ba4118,VisA,pcb4,evaluation,source_fit,/root/private_data/iad-vlm-anomaly/datasets/VisA/pcb4/Data/Images/Normal/0484.JPG,0,VisA/pcb4/Data/Images/Normal/0484.JPG,1358,1104,normal,0,0,0,,False,35.68712120056152
c207e5e9d612c394c2a79e07,VisA,pcb4,evaluation,source_fit,/root/private_data/iad-vlm-anomaly/datasets/VisA/pcb4/Data/Images/Normal/0690.JPG,0,VisA/pcb4/Data/Images/Normal/0690.JPG,1358,1104,normal,0,0,0,,False,35.68712120056152
12774eb0dd589f4b33059131,VisA,pcb4,evaluation,source_fit,/root/private_data/iad-vlm-anomaly/datasets/VisA/pcb4/Data/Images/Normal/0303.JPG,0,VisA/pcb4/Data/Images/Normal/0303.JPG,1358,1104,normal,0,0,0,,False,35.68712120056152
ebdcce8467c4adf610fb54c3,VisA,pcb4,evaluation,source_fit,/root/private_data/iad-vlm-anomaly/datasets/VisA/pcb4/Data/Images/Normal/0237.JPG,0,VisA/pcb4/Data/Images/Normal/0237.JPG,1358,1104,normal,0,0,0,,False,35.68712120056152
338cb4d6755dfb5303de9f54,VisA,pcb4,evaluation,source_fit,/root/private_data/iad-vlm-anomaly/datasets/VisA/pcb4/Data/Images/Normal/0394.JPG,0,VisA/pcb4/Data/Images/Normal/0394.JPG,1358,1104,normal,0,0,0,,False,35.68712120056152
925ea38d4e5a984148a71d20,VisA,pcb4,evaluation,source_fit,/root/private_data/iad-vlm-anomaly/datasets/VisA/pcb4/Data/Images/Normal/0214.JPG,0,VisA/pcb4/Data/Images/Normal/0214.JPG,1358,1104,normal,0,0,0,,False,35.68712120056152
530abbba39db08b11beeff4f,VisA,pcb4,evaluation,source_fit,/root/private_data/iad-vlm-anomaly/datasets/VisA/pcb4/Data/Images/Normal/0990.JPG,0,VisA/pcb4/Data/Images/Normal/0990.JPG,1358,1104,normal,0,0,0,,True,35.68712120056152
8c6c68d6c3d47870ef132cb9,VisA,pcb4,evaluation,source_fit,/root/private_data/iad-vlm-anomaly/datasets/VisA/pcb4/Data/Images/Normal/0657.JPG,0,VisA/pcb4/Data/Images/Normal/0657.JPG,1358,1104,normal,0,0,0,,False,35.68712120056152
1315e58ccfc03d64e65dd8b1,VisA,pcb4,evaluation,source_fit,/root/private_data/iad-vlm-anomaly/datasets/VisA/pcb4/Data/Images/Normal/0377.JPG,0,VisA/pcb4/Data/Images/Normal/0377.JPG,1358,1104,normal,0,0,0,,False,35.68712120056152
342efc669ebd5e9a3eed1119,VisA,pcb4,evaluation,source_fit,/root/private_data/iad-vlm-anomaly/datasets/VisA/pcb4/Data/Images/Normal/0659.JPG,0,VisA/pcb4/Data/Images/Normal/0659.JPG,1358,1104,normal,0,0,0,,False,35.68712120056152
e1c750f13cbc1258c048b35a,VisA,pcb4,evaluation,source_fit,/root/private_data/iad-vlm-anomaly/datasets/VisA/pcb4/Data/Images/Normal/0514.JPG,0,VisA/pcb4/Data/Images/Normal/0514.JPG,1358,1104,normal,0,0,0,,False,35.68712120056152
384d1e991130ef9a8a9babe1,VisA,pcb4,evaluation,source_fit,/root/private_data/iad-vlm-anomaly/datasets/VisA/pcb4/Data/Images/Normal/0617.JPG,0,VisA/pcb4/Data/Images/Normal/0617.JPG,1358,1104,normal,0,0,0,,False,35.68712120056152
ed3899dca5b42c60ea76fef9,VisA,pcb4,evaluation,source_fit,/root/private_data/iad-vlm-anomaly/datasets/VisA/pcb4/Data/Images/Normal/0725.JPG,0,VisA/pcb4/Data/Images/Normal/0725.JPG,1358,1104,normal,0,0,0,,False,35.68712120056152
f1389ff79262f2e03ad21c4a,VisA,pcb4,evaluation,source_fit,/root/private_data/iad-vlm-anomaly/datasets/VisA/pcb4/Data/Images/Normal/0172.JPG,0,VisA/pcb4/Data/Images/Normal/0172.JPG,1358,1104,normal,0,0,0,,False,35.68712120056152
9c59bacae8072ea00979926c,VisA,pcb4,evaluation,source_fit,/root/private_data/iad-vlm-anomaly/datasets/VisA/pcb4/Data/Images/Normal/1001.JPG,0,VisA/pcb4/Data/Images/Normal/1001.JPG,1358,1104,normal,0,0,0,,False,35.68712120056152
79d64fa32eebe85dc9ca3e39,VisA,pcb4,evaluation,source_fit,/root/private_data/iad-vlm-anomaly/datasets/VisA/pcb4/Data/Images/Normal/0483.JPG,0,VisA/pcb4/Data/Images/Normal/0483.JPG,1358,1104,normal,0,0,0,,False,35.68712120056152
11d19c328a71bea06c5efa35,VisA,pcb4,evaluation,source_fit,/root/private_data/iad-vlm-anomaly/datasets/VisA/pcb4/Data/Images/Normal/0654.JPG,0,VisA/pcb4/Data/Images/Normal/0654.JPG,1358,1104,normal,0,0,0,,False,35.68712120056152
bd0f51d58e329e45ebadcf50,VisA,pcb4,evaluation,source_fit,/root/private_data/iad-vlm-anomaly/datasets/VisA/pcb4/Data/Images/Normal/0400.JPG,0,VisA/pcb4/Data/Images/Normal/0400.JPG,1358,1104,normal,0,0,0,,False,35.68712120056152
782c205c691cff62c71e88a2,VisA,pcb4,evaluation,source_fit,/root/private_data/iad-vlm-anomaly/datasets/VisA/pcb4/Data/Images/Normal/0469.JPG,0,VisA/pcb4/Data/Images/Normal/0469.JPG,1358,1104,normal,0,0,0,,False,35.68712120056152
63d23e80bb60ce2749f0301c,VisA,pcb4,evaluation,source_fit,/root/private_data/iad-vlm-anomaly/datasets/VisA/pcb4/Data/Images/Normal/0525.JPG,0,VisA/pcb4/Data/Images/Normal/0525.JPG,1358,1104,normal,0,0,0,,False,35.68712120056152
dc79b8ca0ab9a572e3841f9d,VisA,pcb4,evaluation,source_fit,/root/private_data/iad-vlm-anomaly/datasets/VisA/pcb4/Data/Images/Normal/0170.JPG,0,VisA/pcb4/Data/Images/Normal/0170.JPG,1358,1104,normal,0,0,0,,False,35.68712120056152
b360b01f699336ea6d7b0cf8,VisA,pcb4,evaluation,source_fit,/root/private_data/iad-vlm-anomaly/datasets/VisA/pcb4/Data/Images/Normal/0631.JPG,0,VisA/pcb4/Data/Images/Normal/0631.JPG,1358,1104,normal,0,0,0,,False,35.68712120056152
e7b2f5c457da2515d6842389,VisA,pcb4,evaluation,source_fit,/root/private_data/iad-vlm-anomaly/datasets/VisA/pcb4/Data/Images/Normal/0685.JPG,0,VisA/pcb4/Data/Images/Normal/0685.JPG,1358,1104,normal,0,0,0,,False,35.68712120056152
a32ea7c7a03c43064664e265,VisA,pcb4,evaluation,source_fit,/root/private_data/iad-vlm-anomaly/datasets/VisA/pcb4/Data/Images/Normal/0320.JPG,0,VisA/pcb4/Data/Images/Normal/0320.JPG,1358,1104,normal,0,0,0,,True,35.68712120056152
ddcbf1d18345e1e6df5ce386,VisA,pcb4,evaluation,source_fit,/root/private_data/iad-vlm-anomaly/datasets/VisA/pcb4/Data/Images/Normal/0869.JPG,0,VisA/pcb4/Data/Images/Normal/0869.JPG,1358,1104,normal,0,0,0,,False,35.68712120056152
a45f3bdba386a3c6966dc459,VisA,pcb4,evaluation,source_fit,/root/private_data/iad-vlm-anomaly/datasets/VisA/pcb4/Data/Images/Normal/0423.JPG,0,VisA/pcb4/Data/Images/Normal/0423.JPG,1358,1104,normal,0,0,0,,True,35.68712120056152
f480ac15e00b1bb47f723ccc,VisA,pcb4,evaluation,source_fit,/root/private_data/iad-vlm-anomaly/datasets/VisA/pcb4/Data/Images/Normal/0417.JPG,0,VisA/pcb4/Data/Images/Normal/0417.JPG,1358,1104,normal,0,0,0,,False,35.68712120056152
ad727cd7b964c0f4cdfdb0c5,VisA,pcb4,evaluation,source_fit,/root/private_data/iad-vlm-anomaly/datasets/VisA/pcb4/Data/Images/Normal/0751.JPG,0,VisA/pcb4/Data/Images/Normal/0751.JPG,1358,1104,normal,0,0,0,,False,35.68712120056152
8b03478c339d4dafa739ce5d,VisA,pcb4,evaluation,source_fit,/root/private_data/iad-vlm-anomaly/datasets/VisA/pcb4/Data/Images/Normal/0764.JPG,0,VisA/pcb4/Data/Images/Normal/0764.JPG,1358,1104,normal,0,0,0,,False,35.68712120056152
3cdeb50e2efed16c26b4b2de,VisA,pcb4,evaluation,source_fit,/root/private_data/iad-vlm-anomaly/datasets/VisA/pcb4/Data/Images/Normal/0971.JPG,0,VisA/pcb4/Data/Images/Normal/0971.JPG,1358,1104,normal,0,0,0,,False,35.68712120056152
610621b5ca199240fdf35fd6,VisA,pcb4,evaluation,source_fit,/root/private_data/iad-vlm-anomaly/datasets/VisA/pcb4/Data/Images/Normal/0730.JPG,0,VisA/pcb4/Data/Images/Normal/0730.JPG,1358,1104,normal,0,0,0,,False,35.68712120056152
e5027aa058e0d68ff7fd375b,VisA,pcb4,evaluation,source_fit,/root/private_data/iad-vlm-anomaly/datasets/VisA/pcb4/Data/Images/Normal/0306.JPG,0,VisA/pcb4/Data/Images/Normal/0306.JPG,1358,1104,normal,0,0,0,,False,35.68712120056152
0a393c866e939db3e38a59f9,VisA,pcb4,evaluation,source_fit,/root/private_data/iad-vlm-anomaly/datasets/VisA/pcb4/Data/Images/Normal/0011.JPG,0,VisA/pcb4/Data/Images/Normal/0011.JPG,1358,1104,normal,0,0,0,,False,35.68712120056152
e622496f95843c1d43c6956d,VisA,pcb4,evaluation,source_fit,/root/private_data/iad-vlm-anomaly/datasets/VisA/pcb4/Data/Images/Normal/0215.JPG,0,VisA/pcb4/Data/Images/Normal/0215.JPG,1358,1104,normal,0,0,0,,False,35.68712120056152
5be8ca0a842a368af73421cb,VisA,pcb4,evaluation,source_fit,/root/private_data/iad-vlm-anomaly/datasets/VisA/pcb4/Data/Images/Normal/0159.JPG,0,VisA/pcb4/Data/Images/Normal/0159.JPG,1358,1104,normal,0,0,0,,False,35.68712120056152
8be97586538a3ee268d860cf,VisA,pcb4,evaluation,source_fit,/root/private_data/iad-vlm-anomaly/datasets/VisA/pcb4/Data/Images/Normal/0629.JPG,0,VisA/pcb4/Data/Images/Normal/0629.JPG,1358,1104,normal,0,0,0,,False,35.68712120056152
62dcac57921e970cd7336352,VisA,pcb4,evaluation,source_fit,/root/private_data/iad-vlm-anomaly/datasets/VisA/pcb4/Data/Images/Normal/0694.JPG,0,VisA/pcb4/Data/Images/Normal/0694.JPG,1358,1104,normal,0,0,0,,False,35.68712120056152
4e949d5cc5dbd3a3986df67c,VisA,pcb4,evaluation,source_fit,/root/private_data/iad-vlm-anomaly/datasets/VisA/pcb4/Data/Images/Normal/0518.JPG,0,VisA/pcb4/Data/Images/Normal/0518.JPG,1358,1104,normal,0,0,0,,False,35.68712120056152
94567a9d4533440466e04614,VisA,pcb4,evaluation,source_fit,/root/private_data/iad-vlm-anomaly/datasets/VisA/pcb4/Data/Images/Normal/0940.JPG,0,VisA/pcb4/Data/Images/Normal/0940.JPG,1358,1104,normal,0,0,0,,False,35.68712120056152
bd4578abc4a144d67800deee,VisA,pcb4,evaluation,source_fit,/root/private_data/iad-vlm-anomaly/datasets/VisA/pcb4/Data/Images/Normal/0026.JPG,0,VisA/pcb4/Data/Images/Normal/0026.JPG,1358,1104,normal,0,0,0,,True,35.68712120056152
3f6c5d0aeb2bc5dbe35482db,VisA,pcb4,evaluation,source_fit,/root/private_data/iad-vlm-anomaly/datasets/VisA/pcb4/Data/Images/Normal/0844.JPG,0,VisA/pcb4/Data/Images/Normal/0844.JPG,1358,1104,normal,0,0,0,,False,35.68712120056152
06cea9d17be8bdbeccab1b9a,VisA,pcb4,evaluation,source_fit,/root/private_data/iad-vlm-anomaly/datasets/VisA/pcb4/Data/Images/Normal/0957.JPG,0,VisA/pcb4/Data/Images/Normal/0957.JPG,1358,1104,normal,0,0,0,,True,35.68712120056152
403118cd151e0c0f42b0755d,VisA,pcb4,evaluation,source_fit,/root/private_data/iad-vlm-anomaly/datasets/VisA/pcb4/Data/Images/Normal/0900.JPG,0,VisA/pcb4/Data/Images/Normal/0900.JPG,1358,1104,normal,0,0,0,,False,35.68712120056152
f7bd79ecd98be56dfa67f0ca,VisA,pcb4,evaluation,source_fit,/root/private_data/iad-vlm-anomaly/datasets/VisA/pcb4/Data/Images/Normal/0402.JPG,0,VisA/pcb4/Data/Images/Normal/0402.JPG,1358,1104,normal,0,0,0,,False,35.68712120056152
61b66cece8f62f8e344bdbac,VisA,pcb4,evaluation,source_fit,/root/private_data/iad-vlm-anomaly/datasets/VisA/pcb4/Data/Images/Normal/0621.JPG,0,VisA/pcb4/Data/Images/Normal/0621.JPG,1358,1104,normal,0,0,0,,False,35.68712120056152
9b9efc54f6ad27d5092db377,VisA,pcb4,evaluation,source_fit,/root/private_data/iad-vlm-anomaly/datasets/VisA/pcb4/Data/Images/Normal/0294.JPG,0,VisA/pcb4/Data/Images/Normal/0294.JPG,1358,1104,normal,0,0,0,,False,35.68712120056152
6ec13877e32339a93d3c5a98,VisA,pcb4,evaluation,source_fit,/root/private_data/iad-vlm-anomaly/datasets/VisA/pcb4/Data/Images/Normal/0016.JPG,0,VisA/pcb4/Data/Images/Normal/0016.JPG,1358,1104,normal,0,0,0,,True,35.68712120056152
195faf93735335e019e6e7d4,VisA,pcb4,evaluation,source_fit,/root/private_data/iad-vlm-anomaly/datasets/VisA/pcb4/Data/Images/Normal/0046.JPG,0,VisA/pcb4/Data/Images/Normal/0046.JPG,1358,1104,normal,0,0,0,,False,35.68712120056152
69b616622561642383edc05a,VisA,pcb4,evaluation,source_fit,/root/private_data/iad-vlm-anomaly/datasets/VisA/pcb4/Data/Images/Normal/0705.JPG,0,VisA/pcb4/Data/Images/Normal/0705.JPG,1358,1104,normal,0,0,0,,False,35.68712120056152
c0289b65015467def8941d8a,VisA,pcb4,evaluation,source_fit,/root/private_data/iad-vlm-anomaly/datasets/VisA/pcb4/Data/Images/Normal/0208.JPG,0,VisA/pcb4/Data/Images/Normal/0208.JPG,1358,1104,normal,0,0,0,,False,35.68712120056152
3d62d967e187ee85d58604ce,VisA,pcb4,evaluation,source_fit,/root/private_data/iad-vlm-anomaly/datasets/VisA/pcb4/Data/Images/Normal/0674.JPG,0,VisA/pcb4/Data/Images/Normal/0674.JPG,1358,1104,normal,0,0,0,,True,35.68712120056152
58fe78eccbfcf87922468d12,VisA,pcb4,evaluation,source_fit,/root/private_data/iad-vlm-anomaly/datasets/VisA/pcb4/Data/Images/Normal/0427.JPG,0,VisA/pcb4/Data/Images/Normal/0427.JPG,1358,1104,normal,0,0,0,,False,35.68712120056152
9c34589e1297a75b0fd2685a,VisA,pcb4,evaluation,source_fit,/root/private_data/iad-vlm-anomaly/datasets/VisA/pcb4/Data/Images/Normal/0552.JPG,0,VisA/pcb4/Data/Images/Normal/0552.JPG,1358,1104,normal,0,0,0,,False,35.68712120056152
e20df895b49932f158be6a32,VisA,pcb4,evaluation,source_fit,/root/private_data/iad-vlm-anomaly/datasets/VisA/pcb4/Data/Images/Normal/0804.JPG,0,VisA/pcb4/Data/Images/Normal/0804.JPG,1358,1104,normal,0,0,0,,False,35.68712120056152
6a5c4f3c38755bfe9e9a730f,VisA,pcb4,evaluation,source_fit,/root/private_data/iad-vlm-anomaly/datasets/VisA/pcb4/Data/Images/Normal/0333.JPG,0,VisA/pcb4/Data/Images/Normal/0333.JPG,1358,1104,normal,0,0,0,,False,35.68712120056152
f908a78d3165b8833c9ae7d6,VisA,pcb4,evaluation,source_fit,/root/private_data/iad-vlm-anomaly/datasets/VisA/pcb4/Data/Images/Normal/0027.JPG,0,VisA/pcb4/Data/Images/Normal/0027.JPG,1358,1104,normal,0,0,0,,False,35.68712120056152
a9bd9794622d2b2d8d684e4e,VisA,pcb4,evaluation,source_fit,/root/private_data/iad-vlm-anomaly/datasets/VisA/pcb4/Data/Images/Normal/0100.JPG,0,VisA/pcb4/Data/Images/Normal/0100.JPG,1358,1104,normal,0,0,0,,False,35.68712120056152
7d7b22f61558a5ef29c9d842,VisA,pcb4,evaluation,source_fit,/root/private_data/iad-vlm-anomaly/datasets/VisA/pcb4/Data/Images/Normal/0800.JPG,0,VisA/pcb4/Data/Images/Normal/0800.JPG,1358,1104,normal,0,0,0,,False,35.68712120056152
d1dfad72d4164ada90de8aa2,VisA,pcb4,evaluation,source_fit,/root/private_data/iad-vlm-anomaly/datasets/VisA/pcb4/Data/Images/Normal/0923.JPG,0,VisA/pcb4/Data/Images/Normal/0923.JPG,1358,1104,normal,0,0,0,,False,35.68712120056152
6aea21099a9f91f24abf4ee3,VisA,pcb4,evaluation,source_fit,/root/private_data/iad-vlm-anomaly/datasets/VisA/pcb4/Data/Images/Normal/0755.JPG,0,VisA/pcb4/Data/Images/Normal/0755.JPG,1358,1104,normal,0,0,0,,False,35.68712120056152
24862581b903415889830797,VisA,pcb4,evaluation,source_fit,/root/private_data/iad-vlm-anomaly/datasets/VisA/pcb4/Data/Images/Normal/0013.JPG,0,VisA/pcb4/Data/Images/Normal/0013.JPG,1358,1104,normal,0,0,0,,False,35.68712120056152
46c48a7752644b92848aefdf,VisA,pcb4,evaluation,source_fit,/root/private_data/iad-vlm-anomaly/datasets/VisA/pcb4/Data/Images/Normal/0297.JPG,0,VisA/pcb4/Data/Images/Normal/0297.JPG,1358,1104,normal,0,0,0,,False,35.68712120056152
94bef49ce9c22a4f81bbfc22,VisA,pcb4,evaluation,source_fit,/root/private_data/iad-vlm-anomaly/datasets/VisA/pcb4/Data/Images/Normal/0768.JPG,0,VisA/pcb4/Data/Images/Normal/0768.JPG,1358,1104,normal,0,0,0,,False,35.68712120056152
da2cc750503c9456b21a285b,VisA,pcb4,evaluation,source_fit,/root/private_data/iad-vlm-anomaly/datasets/VisA/pcb4/Data/Images/Normal/0457.JPG,0,VisA/pcb4/Data/Images/Normal/0457.JPG,1358,1104,normal,0,0,0,,False,35.68712120056152
4394acd696bd6fb799311d94,VisA,pcb4,evaluation,source_fit,/root/private_data/iad-vlm-anomaly/datasets/VisA/pcb4/Data/Images/Normal/0520.JPG,0,VisA/pcb4/Data/Images/Normal/0520.JPG,1358,1104,normal,0,0,0,,False,35.68712120056152
69c05e26c0538934208dc521,VisA,pcb4,evaluation,source_fit,/root/private_data/iad-vlm-anomaly/datasets/VisA/pcb4/Data/Images/Normal/0952.JPG,0,VisA/pcb4/Data/Images/Normal/0952.JPG,1358,1104,normal,0,0,0,,False,35.68712120056152
89f466e67ac653882f8dbc81,VisA,pcb4,evaluation,source_fit,/root/private_data/iad-vlm-anomaly/datasets/VisA/pcb4/Data/Images/Normal/0871.JPG,0,VisA/pcb4/Data/Images/Normal/0871.JPG,1358,1104,normal,0,0,0,,True,35.68712120056152
b79293a8b446c3933777e959,VisA,pcb4,evaluation,source_fit,/root/private_data/iad-vlm-anomaly/datasets/VisA/pcb4/Data/Images/Normal/0811.JPG,0,VisA/pcb4/Data/Images/Normal/0811.JPG,1358,1104,normal,0,0,0,,False,35.68712120056152
91d77693499ec166c23c8368,VisA,pcb4,evaluation,source_fit,/root/private_data/iad-vlm-anomaly/datasets/VisA/pcb4/Data/Images/Normal/0174.JPG,0,VisA/pcb4/Data/Images/Normal/0174.JPG,1358,1104,normal,0,0,0,,False,35.68712120056152
20d45b89ee36b1a07888cdac,VisA,pcb4,evaluation,source_fit,/root/private_data/iad-vlm-anomaly/datasets/VisA/pcb4/Data/Images/Normal/0648.JPG,0,VisA/pcb4/Data/Images/Normal/0648.JPG,1358,1104,normal,0,0,0,,False,35.68712120056152
c494ae6a513646bc70c540c0,VisA,pcb4,evaluation,source_fit,/root/private_data/iad-vlm-anomaly/datasets/VisA/pcb4/Data/Images/Normal/0261.JPG,0,VisA/pcb4/Data/Images/Normal/0261.JPG,1358,1104,normal,0,0,0,,False,35.68712120056152
faea477c8d6ee5a72581d00f,VisA,pcb4,evaluation,source_fit,/root/private_data/iad-vlm-anomaly/datasets/VisA/pcb4/Data/Images/Normal/0784.JPG,0,VisA/pcb4/Data/Images/Normal/0784.JPG,1358,1104,normal,0,0,0,,False,35.68712120056152
6b99d5545bbc8ceabfa2661f,VisA,pcb4,evaluation,source_fit,/root/private_data/iad-vlm-anomaly/datasets/VisA/pcb4/Data/Images/Normal/0977.JPG,0,VisA/pcb4/Data/Images/Normal/0977.JPG,1358,1104,normal,0,0,0,,True,35.68712120056152
a786d775373a5dd59e5944a3,VisA,pcb4,evaluation,source_fit,/root/private_data/iad-vlm-anomaly/datasets/VisA/pcb4/Data/Images/Normal/0935.JPG,0,VisA/pcb4/Data/Images/Normal/0935.JPG,1358,1104,normal,0,0,0,,False,35.68712120056152
bb5f06b43135b48ef4a8e033,VisA,pcb4,evaluation,source_fit,/root/private_data/iad-vlm-anomaly/datasets/VisA/pcb4/Data/Images/Normal/0286.JPG,0,VisA/pcb4/Data/Images/Normal/0286.JPG,1358,1104,normal,0,0,0,,False,35.68712120056152
6a23f65f01171581e3375726,VisA,pcb4,evaluation,source_fit,/root/private_data/iad-vlm-anomaly/datasets/VisA/pcb4/Data/Images/Normal/0779.JPG,0,VisA/pcb4/Data/Images/Normal/0779.JPG,1358,1104,normal,0,0,0,,False,35.68712120056152
e38909ffe3603d70a931864f,VisA,pcb4,evaluation,source_fit,/root/private_data/iad-vlm-anomaly/datasets/VisA/pcb4/Data/Images/Normal/0363.JPG,0,VisA/pcb4/Data/Images/Normal/0363.JPG,1358,1104,normal,0,0,0,,False,35.68712120056152
ee03ac9f26e4c89aab6c0a4d,VisA,pcb4,evaluation,source_fit,/root/private_data/iad-vlm-anomaly/datasets/VisA/pcb4/Data/Images/Normal/0619.JPG,0,VisA/pcb4/Data/Images/Normal/0619.JPG,1358,1104,normal,0,0,0,,False,35.68712120056152
6b81489b9ee73b2f18ca5ddd,VisA,pcb4,evaluation,source_fit,/root/private_data/iad-vlm-anomaly/datasets/VisA/pcb4/Data/Images/Normal/0024.JPG,0,VisA/pcb4/Data/Images/Normal/0024.JPG,1358,1104,normal,0,0,0,,False,35.68712120056152
02acb841616b8cf4e09bc9c1,VisA,pcb4,evaluation,source_fit,/root/private_data/iad-vlm-anomaly/datasets/VisA/pcb4/Data/Images/Normal/0735.JPG,0,VisA/pcb4/Data/Images/Normal/0735.JPG,1358,1104,normal,0,0,0,,False,35.68712120056152
0d0f11a63286028e86709718,VisA,pcb4,evaluation,source_fit,/root/private_data/iad-vlm-anomaly/datasets/VisA/pcb4/Data/Images/Normal/0688.JPG,0,VisA/pcb4/Data/Images/Normal/0688.JPG,1358,1104,normal,0,0,0,,True,35.68712120056152
9669e7c4e182ca1c98dc5744,VisA,pcb4,evaluation,source_fit,/root/private_data/iad-vlm-anomaly/datasets/VisA/pcb4/Data/Images/Normal/0796.JPG,0,VisA/pcb4/Data/Images/Normal/0796.JPG,1358,1104,normal,0,0,0,,False,35.68712120056152
c34a02a42c7dc2fcd1fb1bc9,VisA,pcb4,evaluation,source_fit,/root/private_data/iad-vlm-anomaly/datasets/VisA/pcb4/Data/Images/Normal/0178.JPG,0,VisA/pcb4/Data/Images/Normal/0178.JPG,1358,1104,normal,0,0,0,,False,35.68712120056152
d9c3d82ceef4ad710833d2b5,VisA,pcb4,evaluation,source_fit,/root/private_data/iad-vlm-anomaly/datasets/VisA/pcb4/Data/Images/Normal/0797.JPG,0,VisA/pcb4/Data/Images/Normal/0797.JPG,1358,1104,normal,0,0,0,,False,35.68712120056152
5f009b1a19fb14d2d967a249,VisA,pcb4,evaluation,source_fit,/root/private_data/iad-vlm-anomaly/datasets/VisA/pcb4/Data/Images/Normal/0920.JPG,0,VisA/pcb4/Data/Images/Normal/0920.JPG,1358,1104,normal,0,0,0,,False,35.68712120056152
c2e3c250556cdfae1d0d304e,VisA,pcb4,evaluation,source_fit,/root/private_data/iad-vlm-anomaly/datasets/VisA/pcb4/Data/Images/Normal/0479.JPG,0,VisA/pcb4/Data/Images/Normal/0479.JPG,1358,1104,normal,0,0,0,,False,35.68712120056152
6a94827cd153f88a34ff8bea,VisA,pcb4,evaluation,source_fit,/root/private_data/iad-vlm-anomaly/datasets/VisA/pcb4/Data/Images/Normal/0684.JPG,0,VisA/pcb4/Data/Images/Normal/0684.JPG,1358,1104,normal,0,0,0,,False,35.68712120056152
5395dd6c114fd12bf0ccc220,VisA,pcb4,evaluation,source_fit,/root/private_data/iad-vlm-anomaly/datasets/VisA/pcb4/Data/Images/Normal/0739.JPG,0,VisA/pcb4/Data/Images/Normal/0739.JPG,1358,1104,normal,0,0,0,,False,35.68712120056152
b6bed1bed1f92488b9c9f1b6,VisA,pcb4,evaluation,source_fit,/root/private_data/iad-vlm-anomaly/datasets/VisA/pcb4/Data/Images/Normal/0569.JPG,0,VisA/pcb4/Data/Images/Normal/0569.JPG,1358,1104,normal,0,0,0,,False,35.68712120056152
431b7db254defeff17e05426,VisA,pcb4,evaluation,source_fit,/root/private_data/iad-vlm-anomaly/datasets/VisA/pcb4/Data/Images/Normal/0196.JPG,0,VisA/pcb4/Data/Images/Normal/0196.JPG,1358,1104,normal,0,0,0,,False,35.68712120056152
51342aaa4b67cd3663b97e60,VisA,pcb4,evaluation,source_fit,/root/private_data/iad-vlm-anomaly/datasets/VisA/pcb4/Data/Images/Normal/0892.JPG,0,VisA/pcb4/Data/Images/Normal/0892.JPG,1358,1104,normal,0,0,0,,False,35.68712120056152
1d4aee12b481c5e7a7512cba,VisA,pcb4,evaluation,source_fit,/root/private_data/iad-vlm-anomaly/datasets/VisA/pcb4/Data/Images/Normal/0964.JPG,0,VisA/pcb4/Data/Images/Normal/0964.JPG,1358,1104,normal,0,0,0,,False,35.68712120056152
4a5372483664bf9ff2c9b2e8,VisA,pcb4,evaluation,source_fit,/root/private_data/iad-vlm-anomaly/datasets/VisA/pcb4/Data/Images/Normal/0187.JPG,0,VisA/pcb4/Data/Images/Normal/0187.JPG,1358,1104,normal,0,0,0,,False,35.68712120056152
37ee876d87464ced30caa7f8,VisA,pcb4,evaluation,source_fit,/root/private_data/iad-vlm-anomaly/datasets/VisA/pcb4/Data/Images/Normal/0488.JPG,0,VisA/pcb4/Data/Images/Normal/0488.JPG,1358,1104,normal,0,0,0,,False,35.68712120056152
2be0489928254ac7aec80f5c,VisA,pcb4,evaluation,source_fit,/root/private_data/iad-vlm-anomaly/datasets/VisA/pcb4/Data/Images/Normal/0994.JPG,0,VisA/pcb4/Data/Images/Normal/0994.JPG,1358,1104,normal,0,0,0,,False,35.68712120056152
fba1a1e45627bcb714f09caf,VisA,pcb4,evaluation,source_fit,/root/private_data/iad-vlm-anomaly/datasets/VisA/pcb4/Data/Images/Normal/0545.JPG,0,VisA/pcb4/Data/Images/Normal/0545.JPG,1358,1104,normal,0,0,0,,False,35.68712120056152
eb48e46ff215c692c1700239,VisA,pcb4,evaluation,source_fit,/root/private_data/iad-vlm-anomaly/datasets/VisA/pcb4/Data/Images/Normal/0615.JPG,0,VisA/pcb4/Data/Images/Normal/0615.JPG,1358,1104,normal,0,0,0,,True,35.68712120056152
ed93e360146bf0f42ae21392,VisA,pcb4,evaluation,source_fit,/root/private_data/iad-vlm-anomaly/datasets/VisA/pcb4/Data/Images/Normal/0974.JPG,0,VisA/pcb4/Data/Images/Normal/0974.JPG,1358,1104,normal,0,0,0,,False,35.68712120056152
3075ee08fc7769d799405b7b,VisA,pcb4,evaluation,source_fit,/root/private_data/iad-vlm-anomaly/datasets/VisA/pcb4/Data/Images/Normal/0490.JPG,0,VisA/pcb4/Data/Images/Normal/0490.JPG,1358,1104,normal,0,0,0,,False,35.68712120056152
26756bddb7f30592556632f0,VisA,pcb4,evaluation,source_fit,/root/private_data/iad-vlm-anomaly/datasets/VisA/pcb4/Data/Images/Normal/0168.JPG,0,VisA/pcb4/Data/Images/Normal/0168.JPG,1358,1104,normal,0,0,0,,False,35.68712120056152
f3d0156953e0d9ac3a5b0539,VisA,pcb4,evaluation,source_fit,/root/private_data/iad-vlm-anomaly/datasets/VisA/pcb4/Data/Images/Anomaly/000.JPG,1,VisA/pcb4/Data/Images/Anomaly/000.JPG,1358,1104,mixed_tiny,3,1,0,/root/private_data/iad-vlm-anomaly/datasets/VisA/pcb4/Data/Masks/Anomaly/000.png,False,35.68712120056152
16f97c0d505f09955e660ae5,VisA,pcb4,evaluation,source_fit,/root/private_data/iad-vlm-anomaly/datasets/VisA/pcb4/Data/Images/Anomaly/001.JPG,1,VisA/pcb4/Data/Images/Anomaly/001.JPG,1358,1104,other_anomaly,2,0,0,/root/private_data/iad-vlm-anomaly/datasets/VisA/pcb4/Data/Masks/Anomaly/001.png,False,35.68712120056152
9855a151dc87d8ed941a265d,VisA,pcb4,evaluation,source_fit,/root/private_data/iad-vlm-anomaly/datasets/VisA/pcb4/Data/Images/Anomaly/002.JPG,1,VisA/pcb4/Data/Images/Anomaly/002.JPG,1358,1104,mixed_tiny,3,1,0,/root/private_data/iad-vlm-anomaly/datasets/VisA/pcb4/Data/Masks/Anomaly/002.png,False,35.68712120056152
388e45cb72ef6d36729020ea,VisA,pcb4,evaluation,source_fit,/root/private_data/iad-vlm-anomaly/datasets/VisA/pcb4/Data/Images/Anomaly/003.JPG,1,VisA/pcb4/Data/Images/Anomaly/003.JPG,1358,1104,mixed_tiny,27,24,0,/root/private_data/iad-vlm-anomaly/datasets/VisA/pcb4/Data/Masks/Anomaly/003.png,False,35.68712120056152
fe2c02c1f27a44e28d550220,VisA,pcb4,evaluation,source_fit,/root/private_data/iad-vlm-anomaly/datasets/VisA/pcb4/Data/Images/Anomaly/004.JPG,1,VisA/pcb4/Data/Images/Anomaly/004.JPG,1358,1104,other_anomaly,2,0,0,/root/private_data/iad-vlm-anomaly/datasets/VisA/pcb4/Data/Masks/Anomaly/004.png,False,35.68712120056152
49092abc7738fc32ba92fb08,VisA,pcb4,evaluation,source_fit,/root/private_data/iad-vlm-anomaly/datasets/VisA/pcb4/Data/Images/Anomaly/005.JPG,1,VisA/pcb4/Data/Images/Anomaly/005.JPG,1358,1104,other_anomaly,1,0,0,/root/private_data/iad-vlm-anomaly/datasets/VisA/pcb4/Data/Masks/Anomaly/005.png,False,35.68712120056152
55376591cd13917e8f433996,VisA,pcb4,evaluation,source_fit,/root/private_data/iad-vlm-anomaly/datasets/VisA/pcb4/Data/Images/Anomaly/006.JPG,1,VisA/pcb4/Data/Images/Anomaly/006.JPG,1358,1104,other_anomaly,1,0,0,/root/private_data/iad-vlm-anomaly/datasets/VisA/pcb4/Data/Masks/Anomaly/006.png,False,35.68712120056152
b3a751786ba15b26ece1fc1d,VisA,pcb4,evaluation,source_fit,/root/private_data/iad-vlm-anomaly/datasets/VisA/pcb4/Data/Images/Anomaly/007.JPG,1,VisA/pcb4/Data/Images/Anomaly/007.JPG,1358,1104,mixed_tiny,6,5,0,/root/private_data/iad-vlm-anomaly/datasets/VisA/pcb4/Data/Masks/Anomaly/007.png,False,35.68712120056152
068868c67451fd61d22440f1,VisA,pcb4,evaluation,source_fit,/root/private_data/iad-vlm-anomaly/datasets/VisA/pcb4/Data/Images/Anomaly/008.JPG,1,VisA/pcb4/Data/Images/Anomaly/008.JPG,1358,1104,other_anomaly,1,0,0,/root/private_data/iad-vlm-anomaly/datasets/VisA/pcb4/Data/Masks/Anomaly/008.png,False,35.68712120056152
47f8c3c8d23ea75f9eaed475,VisA,pcb4,evaluation,source_fit,/root/private_data/iad-vlm-anomaly/datasets/VisA/pcb4/Data/Images/Anomaly/009.JPG,1,VisA/pcb4/Data/Images/Anomaly/009.JPG,1358,1104,mixed_tiny,14,11,0,/root/private_data/iad-vlm-anomaly/datasets/VisA/pcb4/Data/Masks/Anomaly/009.png,False,35.68712120056152
027038eb34c752939a1e0aa2,VisA,pcb4,evaluation,source_fit,/root/private_data/iad-vlm-anomaly/datasets/VisA/pcb4/Data/Images/Anomaly/010.JPG,1,VisA/pcb4/Data/Images/Anomaly/010.JPG,1358,1104,mixed_tiny,14,12,0,/root/private_data/iad-vlm-anomaly/datasets/VisA/pcb4/Data/Masks/Anomaly/010.png,False,35.68712120056152
056f325717dc75cdf75734d6,VisA,pcb4,evaluation,source_fit,/root/private_data/iad-vlm-anomaly/datasets/VisA/pcb4/Data/Images/Anomaly/011.JPG,1,VisA/pcb4/Data/Images/Anomaly/011.JPG,1358,1104,other_anomaly,1,0,0,/root/private_data/iad-vlm-anomaly/datasets/VisA/pcb4/Data/Masks/Anomaly/011.png,False,35.68712120056152
f69a7ad702682a7c21480f93,VisA,pcb4,evaluation,source_fit,/root/private_data/iad-vlm-anomaly/datasets/VisA/pcb4/Data/Images/Anomaly/012.JPG,1,VisA/pcb4/Data/Images/Anomaly/012.JPG,1358,1104,other_anomaly,1,0,0,/root/private_data/iad-vlm-anomaly/datasets/VisA/pcb4/Data/Masks/Anomaly/012.png,False,35.68712120056152
c01a47cbeebb24b5df8b09d9,VisA,pcb4,evaluation,source_fit,/root/private_data/iad-vlm-anomaly/datasets/VisA/pcb4/Data/Images/Anomaly/013.JPG,1,VisA/pcb4/Data/Images/Anomaly/013.JPG,1358,1104,mixed_tiny,35,33,0,/root/private_data/iad-vlm-anomaly/datasets/VisA/pcb4/Data/Masks/Anomaly/013.png,False,35.68712120056152
7297bdf13d802055a3b2332e,VisA,pcb4,evaluation,source_fit,/root/private_data/iad-vlm-anomaly/datasets/VisA/pcb4/Data/Images/Anomaly/014.JPG,1,VisA/pcb4/Data/Images/Anomaly/014.JPG,1358,1104,mixed_tiny,7,5,0,/root/private_data/iad-vlm-anomaly/datasets/VisA/pcb4/Data/Masks/Anomaly/014.png,False,35.68712120056152
b0703ab5fecbd9a2b2951bd2,VisA,pcb4,evaluation,source_fit,/root/private_data/iad-vlm-anomaly/datasets/VisA/pcb4/Data/Images/Anomaly/015.JPG,1,VisA/pcb4/Data/Images/Anomaly/015.JPG,1358,1104,other_anomaly,1,0,0,/root/private_data/iad-vlm-anomaly/datasets/VisA/pcb4/Data/Masks/Anomaly/015.png,False,35.68712120056152
1e7940bd5a34afe21e45549f,VisA,pcb4,evaluation,source_fit,/root/private_data/iad-vlm-anomaly/datasets/VisA/pcb4/Data/Images/Anomaly/016.JPG,1,VisA/pcb4/Data/Images/Anomaly/016.JPG,1358,1104,mixed_tiny,7,4,1,/root/private_data/iad-vlm-anomaly/datasets/VisA/pcb4/Data/Masks/Anomaly/016.png,False,35.68712120056152
bdd0f82397445b34db5a60de,VisA,pcb4,evaluation,source_fit,/root/private_data/iad-vlm-anomaly/datasets/VisA/pcb4/Data/Images/Anomaly/017.JPG,1,VisA/pcb4/Data/Images/Anomaly/017.JPG,1358,1104,other_anomaly,2,0,0,/root/private_data/iad-vlm-anomaly/datasets/VisA/pcb4/Data/Masks/Anomaly/017.png,False,35.68712120056152
37b09625a0bfb14b576704b7,VisA,pcb4,evaluation,source_fit,/root/private_data/iad-vlm-anomaly/datasets/VisA/pcb4/Data/Images/Anomaly/018.JPG,1,VisA/pcb4/Data/Images/Anomaly/018.JPG,1358,1104,mixed_tiny,2,1,0,/root/private_data/iad-vlm-anomaly/datasets/VisA/pcb4/Data/Masks/Anomaly/018.png,False,35.68712120056152
79f751ffd9ae6b5e35702cb8,VisA,pcb4,evaluation,source_fit,/root/private_data/iad-vlm-anomaly/datasets/VisA/pcb4/Data/Images/Anomaly/019.JPG,1,VisA/pcb4/Data/Images/Anomaly/019.JPG,1358,1104,other_anomaly,4,0,0,/root/private_data/iad-vlm-anomaly/datasets/VisA/pcb4/Data/Masks/Anomaly/019.png,False,35.68712120056152
c894a684e68453e869a7b59d,VisA,pcb4,evaluation,source_fit,/root/private_data/iad-vlm-anomaly/datasets/VisA/pcb4/Data/Images/Anomaly/020.JPG,1,VisA/pcb4/Data/Images/Anomaly/020.JPG,1358,1104,other_anomaly,1,0,0,/root/private_data/iad-vlm-anomaly/datasets/VisA/pcb4/Data/Masks/Anomaly/020.png,False,35.68712120056152
52e4b266e84dec5255c98f5d,VisA,pcb4,evaluation,source_fit,/root/private_data/iad-vlm-anomaly/datasets/VisA/pcb4/Data/Images/Anomaly/021.JPG,1,VisA/pcb4/Data/Images/Anomaly/021.JPG,1358,1104,mixed_tiny,3,2,0,/root/private_data/iad-vlm-anomaly/datasets/VisA/pcb4/Data/Masks/Anomaly/021.png,False,35.68712120056152
e6b56c2512bb8660ea532707,VisA,pcb4,evaluation,source_fit,/root/private_data/iad-vlm-anomaly/datasets/VisA/pcb4/Data/Images/Anomaly/022.JPG,1,VisA/pcb4/Data/Images/Anomaly/022.JPG,1358,1104,mixed_tiny,12,10,0,/root/private_data/iad-vlm-anomaly/datasets/VisA/pcb4/Data/Masks/Anomaly/022.png,False,35.68712120056152
072d4a79bd05c7d78e259898,VisA,pcb4,evaluation,source_fit,/root/private_data/iad-vlm-anomaly/datasets/VisA/pcb4/Data/Images/Anomaly/023.JPG,1,VisA/pcb4/Data/Images/Anomaly/023.JPG,1358,1104,other_anomaly,1,0,0,/root/private_data/iad-vlm-anomaly/datasets/VisA/pcb4/Data/Masks/Anomaly/023.png,False,35.68712120056152
84c62456176a47f1aed1e84a,VisA,pcb4,evaluation,source_fit,/root/private_data/iad-vlm-anomaly/datasets/VisA/pcb4/Data/Images/Anomaly/024.JPG,1,VisA/pcb4/Data/Images/Anomaly/024.JPG,1358,1104,other_anomaly,5,0,1,/root/private_data/iad-vlm-anomaly/datasets/VisA/pcb4/Data/Masks/Anomaly/024.png,False,35.68712120056152
53cc9622e70431b774da2d9c,VisA,pcb4,evaluation,source_fit,/root/private_data/iad-vlm-anomaly/datasets/VisA/pcb4/Data/Images/Anomaly/025.JPG,1,VisA/pcb4/Data/Images/Anomaly/025.JPG,1358,1104,other_anomaly,1,0,0,/root/private_data/iad-vlm-anomaly/datasets/VisA/pcb4/Data/Masks/Anomaly/025.png,False,35.68712120056152
e1ea53378faad7537e477a2c,VisA,pcb4,evaluation,source_fit,/root/private_data/iad-vlm-anomaly/datasets/VisA/pcb4/Data/Images/Anomaly/026.JPG,1,VisA/pcb4/Data/Images/Anomaly/026.JPG,1358,1104,other_anomaly,2,0,0,/root/private_data/iad-vlm-anomaly/datasets/VisA/pcb4/Data/Masks/Anomaly/026.png,False,35.68712120056152
f8f05304ac4fdc3e8f3c9257,VisA,pcb4,evaluation,source_fit,/root/private_data/iad-vlm-anomaly/datasets/VisA/pcb4/Data/Images/Anomaly/027.JPG,1,VisA/pcb4/Data/Images/Anomaly/027.JPG,1358,1104,other_anomaly,1,0,0,/root/private_data/iad-vlm-anomaly/datasets/VisA/pcb4/Data/Masks/Anomaly/027.png,False,35.68712120056152
005e070227309d82c55c4275,VisA,pcb4,evaluation,source_fit,/root/private_data/iad-vlm-anomaly/datasets/VisA/pcb4/Data/Images/Anomaly/028.JPG,1,VisA/pcb4/Data/Images/Anomaly/028.JPG,1358,1104,other_anomaly,1,0,0,/root/private_data/iad-vlm-anomaly/datasets/VisA/pcb4/Data/Masks/Anomaly/028.png,False,35.68712120056152
3c2fbca5ce7276e377337e6c,VisA,pcb4,evaluation,source_fit,/root/private_data/iad-vlm-anomaly/datasets/VisA/pcb4/Data/Images/Anomaly/029.JPG,1,VisA/pcb4/Data/Images/Anomaly/029.JPG,1358,1104,other_anomaly,2,0,0,/root/private_data/iad-vlm-anomaly/datasets/VisA/pcb4/Data/Masks/Anomaly/029.png,False,35.68712120056152
cbf6c89149a15b1bc70a8375,VisA,pcb4,evaluation,source_fit,/root/private_data/iad-vlm-anomaly/datasets/VisA/pcb4/Data/Images/Anomaly/030.JPG,1,VisA/pcb4/Data/Images/Anomaly/030.JPG,1358,1104,other_anomaly,1,0,0,/root/private_data/iad-vlm-anomaly/datasets/VisA/pcb4/Data/Masks/Anomaly/030.png,False,35.68712120056152
b18da311930bfdfeb131ac29,VisA,pcb4,evaluation,source_fit,/root/private_data/iad-vlm-anomaly/datasets/VisA/pcb4/Data/Images/Anomaly/031.JPG,1,VisA/pcb4/Data/Images/Anomaly/031.JPG,1358,1104,other_anomaly,2,0,0,/root/private_data/iad-vlm-anomaly/datasets/VisA/pcb4/Data/Masks/Anomaly/031.png,False,35.68712120056152
a8a94a64acd471f75b56c857,VisA,pcb4,evaluation,source_fit,/root/private_data/iad-vlm-anomaly/datasets/VisA/pcb4/Data/Images/Anomaly/032.JPG,1,VisA/pcb4/Data/Images/Anomaly/032.JPG,1358,1104,other_anomaly,1,0,0,/root/private_data/iad-vlm-anomaly/datasets/VisA/pcb4/Data/Masks/Anomaly/032.png,False,35.68712120056152
44452abcc72d422a96de6497,VisA,pcb4,evaluation,source_fit,/root/private_data/iad-vlm-anomaly/datasets/VisA/pcb4/Data/Images/Anomaly/033.JPG,1,VisA/pcb4/Data/Images/Anomaly/033.JPG,1358,1104,mixed_tiny,16,14,0,/root/private_data/iad-vlm-anomaly/datasets/VisA/pcb4/Data/Masks/Anomaly/033.png,False,35.68712120056152
2de9d5cdfc61fe53c1d226f1,VisA,pcb4,evaluation,source_fit,/root/private_data/iad-vlm-anomaly/datasets/VisA/pcb4/Data/Images/Anomaly/034.JPG,1,VisA/pcb4/Data/Images/Anomaly/034.JPG,1358,1104,mixed_tiny,3,1,0,/root/private_data/iad-vlm-anomaly/datasets/VisA/pcb4/Data/Masks/Anomaly/034.png,False,35.68712120056152
2a3381ab00f3a412b4144b3b,VisA,pcb4,evaluation,source_fit,/root/private_data/iad-vlm-anomaly/datasets/VisA/pcb4/Data/Images/Anomaly/035.JPG,1,VisA/pcb4/Data/Images/Anomaly/035.JPG,1358,1104,mixed_tiny,22,18,0,/root/private_data/iad-vlm-anomaly/datasets/VisA/pcb4/Data/Masks/Anomaly/035.png,False,35.68712120056152
4c816b72ee515729decd9575,VisA,pcb4,evaluation,source_fit,/root/private_data/iad-vlm-anomaly/datasets/VisA/pcb4/Data/Images/Anomaly/036.JPG,1,VisA/pcb4/Data/Images/Anomaly/036.JPG,1358,1104,mixed_tiny,2,1,0,/root/private_data/iad-vlm-anomaly/datasets/VisA/pcb4/Data/Masks/Anomaly/036.png,False,35.68712120056152
48659a6236cca2b8a9785293,VisA,pcb4,evaluation,source_fit,/root/private_data/iad-vlm-anomaly/datasets/VisA/pcb4/Data/Images/Anomaly/037.JPG,1,VisA/pcb4/Data/Images/Anomaly/037.JPG,1358,1104,mixed_tiny,2,1,0,/root/private_data/iad-vlm-anomaly/datasets/VisA/pcb4/Data/Masks/Anomaly/037.png,False,35.68712120056152
f3b3eb6ad758e704e90ac7d3,VisA,pcb4,evaluation,source_fit,/root/private_data/iad-vlm-anomaly/datasets/VisA/pcb4/Data/Images/Anomaly/038.JPG,1,VisA/pcb4/Data/Images/Anomaly/038.JPG,1358,1104,other_anomaly,1,0,0,/root/private_data/iad-vlm-anomaly/datasets/VisA/pcb4/Data/Masks/Anomaly/038.png,False,35.68712120056152
d451674ba2957ea9a1018211,VisA,pcb4,evaluation,source_fit,/root/private_data/iad-vlm-anomaly/datasets/VisA/pcb4/Data/Images/Anomaly/039.JPG,1,VisA/pcb4/Data/Images/Anomaly/039.JPG,1358,1104,other_anomaly,2,0,0,/root/private_data/iad-vlm-anomaly/datasets/VisA/pcb4/Data/Masks/Anomaly/039.png,False,35.68712120056152
e713192788ad43790d8658d7,VisA,pcb4,evaluation,source_fit,/root/private_data/iad-vlm-anomaly/datasets/VisA/pcb4/Data/Images/Anomaly/040.JPG,1,VisA/pcb4/Data/Images/Anomaly/040.JPG,1358,1104,mixed_tiny,3,1,0,/root/private_data/iad-vlm-anomaly/datasets/VisA/pcb4/Data/Masks/Anomaly/040.png,False,35.68712120056152
18f0fd2d3dbdc60d5f3513d9,VisA,pcb4,evaluation,source_fit,/root/private_data/iad-vlm-anomaly/datasets/VisA/pcb4/Data/Images/Anomaly/041.JPG,1,VisA/pcb4/Data/Images/Anomaly/041.JPG,1358,1104,other_anomaly,1,0,0,/root/private_data/iad-vlm-anomaly/datasets/VisA/pcb4/Data/Masks/Anomaly/041.png,False,35.68712120056152
a31e27ed2e8db09c3e91c9ae,VisA,pcb4,evaluation,source_fit,/root/private_data/iad-vlm-anomaly/datasets/VisA/pcb4/Data/Images/Anomaly/042.JPG,1,VisA/pcb4/Data/Images/Anomaly/042.JPG,1358,1104,mixed_tiny,3,1,0,/root/private_data/iad-vlm-anomaly/datasets/VisA/pcb4/Data/Masks/Anomaly/042.png,False,35.68712120056152
373efaec363f842465bd3acb,VisA,pcb4,evaluation,source_fit,/root/private_data/iad-vlm-anomaly/datasets/VisA/pcb4/Data/Images/Anomaly/043.JPG,1,VisA/pcb4/Data/Images/Anomaly/043.JPG,1358,1104,other_anomaly,2,0,1,/root/private_data/iad-vlm-anomaly/datasets/VisA/pcb4/Data/Masks/Anomaly/043.png,False,35.68712120056152
fc402da6880e1e06b238b903,VisA,pcb4,evaluation,source_fit,/root/private_data/iad-vlm-anomaly/datasets/VisA/pcb4/Data/Images/Anomaly/044.JPG,1,VisA/pcb4/Data/Images/Anomaly/044.JPG,1358,1104,other_anomaly,2,0,0,/root/private_data/iad-vlm-anomaly/datasets/VisA/pcb4/Data/Masks/Anomaly/044.png,False,35.68712120056152
6e2de9d61f899d21b2cfc8e8,VisA,pcb4,evaluation,source_fit,/root/private_data/iad-vlm-anomaly/datasets/VisA/pcb4/Data/Images/Anomaly/045.JPG,1,VisA/pcb4/Data/Images/Anomaly/045.JPG,1358,1104,mixed_tiny,11,10,0,/root/private_data/iad-vlm-anomaly/datasets/VisA/pcb4/Data/Masks/Anomaly/045.png,False,35.68712120056152
bd271671372ec7b546a25301,VisA,pcb4,evaluation,source_fit,/root/private_data/iad-vlm-anomaly/datasets/VisA/pcb4/Data/Images/Anomaly/046.JPG,1,VisA/pcb4/Data/Images/Anomaly/046.JPG,1358,1104,tiny_only,1,1,0,/root/private_data/iad-vlm-anomaly/datasets/VisA/pcb4/Data/Masks/Anomaly/046.png,False,35.68712120056152
beb6670b85f21ac45fd6b48b,VisA,pcb4,evaluation,source_fit,/root/private_data/iad-vlm-anomaly/datasets/VisA/pcb4/Data/Images/Anomaly/047.JPG,1,VisA/pcb4/Data/Images/Anomaly/047.JPG,1358,1104,mixed_tiny,6,4,0,/root/private_data/iad-vlm-anomaly/datasets/VisA/pcb4/Data/Masks/Anomaly/047.png,False,35.68712120056152
755b7f59b1d26d1c46179b0f,VisA,pcb4,evaluation,source_fit,/root/private_data/iad-vlm-anomaly/datasets/VisA/pcb4/Data/Images/Anomaly/048.JPG,1,VisA/pcb4/Data/Images/Anomaly/048.JPG,1358,1104,mixed_tiny,3,1,0,/root/private_data/iad-vlm-anomaly/datasets/VisA/pcb4/Data/Masks/Anomaly/048.png,False,35.68712120056152
83592b0bc775afea95d3c11d,VisA,pcb4,evaluation,source_fit,/root/private_data/iad-vlm-anomaly/datasets/VisA/pcb4/Data/Images/Anomaly/049.JPG,1,VisA/pcb4/Data/Images/Anomaly/049.JPG,1358,1104,other_anomaly,2,0,0,/root/private_data/iad-vlm-anomaly/datasets/VisA/pcb4/Data/Masks/Anomaly/049.png,False,35.68712120056152
eb662872bc6bce7c9aac9465,VisA,pcb4,evaluation,source_fit,/root/private_data/iad-vlm-anomaly/datasets/VisA/pcb4/Data/Images/Anomaly/050.JPG,1,VisA/pcb4/Data/Images/Anomaly/050.JPG,1358,1104,mixed_tiny,8,3,0,/root/private_data/iad-vlm-anomaly/datasets/VisA/pcb4/Data/Masks/Anomaly/050.png,False,35.68712120056152
db1bd561f26bd21285df12af,VisA,pcb4,evaluation,source_fit,/root/private_data/iad-vlm-anomaly/datasets/VisA/pcb4/Data/Images/Anomaly/051.JPG,1,VisA/pcb4/Data/Images/Anomaly/051.JPG,1358,1104,mixed_tiny,4,3,0,/root/private_data/iad-vlm-anomaly/datasets/VisA/pcb4/Data/Masks/Anomaly/051.png,False,35.68712120056152
b55a295f7c7ec1ad3fac8596,VisA,pcb4,evaluation,source_fit,/root/private_data/iad-vlm-anomaly/datasets/VisA/pcb4/Data/Images/Anomaly/052.JPG,1,VisA/pcb4/Data/Images/Anomaly/052.JPG,1358,1104,mixed_tiny,3,2,0,/root/private_data/iad-vlm-anomaly/datasets/VisA/pcb4/Data/Masks/Anomaly/052.png,False,35.68712120056152
6ae93e59b3c647f7e16d08ed,VisA,pcb4,evaluation,source_fit,/root/private_data/iad-vlm-anomaly/datasets/VisA/pcb4/Data/Images/Anomaly/053.JPG,1,VisA/pcb4/Data/Images/Anomaly/053.JPG,1358,1104,other_anomaly,2,0,0,/root/private_data/iad-vlm-anomaly/datasets/VisA/pcb4/Data/Masks/Anomaly/053.png,False,35.68712120056152
22cdb4294c4c5b5f755fc763,VisA,pcb4,evaluation,source_fit,/root/private_data/iad-vlm-anomaly/datasets/VisA/pcb4/Data/Images/Anomaly/054.JPG,1,VisA/pcb4/Data/Images/Anomaly/054.JPG,1358,1104,other_anomaly,2,0,0,/root/private_data/iad-vlm-anomaly/datasets/VisA/pcb4/Data/Masks/Anomaly/054.png,False,35.68712120056152
18b56ae51ab1f4c17be2c55f,VisA,pcb4,evaluation,source_fit,/root/private_data/iad-vlm-anomaly/datasets/VisA/pcb4/Data/Images/Anomaly/055.JPG,1,VisA/pcb4/Data/Images/Anomaly/055.JPG,1358,1104,other_anomaly,2,0,0,/root/private_data/iad-vlm-anomaly/datasets/VisA/pcb4/Data/Masks/Anomaly/055.png,False,35.68712120056152
7702f6e31aa74020b48b62c4,VisA,pcb4,evaluation,source_fit,/root/private_data/iad-vlm-anomaly/datasets/VisA/pcb4/Data/Images/Anomaly/056.JPG,1,VisA/pcb4/Data/Images/Anomaly/056.JPG,1358,1104,mixed_tiny,8,7,0,/root/private_data/iad-vlm-anomaly/datasets/VisA/pcb4/Data/Masks/Anomaly/056.png,False,35.68712120056152
7df7bce17e9dbffda7284557,VisA,pcb4,evaluation,source_fit,/root/private_data/iad-vlm-anomaly/datasets/VisA/pcb4/Data/Images/Anomaly/057.JPG,1,VisA/pcb4/Data/Images/Anomaly/057.JPG,1358,1104,other_anomaly,3,0,0,/root/private_data/iad-vlm-anomaly/datasets/VisA/pcb4/Data/Masks/Anomaly/057.png,False,35.68712120056152
73f7e96255ed2f2a4762cc32,VisA,pcb4,evaluation,source_fit,/root/private_data/iad-vlm-anomaly/datasets/VisA/pcb4/Data/Images/Anomaly/058.JPG,1,VisA/pcb4/Data/Images/Anomaly/058.JPG,1358,1104,mixed_tiny,4,2,0,/root/private_data/iad-vlm-anomaly/datasets/VisA/pcb4/Data/Masks/Anomaly/058.png,False,35.68712120056152
d92f74d23c5d7507316ef1f6,VisA,pcb4,evaluation,source_fit,/root/private_data/iad-vlm-anomaly/datasets/VisA/pcb4/Data/Images/Anomaly/059.JPG,1,VisA/pcb4/Data/Images/Anomaly/059.JPG,1358,1104,mixed_tiny,3,2,0,/root/private_data/iad-vlm-anomaly/datasets/VisA/pcb4/Data/Masks/Anomaly/059.png,False,35.68712120056152
9407debbd13a3bb3cb165677,VisA,pcb4,evaluation,source_fit,/root/private_data/iad-vlm-anomaly/datasets/VisA/pcb4/Data/Images/Anomaly/060.JPG,1,VisA/pcb4/Data/Images/Anomaly/060.JPG,1358,1104,other_anomaly,4,0,0,/root/private_data/iad-vlm-anomaly/datasets/VisA/pcb4/Data/Masks/Anomaly/060.png,False,35.68712120056152
a618c028ba8f003626d69f29,VisA,pcb4,evaluation,source_fit,/root/private_data/iad-vlm-anomaly/datasets/VisA/pcb4/Data/Images/Anomaly/061.JPG,1,VisA/pcb4/Data/Images/Anomaly/061.JPG,1358,1104,other_anomaly,2,0,0,/root/private_data/iad-vlm-anomaly/datasets/VisA/pcb4/Data/Masks/Anomaly/061.png,False,35.68712120056152
9b02325c82f1ba6da823079c,VisA,pcb4,evaluation,source_fit,/root/private_data/iad-vlm-anomaly/datasets/VisA/pcb4/Data/Images/Anomaly/062.JPG,1,VisA/pcb4/Data/Images/Anomaly/062.JPG,1358,1104,other_anomaly,2,0,0,/root/private_data/iad-vlm-anomaly/datasets/VisA/pcb4/Data/Masks/Anomaly/062.png,False,35.68712120056152
579cdbb9cbf43dc43c4648ba,VisA,pcb4,evaluation,source_fit,/root/private_data/iad-vlm-anomaly/datasets/VisA/pcb4/Data/Images/Anomaly/063.JPG,1,VisA/pcb4/Data/Images/Anomaly/063.JPG,1358,1104,tiny_only,3,3,0,/root/private_data/iad-vlm-anomaly/datasets/VisA/pcb4/Data/Masks/Anomaly/063.png,False,35.68712120056152
5212af2e2f675e11ac441f21,VisA,pcb4,evaluation,source_fit,/root/private_data/iad-vlm-anomaly/datasets/VisA/pcb4/Data/Images/Anomaly/064.JPG,1,VisA/pcb4/Data/Images/Anomaly/064.JPG,1358,1104,mixed_tiny,3,1,0,/root/private_data/iad-vlm-anomaly/datasets/VisA/pcb4/Data/Masks/Anomaly/064.png,False,35.68712120056152
d646baf1c18f122f83fdb5d9,VisA,pcb4,evaluation,source_fit,/root/private_data/iad-vlm-anomaly/datasets/VisA/pcb4/Data/Images/Anomaly/065.JPG,1,VisA/pcb4/Data/Images/Anomaly/065.JPG,1358,1104,other_anomaly,3,0,0,/root/private_data/iad-vlm-anomaly/datasets/VisA/pcb4/Data/Masks/Anomaly/065.png,False,35.68712120056152
17e584cd0c3324b6eb08e5bf,VisA,pcb4,evaluation,source_fit,/root/private_data/iad-vlm-anomaly/datasets/VisA/pcb4/Data/Images/Anomaly/066.JPG,1,VisA/pcb4/Data/Images/Anomaly/066.JPG,1358,1104,other_anomaly,1,0,0,/root/private_data/iad-vlm-anomaly/datasets/VisA/pcb4/Data/Masks/Anomaly/066.png,False,35.68712120056152
660565f9c151fe4823f9903e,VisA,pcb4,evaluation,source_fit,/root/private_data/iad-vlm-anomaly/datasets/VisA/pcb4/Data/Images/Anomaly/067.JPG,1,VisA/pcb4/Data/Images/Anomaly/067.JPG,1358,1104,other_anomaly,1,0,0,/root/private_data/iad-vlm-anomaly/datasets/VisA/pcb4/Data/Masks/Anomaly/067.png,False,35.68712120056152
19beac86001ba6a35484fd4e,VisA,pcb4,evaluation,source_fit,/root/private_data/iad-vlm-anomaly/datasets/VisA/pcb4/Data/Images/Anomaly/068.JPG,1,VisA/pcb4/Data/Images/Anomaly/068.JPG,1358,1104,other_anomaly,2,0,0,/root/private_data/iad-vlm-anomaly/datasets/VisA/pcb4/Data/Masks/Anomaly/068.png,False,35.68712120056152
0faf418cf81ced5dd69c34c7,VisA,pcb4,evaluation,source_fit,/root/private_data/iad-vlm-anomaly/datasets/VisA/pcb4/Data/Images/Anomaly/069.JPG,1,VisA/pcb4/Data/Images/Anomaly/069.JPG,1358,1104,other_anomaly,3,0,0,/root/private_data/iad-vlm-anomaly/datasets/VisA/pcb4/Data/Masks/Anomaly/069.png,False,35.68712120056152
00fa6be94b9f1137a440b277,VisA,pcb4,evaluation,source_fit,/root/private_data/iad-vlm-anomaly/datasets/VisA/pcb4/Data/Images/Anomaly/070.JPG,1,VisA/pcb4/Data/Images/Anomaly/070.JPG,1358,1104,mixed_tiny,5,2,0,/root/private_data/iad-vlm-anomaly/datasets/VisA/pcb4/Data/Masks/Anomaly/070.png,False,35.68712120056152
656d7b1bb516335c5b215df9,VisA,pcb4,evaluation,source_fit,/root/private_data/iad-vlm-anomaly/datasets/VisA/pcb4/Data/Images/Anomaly/071.JPG,1,VisA/pcb4/Data/Images/Anomaly/071.JPG,1358,1104,mixed_tiny,5,2,0,/root/private_data/iad-vlm-anomaly/datasets/VisA/pcb4/Data/Masks/Anomaly/071.png,False,35.68712120056152
a594b3da8fff3917c805e6e2,VisA,pcb4,evaluation,source_fit,/root/private_data/iad-vlm-anomaly/datasets/VisA/pcb4/Data/Images/Anomaly/072.JPG,1,VisA/pcb4/Data/Images/Anomaly/072.JPG,1358,1104,tiny_only,1,1,0,/root/private_data/iad-vlm-anomaly/datasets/VisA/pcb4/Data/Masks/Anomaly/072.png,False,35.68712120056152
32ccad4fbea9506978472013,VisA,pcb4,evaluation,source_fit,/root/private_data/iad-vlm-anomaly/datasets/VisA/pcb4/Data/Images/Anomaly/073.JPG,1,VisA/pcb4/Data/Images/Anomaly/073.JPG,1358,1104,mixed_tiny,4,3,0,/root/private_data/iad-vlm-anomaly/datasets/VisA/pcb4/Data/Masks/Anomaly/073.png,False,35.68712120056152
7899993537b41d8220507079,VisA,pcb4,evaluation,source_fit,/root/private_data/iad-vlm-anomaly/datasets/VisA/pcb4/Data/Images/Anomaly/074.JPG,1,VisA/pcb4/Data/Images/Anomaly/074.JPG,1358,1104,mixed_tiny,10,5,0,/root/private_data/iad-vlm-anomaly/datasets/VisA/pcb4/Data/Masks/Anomaly/074.png,False,35.68712120056152
190a2a3d2a2b8ee2288dcdb1,VisA,pcb4,evaluation,source_fit,/root/private_data/iad-vlm-anomaly/datasets/VisA/pcb4/Data/Images/Anomaly/075.JPG,1,VisA/pcb4/Data/Images/Anomaly/075.JPG,1358,1104,mixed_tiny,22,19,2,/root/private_data/iad-vlm-anomaly/datasets/VisA/pcb4/Data/Masks/Anomaly/075.png,False,35.68712120056152
72e94075c44242bba2f16fd4,VisA,pcb4,evaluation,source_fit,/root/private_data/iad-vlm-anomaly/datasets/VisA/pcb4/Data/Images/Anomaly/076.JPG,1,VisA/pcb4/Data/Images/Anomaly/076.JPG,1358,1104,other_anomaly,2,0,0,/root/private_data/iad-vlm-anomaly/datasets/VisA/pcb4/Data/Masks/Anomaly/076.png,False,35.68712120056152
6a2113d159a9b9248744b3c4,VisA,pcb4,evaluation,source_fit,/root/private_data/iad-vlm-anomaly/datasets/VisA/pcb4/Data/Images/Anomaly/077.JPG,1,VisA/pcb4/Data/Images/Anomaly/077.JPG,1358,1104,mixed_tiny,3,2,0,/root/private_data/iad-vlm-anomaly/datasets/VisA/pcb4/Data/Masks/Anomaly/077.png,False,35.68712120056152
c599b05f2e1a8757cf156c2b,VisA,pcb4,evaluation,source_fit,/root/private_data/iad-vlm-anomaly/datasets/VisA/pcb4/Data/Images/Anomaly/078.JPG,1,VisA/pcb4/Data/Images/Anomaly/078.JPG,1358,1104,mixed_tiny,63,61,1,/root/private_data/iad-vlm-anomaly/datasets/VisA/pcb4/Data/Masks/Anomaly/078.png,False,35.68712120056152
b47939562c67b3a5671dc4cc,VisA,pcb4,evaluation,source_fit,/root/private_data/iad-vlm-anomaly/datasets/VisA/pcb4/Data/Images/Anomaly/079.JPG,1,VisA/pcb4/Data/Images/Anomaly/079.JPG,1358,1104,mixed_tiny,6,4,0,/root/private_data/iad-vlm-anomaly/datasets/VisA/pcb4/Data/Masks/Anomaly/079.png,False,35.68712120056152
afcb52664763e120dc376f55,VisA,pcb4,evaluation,source_fit,/root/private_data/iad-vlm-anomaly/datasets/VisA/pcb4/Data/Images/Anomaly/080.JPG,1,VisA/pcb4/Data/Images/Anomaly/080.JPG,1358,1104,mixed_tiny,12,9,1,/root/private_data/iad-vlm-anomaly/datasets/VisA/pcb4/Data/Masks/Anomaly/080.png,False,35.68712120056152
50c468e621f244dde7ab1428,VisA,pcb4,evaluation,source_fit,/root/private_data/iad-vlm-anomaly/datasets/VisA/pcb4/Data/Images/Anomaly/081.JPG,1,VisA/pcb4/Data/Images/Anomaly/081.JPG,1358,1104,mixed_tiny,6,4,0,/root/private_data/iad-vlm-anomaly/datasets/VisA/pcb4/Data/Masks/Anomaly/081.png,False,35.68712120056152
18bb01bf7702c211e846338c,VisA,pcb4,evaluation,source_fit,/root/private_data/iad-vlm-anomaly/datasets/VisA/pcb4/Data/Images/Anomaly/082.JPG,1,VisA/pcb4/Data/Images/Anomaly/082.JPG,1358,1104,other_anomaly,3,0,0,/root/private_data/iad-vlm-anomaly/datasets/VisA/pcb4/Data/Masks/Anomaly/082.png,False,35.68712120056152
9ad36bc24600f804a1e17b9f,VisA,pcb4,evaluation,source_fit,/root/private_data/iad-vlm-anomaly/datasets/VisA/pcb4/Data/Images/Anomaly/083.JPG,1,VisA/pcb4/Data/Images/Anomaly/083.JPG,1358,1104,other_anomaly,1,0,0,/root/private_data/iad-vlm-anomaly/datasets/VisA/pcb4/Data/Masks/Anomaly/083.png,False,35.68712120056152
047764c95331feae308c90e2,VisA,pcb4,evaluation,source_fit,/root/private_data/iad-vlm-anomaly/datasets/VisA/pcb4/Data/Images/Anomaly/084.JPG,1,VisA/pcb4/Data/Images/Anomaly/084.JPG,1358,1104,other_anomaly,3,0,0,/root/private_data/iad-vlm-anomaly/datasets/VisA/pcb4/Data/Masks/Anomaly/084.png,False,35.68712120056152
563c172d1fd3f1a051c73278,VisA,pcb4,evaluation,source_fit,/root/private_data/iad-vlm-anomaly/datasets/VisA/pcb4/Data/Images/Anomaly/085.JPG,1,VisA/pcb4/Data/Images/Anomaly/085.JPG,1358,1104,mixed_tiny,4,1,1,/root/private_data/iad-vlm-anomaly/datasets/VisA/pcb4/Data/Masks/Anomaly/085.png,False,35.68712120056152
b253c99dac508bb4f47a228a,VisA,pcb4,evaluation,source_fit,/root/private_data/iad-vlm-anomaly/datasets/VisA/pcb4/Data/Images/Anomaly/086.JPG,1,VisA/pcb4/Data/Images/Anomaly/086.JPG,1358,1104,mixed_tiny,9,8,0,/root/private_data/iad-vlm-anomaly/datasets/VisA/pcb4/Data/Masks/Anomaly/086.png,False,35.68712120056152
37f5bc28dd23597ed6ab1e0b,VisA,pcb4,evaluation,source_fit,/root/private_data/iad-vlm-anomaly/datasets/VisA/pcb4/Data/Images/Anomaly/087.JPG,1,VisA/pcb4/Data/Images/Anomaly/087.JPG,1358,1104,mixed_tiny,9,6,1,/root/private_data/iad-vlm-anomaly/datasets/VisA/pcb4/Data/Masks/Anomaly/087.png,False,35.68712120056152
8ed7bbc72b2275a95c7a18f6,VisA,pcb4,evaluation,source_fit,/root/private_data/iad-vlm-anomaly/datasets/VisA/pcb4/Data/Images/Anomaly/088.JPG,1,VisA/pcb4/Data/Images/Anomaly/088.JPG,1358,1104,other_anomaly,3,0,0,/root/private_data/iad-vlm-anomaly/datasets/VisA/pcb4/Data/Masks/Anomaly/088.png,False,35.68712120056152
4e0d26e1684570372c9ff29d,VisA,pcb4,evaluation,source_fit,/root/private_data/iad-vlm-anomaly/datasets/VisA/pcb4/Data/Images/Anomaly/089.JPG,1,VisA/pcb4/Data/Images/Anomaly/089.JPG,1358,1104,other_anomaly,1,0,0,/root/private_data/iad-vlm-anomaly/datasets/VisA/pcb4/Data/Masks/Anomaly/089.png,False,35.68712120056152
c5a5497d8136faa6b62d321c,VisA,pcb4,evaluation,source_fit,/root/private_data/iad-vlm-anomaly/datasets/VisA/pcb4/Data/Images/Anomaly/090.JPG,1,VisA/pcb4/Data/Images/Anomaly/090.JPG,1358,1104,other_anomaly,2,0,0,/root/private_data/iad-vlm-anomaly/datasets/VisA/pcb4/Data/Masks/Anomaly/090.png,False,35.68712120056152
0526d987ae6faeb2ac46b9cc,VisA,pcb4,evaluation,source_fit,/root/private_data/iad-vlm-anomaly/datasets/VisA/pcb4/Data/Images/Anomaly/091.JPG,1,VisA/pcb4/Data/Images/Anomaly/091.JPG,1358,1104,other_anomaly,1,0,0,/root/private_data/iad-vlm-anomaly/datasets/VisA/pcb4/Data/Masks/Anomaly/091.png,False,35.68712120056152
7bae5855faac0d2cdea685c1,VisA,pcb4,evaluation,source_fit,/root/private_data/iad-vlm-anomaly/datasets/VisA/pcb4/Data/Images/Anomaly/092.JPG,1,VisA/pcb4/Data/Images/Anomaly/092.JPG,1358,1104,other_anomaly,2,0,0,/root/private_data/iad-vlm-anomaly/datasets/VisA/pcb4/Data/Masks/Anomaly/092.png,False,35.68712120056152
d2c8cb6cdfcad1fe3b1f8dff,VisA,pcb4,evaluation,source_fit,/root/private_data/iad-vlm-anomaly/datasets/VisA/pcb4/Data/Images/Anomaly/093.JPG,1,VisA/pcb4/Data/Images/Anomaly/093.JPG,1358,1104,other_anomaly,1,0,0,/root/private_data/iad-vlm-anomaly/datasets/VisA/pcb4/Data/Masks/Anomaly/093.png,False,35.68712120056152
238d45a7dd220fd6070bce30,VisA,pcb4,evaluation,source_fit,/root/private_data/iad-vlm-anomaly/datasets/VisA/pcb4/Data/Images/Anomaly/094.JPG,1,VisA/pcb4/Data/Images/Anomaly/094.JPG,1358,1104,other_anomaly,1,0,0,/root/private_data/iad-vlm-anomaly/datasets/VisA/pcb4/Data/Masks/Anomaly/094.png,False,35.68712120056152
b80f07883522b9d821bd85bb,VisA,pcb4,evaluation,source_fit,/root/private_data/iad-vlm-anomaly/datasets/VisA/pcb4/Data/Images/Anomaly/095.JPG,1,VisA/pcb4/Data/Images/Anomaly/095.JPG,1358,1104,other_anomaly,2,0,0,/root/private_data/iad-vlm-anomaly/datasets/VisA/pcb4/Data/Masks/Anomaly/095.png,False,35.68712120056152
4b8d2b38330fa5942f9509a6,VisA,pcb4,evaluation,source_fit,/root/private_data/iad-vlm-anomaly/datasets/VisA/pcb4/Data/Images/Anomaly/096.JPG,1,VisA/pcb4/Data/Images/Anomaly/096.JPG,1358,1104,other_anomaly,1,0,0,/root/private_data/iad-vlm-anomaly/datasets/VisA/pcb4/Data/Masks/Anomaly/096.png,False,35.68712120056152
5a4ebea6d6c6dcc23d694629,VisA,pcb4,evaluation,source_fit,/root/private_data/iad-vlm-anomaly/datasets/VisA/pcb4/Data/Images/Anomaly/097.JPG,1,VisA/pcb4/Data/Images/Anomaly/097.JPG,1358,1104,mixed_tiny,5,1,1,/root/private_data/iad-vlm-anomaly/datasets/VisA/pcb4/Data/Masks/Anomaly/097.png,False,35.68712120056152
c643255e8f0cfd6ae1af7537,VisA,pcb4,evaluation,source_fit,/root/private_data/iad-vlm-anomaly/datasets/VisA/pcb4/Data/Images/Anomaly/098.JPG,1,VisA/pcb4/Data/Images/Anomaly/098.JPG,1358,1104,mixed_tiny,3,1,0,/root/private_data/iad-vlm-anomaly/datasets/VisA/pcb4/Data/Masks/Anomaly/098.png,False,35.68712120056152
5000d4717291375122bf2493,VisA,pcb4,evaluation,source_fit,/root/private_data/iad-vlm-anomaly/datasets/VisA/pcb4/Data/Images/Anomaly/099.JPG,1,VisA/pcb4/Data/Images/Anomaly/099.JPG,1358,1104,other_anomaly,1,0,0,/root/private_data/iad-vlm-anomaly/datasets/VisA/pcb4/Data/Masks/Anomaly/099.png,False,35.68712120056152
