method,category,condition,size_band,regions,aupro_0_05
global,can,overexposed,all,16,0.1591777212382675
global,can,overexposed,large_gt_1pct,0,nan
global,can,overexposed,small_0.1_to_1pct,0,nan
global,can,overexposed,tiny_le_0.1pct,16,0.1591777212382675
global,can,regular,all,16,0.15898308676034728
global,can,regular,large_gt_1pct,0,nan
global,can,regular,small_0.1_to_1pct,0,nan
global,can,regular,tiny_le_0.1pct,16,0.15898308676034728
global,can,shift_1,all,16,0.18672808350046802
global,can,shift_1,large_gt_1pct,0,nan
global,can,shift_1,small_0.1_to_1pct,0,nan
global,can,shift_1,tiny_le_0.1pct,16,0.18672808350046802
global,can,shift_2,all,16,0.10575634209893912
global,can,shift_2,large_gt_1pct,0,nan
global,can,shift_2,small_0.1_to_1pct,0,nan
global,can,shift_2,tiny_le_0.1pct,16,0.10575634209893912
global,can,shift_3,all,16,0.14064069541133226
global,can,shift_3,large_gt_1pct,0,nan
global,can,shift_3,small_0.1_to_1pct,0,nan
global,can,shift_3,tiny_le_0.1pct,16,0.14064069541133226
global,can,underexposed,all,16,0.1557456096810854
global,can,underexposed,large_gt_1pct,0,nan
global,can,underexposed,small_0.1_to_1pct,0,nan
global,can,underexposed,tiny_le_0.1pct,16,0.1557456096810854
global,fabric,overexposed,all,32,0.3357620314446959
global,fabric,overexposed,large_gt_1pct,1,0.468012334553637
global,fabric,overexposed,small_0.1_to_1pct,1,0.9983982552596395
global,fabric,overexposed,tiny_le_0.1pct,30,0.3092658138805697
global,fabric,regular,all,32,0.3291106934508726
global,fabric,regular,large_gt_1pct,1,0.4705351581619203
global,fabric,regular,small_0.1_to_1pct,1,0.9983557946413142
global,fabric,regular,tiny_le_0.1pct,30,0.3020883745874946
global,fabric,shift_1,all,32,0.347422506938353
global,fabric,shift_1,large_gt_1pct,1,0.4731561619581532
global,fabric,shift_1,small_0.1_to_1pct,1,0.9994819429915904
global,fabric,shift_1,tiny_le_0.1pct,30,0.3214960705692559
global,fabric,shift_2,all,32,0.45065386940343466
global,fabric,shift_2,large_gt_1pct,1,0.4548721502961731
global,fabric,shift_2,small_0.1_to_1pct,1,0.9985640177787133
global,fabric,shift_2,tiny_le_0.1pct,30,0.4322495884278346
global,fabric,shift_3,all,32,0.4423859598378227
global,fabric,shift_3,large_gt_1pct,1,0.46623747245697933
global,fabric,shift_3,small_0.1_to_1pct,1,0.9988361636329118
global,fabric,shift_3,tiny_le_0.1pct,30,0.42304256929068074
global,fabric,underexposed,all,32,0.3320543132452282
global,fabric,underexposed,large_gt_1pct,1,0.46842285396749855
global,fabric,underexposed,small_0.1_to_1pct,1,0.9986333038990242
global,fabric,underexposed,tiny_le_0.1pct,30,0.30528939553269674
global,fruit_jelly,overexposed,all,57,0.5182563874220633
global,fruit_jelly,overexposed,large_gt_1pct,7,0.49691311225066065
global,fruit_jelly,overexposed,small_0.1_to_1pct,10,0.7571031900566214
global,fruit_jelly,overexposed,tiny_le_0.1pct,40,0.4622797599184038
global,fruit_jelly,regular,all,57,0.5241327287564482
global,fruit_jelly,regular,large_gt_1pct,7,0.4963722189412862
global,fruit_jelly,regular,small_0.1_to_1pct,10,0.7649796049150133
global,fruit_jelly,regular,tiny_le_0.1pct,40,0.46877909893445013
global,fruit_jelly,shift_1,all,57,0.5159345710981925
global,fruit_jelly,shift_1,large_gt_1pct,7,0.4918300819943029
global,fruit_jelly,shift_1,small_0.1_to_1pct,10,0.7573823998787917
global,fruit_jelly,shift_1,tiny_le_0.1pct,40,0.4597908994962237
global,fruit_jelly,underexposed,all,57,0.5311242289451793
global,fruit_jelly,underexposed,large_gt_1pct,7,0.4981846633829015
global,fruit_jelly,underexposed,small_0.1_to_1pct,10,0.7723708737560031
global,fruit_jelly,underexposed,tiny_le_0.1pct,40,0.4765769917158591
global,rice,overexposed,all,20,0.6920588646719079
global,rice,overexposed,large_gt_1pct,1,0.9850074381757169
global,rice,overexposed,small_0.1_to_1pct,10,0.8389692602346475
global,rice,overexposed,tiny_le_0.1pct,9,0.4962752503240482
global,rice,regular,all,20,0.6759397458392382
global,rice,regular,large_gt_1pct,1,0.985449591480318
global,rice,regular,small_0.1_to_1pct,10,0.811192961918969
global,rice,regular,tiny_le_0.1pct,9,0.4912684117905805
global,rice,shift_1,all,20,0.6472289200811113
global,rice,shift_1,large_gt_1pct,1,0.9763664757974087
global,rice,shift_1,small_0.1_to_1pct,10,0.7658444870770843
global,rice,shift_1,tiny_le_0.1pct,9,0.4788630061171354
global,rice,shift_2,all,20,0.6942233719391079
global,rice,shift_2,large_gt_1pct,1,0.9892053923402009
global,rice,shift_2,small_0.1_to_1pct,10,0.8302329126378141
global,rice,shift_2,tiny_le_0.1pct,9,0.5103258800071099
global,rice,shift_3,all,20,0.6797916222444031
global,rice,shift_3,large_gt_1pct,1,0.9908695319619517
global,rice,shift_3,small_0.1_to_1pct,10,0.8082610341392883
global,rice,shift_3,tiny_le_0.1pct,9,0.5024836190592487
global,rice,underexposed,all,20,0.6693319473449394
global,rice,underexposed,large_gt_1pct,1,0.9851226356349879
global,rice,underexposed,small_0.1_to_1pct,10,0.8163421475637331
global,rice,underexposed,tiny_le_0.1pct,9,0.4708994261807646
global,sheet_metal,overexposed,all,75,0.5916222459900525
global,sheet_metal,overexposed,large_gt_1pct,2,0.501327726996799
global,sheet_metal,overexposed,small_0.1_to_1pct,4,0.8412682374944095
global,sheet_metal,overexposed,tiny_le_0.1pct,69,0.5797672470330776
global,sheet_metal,regular,all,75,0.5868025157035298
global,sheet_metal,regular,large_gt_1pct,2,0.5034399010278728
global,sheet_metal,regular,small_0.1_to_1pct,4,0.8551852520062094
global,sheet_metal,regular,tiny_le_0.1pct,69,0.5736604038794729
global,sheet_metal,shift_1,all,75,0.6111493176769645
global,sheet_metal,shift_1,large_gt_1pct,2,0.5035728282795308
global,sheet_metal,shift_1,small_0.1_to_1pct,4,0.9517676536069767
global,sheet_metal,shift_1,tiny_le_0.1pct,69,0.5945214863012329
global,sheet_metal,shift_2,all,75,0.6172203159953974
global,sheet_metal,shift_2,large_gt_1pct,2,0.5004681176631651
global,sheet_metal,shift_2,small_0.1_to_1pct,4,0.9429072694305048
global,sheet_metal,shift_2,tiny_le_0.1pct,69,0.6017240345884999
global,sheet_metal,shift_3,all,75,0.6007022081968435
global,sheet_metal,shift_3,large_gt_1pct,2,0.5090258205214129
global,sheet_metal,shift_3,small_0.1_to_1pct,4,0.958267328934215
global,sheet_metal,shift_3,tiny_le_0.1pct,69,0.582631081999763
global,sheet_metal,underexposed,all,75,0.5773995481888209
global,sheet_metal,underexposed,large_gt_1pct,2,0.5010730875099724
global,sheet_metal,underexposed,small_0.1_to_1pct,4,0.8739679873779707
global,sheet_metal,underexposed,tiny_le_0.1pct,69,0.5624195360815829
global,vial,overexposed,all,25,0.7850509730205282
global,vial,overexposed,large_gt_1pct,7,0.4867754424006247
global,vial,overexposed,small_0.1_to_1pct,11,0.8892018719870052
global,vial,overexposed,tiny_le_0.1pct,7,0.9196608052645502
global,vial,regular,all,24,0.7889497206743586
global,vial,regular,large_gt_1pct,7,0.49444130362984845
global,vial,regular,small_0.1_to_1pct,11,0.8956987726906979
global,vial,regular,tiny_le_0.1pct,6,0.9368362785297097
global,vial,shift_1,all,25,0.7399908751133485
global,vial,shift_1,large_gt_1pct,7,0.493185086661119
global,vial,shift_1,small_0.1_to_1pct,11,0.8311686244957905
global,vial,shift_1,tiny_le_0.1pct,7,0.8435173431074869
global,vial,shift_2,all,25,0.7904747421457767
global,vial,shift_2,large_gt_1pct,7,0.4955667165076738
global,vial,shift_2,small_0.1_to_1pct,11,0.8884350670066157
global,vial,shift_2,tiny_le_0.1pct,7,0.9314451144311362
global,vial,shift_3,all,25,0.7675654058286261
global,vial,shift_3,large_gt_1pct,7,0.48625107818674784
global,vial,shift_3,small_0.1_to_1pct,11,0.8670100857729504
global,vial,shift_3,tiny_le_0.1pct,7,0.8926095221294313
global,vial,shift_4,all,25,0.72526959570281
global,vial,shift_4,large_gt_1pct,7,0.48634868426954425
global,vial,shift_4,small_0.1_to_1pct,11,0.8163023959281336
global,vial,shift_4,tiny_le_0.1pct,7,0.8211389639248824
global,vial,underexposed,all,26,0.7901623060229696
global,vial,underexposed,large_gt_1pct,7,0.49476189317527713
global,vial,underexposed,small_0.1_to_1pct,11,0.8917055279577607
global,vial,underexposed,tiny_le_0.1pct,8,0.9090157371043761
global,wallplugs,overexposed,all,15,0.4509933844117976
global,wallplugs,overexposed,large_gt_1pct,2,0.8718758724953302
global,wallplugs,overexposed,small_0.1_to_1pct,3,0.32331322918673566
global,wallplugs,overexposed,tiny_le_0.1pct,10,0.40512093336263416
global,wallplugs,regular,all,15,0.45250350859827204
global,wallplugs,regular,large_gt_1pct,2,0.8705733332073852
global,wallplugs,regular,small_0.1_to_1pct,3,0.31752273180246454
global,wallplugs,regular,tiny_le_0.1pct,10,0.40938377671521714
global,wallplugs,shift_1,all,15,0.541066757427224
global,wallplugs,shift_1,large_gt_1pct,2,0.8793922230015729
global,wallplugs,shift_1,small_0.1_to_1pct,3,0.42022847886540454
global,wallplugs,shift_1,tiny_le_0.1pct,10,0.5096531478809174
global,wallplugs,shift_2,all,15,0.3936056060014896
global,wallplugs,shift_2,large_gt_1pct,2,0.6933103269803865
global,wallplugs,shift_2,small_0.1_to_1pct,3,0.15728943376259694
global,wallplugs,shift_2,tiny_le_0.1pct,10,0.40455951347738783
global,wallplugs,shift_3,all,15,0.44330604386469064
global,wallplugs,shift_3,large_gt_1pct,2,0.7783063066929587
global,wallplugs,shift_3,small_0.1_to_1pct,3,0.3497640753193597
global,wallplugs,shift_3,tiny_le_0.1pct,10,0.4043685818626473
global,wallplugs,underexposed,all,15,0.45304638681362336
global,wallplugs,underexposed,large_gt_1pct,2,0.8685673072446611
global,wallplugs,underexposed,small_0.1_to_1pct,3,0.3153260214175985
global,wallplugs,underexposed,tiny_le_0.1pct,10,0.4112583123462502
global,walnuts,overexposed,all,44,0.709387573067854
global,walnuts,overexposed,large_gt_1pct,10,0.7805350760536955
global,walnuts,overexposed,small_0.1_to_1pct,14,0.7720908124271288
global,walnuts,overexposed,tiny_le_0.1pct,20,0.6299215540234584
global,walnuts,regular,all,44,0.7125344468419833
global,walnuts,regular,large_gt_1pct,10,0.7826116735616059
global,walnuts,regular,small_0.1_to_1pct,14,0.7707285248670959
global,walnuts,regular,tiny_le_0.1pct,20,0.636759978864608
global,walnuts,shift_1,all,44,0.5222203885865121
global,walnuts,shift_1,large_gt_1pct,10,0.6856385759190029
global,walnuts,shift_1,small_0.1_to_1pct,14,0.5757129714150961
global,walnuts,shift_1,tiny_le_0.1pct,20,0.40306648694025543
global,walnuts,shift_2,all,44,0.7118961204722025
global,walnuts,shift_2,large_gt_1pct,10,0.7737532789840088
global,walnuts,shift_2,small_0.1_to_1pct,14,0.7668896565916733
global,walnuts,shift_2,tiny_le_0.1pct,20,0.6424720659326896
global,walnuts,shift_3,all,44,0.5630479919517228
global,walnuts,shift_3,large_gt_1pct,10,0.697382334433759
global,walnuts,shift_3,small_0.1_to_1pct,14,0.6162434335481076
global,walnuts,shift_3,tiny_le_0.1pct,20,0.458644011593232
global,walnuts,underexposed,all,44,0.7128648689275042
global,walnuts,underexposed,large_gt_1pct,10,0.7861793203863809
global,walnuts,underexposed,small_0.1_to_1pct,14,0.7677927098910249
global,walnuts,underexposed,tiny_le_0.1pct,20,0.6377581545236111
q99_geomean,can,overexposed,all,16,0.1480315668194677
q99_geomean,can,overexposed,large_gt_1pct,0,nan
q99_geomean,can,overexposed,small_0.1_to_1pct,0,nan
q99_geomean,can,overexposed,tiny_le_0.1pct,16,0.1480315668194677
q99_geomean,can,regular,all,16,0.14816433251057987
q99_geomean,can,regular,large_gt_1pct,0,nan
q99_geomean,can,regular,small_0.1_to_1pct,0,nan
q99_geomean,can,regular,tiny_le_0.1pct,16,0.14816433251057987
q99_geomean,can,shift_1,all,16,0.16841642926105826
q99_geomean,can,shift_1,large_gt_1pct,0,nan
q99_geomean,can,shift_1,small_0.1_to_1pct,0,nan
q99_geomean,can,shift_1,tiny_le_0.1pct,16,0.16841642926105826
q99_geomean,can,shift_2,all,16,0.10903043044515691
q99_geomean,can,shift_2,large_gt_1pct,0,nan
q99_geomean,can,shift_2,small_0.1_to_1pct,0,nan
q99_geomean,can,shift_2,tiny_le_0.1pct,16,0.10903043044515691
q99_geomean,can,shift_3,all,16,0.12223932390614134
q99_geomean,can,shift_3,large_gt_1pct,0,nan
q99_geomean,can,shift_3,small_0.1_to_1pct,0,nan
q99_geomean,can,shift_3,tiny_le_0.1pct,16,0.12223932390614134
q99_geomean,can,underexposed,all,16,0.1441810184749882
q99_geomean,can,underexposed,large_gt_1pct,0,nan
q99_geomean,can,underexposed,small_0.1_to_1pct,0,nan
q99_geomean,can,underexposed,tiny_le_0.1pct,16,0.1441810184749882
q99_geomean,fabric,overexposed,all,32,0.40188442462979845
q99_geomean,fabric,overexposed,large_gt_1pct,1,0.47557346389740196
q99_geomean,fabric,overexposed,small_0.1_to_1pct,1,0.9979782765286791
q99_geomean,fabric,overexposed,tiny_le_0.1pct,30,0.37955832825759317
q99_geomean,fabric,regular,all,32,0.39909657119014075
q99_geomean,fabric,regular,large_gt_1pct,1,0.47588900401380174
q99_geomean,fabric,regular,small_0.1_to_1pct,1,0.9979092885353369
q99_geomean,fabric,regular,tiny_le_0.1pct,30,0.376576399517856
q99_geomean,fabric,shift_1,all,32,0.42170884528709707
q99_geomean,fabric,shift_1,large_gt_1pct,1,0.47656128492762906
q99_geomean,fabric,shift_1,small_0.1_to_1pct,1,0.9991538175729766
q99_geomean,fabric,shift_1,tiny_le_0.1pct,30,0.4006322648895564
q99_geomean,fabric,shift_2,all,32,0.5175964990858437
q99_geomean,fabric,shift_2,large_gt_1pct,1,0.45827190298814674
q99_geomean,fabric,shift_2,small_0.1_to_1pct,1,0.9985802684943392
q99_geomean,fabric,shift_2,tiny_le_0.1pct,30,0.5035411933088191
q99_geomean,fabric,shift_3,all,32,0.5238779279786931
q99_geomean,fabric,shift_3,large_gt_1pct,1,0.4707371303313813
q99_geomean,fabric,shift_3,small_0.1_to_1pct,1,0.9988751267005787
q99_geomean,fabric,shift_3,tiny_le_0.1pct,30,0.5098160479428784
q99_geomean,fabric,underexposed,all,32,0.4002609458793821
q99_geomean,fabric,underexposed,large_gt_1pct,1,0.4736698203767967
q99_geomean,fabric,underexposed,small_0.1_to_1pct,1,0.9979443506927108
q99_geomean,fabric,underexposed,tiny_le_0.1pct,30,0.3778912032357027
q99_geomean,fruit_jelly,overexposed,all,57,0.5592972593309077
q99_geomean,fruit_jelly,overexposed,large_gt_1pct,7,0.511963457845235
q99_geomean,fruit_jelly,overexposed,small_0.1_to_1pct,10,0.7721728243009092
q99_geomean,fruit_jelly,overexposed,tiny_le_0.1pct,40,0.5143617833484007
q99_geomean,fruit_jelly,regular,all,57,0.5659253193126684
q99_geomean,fruit_jelly,regular,large_gt_1pct,7,0.5104701151255658
q99_geomean,fruit_jelly,regular,small_0.1_to_1pct,10,0.7809821872400985
q99_geomean,fruit_jelly,regular,tiny_le_0.1pct,40,0.5218657630635507
q99_geomean,fruit_jelly,shift_1,all,57,0.5565536365336213
q99_geomean,fruit_jelly,shift_1,large_gt_1pct,7,0.5075267320961986
q99_geomean,fruit_jelly,shift_1,small_0.1_to_1pct,10,0.7735957377714181
q99_geomean,fruit_jelly,shift_1,tiny_le_0.1pct,40,0.5108728195007203
q99_geomean,fruit_jelly,underexposed,all,57,0.565180610299367
q99_geomean,fruit_jelly,underexposed,large_gt_1pct,7,0.5065323867558724
q99_geomean,fruit_jelly,underexposed,small_0.1_to_1pct,10,0.7843996057759611
q99_geomean,fruit_jelly,underexposed,tiny_le_0.1pct,40,0.5206393005503276
q99_geomean,rice,overexposed,all,20,0.7551004161934954
q99_geomean,rice,overexposed,large_gt_1pct,1,0.9962877893057793
q99_geomean,rice,overexposed,small_0.1_to_1pct,10,0.892903606257899
q99_geomean,rice,overexposed,tiny_le_0.1pct,9,0.5751871635539574
q99_geomean,rice,regular,all,20,0.7440507557052393
q99_geomean,rice,regular,large_gt_1pct,1,0.9963790478019453
q99_geomean,rice,regular,small_0.1_to_1pct,10,0.8679837238283602
q99_geomean,rice,regular,tiny_le_0.1pct,9,0.5783109808910591
q99_geomean,rice,shift_1,all,20,0.7087281984903295
q99_geomean,rice,shift_1,large_gt_1pct,1,0.9944380037200251
q99_geomean,rice,shift_1,small_0.1_to_1pct,10,0.824398320816633
q99_geomean,rice,shift_1,tiny_le_0.1pct,9,0.5484603064356208
q99_geomean,rice,shift_2,all,20,0.7541599372237381
q99_geomean,rice,shift_2,large_gt_1pct,1,0.9965209597013532
q99_geomean,rice,shift_2,small_0.1_to_1pct,10,0.8687294138323572
q99_geomean,rice,shift_2,tiny_le_0.1pct,9,0.5999315162722565
q99_geomean,rice,shift_3,all,20,0.7455086193554569
q99_geomean,rice,shift_3,large_gt_1pct,1,0.9962314348306636
q99_geomean,rice,shift_3,small_0.1_to_1pct,10,0.8573338074425103
q99_geomean,rice,shift_3,tiny_le_0.1pct,9,0.5934003197615226
q99_geomean,rice,underexposed,all,20,0.7412226155216118
q99_geomean,rice,underexposed,large_gt_1pct,1,0.9962335590334971
q99_geomean,rice,underexposed,small_0.1_to_1pct,10,0.8728678407731097
q99_geomean,rice,underexposed,tiny_le_0.1pct,9,0.5666155937408753
q99_geomean,sheet_metal,overexposed,all,75,0.714937643781093
q99_geomean,sheet_metal,overexposed,large_gt_1pct,2,0.5877106565243049
q99_geomean,sheet_metal,overexposed,small_0.1_to_1pct,4,0.9174468365456226
q99_geomean,sheet_metal,overexposed,tiny_le_0.1pct,69,0.7068857191934982
q99_geomean,sheet_metal,regular,all,75,0.7127334227081852
q99_geomean,sheet_metal,regular,large_gt_1pct,2,0.5876350076201243
q99_geomean,sheet_metal,regular,small_0.1_to_1pct,4,0.9283425268499577
q99_geomean,sheet_metal,regular,tiny_le_0.1pct,69,0.7038603852242717
q99_geomean,sheet_metal,shift_1,all,75,0.7232667852492267
q99_geomean,sheet_metal,shift_1,large_gt_1pct,2,0.5880100420129922
q99_geomean,sheet_metal,shift_1,small_0.1_to_1pct,4,0.9766001958597997
q99_geomean,sheet_metal,shift_1,tiny_le_0.1pct,69,0.7125012757424223
q99_geomean,sheet_metal,shift_2,all,75,0.7220136178470433
q99_geomean,sheet_metal,shift_2,large_gt_1pct,2,0.5878551778025211
q99_geomean,sheet_metal,shift_2,small_0.1_to_1pct,4,0.9717988193324579
q99_geomean,sheet_metal,shift_2,tiny_le_0.1pct,69,0.7114219667477328
q99_geomean,sheet_metal,shift_3,all,75,0.7214731959928052
q99_geomean,sheet_metal,shift_3,large_gt_1pct,2,0.5916359130563689
q99_geomean,sheet_metal,shift_3,small_0.1_to_1pct,4,0.979751364531008
q99_geomean,sheet_metal,shift_3,tiny_le_0.1pct,69,0.7102639480467227
q99_geomean,sheet_metal,underexposed,all,75,0.7087885300960897
q99_geomean,sheet_metal,underexposed,large_gt_1pct,2,0.5906405745074386
q99_geomean,sheet_metal,underexposed,small_0.1_to_1pct,4,0.9436708977078879
q99_geomean,sheet_metal,underexposed,tiny_le_0.1pct,69,0.6985967393820476
q99_geomean,vial,overexposed,all,25,0.7961136582532219
q99_geomean,vial,overexposed,large_gt_1pct,7,0.485825791198448
q99_geomean,vial,overexposed,small_0.1_to_1pct,11,0.913792514856871
q99_geomean,vial,overexposed,tiny_le_0.1pct,7,0.9214776077879729
q99_geomean,vial,regular,all,24,0.7974578011067057
q99_geomean,vial,regular,large_gt_1pct,7,0.49005372296589134
q99_geomean,vial,regular,small_0.1_to_1pct,11,0.9152873780586914
q99_geomean,vial,regular,tiny_le_0.1pct,6,0.9400750011923672
q99_geomean,vial,shift_1,all,25,0.7511512117113229
q99_geomean,vial,shift_1,large_gt_1pct,7,0.4900136375640321
q99_geomean,vial,shift_1,small_0.1_to_1pct,11,0.8560494497660165
q99_geomean,vial,shift_1,tiny_le_0.1pct,7,0.8474486974869653
q99_geomean,vial,shift_2,all,25,0.7993538554385493
q99_geomean,vial,shift_2,large_gt_1pct,7,0.49254416402679496
q99_geomean,vial,shift_2,small_0.1_to_1pct,11,0.9124051423004416
q99_geomean,vial,shift_2,tiny_le_0.1pct,7,0.9285115246387704
q99_geomean,vial,shift_3,all,25,0.7795395776826444
q99_geomean,vial,shift_3,large_gt_1pct,7,0.4883566269961721
q99_geomean,vial,shift_3,small_0.1_to_1pct,11,0.8925127222207613
q99_geomean,vial,shift_3,tiny_le_0.1pct,7,0.8931933012377714
q99_geomean,vial,shift_4,all,25,0.7387484931944357
q99_geomean,vial,shift_4,large_gt_1pct,7,0.487822394281003
q99_geomean,vial,shift_4,small_0.1_to_1pct,11,0.8439738076376535
q99_geomean,vial,shift_4,tiny_le_0.1pct,7,0.8243205265542669
q99_geomean,vial,underexposed,all,26,0.7835954945426984
q99_geomean,vial,underexposed,large_gt_1pct,7,0.49386933531050653
q99_geomean,vial,underexposed,small_0.1_to_1pct,11,0.9143446581992657
q99_geomean,vial,underexposed,tiny_le_0.1pct,8,0.8573257838431143
q99_geomean,wallplugs,overexposed,all,15,0.6062073208302408
q99_geomean,wallplugs,overexposed,large_gt_1pct,2,0.9081993694031221
q99_geomean,wallplugs,overexposed,small_0.1_to_1pct,3,0.39540724603424726
q99_geomean,wallplugs,overexposed,tiny_le_0.1pct,10,0.6090489335544574
q99_geomean,wallplugs,regular,all,15,0.6011785943067224
q99_geomean,wallplugs,regular,large_gt_1pct,2,0.9066243384732936
q99_geomean,wallplugs,regular,small_0.1_to_1pct,3,0.3885682358830149
q99_geomean,wallplugs,regular,tiny_le_0.1pct,10,0.6038725530005158
q99_geomean,wallplugs,shift_1,all,15,0.6392008786778869
q99_geomean,wallplugs,shift_1,large_gt_1pct,2,0.9070210004470101
q99_geomean,wallplugs,shift_1,small_0.1_to_1pct,3,0.4692610939827749
q99_geomean,wallplugs,shift_1,tiny_le_0.1pct,10,0.636618789732605
q99_geomean,wallplugs,shift_2,all,15,0.48119313296317057
q99_geomean,wallplugs,shift_2,large_gt_1pct,2,0.6983289912351233
q99_geomean,wallplugs,shift_2,small_0.1_to_1pct,3,0.22294055254195552
q99_geomean,wallplugs,shift_2,tiny_le_0.1pct,10,0.5152417354351511
q99_geomean,wallplugs,shift_3,all,15,0.5659419642838154
q99_geomean,wallplugs,shift_3,large_gt_1pct,2,0.8240901683242478
q99_geomean,wallplugs,shift_3,small_0.1_to_1pct,3,0.378005148643793
q99_geomean,wallplugs,shift_3,tiny_le_0.1pct,10,0.5706933681677369
q99_geomean,wallplugs,underexposed,all,15,0.6008505181884375
q99_geomean,wallplugs,underexposed,large_gt_1pct,2,0.904066221072903
q99_geomean,wallplugs,underexposed,small_0.1_to_1pct,3,0.393060677587242
q99_geomean,wallplugs,underexposed,tiny_le_0.1pct,10,0.6025443297918989
q99_geomean,walnuts,overexposed,all,44,0.7390603177560158
q99_geomean,walnuts,overexposed,large_gt_1pct,10,0.780719607094744
q99_geomean,walnuts,overexposed,small_0.1_to_1pct,14,0.803670628647763
q99_geomean,walnuts,overexposed,tiny_le_0.1pct,20,0.673003455462442
q99_geomean,walnuts,regular,all,44,0.7401039894908984
q99_geomean,walnuts,regular,large_gt_1pct,10,0.7829355782030252
q99_geomean,walnuts,regular,small_0.1_to_1pct,14,0.8014241541609218
q99_geomean,walnuts,regular,tiny_le_0.1pct,20,0.6757640798658382
q99_geomean,walnuts,shift_1,all,44,0.571654437536342
q99_geomean,walnuts,shift_1,large_gt_1pct,10,0.6895022903437142
q99_geomean,walnuts,shift_1,small_0.1_to_1pct,14,0.6144554847477621
q99_geomean,walnuts,shift_1,tiny_le_0.1pct,20,0.4827697780846629
q99_geomean,walnuts,shift_2,all,44,0.7481412062735093
q99_geomean,walnuts,shift_2,large_gt_1pct,10,0.7767141302933885
q99_geomean,walnuts,shift_2,small_0.1_to_1pct,14,0.7995307742973382
q99_geomean,walnuts,shift_2,tiny_le_0.1pct,20,0.6978820466469073
q99_geomean,walnuts,shift_3,all,44,0.6088285125636936
q99_geomean,walnuts,shift_3,large_gt_1pct,10,0.7000685684562189
q99_geomean,walnuts,shift_3,small_0.1_to_1pct,14,0.6484878162029526
q99_geomean,walnuts,shift_3,tiny_le_0.1pct,20,0.5354469720699503
q99_geomean,walnuts,underexposed,all,44,0.7431139626145833
q99_geomean,walnuts,underexposed,large_gt_1pct,10,0.7856388617079153
q99_geomean,walnuts,underexposed,small_0.1_to_1pct,14,0.7990105519810754
q99_geomean,walnuts,underexposed,tiny_le_0.1pct,20,0.6827239005113789
q99_harmonic,can,overexposed,all,16,0.1484196147714874
q99_harmonic,can,overexposed,large_gt_1pct,0,nan
q99_harmonic,can,overexposed,small_0.1_to_1pct,0,nan
q99_harmonic,can,overexposed,tiny_le_0.1pct,16,0.1484196147714874
q99_harmonic,can,regular,all,16,0.1485990847572899
q99_harmonic,can,regular,large_gt_1pct,0,nan
q99_harmonic,can,regular,small_0.1_to_1pct,0,nan
q99_harmonic,can,regular,tiny_le_0.1pct,16,0.1485990847572899
q99_harmonic,can,shift_1,all,16,0.16604161840607493
q99_harmonic,can,shift_1,large_gt_1pct,0,nan
q99_harmonic,can,shift_1,small_0.1_to_1pct,0,nan
q99_harmonic,can,shift_1,tiny_le_0.1pct,16,0.16604161840607493
q99_harmonic,can,shift_2,all,16,0.11018405475676463
q99_harmonic,can,shift_2,large_gt_1pct,0,nan
q99_harmonic,can,shift_2,small_0.1_to_1pct,0,nan
q99_harmonic,can,shift_2,tiny_le_0.1pct,16,0.11018405475676463
q99_harmonic,can,shift_3,all,16,0.12045128571460868
q99_harmonic,can,shift_3,large_gt_1pct,0,nan
q99_harmonic,can,shift_3,small_0.1_to_1pct,0,nan
q99_harmonic,can,shift_3,tiny_le_0.1pct,16,0.12045128571460868
q99_harmonic,can,underexposed,all,16,0.1445159637769063
q99_harmonic,can,underexposed,large_gt_1pct,0,nan
q99_harmonic,can,underexposed,small_0.1_to_1pct,0,nan
q99_harmonic,can,underexposed,tiny_le_0.1pct,16,0.1445159637769063
q99_harmonic,fabric,overexposed,all,32,0.397991359417572
q99_harmonic,fabric,overexposed,large_gt_1pct,1,0.4686213286643802
q99_harmonic,fabric,overexposed,small_0.1_to_1pct,1,0.9980358598966003
q99_harmonic,fabric,overexposed,tiny_le_0.1pct,30,0.37563554376005454
q99_harmonic,fabric,regular,all,32,0.394296028171305
q99_harmonic,fabric,regular,large_gt_1pct,1,0.4689809833491382
q99_harmonic,fabric,regular,small_0.1_to_1pct,1,0.9979704048003071
q99_harmonic,fabric,regular,tiny_le_0.1pct,30,0.37168405044442065
q99_harmonic,fabric,shift_1,all,32,0.419431361009253
q99_harmonic,fabric,shift_1,large_gt_1pct,1,0.46909331033089013
q99_harmonic,fabric,shift_1,small_0.1_to_1pct,1,0.9991869006227999
q99_harmonic,fabric,shift_1,tiny_le_0.1pct,30,0.39845077804475226
q99_harmonic,fabric,shift_2,all,32,0.5105123456042151
q99_harmonic,fabric,shift_2,large_gt_1pct,1,0.4521555275802089
q99_harmonic,fabric,shift_2,small_0.1_to_1pct,1,0.9986021332964912
q99_harmonic,fabric,shift_2,tiny_le_0.1pct,30,0.496187913281947
q99_harmonic,fabric,shift_3,all,32,0.5162781574814408
q99_harmonic,fabric,shift_3,large_gt_1pct,1,0.46419927170657965
q99_harmonic,fabric,shift_3,small_0.1_to_1pct,1,0.9988978771841424
q99_harmonic,fabric,shift_3,tiny_le_0.1pct,30,0.5019267963505107
q99_harmonic,fabric,underexposed,all,32,0.3966394709275506
q99_harmonic,fabric,underexposed,large_gt_1pct,1,0.4666513539625618
q99_harmonic,fabric,underexposed,small_0.1_to_1pct,1,0.9979993544515577
q99_harmonic,fabric,underexposed,tiny_le_0.1pct,30,0.37426041204225935
q99_harmonic,fruit_jelly,overexposed,all,57,0.5592483044305726
q99_harmonic,fruit_jelly,overexposed,large_gt_1pct,7,0.5125100601592331
q99_harmonic,fruit_jelly,overexposed,small_0.1_to_1pct,10,0.7726577230534561
q99_harmonic,fruit_jelly,overexposed,tiny_le_0.1pct,40,0.5140751425223289
q99_harmonic,fruit_jelly,regular,all,57,0.5657978110577764
q99_harmonic,fruit_jelly,regular,large_gt_1pct,7,0.5110162782699799
q99_harmonic,fruit_jelly,regular,small_0.1_to_1pct,10,0.7813689394558229
q99_harmonic,fruit_jelly,regular,tiny_le_0.1pct,40,0.5214917971961305
q99_harmonic,fruit_jelly,shift_1,all,57,0.5564525511189923
q99_harmonic,fruit_jelly,shift_1,large_gt_1pct,7,0.5078046760720913
q99_harmonic,fruit_jelly,shift_1,small_0.1_to_1pct,10,0.7739160087972399
q99_harmonic,fruit_jelly,shift_1,tiny_le_0.1pct,40,0.510600064832644
q99_harmonic,fruit_jelly,underexposed,all,57,0.5651883209071217
q99_harmonic,fruit_jelly,underexposed,large_gt_1pct,7,0.5070935340268024
q99_harmonic,fruit_jelly,underexposed,small_0.1_to_1pct,10,0.7848728098007832
q99_harmonic,fruit_jelly,underexposed,tiny_le_0.1pct,40,0.5204337863877581
q99_harmonic,rice,overexposed,all,20,0.7544225858283318
q99_harmonic,rice,overexposed,large_gt_1pct,1,0.9960912439178574
q99_harmonic,rice,overexposed,small_0.1_to_1pct,10,0.8931884561320832
q99_harmonic,rice,overexposed,tiny_le_0.1pct,9,0.5733862123698249
q99_harmonic,rice,regular,all,20,0.7432107476628363
q99_harmonic,rice,regular,large_gt_1pct,1,0.9961785256843576
q99_harmonic,rice,regular,small_0.1_to_1pct,10,0.868328026059933
q99_harmonic,rice,regular,tiny_le_0.1pct,9,0.576084018552592
q99_harmonic,rice,shift_1,all,20,0.7081653681538667
q99_harmonic,rice,shift_1,large_gt_1pct,1,0.9941445523874433
q99_harmonic,rice,shift_1,small_0.1_to_1pct,10,0.8240106641829438
q99_harmonic,rice,shift_1,tiny_le_0.1pct,9,0.5476729076511916
q99_harmonic,rice,shift_2,all,20,0.7521854863281809
q99_harmonic,rice,shift_2,large_gt_1pct,1,0.9965162381720379
q99_harmonic,rice,shift_2,small_0.1_to_1pct,10,0.8680852318324931
q99_harmonic,rice,shift_2,tiny_le_0.1pct,9,0.596260130007481
q99_harmonic,rice,shift_3,all,20,0.7428902580439551
q99_harmonic,rice,shift_3,large_gt_1pct,1,0.9962570252342374
q99_harmonic,rice,shift_3,small_0.1_to_1pct,10,0.8575210378839051
q99_harmonic,rice,shift_3,tiny_le_0.1pct,9,0.5873708618673517
q99_harmonic,rice,underexposed,all,20,0.7404763125018102
q99_harmonic,rice,underexposed,large_gt_1pct,1,0.9960829507464419
q99_harmonic,rice,underexposed,small_0.1_to_1pct,10,0.8732363221485202
q99_harmonic,rice,underexposed,tiny_le_0.1pct,9,0.5645644530894255
q99_harmonic,sheet_metal,overexposed,all,75,0.7122806766499351
q99_harmonic,sheet_metal,overexposed,large_gt_1pct,2,0.5864994974919199
q99_harmonic,sheet_metal,overexposed,small_0.1_to_1pct,4,0.9153918040554284
q99_harmonic,sheet_metal,overexposed,tiny_le_0.1pct,69,0.7041519498194184
q99_harmonic,sheet_metal,regular,all,75,0.7102035175664969
q99_harmonic,sheet_metal,regular,large_gt_1pct,2,0.5865663494201503
q99_harmonic,sheet_metal,regular,small_0.1_to_1pct,4,0.9267487382568595
q99_harmonic,sheet_metal,regular,tiny_le_0.1pct,69,0.7012338574727564
q99_harmonic,sheet_metal,shift_1,all,75,0.7202297241801423
q99_harmonic,sheet_metal,shift_1,large_gt_1pct,2,0.5845018853331188
q99_harmonic,sheet_metal,shift_1,small_0.1_to_1pct,4,0.9761236773819507
q99_harmonic,sheet_metal,shift_1,tiny_le_0.1pct,69,0.7093294323669164
q99_harmonic,sheet_metal,shift_2,all,75,0.7191713258635909
q99_harmonic,sheet_metal,shift_2,large_gt_1pct,2,0.5847512949235101
q99_harmonic,sheet_metal,shift_2,small_0.1_to_1pct,4,0.9713023596406097
q99_harmonic,sheet_metal,shift_2,tiny_le_0.1pct,69,0.7084512668313075
q99_harmonic,sheet_metal,shift_3,all,75,0.7184122806151202
q99_harmonic,sheet_metal,shift_3,large_gt_1pct,2,0.587981956847099
q99_harmonic,sheet_metal,shift_3,small_0.1_to_1pct,4,0.9794236435610257
q99_harmonic,sheet_metal,shift_3,tiny_le_0.1pct,69,0.7070617762057393
q99_harmonic,sheet_metal,underexposed,all,75,0.7069083658472282
q99_harmonic,sheet_metal,underexposed,large_gt_1pct,2,0.5895421421184753
q99_harmonic,sheet_metal,underexposed,small_0.1_to_1pct,4,0.9426227280711804
q99_harmonic,sheet_metal,underexposed,tiny_le_0.1pct,69,0.6966456846669752
q99_harmonic,vial,overexposed,all,25,0.7961001406362178
q99_harmonic,vial,overexposed,large_gt_1pct,7,0.48615132268939915
q99_harmonic,vial,overexposed,small_0.1_to_1pct,11,0.913729362251953
q99_harmonic,vial,overexposed,tiny_le_0.1pct,7,0.9212030389011674
q99_harmonic,vial,regular,all,24,0.7975377871963913
q99_harmonic,vial,regular,large_gt_1pct,7,0.4906866332253901
q99_harmonic,vial,regular,small_0.1_to_1pct,11,0.9150965290988583
q99_harmonic,vial,regular,tiny_le_0.1pct,6,0.9400064400080744
q99_harmonic,vial,shift_1,all,25,0.7521101538087451
q99_harmonic,vial,shift_1,large_gt_1pct,7,0.4906021665718716
q99_harmonic,vial,shift_1,small_0.1_to_1pct,11,0.8567763245596278
q99_harmonic,vial,shift_1,tiny_le_0.1pct,7,0.8491427298656928
q99_harmonic,vial,shift_2,all,25,0.7993263051436528
q99_harmonic,vial,shift_2,large_gt_1pct,7,0.4930040046895398
q99_harmonic,vial,shift_2,small_0.1_to_1pct,11,0.912288498401041
q99_harmonic,vial,shift_2,tiny_le_0.1pct,7,0.9281365876218878
q99_harmonic,vial,shift_3,all,25,0.7801848838501744
q99_harmonic,vial,shift_3,large_gt_1pct,7,0.4889554644682076
q99_harmonic,vial,shift_3,small_0.1_to_1pct,11,0.8932090719317689
q99_harmonic,vial,shift_3,tiny_le_0.1pct,7,0.8938048648182108
q99_harmonic,vial,shift_4,all,25,0.7398126483641984
q99_harmonic,vial,shift_4,large_gt_1pct,7,0.4887581553152426
q99_harmonic,vial,shift_4,small_0.1_to_1pct,11,0.8445921829024933
q99_harmonic,vial,shift_4,tiny_le_0.1pct,7,0.8262135871387006
q99_harmonic,vial,underexposed,all,26,0.7812448307139509
q99_harmonic,vial,underexposed,large_gt_1pct,7,0.49458760086266157
q99_harmonic,vial,underexposed,small_0.1_to_1pct,11,0.9143678736196871
q99_harmonic,vial,underexposed,tiny_le_0.1pct,8,0.8490257228384396
q99_harmonic,wallplugs,overexposed,all,15,0.599304804717545
q99_harmonic,wallplugs,overexposed,large_gt_1pct,2,0.9091334091054748
q99_harmonic,wallplugs,overexposed,small_0.1_to_1pct,3,0.39682291847546997
q99_harmonic,wallplugs,overexposed,tiny_le_0.1pct,10,0.5980836497125835
q99_harmonic,wallplugs,regular,all,15,0.5931677089606112
q99_harmonic,wallplugs,regular,large_gt_1pct,2,0.9075172880982626
q99_harmonic,wallplugs,regular,small_0.1_to_1pct,3,0.39011829286214417
q99_harmonic,wallplugs,regular,tiny_le_0.1pct,10,0.5912126179626276
q99_harmonic,wallplugs,shift_1,all,15,0.6392550060594606
q99_harmonic,wallplugs,shift_1,large_gt_1pct,2,0.9086285047414688
q99_harmonic,wallplugs,shift_1,small_0.1_to_1pct,3,0.47143102934536285
q99_harmonic,wallplugs,shift_1,tiny_le_0.1pct,10,0.6357274993373083
q99_harmonic,wallplugs,shift_2,all,15,0.4836961243883931
q99_harmonic,wallplugs,shift_2,large_gt_1pct,2,0.6998323856887937
q99_harmonic,wallplugs,shift_2,small_0.1_to_1pct,3,0.22430976079056442
q99_harmonic,wallplugs,shift_2,tiny_le_0.1pct,10,0.5182847812076665
q99_harmonic,wallplugs,shift_3,all,15,0.5645560563459946
q99_harmonic,wallplugs,shift_3,large_gt_1pct,2,0.8267136765167663
q99_harmonic,wallplugs,shift_3,small_0.1_to_1pct,3,0.3800551235520544
q99_harmonic,wallplugs,shift_3,tiny_le_0.1pct,10,0.5674748121500256
q99_harmonic,wallplugs,underexposed,all,15,0.5927745327482367
q99_harmonic,wallplugs,underexposed,large_gt_1pct,2,0.904943817849371
q99_harmonic,wallplugs,underexposed,small_0.1_to_1pct,3,0.3943757304796272
q99_harmonic,wallplugs,underexposed,tiny_le_0.1pct,10,0.589860316408595
q99_harmonic,walnuts,overexposed,all,44,0.7391207711967605
q99_harmonic,walnuts,overexposed,large_gt_1pct,10,0.7806007104248067
q99_harmonic,walnuts,overexposed,small_0.1_to_1pct,14,0.8033287232820676
q99_harmonic,walnuts,overexposed,tiny_le_0.1pct,20,0.6734352351230377
q99_harmonic,walnuts,regular,all,44,0.740110008174048
q99_harmonic,walnuts,regular,large_gt_1pct,10,0.782837149136576
q99_harmonic,walnuts,regular,small_0.1_to_1pct,14,0.801078919472756
q99_harmonic,walnuts,regular,tiny_le_0.1pct,20,0.6760681997837131
q99_harmonic,walnuts,shift_1,all,44,0.5735330418374763
q99_harmonic,walnuts,shift_1,large_gt_1pct,10,0.6904324638120513
q99_harmonic,walnuts,shift_1,small_0.1_to_1pct,14,0.6159843282436027
q99_harmonic,walnuts,shift_1,tiny_le_0.1pct,20,0.48536743036589647
q99_harmonic,walnuts,shift_2,all,44,0.748134741103418
q99_harmonic,walnuts,shift_2,large_gt_1pct,10,0.7767799951468318
q99_harmonic,walnuts,shift_2,small_0.1_to_1pct,14,0.7992174744210024
q99_harmonic,walnuts,shift_2,tiny_le_0.1pct,20,0.6980542007594218
q99_harmonic,walnuts,shift_3,all,44,0.61014252326284
q99_harmonic,walnuts,shift_3,large_gt_1pct,10,0.7007992279555619
q99_harmonic,walnuts,shift_3,small_0.1_to_1pct,14,0.6495695006573438
q99_harmonic,walnuts,shift_3,tiny_le_0.1pct,20,0.537215286740326
q99_harmonic,walnuts,underexposed,all,44,0.7431360635461735
q99_harmonic,walnuts,underexposed,large_gt_1pct,10,0.7855025186384392
q99_harmonic,walnuts,underexposed,small_0.1_to_1pct,14,0.7986238337661996
q99_harmonic,walnuts,underexposed,tiny_le_0.1pct,20,0.6831113968460334
q99_mean,can,overexposed,all,16,0.14746911829752596
q99_mean,can,overexposed,large_gt_1pct,0,nan
q99_mean,can,overexposed,small_0.1_to_1pct,0,nan
q99_mean,can,overexposed,tiny_le_0.1pct,16,0.14746911829752596
q99_mean,can,regular,all,16,0.1475476940202292
q99_mean,can,regular,large_gt_1pct,0,nan
q99_mean,can,regular,small_0.1_to_1pct,0,nan
q99_mean,can,regular,tiny_le_0.1pct,16,0.1475476940202292
q99_mean,can,shift_1,all,16,0.17031462117177643
q99_mean,can,shift_1,large_gt_1pct,0,nan
q99_mean,can,shift_1,small_0.1_to_1pct,0,nan
q99_mean,can,shift_1,tiny_le_0.1pct,16,0.17031462117177643
q99_mean,can,shift_2,all,16,0.10784060992193603
q99_mean,can,shift_2,large_gt_1pct,0,nan
q99_mean,can,shift_2,small_0.1_to_1pct,0,nan
q99_mean,can,shift_2,tiny_le_0.1pct,16,0.10784060992193603
q99_mean,can,shift_3,all,16,0.1238622814646576
q99_mean,can,shift_3,large_gt_1pct,0,nan
q99_mean,can,shift_3,small_0.1_to_1pct,0,nan
q99_mean,can,shift_3,tiny_le_0.1pct,16,0.1238622814646576
q99_mean,can,underexposed,all,16,0.14366141727601636
q99_mean,can,underexposed,large_gt_1pct,0,nan
q99_mean,can,underexposed,small_0.1_to_1pct,0,nan
q99_mean,can,underexposed,tiny_le_0.1pct,16,0.14366141727601636
q99_mean,fabric,overexposed,all,32,0.41099700072284445
q99_mean,fabric,overexposed,large_gt_1pct,1,0.4822438919868267
q99_mean,fabric,overexposed,small_0.1_to_1pct,1,0.9979153899762239
q99_mean,fabric,overexposed,tiny_le_0.1pct,30,0.38905815803894245
q99_mean,fabric,regular,all,32,0.408437962818541
q99_mean,fabric,regular,large_gt_1pct,1,0.48259130857593524
q99_mean,fabric,regular,small_0.1_to_1pct,1,0.9978438979378729
q99_mean,fabric,regular,tiny_le_0.1pct,30,0.3863193201226587
q99_mean,fabric,shift_1,all,32,0.4243967284449722
q99_mean,fabric,shift_1,large_gt_1pct,1,0.48404794883497704
q99_mean,fabric,shift_1,small_0.1_to_1pct,1,0.9991143779473507
q99_mean,fabric,shift_1,tiny_le_0.1pct,30,0.4032510994485633
q99_mean,fabric,shift_2,all,32,0.5244393585084917
q99_mean,fabric,shift_2,large_gt_1pct,1,0.46441638072434843
q99_mean,fabric,shift_2,small_0.1_to_1pct,1,0.9985529827795497
q99_mean,fabric,shift_2,tiny_le_0.1pct,30,0.5106363369589371
q99_mean,fabric,shift_3,all,32,0.5320807189543372
q99_mean,fabric,shift_3,large_gt_1pct,1,0.476949603195105
q99_mean,fabric,shift_3,small_0.1_to_1pct,1,0.9988485548387915
q99_mean,fabric,shift_3,tiny_le_0.1pct,30,0.5183594949501643
q99_mean,fabric,underexposed,all,32,0.4082064305353811
q99_mean,fabric,underexposed,large_gt_1pct,1,0.4805375566751764
q99_mean,fabric,underexposed,small_0.1_to_1pct,1,0.9978854513142404
q99_mean,fabric,underexposed,tiny_le_0.1pct,30,0.3861394256381012
q99_mean,fruit_jelly,overexposed,all,57,0.5592143963817254
q99_mean,fruit_jelly,overexposed,large_gt_1pct,7,0.5113662520389953
q99_mean,fruit_jelly,overexposed,small_0.1_to_1pct,10,0.7716320339101546
q99_mean,fruit_jelly,overexposed,tiny_le_0.1pct,40,0.5144834122595905
q99_mean,fruit_jelly,regular,all,57,0.5659179627578953
q99_mean,fruit_jelly,regular,large_gt_1pct,7,0.5098511337641366
q99_mean,fruit_jelly,regular,small_0.1_to_1pct,10,0.7805435112858934
q99_mean,fruit_jelly,regular,tiny_le_0.1pct,40,0.5220732706998044
q99_mean,fruit_jelly,shift_1,all,57,0.5565379741597684
q99_mean,fruit_jelly,shift_1,large_gt_1pct,7,0.5073236897977841
q99_mean,fruit_jelly,shift_1,small_0.1_to_1pct,10,0.7732216815221307
q99_mean,fruit_jelly,shift_1,tiny_le_0.1pct,40,0.510979547082522
q99_mean,fruit_jelly,underexposed,all,57,0.5650646498728266
q99_mean,fruit_jelly,underexposed,large_gt_1pct,7,0.5060142455603648
q99_mean,fruit_jelly,underexposed,small_0.1_to_1pct,10,0.7838669213759706
q99_mean,fruit_jelly,underexposed,tiny_le_0.1pct,40,0.5206979027517158
q99_mean,rice,overexposed,all,20,0.7555355756142202
q99_mean,rice,overexposed,large_gt_1pct,1,0.9963358302910476
q99_mean,rice,overexposed,small_0.1_to_1pct,10,0.8924458785604807
q99_mean,rice,overexposed,tiny_le_0.1pct,9,0.5766574329321111
q99_mean,rice,regular,all,20,0.7445788977157008
q99_mean,rice,regular,large_gt_1pct,1,0.9964479056814888
q99_mean,rice,regular,small_0.1_to_1pct,10,0.8674516573363441
q99_mean,rice,regular,tiny_le_0.1pct,9,0.5800681639188164
q99_mean,rice,shift_1,all,20,0.7092431698639663
q99_mean,rice,shift_1,large_gt_1pct,1,0.9946098782512555
q99_mean,rice,shift_1,small_0.1_to_1pct,10,0.824470807609825
q99_mean,rice,shift_1,tiny_le_0.1pct,9,0.5495050492144585
q99_mean,rice,shift_2,all,20,0.7557691896248299
q99_mean,rice,shift_2,large_gt_1pct,1,0.9965059497882136
q99_mean,rice,shift_2,small_0.1_to_1pct,10,0.8691367634794006
q99_mean,rice,shift_2,tiny_le_0.1pct,9,0.6030566897683226
q99_mean,rice,shift_3,all,20,0.7474719119619334
q99_mean,rice,shift_3,large_gt_1pct,1,0.9961912298134901
q99_mean,rice,shift_3,small_0.1_to_1pct,10,0.8568646766096134
q99_mean,rice,shift_3,tiny_le_0.1pct,9,0.5982889159254783
q99_mean,rice,underexposed,all,20,0.7416544048910418
q99_mean,rice,underexposed,large_gt_1pct,1,0.9962790500883508
q99_mean,rice,underexposed,small_0.1_to_1pct,10,0.8722777435967455
q99_mean,rice,underexposed,tiny_le_0.1pct,9,0.5682257346405806
q99_mean,sheet_metal,overexposed,all,75,0.716384409870953
q99_mean,sheet_metal,overexposed,large_gt_1pct,2,0.58873542864651
q99_mean,sheet_metal,overexposed,small_0.1_to_1pct,4,0.9190516006134387
q99_mean,sheet_metal,overexposed,tiny_le_0.1pct,69,0.7083355576894963
q99_mean,sheet_metal,regular,all,75,0.7137923456284908
q99_mean,sheet_metal,regular,large_gt_1pct,2,0.5886521196525729
q99_mean,sheet_metal,regular,small_0.1_to_1pct,4,0.9294337569844053
q99_mean,sheet_metal,regular,tiny_le_0.1pct,69,0.7049186471723873
q99_mean,sheet_metal,shift_1,all,75,0.7259642087024462
q99_mean,sheet_metal,shift_1,large_gt_1pct,2,0.5917388442700968
q99_mean,sheet_metal,shift_1,small_0.1_to_1pct,4,0.9767567657594015
q99_mean,sheet_metal,shift_1,tiny_le_0.1pct,69,0.7153161000160274
q99_mean,sheet_metal,shift_2,all,75,0.724367501069029
q99_mean,sheet_metal,shift_2,large_gt_1pct,2,0.590896313422002
q99_mean,sheet_metal,shift_2,small_0.1_to_1pct,4,0.9719471060270255
q99_mean,sheet_metal,shift_2,tiny_le_0.1pct,69,0.7138837902786258
q99_mean,sheet_metal,shift_3,all,75,0.7240813326361393
q99_mean,sheet_metal,shift_3,large_gt_1pct,2,0.5958436678486382
q99_mean,sheet_metal,shift_3,small_0.1_to_1pct,4,0.9797875223857531
q99_mean,sheet_metal,shift_3,tiny_le_0.1pct,69,0.7129748191662392
q99_mean,sheet_metal,underexposed,all,75,0.7095694379712466
q99_mean,sheet_metal,underexposed,large_gt_1pct,2,0.5914801182805981
q99_mean,sheet_metal,underexposed,small_0.1_to_1pct,4,0.9441997322531709
q99_mean,sheet_metal,underexposed,tiny_le_0.1pct,69,0.6993905606126108
q99_mean,vial,overexposed,all,25,0.7958334204620612
q99_mean,vial,overexposed,large_gt_1pct,7,0.48529320063766246
q99_mean,vial,overexposed,small_0.1_to_1pct,11,0.9135238720091898
q99_mean,vial,overexposed,tiny_le_0.1pct,7,0.9214315021409675
q99_mean,vial,regular,all,24,0.7970924008480144
q99_mean,vial,regular,large_gt_1pct,7,0.4892115037385733
q99_mean,vial,regular,small_0.1_to_1pct,11,0.915149003505292
q99_mean,vial,regular,tiny_le_0.1pct,6,0.939849675937366
q99_mean,vial,shift_1,all,25,0.7497103117243131
q99_mean,vial,shift_1,large_gt_1pct,7,0.4891262635977838
q99_mean,vial,shift_1,small_0.1_to_1pct,11,0.8547798128944847
q99_mean,vial,shift_1,tiny_le_0.1pct,7,0.8451851437263094
q99_mean,vial,shift_2,all,25,0.7990629118209575
q99_mean,vial,shift_2,large_gt_1pct,7,0.49187401941452086
q99_mean,vial,shift_2,small_0.1_to_1pct,11,0.9121705534152548
q99_mean,vial,shift_2,tiny_le_0.1pct,7,0.9285112245792412
q99_mean,vial,shift_3,all,25,0.7785087366276431
q99_mean,vial,shift_3,large_gt_1pct,7,0.48745380596415927
q99_mean,vial,shift_3,small_0.1_to_1pct,11,0.8913966647192442
q99_mean,vial,shift_3,tiny_le_0.1pct,7,0.8921683517186085
q99_mean,vial,shift_4,all,25,0.7371424983737148
q99_mean,vial,shift_4,large_gt_1pct,7,0.4865580120128184
q99_mean,vial,shift_4,small_0.1_to_1pct,11,0.8427502116254704
q99_mean,vial,shift_4,tiny_le_0.1pct,7,0.8217720067675767
q99_mean,vial,underexposed,all,26,0.7853710599305952
q99_mean,vial,underexposed,large_gt_1pct,7,0.4929057780284216
q99_mean,vial,underexposed,small_0.1_to_1pct,11,0.9139952951313707
q99_mean,vial,underexposed,tiny_le_0.1pct,8,0.864419858193924
q99_mean,wallplugs,overexposed,all,15,0.6119099914436872
q99_mean,wallplugs,overexposed,large_gt_1pct,2,0.9070395691497662
q99_mean,wallplugs,overexposed,small_0.1_to_1pct,3,0.39529508769875127
q99_mean,wallplugs,overexposed,tiny_le_0.1pct,10,0.6178685470259451
q99_mean,wallplugs,regular,all,15,0.6076845154064558
q99_mean,wallplugs,regular,large_gt_1pct,2,0.9055081335797205
q99_mean,wallplugs,regular,small_0.1_to_1pct,3,0.38805004958217015
q99_mean,wallplugs,regular,tiny_le_0.1pct,10,0.6140101315190843
q99_mean,wallplugs,shift_1,all,15,0.638728312741735
q99_mean,wallplugs,shift_1,large_gt_1pct,2,0.9051005622763214
q99_mean,wallplugs,shift_1,small_0.1_to_1pct,3,0.46678447210070095
q99_mean,wallplugs,shift_1,tiny_le_0.1pct,10,0.6370370150271418
q99_mean,wallplugs,shift_2,all,15,0.4781985990022015
q99_mean,wallplugs,shift_2,large_gt_1pct,2,0.6964226821256375
q99_mean,wallplugs,shift_2,small_0.1_to_1pct,3,0.22126730389182145
q99_mean,wallplugs,shift_2,tiny_le_0.1pct,10,0.5116331709106334
q99_mean,wallplugs,shift_3,all,15,0.5665694845048008
q99_mean,wallplugs,shift_3,large_gt_1pct,2,0.8208956925393419
q99_mean,wallplugs,shift_3,small_0.1_to_1pct,3,0.3756367581641541
q99_mean,wallplugs,shift_3,tiny_le_0.1pct,10,0.5729840608000861
q99_mean,wallplugs,underexposed,all,15,0.6075968103437397
q99_mean,wallplugs,underexposed,large_gt_1pct,2,0.9029512855829127
q99_mean,wallplugs,underexposed,small_0.1_to_1pct,3,0.3927764830842087
q99_mean,wallplugs,underexposed,tiny_le_0.1pct,10,0.6129720134737576
q99_mean,walnuts,overexposed,all,44,0.7389339658190103
q99_mean,walnuts,overexposed,large_gt_1pct,10,0.7807861313314547
q99_mean,walnuts,overexposed,small_0.1_to_1pct,14,0.8039642442193293
q99_mean,walnuts,overexposed,tiny_le_0.1pct,20,0.6724866881825805
q99_mean,walnuts,regular,all,44,0.7400253681519536
q99_mean,walnuts,regular,large_gt_1pct,10,0.7829782427201126
q99_mean,walnuts,regular,small_0.1_to_1pct,14,0.8017237894608509
q99_mean,walnuts,regular,tiny_le_0.1pct,20,0.6753600359516582
q99_mean,walnuts,shift_1,all,44,0.5693245071379062
q99_mean,walnuts,shift_1,large_gt_1pct,10,0.6883268940977494
q99_mean,walnuts,shift_1,small_0.1_to_1pct,14,0.6125415456726643
q99_mean,walnuts,shift_1,tiny_le_0.1pct,20,0.4795713866836469
q99_mean,walnuts,shift_2,all,44,0.7480638456404204
q99_mean,walnuts,shift_2,large_gt_1pct,10,0.7766098793113899
q99_mean,walnuts,shift_2,small_0.1_to_1pct,14,0.799797338759472
q99_mean,walnuts,shift_2,tiny_le_0.1pct,20,0.6975773836216163
q99_mean,walnuts,shift_3,all,44,0.6071755885460417
q99_mean,walnuts,shift_3,large_gt_1pct,10,0.6991876057891052
q99_mean,walnuts,shift_3,small_0.1_to_1pct,14,0.6471317338403967
q99_mean,walnuts,shift_3,tiny_le_0.1pct,20,0.5332002782184567
q99_mean,walnuts,underexposed,all,44,0.7430070143678406
q99_mean,walnuts,underexposed,large_gt_1pct,10,0.7857259400149552
q99_mean,walnuts,underexposed,small_0.1_to_1pct,14,0.7993450173946367
q99_mean,walnuts,underexposed,tiny_le_0.1pct,20,0.6822109494255494
q99_positive_025,can,overexposed,all,16,0.1567701741933511
q99_positive_025,can,overexposed,large_gt_1pct,0,nan
q99_positive_025,can,overexposed,small_0.1_to_1pct,0,nan
q99_positive_025,can,overexposed,tiny_le_0.1pct,16,0.1567701741933511
q99_positive_025,can,regular,all,16,0.1565372697479877
q99_positive_025,can,regular,large_gt_1pct,0,nan
q99_positive_025,can,regular,small_0.1_to_1pct,0,nan
q99_positive_025,can,regular,tiny_le_0.1pct,16,0.1565372697479877
q99_positive_025,can,shift_1,all,16,0.1856988038505485
q99_positive_025,can,shift_1,large_gt_1pct,0,nan
q99_positive_025,can,shift_1,small_0.1_to_1pct,0,nan
q99_positive_025,can,shift_1,tiny_le_0.1pct,16,0.1856988038505485
q99_positive_025,can,shift_2,all,16,0.10494009530636415
q99_positive_025,can,shift_2,large_gt_1pct,0,nan
q99_positive_025,can,shift_2,small_0.1_to_1pct,0,nan
q99_positive_025,can,shift_2,tiny_le_0.1pct,16,0.10494009530636415
q99_positive_025,can,shift_3,all,16,0.13990671313821768
q99_positive_025,can,shift_3,large_gt_1pct,0,nan
q99_positive_025,can,shift_3,small_0.1_to_1pct,0,nan
q99_positive_025,can,shift_3,tiny_le_0.1pct,16,0.13990671313821768
q99_positive_025,can,underexposed,all,16,0.15347881474012115
q99_positive_025,can,underexposed,large_gt_1pct,0,nan
q99_positive_025,can,underexposed,small_0.1_to_1pct,0,nan
q99_positive_025,can,underexposed,tiny_le_0.1pct,16,0.15347881474012115
q99_positive_025,fabric,overexposed,all,32,0.35716420765162415
q99_positive_025,fabric,overexposed,large_gt_1pct,1,0.48152544110369855
q99_positive_025,fabric,overexposed,small_0.1_to_1pct,1,0.9981641822430162
q99_positive_025,fabric,overexposed,tiny_le_0.1pct,30,0.3316521673835175
q99_positive_025,fabric,regular,all,32,0.349187736146923
q99_positive_025,fabric,regular,large_gt_1pct,1,0.48368345970702536
q99_positive_025,fabric,regular,small_0.1_to_1pct,1,0.9981116874219716
q99_positive_025,fabric,regular,tiny_le_0.1pct,30,0.32307374698576263
q99_positive_025,fabric,shift_1,all,32,0.36363942686897693
q99_positive_025,fabric,shift_1,large_gt_1pct,1,0.48613583025808577
q99_positive_025,fabric,shift_1,small_0.1_to_1pct,1,0.9994223960762696
q99_positive_025,fabric,shift_1,tiny_le_0.1pct,30,0.33836344778243693
q99_positive_025,fabric,shift_2,all,32,0.46668187459854293
q99_positive_025,fabric,shift_2,large_gt_1pct,1,0.4663571965889206
q99_positive_025,fabric,shift_2,small_0.1_to_1pct,1,0.9985293887356024
q99_positive_025,fabric,shift_2,tiny_le_0.1pct,30,0.4489644467276319
q99_positive_025,fabric,shift_3,all,32,0.4671888904194906
q99_positive_025,fabric,shift_3,large_gt_1pct,1,0.47861371391477814
q99_positive_025,fabric,shift_3,small_0.1_to_1pct,1,0.9987964884973033
q99_positive_025,fabric,shift_3,tiny_le_0.1pct,30,0.4490878097003909
q99_positive_025,fabric,underexposed,all,32,0.35112157584150683
q99_positive_025,fabric,underexposed,large_gt_1pct,1,0.4812533170176046
q99_positive_025,fabric,underexposed,small_0.1_to_1pct,1,0.9983905368746024
q99_positive_025,fabric,underexposed,tiny_le_0.1pct,30,0.32520821910121
q99_positive_025,fruit_jelly,overexposed,all,57,0.5316589592957289
q99_positive_025,fruit_jelly,overexposed,large_gt_1pct,7,0.49925372842151317
q99_positive_025,fruit_jelly,overexposed,small_0.1_to_1pct,10,0.7589619503209091
q99_positive_025,fruit_jelly,overexposed,tiny_le_0.1pct,40,0.480504126942413
q99_positive_025,fruit_jelly,regular,all,57,0.5388935571698308
q99_positive_025,fruit_jelly,regular,large_gt_1pct,7,0.4986714946346777
q99_positive_025,fruit_jelly,regular,small_0.1_to_1pct,10,0.7674701363203956
q99_positive_025,fruit_jelly,regular,tiny_le_0.1pct,40,0.48878827332583064
q99_positive_025,fruit_jelly,shift_1,all,57,0.5304115914474289
q99_positive_025,fruit_jelly,shift_1,large_gt_1pct,7,0.49440786557513833
q99_positive_025,fruit_jelly,shift_1,small_0.1_to_1pct,10,0.760130677297804
q99_positive_025,fruit_jelly,shift_1,tiny_le_0.1pct,40,0.4792824720124854
q99_positive_025,fruit_jelly,underexposed,all,57,0.5431597025812237
q99_positive_025,fruit_jelly,underexposed,large_gt_1pct,7,0.49874314216299137
q99_positive_025,fruit_jelly,underexposed,small_0.1_to_1pct,10,0.7738260168325708
q99_positive_025,fruit_jelly,underexposed,tiny_le_0.1pct,40,0.49326602209157555
q99_positive_025,rice,overexposed,all,20,0.7108634001003198
q99_positive_025,rice,overexposed,large_gt_1pct,1,0.9906415831420001
q99_positive_025,rice,overexposed,small_0.1_to_1pct,10,0.855720674998457
q99_positive_025,rice,overexposed,tiny_le_0.1pct,9,0.5188244076533755
q99_positive_025,rice,regular,all,20,0.692427808794806
q99_positive_025,rice,regular,large_gt_1pct,1,0.9909259352101488
q99_positive_025,rice,regular,small_0.1_to_1pct,10,0.8279623243649598
q99_positive_025,rice,regular,tiny_le_0.1pct,9,0.5086674441152067
q99_positive_025,rice,shift_1,all,20,0.6751007670211873
q99_positive_025,rice,shift_1,large_gt_1pct,1,0.9863267114237965
q99_positive_025,rice,shift_1,small_0.1_to_1pct,10,0.7972080606625687
q99_positive_025,rice,shift_1,tiny_le_0.1pct,9,0.5048453358193958
q99_positive_025,rice,shift_2,all,20,0.7095593979769956
q99_positive_025,rice,shift_2,large_gt_1pct,1,0.9935547388885627
q99_positive_025,rice,shift_2,small_0.1_to_1pct,10,0.8425248181053876
q99_positive_025,rice,shift_2,tiny_le_0.1pct,9,0.5302650043997701
q99_positive_025,rice,shift_3,all,20,0.697018214897614
q99_positive_025,rice,shift_3,large_gt_1pct,1,0.993237468438846
q99_positive_025,rice,shift_3,small_0.1_to_1pct,10,0.823322667971565
q99_positive_025,rice,shift_3,tiny_le_0.1pct,9,0.5237666833108793
q99_positive_025,rice,underexposed,all,20,0.6878254763097043
q99_positive_025,rice,underexposed,large_gt_1pct,1,0.9908224121009856
q99_positive_025,rice,underexposed,small_0.1_to_1pct,10,0.8340190623612829
q99_positive_025,rice,underexposed,tiny_le_0.1pct,9,0.491721832275632
q99_positive_025,sheet_metal,overexposed,all,75,0.6168269095308411
q99_positive_025,sheet_metal,overexposed,large_gt_1pct,2,0.536612947155895
q99_positive_025,sheet_metal,overexposed,small_0.1_to_1pct,4,0.8678474715537279
q99_positive_025,sheet_metal,overexposed,tiny_le_0.1pct,69,0.6046000352795095
q99_positive_025,sheet_metal,regular,all,75,0.6113309493064852
q99_positive_025,sheet_metal,regular,large_gt_1pct,2,0.5349990941659055
q99_positive_025,sheet_metal,regular,small_0.1_to_1pct,4,0.879804765727194
q99_positive_025,sheet_metal,regular,tiny_le_0.1pct,69,0.5979797673441392
q99_positive_025,sheet_metal,shift_1,all,75,0.6508037398392019
q99_positive_025,sheet_metal,shift_1,large_gt_1pct,2,0.5362860074071163
q99_positive_025,sheet_metal,shift_1,small_0.1_to_1pct,4,0.9592379549146987
q99_positive_025,sheet_metal,shift_1,tiny_le_0.1pct,69,0.6362428500502438
q99_positive_025,sheet_metal,shift_2,all,75,0.6550838158877379
q99_positive_025,sheet_metal,shift_2,large_gt_1pct,2,0.5345080210259981
q99_positive_025,sheet_metal,shift_2,small_0.1_to_1pct,4,0.9512999861195431
q99_positive_025,sheet_metal,shift_2,tiny_le_0.1pct,69,0.6414068145659442
q99_positive_025,sheet_metal,shift_3,all,75,0.6399171966881131
q99_positive_025,sheet_metal,shift_3,large_gt_1pct,2,0.5398908927458054
q99_positive_025,sheet_metal,shift_3,small_0.1_to_1pct,4,0.9651919020380776
q99_positive_025,sheet_metal,shift_3,tiny_le_0.1pct,69,0.6239600051878923
q99_positive_025,sheet_metal,underexposed,all,75,0.6025533099939695
q99_positive_025,sheet_metal,underexposed,large_gt_1pct,2,0.5356320217123236
q99_positive_025,sheet_metal,underexposed,small_0.1_to_1pct,4,0.8971554910365965
q99_positive_025,sheet_metal,underexposed,tiny_le_0.1pct,69,0.587414670173573
q99_positive_025,vial,overexposed,all,25,0.7889979772369508
q99_positive_025,vial,overexposed,large_gt_1pct,7,0.4866024903631805
q99_positive_025,vial,overexposed,small_0.1_to_1pct,11,0.8980483422940307
q99_positive_025,vial,overexposed,tiny_le_0.1pct,7,0.920028604735321
q99_positive_025,vial,regular,all,24,0.7917212843150775
q99_positive_025,vial,regular,large_gt_1pct,7,0.4930536227318639
q99_positive_025,vial,regular,small_0.1_to_1pct,11,0.9032525452471392
q99_positive_025,vial,regular,tiny_le_0.1pct,6,0.9356929111200929
q99_positive_025,vial,shift_1,all,25,0.7413515068173512
q99_positive_025,vial,shift_1,large_gt_1pct,7,0.49189643650364295
q99_positive_025,vial,shift_1,small_0.1_to_1pct,11,0.8373130092777007
q99_positive_025,vial,shift_1,tiny_le_0.1pct,7,0.8400099304076706
q99_positive_025,vial,shift_2,all,25,0.7939599329680954
q99_positive_025,vial,shift_2,large_gt_1pct,7,0.49478140201621823
q99_positive_025,vial,shift_2,small_0.1_to_1pct,11,0.8977848685459788
q99_positive_025,vial,shift_2,tiny_le_0.1pct,7,0.9299849937261608
q99_positive_025,vial,shift_3,all,25,0.7701930490047217
q99_positive_025,vial,shift_3,large_gt_1pct,7,0.4867739012069075
q99_positive_025,vial,shift_3,small_0.1_to_1pct,11,0.8737286748810575
q99_positive_025,vial,shift_3,tiny_le_0.1pct,7,0.8909133561397239
q99_positive_025,vial,shift_4,all,25,0.7271710512514898
q99_positive_025,vial,shift_4,large_gt_1pct,7,0.48586191837451265
q99_positive_025,vial,shift_4,small_0.1_to_1pct,11,0.8229765265828778
q99_positive_025,vial,shift_4,tiny_le_0.1pct,7,0.8179287228934681
q99_positive_025,vial,underexposed,all,26,0.7923835736233603
q99_positive_025,vial,underexposed,large_gt_1pct,7,0.493543999877387
q99_positive_025,vial,underexposed,small_0.1_to_1pct,11,0.8993489664094757
q99_positive_025,vial,underexposed,tiny_le_0.1pct,8,0.9067907855701965
q99_positive_025,wallplugs,overexposed,all,15,0.5064345555859728
q99_positive_025,wallplugs,overexposed,large_gt_1pct,2,0.8792745457205772
q99_positive_025,wallplugs,overexposed,small_0.1_to_1pct,3,0.3405911181769197
q99_positive_025,wallplugs,overexposed,tiny_le_0.1pct,10,0.48161958878178396
q99_positive_025,wallplugs,regular,all,15,0.5011181484925886
q99_positive_025,wallplugs,regular,large_gt_1pct,2,0.8780210999687967
q99_positive_025,wallplugs,regular,small_0.1_to_1pct,3,0.33314908185741215
q99_positive_025,wallplugs,regular,tiny_le_0.1pct,10,0.47612827818792014
q99_positive_025,wallplugs,shift_1,all,15,0.585431671165992
q99_positive_025,wallplugs,shift_1,large_gt_1pct,2,0.8824024463242004
q99_positive_025,wallplugs,shift_1,small_0.1_to_1pct,3,0.43677265761937867
q99_positive_025,wallplugs,shift_1,tiny_le_0.1pct,10,0.5706352201983531
q99_positive_025,wallplugs,shift_2,all,15,0.4133323174754816
q99_positive_025,wallplugs,shift_2,large_gt_1pct,2,0.6924480098176583
q99_positive_025,wallplugs,shift_2,small_0.1_to_1pct,3,0.17208569679217556
q99_positive_025,wallplugs,shift_2,tiny_le_0.1pct,10,0.42988316521204645
q99_positive_025,wallplugs,shift_3,all,15,0.48582997962511837
q99_positive_025,wallplugs,shift_3,large_gt_1pct,2,0.7871382225746638
q99_positive_025,wallplugs,shift_3,small_0.1_to_1pct,3,0.35384052081358847
q99_positive_025,wallplugs,shift_3,tiny_le_0.1pct,10,0.4651651686786721
q99_positive_025,wallplugs,underexposed,all,15,0.5010492634975143
q99_positive_025,wallplugs,underexposed,large_gt_1pct,2,0.8756558706338377
q99_positive_025,wallplugs,underexposed,small_0.1_to_1pct,3,0.3351857550750172
q99_positive_025,wallplugs,underexposed,tiny_le_0.1pct,10,0.475886994597021
q99_positive_025,walnuts,overexposed,all,44,0.7187167243118423
q99_positive_025,walnuts,overexposed,large_gt_1pct,10,0.7809675186708193
q99_positive_025,walnuts,overexposed,small_0.1_to_1pct,14,0.7816656083311474
q99_positive_025,walnuts,overexposed,tiny_le_0.1pct,20,0.643527108318866
q99_positive_025,walnuts,regular,all,44,0.7215438540066205
q99_positive_025,walnuts,regular,large_gt_1pct,10,0.7829022924999194
q99_positive_025,walnuts,regular,small_0.1_to_1pct,14,0.7810348076206064
q99_positive_025,walnuts,regular,tiny_le_0.1pct,20,0.6492209672301953
q99_positive_025,walnuts,shift_1,all,44,0.5300675246529676
q99_positive_025,walnuts,shift_1,large_gt_1pct,10,0.6834112554080946
q99_positive_025,walnuts,shift_1,small_0.1_to_1pct,14,0.5806902129599165
q99_positive_025,walnuts,shift_1,tiny_le_0.1pct,20,0.4179597774605411
q99_positive_025,walnuts,shift_2,all,44,0.7218469218818848
q99_positive_025,walnuts,shift_2,large_gt_1pct,10,0.7742634595677812
q99_positive_025,walnuts,shift_2,small_0.1_to_1pct,14,0.776127635082334
q99_positive_025,walnuts,shift_2,tiny_le_0.1pct,20,0.6576421537986454
q99_positive_025,walnuts,shift_3,all,44,0.5713784830279466
q99_positive_025,walnuts,shift_3,large_gt_1pct,10,0.6954763037785822
q99_positive_025,walnuts,shift_3,small_0.1_to_1pct,14,0.6201547913626687
q99_positive_025,walnuts,shift_3,tiny_le_0.1pct,20,0.47518615681833243
q99_positive_025,walnuts,underexposed,all,44,0.7235320503207512
q99_positive_025,walnuts,underexposed,large_gt_1pct,10,0.7863779427505598
q99_positive_025,walnuts,underexposed,small_0.1_to_1pct,14,0.7787959305004819
q99_positive_025,walnuts,underexposed,tiny_le_0.1pct,20,0.653424387980045
q99_positive_050,can,overexposed,all,16,0.1530489533101651
q99_positive_050,can,overexposed,large_gt_1pct,0,nan
q99_positive_050,can,overexposed,small_0.1_to_1pct,0,nan
q99_positive_050,can,overexposed,tiny_le_0.1pct,16,0.1530489533101651
q99_positive_050,can,regular,all,16,0.15257131285653766
q99_positive_050,can,regular,large_gt_1pct,0,nan
q99_positive_050,can,regular,small_0.1_to_1pct,0,nan
q99_positive_050,can,regular,tiny_le_0.1pct,16,0.15257131285653766
q99_positive_050,can,shift_1,all,16,0.1840388224749776
q99_positive_050,can,shift_1,large_gt_1pct,0,nan
q99_positive_050,can,shift_1,small_0.1_to_1pct,0,nan
q99_positive_050,can,shift_1,tiny_le_0.1pct,16,0.1840388224749776
q99_positive_050,can,shift_2,all,16,0.10396178384170972
q99_positive_050,can,shift_2,large_gt_1pct,0,nan
q99_positive_050,can,shift_2,small_0.1_to_1pct,0,nan
q99_positive_050,can,shift_2,tiny_le_0.1pct,16,0.10396178384170972
q99_positive_050,can,shift_3,all,16,0.13870467390085137
q99_positive_050,can,shift_3,large_gt_1pct,0,nan
q99_positive_050,can,shift_3,small_0.1_to_1pct,0,nan
q99_positive_050,can,shift_3,tiny_le_0.1pct,16,0.13870467390085137
q99_positive_050,can,underexposed,all,16,0.14951600452372552
q99_positive_050,can,underexposed,large_gt_1pct,0,nan
q99_positive_050,can,underexposed,small_0.1_to_1pct,0,nan
q99_positive_050,can,underexposed,tiny_le_0.1pct,16,0.14951600452372552
q99_positive_050,fabric,overexposed,all,32,0.38602821817601524
q99_positive_050,fabric,overexposed,large_gt_1pct,1,0.49572835586238584
q99_positive_050,fabric,overexposed,small_0.1_to_1pct,1,0.9977695509821722
q99_positive_050,fabric,overexposed,tiny_le_0.1pct,30,0.3619801691596082
q99_positive_050,fabric,regular,all,32,0.37905860829340143
q99_positive_050,fabric,regular,large_gt_1pct,1,0.4975056180058227
q99_positive_050,fabric,regular,small_0.1_to_1pct,1,0.9976977463427918
q99_positive_050,fabric,regular,tiny_le_0.1pct,30,0.3544890700346874
q99_positive_050,fabric,shift_1,all,32,0.39332747204091734
q99_positive_050,fabric,shift_1,large_gt_1pct,1,0.4998484060200785
q99_positive_050,fabric,shift_1,small_0.1_to_1pct,1,0.9992591543667378
q99_positive_050,fabric,shift_1,tiny_le_0.1pct,30,0.3695790514974275
q99_positive_050,fabric,shift_2,all,32,0.49994912805955144
q99_positive_050,fabric,shift_2,large_gt_1pct,1,0.4777265531256112
q99_positive_050,fabric,shift_2,small_0.1_to_1pct,1,0.9984315256765183
q99_positive_050,fabric,shift_2,tiny_le_0.1pct,30,0.48407380063678934
q99_positive_050,fabric,shift_3,all,32,0.5054324601154117
q99_positive_050,fabric,shift_3,large_gt_1pct,1,0.4895659669027564
q99_positive_050,fabric,shift_3,small_0.1_to_1pct,1,0.9986903263163877
q99_positive_050,fabric,shift_3,tiny_le_0.1pct,30,0.48951941434913704
q99_positive_050,fabric,underexposed,all,32,0.37689057375120083
q99_positive_050,fabric,underexposed,large_gt_1pct,1,0.4949826204664183
q99_positive_050,fabric,underexposed,small_0.1_to_1pct,1,0.9980126768902116
q99_positive_050,fabric,underexposed,tiny_le_0.1pct,30,0.3522501020894055
q99_positive_050,fruit_jelly,overexposed,all,57,0.5420982848768001
q99_positive_050,fruit_jelly,overexposed,large_gt_1pct,7,0.5004811183117491
q99_positive_050,fruit_jelly,overexposed,small_0.1_to_1pct,10,0.7603777190873525
q99_positive_050,fruit_jelly,overexposed,tiny_le_0.1pct,40,0.4948114304730395
q99_positive_050,fruit_jelly,regular,all,57,0.5493591031794268
q99_positive_050,fruit_jelly,regular,large_gt_1pct,7,0.49978990011571
q99_positive_050,fruit_jelly,regular,small_0.1_to_1pct,10,0.7695386620766002
q99_positive_050,fruit_jelly,regular,tiny_le_0.1pct,40,0.5029888239912851
q99_positive_050,fruit_jelly,shift_1,all,57,0.5405648059879475
q99_positive_050,fruit_jelly,shift_1,large_gt_1pct,7,0.49607522300792867
q99_positive_050,fruit_jelly,shift_1,small_0.1_to_1pct,10,0.7624902136941321
q99_positive_050,fruit_jelly,shift_1,tiny_le_0.1pct,40,0.4928691310829113
q99_positive_050,fruit_jelly,underexposed,all,57,0.551480618975472
q99_positive_050,fruit_jelly,underexposed,large_gt_1pct,7,0.4983075461070183
q99_positive_050,fruit_jelly,underexposed,small_0.1_to_1pct,10,0.7746928431029102
q99_positive_050,fruit_jelly,underexposed,tiny_le_0.1pct,40,0.5049828506955852
q99_positive_050,rice,overexposed,all,20,0.7230060091744547
q99_positive_050,rice,overexposed,large_gt_1pct,1,0.9937417687301738
q99_positive_050,rice,overexposed,small_0.1_to_1pct,10,0.8663286250109984
q99_positive_050,rice,overexposed,tiny_le_0.1pct,9,0.5336769071832633
q99_positive_050,rice,regular,all,20,0.7086008512638653
q99_positive_050,rice,regular,large_gt_1pct,1,0.9941132960857988
q99_positive_050,rice,regular,small_0.1_to_1pct,10,0.8395603992154966
q99_positive_050,rice,regular,tiny_le_0.1pct,9,0.5313666374485501
q99_positive_050,rice,shift_1,all,20,0.6877806094980271
q99_positive_050,rice,shift_1,large_gt_1pct,1,0.9908695974182244
q99_positive_050,rice,shift_1,small_0.1_to_1pct,10,0.8097604801036837
q99_positive_050,rice,shift_1,tiny_le_0.1pct,9,0.5185708657228553
q99_positive_050,rice,shift_2,all,20,0.7282241219028964
q99_positive_050,rice,shift_2,large_gt_1pct,1,0.9947205216684518
q99_positive_050,rice,shift_2,small_0.1_to_1pct,10,0.8518822696640912
q99_positive_050,rice,shift_2,tiny_le_0.1pct,9,0.5612154688609943
q99_positive_050,rice,shift_3,all,20,0.718340383566985
q99_positive_050,rice,shift_3,large_gt_1pct,1,0.9942843441929601
q99_positive_050,rice,shift_3,small_0.1_to_1pct,10,0.8349068099467175
q99_positive_050,rice,shift_3,tiny_le_0.1pct,9,0.5581616919644119
q99_positive_050,rice,underexposed,all,20,0.7059479375711836
q99_positive_050,rice,underexposed,large_gt_1pct,1,0.9937859082039853
q99_positive_050,rice,underexposed,small_0.1_to_1pct,10,0.8453392948058095
q99_positive_050,rice,underexposed,tiny_le_0.1pct,9,0.5190866550179855
q99_positive_050,sheet_metal,overexposed,all,75,0.6467383487683293
q99_positive_050,sheet_metal,overexposed,large_gt_1pct,2,0.5574184981438819
q99_positive_050,sheet_metal,overexposed,small_0.1_to_1pct,4,0.8893175002257936
q99_positive_050,sheet_metal,overexposed,tiny_le_0.1pct,69,0.6352647704410624
q99_positive_050,sheet_metal,regular,all,75,0.6406211294048721
q99_positive_050,sheet_metal,regular,large_gt_1pct,2,0.5552837929080139
q99_positive_050,sheet_metal,regular,small_0.1_to_1pct,4,0.8997242693727688
q99_positive_050,sheet_metal,regular,tiny_le_0.1pct,69,0.6280742035080894
q99_positive_050,sheet_metal,shift_1,all,75,0.6811526043243474
q99_positive_050,sheet_metal,shift_1,large_gt_1pct,2,0.5585536922660175
q99_positive_050,sheet_metal,shift_1,small_0.1_to_1pct,4,0.9661874698363512
q99_positive_050,sheet_metal,shift_1,tiny_le_0.1pct,69,0.6681824356586746
q99_positive_050,sheet_metal,shift_2,all,75,0.6823114747875334
q99_positive_050,sheet_metal,shift_2,large_gt_1pct,2,0.5569138450932202
q99_positive_050,sheet_metal,shift_2,small_0.1_to_1pct,4,0.9589582825830709
q99_positive_050,sheet_metal,shift_2,tiny_le_0.1pct,69,0.6699086925876281
q99_positive_050,sheet_metal,shift_3,all,75,0.6718963527968839
q99_positive_050,sheet_metal,shift_3,large_gt_1pct,2,0.5612181627076018
q99_positive_050,sheet_metal,shift_3,small_0.1_to_1pct,4,0.9710280053122472
q99_positive_050,sheet_metal,shift_3,tiny_le_0.1pct,69,0.6577634509145277
q99_positive_050,sheet_metal,underexposed,all,75,0.6309323837901738
q99_positive_050,sheet_metal,underexposed,large_gt_1pct,2,0.5585956633544568
q99_positive_050,sheet_metal,underexposed,small_0.1_to_1pct,4,0.9162277728192986
q99_positive_050,sheet_metal,underexposed,tiny_le_0.1pct,69,0.6164902371924116
q99_positive_050,vial,overexposed,all,25,0.7906212107596877
q99_positive_050,vial,overexposed,large_gt_1pct,7,0.48455020735171755
q99_positive_050,vial,overexposed,small_0.1_to_1pct,11,0.9035308354543721
q99_positive_050,vial,overexposed,tiny_le_0.1pct,7,0.9192628039331577
q99_positive_050,vial,regular,all,24,0.7920555059579932
q99_positive_050,vial,regular,large_gt_1pct,7,0.48963857870370003
q99_positive_050,vial,regular,small_0.1_to_1pct,11,0.9073566486709129
q99_positive_050,vial,regular,tiny_le_0.1pct,6,0.9334898261143448
q99_positive_050,vial,shift_1,all,25,0.7400942268847164
q99_positive_050,vial,shift_1,large_gt_1pct,7,0.4885143988865784
q99_positive_050,vial,shift_1,small_0.1_to_1pct,11,0.8402730762488098
q99_positive_050,vial,shift_1,tiny_le_0.1pct,7,0.8342501487392953
q99_positive_050,vial,shift_2,all,25,0.7947872704936257
q99_positive_050,vial,shift_2,large_gt_1pct,7,0.4919699702849845
q99_positive_050,vial,shift_2,small_0.1_to_1pct,11,0.9031153598976053
q99_positive_050,vial,shift_2,tiny_le_0.1pct,7,0.9273747159245878
q99_positive_050,vial,shift_3,all,25,0.7703798619059856
q99_positive_050,vial,shift_3,large_gt_1pct,7,0.48497513021229577
q99_positive_050,vial,shift_3,small_0.1_to_1pct,11,0.8773516765934458
q99_positive_050,vial,shift_3,tiny_le_0.1pct,7,0.8876860276622569
q99_positive_050,vial,shift_4,all,25,0.7265538491943974
q99_positive_050,vial,shift_4,large_gt_1pct,7,0.4832483551911396
q99_positive_050,vial,shift_4,small_0.1_to_1pct,11,0.8267992831801196
q99_positive_050,vial,shift_4,tiny_le_0.1pct,7,0.812330804077272
q99_positive_050,vial,underexposed,all,26,0.7923182346269537
q99_positive_050,vial,underexposed,large_gt_1pct,7,0.4905607653210255
q99_positive_050,vial,underexposed,small_0.1_to_1pct,11,0.9038772892859789
q99_positive_050,vial,underexposed,tiny_le_0.1pct,8,0.9029623201135121
q99_positive_050,wallplugs,overexposed,all,15,0.5628869989443349
q99_positive_050,wallplugs,overexposed,large_gt_1pct,2,0.884395210411504
q99_positive_050,wallplugs,overexposed,small_0.1_to_1pct,3,0.3561126490353248
q99_positive_050,wallplugs,overexposed,tiny_le_0.1pct,10,0.5606176616236072
q99_positive_050,wallplugs,regular,all,15,0.5593451101716953
q99_positive_050,wallplugs,regular,large_gt_1pct,2,0.883254753656983
q99_positive_050,wallplugs,regular,small_0.1_to_1pct,3,0.34757416921096285
q99_positive_050,wallplugs,regular,tiny_le_0.1pct,10,0.5580944637628614
q99_positive_050,wallplugs,shift_1,all,15,0.6092913790322829
q99_positive_050,wallplugs,shift_1,large_gt_1pct,2,0.8809043380627842
q99_positive_050,wallplugs,shift_1,small_0.1_to_1pct,3,0.4445482345555053
q99_positive_050,wallplugs,shift_1,tiny_le_0.1pct,10,0.6043917305692273
q99_positive_050,wallplugs,shift_2,all,15,0.4253959037929051
q99_positive_050,wallplugs,shift_2,large_gt_1pct,2,0.6872887271962947
q99_positive_050,wallplugs,shift_2,small_0.1_to_1pct,3,0.18275008544510588
q99_positive_050,wallplugs,shift_2,tiny_le_0.1pct,10,0.44581108461657026
q99_positive_050,wallplugs,shift_3,all,15,0.5249970586019498
q99_positive_050,wallplugs,shift_3,large_gt_1pct,2,0.7873894038758695
q99_positive_050,wallplugs,shift_3,small_0.1_to_1pct,3,0.3596899436660273
q99_positive_050,wallplugs,shift_3,tiny_le_0.1pct,10,0.5221107240279442
q99_positive_050,wallplugs,underexposed,all,15,0.5599022382291159
q99_positive_050,wallplugs,underexposed,large_gt_1pct,2,0.880917069146179
q99_positive_050,wallplugs,underexposed,small_0.1_to_1pct,3,0.3525888408266305
q99_positive_050,wallplugs,underexposed,tiny_le_0.1pct,10,0.5578932912664553
q99_positive_050,walnuts,overexposed,all,44,0.7255842661961561
q99_positive_050,walnuts,overexposed,large_gt_1pct,10,0.7807704468745095
q99_positive_050,walnuts,overexposed,small_0.1_to_1pct,14,0.7902289050233602
q99_positive_050,walnuts,overexposed,tiny_le_0.1pct,20,0.6527399286779486
q99_positive_050,walnuts,regular,all,44,0.7279919054654089
q99_positive_050,walnuts,regular,large_gt_1pct,10,0.7827386913551931
q99_positive_050,walnuts,regular,small_0.1_to_1pct,14,0.7893614947394967
q99_positive_050,walnuts,regular,tiny_le_0.1pct,20,0.6576598000286663
q99_positive_050,walnuts,shift_1,all,44,0.5354513459926117
q99_positive_050,walnuts,shift_1,large_gt_1pct,10,0.6794078183223631
q99_positive_050,walnuts,shift_1,small_0.1_to_1pct,14,0.583131863410373
q99_positive_050,walnuts,shift_1,tiny_le_0.1pct,20,0.43009674763529654
q99_positive_050,walnuts,shift_2,all,44,0.7301507873038622
q99_positive_050,walnuts,shift_2,large_gt_1pct,10,0.7742290871444804
q99_positive_050,walnuts,shift_2,small_0.1_to_1pct,14,0.7847840456971827
q99_positive_050,walnuts,shift_2,tiny_le_0.1pct,20,0.6698683565082492
q99_positive_050,walnuts,shift_3,all,44,0.576940705162904
q99_positive_050,walnuts,shift_3,large_gt_1pct,10,0.6920887798597433
q99_positive_050,walnuts,shift_3,small_0.1_to_1pct,14,0.6224944841597781
q99_positive_050,walnuts,shift_3,tiny_le_0.1pct,20,0.4874790225166693
q99_positive_050,walnuts,underexposed,all,44,0.730558676305403
q99_positive_050,walnuts,underexposed,large_gt_1pct,10,0.7860068453706378
q99_positive_050,walnuts,underexposed,small_0.1_to_1pct,14,0.7872319332508045
q99_positive_050,walnuts,underexposed,tiny_le_0.1pct,20,0.6631633119110245
raw_mean,can,overexposed,all,16,0.14314138404844307
raw_mean,can,overexposed,large_gt_1pct,0,nan
raw_mean,can,overexposed,small_0.1_to_1pct,0,nan
raw_mean,can,overexposed,tiny_le_0.1pct,16,0.14314138404844307
raw_mean,can,regular,all,16,0.14332981146366644
raw_mean,can,regular,large_gt_1pct,0,nan
raw_mean,can,regular,small_0.1_to_1pct,0,nan
raw_mean,can,regular,tiny_le_0.1pct,16,0.14332981146366644
raw_mean,can,shift_1,all,16,0.16113914672373222
raw_mean,can,shift_1,large_gt_1pct,0,nan
raw_mean,can,shift_1,small_0.1_to_1pct,0,nan
raw_mean,can,shift_1,tiny_le_0.1pct,16,0.16113914672373222
raw_mean,can,shift_2,all,16,0.10721539442311567
raw_mean,can,shift_2,large_gt_1pct,0,nan
raw_mean,can,shift_2,small_0.1_to_1pct,0,nan
raw_mean,can,shift_2,tiny_le_0.1pct,16,0.10721539442311567
raw_mean,can,shift_3,all,16,0.11524806944080573
raw_mean,can,shift_3,large_gt_1pct,0,nan
raw_mean,can,shift_3,small_0.1_to_1pct,0,nan
raw_mean,can,shift_3,tiny_le_0.1pct,16,0.11524806944080573
raw_mean,can,underexposed,all,16,0.13971786068381148
raw_mean,can,underexposed,large_gt_1pct,0,nan
raw_mean,can,underexposed,small_0.1_to_1pct,0,nan
raw_mean,can,underexposed,tiny_le_0.1pct,16,0.13971786068381148
raw_mean,fabric,overexposed,all,32,0.4118214963363481
raw_mean,fabric,overexposed,large_gt_1pct,1,0.48213609501563626
raw_mean,fabric,overexposed,small_0.1_to_1pct,1,0.9979071363842416
raw_mean,fabric,overexposed,tiny_le_0.1pct,30,0.38994148837878395
raw_mean,fabric,regular,all,32,0.40922435779375105
raw_mean,fabric,regular,large_gt_1pct,1,0.4824641844811878
raw_mean,fabric,regular,small_0.1_to_1pct,1,0.9978355078208592
raw_mean,fabric,regular,tiny_le_0.1pct,30,0.38716265856994087
raw_mean,fabric,shift_1,all,32,0.42495332242086875
raw_mean,fabric,shift_1,large_gt_1pct,1,0.48391479618403327
raw_mean,fabric,shift_1,small_0.1_to_1pct,1,0.9991068810713801
raw_mean,fabric,shift_1,tiny_le_0.1pct,30,0.40384948800708503
raw_mean,fabric,shift_2,all,32,0.5251497316333773
raw_mean,fabric,shift_2,large_gt_1pct,1,0.4643635471289717
raw_mean,fabric,shift_2,small_0.1_to_1pct,1,0.9985492768712201
raw_mean,fabric,shift_2,tiny_le_0.1pct,30,0.5113959529422668
raw_mean,fabric,shift_3,all,32,0.5327445246893712
raw_mean,fabric,shift_3,large_gt_1pct,1,0.4768566523793522
raw_mean,fabric,shift_3,small_0.1_to_1pct,1,0.9988455109413737
raw_mean,fabric,shift_3,tiny_le_0.1pct,30,0.519070754224638
raw_mean,fabric,underexposed,all,32,0.40897929206502437
raw_mean,fabric,underexposed,large_gt_1pct,1,0.48042420583582646
raw_mean,fabric,underexposed,small_0.1_to_1pct,1,0.9978757833612112
raw_mean,fabric,underexposed,tiny_le_0.1pct,30,0.38696791189613317
raw_mean,fruit_jelly,overexposed,all,57,0.5598731449677863
raw_mean,fruit_jelly,overexposed,large_gt_1pct,7,0.5114407477934655
raw_mean,fruit_jelly,overexposed,small_0.1_to_1pct,10,0.7718852084500502
raw_mean,fruit_jelly,overexposed,tiny_le_0.1pct,40,0.5153457986027218
raw_mean,fruit_jelly,regular,all,57,0.5665628584835716
raw_mean,fruit_jelly,regular,large_gt_1pct,7,0.5099309286862624
raw_mean,fruit_jelly,regular,small_0.1_to_1pct,10,0.7808185819538194
raw_mean,fruit_jelly,regular,tiny_le_0.1pct,40,0.5229095153305349
raw_mean,fruit_jelly,shift_1,all,57,0.55711924151191
raw_mean,fruit_jelly,shift_1,large_gt_1pct,7,0.5075155529178421
raw_mean,fruit_jelly,shift_1,small_0.1_to_1pct,10,0.7735047927939372
raw_mean,fruit_jelly,shift_1,tiny_le_0.1pct,40,0.5117034991953612
raw_mean,fruit_jelly,underexposed,all,57,0.5655375354354143
raw_mean,fruit_jelly,underexposed,large_gt_1pct,7,0.5060534133359429
raw_mean,fruit_jelly,underexposed,small_0.1_to_1pct,10,0.7840155010533117
raw_mean,fruit_jelly,underexposed,tiny_le_0.1pct,40,0.5213277653983411
raw_mean,rice,overexposed,all,20,0.758108040851381
raw_mean,rice,overexposed,large_gt_1pct,1,0.9964338006263214
raw_mean,rice,overexposed,small_0.1_to_1pct,10,0.8937146277054283
raw_mean,rice,overexposed,tiny_le_0.1pct,9,0.5809534154830422
raw_mean,rice,regular,all,20,0.7471871082178663
raw_mean,rice,regular,large_gt_1pct,1,0.9965420294036431
raw_mean,rice,regular,small_0.1_to_1pct,10,0.8686535112105062
raw_mean,rice,regular,tiny_le_0.1pct,9,0.5845183358720882
raw_mean,rice,shift_1,all,20,0.7108028579627973
raw_mean,rice,shift_1,large_gt_1pct,1,0.9947769716287681
raw_mean,rice,shift_1,small_0.1_to_1pct,10,0.8246526499584824
raw_mean,rice,shift_1,tiny_le_0.1pct,9,0.5527504097825159
raw_mean,rice,shift_2,all,20,0.7580361575886164
raw_mean,rice,shift_2,large_gt_1pct,1,0.9965785240419539
raw_mean,rice,shift_2,small_0.1_to_1pct,10,0.8698208732018231
raw_mean,rice,shift_2,tiny_le_0.1pct,9,0.6073262106347229
raw_mean,rice,shift_3,all,20,0.7499180540352315
raw_mean,rice,shift_3,large_gt_1pct,1,0.9962616189657036
raw_mean,rice,shift_3,small_0.1_to_1pct,10,0.8575482319704959
raw_mean,rice,shift_3,tiny_le_0.1pct,9,0.6029574602260181
raw_mean,rice,underexposed,all,20,0.7442878240717856
raw_mean,rice,underexposed,large_gt_1pct,1,0.9963790173509715
raw_mean,rice,underexposed,small_0.1_to_1pct,10,0.8733096424469723
raw_mean,rice,underexposed,tiny_le_0.1pct,9,0.5729201155128
raw_mean,sheet_metal,overexposed,all,75,0.7177652195826925
raw_mean,sheet_metal,overexposed,large_gt_1pct,2,0.5997162349408028
raw_mean,sheet_metal,overexposed,small_0.1_to_1pct,4,0.9288019283999321
raw_mean,sheet_metal,overexposed,tiny_le_0.1pct,69,0.7089529171771154
raw_mean,sheet_metal,regular,all,75,0.7182067941225897
raw_mean,sheet_metal,regular,large_gt_1pct,2,0.6006536299481482
raw_mean,sheet_metal,regular,small_0.1_to_1pct,4,0.939194455753994
raw_mean,sheet_metal,regular,tiny_le_0.1pct,69,0.708803253279463
raw_mean,sheet_metal,shift_1,all,75,0.7277976062318651
raw_mean,sheet_metal,shift_1,large_gt_1pct,2,0.610561793952781
raw_mean,sheet_metal,shift_1,small_0.1_to_1pct,4,0.9776042063344836
raw_mean,sheet_metal,shift_1,tiny_le_0.1pct,69,0.7167142036832832
raw_mean,sheet_metal,shift_2,all,75,0.7241683505699195
raw_mean,sheet_metal,shift_2,large_gt_1pct,2,0.6080417473667948
raw_mean,sheet_metal,shift_2,small_0.1_to_1pct,4,0.9735126858804627
raw_mean,sheet_metal,shift_2,tiny_le_0.1pct,69,0.7130795949925903
raw_mean,sheet_metal,shift_3,all,75,0.728004547157593
raw_mean,sheet_metal,shift_3,large_gt_1pct,2,0.6168875677714619
raw_mean,sheet_metal,shift_3,small_0.1_to_1pct,4,0.9799418357966672
raw_mean,sheet_metal,shift_3,tiny_le_0.1pct,69,0.7166202689578307
raw_mean,sheet_metal,underexposed,all,75,0.7179212342183924
raw_mean,sheet_metal,underexposed,large_gt_1pct,2,0.6030939561736978
raw_mean,sheet_metal,underexposed,small_0.1_to_1pct,4,0.9523150209445098
raw_mean,sheet_metal,underexposed,tiny_le_0.1pct,69,0.707661515510938
raw_mean,vial,overexposed,all,25,0.7950148177481772
raw_mean,vial,overexposed,large_gt_1pct,7,0.4840256967036187
raw_mean,vial,overexposed,small_0.1_to_1pct,11,0.91347678406553
raw_mean,vial,overexposed,tiny_le_0.1pct,7,0.9198494202940585
raw_mean,vial,regular,all,24,0.7962303877577754
raw_mean,vial,regular,large_gt_1pct,7,0.4877278629939645
raw_mean,vial,regular,small_0.1_to_1pct,11,0.914771868775652
raw_mean,vial,regular,tiny_le_0.1pct,6,0.9388239514494465
raw_mean,vial,shift_1,all,25,0.7485461685142216
raw_mean,vial,shift_1,large_gt_1pct,7,0.4874485643170504
raw_mean,vial,shift_1,small_0.1_to_1pct,11,0.854388581052546
raw_mean,vial,shift_1,tiny_le_0.1pct,7,0.8433199815797607
raw_mean,vial,shift_2,all,25,0.7980830024454085
raw_mean,vial,shift_2,large_gt_1pct,7,0.4904308438358689
raw_mean,vial,shift_2,small_0.1_to_1pct,11,0.9120184893577791
raw_mean,vial,shift_2,tiny_le_0.1pct,7,0.926693681621227
raw_mean,vial,shift_3,all,25,0.7776967024647347
raw_mean,vial,shift_3,large_gt_1pct,7,0.48631643142226455
raw_mean,vial,shift_3,small_0.1_to_1pct,11,0.8914338828664581
raw_mean,vial,shift_3,tiny_le_0.1pct,7,0.8903471185902095
raw_mean,vial,shift_4,all,25,0.7360144629303764
raw_mean,vial,shift_4,large_gt_1pct,7,0.4852878799360448
raw_mean,vial,shift_4,small_0.1_to_1pct,11,0.8424593818334414
raw_mean,vial,shift_4,tiny_le_0.1pct,7,0.8194704590770413
raw_mean,vial,underexposed,all,26,0.7824544122590741
raw_mean,vial,underexposed,large_gt_1pct,7,0.4917043920077
raw_mean,vial,underexposed,small_0.1_to_1pct,11,0.913930160857537
raw_mean,vial,underexposed,tiny_le_0.1pct,8,0.8560815256561627
raw_mean,wallplugs,overexposed,all,15,0.616316780448011
raw_mean,wallplugs,overexposed,large_gt_1pct,2,0.9075983119546296
raw_mean,wallplugs,overexposed,small_0.1_to_1pct,3,0.3971559810396775
raw_mean,wallplugs,overexposed,tiny_le_0.1pct,10,0.6238087139691793
raw_mean,wallplugs,regular,all,15,0.6122389731112805
raw_mean,wallplugs,regular,large_gt_1pct,2,0.9060503999001965
raw_mean,wallplugs,regular,small_0.1_to_1pct,3,0.38988924998231006
raw_mean,wallplugs,regular,tiny_le_0.1pct,10,0.6201816046921786
raw_mean,wallplugs,shift_1,all,15,0.6397340087727729
raw_mean,wallplugs,shift_1,large_gt_1pct,2,0.9045300567516112
raw_mean,wallplugs,shift_1,small_0.1_to_1pct,3,0.4669460032548454
raw_mean,wallplugs,shift_1,tiny_le_0.1pct,10,0.6386112008323974
raw_mean,wallplugs,shift_2,all,15,0.47948752660738403
raw_mean,wallplugs,shift_2,large_gt_1pct,2,0.6948411569012797
raw_mean,wallplugs,shift_2,small_0.1_to_1pct,3,0.22226790603385413
raw_mean,wallplugs,shift_2,tiny_le_0.1pct,10,0.5135826867206701
raw_mean,wallplugs,shift_3,all,15,0.5688357211393583
raw_mean,wallplugs,shift_3,large_gt_1pct,2,0.8202336235920423
raw_mean,wallplugs,shift_3,small_0.1_to_1pct,3,0.375822019380061
raw_mean,wallplugs,shift_3,tiny_le_0.1pct,10,0.5764602511766099
raw_mean,wallplugs,underexposed,all,15,0.6123423892213303
raw_mean,wallplugs,underexposed,large_gt_1pct,2,0.9034530158872354
raw_mean,wallplugs,underexposed,small_0.1_to_1pct,3,0.39472814352362706
raw_mean,wallplugs,underexposed,tiny_le_0.1pct,10,0.6194045375974494
raw_mean,walnuts,overexposed,all,44,0.7390086494010379
raw_mean,walnuts,overexposed,large_gt_1pct,10,0.7807519247615596
raw_mean,walnuts,overexposed,small_0.1_to_1pct,14,0.8040486869359146
raw_mean,walnuts,overexposed,tiny_le_0.1pct,20,0.6726089854463801
raw_mean,walnuts,regular,all,44,0.7400885346256394
raw_mean,walnuts,regular,large_gt_1pct,10,0.7829478935597276
raw_mean,walnuts,regular,small_0.1_to_1pct,14,0.801793979002802
raw_mean,walnuts,regular,tiny_le_0.1pct,20,0.6754650440945934
raw_mean,walnuts,shift_1,all,44,0.5694309359249706
raw_mean,walnuts,shift_1,large_gt_1pct,10,0.6882426752948024
raw_mean,walnuts,shift_1,small_0.1_to_1pct,14,0.6126289610120746
raw_mean,walnuts,shift_1,tiny_le_0.1pct,20,0.4797864486790796
raw_mean,walnuts,shift_2,all,44,0.7481708817719024
raw_mean,walnuts,shift_2,large_gt_1pct,10,0.7765936096582234
raw_mean,walnuts,shift_2,small_0.1_to_1pct,14,0.7998840614481221
raw_mean,walnuts,shift_2,tiny_le_0.1pct,20,0.6977602920553969
raw_mean,walnuts,shift_3,all,44,0.6072875110470927
raw_mean,walnuts,shift_3,large_gt_1pct,10,0.6991141928733721
raw_mean,walnuts,shift_3,small_0.1_to_1pct,14,0.6472125141752255
raw_mean,walnuts,shift_3,tiny_le_0.1pct,20,0.5334266679442599
raw_mean,walnuts,underexposed,all,44,0.7430660165154629
raw_mean,walnuts,underexposed,large_gt_1pct,10,0.7856897865708506
raw_mean,walnuts,underexposed,small_0.1_to_1pct,14,0.7994094338468735
raw_mean,walnuts,underexposed,tiny_le_0.1pct,20,0.6823137393557922
tail_geomean,can,overexposed,all,16,0.14444776928915387
tail_geomean,can,overexposed,large_gt_1pct,0,nan
tail_geomean,can,overexposed,small_0.1_to_1pct,0,nan
tail_geomean,can,overexposed,tiny_le_0.1pct,16,0.14444776928915387
tail_geomean,can,regular,all,16,0.14474535917403367
tail_geomean,can,regular,large_gt_1pct,0,nan
tail_geomean,can,regular,small_0.1_to_1pct,0,nan
tail_geomean,can,regular,tiny_le_0.1pct,16,0.14474535917403367
tail_geomean,can,shift_1,all,16,0.14677347672538194
tail_geomean,can,shift_1,large_gt_1pct,0,nan
tail_geomean,can,shift_1,small_0.1_to_1pct,0,nan
tail_geomean,can,shift_1,tiny_le_0.1pct,16,0.14677347672538194
tail_geomean,can,shift_2,all,16,0.11067399279952553
tail_geomean,can,shift_2,large_gt_1pct,0,nan
tail_geomean,can,shift_2,small_0.1_to_1pct,0,nan
tail_geomean,can,shift_2,tiny_le_0.1pct,16,0.11067399279952553
tail_geomean,can,shift_3,all,16,0.1119314540804425
tail_geomean,can,shift_3,large_gt_1pct,0,nan
tail_geomean,can,shift_3,small_0.1_to_1pct,0,nan
tail_geomean,can,shift_3,tiny_le_0.1pct,16,0.1119314540804425
tail_geomean,can,underexposed,all,16,0.14092919939499537
tail_geomean,can,underexposed,large_gt_1pct,0,nan
tail_geomean,can,underexposed,small_0.1_to_1pct,0,nan
tail_geomean,can,underexposed,tiny_le_0.1pct,16,0.14092919939499537
tail_geomean,fabric,overexposed,all,32,0.3591347315003309
tail_geomean,fabric,overexposed,large_gt_1pct,1,0.4102083515810474
tail_geomean,fabric,overexposed,small_0.1_to_1pct,1,0.9980115061256885
tail_geomean,fabric,overexposed,tiny_le_0.1pct,30,0.3361363850101205
tail_geomean,fabric,regular,all,32,0.3556599241519776
tail_geomean,fabric,regular,large_gt_1pct,1,0.4074348505836183
tail_geomean,fabric,regular,small_0.1_to_1pct,1,0.9979447804196558
tail_geomean,fabric,regular,tiny_le_0.1pct,30,0.332524598061988
tail_geomean,fabric,shift_1,all,32,0.374397499147965
tail_geomean,fabric,shift_1,large_gt_1pct,1,0.4134971971564985
tail_geomean,fabric,shift_1,small_0.1_to_1pct,1,0.9991696761339944
tail_geomean,fabric,shift_1,tiny_le_0.1pct,30,0.3522684366481311
tail_geomean,fabric,shift_2,all,32,0.47828143784085814
tail_geomean,fabric,shift_2,large_gt_1pct,1,0.4254103775769291
tail_geomean,fabric,shift_2,small_0.1_to_1pct,1,0.9985911153844608
tail_geomean,fabric,shift_2,tiny_le_0.1pct,30,0.4627001505982132
tail_geomean,fabric,shift_3,all,32,0.482295181659395
tail_geomean,fabric,shift_3,large_gt_1pct,1,0.4318418106723796
tail_geomean,fabric,shift_3,small_0.1_to_1pct,1,0.9988868828220351
tail_geomean,fabric,shift_3,tiny_le_0.1pct,30,0.4667572373202074
tail_geomean,fabric,underexposed,all,32,0.3553597449456176
tail_geomean,fabric,underexposed,large_gt_1pct,1,0.4054755314086134
tail_geomean,fabric,underexposed,small_0.1_to_1pct,1,0.9979737990001339
tail_geomean,fabric,underexposed,tiny_le_0.1pct,30,0.33226875026169284
tail_geomean,fruit_jelly,overexposed,all,57,0.5575303909025539
tail_geomean,fruit_jelly,overexposed,large_gt_1pct,7,0.5121154629272543
tail_geomean,fruit_jelly,overexposed,small_0.1_to_1pct,10,0.7740358046833499
tail_geomean,fruit_jelly,overexposed,tiny_le_0.1pct,40,0.5113516498530257
tail_geomean,fruit_jelly,regular,all,57,0.5641569336714266
tail_geomean,fruit_jelly,regular,large_gt_1pct,7,0.5102707898554985
tail_geomean,fruit_jelly,regular,small_0.1_to_1pct,10,0.7821983206657903
tail_geomean,fruit_jelly,regular,tiny_le_0.1pct,40,0.519076662090623
tail_geomean,fruit_jelly,shift_1,all,57,0.5552485497000473
tail_geomean,fruit_jelly,shift_1,large_gt_1pct,7,0.5051589712448554
tail_geomean,fruit_jelly,shift_1,small_0.1_to_1pct,10,0.7745210168759156
tail_geomean,fruit_jelly,shift_1,tiny_le_0.1pct,40,0.5091961091357398
tail_geomean,fruit_jelly,underexposed,all,57,0.5646261620221386
tail_geomean,fruit_jelly,underexposed,large_gt_1pct,7,0.5068004043583233
tail_geomean,fruit_jelly,underexposed,small_0.1_to_1pct,10,0.7859633834884941
tail_geomean,fruit_jelly,underexposed,tiny_le_0.1pct,40,0.5194113642467131
tail_geomean,rice,overexposed,all,20,0.7306385377147534
tail_geomean,rice,overexposed,large_gt_1pct,1,0.9922782934724185
tail_geomean,rice,overexposed,small_0.1_to_1pct,10,0.8743077688481973
tail_geomean,rice,overexposed,tiny_le_0.1pct,9,0.5419349747045866
tail_geomean,rice,regular,all,20,0.7141882497249543
tail_geomean,rice,regular,large_gt_1pct,1,0.9926573977503389
tail_geomean,rice,regular,small_0.1_to_1pct,10,0.8465419222987488
tail_geomean,rice,regular,tiny_le_0.1pct,9,0.5361875970846245
tail_geomean,rice,shift_1,all,20,0.7004011648100539
tail_geomean,rice,shift_1,large_gt_1pct,1,0.9879910726300006
tail_geomean,rice,shift_1,small_0.1_to_1pct,10,0.8109596174602027
tail_geomean,rice,shift_1,tiny_le_0.1pct,9,0.5456040054410392
tail_geomean,rice,shift_2,all,20,0.7357314526783391
tail_geomean,rice,shift_2,large_gt_1pct,1,0.9964164633486678
tail_geomean,rice,shift_2,small_0.1_to_1pct,10,0.8587595610808437
tail_geomean,rice,shift_2,tiny_le_0.1pct,9,0.5700685532679034
tail_geomean,rice,shift_3,all,20,0.7284705977059732
tail_geomean,rice,shift_3,large_gt_1pct,1,0.996262616555123
tail_geomean,rice,shift_3,small_0.1_to_1pct,10,0.8531331254447561
tail_geomean,rice,shift_3,tiny_le_0.1pct,9,0.5602020092352804
tail_geomean,rice,underexposed,all,20,0.7118931557159965
tail_geomean,rice,underexposed,large_gt_1pct,1,0.992935096304959
tail_geomean,rice,underexposed,small_0.1_to_1pct,10,0.8547884025744974
tail_geomean,rice,underexposed,tiny_le_0.1pct,9,0.5218937769189145
tail_geomean,sheet_metal,overexposed,all,75,0.6178597977284078
tail_geomean,sheet_metal,overexposed,large_gt_1pct,2,0.5703676060019474
tail_geomean,sheet_metal,overexposed,small_0.1_to_1pct,4,0.8862906853655763
tail_geomean,sheet_metal,overexposed,tiny_le_0.1pct,69,0.6036751721183387
tail_geomean,sheet_metal,regular,all,75,0.6017133573747183
tail_geomean,sheet_metal,regular,large_gt_1pct,2,0.5684485643995456
tail_geomean,sheet_metal,regular,small_0.1_to_1pct,4,0.895733402305513
tail_geomean,sheet_metal,regular,tiny_le_0.1pct,69,0.5856329139867203
tail_geomean,sheet_metal,shift_1,all,75,0.6750612511612384
tail_geomean,sheet_metal,shift_1,large_gt_1pct,2,0.5664699630226532
tail_geomean,sheet_metal,shift_1,small_0.1_to_1pct,4,0.9687188759874502
tail_geomean,sheet_metal,shift_1,tiny_le_0.1pct,69,0.6611851943057665
tail_geomean,sheet_metal,shift_2,all,75,0.6823275629494431
tail_geomean,sheet_metal,shift_2,large_gt_1pct,2,0.5665275951080755
tail_geomean,sheet_metal,shift_2,small_0.1_to_1pct,4,0.9642793850586718
tail_geomean,sheet_metal,shift_2,tiny_le_0.1pct,69,0.6693390505906963
tail_geomean,sheet_metal,shift_3,all,75,0.6615186100061673
tail_geomean,sheet_metal,shift_3,large_gt_1pct,2,0.5686235334614498
tail_geomean,sheet_metal,shift_3,small_0.1_to_1pct,4,0.9722138425733713
tail_geomean,sheet_metal,shift_3,tiny_le_0.1pct,69,0.6461999030905311
tail_geomean,sheet_metal,underexposed,all,75,0.5884843367777763
tail_geomean,sheet_metal,underexposed,large_gt_1pct,2,0.5629663635642992
tail_geomean,sheet_metal,underexposed,small_0.1_to_1pct,4,0.9118673312896537
tail_geomean,sheet_metal,underexposed,tiny_le_0.1pct,69,0.5704771479137292
tail_geomean,vial,overexposed,all,25,0.792201053546855
tail_geomean,vial,overexposed,large_gt_1pct,7,0.48132707812605713
tail_geomean,vial,overexposed,small_0.1_to_1pct,11,0.9099655888859393
tail_geomean,vial,overexposed,tiny_le_0.1pct,7,0.9180164734348054
tail_geomean,vial,regular,all,24,0.7931567996303246
tail_geomean,vial,regular,large_gt_1pct,7,0.48512726855581034
tail_geomean,vial,regular,small_0.1_to_1pct,11,0.9095108406635641
tail_geomean,vial,regular,tiny_le_0.1pct,6,0.9392088439896591
tail_geomean,vial,shift_1,all,25,0.7495963060801666
tail_geomean,vial,shift_1,large_gt_1pct,7,0.4880232949225515
tail_geomean,vial,shift_1,small_0.1_to_1pct,11,0.852792880013022
tail_geomean,vial,shift_1,tiny_le_0.1pct,7,0.8490032724861576
tail_geomean,vial,shift_2,all,25,0.7948214165148796
tail_geomean,vial,shift_2,large_gt_1pct,7,0.4877125893941087
tail_geomean,vial,shift_2,small_0.1_to_1pct,11,0.9076649375332976
tail_geomean,vial,shift_2,tiny_le_0.1pct,7,0.9246047106067186
tail_geomean,vial,shift_3,all,25,0.7773535354288319
tail_geomean,vial,shift_3,large_gt_1pct,7,0.4851744256365402
tail_geomean,vial,shift_3,small_0.1_to_1pct,11,0.8908015324960435
tail_geomean,vial,shift_3,tiny_le_0.1pct,7,0.891257221258366
tail_geomean,vial,shift_4,all,25,0.7375340281525914
tail_geomean,vial,shift_4,large_gt_1pct,7,0.48758509090506846
tail_geomean,vial,shift_4,small_0.1_to_1pct,11,0.8407720827066245
tail_geomean,vial,shift_4,tiny_le_0.1pct,7,0.8252517368152246
tail_geomean,vial,underexposed,all,26,0.7593115440527631
tail_geomean,vial,underexposed,large_gt_1pct,7,0.48977542619283704
tail_geomean,vial,underexposed,small_0.1_to_1pct,11,0.9097280442697372
tail_geomean,vial,underexposed,tiny_le_0.1pct,8,0.7883329593818605
tail_geomean,wallplugs,overexposed,all,15,0.5499209170123989
tail_geomean,wallplugs,overexposed,large_gt_1pct,2,0.9077912759260521
tail_geomean,wallplugs,overexposed,small_0.1_to_1pct,3,0.40097992040805064
tail_geomean,wallplugs,overexposed,tiny_le_0.1pct,10,0.5230291442110052
tail_geomean,wallplugs,regular,all,15,0.5396192168226169
tail_geomean,wallplugs,regular,large_gt_1pct,2,0.9057740412271659
tail_geomean,wallplugs,regular,small_0.1_to_1pct,3,0.3948077377879112
tail_geomean,wallplugs,regular,tiny_le_0.1pct,10,0.5098316956521517
tail_geomean,wallplugs,shift_1,all,15,0.6398213586764436
tail_geomean,wallplugs,shift_1,large_gt_1pct,2,0.9096452390589321
tail_geomean,wallplugs,shift_1,small_0.1_to_1pct,3,0.47454164042646674
tail_geomean,wallplugs,shift_1,tiny_le_0.1pct,10,0.6354404980749515
tail_geomean,wallplugs,shift_2,all,15,0.48652754320376385
tail_geomean,wallplugs,shift_2,large_gt_1pct,2,0.6995578159584854
tail_geomean,wallplugs,shift_2,small_0.1_to_1pct,3,0.2261227801944402
tail_geomean,wallplugs,shift_2,tiny_le_0.1pct,10,0.5220429175556196
tail_geomean,wallplugs,shift_3,all,15,0.5634895608099234
tail_geomean,wallplugs,shift_3,large_gt_1pct,2,0.8286398734202834
tail_geomean,wallplugs,shift_3,small_0.1_to_1pct,3,0.3822068408619106
tail_geomean,wallplugs,shift_3,tiny_le_0.1pct,10,0.5648443142722662
tail_geomean,wallplugs,underexposed,all,15,0.5312929393254864
tail_geomean,wallplugs,underexposed,large_gt_1pct,2,0.9024095287000812
tail_geomean,wallplugs,underexposed,small_0.1_to_1pct,3,0.39892196206627556
tail_geomean,wallplugs,underexposed,tiny_le_0.1pct,10,0.49678091462836416
tail_geomean,walnuts,overexposed,all,44,0.7384970629263322
tail_geomean,walnuts,overexposed,large_gt_1pct,10,0.7786961221279185
tail_geomean,walnuts,overexposed,small_0.1_to_1pct,14,0.8004035784606565
tail_geomean,walnuts,overexposed,tiny_le_0.1pct,20,0.6750629724515207
tail_geomean,walnuts,regular,all,44,0.7393432177842494
tail_geomean,walnuts,regular,large_gt_1pct,10,0.7809134902133822
tail_geomean,walnuts,regular,small_0.1_to_1pct,14,0.7982438396839395
tail_geomean,walnuts,regular,tiny_le_0.1pct,20,0.6773276462399195
tail_geomean,walnuts,shift_1,all,44,0.5762660867379812
tail_geomean,walnuts,shift_1,large_gt_1pct,10,0.6909468678278131
tail_geomean,walnuts,shift_1,small_0.1_to_1pct,14,0.617854442580517
tail_geomean,walnuts,shift_1,tiny_le_0.1pct,20,0.48981384710328674
tail_geomean,walnuts,shift_2,all,44,0.7474271528136103
tail_geomean,walnuts,shift_2,large_gt_1pct,10,0.7760264025515096
tail_geomean,walnuts,shift_2,small_0.1_to_1pct,14,0.7966927911923867
tail_geomean,walnuts,shift_2,tiny_le_0.1pct,20,0.6986415810795343
tail_geomean,walnuts,shift_3,all,44,0.612128219099608
tail_geomean,walnuts,shift_3,large_gt_1pct,10,0.7012659475938633
tail_geomean,walnuts,shift_3,small_0.1_to_1pct,14,0.6507916445351608
tail_geomean,walnuts,shift_3,tiny_le_0.1pct,20,0.5404949570475931
tail_geomean,walnuts,underexposed,all,44,0.742521526785436
tail_geomean,walnuts,underexposed,large_gt_1pct,10,0.7835036576723733
tail_geomean,walnuts,underexposed,small_0.1_to_1pct,14,0.7955499141900754
tail_geomean,walnuts,underexposed,tiny_le_0.1pct,20,0.6849105901587467
tail_mean,can,overexposed,all,16,0.14066812931487935
tail_mean,can,overexposed,large_gt_1pct,0,nan
tail_mean,can,overexposed,small_0.1_to_1pct,0,nan
tail_mean,can,overexposed,tiny_le_0.1pct,16,0.14066812931487935
tail_mean,can,regular,all,16,0.1408171544999618
tail_mean,can,regular,large_gt_1pct,0,nan
tail_mean,can,regular,small_0.1_to_1pct,0,nan
tail_mean,can,regular,tiny_le_0.1pct,16,0.1408171544999618
tail_mean,can,shift_1,all,16,0.158542089935463
tail_mean,can,shift_1,large_gt_1pct,0,nan
tail_mean,can,shift_1,small_0.1_to_1pct,0,nan
tail_mean,can,shift_1,tiny_le_0.1pct,16,0.158542089935463
tail_mean,can,shift_2,all,16,0.10672472283457385
tail_mean,can,shift_2,large_gt_1pct,0,nan
tail_mean,can,shift_2,small_0.1_to_1pct,0,nan
tail_mean,can,shift_2,tiny_le_0.1pct,16,0.10672472283457385
tail_mean,can,shift_3,all,16,0.11313980001956589
tail_mean,can,shift_3,large_gt_1pct,0,nan
tail_mean,can,shift_3,small_0.1_to_1pct,0,nan
tail_mean,can,shift_3,tiny_le_0.1pct,16,0.11313980001956589
tail_mean,can,underexposed,all,16,0.13777590666449563
tail_mean,can,underexposed,large_gt_1pct,0,nan
tail_mean,can,underexposed,small_0.1_to_1pct,0,nan
tail_mean,can,underexposed,tiny_le_0.1pct,16,0.13777590666449563
tail_mean,fabric,overexposed,all,32,0.474211887470799
tail_mean,fabric,overexposed,large_gt_1pct,1,0.5043476754227512
tail_mean,fabric,overexposed,small_0.1_to_1pct,1,0.9977949886839741
tail_mean,fabric,overexposed,tiny_le_0.1pct,30,0.4557545911652883
tail_mean,fabric,regular,all,32,0.4644877125306027
tail_mean,fabric,regular,large_gt_1pct,1,0.5043911027436551
tail_mean,fabric,regular,small_0.1_to_1pct,1,0.9977218133853196
tail_mean,fabric,regular,tiny_le_0.1pct,30,0.445383129495001
tail_mean,fabric,shift_1,all,32,0.48131599856132007
tail_mean,fabric,shift_1,large_gt_1pct,1,0.5075528363444273
tail_mean,fabric,shift_1,small_0.1_to_1pct,1,0.9990020600424361
tail_mean,fabric,shift_1,tiny_le_0.1pct,30,0.4631852352525038
tail_mean,fabric,shift_2,all,32,0.5574339835286205
tail_mean,fabric,shift_2,large_gt_1pct,1,0.47903222292198067
tail_mean,fabric,shift_2,small_0.1_to_1pct,1,0.9984950722289998
tail_mean,fabric,shift_2,tiny_le_0.1pct,30,0.5453453392588422
tail_mean,fabric,shift_3,all,32,0.5792955276933849
tail_mean,fabric,shift_3,large_gt_1pct,1,0.4908030756098279
tail_mean,fabric,shift_3,small_0.1_to_1pct,1,0.9987980030476782
tail_mean,fabric,shift_3,tiny_le_0.1pct,30,0.5682618602510303
tail_mean,fabric,underexposed,all,32,0.45027295209514495
tail_mean,fabric,underexposed,large_gt_1pct,1,0.5035605537820061
tail_mean,fabric,underexposed,small_0.1_to_1pct,1,0.997744740622342
tail_mean,fabric,underexposed,tiny_le_0.1pct,30,0.4302476390880024
tail_mean,fruit_jelly,overexposed,all,57,0.5597331857771445
tail_mean,fruit_jelly,overexposed,large_gt_1pct,7,0.509642533918828
tail_mean,fruit_jelly,overexposed,small_0.1_to_1pct,10,0.771340268417473
tail_mean,fruit_jelly,overexposed,tiny_le_0.1pct,40,0.515597279192267
tail_mean,fruit_jelly,regular,all,57,0.5672632130773749
tail_mean,fruit_jelly,regular,large_gt_1pct,7,0.5090605880759459
tail_mean,fruit_jelly,regular,small_0.1_to_1pct,10,0.7807238094523711
tail_mean,fruit_jelly,regular,tiny_le_0.1pct,40,0.5240835233588739
tail_mean,fruit_jelly,shift_1,all,57,0.5563379931115252
tail_mean,fruit_jelly,shift_1,large_gt_1pct,7,0.5056479271186975
tail_mean,fruit_jelly,shift_1,small_0.1_to_1pct,10,0.7730300768752779
tail_mean,fruit_jelly,shift_1,tiny_le_0.1pct,40,0.511035733719329
tail_mean,fruit_jelly,underexposed,all,57,0.5653146266319937
tail_mean,fruit_jelly,underexposed,large_gt_1pct,7,0.5050744596029085
tail_mean,fruit_jelly,underexposed,small_0.1_to_1pct,10,0.7833523541968318
tail_mean,fruit_jelly,underexposed,tiny_le_0.1pct,40,0.5213472239708733
tail_mean,rice,overexposed,all,20,0.7540523514299143
tail_mean,rice,overexposed,large_gt_1pct,1,0.9963500720867502
tail_mean,rice,overexposed,small_0.1_to_1pct,10,0.88830919140531
tail_mean,rice,overexposed,tiny_le_0.1pct,9,0.5779561158287351
tail_mean,rice,regular,all,20,0.7428434314996146
tail_mean,rice,regular,large_gt_1pct,1,0.9965212790299713
tail_mean,rice,regular,small_0.1_to_1pct,10,0.8634762131346816
tail_mean,rice,regular,tiny_le_0.1pct,9,0.58062057995729
tail_mean,rice,shift_1,all,20,0.7105555404464875
tail_mean,rice,shift_1,large_gt_1pct,1,0.9946427902301292
tail_mean,rice,shift_1,small_0.1_to_1pct,10,0.821836698910152
tail_mean,rice,shift_1,tiny_le_0.1pct,9,0.5553445588442585
tail_mean,rice,shift_2,all,20,0.7584932366404812
tail_mean,rice,shift_2,large_gt_1pct,1,0.9965445528042077
tail_mean,rice,shift_2,small_0.1_to_1pct,10,0.8704093119357393
tail_mean,rice,shift_2,tiny_le_0.1pct,9,0.6076918956276622
tail_mean,rice,shift_3,all,20,0.7498657667278144
tail_mean,rice,shift_3,large_gt_1pct,1,0.9962287768038322
tail_mean,rice,shift_3,small_0.1_to_1pct,10,0.8537410123565403
tail_mean,rice,shift_3,tiny_le_0.1pct,9,0.6070751593541418
tail_mean,rice,underexposed,all,20,0.7391068723321249
tail_mean,rice,underexposed,large_gt_1pct,1,0.996358063867094
tail_mean,rice,underexposed,small_0.1_to_1pct,10,0.8668138501595902
tail_mean,rice,underexposed,tiny_le_0.1pct,9,0.5686267645755078
tail_mean,sheet_metal,overexposed,all,75,0.6944800475153875
tail_mean,sheet_metal,overexposed,large_gt_1pct,2,0.5970417587990986
tail_mean,sheet_metal,overexposed,small_0.1_to_1pct,4,0.9239239046396641
tail_mean,sheet_metal,overexposed,tiny_le_0.1pct,69,0.6840032525724316
tail_mean,sheet_metal,regular,all,75,0.6892264651104137
tail_mean,sheet_metal,regular,large_gt_1pct,2,0.5982521160053671
tail_mean,sheet_metal,regular,small_0.1_to_1pct,4,0.9335460777825214
tail_mean,sheet_metal,regular,tiny_le_0.1pct,69,0.6776999469585672
tail_mean,sheet_metal,shift_1,all,75,0.7253618135648379
tail_mean,sheet_metal,shift_1,large_gt_1pct,2,0.6113225930349337
tail_mean,sheet_metal,shift_1,small_0.1_to_1pct,4,0.976140519856207
tail_mean,sheet_metal,shift_1,tiny_le_0.1pct,69,0.7141294022009897
tail_mean,sheet_metal,shift_2,all,75,0.7241772965914502
tail_mean,sheet_metal,shift_2,large_gt_1pct,2,0.605319677461769
tail_mean,sheet_metal,shift_2,small_0.1_to_1pct,4,0.9709847877736499
tail_mean,sheet_metal,shift_2,tiny_le_0.1pct,69,0.7133147643237772
tail_mean,sheet_metal,shift_3,all,75,0.7209286967186498
tail_mean,sheet_metal,shift_3,large_gt_1pct,2,0.6188043980167428
tail_mean,sheet_metal,shift_3,small_0.1_to_1pct,4,0.9789480170284715
tail_mean,sheet_metal,shift_3,tiny_le_0.1pct,69,0.7089311795616141
tail_mean,sheet_metal,underexposed,all,75,0.6823920555696203
tail_mean,sheet_metal,underexposed,large_gt_1pct,2,0.6037231870416313
tail_mean,sheet_metal,underexposed,small_0.1_to_1pct,4,0.9470570099990638
tail_mean,sheet_metal,underexposed,tiny_le_0.1pct,69,0.6693294167194558
tail_mean,vial,overexposed,all,25,0.7936295456237771
tail_mean,vial,overexposed,large_gt_1pct,7,0.48248158400110874
tail_mean,vial,overexposed,small_0.1_to_1pct,11,0.9121002750814147
tail_mean,vial,overexposed,tiny_le_0.1pct,7,0.9186092180987288
tail_mean,vial,regular,all,24,0.7946735208675278
tail_mean,vial,regular,large_gt_1pct,7,0.485407618249602
tail_mean,vial,regular,small_0.1_to_1pct,11,0.9133167713279353
tail_mean,vial,regular,tiny_le_0.1pct,6,0.9379711147443718
tail_mean,vial,shift_1,all,25,0.7465946838137435
tail_mean,vial,shift_1,large_gt_1pct,7,0.4858237621004853
tail_mean,vial,shift_1,small_0.1_to_1pct,11,0.8525001162836308
tail_mean,vial,shift_1,tiny_le_0.1pct,7,0.8409427830743371
tail_mean,vial,shift_2,all,25,0.796415739205827
tail_mean,vial,shift_2,large_gt_1pct,7,0.48822601036690705
tail_mean,vial,shift_2,small_0.1_to_1pct,11,0.9104502767296446
tail_mean,vial,shift_2,tiny_le_0.1pct,7,0.925408337650189
tail_mean,vial,shift_3,all,25,0.776002303538343
tail_mean,vial,shift_3,large_gt_1pct,7,0.48447929810881785
tail_mean,vial,shift_3,small_0.1_to_1pct,11,0.8897843350145747
tail_mean,vial,shift_3,tiny_le_0.1pct,7,0.8887249737909328
tail_mean,vial,shift_4,all,25,0.7340392831088179
tail_mean,vial,shift_4,large_gt_1pct,7,0.4835523986651645
tail_mean,vial,shift_4,small_0.1_to_1pct,11,0.840672477028895
tail_mean,vial,shift_4,tiny_le_0.1pct,7,0.8169597199637896
tail_mean,vial,underexposed,all,26,0.7796815528435237
tail_mean,vial,underexposed,large_gt_1pct,7,0.488936075607285
tail_mean,vial,underexposed,small_0.1_to_1pct,11,0.9126833196408823
tail_mean,vial,underexposed,tiny_le_0.1pct,8,0.8512064160788688
tail_mean,wallplugs,overexposed,all,15,0.6196910519482899
tail_mean,wallplugs,overexposed,large_gt_1pct,2,0.8991748208093445
tail_mean,wallplugs,overexposed,small_0.1_to_1pct,3,0.39970321442429324
tail_mean,wallplugs,overexposed,tiny_le_0.1pct,10,0.6297906494332756
tail_mean,wallplugs,regular,all,15,0.6166207001265412
tail_mean,wallplugs,regular,large_gt_1pct,2,0.8976802143488802
tail_mean,wallplugs,regular,small_0.1_to_1pct,3,0.3895055421075565
tail_mean,wallplugs,regular,tiny_le_0.1pct,10,0.6285433446877606
tail_mean,wallplugs,shift_1,all,15,0.6411539490883525
tail_mean,wallplugs,shift_1,large_gt_1pct,2,0.9037547362614123
tail_mean,wallplugs,shift_1,small_0.1_to_1pct,3,0.47109844708997073
tail_mean,wallplugs,shift_1,tiny_le_0.1pct,10,0.6396504422532725
tail_mean,wallplugs,shift_2,all,15,0.4800645398239521
tail_mean,wallplugs,shift_2,large_gt_1pct,2,0.6931498189450114
tail_mean,wallplugs,shift_2,small_0.1_to_1pct,3,0.2224949454965583
tail_mean,wallplugs,shift_2,tiny_le_0.1pct,10,0.5147183622979671
tail_mean,wallplugs,shift_3,all,15,0.5710776648397666
tail_mean,wallplugs,shift_3,large_gt_1pct,2,0.8192947246657865
tail_mean,wallplugs,shift_3,small_0.1_to_1pct,3,0.37938860440749295
tail_mean,wallplugs,shift_3,tiny_le_0.1pct,10,0.5789409710042474
tail_mean,wallplugs,underexposed,all,15,0.6193050963503668
tail_mean,wallplugs,underexposed,large_gt_1pct,2,0.8948471266476984
tail_mean,wallplugs,underexposed,small_0.1_to_1pct,3,0.3955650556839431
tail_mean,wallplugs,underexposed,tiny_le_0.1pct,10,0.6313187024908149
tail_mean,walnuts,overexposed,all,44,0.7406364129018412
tail_mean,walnuts,overexposed,large_gt_1pct,10,0.7806982564162582
tail_mean,walnuts,overexposed,small_0.1_to_1pct,14,0.8045571102082708
tail_mean,walnuts,overexposed,tiny_le_0.1pct,20,0.675861003030138
tail_mean,walnuts,regular,all,44,0.7411353875004567
tail_mean,walnuts,regular,large_gt_1pct,10,0.7827791277654128
tail_mean,walnuts,regular,small_0.1_to_1pct,14,0.8021347172713307
tail_mean,walnuts,regular,tiny_le_0.1pct,20,0.677613986528389
tail_mean,walnuts,shift_1,all,44,0.5683870020450935
tail_mean,walnuts,shift_1,large_gt_1pct,10,0.6873445037990613
tail_mean,walnuts,shift_1,small_0.1_to_1pct,14,0.6117153921501818
tail_mean,walnuts,shift_1,tiny_le_0.1pct,20,0.47857837809454007
tail_mean,walnuts,shift_2,all,44,0.7489047287509337
tail_mean,walnuts,shift_2,large_gt_1pct,10,0.7765712576607443
tail_mean,walnuts,shift_2,small_0.1_to_1pct,14,0.8004101949475307
tail_mean,walnuts,shift_2,tiny_le_0.1pct,20,0.6990176379584209
tail_mean,walnuts,shift_3,all,44,0.6063432092978039
tail_mean,walnuts,shift_3,large_gt_1pct,10,0.6982180030896619
tail_mean,walnuts,shift_3,small_0.1_to_1pct,14,0.6462069283861405
tail_mean,walnuts,shift_3,tiny_le_0.1pct,20,0.5325012090400314
tail_mean,walnuts,underexposed,all,44,0.7437614091112851
tail_mean,walnuts,underexposed,large_gt_1pct,10,0.7857088359562762
tail_mean,walnuts,underexposed,small_0.1_to_1pct,14,0.7995033098163115
tail_mean,walnuts,underexposed,tiny_le_0.1pct,20,0.6837683651952758
tiled,can,overexposed,all,16,0.09454853558983584
tiled,can,overexposed,large_gt_1pct,0,nan
tiled,can,overexposed,small_0.1_to_1pct,0,nan
tiled,can,overexposed,tiny_le_0.1pct,16,0.09454853558983584
tiled,can,regular,all,16,0.09670760872920031
tiled,can,regular,large_gt_1pct,0,nan
tiled,can,regular,small_0.1_to_1pct,0,nan
tiled,can,regular,tiny_le_0.1pct,16,0.09670760872920031
tiled,can,shift_1,all,16,0.09338917688137803
tiled,can,shift_1,large_gt_1pct,0,nan
tiled,can,shift_1,small_0.1_to_1pct,0,nan
tiled,can,shift_1,tiny_le_0.1pct,16,0.09338917688137803
tiled,can,shift_2,all,16,0.0838831563655944
tiled,can,shift_2,large_gt_1pct,0,nan
tiled,can,shift_2,small_0.1_to_1pct,0,nan
tiled,can,shift_2,tiny_le_0.1pct,16,0.0838831563655944
tiled,can,shift_3,all,16,0.08079245554757124
tiled,can,shift_3,large_gt_1pct,0,nan
tiled,can,shift_3,small_0.1_to_1pct,0,nan
tiled,can,shift_3,tiny_le_0.1pct,16,0.08079245554757124
tiled,can,underexposed,all,16,0.09973227202831901
tiled,can,underexposed,large_gt_1pct,0,nan
tiled,can,underexposed,small_0.1_to_1pct,0,nan
tiled,can,underexposed,tiny_le_0.1pct,16,0.09973227202831901
tiled,fabric,overexposed,all,32,0.5325006183075895
tiled,fabric,overexposed,large_gt_1pct,1,0.4328420143400624
tiled,fabric,overexposed,small_0.1_to_1pct,1,0.9963908872083358
tiled,fabric,overexposed,tiny_le_0.1pct,30,0.5203595628098215
tiled,fabric,regular,all,32,0.5290316583316973
tiled,fabric,regular,large_gt_1pct,1,0.4287282775990354
tiled,fabric,regular,small_0.1_to_1pct,1,0.9963019015776128
tiled,fabric,regular,tiny_le_0.1pct,30,0.5167994295812642
tiled,fabric,shift_1,all,32,0.5380329223365801
tiled,fabric,shift_1,large_gt_1pct,1,0.4302105163315871
tiled,fabric,shift_1,small_0.1_to_1pct,1,0.9975288665666744
tiled,fabric,shift_1,tiny_le_0.1pct,30,0.5263104710624142
tiled,fabric,shift_2,all,32,0.6019707039354829
tiled,fabric,shift_2,large_gt_1pct,1,0.4298799025074166
tiled,fabric,shift_2,small_0.1_to_1pct,1,0.9974419526086976
tiled,fabric,shift_2,tiny_le_0.1pct,30,0.5945246890273178
tiled,fabric,shift_3,all,32,0.5968027073897688
tiled,fabric,shift_3,large_gt_1pct,1,0.4288032909985815
tiled,fabric,shift_3,small_0.1_to_1pct,1,0.9977206052097781
tiled,fabric,shift_3,tiny_le_0.1pct,30,0.5890387580088154
tiled,fabric,underexposed,all,32,0.507743194247445
tiled,fabric,underexposed,large_gt_1pct,1,0.4298697853858637
tiled,fabric,underexposed,small_0.1_to_1pct,1,0.9961042818843513
tiled,fabric,underexposed,tiny_le_0.1pct,30,0.4940602716216061
tiled,fruit_jelly,overexposed,all,57,0.5689700090203093
tiled,fruit_jelly,overexposed,large_gt_1pct,7,0.4976408863355553
tiled,fruit_jelly,overexposed,small_0.1_to_1pct,10,0.774603701858611
tiled,fruit_jelly,overexposed,tiny_le_0.1pct,40,0.5300441822805599
tiled,fruit_jelly,regular,all,57,0.5767115121338244
tiled,fruit_jelly,regular,large_gt_1pct,7,0.4998040640561322
tiled,fruit_jelly,regular,small_0.1_to_1pct,10,0.7836071185213025
tiled,fruit_jelly,regular,tiny_le_0.1pct,40,0.5384464139505527
tiled,fruit_jelly,shift_1,all,57,0.5626247661519519
tiled,fruit_jelly,shift_1,large_gt_1pct,7,0.49859207703490205
tiled,fruit_jelly,shift_1,small_0.1_to_1pct,10,0.776417110598139
tiled,fruit_jelly,shift_1,tiny_le_0.1pct,40,0.5203824006358931
tiled,fruit_jelly,underexposed,all,57,0.5691172019308782
tiled,fruit_jelly,underexposed,large_gt_1pct,7,0.4914034115621649
tiled,fruit_jelly,underexposed,small_0.1_to_1pct,10,0.7816850014928818
tiled,fruit_jelly,underexposed,tiny_le_0.1pct,40,0.5295751653549063
tiled,rice,overexposed,all,20,0.7591319781958329
tiled,rice,overexposed,large_gt_1pct,1,0.995199044944309
tiled,rice,overexposed,small_0.1_to_1pct,10,0.8724444561417364
tiled,rice,overexposed,tiny_le_0.1pct,9,0.6069995508394807
tiled,rice,regular,all,20,0.7495290125617902
tiled,rice,regular,large_gt_1pct,1,0.9951700666612396
tiled,rice,regular,small_0.1_to_1pct,10,0.8438544036355997
tiled,rice,regular,tiny_le_0.1pct,9,0.6174295720243234
tiled,rice,shift_1,all,20,0.7042881367205879
tiled,rice,shift_1,large_gt_1pct,1,0.9742582829239941
tiled,rice,shift_1,small_0.1_to_1pct,10,0.7795942836875992
tiled,rice,shift_1,tiny_le_0.1pct,9,0.5906179571791091
tiled,rice,shift_2,all,20,0.7400361038564571
tiled,rice,shift_2,large_gt_1pct,1,0.9963877282763123
tiled,rice,shift_2,small_0.1_to_1pct,10,0.8082004830510011
tiled,rice,shift_2,tiny_le_0.1pct,9,0.6358143909270686
tiled,rice,shift_3,all,20,0.7398050474744124
tiled,rice,shift_3,large_gt_1pct,1,0.9960431904712641
tiled,rice,shift_3,small_0.1_to_1pct,10,0.8096577252957001
tiled,rice,shift_3,tiny_le_0.1pct,9,0.6337200562289448
tiled,rice,underexposed,all,20,0.7426376997784264
tiled,rice,underexposed,large_gt_1pct,1,0.9955481140866452
tiled,rice,underexposed,small_0.1_to_1pct,10,0.8401069594473877
tiled,rice,underexposed,tiny_le_0.1pct,9,0.6062373652231343
tiled,sheet_metal,overexposed,all,75,0.6463979510717105
tiled,sheet_metal,overexposed,large_gt_1pct,2,0.6441406732290273
tiled,sheet_metal,overexposed,small_0.1_to_1pct,4,0.9267352231451738
tiled,sheet_metal,overexposed,tiny_le_0.1pct,69,0.6302119433527489
tiled,sheet_metal,regular,all,75,0.6538114393368285
tiled,sheet_metal,regular,large_gt_1pct,2,0.6464194370384568
tiled,sheet_metal,regular,small_0.1_to_1pct,4,0.9369685785330817
tiled,sheet_metal,regular,tiny_le_0.1pct,69,0.6376107936529437
tiled,sheet_metal,shift_1,all,75,0.6609089087595112
tiled,sheet_metal,shift_1,large_gt_1pct,2,0.6674156349663203
tiled,sheet_metal,shift_1,small_0.1_to_1pct,4,0.9356054386929392
tiled,sheet_metal,shift_1,tiny_le_0.1pct,69,0.6447958714820103
tiled,sheet_metal,shift_2,all,75,0.6528393351005453
tiled,sheet_metal,shift_2,large_gt_1pct,2,0.6584019151379981
tiled,sheet_metal,shift_2,small_0.1_to_1pct,4,0.9285906963364859
tiled,sheet_metal,shift_2,tiny_le_0.1pct,69,0.6366925147379511
tiled,sheet_metal,shift_3,all,75,0.6651769220103578
tiled,sheet_metal,shift_3,large_gt_1pct,2,0.6780335798478173
tiled,sheet_metal,shift_3,small_0.1_to_1pct,4,0.9388875642031043
tiled,sheet_metal,shift_3,tiny_le_0.1pct,69,0.6489369816560626
tiled,sheet_metal,underexposed,all,75,0.6620864748905025
tiled,sheet_metal,underexposed,large_gt_1pct,2,0.6531076507021272
tiled,sheet_metal,underexposed,small_0.1_to_1pct,4,0.9479653509255342
tiled,sheet_metal,underexposed,tiny_le_0.1pct,69,0.6457740421982823
tiled,vial,overexposed,all,25,0.7506656039487222
tiled,vial,overexposed,large_gt_1pct,7,0.4480393789142249
tiled,vial,overexposed,small_0.1_to_1pct,11,0.8830079590813129
tiled,vial,overexposed,tiny_le_0.1pct,7,0.8453252709177046
tiled,vial,regular,all,24,0.7553720435722167
tiled,vial,regular,large_gt_1pct,7,0.45002618747403567
tiled,vial,regular,small_0.1_to_1pct,11,0.8809066504627139
tiled,vial,regular,tiny_le_0.1pct,6,0.8814620963875066
tiled,vial,shift_1,all,25,0.6994334708374483
tiled,vial,shift_1,large_gt_1pct,7,0.4479781338085307
tiled,vial,shift_1,small_0.1_to_1pct,11,0.8189403545629389
tiled,vial,shift_1,tiny_le_0.1pct,7,0.7630922762977486
tiled,vial,shift_2,all,25,0.7512989849926374
tiled,vial,shift_2,large_gt_1pct,7,0.45278010828607856
tiled,vial,shift_2,small_0.1_to_1pct,11,0.8819197914006375
tiled,vial,shift_2,tiny_le_0.1pct,7,0.8445565944866313
tiled,vial,shift_3,all,25,0.7354878044165308
tiled,vial,shift_3,large_gt_1pct,7,0.45286651970302694
tiled,vial,shift_3,small_0.1_to_1pct,11,0.8631279644281855
tiled,vial,shift_3,tiny_le_0.1pct,7,0.8175316948259981
tiled,vial,shift_4,all,25,0.6837236986413404
tiled,vial,shift_4,large_gt_1pct,7,0.45083492795337443
tiled,vial,shift_4,small_0.1_to_1pct,11,0.8030770655328175
tiled,vial,shift_4,tiny_le_0.1pct,7,0.7290571784998486
tiled,vial,underexposed,all,26,0.6866238167150185
tiled,vial,underexposed,large_gt_1pct,7,0.4568632515320637
tiled,vial,underexposed,small_0.1_to_1pct,11,0.885505025181309
tiled,vial,underexposed,tiny_le_0.1pct,8,0.614202649608944
tiled,wallplugs,overexposed,all,15,0.6626848130057845
tiled,wallplugs,overexposed,large_gt_1pct,2,0.898111344470558
tiled,wallplugs,overexposed,small_0.1_to_1pct,3,0.40957449124536893
tiled,wallplugs,overexposed,tiny_le_0.1pct,10,0.6915326032409537
tiled,wallplugs,regular,all,15,0.6601270340279844
tiled,wallplugs,regular,large_gt_1pct,2,0.8967573541813965
tiled,wallplugs,regular,small_0.1_to_1pct,3,0.40108956671814455
tiled,wallplugs,regular,tiny_le_0.1pct,10,0.6905122101902551
tiled,wallplugs,shift_1,all,15,0.6311066638023973
tiled,wallplugs,shift_1,large_gt_1pct,2,0.8516584583959854
tiled,wallplugs,shift_1,small_0.1_to_1pct,3,0.43225398924895053
tiled,wallplugs,shift_1,tiny_le_0.1pct,10,0.6466521072497196
tiled,wallplugs,shift_2,all,15,0.4659135276722137
tiled,wallplugs,shift_2,large_gt_1pct,2,0.6147798640034983
tiled,wallplugs,shift_2,small_0.1_to_1pct,3,0.21515053711906726
tiled,wallplugs,shift_2,tiny_le_0.1pct,10,0.5113691575719045
tiled,wallplugs,shift_3,all,15,0.5712585310146648
tiled,wallplugs,shift_3,large_gt_1pct,2,0.7477621089427333
tiled,wallplugs,shift_3,small_0.1_to_1pct,3,0.33805606482234424
tiled,wallplugs,shift_3,tiny_le_0.1pct,10,0.605918555286747
tiled,wallplugs,underexposed,all,15,0.6650825153687997
tiled,wallplugs,underexposed,large_gt_1pct,2,0.8929104542167694
tiled,wallplugs,underexposed,small_0.1_to_1pct,3,0.40941019127788697
tiled,wallplugs,underexposed,tiny_le_0.1pct,10,0.696218624826479
tiled,walnuts,overexposed,all,44,0.7509218332343328
tiled,walnuts,overexposed,large_gt_1pct,10,0.768121355139363
tiled,walnuts,overexposed,small_0.1_to_1pct,14,0.8084307564611589
tiled,walnuts,overexposed,tiny_le_0.1pct,20,0.702065826023038
tiled,walnuts,regular,all,44,0.7479110530812003
tiled,walnuts,regular,large_gt_1pct,10,0.7696863549042612
tiled,walnuts,regular,small_0.1_to_1pct,14,0.8045209775738854
tiled,walnuts,regular,tiny_le_0.1pct,20,0.697396455024803
tiled,walnuts,shift_1,all,44,0.5655152114079828
tiled,walnuts,shift_1,large_gt_1pct,10,0.6521995804795803
tiled,walnuts,shift_1,small_0.1_to_1pct,14,0.6071061995465398
tiled,walnuts,shift_1,tiny_le_0.1pct,20,0.4930593351751792
tiled,walnuts,shift_2,all,44,0.7623672261249448
tiled,walnuts,shift_2,large_gt_1pct,10,0.765547909468832
tiled,walnuts,shift_2,small_0.1_to_1pct,14,0.8027294558138071
tiled,walnuts,shift_2,tiny_le_0.1pct,20,0.7325233236708037
tiled,walnuts,shift_3,all,44,0.6088405462268586
tiled,walnuts,shift_3,large_gt_1pct,10,0.6689030327211071
tiled,walnuts,shift_3,small_0.1_to_1pct,14,0.6433748304306841
tiled,walnuts,shift_3,tiny_le_0.1pct,20,0.5546353040370665
tiled,walnuts,underexposed,all,44,0.7491010642918194
tiled,walnuts,underexposed,large_gt_1pct,10,0.7711342332107466
tiled,walnuts,underexposed,small_0.1_to_1pct,14,0.8013333196331414
tiled,walnuts,underexposed,tiny_le_0.1pct,20,0.7015219010934312
